date,equity,cash,position_value,n_positions
2010-01-04,10000.0,10000.0,0.0,0
2010-01-05,10000.0,10000.0,0.0,0
2010-01-06,10000.0,10000.0,0.0,0
2010-01-07,10000.0,10000.0,0.0,0
2010-01-08,10000.0,10000.0,0.0,0
2010-01-11,10000.0,10000.0,0.0,0
2010-01-12,10000.0,10000.0,0.0,0
2010-01-13,10000.0,10000.0,0.0,0
2010-01-14,10000.0,10000.0,0.0,0
2010-01-15,10000.0,10000.0,0.0,0
2010-01-18,10000.0,10000.0,0.0,0
2010-01-19,10000.0,10000.0,0.0,0
2010-01-20,10000.0,10000.0,0.0,0
2010-01-21,10000.0,10000.0,0.0,0
2010-01-22,10000.0,10000.0,0.0,0
2010-01-25,10000.0,10000.0,0.0,0
2010-01-26,10000.0,10000.0,0.0,0
2010-01-27,10000.0,10000.0,0.0,0
2010-01-28,10000.0,10000.0,0.0,0
2010-01-29,10000.0,10000.0,0.0,0
2010-02-01,10000.0,10000.0,0.0,0
2010-02-02,10000.0,10000.0,0.0,0
2010-02-03,10000.0,10000.0,0.0,0
2010-02-04,10000.0,10000.0,0.0,0
2010-02-05,10000.0,10000.0,0.0,0
2010-02-08,10000.0,10000.0,0.0,0
2010-02-09,10000.0,10000.0,0.0,0
2010-02-10,10000.0,10000.0,0.0,0
2010-02-11,10000.0,10000.0,0.0,0
2010-02-12,10000.0,10000.0,0.0,0
2010-02-22,10000.0,10000.0,0.0,0
2010-02-23,10000.0,10000.0,0.0,0
2010-02-24,10000.0,10000.0,0.0,0
2010-02-25,10000.0,10000.0,0.0,0
2010-02-26,10000.0,10000.0,0.0,0
2010-03-01,10000.0,10000.0,0.0,0
2010-03-02,10000.0,10000.0,0.0,0
2010-03-03,10000.0,10000.0,0.0,0
2010-03-04,10000.0,10000.0,0.0,0
2010-03-05,10000.0,10000.0,0.0,0
2010-03-08,10000.0,10000.0,0.0,0
2010-03-09,10000.0,10000.0,0.0,0
2010-03-10,10000.0,10000.0,0.0,0
2010-03-11,10000.0,10000.0,0.0,0
2010-03-12,10000.0,10000.0,0.0,0
2010-03-15,10000.0,10000.0,0.0,0
2010-03-16,10000.0,10000.0,0.0,0
2010-03-17,10000.0,10000.0,0.0,0
2010-03-18,10000.0,10000.0,0.0,0
2010-03-19,10000.0,10000.0,0.0,0
2010-03-22,10000.0,10000.0,0.0,0
2010-03-23,10000.0,10000.0,0.0,0
2010-03-24,10000.0,10000.0,0.0,0
2010-03-25,10000.0,10000.0,0.0,0
2010-03-26,10000.0,10000.0,0.0,0
2010-03-29,10000.0,10000.0,0.0,0
2010-03-30,10000.0,10000.0,0.0,0
2010-03-31,10000.0,10000.0,0.0,0
2010-04-01,10000.0,10000.0,0.0,0
2010-04-02,10000.0,10000.0,0.0,0
2010-04-06,10000.0,10000.0,0.0,0
2010-04-07,10000.0,10000.0,0.0,0
2010-04-08,10000.0,10000.0,0.0,0
2010-04-09,10000.0,10000.0,0.0,0
2010-04-12,10000.0,10000.0,0.0,0
2010-04-13,10000.0,10000.0,0.0,0
2010-04-14,10000.0,10000.0,0.0,0
2010-04-15,10000.0,10000.0,0.0,0
2010-04-16,10000.0,10000.0,0.0,0
2010-04-19,10000.0,10000.0,0.0,0
2010-04-20,10000.0,10000.0,0.0,0
2010-04-21,10000.0,10000.0,0.0,0
2010-04-22,10000.0,10000.0,0.0,0
2010-04-23,10000.0,10000.0,0.0,0
2010-04-26,10000.0,10000.0,0.0,0
2010-04-27,10000.0,10000.0,0.0,0
2010-04-28,10000.0,10000.0,0.0,0
2010-04-29,10000.0,10000.0,0.0,0
2010-04-30,9998.4838,7471.4838,2527.0,1
2010-05-04,9957.1838,7471.4838,2485.7000000000003,1
2010-05-05,9978.77852,9978.77852,0.0,0
2010-05-06,9977.13692,7241.13692,2736.0,1
2010-05-07,9906.73692,7241.13692,2665.6,1
2010-05-10,9909.16406,7292.2640599999995,2616.9,1
2010-05-11,9855.650239999999,2599.7502399999994,7255.9,3
2010-05-12,9942.224339999999,4706.524339999999,5235.7,2
2010-05-13,10058.81104,10058.81104,0.0,0
2010-05-14,10058.81104,10058.81104,0.0,0
2010-05-17,10058.81104,10058.81104,0.0,0
2010-05-18,10058.81104,10058.81104,0.0,0
2010-05-19,10058.81104,10058.81104,0.0,0
2010-05-20,10053.980559999998,2003.1805599999993,8050.799999999999,3
2010-05-21,10177.373099999999,10177.373099999999,0.0,0
2010-05-24,10177.373099999999,10177.373099999999,0.0,0
2010-05-25,10177.373099999999,10177.373099999999,0.0,0
2010-05-26,10177.373099999999,10177.373099999999,0.0,0
2010-05-27,10177.373099999999,10177.373099999999,0.0,0
2010-05-28,10177.373099999999,10177.373099999999,0.0,0
2010-05-31,10174.057139999999,4647.457139999999,5526.6,2
2010-06-01,10117.243499999999,7335.243499999999,2782.0,1
2010-06-02,10113.06382,4700.863819999999,5412.2,2
2010-06-03,10089.361939999999,2029.4619399999983,8059.900000000001,3
2010-06-04,10112.260899999997,4696.260899999998,5416.0,2
2010-06-07,9986.384919999999,9986.384919999999,0.0,0
2010-06-08,9986.384919999999,9986.384919999999,0.0,0
2010-06-09,9984.88654,7487.586539999998,2497.3,1
2010-06-10,9943.112339999998,9943.112339999998,0.0,0
2010-06-11,9943.112339999998,9943.112339999998,0.0,0
2010-06-17,9943.112339999998,9943.112339999998,0.0,0
2010-06-18,9941.767079999998,7699.667079999997,2242.1,1
2010-06-21,10019.201799999997,2587.801799999998,7431.4,3
2010-06-22,10017.941739999997,7684.841739999997,2333.1,1
2010-06-23,9996.113179999997,5135.713179999997,4860.4,2
2010-06-24,10008.387819999996,10008.387819999996,0.0,0
2010-06-25,10008.387819999996,10008.387819999996,0.0,0
2010-06-28,10003.812699999997,2378.6126999999965,7625.200000000001,3
2010-06-29,9664.865699999997,3071.9656999999966,6592.9,3
2010-06-30,9572.974199999997,3454.5741999999964,6118.4,3
2010-07-01,9503.238169999997,5710.238169999996,3793.0,2
2010-07-02,9525.174009999997,3935.574009999996,5589.6,3
2010-07-05,9480.797409999996,5895.397409999996,3585.3999999999996,2
2010-07-06,9549.404769999996,5936.804769999996,3612.6,2
2010-07-07,9571.222809999996,9571.222809999996,0.0,0
2010-07-08,9571.222809999996,9571.222809999996,0.0,0
2010-07-09,9571.222809999996,9571.222809999996,0.0,0
2010-07-12,9571.222809999996,9571.222809999996,0.0,0
2010-07-13,9571.222809999996,9571.222809999996,0.0,0
2010-07-14,9571.222809999996,9571.222809999996,0.0,0
2010-07-15,9570.106209999994,7709.106209999995,1861.0,1
2010-07-16,9564.885009999996,4004.885009999996,5560.0,3
2010-07-19,9707.186459999995,3607.3864599999956,6099.799999999999,3
2010-07-20,9831.915409999996,3064.8154099999956,6767.1,3
2010-07-21,9825.015409999996,3064.8154099999956,6760.200000000001,3
2010-07-22,9907.007629999996,9907.007629999996,0.0,0
2010-07-23,9907.007629999996,9907.007629999996,0.0,0
2010-07-26,9905.594569999997,7550.494569999997,2355.1,1
2010-07-27,9893.955189999997,2815.3551899999975,7078.6,3
2010-07-28,10081.945089999997,2394.7450899999976,7687.2,3
2010-07-29,10110.645089999998,2394.7450899999976,7715.9,3
2010-07-30,10082.245089999997,2394.7450899999976,7687.5,3
2010-08-02,10224.653039999997,1609.9530399999974,8614.7,3
2010-08-03,10053.343539999998,1828.7435399999974,8224.6,3
2010-08-04,10109.143539999997,1828.7435399999974,8280.4,3
2010-08-05,9992.744389999998,2026.8443899999975,7965.900000000001,3
2010-08-06,10130.644389999998,2026.8443899999975,8103.799999999999,3
2010-08-09,10150.04439,2026.8443899999975,8123.200000000001,3
2010-08-10,9927.97109,2373.1710899999975,7554.800000000001,3
2010-08-11,9955.47109,2373.1710899999975,7582.300000000001,3
2010-08-12,9863.867689999997,2779.5676899999976,7084.3,3
2010-08-13,9957.867689999997,2779.5676899999976,7178.3,3
2010-08-16,10129.757639999998,2359.0576399999977,7770.700000000001,3
2010-08-17,10164.943159999999,7546.743159999998,2618.2,1
2010-08-18,10151.679259999997,10151.679259999997,0.0,0
2010-08-19,10151.679259999997,10151.679259999997,0.0,0
2010-08-20,10150.112539999998,7538.9125399999975,2611.2000000000003,1
2010-08-23,10121.853979999996,2438.253979999998,7683.5999999999985,3
2010-08-24,10154.654479999997,2239.054479999998,7915.6,3
2010-08-25,9979.85703,2433.757029999998,7546.1,3
2010-08-26,9990.957029999998,2433.757029999998,7557.2,3
2010-08-27,10009.408909999996,10009.408909999996,0.0,0
2010-08-30,10009.408909999996,10009.408909999996,0.0,0
2010-08-31,10009.408909999996,10009.408909999996,0.0,0
2010-09-01,10009.408909999996,10009.408909999996,0.0,0
2010-09-02,10009.408909999996,10009.408909999996,0.0,0
2010-09-03,10009.408909999996,10009.408909999996,0.0,0
2010-09-06,10005.161149999996,2925.561149999997,7079.6,3
2010-09-07,10003.611769999996,10003.611769999996,0.0,0
2010-09-08,10003.611769999996,10003.611769999996,0.0,0
2010-09-09,10002.271489999996,7768.471489999996,2233.7999999999997,1
2010-09-10,10019.671489999997,7768.471489999996,2251.2,1
2010-09-13,10050.787729999996,2625.7877299999964,7425.0,3
2010-09-14,10044.187729999996,2625.7877299999964,7418.4,3
2010-09-15,9921.787789999997,5124.187789999996,4797.6,2
2010-09-16,9814.088749999995,7621.088749999995,2193.0,1
2010-09-17,9821.888749999995,7621.088749999995,2200.8,1
2010-09-20,9809.288749999996,7621.088749999995,2188.2,1
2010-09-21,9813.488749999995,7621.088749999995,2192.4,1
2010-09-27,9862.543069999996,9862.543069999996,0.0,0
2010-09-28,9862.543069999996,9862.543069999996,0.0,0
2010-09-29,9862.543069999996,9862.543069999996,0.0,0
2010-09-30,9862.543069999996,9862.543069999996,0.0,0
2010-10-08,9862.543069999996,9862.543069999996,0.0,0
2010-10-11,9862.543069999996,9862.543069999996,0.0,0
2010-10-12,9862.543069999996,9862.543069999996,0.0,0
2010-10-13,9862.543069999996,9862.543069999996,0.0,0
2010-10-14,9862.543069999996,9862.543069999996,0.0,0
2010-10-15,9858.640069999996,3353.640069999996,6505.0,3
2010-10-18,9817.140069999996,3353.640069999996,6463.5,3
2010-10-19,9945.819769999996,5552.819769999996,4393.0,2
2010-10-20,9958.349769999997,3101.3497699999966,6857.0,3
2010-10-21,9906.349769999997,3101.3497699999966,6805.0,3
2010-10-22,9886.069369999997,5234.0693699999965,4652.0,2
2010-10-25,10009.069369999997,5234.0693699999965,4775.0,2
2010-10-26,9959.069369999997,5234.0693699999965,4725.0,2
2010-10-27,9895.772769999996,3071.7727699999964,6824.0,3
2010-10-28,9892.237169999997,4796.737169999997,5095.5,3
2010-10-29,9822.700369999997,3067.700369999997,6755.0,3
2010-11-01,10014.486969999996,2840.686969999997,7173.799999999999,3
2010-11-02,9971.286969999997,2840.686969999997,7130.6,3
2010-11-03,9900.286969999997,2840.686969999997,7059.6,3
2010-11-04,10006.262769999998,5046.362769999997,4959.9,2
2010-11-05,10053.465169999996,7573.165169999997,2480.3,2
2010-11-08,10068.585589999997,2770.985589999997,7297.6,3
2010-11-09,10001.436009999998,7517.436009999998,2484.0,1
2010-11-10,9971.480769999996,7503.080769999997,2468.4,1
2010-11-11,10001.898169999997,5030.5981699999975,4971.3,2
2010-11-12,9747.146269999997,3170.146269999997,6577.0,3
2010-11-15,9787.146269999997,3170.146269999997,6617.0,3
2010-11-16,9464.107369999998,5642.407369999997,3821.7,2
2010-11-17,9374.455349999998,4463.855349999998,4910.6,3
2010-11-18,9440.307469999998,5838.107469999998,3602.2,2
2010-11-19,9532.734509999998,7458.734509999998,2074.0,1
2010-11-22,7862.972709999998,7782.072709999999,80.9,1
2010-11-23,7861.432959999998,7861.432959999998,0.0,0
2010-11-24,7861.432959999998,7861.432959999998,0.0,0
2010-11-25,7860.136599999998,5699.5365999999985,2160.6,1
2010-11-26,7857.5365999999985,5699.5365999999985,2158.0,1
2010-11-29,7845.848039999999,7845.848039999999,0.0,0
2010-11-30,7845.848039999999,7845.848039999999,0.0,0
2010-12-01,7845.848039999999,7845.848039999999,0.0,0
2010-12-02,7844.520239999999,5631.520239999999,2213.0,1
2010-12-03,7837.876159999998,5640.076159999999,2197.7999999999997,1
2010-12-06,7828.462339999999,7828.462339999999,0.0,0
2010-12-07,7828.462339999999,7828.462339999999,0.0,0
2010-12-08,7828.462339999999,7828.462339999999,0.0,0
2010-12-09,7828.462339999999,7828.462339999999,0.0,0
2010-12-10,7828.462339999999,7828.462339999999,0.0,0
2010-12-13,7827.243019999999,5795.043019999999,2032.2,1
2010-12-14,7826.0237,7826.0237,0.0,0
2010-12-15,7826.0237,7826.0237,0.0,0
2010-12-16,7826.0237,7826.0237,0.0,0
2010-12-17,7826.0237,7826.0237,0.0,0
2010-12-20,7823.63774,3847.0377399999998,3976.6000000000004,2
2010-12-21,7917.001569999999,1213.4015699999998,6703.599999999999,3
2010-12-22,7838.7958499999995,3388.2958499999995,4450.5,2
2010-12-23,7837.253849999999,1317.0538499999993,6520.2,3
2010-12-24,7786.25385,1317.0538499999993,6469.200000000001,3
2010-12-27,7669.50363,5744.70363,1924.8000000000002,1
2010-12-28,7628.878489999999,2344.6784899999993,5284.2,3
2010-12-29,7634.6265699999985,4096.826569999999,3537.7999999999997,2
2010-12-30,7647.480589999999,2352.480589999999,5295.0,3
2010-12-31,7745.107909999999,5777.107909999999,1968.0,1
2011-01-04,7784.902509999999,7784.902509999999,0.0,0
2011-01-05,7784.902509999999,7784.902509999999,0.0,0
2011-01-06,7784.902509999999,7784.902509999999,0.0,0
2011-01-07,7784.902509999999,7784.902509999999,0.0,0
2011-01-10,7782.517329999999,3807.2173299999986,3975.3,2
2011-01-11,7805.020929999999,1812.0209299999985,5993.0,3
2011-01-12,7835.1161299999985,5817.6161299999985,2017.5000000000002,1
2011-01-13,7832.6161299999985,5817.6161299999985,2015.0000000000002,1
2011-01-14,7797.737009999998,5815.037009999998,1982.6999999999998,1
2011-01-17,7738.752809999998,2005.752809999998,5733.0,3
2011-01-18,7741.152809999998,2005.752809999998,5735.4,3
2011-01-19,7856.983909999997,3762.0839099999976,4094.8999999999996,2
2011-01-20,7743.383909999998,3762.0839099999976,3981.3,2
2011-01-21,7791.907369999996,3643.607369999997,4148.299999999999,2
2011-01-24,7742.746409999997,7742.746409999997,0.0,0
2011-01-25,7742.746409999997,7742.746409999997,0.0,0
2011-01-26,7742.746409999997,7742.746409999997,0.0,0
2011-01-27,7742.746409999997,7742.746409999997,0.0,0
2011-01-28,7742.746409999997,7742.746409999997,0.0,0
2011-01-31,7742.746409999997,7742.746409999997,0.0,0
2011-02-01,7742.746409999997,7742.746409999997,0.0,0
2011-02-09,7742.746409999997,7742.746409999997,0.0,0
2011-02-10,7739.489069999997,2310.5890699999964,5428.900000000001,3
2011-02-11,7767.716349999997,3860.5163499999962,3907.2000000000003,2
2011-02-14,7898.6090499999955,1652.7090499999963,6245.9,3
2011-02-15,7885.909049999997,1652.7090499999963,6233.2,3
2011-02-16,7940.045569999997,5756.045569999997,2184.0,1
2011-02-17,7934.845569999996,5756.045569999997,2178.7999999999997,1
2011-02-18,7906.405969999995,1687.6059699999962,6218.799999999999,3
2011-02-21,8005.103919999996,1483.3039199999962,6521.799999999999,3
2011-02-22,7826.0634699999955,1763.8634699999961,6062.2,3
2011-02-23,7828.5634699999955,1763.8634699999961,6064.7,3
2011-02-24,7860.663469999996,1763.8634699999961,6096.8,3
2011-02-25,7878.463469999997,1763.8634699999961,6114.6,3
2011-02-28,7950.363469999997,1763.8634699999961,6186.5,3
2011-03-01,7973.162269999995,1561.262269999996,6411.9,3
2011-03-02,7955.762269999996,1561.262269999996,6394.5,3
2011-03-03,7950.962269999996,1561.262269999996,6389.7,3
2011-03-04,8046.808829999995,3671.9088299999958,4374.9,2
2011-03-07,8142.740429999996,1556.6404299999958,6586.1,3
2011-03-08,8138.600489999997,3455.400489999996,4683.200000000001,3
2011-03-09,8121.615779999996,5796.915779999997,2324.7,1
2011-03-10,8094.819179999996,1633.4191799999962,6461.4,3
2011-03-11,8021.877079999996,1717.4770799999962,6304.4,3
2011-03-14,8053.677079999996,1717.4770799999962,6336.2,3
2011-03-15,7939.293579999996,1884.2935799999962,6055.0,3
2011-03-16,8025.493579999997,1884.2935799999962,6141.200000000001,3
2011-03-17,7941.293579999996,1884.2935799999962,6057.0,3
2011-03-18,7964.643179999996,7964.643179999996,0.0,0
2011-03-21,7963.450859999996,5976.2508599999965,1987.1999999999998,1
2011-03-22,7963.557899999996,6131.557899999996,1832.0,1
2011-03-23,7983.557899999996,6131.557899999996,1852.0,1
2011-03-24,7982.446699999996,7982.446699999996,0.0,0
2011-03-25,7980.192079999995,4222.492079999995,3757.7,2
2011-03-28,7974.239679999995,7974.239679999995,0.0,0
2011-03-29,7971.991959999995,4225.791959999995,3746.2,2
2011-03-30,7971.691959999995,4225.791959999995,3745.9,2
2011-03-31,7938.962719999996,7938.962719999996,0.0,0
2011-04-01,7935.552679999995,2252.1526799999956,5683.4,3
2011-04-06,8013.310039999995,4155.410039999995,3857.8999999999996,2
2011-04-07,8008.496799999995,8008.496799999995,0.0,0
2011-04-08,8008.496799999995,8008.496799999995,0.0,0
2011-04-11,8008.496799999995,8008.496799999995,0.0,0
2011-04-12,8007.335259999995,6071.435259999996,1935.8999999999999,1
2011-04-13,8041.275579999996,4137.475579999996,3903.8,2
2011-04-14,8026.609579999995,2026.2095799999956,6000.4,3
2011-04-15,8037.209579999995,2026.2095799999956,6011.0,3
2011-04-18,8051.909579999996,2026.2095799999956,6025.700000000001,3
2011-04-19,7941.067879999996,2109.4678799999956,5831.6,3
2011-04-20,7928.367879999995,2109.4678799999956,5818.9,3
2011-04-21,7977.067879999996,2109.4678799999956,5867.6,3
2011-04-22,7942.466919999995,4109.866919999996,3832.5999999999995,2
2011-04-25,7886.736699999996,2225.036699999996,5661.7,3
2011-04-26,7856.1366999999955,2225.036699999996,5631.099999999999,3
2011-04-27,7830.322139999997,4081.5221399999964,3748.8,2
2011-04-28,7797.054459999997,2467.7544599999965,5329.3,3
2011-04-29,7829.347699999997,4311.247699999996,3518.1000000000004,2
2011-05-03,7831.2344399999965,7831.2344399999965,0.0,0
2011-05-04,7831.2344399999965,7831.2344399999965,0.0,0
2011-05-05,7831.2344399999965,7831.2344399999965,0.0,0
2011-05-06,7831.2344399999965,7831.2344399999965,0.0,0
2011-05-09,7831.2344399999965,7831.2344399999965,0.0,0
2011-05-10,7831.2344399999965,7831.2344399999965,0.0,0
2011-05-11,7831.2344399999965,7831.2344399999965,0.0,0
2011-05-12,7831.2344399999965,7831.2344399999965,0.0,0
2011-05-13,7831.2344399999965,7831.2344399999965,0.0,0
2011-05-16,7831.2344399999965,7831.2344399999965,0.0,0
2011-05-17,7831.2344399999965,7831.2344399999965,0.0,0
2011-05-18,7831.2344399999965,7831.2344399999965,0.0,0
2011-05-19,7830.286079999996,6249.686079999997,1580.6,1
2011-05-20,7825.140239999997,7825.140239999997,0.0,0
2011-05-23,7825.140239999997,7825.140239999997,0.0,0
2011-05-24,7825.140239999997,7825.140239999997,0.0,0
2011-05-25,7823.058779999998,4353.958779999997,3469.1,2
2011-05-26,7814.858779999997,4353.958779999997,3460.8999999999996,2
2011-05-27,7791.878299999997,4503.978299999997,3287.9,2
2011-05-30,7780.011499999997,7780.011499999997,0.0,0
2011-05-31,7780.011499999997,7780.011499999997,0.0,0
2011-06-01,7780.011499999997,7780.011499999997,0.0,0
2011-06-02,7780.011499999997,7780.011499999997,0.0,0
2011-06-03,7780.011499999997,7780.011499999997,0.0,0
2011-06-07,7779.100519999997,6260.800519999997,1518.3,1
2011-06-08,7776.790379999997,7776.790379999997,0.0,0
2011-06-09,7776.790379999997,7776.790379999997,0.0,0
2011-06-10,7776.790379999997,7776.790379999997,0.0,0
2011-06-13,7775.761739999996,6061.361739999997,1714.3999999999999,1
2011-06-14,7785.126859999997,7785.126859999997,0.0,0
2011-06-15,7785.126859999997,7785.126859999997,0.0,0
2011-06-16,7785.126859999997,7785.126859999997,0.0,0
2011-06-17,7785.126859999997,7785.126859999997,0.0,0
2011-06-20,7785.126859999997,7785.126859999997,0.0,0
2011-06-21,7783.1857999999975,4548.085799999997,3235.1,2
2011-06-22,7782.743839999997,7782.743839999997,0.0,0
2011-06-23,7782.743839999997,7782.743839999997,0.0,0
2011-06-24,7782.743839999997,7782.743839999997,0.0,0
2011-06-27,7782.743839999997,7782.743839999997,0.0,0
2011-06-28,7782.743839999997,7782.743839999997,0.0,0
2011-06-29,7782.743839999997,7782.743839999997,0.0,0
2011-06-30,7780.756519999997,4468.556519999997,3312.2,2
2011-07-01,7790.634199999997,2930.4341999999974,4860.2,3
2011-07-04,7904.519849999997,2501.3198499999976,5403.2,3
2011-07-05,7890.419849999998,2501.3198499999976,5389.1,3
2011-07-06,7874.8258099999985,4323.625809999998,3551.2000000000003,2
2011-07-07,7873.736089999998,2506.336089999998,5367.4,3
2011-07-08,7884.636089999998,2506.336089999998,5378.3,3
2011-07-11,7876.036089999998,2506.336089999998,5369.7,3
2011-07-12,7782.936089999998,2506.336089999998,5276.6,3
2011-07-13,7859.836089999998,2506.336089999998,5353.5,3
2011-07-14,7872.536089999999,2506.336089999998,5366.200000000001,3
2011-07-15,7892.036089999998,2506.336089999998,5385.7,3
2011-07-18,7876.736089999998,2506.336089999998,5370.4,3
2011-07-19,7834.056089999998,4305.256089999998,3528.8,2
2011-07-20,7825.298489999998,2708.2984899999983,5117.0,3
2011-07-21,7779.698489999998,2708.2984899999983,5071.4,3
2011-07-22,7786.298489999998,2708.2984899999983,5078.0,3
2011-07-25,7636.521489999997,2862.121489999998,4774.4,3
2011-07-26,7641.596529999998,4402.796529999998,3238.8,2
2011-07-27,7668.796529999998,4402.796529999998,3266.0,2
2011-07-28,7649.461729999998,5959.861729999998,1689.6000000000001,1
2011-07-29,7652.4365899999975,6304.9365899999975,1347.5,1
2011-08-01,7652.327669999998,7652.327669999998,0.0,0
2011-08-02,7652.327669999998,7652.327669999998,0.0,0
2011-08-03,7652.327669999998,7652.327669999998,0.0,0
2011-08-04,7652.327669999998,7652.327669999998,0.0,0
2011-08-05,7650.565409999998,4713.465409999998,2937.1000000000004,2
2011-08-08,7551.480249999998,3404.080249999998,4147.4,3
2011-08-09,7558.580249999998,3404.080249999998,4154.5,3
2011-08-10,7596.185369999998,4728.085369999998,2868.1000000000004,2
2011-08-11,7633.685369999998,4728.085369999998,2905.6000000000004,2
2011-08-12,7631.342369999998,7631.342369999998,0.0,0
2011-08-15,7631.342369999998,7631.342369999998,0.0,0
2011-08-16,7631.342369999998,7631.342369999998,0.0,0
2011-08-17,7631.342369999998,7631.342369999998,0.0,0
2011-08-18,7631.342369999998,7631.342369999998,0.0,0
2011-08-19,7631.342369999998,7631.342369999998,0.0,0
2011-08-22,7629.639029999997,4790.739029999997,2838.8999999999996,2
2011-08-23,7675.539029999997,4790.739029999997,2884.8,2
2011-08-24,7658.564949999996,6246.664949999997,1411.8999999999999,1
2011-08-25,7706.164949999997,6246.664949999997,1459.5,1
2011-08-26,7701.091769999997,7701.091769999997,0.0,0
2011-08-29,7701.091769999997,7701.091769999997,0.0,0
2011-08-30,7701.091769999997,7701.091769999997,0.0,0
2011-08-31,7701.091769999997,7701.091769999997,0.0,0
2011-09-01,7699.345109999997,4788.245109999996,2911.1000000000004,2
2011-09-02,7667.835389999996,3271.135389999996,4396.7,3
2011-09-05,7581.179909999995,6195.179909999995,1386.0,1
2011-09-06,7569.790809999996,3545.090809999996,4024.7,3
2011-09-07,7650.7994599999965,3362.199459999996,4288.6,3
2011-09-08,7621.642259999997,7621.642259999997,0.0,0
2011-09-09,7619.045759999997,3291.5457599999972,4327.5,3
2011-09-13,7577.672539999997,7577.672539999997,0.0,0
2011-09-14,7577.672539999997,7577.672539999997,0.0,0
2011-09-15,7577.672539999997,7577.672539999997,0.0,0
2011-09-16,7577.672539999997,7577.672539999997,0.0,0
2011-09-19,7576.845979999996,6199.245979999997,1377.6,1
2011-09-20,7583.714799999997,7583.714799999997,0.0,0
2011-09-21,7582.102359999997,4894.702359999997,2687.4,2
2011-09-22,7502.221459999997,6195.421459999997,1306.8,2
2011-09-23,7490.421479999996,3860.7214799999965,3629.7,3
2011-09-26,7414.304159999997,6221.504159999997,1192.8,1
2011-09-27,7429.678819999997,7429.678819999997,0.0,0
2011-09-28,7427.683339999998,4101.883339999998,3325.8,3
2011-09-29,7404.915219999998,6380.715219999998,1024.2,1
2011-09-30,7401.902139999998,7401.902139999998,0.0,0
2011-10-10,7401.902139999998,7401.902139999998,0.0,0
2011-10-11,7401.902139999998,7401.902139999998,0.0,0
2011-10-12,7401.902139999998,7401.902139999998,0.0,0
2011-10-13,7401.902139999998,7401.902139999998,0.0,0
2011-10-14,7401.902139999998,7401.902139999998,0.0,0
2011-10-17,7401.902139999998,7401.902139999998,0.0,0
2011-10-18,7401.902139999998,7401.902139999998,0.0,0
2011-10-19,7400.039349999997,4300.639349999998,3099.4,3
2011-10-20,7319.521529999997,7319.521529999997,0.0,0
2011-10-21,7319.521529999997,7319.521529999997,0.0,0
2011-10-24,7316.013869999997,1469.9138699999967,5846.1,3
2011-10-25,7425.138589999997,7425.138589999997,0.0,0
2011-10-26,7425.138589999997,7425.138589999997,0.0,0
2011-10-27,7425.138589999997,7425.138589999997,0.0,0
2011-10-28,7423.952989999997,5447.952989999997,1976.0,1
2011-10-31,7410.774589999997,7410.774589999997,0.0,0
2011-11-01,7407.1559899999975,1376.155989999997,6031.0,3
2011-11-02,7501.261389999997,3365.9613899999968,4135.3,2
2011-11-03,7495.263789999997,1368.7637899999968,6126.5,3
2011-11-04,7534.263789999997,1368.7637899999968,6165.5,3
2011-11-07,7477.163789999997,1368.7637899999968,6108.400000000001,3
2011-11-08,7480.263789999997,1368.7637899999968,6111.5,3
2011-11-09,7529.263789999997,1368.7637899999968,6160.5,3
2011-11-10,7413.796389999996,1503.3963899999967,5910.4,3
2011-11-11,7396.796389999996,1503.3963899999967,5893.4,3
2011-11-14,7521.496389999997,1503.3963899999967,6018.099999999999,3
2011-11-15,7490.896389999996,1503.3963899999967,5987.5,3
2011-11-16,7339.362989999997,1570.0629899999967,5769.3,3
2011-11-17,7331.862989999997,1570.0629899999967,5761.8,3
2011-11-18,7212.383039999997,2129.3830399999965,5083.0,3
2011-11-21,7217.383039999997,2129.3830399999965,5088.0,3
2011-11-22,7207.183039999996,2129.3830399999965,5077.8,3
2011-11-23,7167.658259999997,7167.658259999997,0.0,0
2011-11-24,7167.658259999997,7167.658259999997,0.0,0
2011-11-25,7166.750579999997,5653.950579999997,1512.8,1
2011-11-28,7169.950579999997,5653.950579999997,1516.0,1
2011-11-29,7189.028979999997,7189.028979999997,0.0,0
2011-11-30,7187.1849399999965,4113.784939999997,3073.3999999999996,2
2011-12-01,7270.584939999997,4113.784939999997,3156.8,2
2011-12-02,7237.209759999997,7237.209759999997,0.0,0
2011-12-05,7237.209759999997,7237.209759999997,0.0,0
2011-12-06,7236.314559999997,5744.314559999997,1492.0,1
2011-12-07,7235.419359999997,7235.419359999997,0.0,0
2011-12-08,7235.419359999997,7235.419359999997,0.0,0
2011-12-09,7235.419359999997,7235.419359999997,0.0,0
2011-12-12,7235.419359999997,7235.419359999997,0.0,0
2011-12-13,7235.419359999997,7235.419359999997,0.0,0
2011-12-14,7234.439919999997,5602.039919999997,1632.3999999999999,1
2011-12-15,7191.568899999997,4149.468899999997,3042.1,2
2011-12-16,7255.786849999997,3985.1868499999973,3270.6,2
2011-12-19,7244.230249999998,7244.230249999998,0.0,0
2011-12-20,7244.230249999998,7244.230249999998,0.0,0
2011-12-21,7244.230249999998,7244.230249999998,0.0,0
2011-12-22,7244.230249999998,7244.230249999998,0.0,0
2011-12-23,7244.230249999998,7244.230249999998,0.0,0
2011-12-26,7244.230249999998,7244.230249999998,0.0,0
2011-12-27,7244.230249999998,7244.230249999998,0.0,0
2011-12-28,7244.230249999998,7244.230249999998,0.0,0
2011-12-29,7244.230249999998,7244.230249999998,0.0,0
2011-12-30,7244.230249999998,7244.230249999998,0.0,0
2012-01-04,7244.230249999998,7244.230249999998,0.0,0
2012-01-05,7244.230249999998,7244.230249999998,0.0,0
2012-01-06,7244.230249999998,7244.230249999998,0.0,0
2012-01-09,7244.230249999998,7244.230249999998,0.0,0
2012-01-10,7244.230249999998,7244.230249999998,0.0,0
2012-01-11,7244.230249999998,7244.230249999998,0.0,0
2012-01-12,7244.230249999998,7244.230249999998,0.0,0
2012-01-13,7244.230249999998,7244.230249999998,0.0,0
2012-01-16,7241.373649999998,2480.373649999998,4761.0,3
2012-01-17,7472.255899999998,1644.1558999999984,5828.099999999999,3
2012-01-18,7372.126999999999,1701.8269999999984,5670.3,3
2012-01-19,7480.026999999998,1701.8269999999984,5778.2,3
2012-01-20,7563.361239999998,5457.961239999999,2105.4,1
2012-01-30,7527.061239999999,5457.961239999999,2069.1,1
2012-01-31,7527.966159999998,1463.7661599999983,6064.2,3
2012-02-01,7440.437159999999,1521.6371599999984,5918.8,3
2012-02-02,7576.689009999997,1224.9890099999984,6351.699999999999,3
2012-02-03,7614.9890099999975,1224.9890099999984,6389.999999999999,3
2012-02-06,7612.789009999998,1224.9890099999984,6387.799999999999,3
2012-02-07,7495.730309999998,1342.2303099999983,6153.5,3
2012-02-08,7673.369609999998,1220.6696099999983,6452.7,3
2012-02-09,7664.969609999998,1220.6696099999983,6444.3,3
2012-02-10,7669.2696099999985,1220.6696099999983,6448.6,3
2012-02-13,7644.7696099999985,1220.6696099999983,6424.1,3
2012-02-14,7625.739209999998,1281.3392099999983,6344.4,3
2012-02-15,7686.239209999998,1281.3392099999983,6404.9,3
2012-02-16,7657.839209999998,1281.3392099999983,6376.5,3
2012-02-17,7668.439209999999,1281.3392099999983,6387.1,3
2012-02-20,7674.539209999999,1281.3392099999983,6393.200000000001,3
2012-02-21,7717.139209999998,1281.3392099999983,6435.799999999999,3
2012-02-22,7794.539209999998,1281.3392099999983,6513.2,3
2012-02-23,7817.939209999999,1281.3392099999983,6536.6,3
2012-02-24,7933.639209999998,1281.3392099999983,6652.299999999999,3
2012-02-27,7964.439209999999,1281.3392099999983,6683.1,3
2012-02-28,7966.525809999998,3469.0258099999983,4497.5,2
2012-02-29,7916.609629999999,3512.5096299999987,4404.1,2
2012-03-01,7925.409629999998,3512.5096299999987,4412.9,2
2012-03-02,8013.673309999999,1283.9733099999985,6729.700000000001,3
2012-03-05,7963.640609999999,1349.2406099999985,6614.400000000001,3
2012-03-06,7858.976109999998,1478.0761099999984,6380.9,3
2012-03-07,7808.6545099999985,1720.9545099999984,6087.7,3
2012-03-08,7871.054509999999,1720.9545099999984,6150.1,3
2012-03-09,7933.754509999999,1720.9545099999984,6212.8,3
2012-03-12,7896.954509999999,1720.9545099999984,6176.0,3
2012-03-13,7959.851209999999,5724.051209999999,2235.7999999999997,2
2012-03-14,7907.60057,3882.0005699999992,4025.6000000000004,2
2012-03-15,7877.15277,1967.8527699999993,5909.3,3
2012-03-16,7946.466769999999,1595.4667699999993,6351.0,3
2012-03-19,7954.80147,5868.40147,2086.4,1
2012-03-20,7913.97003,1813.5700300000003,6100.4,3
2012-03-21,7914.73859,5863.53859,2051.2,1
2012-03-22,7907.11171,7907.11171,0.0,0
2012-03-23,7905.87025,5836.77025,2069.1,1
2012-03-26,7913.267529999999,5821.067529999999,2092.2,1
2012-03-27,7909.813529999999,7909.813529999999,0.0,0
2012-03-28,7908.583949999999,5859.283949999999,2049.3,1
2012-03-29,7882.069549999999,7882.069549999999,0.0,0
2012-03-30,7882.069549999999,7882.069549999999,0.0,0
2012-04-05,7882.069549999999,7882.069549999999,0.0,0
2012-04-06,7882.069549999999,7882.069549999999,0.0,0
2012-04-09,7882.069549999999,7882.069549999999,0.0,0
2012-04-10,7882.069549999999,7882.069549999999,0.0,0
2012-04-11,7882.069549999999,7882.069549999999,0.0,0
2012-04-12,7882.069549999999,7882.069549999999,0.0,0
2012-04-13,7882.069549999999,7882.069549999999,0.0,0
2012-04-16,7882.069549999999,7882.069549999999,0.0,0
2012-04-17,7882.069549999999,7882.069549999999,0.0,0
2012-04-18,7880.842669999999,5836.042669999999,2044.8,1
2012-04-19,7872.055629999999,5932.055629999999,1940.0,1
2012-04-20,7891.869969999998,2813.4699699999987,5078.4,3
2012-04-23,7853.179239999998,5878.479239999998,1974.7,1
2012-04-24,7838.631979999997,2928.4319799999976,4910.2,3
2012-04-25,7870.355739999996,1467.1557399999974,6403.199999999999,4
2012-04-26,7880.055739999997,1467.1557399999974,6412.9,4
2012-04-27,7870.1557399999965,1467.1557399999974,6402.999999999999,4
2012-05-02,7997.262639999997,1080.5626399999974,6916.7,4
2012-05-03,8007.070159999998,4336.970159999998,3670.1000000000004,2
2012-05-04,8011.799789999998,541.9997899999978,7469.8,4
2012-05-07,8007.799789999998,541.9997899999978,7465.8,4
2012-05-08,7977.099789999998,541.9997899999978,7435.1,4
2012-05-09,7872.969539999998,802.1695399999978,7070.8,4
2012-05-10,7861.637039999998,867.0370399999979,6994.6,4
2012-05-11,7807.245589999998,1049.745589999998,6757.5,4
2012-05-14,7779.713639999998,1113.5136399999978,6666.200000000001,4
2012-05-15,7764.113639999998,1113.5136399999978,6650.599999999999,4
2012-05-16,7663.936539999998,1667.136539999998,5996.8,4
2012-05-17,7764.459889999998,5961.459889999998,1803.0,1
2012-05-18,7738.393089999998,7738.393089999998,0.0,0
2012-05-21,7738.393089999998,7738.393089999998,0.0,0
2012-05-22,7738.393089999998,7738.393089999998,0.0,0
2012-05-23,7737.356289999998,6009.356289999998,1728.0,1
2012-05-24,7741.716249999998,7741.716249999998,0.0,0
2012-05-25,7741.716249999998,7741.716249999998,0.0,0
2012-05-28,7740.630969999997,5931.830969999997,1808.8,1
2012-05-29,7764.733569999997,4101.733569999997,3663.0,2
2012-05-30,7742.148009999997,7742.148009999997,0.0,0
2012-05-31,7742.148009999997,7742.148009999997,0.0,0
2012-06-01,7742.148009999997,7742.148009999997,0.0,0
2012-06-04,7739.007609999997,2505.0076099999974,5234.0,3
2012-06-05,7728.4932599999975,2933.293259999997,4795.200000000001,3
2012-06-06,7722.430619999997,6035.830619999997,1686.6000000000001,1
2012-06-07,7715.712899999996,4202.512899999996,3513.2,2
2012-06-08,7690.312899999996,4202.512899999996,3487.8,2
2012-06-11,7743.5869799999955,7743.5869799999955,0.0,0
2012-06-12,7743.5869799999955,7743.5869799999955,0.0,0
2012-06-13,7743.5869799999955,7743.5869799999955,0.0,0
2012-06-14,7743.5869799999955,7743.5869799999955,0.0,0
2012-06-15,7743.5869799999955,7743.5869799999955,0.0,0
2012-06-18,7743.5869799999955,7743.5869799999955,0.0,0
2012-06-19,7743.5869799999955,7743.5869799999955,0.0,0
2012-06-20,7743.5869799999955,7743.5869799999955,0.0,0
2012-06-21,7740.962819999996,3367.3628199999957,4373.6,3
2012-06-25,7652.162819999996,3367.3628199999957,4284.8,3
2012-06-26,7654.5628199999965,3367.3628199999957,4287.200000000001,3
2012-06-27,7636.139859999995,1994.9398599999959,5641.199999999999,4
2012-06-28,7604.656499999996,4798.856499999996,2805.8,2
2012-06-29,7632.168859999996,6022.168859999996,1609.9999999999998,1
2012-07-02,7618.610419999996,7618.610419999996,0.0,0
2012-07-03,7618.610419999996,7618.610419999996,0.0,0
2012-07-04,7617.738259999996,6164.138259999996,1453.6,1
2012-07-05,7606.472339999997,7606.472339999997,0.0,0
2012-07-06,7605.511379999996,6003.911379999997,1601.6,1
2012-07-09,7569.853239999998,6040.753239999997,1529.1000000000001,1
2012-07-10,7568.0532399999975,6040.753239999997,1527.3,1
2012-07-11,7572.533619999997,7572.533619999997,0.0,0
2012-07-12,7570.746099999998,4591.546099999998,2979.2,2
2012-07-13,7571.946099999997,4591.546099999998,2980.3999999999996,2
2012-07-16,7532.6803599999985,7532.6803599999985,0.0,0
2012-07-17,7532.6803599999985,7532.6803599999985,0.0,0
2012-07-18,7532.6803599999985,7532.6803599999985,0.0,0
2012-07-19,7530.949959999998,4646.949959999998,2884.0,2
2012-07-20,7498.8921999999975,6075.692199999998,1423.1999999999998,1
2012-07-23,7476.451239999998,7476.451239999998,0.0,0
2012-07-24,7476.451239999998,7476.451239999998,0.0,0
2012-07-25,7476.451239999998,7476.451239999998,0.0,0
2012-07-26,7474.815879999998,4749.215879999998,2725.6000000000004,2
2012-07-27,7485.973479999999,6152.373479999998,1333.6000000000001,1
2012-07-30,7482.774759999998,7482.774759999998,0.0,0
2012-07-31,7482.774759999998,7482.774759999998,0.0,0
2012-08-01,7482.774759999998,7482.774759999998,0.0,0
2012-08-02,7482.774759999998,7482.774759999998,0.0,0
2012-08-03,7482.774759999998,7482.774759999998,0.0,0
2012-08-06,7482.774759999998,7482.774759999998,0.0,0
2012-08-07,7482.774759999998,7482.774759999998,0.0,0
2012-08-08,7481.959719999998,6123.559719999998,1358.3999999999999,1
2012-08-09,7489.242359999998,7318.442359999998,170.79999999999998,1
2012-08-10,7487.598539999998,6056.398539999998,1431.2,1
2012-08-13,7458.765579999999,3333.165579999999,4125.6,3
2012-08-14,7459.778629999999,3906.478629999999,3553.3,3
2012-08-15,7425.1786299999985,3906.478629999999,3518.7,3
2012-08-16,7420.378629999999,3906.478629999999,3513.8999999999996,3
2012-08-17,7405.578629999999,3906.478629999999,3499.1,3
2012-08-20,7385.5136299999995,6180.113629999999,1205.4,1
2012-08-21,7391.062549999999,4927.562549999999,2463.5,2
2012-08-22,7365.901869999998,7194.001869999998,171.9,1
2012-08-23,7365.781229999998,6158.981229999998,1206.8,1
2012-08-24,7355.263029999997,7355.263029999997,0.0,0
2012-08-27,7354.593969999998,6239.493969999998,1115.1,1
2012-08-28,7362.247389999998,4994.4473899999975,2367.8,2
2012-08-29,7336.541289999997,7336.541289999997,0.0,0
2012-08-30,7335.173049999998,5054.773049999997,2280.4,2
2012-08-31,7336.003489999997,7336.003489999997,0.0,0
2012-09-03,7336.003489999997,7336.003489999997,0.0,0
2012-09-04,7336.003489999997,7336.003489999997,0.0,0
2012-09-05,7336.003489999997,7336.003489999997,0.0,0
2012-09-06,7336.003489999997,7336.003489999997,0.0,0
2012-09-07,7336.003489999997,7336.003489999997,0.0,0
2012-09-10,7336.003489999997,7336.003489999997,0.0,0
2012-09-11,7336.003489999997,7336.003489999997,0.0,0
2012-09-12,7336.003489999997,7336.003489999997,0.0,0
2012-09-13,7336.003489999997,7336.003489999997,0.0,0
2012-09-14,7334.294839999999,4516.9948399999985,2817.2999999999997,3
2012-09-17,7271.968439999999,3663.6684399999986,3608.3,4
2012-09-18,7236.468439999999,3663.6684399999986,3572.8,4
2012-09-19,7248.268439999998,3663.6684399999986,3584.6,4
2012-09-20,7175.611389999999,7175.611389999999,0.0,0
2012-09-21,7175.611389999999,7175.611389999999,0.0,0
2012-09-24,7172.0525499999985,1240.6525499999989,5931.4,3
2012-09-25,7172.091549999999,7172.091549999999,0.0,0
2012-09-26,7172.091549999999,7172.091549999999,0.0,0
2012-09-27,7168.49857,1180.198569999999,5988.3,3
2012-09-28,7284.866889999999,7229.366889999999,55.50000000000001,1
2012-10-08,7283.83959,7283.83959,0.0,0
2012-10-09,7283.83959,7283.83959,0.0,0
2012-10-10,7283.83959,7283.83959,0.0,0
2012-10-11,7281.505529999999,3391.405529999999,3890.1000000000004,2
2012-10-12,7287.803579999999,2008.8035799999989,5279.0,3
2012-10-15,7260.608009999998,3380.9080099999987,3879.7,2
2012-10-16,7267.045209999998,2061.9452099999985,5205.1,3
2012-10-17,7276.545209999998,2061.9452099999985,5214.6,3
2012-10-18,7349.817849999999,515.4178499999985,6834.400000000001,4
2012-10-19,7336.355819999999,1368.5558199999982,5967.8,3
2012-10-22,7361.7558199999985,1368.5558199999982,5993.200000000001,3
2012-10-23,7286.2351199999985,2209.2351199999985,5077.0,3
2012-10-24,7272.2351199999985,2209.2351199999985,5063.0,3
2012-10-25,7240.183149999998,722.5831499999986,6517.599999999999,4
2012-10-26,7129.263499999998,1161.3634999999986,5967.9,4
2012-10-29,7070.052099999999,1383.8520999999987,5686.2,4
2012-10-30,7081.252099999998,1383.8520999999987,5697.4,4
2012-10-31,7104.843549999999,2454.3435499999987,4650.5,3
2012-11-01,7189.516889999999,5663.516889999999,1526.0,1
2012-11-02,7165.716889999999,5663.516889999999,1502.2,1
2012-11-05,7174.609689999999,7174.609689999999,0.0,0
2012-11-06,7174.609689999999,7174.609689999999,0.0,0
2012-11-07,7174.609689999999,7174.609689999999,0.0,0
2012-11-08,7171.5445899999995,2063.0445899999995,5108.5,3
2012-11-09,7147.64459,2063.0445899999995,5084.6,3
2012-11-12,7181.78331,3830.78331,3351.0,2
2012-11-13,7096.78331,3830.78331,3266.0,2
2012-11-14,7109.59719,2787.39719,4322.2,3
2012-11-15,7060.03207,7060.03207,0.0,0
2012-11-16,7059.134590000001,5563.33459,1495.8,1
2012-11-19,7071.705790000001,4014.4057900000007,3057.3,2
2012-11-20,7047.484850000001,7047.484850000001,0.0,0
2012-11-21,7046.57711,5533.6771100000005,1512.9,1
2012-11-22,7037.57423,7037.57423,0.0,0
2012-11-23,7037.57423,7037.57423,0.0,0
2012-11-26,7037.57423,7037.57423,0.0,0
2012-11-27,7037.57423,7037.57423,0.0,0
2012-11-28,7036.6479500000005,5492.84795,1543.8,1
2012-11-29,7030.44795,5492.84795,1537.6,1
2012-11-30,7040.487770000002,2090.187770000001,4950.3,4
2012-12-03,6995.961740000001,5528.961740000001,1467.0,1
2012-12-04,7013.070740000001,7013.070740000001,0.0,0
2012-12-05,7013.070740000001,7013.070740000001,0.0,0
2012-12-06,7013.070740000001,7013.070740000001,0.0,0
2012-12-07,7012.2341000000015,5617.834100000001,1394.4,1
2012-12-10,7020.9917000000005,7020.9917000000005,0.0,0
2012-12-11,7020.9917000000005,7020.9917000000005,0.0,0
2012-12-12,7019.256440000001,4127.156440000001,2892.1,2
2012-12-13,6989.3564400000005,4127.156440000001,2862.2,2
2012-12-14,7135.6086000000005,1379.1086000000007,5756.5,4
2012-12-17,7176.908600000001,1379.1086000000007,5797.8,4
2012-12-18,7153.0086,1379.1086000000007,5773.9,4
2012-12-19,7147.489480000002,2092.289480000001,5055.200000000001,3
2012-12-20,7174.564360000001,5385.764360000001,1788.8000000000002,1
2012-12-21,7159.800790000001,1350.9007900000006,5808.900000000001,4
2012-12-24,7164.9007900000015,1350.9007900000006,5814.000000000001,4
2012-12-25,7341.20554,759.8055400000006,6581.4,4
2012-12-26,7350.505540000001,759.8055400000006,6590.700000000001,4
2012-12-27,7287.277040000001,816.6770400000006,6470.6,4
2012-12-28,7421.58243,1736.3824300000006,5685.2,3
2012-12-31,7536.58031,3405.5803100000003,4131.0,2
2013-01-04,7535.01185,2161.2118499999997,5373.8,3
2013-01-07,7562.316870000001,501.91686999999956,7060.400000000001,4
2013-01-08,7529.48869,1492.1886899999997,6037.3,3
2013-01-09,7519.721689999999,2025.7216899999996,5494.0,3
2013-01-10,7533.721689999999,2025.7216899999996,5508.0,3
2013-01-11,7435.2086899999995,2451.2086899999995,4984.0,3
2013-01-14,7625.30869,2451.2086899999995,5174.1,3
2013-01-15,7653.7086899999995,2451.2086899999995,5202.5,3
2013-01-16,7603.80869,2451.2086899999995,5152.6,3
2013-01-17,7567.2086899999995,2451.2086899999995,5116.0,3
2013-01-18,7646.2086899999995,2451.2086899999995,5195.0,3
2013-01-21,7698.408689999999,2451.2086899999995,5247.2,3
2013-01-22,7681.7086899999995,2451.2086899999995,5230.5,3
2013-01-23,7709.30869,2451.2086899999995,5258.1,3
2013-01-24,7677.108689999999,2451.2086899999995,5225.9,3
2013-01-25,7650.317069999999,797.5170699999994,6852.799999999999,4
2013-01-28,7867.4170699999995,797.5170699999994,7069.9,4
2013-01-29,7928.479219999999,1462.1792199999988,6466.3,3
2013-01-30,7953.449099999999,5509.949099999999,2443.5,2
2013-01-31,7942.009819999998,7942.009819999998,0.0,0
2013-02-01,7942.009819999998,7942.009819999998,0.0,0
2013-02-04,7938.744559999999,2496.644559999999,5442.1,3
2013-02-05,7975.0584499999995,3599.5584499999995,4375.5,2
2013-02-06,7971.0584499999995,3599.5584499999995,4371.5,2
2013-02-07,7941.5584499999995,3599.5584499999995,4342.0,2
2013-02-08,7973.492399999999,2300.7923999999994,5672.7,3
2013-02-18,7896.5608,2363.8607999999995,5532.700000000001,3
2013-02-19,7795.995599999998,2693.8955999999994,5102.099999999999,3
2013-02-20,7808.595599999999,2693.8955999999994,5114.7,3
2013-02-21,7637.108999999999,3066.7089999999994,4570.4,3
2013-02-22,7586.380999999999,3322.3809999999994,4264.0,3
2013-02-25,7608.45476,4391.45476,3217.0,2
2013-02-26,7561.99548,4509.195479999999,3052.8,2
2013-02-27,7597.741239999999,7597.741239999999,0.0,0
2013-02-28,7597.741239999999,7597.741239999999,0.0,0
2013-03-01,7597.741239999999,7597.741239999999,0.0,0
2013-03-04,7597.741239999999,7597.741239999999,0.0,0
2013-03-05,7597.741239999999,7597.741239999999,0.0,0
2013-03-06,7596.88264,6165.88264,1430.9999999999998,1
2013-03-07,7592.11432,6072.91432,1519.2,1
2013-03-08,7592.00232,7592.00232,0.0,0
2013-03-11,7592.00232,7592.00232,0.0,0
2013-03-12,7591.025819999999,5963.525819999999,1627.5000000000002,1
2013-03-13,7597.744699999999,7597.744699999999,0.0,0
2013-03-14,7597.744699999999,7597.744699999999,0.0,0
2013-03-15,7596.8591,6120.8591,1476.0,1
2013-03-18,7569.5893399999995,7569.5893399999995,0.0,0
2013-03-19,7569.5893399999995,7569.5893399999995,0.0,0
2013-03-20,7568.737579999999,6149.13758,1419.6,1
2013-03-21,7565.0875,7565.0875,0.0,0
2013-03-22,7565.0875,7565.0875,0.0,0
2013-03-25,7565.0875,7565.0875,0.0,0
2013-03-26,7564.1347,5976.1347,1588.0,1
2013-03-27,7568.8395,4483.2395,3085.6,2
2013-03-28,7434.42944,3132.3294399999995,4302.1,3
2013-03-29,7422.357639999999,3675.3576399999993,3747.0,3
2013-04-01,7425.122039999999,6077.322039999999,1347.8,1
2013-04-02,7425.122039999999,6077.322039999999,1347.8,1
2013-04-03,7418.222039999999,6077.322039999999,1340.8999999999999,1
2013-04-08,7417.417499999999,7417.417499999999,0.0,0
2013-04-09,7417.417499999999,7417.417499999999,0.0,0
2013-04-10,7417.417499999999,7417.417499999999,0.0,0
2013-04-11,7417.417499999999,7417.417499999999,0.0,0
2013-04-12,7417.417499999999,7417.417499999999,0.0,0
2013-04-15,7417.417499999999,7417.417499999999,0.0,0
2013-04-16,7415.888699999999,4867.888699999999,2548.0,2
2013-04-17,7398.454739999999,5923.854739999999,1474.6,2
2013-04-18,7403.21898,4863.618979999999,2539.6000000000004,2
2013-04-19,7491.227679999999,4680.827679999999,2810.3999999999996,2
2013-04-22,7491.340359999999,7491.340359999999,0.0,0
2013-04-23,7491.340359999999,7491.340359999999,0.0,0
2013-04-24,7490.456859999999,6017.956859999999,1472.5,1
2013-04-25,7470.456859999999,6017.956859999999,1452.5,1
2013-04-26,7453.81838,3285.5183799999995,4168.3,3
2013-05-02,7454.371179999999,4696.671179999999,2757.7,2
2013-05-03,7503.985779999999,7503.985779999999,0.0,0
2013-05-06,7503.985779999999,7503.985779999999,0.0,0
2013-05-07,7503.985779999999,7503.985779999999,0.0,0
2013-05-08,7503.985779999999,7503.985779999999,0.0,0
2013-05-09,7503.985779999999,7503.985779999999,0.0,0
2013-05-10,7501.214739999998,2882.8147399999984,4618.4,4
2013-05-13,7463.914739999998,2882.8147399999984,4581.099999999999,4
2013-05-14,7415.814739999998,2882.8147399999984,4533.0,4
2013-05-15,7426.214739999998,2882.8147399999984,4543.4,4
2013-05-16,7519.423789999999,2700.7237899999986,4818.7,4
2013-05-17,7590.562089999998,2577.1620899999984,5013.4,4
2013-05-20,7634.808989999999,2677.5089899999984,4957.3,3
2013-05-21,7626.691549999999,6037.8915499999985,1588.8,1
2013-05-22,7632.291549999998,6037.8915499999985,1594.4,1
2013-05-23,7605.104849999998,3391.804849999998,4213.299999999999,3
2013-05-24,7618.904849999999,3391.804849999998,4227.1,3
2013-05-27,7615.402549999999,2220.6025499999982,5394.8,4
2013-05-28,7701.570909999998,1549.9709099999982,6151.599999999999,5
2013-05-29,7715.270909999998,1549.9709099999982,6165.3,5
2013-05-30,7696.270909999998,1549.9709099999982,6146.3,5
2013-05-31,7633.272359999998,1746.8723599999983,5886.4,5
2013-06-03,7620.941059999998,1809.3410599999982,5811.6,5
2013-06-04,7570.449759999999,1991.749759999998,5578.700000000001,5
2013-06-05,7551.1497599999975,1991.749759999998,5559.4,5
2013-06-06,7489.719309999999,2052.5193099999983,5437.200000000001,5
2013-06-07,7398.881209999998,2528.1812099999984,4870.7,5
2013-06-13,7270.637359999999,2815.537359999998,4455.1,5
2013-06-14,7289.482959999998,4377.882959999998,2911.6,3
2013-06-17,7263.283199999998,6370.883199999998,892.4,1
2013-06-18,7250.343199999998,7250.343199999998,0.0,0
2013-06-19,7250.343199999998,7250.343199999998,0.0,0
2013-06-20,7250.343199999998,7250.343199999998,0.0,0
2013-06-21,7250.343199999998,7250.343199999998,0.0,0
2013-06-24,7248.610549999999,4583.310549999999,2665.3,4
2013-06-25,7237.910549999999,4583.310549999999,2654.6,4
2013-06-26,7228.3784000000005,4779.5784,2448.8,3
2013-06-27,7239.2478,7239.2478,0.0,0
2013-06-28,7239.2478,7239.2478,0.0,0
2013-07-01,7239.2478,7239.2478,0.0,0
2013-07-02,7239.2478,7239.2478,0.0,0
2013-07-03,7239.2478,7239.2478,0.0,0
2013-07-04,7239.2478,7239.2478,0.0,0
2013-07-05,7239.2478,7239.2478,0.0,0
2013-07-08,7239.2478,7239.2478,0.0,0
2013-07-09,7239.2478,7239.2478,0.0,0
2013-07-10,7239.2478,7239.2478,0.0,0
2013-07-11,7239.2478,7239.2478,0.0,0
2013-07-12,7239.2478,7239.2478,0.0,0
2013-07-15,7238.6148,6183.6148,1055.0,1
2013-07-16,7237.9818000000005,7237.9818000000005,0.0,0
2013-07-17,7237.347960000001,6180.94796,1056.4,1
2013-07-18,7222.50691,4446.30691,2776.2000000000003,4
2013-07-19,7152.25306,7152.25306,0.0,0
2013-07-22,7149.0868,1871.9868,5277.1,4
2013-07-23,7300.9868,1871.9868,5429.0,4
2013-07-24,7259.59015,877.7901499999998,6381.8,4
2013-07-25,7224.447549999999,1762.1475500000001,5462.299999999999,4
2013-07-26,7195.685470000001,7195.685470000001,0.0,0
2013-07-29,7192.933990000001,2607.133990000001,4585.8,3
2013-07-30,7220.68842,1970.6884200000006,5250.0,4
2013-07-31,7234.28842,1970.6884200000006,5263.599999999999,4
2013-08-01,7362.4884200000015,1970.6884200000006,5391.800000000001,4
2013-08-02,7351.751900000001,5143.351900000001,2208.4,2
2013-08-05,7377.926330000001,7377.926330000001,0.0,0
2013-08-06,7377.926330000001,7377.926330000001,0.0,0
2013-08-07,7377.926330000001,7377.926330000001,0.0,0
2013-08-08,7374.694370000001,1988.0943700000014,5386.599999999999,4
2013-08-09,7387.104940000001,2392.6049400000015,4994.5,3
2013-08-12,7534.348940000002,631.5489400000015,6902.8,4
2013-08-13,7552.248940000001,631.5489400000015,6920.7,4
2013-08-14,7530.486940000002,2400.4869400000016,5130.0,3
2013-08-15,7476.966440000002,3579.2664400000017,3897.7,2
2013-08-16,7440.189050000001,2285.0890500000014,5155.099999999999,4
2013-08-19,7478.106200000001,2119.2062000000014,5358.9,4
2013-08-20,7449.022950000001,1151.9229500000013,6297.1,4
2013-08-21,7434.122950000001,1151.9229500000013,6282.2,4
2013-08-22,7419.802000000001,1993.102000000001,5426.7,4
2013-08-23,7374.402000000001,1993.102000000001,5381.3,4
2013-08-26,7488.402,1993.102000000001,5495.299999999999,4
2013-08-27,7489.902,1993.102000000001,5496.799999999999,4
2013-08-28,7459.802000000001,1993.102000000001,5466.7,4
2013-08-29,7444.602000000001,1993.102000000001,5451.5,4
2013-08-30,7435.402000000001,1993.102000000001,5442.3,4
2013-09-02,7458.3020000000015,1993.102000000001,5465.200000000001,4
2013-09-03,7534.402,1993.102000000001,5541.299999999999,4
2013-09-04,7526.232930000001,2557.932930000001,4968.3,3
2013-09-05,7511.667430000001,1626.1674300000009,5885.5,3
2013-09-06,7558.3929800000005,1974.692980000001,5583.7,3
2013-09-09,7830.872380000002,370.77238000000125,7460.1,5
2013-09-10,7904.098430000001,1160.8984300000009,6743.2,4
2013-09-11,7948.069240000001,2124.269240000001,5823.799999999999,3
2013-09-12,8012.882240000001,5767.082240000002,2245.7999999999997,1
2013-09-13,8007.737040000002,8007.737040000002,0.0,0
2013-09-16,8004.425220000002,2484.725220000002,5519.7,4
2013-09-17,7899.625220000002,2484.725220000002,5414.9,4
2013-09-18,7900.225220000002,2484.725220000002,5415.5,4
2013-09-23,7976.325220000002,2484.725220000002,5491.6,4
2013-09-24,7896.195620000002,2543.795620000002,5352.400000000001,4
2013-09-25,7864.183020000002,1517.683020000002,6346.5,4
2013-09-26,7752.143870000002,2395.243870000002,5356.9,4
2013-09-27,7765.004090000002,3316.904090000002,4448.1,3
2013-09-30,7787.294420000002,2446.294420000002,5341.0,4
2013-10-08,7855.794420000002,2446.294420000002,5409.5,4
2013-10-09,7868.9388800000015,7868.9388800000015,0.0,0
2013-10-10,7868.9388800000015,7868.9388800000015,0.0,0
2013-10-11,7868.9388800000015,7868.9388800000015,0.0,0
2013-10-14,7868.9388800000015,7868.9388800000015,0.0,0
2013-10-15,7867.716920000001,5831.116920000001,2036.6,1
2013-10-16,7821.3929800000005,2289.0929800000013,5532.299999999999,3
2013-10-17,7805.775100000001,5816.775100000001,1988.9999999999998,1
2013-10-18,7818.335180000001,4082.5351800000008,3735.8,2
2013-10-21,7890.61783,2281.7178300000005,5608.9,4
2013-10-22,7823.852639999999,4119.55264,3704.2999999999997,2
2013-10-23,7776.324140000001,4675.824140000001,3100.5,2
2013-10-24,7750.8725,5909.472500000001,1841.3999999999999,1
2013-10-25,7739.6786,2250.7786000000006,5488.9,3
2013-10-28,7755.2923200000005,3062.8923200000004,4692.4,3
2013-10-29,7753.85879,2549.158790000001,5204.7,3
2013-10-30,7828.48929,7828.48929,0.0,0
2013-10-31,7828.48929,7828.48929,0.0,0
2013-11-01,7828.48929,7828.48929,0.0,0
2013-11-04,7828.48929,7828.48929,0.0,0
2013-11-05,7828.48929,7828.48929,0.0,0
2013-11-06,7825.023509999999,2048.7235100000003,5776.299999999999,3
2013-11-07,7805.843209999999,5846.943209999999,1958.8999999999999,1
2013-11-08,7783.60509,1736.6050899999998,6047.0,5
2013-11-11,7809.735929999999,6682.235929999999,1127.5,1
2013-11-12,7803.687129999998,7579.287129999999,224.40000000000003,1
2013-11-13,7798.525129999998,5879.025129999998,1919.5000000000002,1
2013-11-14,7789.725129999998,5879.025129999998,1910.7,1
2013-11-15,7823.825129999998,5879.025129999998,1944.8,1
2013-11-18,7902.910069999998,7902.910069999998,0.0,0
2013-11-19,7902.910069999998,7902.910069999998,0.0,0
2013-11-20,7902.910069999998,7902.910069999998,0.0,0
2013-11-21,7902.910069999998,7902.910069999998,0.0,0
2013-11-22,7902.910069999998,7902.910069999998,0.0,0
2013-11-25,7899.816529999998,2743.9165299999986,5155.9,4
2013-11-26,7893.635569999999,4044.7355699999985,3848.8999999999996,3
2013-11-27,7928.8534199999995,1890.2534199999986,6038.6,5
2013-11-28,7979.119789999999,775.6197899999986,7203.5,4
2013-11-29,7971.704089999998,3963.904089999998,4007.8,2
2013-12-02,8003.585409999998,1922.1854099999978,6081.4,4
2013-12-03,8035.238949999997,5792.438949999997,2242.8,1
2013-12-04,8061.601329999997,2356.701329999997,5704.9,3
2013-12-05,8046.675309999997,1935.1753099999971,6111.5,4
2013-12-06,8021.479619999996,1750.079619999997,6271.4,5
2013-12-09,8017.834509999997,2680.434509999997,5337.4,4
2013-12-10,8016.806269999996,1637.9062699999968,6378.9,5
2013-12-11,7917.843269999998,1963.4432699999966,5954.400000000001,5
2013-12-12,7893.0432699999965,1963.4432699999966,5929.6,5
2013-12-13,7885.443269999996,1963.4432699999966,5922.0,5
2013-12-16,7813.004689999996,2985.3046899999963,4827.7,4
2013-12-17,7784.704689999996,2985.3046899999963,4799.4,4
2013-12-18,7787.263159999997,4210.263159999997,3577.0,2
2013-12-19,7755.386039999998,6004.386039999998,1751.0,1
2013-12-20,7726.015159999998,3165.4151599999977,4560.6,4
2013-12-23,7727.376339999998,7727.376339999998,0.0,0
2013-12-24,7727.376339999998,7727.376339999998,0.0,0
2013-12-25,7727.376339999998,7727.376339999998,0.0,0
2013-12-26,7727.376339999998,7727.376339999998,0.0,0
2013-12-27,7726.341339999998,6001.341339999998,1725.0,1
2013-12-30,7725.306339999998,7725.306339999998,0.0,0
2013-12-31,7725.306339999998,7725.306339999998,0.0,0
2014-01-02,7725.306339999998,7725.306339999998,0.0,0
2014-01-03,7724.271039999999,5998.771039999999,1725.4999999999998,1
2014-01-06,7704.67282,2200.9728199999986,5503.700000000001,4
2014-01-07,7701.106059999999,6030.106059999999,1671.0,1
2014-01-08,7699.463839999999,2096.9638399999994,5602.5,4
2014-01-09,7656.263839999999,2096.9638399999994,5559.299999999999,4
2014-01-10,7617.342019999999,3197.6420199999993,4419.7,3
2014-01-13,7587.606459999999,7587.606459999999,0.0,0
2014-01-14,7587.606459999999,7587.606459999999,0.0,0
2014-01-15,7587.606459999999,7587.606459999999,0.0,0
2014-01-16,7587.606459999999,7587.606459999999,0.0,0
2014-01-17,7587.606459999999,7587.606459999999,0.0,0
2014-01-20,7587.606459999999,7587.606459999999,0.0,0
2014-01-21,7586.752719999999,6163.852719999999,1422.8999999999999,1
2014-01-22,7615.645599999999,4817.845599999999,2797.8,2
2014-01-23,7604.042799999999,6155.042799999999,1449.0,1
2014-01-24,7611.3643,5947.8643,1663.4999999999998,2
2014-01-27,7575.58385,6108.58385,1467.0,1
2014-01-28,7575.58385,6108.58385,1467.0,1
2014-01-29,7588.19555,7588.19555,0.0,0
2014-01-30,7587.406790000001,6272.806790000001,1314.6,1
2014-02-07,7594.90127,4762.7012700000005,2832.2,2
2014-02-10,7680.532220000001,4424.232220000001,3256.3,2
2014-02-11,7689.26746,4339.66746,3349.6000000000004,2
2014-02-12,7689.86126,6015.66126,1674.2,1
2014-02-13,7694.35344,7694.35344,0.0,0
2014-02-14,7694.35344,7694.35344,0.0,0
2014-02-17,7691.88276,3574.0827600000002,4117.8,3
2014-02-18,7632.48127,3172.7812700000004,4459.7,4
2014-02-19,7681.966469999999,2585.2664700000005,5096.699999999999,5
2014-02-20,7650.07632,2965.1763200000005,4684.9,5
2014-02-21,7615.12407,3869.1240700000003,3746.0,4
2014-02-24,7538.98767,4141.587670000001,3397.4,4
2014-02-25,7456.98767,4141.587670000001,3315.3999999999996,4
2014-02-26,7460.23452,3434.834520000001,4025.3999999999996,5
2014-02-27,7463.73452,3434.834520000001,4028.8999999999996,5
2014-02-28,7505.534520000001,3434.834520000001,4070.7,5
2014-03-03,7504.419169999999,5479.01917,2025.4,2
2014-03-04,7497.03629,6783.03629,714.0,1
2014-03-05,7491.43629,6783.03629,708.4,1
2014-03-06,7494.53119,6172.43119,1322.1,1
2014-03-07,7491.15407,4876.45407,2614.7,2
2014-03-10,7432.15607,3907.65607,3524.5,4
2014-03-11,7437.256069999999,3907.65607,3529.6,4
2014-03-12,7429.52672,4545.02672,2884.5,3
2014-03-13,7455.62444,3540.62444,3915.0,4
2014-03-14,7425.61434,6547.21434,878.4,1
2014-03-17,7424.175590000001,7424.175590000001,0.0,0
2014-03-18,7424.175590000001,7424.175590000001,0.0,0
2014-03-19,7424.175590000001,7424.175590000001,0.0,0
2014-03-20,7422.66575,4906.2657500000005,2516.3999999999996,2
2014-03-21,7517.5895900000005,3611.8895900000007,3905.7,3
2014-03-24,7544.111710000001,6240.111710000001,1304.0,1
2014-03-25,7547.326910000002,7547.326910000002,0.0,0
2014-03-26,7547.326910000002,7547.326910000002,0.0,0
2014-03-27,7547.326910000002,7547.326910000002,0.0,0
2014-03-28,7544.950810000002,3792.7508100000023,3752.2,5
2014-03-31,7532.150810000003,3792.7508100000023,3739.4000000000005,5
2014-04-01,7567.350810000002,3792.7508100000023,3774.6,5
2014-04-02,7592.450810000002,3792.7508100000023,3799.7,5
2014-04-03,7569.558960000003,4181.558960000003,3388.0,3
2014-04-04,7597.158960000003,4181.558960000003,3415.6000000000004,3
2014-04-08,7681.587960000003,3638.987960000003,4042.6,3
2014-04-09,7675.562610000003,2789.062610000003,4886.5,6
2014-04-10,7744.394860000003,2252.9948600000034,5491.4,6
2014-04-11,7736.163210000004,4352.163210000004,3384.0,2
2014-04-14,7732.529510000004,3040.029510000004,4692.5,4
2014-04-15,7676.641060000004,1929.8410600000038,5746.8,6
2014-04-16,7674.542860000004,2525.542860000004,5149.0,6
2014-04-17,7665.886810000004,2637.486810000004,5028.4,6
2014-04-18,7669.277710000004,2418.9777100000038,5250.3,6
2014-04-21,7591.477710000004,2418.9777100000038,5172.5,6
2014-04-22,7608.377710000003,2418.9777100000038,5189.4,6
2014-04-23,7594.077710000004,2418.9777100000038,5175.1,6
2014-04-24,7588.270160000004,2833.5701600000034,4754.7,6
2014-04-25,7533.2192600000035,2935.2192600000035,4598.0,6
2014-04-28,7462.186760000003,4096.186760000003,3366.0,5
2014-04-29,7487.968860000003,3675.868860000003,3812.1,5
2014-04-30,7493.159010000003,7493.159010000003,0.0,0
2014-05-05,7491.588810000003,4951.188810000003,2540.4,3
2014-05-06,7490.899410000003,7328.499410000003,162.4,1
2014-05-07,7489.718710000003,7489.718710000003,0.0,0
2014-05-08,7488.921670000003,6160.521670000003,1328.4,1
2014-05-09,7488.124630000003,7488.124630000003,0.0,0
2014-05-12,7486.509610000003,4794.809610000003,2691.7,2
2014-05-13,7472.618490000003,6167.618490000003,1305.0,1
2014-05-14,7474.234050000003,7474.234050000003,0.0,0
2014-05-15,7474.234050000003,7474.234050000003,0.0,0
2014-05-16,7474.234050000003,7474.234050000003,0.0,0
2014-05-19,7472.480150000002,4764.680150000002,2707.8,4
2014-05-20,7466.284300000002,4446.784300000002,3019.5,3
2014-05-21,7492.6263000000035,3565.9263000000033,3926.7,5
2014-05-22,7483.184590000004,3372.584590000004,4110.6,4
2014-05-23,7511.316050000004,7511.316050000004,0.0,0
2014-05-26,7511.316050000004,7511.316050000004,0.0,0
2014-05-27,7511.316050000004,7511.316050000004,0.0,0
2014-05-28,7509.695630000005,4808.995630000005,2700.7,2
2014-05-29,7494.554880000005,3829.0548800000047,3665.5,4
2014-05-30,7492.780680000004,3252.2806800000044,4240.5,4
2014-06-03,7492.2908300000045,3391.4908300000043,4100.8,5
2014-06-04,7460.384530000004,3603.7845300000045,3856.5999999999995,5
2014-06-05,7497.0536800000045,3341.7536800000044,4155.3,5
2014-06-06,7476.953680000004,3341.7536800000044,4135.2,5
2014-06-09,7465.534580000004,2707.3345800000043,4758.2,6
2014-06-10,7520.127330000005,3521.327330000004,3998.8,5
2014-06-11,7516.865480000004,5363.165480000004,2153.7,2
2014-06-12,7511.465480000004,5363.165480000004,2148.3,2
2014-06-13,7530.013480000004,3129.213480000004,4400.8,5
2014-06-16,7552.478030000004,4012.7780300000036,3539.7000000000003,3
2014-06-17,7523.956530000003,3272.456530000003,4251.5,6
2014-06-18,7508.904630000004,3168.504630000003,4340.400000000001,6
2014-06-19,7444.747530000003,3482.2475300000033,3962.5,6
2014-06-20,7462.725030000003,4126.825030000004,3335.9,5
2014-06-23,7469.206130000004,3488.6061300000038,3980.6000000000004,6
2014-06-24,7487.106130000004,3488.6061300000038,3998.5,6
2014-06-25,7472.629980000003,4026.3299800000036,3446.3,5
2014-06-26,7497.293380000003,7497.293380000003,0.0,0
2014-06-27,7497.293380000003,7497.293380000003,0.0,0
2014-06-30,7497.293380000003,7497.293380000003,0.0,0
2014-07-01,7496.494900000003,6165.694900000003,1330.8,1
2014-07-02,7505.290660000003,7505.290660000003,0.0,0
2014-07-03,7503.124310000004,3970.424310000004,3532.7,4
2014-07-04,7501.038960000004,5267.238960000004,2233.8,2
2014-07-07,7497.451010000004,3830.951010000004,3666.5,4
2014-07-08,7513.346910000004,3831.846910000004,3681.5,5
2014-07-09,7465.456160000004,4212.956160000004,3252.5,5
2014-07-10,7459.556160000005,4212.956160000004,3246.6000000000004,5
2014-07-11,7477.2561600000045,4212.956160000004,3264.3,5
2014-07-14,7516.787510000004,3038.8875100000046,4477.9,4
2014-07-15,7516.657730000004,2939.4577300000046,4577.2,4
2014-07-16,7497.814190000005,4169.314190000005,3328.5,3
2014-07-17,7485.101010000004,4559.5010100000045,2925.6,3
2014-07-18,7496.997260000004,3833.3972600000043,3663.6,5
2014-07-21,7492.080010000003,3963.680010000004,3528.3999999999996,4
2014-07-22,7535.2705600000045,3709.770560000004,3825.5,5
2014-07-23,7537.334360000004,3437.0343600000037,4100.3,5
2014-07-24,7596.836820000004,2849.3368200000036,4747.5,5
2014-07-25,7636.787740000003,4547.087740000004,3089.7,2
2014-07-28,7711.857120000004,4366.857120000004,3345.0,2
2014-07-29,7709.610020000005,1999.3100200000044,5710.3,4
2014-07-30,7721.810020000004,1999.3100200000044,5722.5,4
2014-07-31,7776.749260000004,1933.3492600000047,5843.4,4
2014-08-01,7721.641860000005,2414.741860000005,5306.9,7
2014-08-04,7789.903310000004,2822.903310000005,4966.999999999999,6
2014-08-05,7782.552710000005,2235.552710000005,5547.0,7
2014-08-06,7768.919110000004,3146.8191100000045,4622.099999999999,5
2014-08-07,7720.101410000004,2536.8014100000046,5183.299999999999,6
2014-08-08,7727.301410000005,2536.8014100000046,5190.5,6
2014-08-11,7797.239960000005,2413.7399600000044,5383.500000000001,6
2014-08-12,7790.339960000004,2413.7399600000044,5376.599999999999,6
2014-08-13,7793.022660000004,2971.522660000004,4821.5,5
2014-08-14,7751.272760000004,3034.972760000004,4716.3,5
2014-08-15,7801.976060000004,2265.076060000004,5536.9,7
2014-08-18,7822.3602100000035,2649.460210000004,5172.9,6
2014-08-19,7822.860210000004,2649.460210000004,5173.400000000001,6
2014-08-20,7811.960210000004,2649.460210000004,5162.5,6
2014-08-21,7782.311510000005,4462.311510000005,3320.0,3
2014-08-22,7793.447160000005,2912.3471600000057,4881.099999999999,6
2014-08-25,7755.223160000006,3559.9231600000057,4195.3,5
2014-08-26,7726.229910000006,3197.629910000006,4528.6,6
2014-08-27,7726.709360000006,4107.009360000006,3619.7,4
2014-08-28,7704.409360000007,4107.009360000006,3597.4,4
2014-08-29,7721.542040288357,2741.4927900000066,4980.049250288351,4
2014-09-01,11461.957830000007,6862.357830000007,4599.6,2
2014-09-02,11492.97629000001,3469.6762900000076,8023.300000000001,3
2014-09-03,11531.383230000007,4986.183230000007,6545.200000000001,2
2014-09-04,11480.077470000006,1974.7774700000068,9505.3,3
2014-09-05,11457.377470000007,4972.977470000007,6484.4,2
2014-09-09,11453.791870000008,1995.191870000007,9458.6,3
2014-09-10,11416.226420000006,3325.126420000007,8091.1,3
2014-09-11,11390.045660000007,4418.445660000008,6971.6,5
2014-09-12,11433.737480000009,3561.4374800000082,7872.3,6
2014-09-15,11430.097880000008,3667.8978800000077,7762.2,6
2014-09-16,11289.892400000008,3459.992400000008,7829.9,7
2014-09-17,11321.960780000007,3970.1607800000074,7351.799999999999,4
2014-09-18,11349.864580000009,1947.6645800000078,9402.2,5
2014-09-19,11433.963030000006,4070.463030000007,7363.5,3
2014-09-22,11295.007130000009,3523.407130000008,7771.6,4
2014-09-23,11367.18253000001,8463.18253000001,2904.0,1
2014-09-24,11415.91863000001,1478.3186300000089,9937.6,5
2014-09-25,11413.246840000009,5483.446840000009,5929.8,2
2014-09-26,11410.00754000001,2364.5075400000087,9045.5,3
2014-09-29,11469.922280000008,8502.922280000008,2967.0,1
2014-09-30,11470.014280000009,5321.0142800000085,6149.0,2
2014-10-08,11430.97519000001,1233.47519000001,10197.5,5
2014-10-09,11469.75048000001,3944.65048000001,7525.1,3
2014-10-10,11410.50948000001,5362.70948000001,6047.799999999999,2
2014-10-13,11372.77988000001,3179.97988000001,8192.8,5
2014-10-14,11342.37988000001,3179.97988000001,8162.4,5
2014-10-15,11373.99484000001,3166.39484000001,8207.6,5
2014-10-16,11315.094990000009,2526.69499000001,8788.4,6
2014-10-17,11281.46486000001,3966.06486000001,7315.4,4
2014-10-20,11337.02729000001,4124.9272900000105,7212.1,3
2014-10-21,11268.72113000001,5668.62113000001,5600.1,3
2014-10-22,11211.18969000001,3849.2896900000096,7361.9,4
2014-10-23,11120.69295000001,4296.092950000009,6824.6,4
2014-10-24,11094.02128000001,6347.821280000009,4746.200000000001,2
2014-10-27,11072.24296000001,4408.84296000001,6663.4,5
2014-10-28,11162.356100000012,5608.15610000001,5554.200000000001,3
2014-10-29,11200.82677000001,8530.026770000011,2670.7999999999997,1
2014-10-30,11165.626770000012,8530.026770000011,2635.6,1
2014-10-31,11113.926770000011,8530.026770000011,2583.9,1
2014-11-03,11079.526010000012,6194.026010000011,4885.5,2
2014-11-04,11143.726010000011,6194.026010000011,4949.7,2
2014-11-05,11089.95295000001,2620.952950000011,8469.0,4
2014-11-06,11101.621810000011,2650.021810000011,8451.6,6
2014-11-07,11086.21716000001,2135.617160000011,8950.599999999999,8
2014-11-10,11257.113660000012,1328.1136600000111,9929.0,9
2014-11-11,11182.57721000001,2352.477210000011,8830.1,8
2014-11-12,11262.387740000013,3843.1877400000117,7419.200000000001,5
2014-11-13,11241.164250000013,2451.164250000012,8790.0,7
2014-11-14,11252.790430000012,3258.390430000012,7994.4,5
2014-11-17,11250.146080000013,1891.2460800000117,9358.900000000001,9
2014-11-18,11185.085370000012,2717.9853700000112,8467.1,6
2014-11-19,11172.806460000013,1704.7064600000115,9468.1,7
2014-11-20,11158.820170000014,2930.4201700000112,8228.400000000001,6
2014-11-21,11272.335210000012,1820.7352100000112,9451.6,6
2014-11-24,11428.698210000011,1546.498210000011,9882.2,6
2014-11-25,11518.445660000012,1144.4456600000112,10374.0,4
2014-11-26,11569.86408000001,2642.4640800000116,8927.4,3
2014-11-27,11620.790580000012,8400.790580000012,3220.0,1
2014-11-28,11616.361240000011,2977.461240000012,8638.9,4
2014-12-01,11580.092600000013,888.4926000000127,10691.6,5
2014-12-02,11828.037140000011,970.337140000013,10857.699999999999,8
2014-12-03,11895.087420000013,1132.9874200000136,10762.099999999999,6
2014-12-04,12201.194060000014,917.6940600000137,11283.5,6
2014-12-05,12200.191330000016,1267.2913300000137,10932.900000000001,5
2014-12-08,12374.410270000013,800.5102700000139,11573.9,5
2014-12-09,12084.741370000014,2169.141370000015,9915.6,8
2014-12-10,12323.500050000015,1606.0000500000149,10717.5,8
2014-12-11,12236.100050000014,1606.0000500000149,10630.099999999999,8
2014-12-12,12228.508980000017,932.1089800000148,11296.400000000001,9
2014-12-15,12263.008980000015,932.1089800000148,11330.9,9
2014-12-16,12401.745720000015,2636.2457200000154,9765.5,5
2014-12-17,12540.636980000016,989.8369800000153,11550.800000000001,9
2014-12-18,12558.695630000017,2129.0956300000153,10429.6,6
2014-12-19,12658.727920000016,886.2279200000148,11772.5,6
2014-12-22,12612.647320000015,2240.247320000014,10372.4,4
2014-12-23,12438.758540000013,1926.6585400000133,10512.1,5
2014-12-24,12220.200090000011,2142.4000900000124,10077.8,7
2014-12-25,12474.581290000013,1904.5812900000124,10570.0,7
2014-12-26,12753.678990000011,2840.3789900000124,9913.3,6
2014-12-29,12786.568110000013,1154.5681100000124,11632.0,7
2014-12-30,12740.02855000001,2259.7285500000116,10480.3,3
2014-12-31,12823.106270000011,9203.906270000012,3619.2,1
2015-01-05,12752.890750000013,1675.2907500000133,11077.6,4
2015-01-06,12704.673230000015,1150.9732300000132,11553.7,5
2015-01-07,12697.098760000012,5968.598760000013,6728.5,2
2015-01-08,12746.503520000013,5853.1035200000115,6893.400000000001,2
2015-01-09,12763.50580000001,1444.5058000000104,11319.0,6
2015-01-12,12707.105800000008,1444.5058000000104,11262.599999999999,6
2015-01-13,12693.45350000001,416.9535000000103,12276.5,7
2015-01-14,12631.20100000001,1007.1010000000103,11624.1,8
2015-01-15,12879.95343000001,1533.8534300000101,11346.1,8
2015-01-16,12947.704280000009,1706.1042800000096,11241.6,6
2015-01-19,12556.34598000001,2422.04598000001,10134.3,6
2015-01-20,12618.431390000009,2800.03139000001,9818.4,4
2015-01-21,12992.46368000001,2211.6636800000106,10780.8,3
2015-01-22,13075.462900000013,876.5629000000108,12198.900000000001,6
2015-01-23,13106.33358000001,1089.233580000011,12017.099999999999,4
2015-01-26,13193.665160000011,6557.065160000011,6636.6,2
2015-01-27,13136.15304000001,5949.7530400000105,7186.4,2
2015-01-28,13125.71328000001,895.2132800000104,12230.5,5
2015-01-29,13020.89908000001,3653.4990800000105,9367.4,4
2015-01-30,12935.400880000008,2854.000880000009,10081.4,7
2015-02-02,12857.37743000001,2606.777430000009,10250.6,7
2015-02-03,12989.783530000012,2218.4835300000095,10771.300000000001,7
2015-02-04,12963.804670000012,2211.40467000001,10752.400000000001,4
2015-02-05,12914.573040000008,1968.9730400000099,10945.599999999999,5
2015-02-06,12719.22728000001,6621.427280000011,6097.799999999999,3
2015-02-09,12669.22836000001,6979.32836000001,5689.9,2
2015-02-10,12712.91668000001,2944.216680000009,9768.7,4
2015-02-11,12742.294690000006,3873.694690000008,8868.599999999999,3
2015-02-12,12776.467760000005,3767.867760000007,9008.599999999999,3
2015-02-13,12890.79836000001,1885.3983600000079,11005.400000000001,4
2015-02-16,12938.401780000007,9690.401780000007,3248.0,1
2015-02-17,12942.097020000008,6513.897020000008,6428.200000000001,2
2015-02-25,12944.719160000008,3360.519160000007,9584.2,3
2015-02-26,13162.305540000007,452.40554000000657,12709.9,5
2015-02-27,13143.322020000007,5893.822020000007,7249.5,2
2015-03-02,13143.275760000002,1352.7757600000048,11790.499999999998,8
2015-03-03,13024.830660000003,2154.4306600000045,10870.399999999998,7
2015-03-04,13076.410000000003,2065.1100000000047,11011.3,6
2015-03-05,13005.865390000003,2087.1653900000047,10918.699999999999,8
2015-03-06,12962.365390000006,2087.1653900000047,10875.2,8
2015-03-09,13080.875590000005,1954.2755900000047,11126.6,9
2015-03-10,13035.949490000005,2896.049490000005,10139.9,8
2015-03-11,12986.790940000006,2272.290940000006,10714.5,8
2015-03-12,13055.424700000007,3665.424700000006,9390.0,6
2015-03-13,13115.172200000006,2401.1722000000063,10714.0,3
2015-03-16,13204.110700000007,553.4107000000063,12650.7,4
2015-03-17,13339.173300000006,5872.573300000006,7466.6,2
2015-03-18,13387.887800000006,9767.387800000006,3620.5,1
2015-03-19,13381.817840000005,13381.817840000005,0.0,0
2015-03-20,13379.549600000004,9599.149600000004,3780.4,1
2015-03-23,13392.872000000005,13392.872000000005,0.0,0
2015-03-24,13385.606060000006,1275.706060000006,12109.9,4
2015-03-25,13380.685470000004,142.58547000000635,13238.099999999999,6
2015-03-26,13358.065220000004,1527.8652200000058,11830.199999999999,4
2015-03-27,13435.678690000008,2146.7786900000056,11288.900000000001,3
2015-03-30,13733.416950000006,576.2169500000057,13157.2,6
2015-03-31,13650.209810000006,872.909810000006,12777.3,6
2015-04-01,13833.414810000006,5777.414810000006,8056.0,3
2015-04-02,13949.049760000005,13949.049760000005,0.0,0
2015-04-03,13949.049760000005,13949.049760000005,0.0,0
2015-04-07,13941.574180000003,1482.274180000004,12459.3,4
2015-04-08,13803.982830000004,3204.7828300000047,10599.2,3
2015-04-09,13791.742620000005,1506.842620000004,12284.9,4
2015-04-10,14093.699100000003,207.89910000000418,13885.8,4
2015-04-13,14077.771640000004,316.0716400000042,13761.7,4
2015-04-14,13859.142180000004,329.542180000004,13529.6,6
2015-04-15,21664.277400000003,1766.3774000000021,19897.9,5
2015-04-16,22033.8774,1766.3774000000021,20267.5,5
2015-04-17,22203.445570000003,1692.2455700000019,20511.2,4
2015-04-20,21634.699030000003,3406.599030000003,18228.1,6
2015-04-21,21986.999470000002,4605.799470000004,17381.199999999997,3
2015-04-22,22374.026030000005,4069.7260300000025,18304.300000000003,3
2015-04-23,22360.530770000005,981.6307700000034,21378.9,6
2015-04-24,22245.854710000003,990.654710000003,21255.2,6
2015-04-27,22566.69709,1989.597090000003,20577.1,4
2015-04-28,22346.77775,2208.177750000003,20138.6,7
2015-04-29,22407.003050000003,1161.5030500000025,21245.5,9
2015-04-30,22341.82435,2982.424350000002,19359.399999999998,8
2015-05-04,22418.905600000006,1096.0056000000022,21322.9,9
2015-05-05,21891.67047,2371.170470000002,19520.5,10
2015-05-06,21682.51837,3051.818370000002,18630.7,10
2015-05-07,21404.00337,5479.903370000001,15924.099999999999,10
2015-05-08,21636.73811,6508.638110000001,15128.099999999999,9
2015-05-11,22003.700470000003,5008.000470000001,16995.7,6
2015-05-12,22204.693010000006,4951.893010000003,17252.800000000003,4
2015-05-13,22219.643860000004,11086.443860000003,11133.2,2
2015-05-14,22175.178860000004,16857.978860000003,5317.2,1
2015-05-15,22138.351100000003,5471.551100000003,16666.8,3
2015-05-18,22145.050370000004,2647.0503700000036,19498.0,4
2015-05-19,22459.645870000008,4174.145870000006,18285.5,6
2015-05-20,22547.509170000005,1502.009170000005,21045.5,7
2015-05-21,22904.154650000004,4234.954650000005,18669.199999999997,3
2015-05-22,23071.650660000007,666.8506600000073,22404.8,5
2015-05-25,23370.50641000001,547.8064100000087,22822.7,5
2015-05-26,23219.73385000001,2316.0338500000094,20903.7,6
2015-05-27,23140.044350000007,2824.444350000008,20315.6,4
2015-05-28,22941.889370000008,7274.289370000008,15667.6,3
2015-05-29,23064.022530000006,2823.922530000008,20240.1,9
2015-06-01,23868.202230000006,622.1022300000081,23246.1,10
2015-06-02,24186.53878000001,495.03878000000816,23691.5,10
2015-06-03,23944.94400000001,2471.9440000000086,21473.0,8
2015-06-04,24008.513400000003,4429.913400000007,19578.6,3
2015-06-05,24160.70820000001,1141.5082000000057,23019.2,4
2015-06-08,24149.691180000005,2051.191180000006,22098.5,7
2015-06-09,24042.160160000003,745.960160000006,23296.199999999997,9
2015-06-10,24087.802780000005,3011.9027800000054,21075.9,4
2015-06-11,24212.992940000004,3585.1929400000045,20627.8,3
2015-06-12,24393.801620000002,902.7016200000039,23491.1,6
2015-06-15,23994.748310000003,6091.448310000003,17903.3,5
2015-06-16,23401.449520000002,4519.349520000003,18882.1,7
2015-06-17,23669.834120000003,4288.334120000003,19381.5,7
2015-06-18,23057.95436,6219.554360000002,16838.399999999998,8
2015-06-19,22444.498590000003,8975.198590000002,13469.300000000001,7
2015-06-23,22697.049310000002,8955.349310000001,13741.7,7
2015-06-24,22945.192730000002,10084.792730000003,12860.400000000001,3
2015-06-25,22662.468730000004,8187.268730000003,14475.2,4
2015-06-26,21533.55615,21533.55615,0.0,0
2015-06-29,21522.600150000002,3262.600150000001,18260.0,3
2015-06-30,21788.88211,1710.5821100000003,20078.3,7
2015-07-01,21030.67413,3314.1741299999994,17716.5,9
2015-07-02,20677.73967,6658.539669999999,14019.2,7
2015-07-03,20254.33653,9323.536530000001,10930.8,3
2015-07-06,20370.89188,7198.291880000002,13172.599999999999,5
2015-07-07,19812.693300000003,8991.193300000003,10821.5,5
2015-07-08,18735.643120000004,18735.643120000004,0.0,0
2015-07-09,18735.643120000004,18735.643120000004,0.0,0
2015-07-10,18735.643120000004,18735.643120000004,0.0,0
2015-07-13,18735.643120000004,18735.643120000004,0.0,0
2015-07-14,18735.643120000004,18735.643120000004,0.0,0
2015-07-15,18735.643120000004,18735.643120000004,0.0,0
2015-07-16,18735.643120000004,18735.643120000004,0.0,0
2015-07-17,18732.447700000004,13406.747700000004,5325.7,1
2015-07-20,18670.655780000005,3293.755780000004,15376.9,3
2015-07-21,18725.77142,8286.971420000002,10438.8,2
2015-07-22,18637.57406,1387.4740600000023,17250.1,4
2015-07-23,18798.131660000006,13496.531660000004,5301.6,1
2015-07-24,18733.528700000003,2187.5287000000035,16546.0,6
2015-07-27,17935.0194,4441.119400000004,13493.899999999998,8
2015-07-28,17988.952,4637.752000000005,13351.199999999997,8
2015-07-29,18405.101800000004,4136.801800000005,14268.3,8
2015-07-30,18174.027060000004,3425.6270600000043,14748.4,9
2015-07-31,18151.940440000006,5487.740440000005,12664.2,7
2015-08-03,18081.117600000005,9843.017600000003,8238.1,2
2015-08-04,18010.568960000004,6111.468960000002,11899.1,3
2015-08-05,17803.05476,7082.754760000002,10720.3,5
2015-08-06,17766.81531,7960.915310000001,9805.9,5
2015-08-07,17899.789530000002,5327.389530000001,12572.4,6
2015-08-10,18202.490810000003,3495.0908100000015,14707.4,7
2015-08-11,18360.05885,3621.5588500000003,14738.5,6
2015-08-12,18132.94481,5315.044810000001,12817.900000000001,5
2015-08-13,18290.46149,5121.261490000003,13169.2,3
2015-08-14,18346.23713,3164.2371300000023,15182.0,7
2015-08-17,18417.635830000003,5498.335830000002,12919.300000000001,6
2015-08-18,17677.155150000002,6056.955150000003,11620.199999999999,9
2015-08-19,17792.393850000004,5934.193850000003,11858.2,9
2015-08-20,17531.247000000003,6427.447000000003,11103.8,9
2015-08-21,17161.967600000004,6241.967600000004,10920.0,10
2015-08-24,16270.889180000006,16270.889180000006,0.0,0
2015-08-25,16270.889180000006,16270.889180000006,0.0,0
2015-08-26,16270.889180000006,16270.889180000006,0.0,0
2015-08-27,16263.366080000007,3724.866080000007,12538.5,8
2015-08-28,16671.162280000008,1796.4622800000068,14874.7,5
2015-08-31,16593.309000000005,7730.509000000006,8862.8,2
2015-09-01,16564.590540000005,12091.990540000006,4472.6,1
2015-09-02,16558.890540000008,12091.990540000006,4466.9,1
2015-09-07,16484.104180000006,7778.8041800000055,8705.300000000001,2
2015-09-08,16697.989550000006,2879.6895500000064,13818.3,3
2015-09-09,16906.28955000001,2879.6895500000064,14026.600000000002,3
2015-09-10,16661.511550000007,7677.511550000006,8984.0,2
2015-09-11,16634.879950000006,12060.879950000006,4574.0,1
2015-09-14,16622.141550000008,16622.141550000008,0.0,0
2015-09-15,16615.489050000007,5527.9890500000065,11087.5,4
2015-09-16,17424.536740000007,2500.736740000006,14923.800000000001,6
2015-09-17,17139.999060000006,7060.799060000006,10079.2,4
2015-09-18,17186.369800000004,4574.2698000000055,12612.099999999999,5
2015-09-21,17303.419180000004,12625.319180000006,4678.1,1
2015-09-22,17329.300560000007,7924.800560000006,9404.5,2
2015-09-23,17146.89426000001,2063.294260000006,15083.6,4
2015-09-24,17152.567230000008,2125.667230000007,15026.9,5
2015-09-25,17148.062970000006,1937.0629700000072,15211.0,6
2015-09-28,17105.172200000008,3905.372200000007,13199.800000000001,8
2015-09-29,16858.542460000008,4066.7424600000077,12791.800000000001,9
2015-09-30,16910.68364000001,7700.783640000008,9209.900000000001,4
2015-10-08,17186.79745000001,2969.3974500000086,14217.400000000001,5
2015-10-09,17325.77443000001,3425.374430000008,13900.4,3
2015-10-12,17743.30281000001,4395.802810000008,13347.5,4
2015-10-13,17735.19437000001,17735.19437000001,0.0,0
2015-10-14,17735.19437000001,17735.19437000001,0.0,0
2015-10-15,17725.516610000006,1595.9166100000084,16129.599999999999,6
2015-10-16,17887.71409000001,2849.614090000008,15038.1,7
2015-10-19,17899.41409000001,2849.614090000008,15049.800000000001,7
2015-10-20,18017.412290000007,3843.812290000008,14173.599999999999,6
2015-10-21,17772.46515000001,3808.765150000009,13963.7,8
2015-10-22,17931.710110000007,2526.2101100000086,15405.499999999998,9
2015-10-23,18195.81011000001,2526.2101100000086,15669.6,9
2015-10-26,18245.11011000001,2526.2101100000086,15718.9,9
2015-10-27,18265.11011000001,2526.2101100000086,15738.900000000001,9
2015-10-28,18119.31589000001,3485.1158900000087,14634.2,8
2015-10-29,18129.59607000001,5102.996070000009,13026.6,7
2015-10-30,18080.96592000001,6362.265920000009,11718.7,7
2015-11-02,17933.19617000001,6701.396170000009,11231.8,7
2015-11-03,17881.84567000001,5283.045670000009,12598.8,8
2015-11-04,18352.704680000006,3141.504680000008,15211.199999999999,9
2015-11-05,18436.704680000006,3141.504680000008,15295.199999999999,9
2015-11-06,18620.79770000001,4483.397700000009,14137.400000000001,8
2015-11-09,18692.433000000008,1247.6330000000087,17444.8,5
2015-11-10,18546.018720000007,5011.81872000001,13534.199999999999,3
2015-11-11,18524.538620000014,6571.03862000001,11953.500000000002,3
2015-11-12,18595.52752000001,4215.52752000001,14380.0,6
2015-11-13,18426.55263000001,3424.552630000009,15002.0,7
2015-11-16,18377.24938000001,3830.649380000009,14546.6,7
2015-11-17,18492.97819000001,4693.578190000009,13799.400000000001,7
2015-11-18,18374.17706000001,4093.277060000009,14280.9,7
2015-11-19,18647.44812000001,2553.348120000009,16094.099999999999,8
2015-11-20,18638.26447000001,5066.76447000001,13571.5,6
2015-11-23,18549.28512000001,5225.2851200000105,13324.0,5
2015-11-24,18592.44067000001,5513.940670000011,13078.5,5
2015-11-25,18701.15391000001,5127.35391000001,13573.8,4
2015-11-26,18643.84236000001,7948.642360000009,10695.2,4
2015-11-27,18099.982120000008,6637.782120000006,11462.2,7
2015-11-30,18106.022720000008,5037.8227200000065,13068.2,8
2015-12-01,18149.886350000008,5591.386350000006,12558.500000000002,7
2015-12-02,18477.625850000004,5270.125850000006,13207.5,7
2015-12-03,18504.051670000008,5556.551670000007,12947.5,5
2015-12-04,18381.98281000001,8958.682810000008,9423.3,2
2015-12-07,18552.931430000008,13580.531430000006,4972.400000000001,1
2015-12-08,18531.311990000006,8545.111990000005,9986.2,2
2015-12-09,18531.507610000008,8596.607610000006,9934.900000000001,2
2015-12-10,18440.530960000007,2041.8309600000075,16398.7,4
2015-12-11,18408.51454000001,9905.61454000001,8502.9,2
2015-12-14,18445.442010000013,1779.7420100000118,16665.7,5
2015-12-15,18466.435130000013,3125.9351300000117,15340.5,4
2015-12-16,18518.311450000012,8705.411450000012,9812.9,2
2015-12-17,18600.90005000001,8482.400050000013,10118.5,2
2015-12-18,18495.000050000013,8482.400050000013,10012.6,2
2015-12-21,18503.394210000017,1928.994210000014,16574.4,4
2015-12-22,18500.673020000013,13552.873020000014,4947.8,1
2015-12-23,18484.000320000014,4092.7003200000127,14391.300000000001,3
2015-12-24,18384.28540000001,13445.285400000012,4939.0,1
2015-12-25,18386.66520000001,8969.66520000001,9417.0,2
2015-12-28,18217.765440000014,5443.1654400000125,12774.6,7
2015-12-29,18309.62703000001,6345.727030000013,11963.9,6
2015-12-30,18310.49075000001,4450.790750000013,13859.7,7
2015-12-31,18217.881050000015,5069.681050000013,13148.2,7
2016-01-04,17583.413650000013,6302.613650000013,11280.8,8
2016-01-05,17540.932100000013,5846.732100000012,11694.199999999999,9
2016-01-06,17675.13210000001,5846.732100000012,11828.4,9
2016-01-07,17235.92730000001,9352.627300000013,7883.299999999999,7
2016-01-08,17224.40190000001,7687.301900000012,9537.1,9
2016-01-11,16898.07046000001,10569.070460000012,6329.0,5
2016-01-12,16924.06801000001,10841.66801000001,6082.400000000001,4
2016-01-13,16820.17875000001,16820.17875000001,0.0,0
2016-01-14,16820.17875000001,16820.17875000001,0.0,0
2016-01-15,16820.17875000001,16820.17875000001,0.0,0
2016-01-18,16817.40315000001,12191.40315000001,4626.0,1
2016-01-19,16813.40315000001,12191.40315000001,4622.0,1
2016-01-20,16849.40315000001,12191.40315000001,4658.0,1
2016-01-21,16891.40315000001,12191.40315000001,4700.0,1
2016-01-22,16861.40315000001,12191.40315000001,4670.0,1
2016-01-25,16869.40315000001,12191.40315000001,4678.0,1
2016-01-26,16940.62587000001,1360.2258700000093,15580.4,6
2016-01-27,16822.40389000001,2208.8038900000083,14613.6,4
2016-01-28,16469.791900000007,12456.091900000009,4013.7000000000003,1
2016-01-29,16469.22890000001,6880.228900000008,9589.0,3
2016-02-01,16429.72747000001,8710.92747000001,7718.8,2
2016-02-02,16574.58168000001,12513.28168000001,4061.2999999999997,1
2016-02-03,16591.58168000001,12513.28168000001,4078.3,1
2016-02-04,16628.981680000008,12513.28168000001,4115.7,1
2016-02-05,16672.58938000001,8028.589380000009,8644.0,3
2016-02-15,16634.941170000013,8128.841170000011,8506.1,2
2016-02-16,16712.26797000001,7982.267970000011,8730.0,2
2016-02-17,16651.563270000013,16651.563270000013,0.0,0
2016-02-18,16645.58727000001,6685.587270000013,9960.0,3
2016-02-19,16627.740110000013,12434.340110000014,4193.4,1
2016-02-22,16633.138410000014,5671.538410000014,10961.600000000002,4
2016-02-23,16557.538910000014,8656.338910000013,7901.2,2
2016-02-24,16593.91719000001,4793.517190000011,11800.4,6
2016-02-25,16037.118980000014,6271.518980000013,9765.6,7
2016-02-26,16095.318980000015,6271.518980000013,9823.800000000001,7
2016-02-29,15843.518980000012,6271.518980000013,9572.0,7
2016-03-01,16015.218980000012,6271.518980000013,9743.699999999999,7
2016-03-02,16381.422480000012,4742.622480000013,11638.8,8
2016-03-03,16361.71838000001,12697.91838000001,3663.8,1
2016-03-04,16404.71956000001,7679.61956000001,8725.099999999999,4
2016-03-07,16398.47972000001,12092.779720000011,4305.7,4
2016-03-08,16411.523550000013,8753.523550000013,7658.0,2
2016-03-09,16356.397210000014,7405.497210000013,8950.9,7
2016-03-10,16289.755090000013,7654.855090000012,8634.900000000001,6
2016-03-11,16313.05963000001,6680.859630000013,9632.199999999999,7
2016-03-14,16421.123300000014,5750.323300000013,10670.8,8
2016-03-15,16370.813980000014,5775.513980000012,10595.300000000001,8
2016-03-16,16396.89428000001,5495.394280000012,10901.5,7
2016-03-17,16481.87717000001,2936.6771700000118,13545.199999999999,9
2016-03-18,16625.553920000013,3837.053920000012,12788.500000000002,8
2016-03-21,16732.59260000001,5093.892600000012,11638.7,6
2016-03-22,16680.12529000001,3601.125290000012,13079.0,5
2016-03-23,16703.61943000001,2257.219430000012,14446.399999999998,5
2016-03-24,16541.987410000012,4130.687410000011,12411.300000000001,6
2016-03-25,16567.11206000001,3889.2120600000117,12677.9,8
2016-03-28,16500.38466000001,4143.684660000012,12356.699999999999,8
2016-03-29,16391.61911000001,4474.419110000012,11917.199999999999,8
2016-03-30,16686.11911000001,4474.419110000012,12211.699999999999,8
2016-03-31,16663.63087000001,5509.530870000012,11154.1,7
2016-04-01,16651.63087000001,5509.530870000012,11142.099999999999,7
2016-04-05,16748.026170000012,5099.726170000013,11648.3,7
2016-04-06,16734.42365000001,4502.323650000013,12232.1,5
2016-04-07,16654.964090000016,4392.264090000013,12262.7,7
2016-04-08,16562.026940000014,5065.926940000013,11496.1,7
2016-04-11,16680.272220000013,3473.772220000013,13206.500000000002,8
2016-04-12,16646.782460000017,5122.382460000013,11524.400000000001,7
2016-04-13,16779.015280000014,4667.615280000014,12111.4,7
2016-04-14,16868.571760000013,6405.771760000014,10462.8,6
2016-04-15,16860.497620000016,6330.797620000014,10529.7,4
2016-04-18,16744.120720000014,4956.820720000015,11787.3,8
2016-04-19,16793.450310000015,4812.250310000014,11981.2,6
2016-04-20,16584.954320000015,3060.6543200000133,13524.300000000001,9
2016-04-21,16615.954320000015,3060.6543200000133,13555.300000000001,9
2016-04-22,16617.554320000014,3060.6543200000133,13556.9,9
2016-04-25,16548.971200000015,7395.4712000000145,9153.5,5
2016-04-26,16581.694510000016,5133.294510000014,11448.4,6
2016-04-27,16578.105850000014,2763.005850000015,13815.1,4
2016-04-28,16607.605850000014,2763.005850000015,13844.599999999999,4
2016-04-29,16540.505850000016,2763.005850000015,13777.5,4
2016-05-03,16579.385690000014,8314.485690000014,8264.9,2
2016-05-04,16498.985690000016,8314.485690000014,8184.5,2
2016-05-05,16500.644410000015,8286.844410000014,8213.8,2
2016-05-06,16438.921770000015,4601.821770000014,11837.100000000002,3
2016-05-09,16451.492670000014,3330.6926700000135,13120.8,5
2016-05-10,16417.16395000001,6267.163950000011,10150.0,4
2016-05-11,16428.89934000001,7291.699340000009,9137.2,3
2016-05-12,16422.05302000001,5354.653020000009,11067.400000000001,4
2016-05-13,16407.583380000007,12652.783380000008,3754.7999999999997,1
2016-05-16,16425.783380000008,12652.783380000008,3773.0,1
2016-05-17,16405.330500000007,16405.330500000007,0.0,0
2016-05-18,16405.330500000007,16405.330500000007,0.0,0
2016-05-19,16403.112900000007,12707.112900000007,3696.0,1
2016-05-20,16400.312900000008,12707.112900000007,3693.2,1
2016-05-23,16391.704340000004,5355.104340000007,11036.599999999999,3
2016-05-24,16312.083140000008,9054.883140000007,7257.200000000001,2
2016-05-25,16229.545100000007,12616.145100000007,3613.4,1
2016-05-26,16239.371740000006,12911.171740000007,3328.2,1
2016-05-27,16239.728980000007,12667.828980000008,3571.8999999999996,1
2016-05-30,16269.791320000008,5267.2913200000075,11002.5,3
2016-05-31,16411.487360000006,3467.6873600000085,12943.8,4
2016-06-01,16357.941830000009,8768.14183000001,7589.799999999999,2
2016-06-02,16361.24683000001,12590.84683000001,3770.4,1
2016-06-03,16358.953630000009,8766.55363000001,7592.4,2
2016-06-06,16305.929150000009,6741.62915000001,9564.3,3
2016-06-07,16369.554890000007,5761.154890000009,10608.399999999998,6
2016-06-08,16357.165290000008,4380.7652900000085,11976.4,6
2016-06-13,16085.697340000008,4619.297340000008,11466.4,8
2016-06-14,16119.888240000007,5236.788240000008,10883.099999999999,8
2016-06-15,16236.500140000007,6520.900140000008,9715.6,7
2016-06-16,16162.800140000007,6520.900140000008,9641.9,7
2016-06-17,16208.19614000001,5538.896140000008,10669.300000000001,8
2016-06-20,16237.64450000001,9074.344500000008,7163.3,2
2016-06-21,16227.09466000001,4130.094660000009,12097.0,4
2016-06-22,16248.757620000008,6311.657620000007,9937.1,5
2016-06-23,16203.941190000005,12718.641190000006,3485.3,1
2016-06-24,16357.937410000006,5193.137410000006,11164.8,9
2016-06-27,16474.758660000007,4577.858660000005,11896.900000000001,8
2016-06-28,16475.668560000006,3003.068560000006,13472.6,5
2016-06-29,16539.26219000001,2761.8621900000057,13777.400000000001,5
2016-06-30,16629.186730000005,12382.086730000006,4247.099999999999,1
2016-07-01,16651.34989000001,12364.349890000009,4287.0,1
2016-07-04,16706.29873000001,4917.998730000008,11788.3,5
2016-07-05,16705.17539000001,5536.675390000009,11168.500000000002,4
2016-07-06,16806.65123000001,2422.3512300000093,14384.3,4
2016-07-07,16784.58473000001,8752.684730000008,8031.9,2
2016-07-08,16750.32959000001,9450.129590000006,7300.200000000001,2
2016-07-11,16830.926710000007,3877.926710000005,12953.000000000002,6
2016-07-12,17026.461690000004,1983.5616900000048,15042.9,8
2016-07-13,17071.383500000004,3993.5835000000043,13077.800000000001,5
2016-07-14,17043.986600000004,5000.586600000003,12043.4,4
2016-07-15,17064.923660000004,7095.223660000002,9969.7,3
2016-07-18,17023.606680000004,6240.406680000003,10783.2,4
2016-07-19,17014.849580000006,4921.5495800000035,12093.300000000001,8
2016-07-20,17010.74958,4921.5495800000035,12089.199999999997,8
2016-07-21,17055.049580000003,4921.5495800000035,12133.5,8
2016-07-22,16986.549580000003,4921.5495800000035,12065.0,8
2016-07-25,16994.583530000004,5523.083530000003,11471.5,7
2016-07-26,17124.975530000003,3842.075530000003,13282.9,8
2016-07-27,16932.37553,3842.075530000003,13090.3,8
2016-07-28,16951.975530000003,3842.075530000003,13109.900000000001,8
2016-07-29,16962.178200000002,5319.7782000000025,11642.4,7
2016-08-01,16903.1787,3319.1787000000027,13583.999999999998,7
2016-08-02,16952.175600000002,2551.175600000003,14401.0,8
2016-08-03,16874.617930000004,5964.417930000004,10910.199999999999,5
2016-08-04,16886.849550000006,3561.5495500000056,13325.3,6
2016-08-05,16982.676950000005,3847.4769500000057,13135.199999999999,4
2016-08-08,17118.154620000005,3353.3546200000055,13764.8,4
2016-08-09,17108.635380000007,2238.2353800000055,14870.4,5
2016-08-10,17145.033680000004,3669.633680000006,13475.4,4
2016-08-11,17066.163870000004,7745.563870000006,9320.599999999999,2
2016-08-12,17133.78291000001,810.5829100000083,16323.199999999999,5
2016-08-15,17215.88077000001,3276.180770000008,13939.7,6
2016-08-16,17151.623900000006,2013.3239000000078,15138.3,6
2016-08-17,17099.21180000001,3292.4118000000076,13806.800000000001,3
2016-08-18,17138.004760000007,7968.004760000007,9170.0,2
2016-08-19,17128.54790000001,3237.9479000000065,13890.600000000002,3
2016-08-22,17068.290760000007,3873.590760000008,13194.699999999999,7
2016-08-23,17096.15832000001,4571.3583200000085,12524.8,7
2016-08-24,17048.89812000001,4691.598120000009,12357.300000000001,7
2016-08-25,17009.764070000012,3802.0640700000095,13207.7,8
2016-08-26,17016.38601000001,5208.886010000009,11807.500000000002,7
2016-08-29,17002.673550000007,4739.773550000009,12262.9,6
2016-08-30,17059.43288000001,2820.4328800000094,14239.000000000002,6
2016-08-31,17104.40290000001,2024.8029000000088,15079.599999999999,5
2016-09-01,17014.964000000007,9478.664000000008,7536.300000000001,2
2016-09-02,17043.93859000001,2068.938590000008,14975.0,4
2016-09-05,17190.66359000001,12513.26359000001,4677.400000000001,1
2016-09-06,17264.64431000001,5327.244310000011,11937.4,3
2016-09-07,17273.031760000013,4156.231760000012,13116.8,4
2016-09-08,17273.208200000012,9404.708200000012,7868.5,2
2016-09-09,17246.552100000015,9409.452100000013,7837.1,2
2016-09-12,17022.489060000014,4381.289060000014,12641.2,9
2016-09-13,17063.302660000016,4021.302660000014,13042.000000000002,10
2016-09-14,16985.431240000013,4530.931240000014,12454.5,9
2016-09-19,17086.409900000013,3917.909900000015,13168.5,6
2016-09-20,17068.399010000016,11127.399010000016,5941.0,2
2016-09-21,17125.134410000013,12567.534410000015,4557.6,1
2016-09-22,17121.534410000015,12567.534410000015,4554.0,1
2016-09-23,17136.791210000014,17136.791210000014,0.0,0
2016-09-26,17130.61607000001,6838.716070000013,10291.9,5
2016-09-27,17145.856810000012,6161.456810000014,10984.4,3
2016-09-28,17118.356810000012,6161.456810000014,10956.899999999998,3
2016-09-29,17152.885400000014,4453.885400000016,12699.0,5
2016-09-30,17160.819040000017,5685.5190400000165,11475.3,3
2016-10-10,17154.331860000017,3169.9318600000165,13984.400000000001,3
2016-10-11,17242.296020000016,7893.496020000017,9348.8,2
2016-10-12,17218.397720000015,17218.397720000015,0.0,0
2016-10-13,17215.587020000014,12531.087020000015,4684.5,1
2016-10-14,17207.257220000018,12506.057220000017,4701.2,1
2016-10-17,17134.09386000001,3190.8938600000156,13943.199999999997,8
2016-10-18,17282.198770000014,3977.3987700000157,13304.8,7
2016-10-19,17255.354910000016,2276.654910000015,14978.7,5
2016-10-20,17263.295660000018,2994.5956600000154,14268.7,5
2016-10-21,17309.008460000012,2570.1084600000154,14738.899999999998,6
2016-10-24,17440.120830000014,1804.9208300000146,15635.2,7
2016-10-25,17442.520830000016,1804.9208300000146,15637.6,7
2016-10-26,17391.600050000015,2465.8000500000153,14925.8,8
2016-10-27,17330.954010000016,3399.654010000015,13931.3,7
2016-10-28,17323.827630000018,3345.027630000017,13978.800000000001,8
2016-10-31,17302.858020000014,2848.9580200000164,14453.9,9
2016-11-01,17393.158020000017,2848.9580200000164,14544.2,9
2016-11-02,17263.610820000016,1436.1108200000165,15827.5,10
2016-11-03,17328.510820000018,1436.1108200000165,15892.400000000001,10
2016-11-04,17271.494950000015,3087.4949500000166,14184.0,8
2016-11-07,17324.813830000017,4752.913830000017,12571.9,5
2016-11-08,17372.805750000018,3051.105750000018,14321.699999999999,9
2016-11-09,17249.331660000018,3696.531660000018,13552.800000000001,9
2016-11-10,17442.108800000016,2795.608800000015,14646.5,3
2016-11-11,17507.542990000016,7561.0429900000145,9946.5,2
2016-11-14,17368.743070000015,4286.743070000015,13082.0,5
2016-11-15,17374.529150000013,5869.929150000013,11504.6,3
2016-11-16,17398.786930000013,12771.386930000013,4627.4,1
2016-11-17,17382.25429000001,4926.654290000013,12455.6,4
2016-11-18,17358.849180000012,3691.449180000014,13667.4,7
2016-11-21,17414.064620000016,4433.364620000015,12980.7,6
2016-11-22,17542.906080000015,2421.406080000015,15121.5,4
2016-11-23,17536.888520000015,4613.888520000014,12923.0,4
2016-11-24,17753.161810000016,7941.161810000015,9812.0,2
2016-11-25,17776.353770000012,7868.553770000014,9907.8,2
2016-11-28,17820.308690000013,12144.208690000014,5676.1,2
2016-11-29,17797.229590000014,3857.429590000015,13939.8,7
2016-11-30,17696.612070000017,2685.2120700000155,15011.400000000001,8
2016-12-01,17740.156940000015,2002.956940000016,15737.2,8
2016-12-02,17598.122800000016,2508.7228000000155,15089.4,9
2016-12-05,17462.236050000018,2682.0360500000156,14780.2,9
2016-12-06,17511.875390000016,4282.175390000016,13229.7,8
2016-12-07,17577.560420000016,5549.160420000017,12028.4,6
2016-12-08,17621.88200000002,3678.182000000017,13943.7,7
2016-12-09,17642.556810000016,5037.456810000016,12605.1,5
2016-12-12,17452.212830000015,4375.712830000016,13076.5,7
2016-12-13,17506.932070000017,3214.632070000016,14292.3,7
2016-12-14,17433.113520000014,5879.813520000016,11553.3,5
2016-12-15,17280.876190000014,4730.276190000016,12550.599999999999,8
2016-12-16,17357.751310000018,5835.151310000016,11522.600000000002,7
2016-12-19,17328.25017000002,4813.650170000019,12514.6,3
2016-12-20,17351.40805000002,3192.40805000002,14159.0,5
2016-12-21,17608.89079000002,2208.3907900000186,15400.5,4
2016-12-22,17500.36707000002,4177.267070000019,13323.1,3
2016-12-23,17351.332410000017,8565.732410000019,8785.6,2
2016-12-26,17434.346810000017,13039.046810000018,4395.3,1
2016-12-27,17268.625930000017,9001.825930000017,8266.8,2
2016-12-28,16911.090080000016,6256.190080000016,10654.9,3
2016-12-29,16734.351580000017,9875.351580000017,6859.0,2
2016-12-30,16639.160730000018,10056.860730000017,6582.299999999999,2
2017-01-03,16345.235530000018,10706.735530000018,5638.5,2
2017-01-04,16383.735530000018,10706.735530000018,5677.0,2
2017-01-05,16380.556570000017,13336.756570000018,3043.7999999999997,2
2017-01-06,16381.283820000019,13482.083820000018,2899.2000000000003,1
2017-01-09,16395.54674000002,13750.54674000002,2645.0,1
2017-01-10,16413.54674000002,13750.54674000002,2663.0,1
2017-01-11,16410.308540000024,7826.108540000022,8584.2,5
2017-01-12,16374.49068000002,7614.490680000022,8760.0,7
2017-01-13,16357.569380000023,8298.769380000023,8058.799999999999,6
2017-01-16,16304.172380000024,7983.472380000023,8320.7,8
2017-01-17,16329.940520000022,8233.140520000023,8096.799999999999,9
2017-01-18,16345.386620000025,8234.686620000024,8110.700000000001,6
2017-01-19,16317.619280000024,8729.219280000025,7588.4,6
2017-01-20,16352.197290000026,6837.797290000026,9514.4,6
2017-01-23,16318.235360000028,8745.835360000026,7572.400000000001,6
2017-01-24,16331.433620000027,9726.433620000027,6605.0,4
2017-01-25,16327.687570000026,8746.787570000026,7580.9,6
2017-01-26,16367.478070000026,8595.178070000027,7772.299999999999,6
2017-02-03,16331.977930000026,8740.577930000027,7591.400000000001,6
2017-02-06,16356.963170000028,9895.463170000026,6461.500000000001,5
2017-02-07,16363.963170000026,9895.463170000026,6468.5,5
2017-02-08,16401.663180000025,9750.863180000026,6650.800000000001,5
2017-02-09,16411.363180000026,9750.863180000026,6660.5,5
2017-02-10,16457.407880000028,9106.707880000027,7350.700000000001,7
2017-02-13,16494.739180000026,9499.639180000027,6995.1,6
2017-02-14,16480.631230000028,10554.631230000028,5926.0,4
2017-02-15,16506.91038000003,7689.010380000029,8817.9,8
2017-02-16,16546.80859000003,7658.308590000029,8888.5,9
2017-02-17,16524.26679000003,6974.266790000029,9550.0,10
2017-02-20,16608.310390000028,8067.610390000029,8540.7,9
2017-02-21,16615.34509000003,7336.545090000029,9278.800000000001,10
2017-02-22,16636.14069000003,7091.1406900000275,9545.0,7
2017-02-23,16610.43335000003,6480.433350000027,10130.0,9
2017-02-24,16608.147190000025,7006.147190000026,9602.0,7
2017-02-27,16574.884840000028,6574.7848400000275,10000.1,10
2017-02-28,16581.081040000026,7747.081040000027,8834.0,9
2017-03-01,16593.04707000003,7851.047070000028,8742.0,9
2017-03-02,16590.16017000003,6876.660170000028,9713.5,10
2017-03-03,16557.27117000003,7854.071170000028,8703.2,9
2017-03-06,16617.45707000003,8246.757070000029,8370.7,8
2017-03-07,16622.76313000003,8294.763130000028,8328.0,6
2017-03-08,16569.08915000003,8439.089150000029,8130.0,6
2017-03-09,16480.499610000028,6240.19961000003,10240.3,8
2017-03-10,16521.57545000003,8380.17545000003,8141.4,6
2017-03-13,16598.06394000003,7221.463940000031,9376.6,5
2017-03-14,16606.94681000003,7910.04681000003,8696.900000000001,3
2017-03-15,16567.00638000003,7495.30638000003,9071.7,5
2017-03-16,16658.29580000003,13593.59580000003,3064.7,1
2017-03-17,16649.908860000032,8521.708860000032,8128.200000000001,5
2017-03-20,16668.835420000032,6898.335420000031,9770.5,6
2017-03-21,16715.828330000033,5796.228330000031,10919.6,7
2017-03-22,16545.79368000003,6201.193680000032,10344.6,7
2017-03-23,16579.437220000033,6432.737220000032,10146.7,9
2017-03-24,16609.185450000034,8625.085450000033,7984.1,4
2017-03-27,16536.27287000003,7829.572870000031,8706.7,3
2017-03-28,16608.069540000026,7271.369540000029,9336.699999999999,8
2017-03-29,16632.62942000003,9669.02942000003,6963.6,3
2017-03-30,16573.784940000027,7213.384940000028,9360.4,6
2017-03-31,16592.602320000027,9200.002320000029,7392.6,4
2017-04-05,16706.66629000003,8639.866290000029,8066.799999999999,4
2017-04-06,16703.037970000027,9057.737970000027,7645.299999999999,3
2017-04-07,16728.064300000027,7732.064300000027,8996.0,4
2017-04-10,16717.297060000026,13628.497060000027,3088.7999999999997,1
2017-04-11,16716.986200000025,8294.286200000024,8422.7,5
2017-04-12,16705.364180000026,6550.464180000023,10154.900000000001,6
2017-04-13,16723.264210000023,8413.464210000022,8309.8,4
2017-04-14,16643.929850000022,7127.929850000021,9516.0,6
2017-04-17,16611.308270000023,6830.208270000021,9781.1,7
2017-04-18,16570.808270000023,6830.208270000021,9740.6,7
2017-04-19,16511.99982000002,7246.799820000021,9265.199999999999,7
2017-04-20,16534.66301000002,7879.16301000002,8655.5,6
2017-04-21,16533.39743000002,10957.39743000002,5576.0,2
2017-04-24,16484.74139000002,9285.14139000002,7199.599999999999,5
2017-04-25,16502.78591000002,7933.685910000021,8569.1,3
2017-04-26,16533.09839000002,10911.098390000021,5622.0,2
2017-04-27,16516.23605000002,8946.136050000021,7570.1,4
2017-04-28,16511.361210000017,13791.36121000002,2720.0,1
2017-05-02,16494.738210000018,16494.738210000018,0.0,0
2017-05-03,16491.351450000016,10846.751450000018,5644.6,2
2017-05-04,16474.221090000017,6938.821090000018,9535.4,4
2017-05-05,16432.810680000017,7326.110680000016,9106.7,7
2017-05-08,16387.23718000002,7262.637180000018,9124.599999999999,8
2017-05-09,16403.56503000002,8263.965030000018,8139.6,7
2017-05-10,16386.223930000015,7714.323930000017,8671.9,5
2017-05-11,16391.334390000018,8333.934390000017,8057.400000000001,4
2017-05-12,16403.588950000016,13737.288950000016,2666.3,1
2017-05-15,16413.621430000017,10956.421430000017,5457.200000000001,2
2017-05-16,16443.254630000018,8176.754630000017,8266.5,3
2017-05-17,16393.354630000016,8176.754630000017,8216.6,3
2017-05-18,16267.082180000018,7466.382180000017,8800.7,4
2017-05-19,16302.426880000017,8975.826880000017,7326.599999999999,4
2017-05-22,16357.256880000017,9171.756880000017,7185.5,4
2017-05-23,16401.436260000017,8301.736260000018,8099.7,8
2017-05-24,16404.436260000017,8301.736260000018,8102.700000000001,8
2017-05-25,16552.110490000017,8095.510490000019,8456.599999999999,7
2017-05-26,16551.385560000024,8869.685560000022,7681.700000000001,4
2017-05-31,16538.136870000024,9191.536870000022,7346.6,3
2017-06-01,16524.959450000024,6894.459450000022,9630.5,4
2017-06-02,16555.737540000024,6676.337540000022,9879.4,5
2017-06-05,16551.496580000025,5531.796580000023,11019.7,8
2017-06-06,16625.73160000002,6090.631600000022,10535.099999999999,8
2017-06-07,16701.484700000023,7501.284700000022,9200.2,7
2017-06-08,16756.48776000002,7886.087760000021,8870.4,6
2017-06-09,16773.785640000024,7984.985640000023,8788.8,6
2017-06-12,16736.24688000002,8579.046880000024,8157.199999999999,4
2017-06-13,16714.18522000002,7679.185220000022,9035.0,5
2017-06-14,16688.858590000025,7489.158590000023,9199.7,7
2017-06-15,16626.248240000023,7446.248240000023,9180.0,8
2017-06-16,16619.866070000022,9187.266070000022,7432.599999999999,7
2017-06-19,16667.643100000023,8217.243100000025,8450.4,6
2017-06-20,16637.160510000023,6923.760510000024,9713.4,8
2017-06-21,16704.709650000026,7976.009650000024,8728.7,6
2017-06-22,16735.168960000025,6947.068960000022,9788.1,7
2017-06-23,16788.50096000002,10146.100960000022,6642.4,3
2017-06-26,16868.49312000002,5797.093120000022,11071.4,4
2017-06-27,16862.20768000002,5792.107680000023,11070.1,4
2017-06-28,16797.874710000026,5302.674710000023,11495.2,6
2017-06-29,16855.544390000025,7982.2443900000235,8873.3,3
2017-06-30,16767.55259000002,7381.552590000022,9386.0,5
2017-07-03,16740.709710000017,7240.109710000019,9500.6,9
2017-07-04,16664.598780000022,7807.99878000002,8856.6,9
2017-07-05,16746.55939000002,8163.359390000019,8583.2,6
2017-07-06,16764.72359000002,6769.523590000019,9995.2,7
2017-07-07,16770.14667000002,5906.846670000019,10863.300000000001,6
2017-07-10,16776.727990000018,6290.927990000019,10485.8,4
2017-07-11,16798.32751000002,7206.82751000002,9591.5,3
2017-07-12,16755.89593000002,5200.89593000002,11555.0,6
2017-07-13,16862.70058000002,5010.00058000002,11852.7,6
2017-07-14,16913.13030000002,6652.0303000000185,10261.1,3
2017-07-17,16745.21640000002,7270.616400000019,9474.6,6
2017-07-18,16750.29338000002,6458.293380000019,10292.000000000002,7
2017-07-19,16946.735220000017,7479.035220000019,9467.699999999999,5
2017-07-20,16990.428670000023,5366.22867000002,11624.2,6
2017-07-21,16915.50962000002,6003.709620000021,10911.8,6
2017-07-24,16945.138200000023,8142.938200000021,8802.2,3
2017-07-25,16918.253000000022,7460.2530000000215,9458.0,4
2017-07-26,16909.558990000023,6903.458990000023,10006.1,7
2017-07-27,16961.527440000023,5857.027440000023,11104.5,8
2017-07-28,16927.21732000002,8011.617320000022,8915.6,5
2017-07-31,16946.18579000002,6206.685790000023,10739.499999999998,8
2017-08-01,17032.562550000024,6771.3625500000235,10261.199999999999,6
2017-08-02,17047.95119000002,6022.951190000022,11025.0,3
2017-08-03,16986.918870000023,6124.0188700000235,10862.9,8
2017-08-04,16940.424730000024,5348.124730000024,11592.300000000001,8
2017-08-07,16998.047780000023,5194.047780000024,11804.0,8
2017-08-08,16994.553720000025,4088.4537200000264,12906.099999999999,10
2017-08-09,16951.910180000028,5848.610180000027,11103.3,9
2017-08-10,16911.641730000025,6247.041730000027,10664.599999999999,9
2017-08-11,16754.917290000027,6750.517290000027,10004.400000000001,9
2017-08-14,16838.060560000027,6743.560560000027,10094.5,9
2017-08-15,16871.043400000024,7040.943400000027,9830.099999999999,7
2017-08-16,16910.37480000003,7120.07480000003,9790.3,7
2017-08-17,16971.87318000003,7926.27318000003,9045.6,4
2017-08-18,16923.115920000033,7670.815920000032,9252.3,4
2017-08-21,16903.211420000032,5460.311420000032,11442.900000000001,4
2017-08-22,16804.42721000003,10022.327210000032,6782.1,2
2017-08-23,16834.62721000003,10022.327210000032,6812.3,2
2017-08-24,16778.477110000033,5726.677110000033,11051.8,5
2017-08-25,16876.957560000035,4519.157560000033,12357.800000000001,6
2017-08-28,17030.757560000035,4519.157560000033,12511.6,6
2017-08-29,16982.817820000033,6258.717820000031,10724.1,3
2017-08-30,17018.52832000003,6061.02832000003,10957.5,3
2017-08-31,17029.51654000003,6154.91654000003,10874.599999999999,3
2017-09-01,17053.77020000003,5863.370200000031,11190.4,7
2017-09-04,17072.248040000028,3866.4480400000307,13205.799999999997,10
2017-09-05,17087.166140000034,4887.566140000032,12199.600000000002,7
2017-09-06,17081.966140000033,4887.566140000032,12194.400000000001,7
2017-09-07,16997.719930000036,4089.719930000032,12908.000000000002,9
2017-09-08,16971.29713000003,4641.497130000032,12329.800000000001,9
2017-09-11,17012.74608000003,4365.4460800000315,12647.3,10
2017-09-12,17033.03858000003,5877.038580000031,11156.0,9
2017-09-13,17031.47100000003,5242.9710000000305,11788.5,8
2017-09-14,16975.090090000027,5819.49009000003,11155.599999999999,8
2017-09-15,17000.01859000003,5567.518590000031,11432.5,9
2017-09-18,17062.185260000027,6615.585260000031,10446.599999999999,7
2017-09-19,16983.69266000003,5293.992660000031,11689.7,8
2017-09-20,17032.84966000003,6551.349660000031,10481.5,7
2017-09-21,16960.631800000032,5635.931800000031,11324.7,7
2017-09-22,16925.14107000003,5952.641070000031,10972.5,9
2017-09-25,16837.48154000003,6574.481540000031,10263.0,10
2017-09-26,16841.372930000034,7653.672930000032,9187.7,6
2017-09-27,16901.51358000003,6389.313580000032,10512.2,7
2017-09-28,16933.56560000003,7323.365600000032,9610.199999999999,5
2017-09-29,16970.13748000003,10083.837480000031,6886.3,2
2017-10-09,17117.608400000034,5780.608400000032,11337.0,3
2017-10-10,17096.81734000003,9614.817340000032,7482.0,2
2017-10-11,17096.03428000003,13278.93428000003,3817.1000000000004,1
2017-10-12,17151.16196000003,9489.46196000003,7661.700000000001,2
2017-10-13,17125.53816000003,6253.038160000029,10872.5,5
2017-10-16,17112.90074000003,5457.8007400000315,11655.099999999999,9
2017-10-17,17089.70252000003,5730.702520000032,11359.0,9
2017-10-18,17076.815670000033,5178.615670000032,11898.199999999999,8
2017-10-19,17014.14738000003,3915.347380000032,13098.8,10
2017-10-20,17066.52574000003,5321.225740000032,11745.3,9
2017-10-23,17100.74258000003,5553.8425800000305,11546.900000000001,10
2017-10-24,17088.05998000003,5537.75998000003,11550.300000000001,7
2017-10-25,17119.005930000032,5061.105930000031,12057.900000000001,8
2017-10-26,17161.70586000003,5175.305860000031,11986.399999999998,7
2017-10-27,17217.09468000003,4353.79468000003,12863.3,4
2017-10-30,17294.027300000023,5127.827300000028,12166.199999999997,9
2017-10-31,17300.95128000003,7261.651280000027,10039.300000000001,6
2017-11-01,17255.876340000024,4046.576340000026,13209.3,9
2017-11-02,17208.978600000024,4579.978600000026,12629.0,9
2017-11-03,17176.296640000026,7300.796640000025,9875.5,6
2017-11-06,17214.978520000022,4768.778520000024,12446.199999999999,7
2017-11-07,17311.135370000025,6306.435370000025,11004.7,6
2017-11-08,17310.170430000024,3842.6704300000247,13467.5,5
2017-11-09,17363.229290000025,4652.829290000025,12710.400000000001,3
2017-11-10,17329.079690000028,6350.879690000025,10978.2,3
2017-11-13,17343.971270000024,8895.571270000026,8448.4,2
2017-11-14,17347.664930000024,3551.2649300000253,13796.4,6
2017-11-15,17242.848380000025,4538.448380000026,12704.4,7
2017-11-16,17286.513870000024,4394.013870000026,12892.5,9
2017-11-17,17295.540530000028,4574.0405300000275,12721.5,10
2017-11-20,17354.646330000025,4507.146330000027,12847.499999999998,9
2017-11-21,17592.132840000027,4508.6328400000275,13083.5,8
2017-11-22,17645.696620000028,1569.996620000028,16075.699999999999,7
2017-11-23,17340.380580000026,6359.380580000028,10981.0,6
2017-11-24,17343.270280000026,5073.1702800000285,12270.099999999999,6
2017-11-27,17261.98080000003,3594.1808000000283,13667.800000000001,7
2017-11-28,17223.531310000028,3563.6313100000275,13659.900000000001,9
2017-11-29,17206.676800000027,2706.576800000027,14500.1,10
2017-11-30,17050.050790000023,5334.150790000025,11715.9,6
2017-12-01,17011.352450000028,5171.852450000026,11839.5,5
2017-12-04,17056.435800000025,4492.735800000027,12563.699999999997,6
2017-12-05,17000.316100000025,4200.016100000027,12800.3,9
2017-12-06,16940.619420000025,5401.219420000026,11539.4,6
2017-12-07,16911.11942000003,5401.219420000026,11509.900000000001,6
2017-12-08,16987.638670000026,4530.938670000027,12456.699999999999,6
2017-12-11,17082.423470000023,5706.623470000026,11375.8,3
2017-12-12,17075.28141000003,4633.781410000029,12441.5,5
2017-12-13,17093.189290000028,13273.189290000028,3820.0,1
2017-12-14,17029.189290000028,13273.189290000028,3756.0,1
2017-12-15,16996.800890000028,13410.80089000003,3585.9999999999995,1
2017-12-18,17023.360690000027,4646.860690000027,12376.5,5
2017-12-19,17120.068670000026,13304.368670000025,3815.7000000000003,1
2017-12-20,17094.502990000026,4326.202990000026,12768.300000000001,6
2017-12-21,17127.723350000026,5935.123350000026,11192.6,7
2017-12-22,17106.551350000027,9976.051350000027,7130.5,2
2017-12-25,16975.221670000028,5025.221670000027,11950.0,7
2017-12-26,17018.84631000003,4299.446310000027,12719.400000000001,10
2017-12-27,16934.867620000026,5926.767620000027,11008.099999999999,8
2017-12-28,16968.467620000025,5926.767620000027,11041.699999999999,8
2017-12-29,16993.860770000025,5476.360770000025,11517.5,5
2018-01-02,17031.747890000028,5294.047890000025,11737.7,6
2018-01-03,17093.926980000026,4782.526980000025,12311.4,5
2018-01-04,17124.295760000023,9258.395760000025,7865.9,3
2018-01-05,17131.378020000026,9064.078020000026,8067.299999999999,3
2018-01-08,17125.748620000028,7612.748620000028,9513.0,3
2018-01-09,17150.131700000024,5391.031700000026,11759.099999999999,7
2018-01-10,17118.303660000023,4784.703660000026,12333.599999999999,10
2018-01-11,17127.633030000026,4700.533030000024,12427.1,7
2018-01-12,17122.100100000025,4328.800100000026,12793.300000000001,8
2018-01-15,16870.04410000003,4844.644100000027,12025.4,10
2018-01-16,16956.447780000028,4453.847780000028,12502.599999999999,11
2018-01-17,17051.658760000028,4315.058760000028,12736.599999999999,11
2018-01-18,17107.437290000027,5934.937290000028,11172.5,9
2018-01-19,17137.588990000026,6076.188990000028,11061.4,9
2018-01-22,17226.669740000027,6149.969740000028,11076.7,7
2018-01-23,17295.46194000003,4269.96194000003,13025.5,9
2018-01-24,17437.096230000032,4592.89623000003,12844.2,9
2018-01-25,17331.92503000003,3328.12503000003,14003.800000000001,10
2018-01-26,17388.87088000003,3975.4708800000303,13413.400000000001,9
2018-01-29,17226.167810000028,3497.16781000003,13728.999999999998,10
2018-01-30,17059.443880000028,4093.94388000003,12965.499999999998,10
2018-01-31,17015.84246000003,5237.5424600000315,11778.299999999997,9
2018-02-01,16949.679890000032,6411.179890000031,10538.5,10
2018-02-02,16958.58507000003,6851.28507000003,10107.300000000001,9
2018-02-05,16899.622670000026,5805.522670000029,11094.099999999999,10
2018-02-06,16403.52781000003,6983.327810000029,9420.199999999999,10
2018-02-07,16384.92136000003,8448.92136000003,7935.999999999998,9
2018-02-08,16360.568560000029,8341.96856000003,8018.599999999999,8
2018-02-09,16006.713140000033,16006.713140000033,0.0,0
2018-02-12,15999.47618000003,3937.876180000033,12061.599999999999,6
2018-02-13,16160.677620000033,11301.577620000033,4859.1,2
2018-02-14,16187.374660000032,16187.374660000032,0.0,0
2018-02-22,16187.374660000032,16187.374660000032,0.0,0
2018-02-23,16187.374660000032,16187.374660000032,0.0,0
2018-02-26,16187.374660000032,16187.374660000032,0.0,0
2018-02-27,16187.374660000032,16187.374660000032,0.0,0
2018-02-28,16184.628820000034,11608.228820000033,4576.400000000001,1
2018-03-01,16176.786040000034,16176.786040000034,0.0,0
2018-03-02,16176.786040000034,16176.786040000034,0.0,0
2018-03-05,16168.068040000036,1638.068040000036,14530.0,7
2018-03-06,16328.957720000035,995.2577200000342,15333.7,9
2018-03-07,16202.380650000034,2802.5806500000344,13399.8,9
2018-03-08,16291.825210000034,2099.025210000035,14192.8,7
2018-03-09,16557.109720000037,2012.4097200000351,14544.7,9
2018-03-12,16731.697040000035,1486.397040000035,15245.3,10
2018-03-13,16605.637920000037,1744.937920000036,14860.7,5
2018-03-14,16422.710080000037,3748.4100800000365,12674.3,3
2018-03-15,16458.091220000035,2702.291220000034,13755.800000000001,10
2018-03-16,16392.485900000032,2399.785900000034,13992.699999999999,11
2018-03-19,16429.93424000003,3249.5342400000336,13180.4,10
2018-03-20,16400.543040000033,3338.3430400000343,13062.199999999999,10
2018-03-21,16331.754010000037,3428.754010000036,12903.0,10
2018-03-22,16250.093910000034,3890.393910000035,12359.699999999999,10
2018-03-23,15745.183900000035,5511.283900000035,10233.9,10
2018-03-26,15758.071300000036,5594.871300000035,10163.2,11
2018-03-27,15902.362350000034,5185.262350000034,10717.1,11
2018-03-28,15729.410350000035,6089.410350000034,9640.0,10
2018-03-29,15801.449330000034,5737.849330000034,10063.6,10
2018-03-30,15835.457690000032,9226.157690000033,6609.299999999999,3
2018-04-02,15904.857690000033,9226.157690000033,6678.700000000001,3
2018-04-03,15886.073090000034,6177.473090000034,9708.6,3
2018-04-04,15877.756090000035,9370.556090000035,6507.2,2
2018-04-09,15959.014150000035,9293.514150000035,6665.5,2
2018-04-10,15919.105330000035,6250.605330000035,9668.5,6
2018-04-11,15938.025000000034,6469.525000000035,9468.5,5
2018-04-12,15858.968720000033,5894.868720000036,9964.099999999999,3
2018-04-13,15806.120300000035,12471.620300000035,3334.5,1
2018-04-16,15829.560740000035,6035.160740000036,9794.4,3
2018-04-17,15759.943220000036,7348.743220000037,8411.199999999999,9
2018-04-18,15838.212750000035,7335.912750000036,8502.3,9
2018-04-19,15923.668900000033,5520.368900000035,10403.3,9
2018-04-20,15736.649920000034,7240.549920000034,8496.1,7
2018-04-23,15678.580200000035,7748.4802000000345,7930.1,4
2018-04-24,15839.185340000036,9498.185340000036,6341.0,2
2018-04-25,15770.710060000036,6511.310060000036,9259.4,3
2018-04-26,15706.099640000037,5791.599640000037,9914.5,6
2018-04-27,15780.497600000037,5646.997600000037,10133.5,5
2018-05-02,15779.524680000039,7468.624680000038,8310.9,3
2018-05-03,15729.27624000004,7570.27624000004,8159.0,9
2018-05-04,15678.03556000004,7895.43556000004,7782.6,5
2018-05-07,15746.362380000039,6500.362380000039,9246.0,3
2018-05-08,15784.78960000004,4905.789600000039,10879.0,4
2018-05-09,15716.62825000004,5079.62825000004,10637.0,6
2018-05-10,15805.80568000004,5034.8056800000395,10771.0,6
2018-05-11,15788.25830000004,5201.2583000000395,10587.0,6
2018-05-14,15814.151230000036,5341.551230000037,10472.599999999999,10
2018-05-15,15824.808180000036,5971.708180000037,9853.1,10
2018-05-16,15739.296730000036,6776.5967300000375,8962.699999999999,10
2018-05-17,15710.052980000037,6305.852980000037,9404.199999999999,10
2018-05-18,15776.097320000034,6208.397320000036,9567.699999999997,10
2018-05-21,15839.165080000039,5996.165080000036,9843.000000000002,10
2018-05-22,15772.080140000035,6989.980140000036,8782.099999999999,9
2018-05-23,15665.096040000035,7525.296040000036,8139.799999999999,9
2018-05-24,15629.166490000034,7141.466490000035,8487.699999999999,9
2018-05-25,15609.046990000035,8127.946990000035,7481.1,8
2018-05-28,15647.835690000036,7504.935690000035,8142.9000000000015,9
2018-05-29,15589.823330000036,8524.923330000034,7064.900000000001,8
2018-05-30,15449.049140000032,8554.049140000034,6894.999999999999,8
2018-05-31,15528.570750000034,8407.970750000033,7120.6,8
2018-06-01,15490.79336000003,7517.393360000031,7973.4,5
2018-06-04,15541.051760000035,6332.851760000033,9208.2,7
2018-06-05,15660.16194000003,6682.561940000031,8977.6,5
2018-06-06,15667.747760000031,12735.14776000003,2932.6,1
2018-06-07,15660.357000000029,5710.55700000003,9949.8,5
2018-06-08,15581.083240000029,5629.083240000029,9952.0,5
2018-06-11,15620.273660000028,6892.473660000029,8727.8,7
2018-06-12,15674.982760000028,6536.982760000029,9138.0,9
2018-06-13,15636.470300000028,6440.270300000029,9196.199999999999,9
2018-06-14,15584.434200000027,5385.934200000029,10198.499999999998,10
2018-06-15,15594.32546000003,6336.025460000029,9258.3,4
2018-06-19,15296.46252000003,7202.06252000003,8094.4,10
2018-06-20,15328.28407000003,7799.584070000032,7528.7,9
2018-06-21,15315.948970000032,7341.348970000032,7974.6,9
2018-06-22,15327.865420000031,7692.665420000032,7635.2,9
2018-06-25,15265.141200000031,9018.641200000033,6246.499999999999,6
2018-06-26,15184.382870000036,8030.182870000035,7154.200000000001,4
2018-06-27,15087.178080000032,7557.678080000032,7529.5,7
2018-06-28,15010.784900000031,15010.784900000031,0.0,0
2018-06-29,15010.784900000031,15010.784900000031,0.0,0
2018-07-02,15002.825960000033,1737.925960000031,13264.900000000001,5
2018-07-03,15130.80588000003,1611.205880000031,13519.6,5
2018-07-04,14948.424380000031,14406.024380000032,542.4000000000001,1
2018-07-05,14931.488500000032,11311.688500000033,3619.8,1
2018-07-06,14949.565300000031,3482.565300000031,11467.0,9
2018-07-09,15220.92514000003,8641.52514000003,6579.4,3
2018-07-10,15201.31246000003,2542.1124600000303,12659.2,3
2018-07-11,15092.59902000003,3078.099020000031,12014.5,3
2018-07-12,15329.420700000032,6830.320700000032,8499.1,2
2018-07-13,15292.615100000032,2651.8151000000316,12640.8,3
2018-07-16,15356.332560000032,731.0325600000315,14625.3,4
2018-07-17,15298.002560000032,859.2025600000306,14438.800000000001,5
2018-07-18,15272.63715000003,1352.0371500000306,13920.599999999999,4
2018-07-19,15200.125690000032,3472.725690000032,11727.4,9
2018-07-20,15342.971330000033,1668.5713300000323,13674.400000000001,10
2018-07-23,15513.364690000033,1580.8646900000324,13932.5,10
2018-07-24,15682.74031000003,1414.4403100000318,14268.3,10
2018-07-25,15650.046430000035,1246.546430000033,14403.500000000002,6
2018-07-26,15614.511310000036,1021.4113100000338,14593.100000000002,8
2018-07-27,15610.280250000033,538.9802500000342,15071.3,10
2018-07-30,15494.755390000031,1745.1553900000333,13749.599999999999,10
2018-07-31,15517.307160000035,1710.6071600000328,13806.700000000003,10
2018-08-01,15321.913770000032,2655.3137700000316,12666.6,10
2018-08-02,14981.200940000032,3581.6009400000316,11399.6,10
2018-08-03,14870.504530000031,5430.604530000031,9439.9,9
2018-08-06,14800.12603000003,4489.4260300000315,10310.699999999999,10
2018-08-07,15046.941430000032,5669.1414300000315,9377.8,9
2018-08-08,14907.66890000003,6870.168900000029,8037.5,5
2018-08-09,15050.453880000028,4620.453880000028,10430.0,5
2018-08-10,15058.588960000028,8060.988960000028,6997.6,3
2018-08-13,15027.597010000027,6537.597010000027,8490.0,3
2018-08-14,15044.231620000028,3366.331620000028,11677.9,6
2018-08-15,14978.876120000028,4575.376120000028,10403.5,7
2018-08-16,14855.697610000027,5353.1976100000265,9502.5,9
2018-08-17,14774.525340000026,5781.0253400000265,8993.5,9
2018-08-20,14886.709430000028,6702.509430000027,8184.2,9
2018-08-21,15002.290720000028,6541.490720000027,8460.800000000001,9
2018-08-22,14972.201580000026,11727.401580000027,3244.8,1
2018-08-23,14989.443180000027,14989.443180000027,0.0,0
2018-08-24,14987.484060000028,11722.284060000027,3265.2000000000003,1
2018-08-27,14992.224300000027,5170.424300000028,9821.8,3
2018-08-28,15010.633840000028,11650.633840000028,3360.0,1
2018-08-29,15011.740360000025,6685.940360000027,8325.8,3
2018-08-30,14935.723390000028,6088.0233900000285,8847.7,5
2018-08-31,14887.525130000031,5908.02513000003,8979.5,8
2018-09-03,14902.31523000003,6327.31523000003,8575.0,8
2018-09-04,15016.16855000003,4248.26855000003,10767.9,10
2018-09-05,14830.83270000003,4319.83270000003,10511.0,10
2018-09-06,14772.183860000032,5070.883860000031,9701.300000000001,10
2018-09-07,14783.19338000003,5611.49338000003,9171.7,11
2018-09-10,14662.69008000003,5473.89008000003,9188.8,10
2018-09-11,14677.848280000027,6078.9482800000305,8598.899999999998,10
2018-09-12,14671.348430000031,6212.34843000003,8459.0,8
2018-09-13,14743.22203000003,7082.022030000031,7661.2,6
2018-09-14,14683.161230000032,7382.561230000032,7300.6,6
2018-09-17,14615.500270000031,5941.70027000003,8673.800000000001,4
2018-09-18,14719.24969000003,6545.94969000003,8173.299999999999,6
2018-09-19,14800.16385000003,6178.363850000031,8621.8,7
2018-09-20,14768.69133000003,11828.99133000003,2939.7,1
2018-09-21,14780.57783000003,6753.3778300000295,8027.2,5
2018-09-25,14764.234610000032,7498.434610000031,7265.8,3
2018-09-26,14774.337080000032,4817.437080000032,9956.9,8
2018-09-27,14706.46787000003,5260.367870000032,9446.099999999999,8
2018-09-28,14751.637790000032,5280.937790000031,9470.7,6
2018-10-08,14479.72176000003,6166.821760000029,8312.9,10
2018-10-09,14470.244260000029,6209.144260000029,8261.099999999999,10
2018-10-10,14474.179760000028,7391.979760000027,7082.200000000001,9
2018-10-11,14074.903810000025,13939.703810000025,135.20000000000002,1
2018-10-12,14077.334910000025,14077.334910000025,0.0,0
2018-10-15,14071.135650000026,3739.035650000026,10332.1,4
2018-10-16,14027.159150000027,3577.6591500000272,10449.5,8
2018-10-17,14097.774730000028,3125.0747300000276,10972.7,6
2018-10-18,13906.801810000026,13906.801810000026,0.0,0
2018-10-19,13899.641830000028,1966.3418300000262,11933.300000000001,4
2018-10-22,14348.275370000028,2741.0753700000273,11607.2,3
2018-10-23,14160.625870000027,10319.025870000027,3841.6000000000004,1
2018-10-24,14157.677130000025,3066.7771300000263,11090.9,3
2018-10-25,14010.070000000025,6955.570000000026,7054.5,2
2018-10-26,14023.584280000025,3477.2842800000262,10546.3,3
2018-10-29,13984.582050000026,5362.482050000027,8622.099999999999,8
2018-10-30,14026.587030000026,2938.187030000027,11088.4,10
2018-10-31,14046.489420000027,3142.189420000027,10904.300000000001,7
2018-11-01,14140.327850000029,1392.8278500000274,12747.500000000002,9
2018-11-02,14531.27368000003,1442.8736800000274,13088.400000000001,6
2018-11-05,14482.110100000027,2604.9101000000273,11877.2,3
2018-11-06,14418.459440000028,1006.8594400000275,13411.6,4
2018-11-07,14249.787180000027,3809.0871800000277,10440.699999999999,5
2018-11-08,14092.615190000026,4344.915190000027,9747.699999999999,8
2018-11-09,13996.707410000028,4425.807410000028,9570.9,9
2018-11-12,14140.97370000003,3082.0737000000277,11058.900000000001,10
2018-11-13,14319.802600000025,2563.4026000000276,11756.399999999998,10
2018-11-14,14220.737440000026,2777.5374400000283,11443.199999999999,10
2018-11-15,14424.104340000027,2289.704340000028,12134.4,10
2018-11-16,14523.059730000028,1909.0597300000281,12614.0,10
2018-11-19,14624.808650000032,1738.1086500000285,12886.700000000003,10
2018-11-20,14276.85968000003,2556.45968000003,11720.400000000001,11
2018-11-21,14285.54089000003,2377.8408900000295,11907.7,11
2018-11-22,14243.654640000032,2835.75464000003,11407.900000000001,10
2018-11-23,13831.39514000003,4186.095140000031,9645.3,10
2018-11-26,13810.84219000003,4375.942190000031,9434.9,10
2018-11-27,13853.31244000003,4467.21244000003,9386.1,10
2018-11-28,14004.25569000003,4698.6556900000305,9305.6,10
2018-11-29,13814.028590000029,4197.82859000003,9616.199999999999,10
2018-11-30,13884.155790000032,5519.155790000032,8365.0,3
2018-12-03,14054.000490000033,5035.300490000032,9018.7,5
2018-12-04,14049.242650000033,4699.842650000034,9349.4,3
2018-12-05,13972.917030000033,4648.517030000034,9324.4,3
2018-12-06,13781.299890000031,4814.399890000032,8966.9,5
2018-12-07,13835.899510000032,3910.099510000033,9925.8,6
2018-12-10,13649.563060000035,5881.563060000035,7768.0,9
2018-12-11,13702.863060000034,5881.563060000035,7821.299999999999,9
2018-12-12,13747.185510000036,6060.585510000035,7686.6,9
2018-12-13,13828.293870000036,5878.293870000035,7950.000000000001,8
2018-12-14,13696.856380000036,5232.856380000036,8464.0,6
2018-12-17,13685.317680000035,8896.417680000035,4788.9,2
2018-12-18,13677.022060000036,4961.4220600000335,8715.600000000002,7
2018-12-19,13572.602380000033,5806.002380000034,7766.6,11
2018-12-20,13530.679480000035,6582.279480000036,6948.4,9
2018-12-21,13463.043080000036,7108.943080000036,6354.1,8
2018-12-24,13455.745380000037,7008.145380000035,6447.6,7
2018-12-25,13370.073780000035,6962.273780000036,6407.8,7
2018-12-26,13336.328400000035,7994.328400000035,5341.999999999999,5
2018-12-27,13451.997960000037,8612.997960000037,4839.0,4
2018-12-28,13431.785850000037,11048.685850000036,2383.1,2
2019-01-02,13406.964100000037,6984.764100000036,6422.200000000001,7
2019-01-03,13419.553690000037,11220.553690000037,2199.0,1
2019-01-04,13475.493990000039,6273.5939900000385,7201.9,6
2019-01-07,13531.636550000041,13531.636550000041,0.0,0
2019-01-08,13530.279110000041,11267.879110000042,2262.4,1
2019-01-09,13521.479110000042,11267.879110000042,2253.6000000000004,1
2019-01-10,13524.868630000043,8915.668630000042,4609.200000000001,2
2019-01-11,13549.974060000042,5457.2740600000425,8092.7,5
2019-01-14,13511.336160000043,5366.236160000042,8145.1,8
2019-01-15,13604.713510000041,5501.613510000042,8103.1,8
2019-01-16,13592.689760000041,5073.189760000042,8519.5,10
2019-01-17,13539.428560000044,5381.428560000043,8158.0,10
2019-01-18,13650.20201000004,5869.502010000041,7780.7,10
2019-01-21,13671.57471000004,5704.2747100000415,7967.3,10
2019-01-22,13577.015660000041,6394.115660000041,7182.900000000001,9
2019-01-23,13564.253160000044,6488.753160000041,7075.500000000002,9
2019-01-24,13617.89256000004,6880.092560000041,6737.799999999999,9
2019-01-25,13651.914710000041,5688.514710000041,7963.4,10
2019-01-28,13626.615710000042,6252.015710000041,7374.6,10
2019-01-29,13586.141060000042,6139.74106000004,7446.400000000001,10
2019-01-30,13533.175460000039,6473.77546000004,7059.4,10
2019-01-31,13577.22226000004,6853.7222600000405,6723.5,9
2019-02-01,13721.763560000043,6911.163560000042,6810.6,9
2019-02-11,13829.28651000004,5476.086510000041,8353.199999999999,10
2019-02-12,13870.45446000004,5098.354460000041,8772.1,9
2019-02-13,13979.675280000043,4083.0752800000428,9896.6,5
2019-02-14,13953.613320000042,3815.8133200000434,10137.8,7
2019-02-15,13826.588220000045,4070.4882200000434,9756.100000000002,10
2019-02-18,14110.326240000042,3490.2262400000436,10620.099999999999,11
2019-02-19,14122.138300000044,3707.9383000000435,10414.2,10
2019-02-20,14126.283440000045,3746.083440000044,10380.2,10
2019-02-21,14135.504940000046,3695.204940000044,10440.300000000001,10
2019-02-22,14506.977840000045,2090.0778400000436,12416.900000000001,10
2019-02-25,15115.752470000043,1366.4524700000436,13749.3,10
2019-02-26,14991.998430000043,1384.1984300000438,13607.8,10
2019-02-27,14943.190550000043,1470.3905500000442,13472.8,10
2019-02-28,14848.991460000045,1755.991460000045,13093.0,10
2019-03-01,14996.748340000046,1639.848340000045,13356.9,10
2019-03-04,15159.918240000045,1515.2182400000445,13644.7,11
2019-03-05,15324.460180000042,986.5601800000447,14337.899999999998,12
2019-03-06,15654.020860000046,1631.220860000045,14022.800000000001,10
2019-03-07,15847.405900000045,1229.0059000000447,14618.4,10
2019-03-08,15150.388280000045,3649.2882800000443,11501.1,10
2019-03-11,15358.778220000044,4670.178220000044,10688.6,9
2019-03-12,15526.776300000045,3665.976300000044,11860.800000000001,10
2019-03-13,15320.528680000043,3621.028680000044,11699.5,10
2019-03-14,15127.163260000043,3829.8632600000437,11297.3,11
2019-03-15,15206.378680000042,4201.478680000043,11004.9,10
2019-03-18,15513.097400000044,3360.2974000000427,12152.800000000001,10
2019-03-19,15487.107440000043,3042.6074400000425,12444.5,10
2019-03-20,15496.72924000004,2758.329240000042,12738.399999999998,8
2019-03-21,15624.535370000041,2193.1353700000427,13431.4,7
2019-03-22,15646.710430000043,1703.6104300000422,13943.1,8
2019-03-25,15338.258120000042,4273.958120000042,11064.3,9
2019-03-26,15207.360970000042,4032.860970000041,11174.5,10
2019-03-27,15283.06699000004,4176.3669900000405,11106.699999999999,10
2019-03-28,15202.301070000041,4304.901070000041,10897.4,10
2019-03-29,15482.24462000004,3959.5446200000406,11522.699999999999,10
2019-04-01,15762.68764000004,1917.7876400000407,13844.9,5
2019-04-02,15777.208660000044,469.1086600000415,15308.100000000002,4
2019-04-03,15859.64761000004,11384.447610000041,4475.2,1
2019-04-04,15861.247610000042,11384.447610000041,4476.8,1
2019-04-08,15870.401450000041,3622.801450000039,12247.600000000002,6
2019-04-09,15902.919850000038,6444.619850000039,9458.3,6
2019-04-10,15846.711130000042,1936.2111300000413,13910.5,10
2019-04-11,15636.898580000041,2357.2985800000415,13279.6,10
2019-04-12,15641.76740000004,2337.3674000000415,13304.4,10
2019-04-15,15543.653780000039,3482.05378000004,12061.599999999999,10
2019-04-16,15823.770920000037,2362.0709200000406,13461.699999999997,10
2019-04-17,15780.436640000042,2628.736640000041,13151.7,10
2019-04-18,15710.71040000004,40.5104000000394,15670.2,7
2019-04-19,15799.95460000004,3107.954600000039,12692.0,3
2019-04-22,15703.299040000042,2282.8990400000403,13420.400000000001,8
2019-04-23,15703.875120000042,1809.8751200000402,13894.000000000002,10
2019-04-24,15751.83020000004,1855.230200000041,13896.6,10
2019-04-25,15402.833120000043,2348.4331200000406,13054.400000000001,10
2019-04-26,15278.53289000004,2767.43289000004,12511.1,11
2019-04-29,15183.31909000004,3627.0190900000403,11556.300000000001,11
2019-04-30,15214.88095000004,9199.480950000041,6015.4,2
2019-05-06,14813.462760000042,6057.76276000004,8755.700000000003,10
2019-05-07,14869.332270000039,6688.832270000039,8180.5,3
2019-05-08,14753.50477000004,5136.104770000038,9617.400000000001,4
2019-05-09,14666.123070000034,6142.523070000037,8523.599999999999,10
2019-05-10,14873.511620000038,6450.911620000037,8422.6,9
2019-05-13,14781.156360000039,11418.656360000039,3362.5,3
2019-05-14,14721.57520000004,9422.77520000004,5298.799999999999,3
2019-05-15,14777.89985000004,9573.29985000004,5204.6,2
2019-05-16,14794.76509000004,14794.76509000004,0.0,0
2019-05-17,14793.15205000004,12104.752050000041,2688.4,1
2019-05-20,14825.18699000004,12273.68699000004,2551.5,1
2019-05-21,14824.28699000004,12273.68699000004,2550.6,1
2019-05-22,14824.28699000004,12273.68699000004,2550.6,1
2019-05-23,14826.636890000038,5686.236890000038,9140.4,4
2019-05-24,14845.547590000037,9554.147590000037,5291.4,2
2019-05-27,14844.15525000004,5645.455250000039,9198.7,6
2019-05-28,14842.94339000004,5373.643390000041,9469.3,6
2019-05-29,14885.182650000042,6294.982650000042,8590.2,3
2019-05-30,14891.64925000004,9182.24925000004,5709.4,2
2019-05-31,14898.64925000004,9182.24925000004,5716.4,2
2019-06-03,14900.040120000041,6017.840120000041,8882.2,9
2019-06-04,14821.11680000004,7011.71680000004,7809.400000000001,9
2019-06-05,14841.406300000039,6080.10630000004,8761.3,10
2019-06-06,14735.435350000043,6707.835350000042,8027.6,10
2019-06-10,14797.24295000004,6792.242950000042,8004.999999999999,10
2019-06-11,15059.181100000042,6859.481100000042,8199.7,10
2019-06-12,15018.82345000004,8483.82345000004,6535.0,3
2019-06-13,15016.230680000039,4322.53068000004,10693.699999999999,6
2019-06-14,14923.52317000004,5307.62317000004,9615.900000000001,4
2019-06-17,14943.767160000043,5218.267160000042,9725.5,5
2019-06-18,14943.029570000039,6205.82957000004,8737.199999999999,10
2019-06-19,15072.92686000004,6070.42686000004,9002.5,10
2019-06-20,15361.136990000043,3822.936990000041,11538.2,10
2019-06-21,15453.591430000039,3253.1914300000394,12200.4,8
2019-06-24,15446.147090000039,3091.0470900000396,12355.099999999999,5
2019-06-25,15359.648470000042,3493.7484700000423,11865.9,9
2019-06-26,15307.952170000044,2812.152170000042,12495.800000000001,11
2019-06-27,15431.660800000041,3104.7608000000428,12326.9,11
2019-06-28,15389.584080000042,3773.384080000044,11616.199999999999,10
2019-07-01,15658.346210000045,2517.846210000044,13140.500000000002,11
2019-07-02,15637.278880000044,2725.378880000044,12911.9,10
2019-07-03,15565.303780000044,2980.403780000044,12584.9,10
2019-07-04,15537.451900000045,3048.4519000000455,12489.0,10
2019-07-05,15550.579300000045,3071.079300000046,12479.499999999998,10
2019-07-08,15216.104350000047,4438.204350000045,10777.900000000001,10
2019-07-09,15180.604030000046,4390.704030000045,10789.9,10
2019-07-10,15160.284890000046,4387.684890000046,10772.6,10
2019-07-11,15175.403490000048,4537.0034900000455,10638.400000000001,10
2019-07-12,15215.970920000047,4806.470920000046,10409.5,10
2019-07-15,15258.554680000047,4461.154680000047,10797.4,10
2019-07-16,15250.821140000044,4052.921140000045,11197.9,4
2019-07-17,15267.675420000047,4311.575420000047,10956.1,9
2019-07-18,15142.596500000047,4082.196500000048,11060.4,10
2019-07-19,15248.194990000047,3758.694990000048,11489.5,11
2019-07-22,15087.024180000051,4186.624180000049,10900.400000000001,10
2019-07-23,15179.11351000005,4539.51351000005,10639.6,10
2019-07-24,15269.10851000005,4214.908510000048,11054.2,10
2019-07-25,15334.999070000049,4924.499070000048,10410.5,4
2019-07-26,15293.645920000048,3889.945920000048,11403.7,10
2019-07-29,15217.620680000047,4439.320680000048,10778.3,7
2019-07-30,15289.229840000047,2905.5298400000484,12383.699999999999,10
2019-07-31,15197.018090000049,3700.9180900000483,11496.1,10
2019-08-01,15094.756950000046,4194.956950000048,10899.8,10
2019-08-02,14984.11855000005,5592.51855000005,9391.6,10
2019-08-05,14819.166000000052,5760.666000000051,9058.500000000002,11
2019-08-06,14675.238500000052,6717.638500000052,7957.6,10
2019-08-07,14633.054900000052,6895.454900000052,7737.6,10
2019-08-08,14724.200300000051,6191.5003000000515,8532.7,6
2019-08-09,14668.501940000051,9662.80194000005,5005.700000000001,2
2019-08-12,14772.17360000005,12033.87360000005,2738.2999999999997,2
2019-08-13,14813.48978000005,12319.48978000005,2494.0,2
2019-08-14,14749.676230000052,9754.476230000051,4995.2,2
2019-08-15,14758.783670000052,7265.383670000051,7493.4,3
2019-08-16,14772.483670000052,7265.383670000051,7507.1,3
2019-08-19,14824.96205000005,9367.36205000005,5457.599999999999,2
2019-08-20,14785.00003000005,6849.90003000005,7935.099999999999,3
2019-08-21,14739.70115000005,6738.20115000005,8001.5,3
2019-08-22,14749.881010000048,12101.881010000048,2648.0,1
2019-08-23,14733.512420000048,6553.812420000048,8179.7,5
2019-08-26,14735.326470000047,5553.926470000047,9181.4,10
2019-08-27,14879.410070000045,5520.010070000047,9359.4,10
2019-08-28,14831.120670000048,5679.920670000047,9151.2,10
2019-08-29,14836.54197000005,5726.041970000048,9110.5,10
2019-08-30,14854.231570000047,5789.831570000048,9064.4,10
2019-09-02,15021.105570000047,5776.605570000047,9244.5,10
2019-09-03,15051.923270000047,5513.9232700000475,9538.0,10
2019-09-04,15137.705520000047,5858.205520000047,9279.5,10
2019-09-05,15270.931520000046,4966.031520000047,10304.9,10
2019-09-06,15284.138670000044,4356.838670000044,10927.300000000001,7
2019-09-09,15398.742060000044,2848.442060000044,12550.300000000001,10
2019-09-10,15316.358370000044,2990.958370000044,12325.4,10
2019-09-11,15294.534800000041,3638.734800000043,11655.8,10
2019-09-12,15357.860990000041,3239.460990000042,12118.4,11
2019-09-16,15287.036500000042,3707.5365000000415,11579.5,10
2019-09-17,15026.027280000042,4655.427280000043,10370.6,11
2019-09-18,15001.660360000044,5258.960360000043,9742.7,10
2019-09-19,15072.770410000043,5081.970410000044,9990.8,10
2019-09-20,15036.682710000045,5259.082710000043,9777.6,11
2019-09-23,14941.087650000043,5860.6876500000435,9080.4,11
2019-09-24,14955.929050000042,5631.429050000043,9324.5,10
2019-09-25,14836.112680000042,6102.0126800000435,8734.099999999999,10
2019-09-26,14775.693930000041,6899.793930000042,7875.9,10
2019-09-27,14801.42580000004,7138.8258000000405,7662.600000000001,10
2019-09-30,14719.09425000004,7146.494250000041,7572.599999999999,10
2019-10-08,14721.07460000004,7462.57460000004,7258.5,10
2019-10-09,14705.19025000004,6957.19025000004,7748.0,6
2019-10-10,14721.59143000004,6753.8914300000415,7967.7,4
2019-10-11,14817.924240000044,6556.424240000044,8261.5,3
2019-10-14,14929.729420000043,14376.429420000044,553.3000000000001,1
2019-10-15,14922.656120000043,14922.656120000043,0.0,0
2019-10-16,14921.048120000043,12241.048120000043,2680.0,1
2019-10-17,14940.248120000044,12241.048120000043,2699.2000000000003,1
2019-10-18,14931.10430000004,6396.804300000042,8534.3,7
2019-10-21,14908.168550000042,4947.868550000041,9960.300000000001,10
2019-10-22,14959.958660000044,5659.058660000042,9300.900000000001,5
2019-10-23,14910.522930000041,5460.022930000041,9450.5,7
2019-10-24,14937.347170000041,6324.847170000041,8612.5,8
2019-10-25,14980.642060000042,5632.842060000041,9347.800000000001,7
2019-10-28,15081.435500000043,4757.9355000000405,10323.500000000002,7
2019-10-29,14993.531890000042,5023.33189000004,9970.2,4
2019-10-30,14931.80803000004,5457.40803000004,9474.4,4
2019-10-31,14944.035700000037,6349.535700000038,8594.5,3
2019-11-01,14997.997020000039,5562.597020000039,9435.4,8
2019-11-04,15040.42984000004,4551.529840000041,10488.9,10
2019-11-05,15123.57604000004,5121.176040000039,10002.400000000001,10
2019-11-06,15078.90334000004,4957.10334000004,10121.800000000001,7
2019-11-07,15089.185280000042,4966.285280000042,10122.9,4
2019-11-08,15088.591280000042,4794.891280000042,10293.7,10
2019-11-11,14946.274440000041,5622.874440000042,9323.4,10
2019-11-12,14952.668140000042,5602.568140000042,9350.1,10
2019-11-13,14932.694940000041,5667.994940000041,9264.7,10
2019-11-14,14920.264940000043,6247.064940000042,8673.2,10
2019-11-15,14891.858080000042,6078.758080000042,8813.1,9
2019-11-18,14961.304530000043,6178.504530000044,8782.8,4
2019-11-19,15031.723630000044,11930.923630000043,3100.8,1
2019-11-20,15006.581110000043,6023.181110000042,8983.4,3
2019-11-21,14922.93791000004,4636.137910000042,10286.8,4
2019-11-22,14904.997560000042,5003.597560000042,9901.4,8
2019-11-25,14970.467870000042,5373.7678700000415,9596.7,7
2019-11-26,15021.710330000042,4964.710330000041,10057.0,10
2019-11-27,15028.235440000042,5149.135440000042,9879.1,6
2019-11-28,15025.47126000004,5980.871260000042,9044.599999999999,3
2019-11-29,14997.242350000042,5462.342350000043,9534.9,5
2019-12-02,15032.266730000043,5150.166730000043,9882.1,6
2019-12-03,15033.075070000043,5199.575070000043,9833.5,6
2019-12-04,15007.123370000043,4382.123370000043,10625.0,7
2019-12-05,15050.356470000042,5196.756470000042,9853.6,5
2019-12-06,15073.314970000043,5140.514970000043,9932.800000000001,5
2019-12-09,15087.827090000043,4344.527090000042,10743.3,9
2019-12-10,15101.955150000042,3992.8551500000426,11109.099999999999,10
2019-12-11,15086.388650000044,4544.788650000044,10541.6,10
2019-12-12,15074.556340000043,4245.056340000044,10829.5,10
2019-12-13,15272.687240000045,4221.187240000045,11051.5,10
2019-12-16,15411.987820000042,3280.8878200000445,12131.099999999999,12
2019-12-17,15576.473460000045,3039.273460000045,12537.2,10
2019-12-18,15593.894320000045,3124.794320000044,12469.1,10
2019-12-19,15600.225760000045,2709.9257600000446,12890.300000000001,10
2019-12-20,15542.861820000046,2341.461820000046,13201.4,10
2019-12-23,15349.287900000047,3028.4879000000456,12320.800000000001,10
2019-12-24,15518.663510000046,3134.063510000045,12384.6,10
2019-12-25,15526.712550000044,2946.912550000043,12579.800000000001,11
2019-12-26,15665.345650000045,2947.3456500000443,12718.0,10
2019-12-27,15604.014510000045,3184.514510000044,12419.5,10
2019-12-30,15896.980350000042,1563.5803500000443,14333.399999999998,11
2019-12-31,15835.326450000042,1995.4264500000434,13839.9,9
2020-01-02,16087.942530000044,510.2425300000441,15577.7,11
2020-01-03,16145.306630000045,931.1066300000446,15214.2,11
2020-01-06,16216.846890000044,1491.3468900000448,14725.5,10
2020-01-07,16292.744090000046,1149.5440900000453,15143.2,10
2020-01-08,16044.678220000045,1789.178220000046,14255.5,10
2020-01-09,16198.452580000045,1508.8525800000457,14689.599999999999,10
2020-01-10,16249.302660000047,1819.5026600000467,14429.8,10
2020-01-13,16379.231140000047,1619.931140000048,14759.3,11
2020-01-14,16316.315700000048,1705.015700000049,14611.3,10
2020-01-15,16237.04584000005,2189.54584000005,14047.5,10
2020-01-16,16208.808380000051,2276.8083800000495,13932.000000000002,10
2020-01-17,16177.82820000005,3030.828200000049,13147.000000000002,10
2020-01-20,16266.046880000049,2208.1468800000484,14057.900000000001,10
2020-01-21,16016.590110000048,2619.7901100000477,13396.800000000001,10
2020-01-22,16063.507410000046,3214.2074100000473,12849.3,10
2020-01-23,15671.29281000005,3926.292810000047,11745.000000000002,10
2020-02-03,14623.743540000049,14316.643540000048,307.1,2
2020-02-04,14634.784290000047,14634.784290000047,0.0,0
2020-02-05,14634.784290000047,14634.784290000047,0.0,0
2020-02-06,14627.385510000046,2296.0855100000463,12331.3,10
2020-02-07,14644.019070000046,10530.019070000046,4114.0,1
2020-02-10,14699.508050000044,10522.308050000043,4177.2,1
2020-02-11,14686.266710000044,6450.966710000044,8235.3,2
2020-02-12,14708.329460000043,800.8294600000431,13907.5,4
2020-02-13,14897.737580000043,1154.6375800000437,13743.099999999999,4
2020-02-14,14733.422970000043,1486.3229700000425,13247.1,5
2020-02-17,15102.638050000041,659.0380500000415,14443.6,7
2020-02-18,15158.697820000041,1437.1978200000412,13721.5,6
2020-02-19,15027.939360000042,1135.2393600000416,13892.7,10
2020-02-20,15168.52401000004,1396.324010000041,13772.199999999999,8
2020-02-21,15192.835770000038,499.8357700000404,14692.999999999998,9
2020-02-24,15086.00882000004,977.7088200000408,14108.3,10
2020-02-25,15170.36758000004,1022.9675800000407,14147.4,10
2020-02-26,14813.40789000004,2572.90789000004,12240.5,10
2020-02-27,14806.96169000004,2805.761690000042,12001.199999999999,10
2020-02-28,14236.262960000044,4664.162960000043,9572.1,11
2020-03-02,14557.109890000042,4850.509890000043,9706.599999999999,11
2020-03-03,14635.743920000043,4161.743920000043,10474.0,11
2020-03-04,14747.413450000044,4053.7134500000425,10693.7,11
2020-03-05,14940.291940000043,3038.991940000042,11901.300000000001,10
2020-03-06,14748.16222000004,14748.16222000004,0.0,0
2020-03-09,14741.51442000004,3695.5144200000404,11046.0,10
2020-03-10,14998.824070000042,2647.4240700000414,12351.400000000001,10
2020-03-11,14840.353630000041,2560.2536300000415,12280.1,10
2020-03-12,14642.815850000043,2712.1158500000406,11930.700000000003,11
2020-03-13,14487.09584000004,4296.09584000004,10191.0,10
2020-03-16,14134.02521000004,6242.62521000004,7891.4,7
2020-03-17,14040.236650000039,5593.836650000039,8446.4,10
2020-03-18,13873.881950000039,6975.181950000038,6898.7,8
2020-03-19,13807.300550000036,6471.100550000037,7336.2,9
2020-03-20,13913.580300000038,6783.080300000038,7130.5,5
2020-03-23,13680.551740000037,13326.751740000038,353.79999999999995,1
2020-03-24,13685.488700000038,11887.488700000038,1798.0,1
2020-03-25,13721.887400000038,13721.887400000038,0.0,0
2020-03-26,13721.887400000038,13721.887400000038,0.0,0
2020-03-27,13721.887400000038,13721.887400000038,0.0,0
2020-03-30,13721.887400000038,13721.887400000038,0.0,0
2020-03-31,13719.733100000038,10129.233100000038,3590.5,2
2020-04-01,13743.76947000004,7367.069470000039,6376.7,9
2020-04-02,13863.994330000038,7139.694330000038,6724.299999999999,6
2020-04-03,13796.989860000038,13796.989860000038,0.0,0
2020-04-07,13793.027100000036,7188.427100000037,6604.599999999999,4
2020-04-08,13740.462810000037,9940.362810000037,3800.1,2
2020-04-09,13735.863490000038,7754.663490000038,5981.2,3
2020-04-10,13697.025710000038,7799.825710000037,5897.2,3
2020-04-13,13654.210970000036,13654.210970000036,0.0,0
2020-04-14,13654.210970000036,13654.210970000036,0.0,0
2020-04-15,13654.210970000036,13654.210970000036,0.0,0
2020-04-16,13646.871830000038,1414.971830000037,12231.900000000001,10
2020-04-17,13712.018970000037,1884.6189700000361,11827.400000000001,10
2020-04-20,13738.467570000037,1625.0675700000359,12113.400000000001,10
2020-04-21,13646.307670000033,1729.3076700000363,11916.999999999996,10
2020-04-22,13656.68053000004,1771.3805300000363,11885.300000000003,11
2020-04-23,13670.277500000033,1378.9775000000361,12291.299999999997,11
2020-04-24,13559.150460000037,1912.1504600000364,11647.0,10
2020-04-27,13653.288260000034,1977.1882600000356,11676.099999999999,11
2020-04-28,13705.198830000036,1787.3988300000358,11917.8,10
2020-04-29,13742.710390000033,1942.2103900000352,11800.499999999998,11
2020-04-30,13956.070530000034,1771.4705300000355,12184.599999999999,10
2020-05-06,14068.081810000034,1448.181810000035,12619.9,11
2020-05-07,14029.139990000036,1710.5399900000355,12318.6,9
2020-05-08,14118.710330000036,1122.1103300000352,12996.6,10
2020-05-11,14104.922190000034,1187.8221900000344,12917.099999999999,10
2020-05-12,14043.833270000036,1299.7332700000345,12744.1,11
2020-05-13,14046.943950000035,1541.4439500000356,12505.5,10
2020-05-14,13925.817430000036,1432.2174300000347,12493.6,12
2020-05-15,13933.384250000036,1904.084250000034,12029.300000000001,10
2020-05-18,14001.912810000034,2127.4128100000344,11874.5,10
2020-05-19,14077.125960000034,1801.4259600000335,12275.7,10
2020-05-20,14020.821520000034,1817.4215200000338,12203.4,10
2020-05-21,13941.562400000032,1962.9624000000338,11978.599999999999,10
2020-05-22,13683.931220000035,3084.831220000032,10599.100000000002,11
2020-05-25,13688.047020000033,3422.0470200000327,10266.0,10
2020-05-26,13814.678050000031,3175.9780500000334,10638.699999999999,10
2020-05-27,13754.762890000035,3529.362890000033,10225.400000000001,10
2020-05-28,13778.082870000033,3076.782870000034,10701.3,10
2020-05-29,13797.869030000036,2468.169030000037,11329.699999999999,4
2020-06-01,13975.160090000038,1348.1600900000371,12627.0,5
2020-06-02,13939.732790000035,1461.6327900000367,12478.099999999999,9
2020-06-03,13958.304820000038,2104.4048200000366,11853.900000000001,8
2020-06-04,14041.630980000036,2090.3309800000366,11951.3,7
2020-06-05,14060.16578000004,1777.765780000037,12282.400000000001,7
2020-06-08,14083.78616000004,666.1861600000366,13417.600000000002,10
2020-06-09,14190.574060000039,879.5740600000365,13311.000000000002,10
2020-06-10,14160.247480000036,1221.247480000037,12939.0,10
2020-06-11,14102.868810000036,1581.4688100000374,12521.4,10
2020-06-12,14053.02207000004,1552.122070000037,12500.900000000001,11
2020-06-15,13920.212440000036,2184.812440000037,11735.4,10
2020-06-16,14127.438000000036,1852.7380000000373,12274.699999999999,10
2020-06-17,14145.627320000036,1532.9273200000366,12612.699999999999,11
2020-06-18,14154.599650000035,1507.799650000036,12646.8,11
2020-06-19,14267.212470000035,1653.8124700000355,12613.4,10
2020-06-22,14409.918510000034,2440.1185100000353,11969.8,9
2020-06-23,14503.735390000034,83.13539000003425,14420.6,12
2020-06-24,14579.659030000035,1180.1590300000344,13399.5,10
2020-06-29,14495.389530000035,1503.8895300000347,12991.5,11
2020-06-30,14674.258020000034,1553.7580200000361,13120.499999999998,10
2020-07-01,14896.567530000037,1199.9675300000354,13696.6,11
2020-07-02,15297.960260000034,1194.8602600000345,14103.1,10
2020-07-03,15783.838620000033,1449.038620000034,14334.8,11
2020-07-06,16650.579350000033,1298.879350000033,15351.699999999999,8
2020-07-07,16834.104270000033,580.7042700000329,16253.4,9
2020-07-08,17284.317950000033,1708.117950000033,15576.2,7
2020-07-09,17590.484840000034,389.58484000003364,17200.9,10
2020-07-10,17380.725560000035,1682.5255600000346,15698.2,10
2020-07-13,17858.867590000034,1723.9675900000352,16134.9,10
2020-07-14,17697.854650000034,1599.0546500000344,16098.8,10
2020-07-15,17271.193750000035,3292.1937500000363,13979.0,10
2020-07-16,16670.457790000037,5904.157790000038,10766.3,10
2020-07-17,16713.91998000004,6253.019980000039,10460.9,10
2020-07-20,17114.785620000035,5261.685620000037,11853.099999999999,10
2020-07-21,17242.00970000004,4655.2097000000385,12586.8,10
2020-07-22,17366.621710000036,3740.4217100000374,13626.199999999999,10
2020-07-23,17425.905490000037,17425.905490000037,0.0,0
2020-07-24,17417.488990000038,3389.9889900000367,14027.5,5
2020-07-27,17442.90121000004,3368.601210000039,14074.3,10
2020-07-28,17508.50971000004,3752.8097100000386,13755.7,10
2020-07-29,17707.313180000037,2302.713180000038,15404.6,11
2020-07-30,17648.42747000004,2090.927470000038,15557.5,11
2020-07-31,17794.941480000038,1398.4414800000382,16396.5,6
2020-08-03,18129.815780000037,1520.2157800000386,16609.6,6
2020-08-04,18118.754430000037,755.4544300000384,17363.3,7
2020-08-05,18365.05379000004,111.15379000004083,18253.9,6
2020-08-06,18504.94478000004,1111.4447800000398,17393.5,5
2020-08-07,18379.30366000004,1745.4036600000397,16633.9,10
2020-08-10,18348.90915000004,1919.9091500000393,16429.0,10
2020-08-11,18067.18978000004,2938.2897800000387,15128.900000000001,10
2020-08-12,17879.98284000004,4317.1828400000395,13562.800000000001,11
2020-08-13,17866.54800000004,5108.248000000039,12758.3,10
2020-08-14,18002.21505000004,3723.8150500000393,14278.4,11
2020-08-17,18292.25884000004,3553.8588400000385,14738.4,10
2020-08-18,18326.122200000038,2771.522200000035,15554.600000000002,6
2020-08-19,18190.931300000033,4289.231300000036,13901.699999999997,4
2020-08-20,18009.909810000037,3504.409810000038,14505.5,7
2020-08-21,18118.04985000004,2860.449850000038,15257.6,11
2020-08-24,18259.721760000037,2777.921760000039,15481.8,10
2020-08-25,18294.53764000004,2859.63764000004,15434.9,10
2020-08-26,18072.70124000004,3417.901240000039,14654.8,10
2020-08-27,18140.743100000036,4524.143100000039,13616.599999999999,6
2020-08-28,18298.913380000038,1475.213380000039,16823.7,10
2020-08-31,18275.30774000004,1580.50774000004,16694.8,10
2020-09-01,18240.048450000042,3035.4484500000403,15204.600000000002,9
2020-09-02,18358.817590000035,1771.0175900000363,16587.8,4
2020-09-03,18315.853810000037,3631.153810000037,14684.7,9
2020-09-04,18079.889150000035,3080.9891500000354,14998.900000000001,10
2020-09-07,17631.247860000032,5078.947860000035,12552.3,10
2020-09-08,17683.64074000003,5542.640740000033,12141.0,12
2020-09-09,17290.223000000035,5920.523000000033,11369.7,10
2020-09-10,17268.78044000003,6602.0804400000325,10666.7,10
2020-09-11,17396.775230000036,6618.575230000035,10778.199999999999,8
2020-09-14,17521.087930000034,10455.887930000034,7065.200000000001,2
2020-09-15,17556.21293000003,10157.012930000032,7399.2,2
2020-09-16,17517.893750000032,17517.893750000032,0.0,0
2020-09-17,17513.760110000032,10624.360110000032,6889.4,2
2020-09-18,17526.919690000035,5426.319690000033,12100.600000000002,5
2020-09-21,17392.540090000035,7196.440090000035,10196.1,3
2020-09-22,17278.881600000037,7166.681600000037,10112.199999999999,10
2020-09-23,17343.51082000004,10670.110820000038,6673.4,3
2020-09-24,17274.422200000037,7319.022200000037,9955.4,8
2020-09-25,17261.112030000037,7142.712030000036,10118.4,10
2020-09-28,17242.961480000034,6876.661480000036,10366.3,9
2020-09-29,17371.766650000034,7317.866650000036,10053.9,6
2020-09-30,17306.84610000004,6558.646100000038,10748.199999999999,8
2020-10-09,17521.33388000004,10186.933880000039,7334.4,3
2020-10-12,17650.93987000004,5816.339870000036,11834.6,10
2020-10-13,17641.479580000036,6381.479580000036,11260.0,5
2020-10-14,17574.521600000036,5059.421600000036,12515.1,5
2020-10-15,17502.41133000004,5735.611330000038,11766.8,4
2020-10-16,17494.07277000004,5673.072770000038,11821.000000000002,10
2020-10-19,17405.80209000004,6450.402090000039,10955.400000000001,10
2020-10-20,17492.965530000038,5993.265530000037,11499.7,11
2020-10-21,17320.967430000037,6230.367430000037,11090.6,10
2020-10-22,17257.55105000004,6502.451050000036,10755.100000000002,10
2020-10-23,17057.667890000037,7693.767890000038,9363.9,10
2020-10-26,17023.353640000038,7881.953640000039,9141.4,10
2020-10-27,17072.646990000037,8067.246990000039,9005.4,10
2020-10-28,17180.252980000037,7450.252980000038,9730.0,10
2020-10-29,17270.817040000038,7694.717040000036,9576.1,10
2020-10-30,17080.336290000036,7917.336290000034,9163.000000000002,11
2020-11-02,17158.626340000035,7410.526340000034,9748.1,10
2020-11-03,17379.249290000036,7067.649290000035,10311.6,11
2020-11-04,17432.68383000003,7255.683830000033,10176.999999999998,12
2020-11-05,17578.544210000033,6400.144210000033,11178.4,11
2020-11-06,16757.89356000003,8609.89356000003,8147.999999999999,8
2020-11-09,17094.38701000003,6713.487010000031,10380.9,10
2020-11-10,16921.74501000003,7388.9450100000295,9532.800000000001,10
2020-11-11,16728.35241000003,9111.952410000027,7616.4,10
2020-11-12,16757.552460000028,9186.252460000027,7571.3,9
2020-11-13,16782.798360000026,9496.498360000027,7286.3,9
2020-11-16,16856.57011000003,9389.570110000028,7467.0,9
2020-11-17,16810.46111000003,8628.46111000003,8182.0,10
2020-11-18,16769.550710000032,8955.65071000003,7813.900000000001,10
2020-11-19,16781.52906000003,9347.429060000031,7434.099999999999,10
2020-11-20,16792.351110000032,8973.75111000003,7818.600000000001,10
2020-11-23,16855.14801000003,8651.84801000003,8203.3,10
2020-11-24,16883.885110000032,8360.785110000032,8523.1,10
2020-11-25,16835.80181000003,8424.101810000031,8411.699999999999,10
2020-11-26,16848.362910000033,8917.562910000033,7930.8,10
2020-11-27,16914.301510000034,8564.301510000034,8350.0,10
2020-11-30,16892.831760000034,9151.631760000033,7741.2,10
2020-12-01,17036.42851000003,9051.028510000031,7985.4,9
2020-12-02,17042.32451000003,9081.924510000032,7960.400000000001,9
2020-12-03,16991.14191000003,8895.241910000032,8095.900000000001,9
2020-12-04,17008.426660000034,9270.226660000033,7738.200000000001,9
2020-12-07,16953.085610000035,9200.085610000035,7753.0,9
2020-12-08,16926.098210000033,9201.198210000035,7724.9,9
2020-12-09,16839.800960000033,9402.900960000034,7436.900000000001,10
2020-12-10,16803.968160000033,9190.468160000033,7613.499999999999,10
2020-12-11,16710.02196000003,9833.121960000033,6876.899999999999,10
2020-12-14,16781.628410000034,8668.128410000034,8113.500000000001,11
2020-12-15,16787.15601000003,9058.256010000032,7728.9,10
2020-12-16,16825.238560000034,8691.338560000033,8133.900000000001,10
2020-12-17,16840.049510000033,8961.249510000034,7878.799999999999,10
2020-12-18,16802.893180000035,8528.093180000036,8274.8,4
2020-12-21,16868.596150000034,8460.896150000033,8407.7,10
2020-12-22,16743.565650000033,8807.265650000032,7936.300000000001,10
2020-12-23,16825.916500000032,8668.216500000031,8157.700000000001,10
2020-12-24,16804.045850000035,9034.545850000033,7769.500000000001,10
2020-12-25,16825.45240000003,8826.552400000031,7998.899999999999,10
2020-12-28,16860.30350000003,8916.503500000032,7943.8,10
2020-12-29,16792.75815000003,9153.558150000032,7639.2,10
2020-12-30,16938.71630000003,8441.816300000031,8496.9,10
2020-12-31,17180.643900000032,8035.843900000032,9144.8,10
2021-01-04,17438.019890000032,6191.0198900000305,11247.0,11
2021-01-05,17504.366490000033,6322.566490000032,11181.800000000001,10
2021-01-06,17545.841330000032,6005.441330000032,11540.400000000001,5
2021-01-07,17604.060560000034,4729.860560000032,12874.2,9
2021-01-08,17628.32616000003,5101.126160000032,12527.199999999999,10
2021-01-11,17421.306320000032,5728.006320000031,11693.300000000001,10
2021-01-12,17830.82918000003,5059.729180000032,12771.099999999999,10
2021-01-13,17665.801340000035,5154.101340000032,12511.7,10
2021-01-14,17400.33366000003,5899.53366000003,11500.8,11
2021-01-15,17354.492860000028,6249.092860000029,11105.4,12
2021-01-18,17503.88410000003,6051.784100000031,11452.099999999999,10
2021-01-19,17411.125450000032,6381.325450000032,11029.8,10
2021-01-20,17500.20562000003,6180.105620000031,11320.1,10
2021-01-21,17705.758820000032,6628.358820000031,11077.4,9
2021-01-22,17574.577080000032,7417.17708000003,10157.4,10
2021-01-25,17569.891670000034,6928.29167000003,10641.600000000002,9
2021-01-26,17366.738090000028,7130.238090000029,10236.5,9
2021-01-27,17379.448890000025,6104.048890000028,11275.399999999998,10
2021-01-28,17043.354060000027,7329.854060000026,9713.5,10
2021-01-29,16947.27769000002,7831.777690000023,9115.499999999998,10
2021-02-01,17025.27854000002,8453.478540000024,8571.8,10
2021-02-02,17177.98994000002,8519.189940000024,8658.8,10
2021-02-03,17165.001110000023,7962.301110000024,9202.699999999999,10
2021-02-04,17079.85776000002,11324.457760000021,5755.4,2
2021-02-05,16992.503160000022,11262.90316000002,5729.6,2
2021-02-08,17022.45102000002,7746.051020000019,9276.4,4
2021-02-09,17189.575960000016,6979.175960000019,10210.4,6
2021-02-10,17332.81434000002,11103.01434000002,6229.8,2
2021-02-18,17360.86777000002,7352.467770000019,10008.4,9
2021-02-19,17374.61719000002,6708.717190000019,10665.9,7
2021-02-22,17216.489880000016,7156.789880000017,10059.7,10
2021-02-23,17191.568040000016,7687.168040000016,9504.4,10
2021-02-24,16998.53249000002,6820.832490000017,10177.7,11
2021-02-25,16356.907810000019,16356.907810000019,0.0,0
2021-02-26,16356.907810000019,16356.907810000019,0.0,0
2021-03-01,16347.98467000002,1476.0846700000186,14871.900000000001,10
2021-03-02,16185.70037000002,1787.8003700000183,14397.900000000001,10
2021-03-03,16421.621320000017,1432.8213200000187,14988.8,10
2021-03-04,16186.854360000018,1650.8543600000182,14536.0,10
2021-03-05,16062.346330000018,3007.0463300000183,13055.3,10
2021-03-08,15943.149030000019,3298.649030000018,12644.5,11
2021-03-09,15605.403220000018,5572.903220000018,10032.5,10
2021-03-10,15698.305120000017,4551.405120000018,11146.9,10
2021-03-11,15850.781350000017,5808.481350000018,10042.3,9
2021-03-12,15893.48380000002,3851.483800000019,12042.0,10
2021-03-15,15848.271580000019,4184.17158000002,11664.099999999999,8
2021-03-16,15835.740660000023,4727.740660000023,11108.0,4
2021-03-17,15871.800250000024,12110.700250000024,3761.1,1
2021-03-18,15819.452770000025,5486.452770000024,10333.0,7
2021-03-19,15696.080910000022,5333.280910000023,10362.8,8
2021-03-22,15748.720030000022,4408.920030000024,11339.8,8
2021-03-23,15622.072530000023,4226.072530000025,11395.999999999998,10
2021-03-24,15460.926070000027,5033.226070000026,10427.7,11
2021-03-25,15478.452340000029,5299.552340000027,10178.900000000001,10
2021-03-26,15599.664160000028,5178.164160000028,10421.5,11
2021-03-29,15644.393940000029,5566.693940000028,10077.7,10
2021-03-30,15692.307650000032,4881.707650000029,10810.600000000002,7
2021-03-31,15590.991730000029,4897.291730000028,10693.7,5
2021-04-01,15752.65805000003,3929.458050000028,11823.2,7
2021-04-02,15963.19145000003,2746.7914500000284,13216.400000000001,10
2021-04-06,15914.629050000027,3334.0290500000265,12580.6,10
2021-04-07,15859.563910000024,3870.9639100000254,11988.599999999999,10
2021-04-08,15894.447330000028,3554.247330000025,12340.200000000003,11
2021-04-09,15834.947250000027,4238.547250000025,11596.400000000001,10
2021-04-12,15263.439980000026,6875.539980000025,8387.900000000001,10
2021-04-13,15312.610680000025,6310.610680000025,9002.0,10
2021-04-14,15435.260630000026,5907.160630000025,9528.1,10
2021-04-15,15415.240260000024,6249.240260000025,9166.0,10
2021-04-16,15457.163540000027,6993.563540000027,8463.6,9
2021-04-19,15556.538330000025,5250.338330000027,10306.199999999999,10
2021-04-20,15496.225700000028,5273.225700000027,10223.0,10
2021-04-21,15488.11193000003,5410.111930000028,10078.000000000002,10
2021-04-22,15561.16385000003,5260.563850000029,10300.6,10
2021-04-23,15552.93889000003,5450.13889000003,10102.8,11
2021-04-26,15584.611910000029,5304.511910000029,10280.1,10
2021-04-27,15555.38275000003,5318.382750000029,10237.0,11
2021-04-28,15621.289750000027,4869.989750000028,10751.3,13
2021-04-29,15630.471370000028,4846.4713700000275,10784.0,11
2021-04-30,15557.065280000026,5067.765280000027,10489.3,11
2021-05-06,15641.90279000003,5243.002790000028,10398.900000000001,10
2021-05-07,15464.061740000026,5400.061740000027,10064.0,11
2021-05-10,15452.469560000027,5487.869560000027,9964.6,10
2021-05-11,15460.287560000026,5383.087560000027,10077.199999999999,10
2021-05-12,15616.165240000028,5486.165240000027,10130.0,10
2021-05-13,15565.049700000029,5422.249700000028,10142.800000000001,11
2021-05-14,15588.373630000027,5590.973630000027,9997.4,11
2021-05-17,15652.821780000028,5893.121780000027,9759.7,9
2021-05-18,15762.81665000003,4238.016650000026,11524.800000000003,11
2021-05-19,15661.284000000029,5587.484000000027,10073.800000000001,9
2021-05-20,15526.455880000027,5839.455880000028,9687.0,10
2021-05-21,15453.452440000028,5577.952440000028,9875.5,11
2021-05-24,15546.444120000027,4969.7441200000285,10576.699999999999,11
2021-05-25,15822.432780000025,4497.1327800000245,11325.3,10
2021-05-26,15793.844130000023,4716.044130000025,11077.8,10
2021-05-27,15888.226510000026,3880.6265100000246,12007.6,10
2021-05-28,15823.045830000023,3951.745830000024,11871.3,10
2021-05-31,16023.783450000024,3526.8834500000257,12496.9,11
2021-06-01,16072.865090000025,3461.065090000026,12611.8,10
2021-06-02,15824.260290000027,3477.360290000027,12346.9,11
2021-06-03,15761.527730000027,3946.3277300000254,11815.2,10
2021-06-04,15811.631510000025,3981.131510000026,11830.499999999998,10
2021-06-07,15905.521210000026,3888.2212100000256,12017.300000000001,10
2021-06-08,15885.212830000024,4072.4128300000266,11812.799999999997,10
2021-06-09,15898.078050000026,5315.278050000026,10582.8,9
2021-06-10,16017.789070000026,3654.089070000025,12363.7,10
2021-06-11,15971.624690000026,3706.0246900000247,12265.6,11
2021-06-15,15881.430780000022,3923.0307800000223,11958.4,11
2021-06-16,15712.162020000022,3886.7620200000197,11825.400000000001,11
2021-06-17,16037.723940000022,3010.8239400000193,13026.900000000001,10
2021-06-18,16142.905610000022,3639.605610000021,12503.300000000001,10
2021-06-21,16173.98102000002,2605.6810200000205,13568.3,10
2021-06-22,16287.033760000022,2557.63376000002,13729.400000000001,10
2021-06-23,16440.21399000002,1575.113990000019,14865.099999999999,8
2021-06-24,16424.09645000002,1024.496450000019,15399.6,10
2021-06-25,16617.345870000016,1435.2458700000168,15182.1,10
2021-06-28,16719.212150000018,1540.0121500000178,15179.2,10
2021-06-29,16517.677340000017,1970.7773400000174,14546.899999999998,10
2021-06-30,16802.161950000016,1637.4619500000174,15164.699999999999,10
2021-07-01,16510.630010000015,2256.830010000016,14253.800000000001,11
2021-07-02,16311.966640000017,3082.666640000018,13229.3,10
2021-07-05,16397.45155000002,3137.251550000019,13260.2,10
2021-07-06,16218.866530000016,3631.366530000018,12587.499999999998,10
2021-07-07,16447.460000000017,3335.760000000018,13111.7,10
2021-07-08,16505.502080000017,2702.602080000018,13802.9,10
2021-07-09,16484.72814000002,3053.3281400000187,13431.400000000001,11
2021-07-12,16626.538690000016,2457.638690000017,14168.9,10
2021-07-13,16523.736630000018,2716.836630000017,13806.900000000001,10
2021-07-14,16482.005430000016,2738.2054300000173,13743.799999999997,10
2021-07-15,16530.53367000002,2662.1336700000165,13868.400000000001,10
2021-07-16,16503.266950000016,2455.866950000017,14047.4,10
2021-07-19,16446.903010000016,2911.5030100000176,13535.4,10
2021-07-20,16458.309410000016,3033.409410000018,13424.9,10
2021-07-21,16569.42307000002,2761.223070000018,13808.2,10
2021-07-22,16604.61677000002,2383.716770000018,14220.9,10
2021-07-23,16530.53099000002,2572.0309900000193,13958.5,10
2021-07-26,16238.452570000023,4616.152570000019,11622.300000000003,10
2021-07-27,15874.916720000017,5668.516720000018,10206.4,10
2021-07-28,15802.367850000017,5594.2678500000175,10208.1,11
2021-07-29,16098.47672000002,5290.8767200000175,10807.600000000002,10
2021-07-30,16157.013850000014,5200.813850000015,10956.199999999999,10
2021-08-02,16288.872060000014,4312.172060000015,11976.699999999999,10
2021-08-03,15999.553050000015,4283.753050000016,11715.8,11
2021-08-04,16251.339990000015,4265.339990000015,11986.0,7
2021-08-05,16161.741380000016,3248.6413800000155,12913.1,10
2021-08-06,16202.638660000015,3088.2386600000154,13114.4,11
2021-08-09,15994.827270000016,3842.327270000015,12152.500000000002,11
2021-08-10,16011.881250000013,4147.081250000013,11864.800000000001,11
2021-08-11,15917.618420000013,5037.118420000014,10880.5,11
2021-08-12,15865.287170000016,5368.787170000014,10496.500000000002,10
2021-08-13,15748.141020000014,5150.441020000013,10597.7,12
2021-08-16,15664.212170000013,6207.0121700000145,9457.199999999999,10
2021-08-17,15525.302670000014,6460.502670000014,9064.8,11
2021-08-18,15758.947560000011,6143.147560000013,9615.8,10
2021-08-19,15709.03152000001,6380.831520000011,9328.199999999999,10
2021-08-20,15685.35224000001,6776.45224000001,8908.9,10
2021-08-23,15804.691990000012,6538.891990000011,9265.800000000001,10
2021-08-24,15868.38605000001,5857.186050000011,10011.199999999999,10
2021-08-25,15897.73368000001,5613.63368000001,10284.1,10
2021-08-26,15847.28462000001,5716.58462000001,10130.699999999999,11
2021-08-27,15873.673900000009,6005.3739000000105,9868.3,10
2021-08-30,15832.33585000001,5789.135850000011,10043.2,10
2021-08-31,15920.005890000011,5751.505890000011,10168.5,10
2021-09-01,16069.199810000013,4749.699810000012,11319.5,11
2021-09-02,16155.735600000013,4577.235600000013,11578.5,10
2021-09-03,16124.992610000012,4497.392610000012,11627.6,11
2021-09-06,16282.585020000013,4525.085020000012,11757.5,10
2021-09-07,16434.300330000013,3412.400330000012,13021.9,11
2021-09-08,16570.83237000001,3218.5323700000126,13352.3,10
2021-09-09,16643.466690000012,2069.4666900000116,14574.0,11
2021-09-10,16575.10454000001,2136.0045400000117,14439.099999999999,10
2021-09-13,16650.42472000001,1996.8247200000114,14653.6,10
2021-09-14,16543.514240000008,2256.4142400000105,14287.099999999999,10
2021-09-15,16473.307260000012,2437.4072600000113,14035.900000000001,10
2021-09-16,16340.875820000008,3854.7758200000108,12486.099999999999,10
2021-09-17,16280.845540000011,4027.9455400000097,12252.900000000001,10
2021-09-22,16330.969720000012,3801.669720000011,12529.300000000001,11
2021-09-23,16335.328880000008,3689.9288800000104,12645.399999999998,10
2021-09-24,16082.346700000011,4403.046700000012,11679.3,10
2021-09-27,15885.413990000012,5072.713990000011,10812.7,11
2021-09-28,15977.90686000001,4592.506860000011,11385.4,10
2021-09-29,15762.258780000011,5427.658780000011,10334.6,11
2021-09-30,15903.83796000001,5690.537960000009,10213.300000000001,10
2021-10-08,15751.45663000001,5845.256630000009,9906.2,10
2021-10-11,15768.522190000009,5884.522190000009,9884.0,10
2021-10-12,15732.154330000007,5983.1543300000085,9748.999999999998,10
2021-10-13,15819.690070000006,6075.990070000007,9743.699999999999,7
2021-10-14,15776.078680000006,5191.9786800000065,10584.1,8
2021-10-15,15854.868560000006,5699.668560000005,10155.2,10
2021-10-18,15795.428150000003,5953.928150000004,9841.5,10
2021-10-19,15939.060990000002,5367.760990000002,10571.3,5
2021-10-20,15771.492130000002,5241.692130000003,10529.8,9
2021-10-21,15786.335500000005,5310.335500000003,10476.000000000002,11
2021-10-22,15755.490090000003,5186.390090000003,10569.1,10
2021-10-25,15805.649900000004,5601.5499000000045,10204.1,10
2021-10-26,15750.419240000007,5640.219240000004,10110.200000000003,10
2021-10-27,15556.560480000004,6916.260480000004,8640.3,10
2021-10-28,15466.230830000004,7492.330830000005,7973.9,10
2021-10-29,15501.137830000007,7637.537830000007,7863.6,10
2021-11-01,15510.139230000006,7372.139230000006,8138.0,10
2021-11-02,15519.087980000004,7605.487980000005,7913.599999999999,10
2021-11-03,15460.254630000007,7793.054630000005,7667.200000000001,10
2021-11-04,15503.634380000005,7375.434380000005,8128.2,10
2021-11-05,15514.085630000007,7250.685630000005,8263.400000000001,10
2021-11-08,15568.317630000005,6932.117630000003,8636.2,10
2021-11-09,15673.599680000003,7013.4996800000035,8660.1,10
2021-11-10,15656.102930000005,6433.602930000004,9222.5,11
2021-11-11,15734.972630000004,6986.472630000003,8748.5,10
2021-11-12,15751.42208,6852.722080000001,8898.699999999999,10
2021-11-15,15802.40889,6951.308890000002,8851.099999999999,10
2021-11-16,15797.320040000004,6657.520040000003,9139.800000000001,11
2021-11-17,15880.495650000004,5575.4956500000035,10305.0,10
2021-11-18,15855.102600000004,5669.902600000003,10185.2,11
2021-11-19,15951.288480000003,5830.588480000004,10120.699999999999,10
2021-11-22,16145.623700000004,4479.3237000000045,11666.3,10
2021-11-23,16080.645680000003,4383.545680000003,11697.1,12
2021-11-24,16106.898600000002,4628.398600000002,11478.5,10
2021-11-25,16086.157820000004,4590.7578200000025,11495.400000000001,11
2021-11-26,16031.382750000004,4588.282750000004,11443.1,11
2021-11-29,16017.492010000005,4838.592010000005,11178.9,11
2021-11-30,16053.187830000008,4794.587830000006,11258.600000000002,10
2021-12-01,16073.107590000005,4735.507590000005,11337.6,10
2021-12-02,16050.943380000004,4629.943380000004,11421.0,10
2021-12-03,16142.640200000003,4085.640200000002,12057.000000000002,12
2021-12-06,15981.330370000001,4722.530370000002,11258.8,10
2021-12-07,15871.667470000002,5005.867470000001,10865.800000000001,10
2021-12-08,16071.971850000002,4685.971850000001,11386.0,10
2021-12-09,16122.529890000002,4311.529890000001,11811.0,11
2021-12-10,16066.74052,4886.5405200000005,11180.199999999999,10
2021-12-13,16055.9813,4678.9813,11377.0,10
2021-12-14,15971.4993,4838.399299999999,11133.1,10
2021-12-15,16006.501479999999,4833.801479999999,11172.7,10
2021-12-16,16133.609419999999,4831.209419999997,11302.400000000001,11
2021-12-17,16020.392849999997,5824.492849999998,10195.9,11
2021-12-20,15893.892139999996,5902.692139999997,9991.199999999999,10
2021-12-21,15970.883479999997,5762.0834799999975,10208.8,10
2021-12-22,15976.469159999995,5450.969159999995,10525.5,11
2021-12-23,16021.369959999995,4910.269959999996,11111.099999999999,10
2021-12-24,15964.850779999995,5274.950779999996,10689.9,10
2021-12-27,15909.942959999998,6124.642959999997,9785.300000000001,10
2021-12-28,15938.274099999997,5405.774099999997,10532.5,10
2021-12-29,15862.643299999998,5677.443299999997,10185.2,10
2021-12-30,15921.006229999997,5298.506229999997,10622.5,10
2021-12-31,15968.403479999997,5397.703479999997,10570.699999999999,10
2022-01-04,16044.409969999999,4883.509969999997,11160.900000000001,10
2022-01-05,16052.93593,4978.035929999999,11074.900000000001,10
2022-01-06,15939.63927,4672.43927,11267.2,12
2022-01-07,15953.429999999998,4890.83,11062.599999999999,10
2022-01-10,15942.333639999997,4891.733639999998,11050.6,11
2022-01-11,15852.027839999999,5291.22784,10560.8,13
2022-01-12,15960.62842,5141.428419999998,10819.2,11
2022-01-13,15934.870619999998,5224.7706199999975,10710.1,11
2022-01-14,15875.542819999997,5628.242819999998,10247.3,10
2022-01-17,15875.307759999996,5539.107759999997,10336.199999999999,11
2022-01-18,15965.1498,5485.149799999997,10480.000000000002,10
2022-01-19,15986.725759999998,4890.125759999997,11096.6,11
2022-01-20,16095.055229999996,4733.955229999996,11361.1,11
2022-01-21,16017.328039999997,4819.528039999998,11197.8,10
2022-01-24,15944.90556,4941.105559999997,11003.800000000001,10
2022-01-25,15714.54494,6037.244939999999,9677.300000000001,12
2022-01-26,15778.792090000003,6232.39209,9546.400000000001,10
2022-01-27,15651.14324,7428.9432400000005,8222.199999999999,9
2022-01-28,15612.413340000001,7588.71334,8023.700000000001,9
2022-02-07,15807.591639999999,6983.29164,8824.3,10
2022-02-08,15877.657360000001,5726.95736,10150.7,4
2022-02-09,15933.734460000003,4103.234460000002,11830.5,9
2022-02-10,15929.278360000006,12633.178360000005,3296.1,2
2022-02-11,15805.881520000006,6624.181520000006,9181.7,3
2022-02-14,15915.673440000006,5559.773440000005,10355.9,10
2022-02-15,15909.890880000003,5996.690880000005,9913.199999999999,10
2022-02-16,15903.643420000006,5737.043420000005,10166.6,10
2022-02-17,15901.338300000007,5936.638300000005,9964.7,10
2022-02-18,15991.677610000002,5094.677610000004,10896.999999999998,11
2022-02-21,15958.722000000005,4926.0220000000045,11032.7,10
2022-02-22,15937.850380000007,4860.9503800000075,11076.9,10
2022-02-23,16061.73248000001,4914.232480000011,11147.5,11
2022-02-24,15808.883630000008,5359.783630000009,10449.099999999999,10
2022-02-25,15871.206040000008,5455.506040000009,10415.699999999999,10
2022-02-28,15897.534540000008,5921.934540000009,9975.599999999999,10
2022-03-01,15970.312510000007,5243.812510000009,10726.499999999998,10
2022-03-02,16025.63039000001,5128.830390000008,10896.800000000001,10
2022-03-03,15918.703010000008,5990.5030100000085,9928.199999999999,10
2022-03-04,15863.397990000009,5173.0979900000075,10690.300000000001,10
2022-03-07,15534.704960000006,6246.704960000006,9288.0,10
2022-03-08,15316.222260000006,7273.222260000008,8042.999999999999,10
2022-03-09,15237.792410000005,7772.0924100000075,7465.699999999999,10
2022-03-10,15329.257710000009,7880.257710000009,7449.0,10
2022-03-11,15353.59886000001,7812.598860000008,7541.0,10
2022-03-14,15140.979760000013,9066.079760000011,6074.900000000001,10
2022-03-15,14867.177260000008,14867.177260000008,0.0,0
2022-03-16,14867.177260000008,14867.177260000008,0.0,0
2022-03-17,14867.177260000008,14867.177260000008,0.0,0
2022-03-18,14859.064120000006,1337.164120000007,13521.9,7
2022-03-21,14865.833300000008,993.5333000000076,13872.3,4
2022-03-22,15035.603000000006,15035.603000000006,0.0,0
2022-03-23,15030.624800000005,6733.624800000006,8297.0,2
2022-03-24,14823.251680000005,3279.851680000006,11543.4,9
2022-03-25,14705.021700000003,2134.7217000000055,12570.299999999997,11
2022-03-28,14589.950640000006,2542.650640000006,12047.300000000001,10
2022-03-29,14624.004390000006,1748.8043900000057,12875.199999999999,11
2022-03-30,14116.072180000006,4661.772180000006,9454.3,10
2022-03-31,14052.780030000005,4953.480030000006,9099.3,10
2022-04-01,13926.191730000006,5621.791730000005,8304.4,10
2022-04-06,13884.984880000004,5670.284880000006,8214.699999999999,10
2022-04-07,13741.829930000007,6290.429930000006,7451.400000000001,10
2022-04-08,13730.913280000004,6366.613280000005,7364.3,10
2022-04-11,13539.716430000002,7155.916430000002,6383.8,10
2022-04-12,13634.91908,7336.31908,6298.6,11
2022-04-13,13586.46093,7458.960929999999,6127.5,10
2022-04-14,13662.050879999999,7266.850879999999,6395.2,10
2022-04-15,13600.827129999998,7507.527129999998,6093.300000000001,10
2022-04-18,13473.74203,13473.74203,0.0,0
2022-04-19,13473.74203,13473.74203,0.0,0
2022-04-20,13473.74203,13473.74203,0.0,0
2022-04-21,13466.532909999998,1451.3329099999996,12015.199999999999,10
2022-04-22,13554.55879,1940.4587899999992,11614.1,10
2022-04-25,13104.180919999999,2688.080919999998,10416.1,10
2022-04-26,12947.516779999998,3361.116779999998,9586.4,10
2022-04-27,13220.200759999998,2901.700759999998,10318.5,11
2022-04-28,13230.820269999998,3592.020269999997,9638.800000000001,11
2022-04-29,13365.083179999994,3099.383179999996,10265.699999999999,11
2022-05-05,13308.398929999996,6789.498929999997,6518.9,2
2022-05-06,13214.904989999997,2312.4049899999973,10902.5,4
2022-05-09,13107.874849999997,6971.074849999997,6136.799999999999,2
2022-05-10,13136.714109999997,2933.5141099999964,10203.2,10
2022-05-11,13282.954769999998,2488.0547699999966,10794.900000000001,10
2022-05-12,13192.312429999998,2684.1124299999974,10508.2,11
2022-05-13,13410.667639999998,1650.9676399999976,11759.7,6
2022-05-16,13435.324309999996,6666.724309999997,6768.599999999999,4
2022-05-17,13481.903429999997,1300.703429999998,12181.199999999999,10
2022-05-18,13503.510309999998,1195.7103099999983,12307.8,10
2022-05-19,13561.003750000002,1024.4037499999988,12536.600000000002,11
2022-05-20,13661.473719999998,1057.973719999999,12603.5,10
2022-05-23,13674.73526,1241.93526,12432.8,10
2022-05-24,13337.127659999998,2237.4276599999994,11099.699999999999,10
2022-05-25,13407.913959999998,2208.91396,11198.999999999998,10
2022-05-26,13423.81624,2441.81624,10982.0,10
2022-05-27,13392.5956,2827.0956,10565.5,10
2022-05-30,13499.269900000001,2504.669900000001,10994.6,10
2022-05-31,13680.30902,923.309020000001,12757.0,11
2022-06-01,13678.827280000003,1264.5272800000016,12414.300000000001,10
2022-06-02,13818.59055,1278.290550000001,12540.3,10
2022-06-06,14118.74713,1400.74713,12718.0,10
2022-06-07,14113.932350000003,1225.2323500000011,12888.7,10
2022-06-08,14440.06801,1147.2680100000005,13292.800000000001,10
2022-06-09,14313.21334,1570.8133400000002,12742.4,10
2022-06-10,14493.418230000001,1260.4182300000011,13233.0,10
2022-06-13,14395.96403,1261.5640300000005,13134.4,10
2022-06-14,14221.50215,2184.3021500000013,12037.199999999999,10
2022-06-15,14318.953740000004,2361.753740000002,11957.200000000003,10
2022-06-16,14182.14239,2548.442390000002,11633.699999999999,10
2022-06-17,14287.23414,2181.634140000002,12105.599999999999,10
2022-06-20,14229.686220000001,2375.586220000001,11854.1,10
2022-06-21,14143.8485,2627.448500000001,11516.4,10
2022-06-22,13980.329200000004,2720.7292000000016,11259.600000000002,11
2022-06-23,14220.055280000004,2459.055280000003,11761.0,11
2022-06-24,14300.174940000006,2381.7749400000043,11918.400000000001,11
2022-06-27,14438.747130000005,1527.347130000005,12911.4,10
2022-06-28,14560.136450000005,1200.036450000006,13360.1,11
2022-06-29,14304.116300000005,5778.616300000004,8525.5,8
2022-06-30,14364.561320000003,2116.7613200000037,12247.8,10
2022-07-01,14276.426000000003,2170.7260000000033,12105.699999999999,11
2022-07-04,14499.991850000004,1631.9918500000033,12868.0,10
2022-07-05,14481.961330000004,1487.8613300000038,12994.1,11
2022-07-06,14353.970770000004,1902.670770000003,12451.300000000001,10
2022-07-07,14428.494120000001,1706.894120000003,12721.599999999999,10
2022-07-08,14384.078880000001,1921.8788800000018,12462.199999999999,10
2022-07-11,14160.747910000002,2558.1479100000024,11602.6,10
2022-07-12,13974.196210000006,3574.996210000005,10399.2,10
2022-07-13,14014.750280000006,3922.8502800000047,10091.900000000001,10
2022-07-14,14216.880190000007,3385.6801900000064,10831.2,11
2022-07-15,14068.222010000009,3967.4220100000066,10100.800000000001,10
2022-07-18,14214.965120000008,2809.065120000006,11405.900000000001,10
2022-07-19,14129.450540000005,3149.4505400000053,10980.0,5
2022-07-20,14341.955390000005,1541.5553900000057,12800.4,8
2022-07-21,14306.997640000007,2161.897640000008,12145.099999999999,8
2022-07-22,14235.034320000006,2439.434320000006,11795.6,4
2022-07-25,14113.473080000009,3050.873080000008,11062.6,10
2022-07-26,14165.565360000008,3548.365360000008,10617.2,10
2022-07-27,14155.511010000006,2761.8110100000076,11393.699999999999,10
2022-07-28,14277.475510000007,2682.1755100000073,11595.3,10
2022-07-29,14305.939650000008,2355.6396500000074,11950.300000000001,10
2022-08-01,14351.15637000001,2143.7563700000082,12207.400000000001,10
2022-08-02,14180.68397000001,2637.9839700000075,11542.7,10
2022-08-03,14177.38031000001,2865.980310000008,11311.400000000001,10
2022-08-04,14184.891910000006,3138.991910000007,11045.9,10
2022-08-05,14306.533290000008,3874.7332900000074,10431.800000000001,9
2022-08-08,14295.315390000009,3922.6153900000077,10372.7,9
2022-08-09,14255.665270000007,3899.865270000008,10355.8,9
2022-08-10,14194.065270000008,3899.865270000008,10294.2,9
2022-08-11,14350.32775000001,2528.527750000008,11821.800000000001,10
2022-08-12,14334.984210000008,2390.184210000008,11944.8,10
2022-08-15,14358.672270000008,2285.672270000008,12073.0,10
2022-08-16,14350.92689000001,2430.8268900000085,11920.1,10
2022-08-17,14358.417090000008,2402.0170900000085,11956.4,10
2022-08-18,14368.11519000001,2098.915190000009,12269.2,11
2022-08-19,14200.634600000009,2496.034600000008,11704.6,10
2022-08-22,14245.694960000012,2817.1949600000107,11428.5,10
2022-08-23,14176.474200000008,2890.6742000000104,11285.799999999997,10
2022-08-24,14145.66051000001,2985.260510000011,11160.4,11
2022-08-25,14174.375310000012,2860.375310000012,11314.0,11
2022-08-26,14143.414290000012,2839.814290000012,11303.599999999999,11
2022-08-29,14014.434610000013,3992.934610000011,10021.500000000002,11
2022-08-30,14022.07678000001,3946.376780000012,10075.699999999999,10
2022-08-31,13949.734800000013,4602.734800000013,9347.0,10
2022-09-01,13903.496100000011,4380.196100000012,9523.3,10
2022-09-02,13872.236690000012,4225.936690000011,9646.300000000001,10
2022-09-05,13985.88554000001,4231.285540000011,9754.6,10
2022-09-06,14084.288280000008,3480.5882800000095,10603.699999999999,10
2022-09-07,14019.167980000011,3524.5679800000107,10494.6,10
2022-09-08,14002.169360000009,3665.1693600000094,10337.0,6
2022-09-09,14160.58685000001,2489.5868500000097,11671.0,10
2022-09-13,14235.241040000012,2778.54104000001,11456.7,11
2022-09-14,14142.50585000001,3063.5058500000105,11079.0,10
2022-09-15,14112.15995000001,3112.4599500000113,10999.699999999999,11
2022-09-16,13891.45547000001,3997.45547000001,9894.0,10
2022-09-19,13821.128120000008,4507.228120000009,9313.9,10
2022-09-20,13818.613920000009,4917.113920000009,8901.5,10
2022-09-21,13848.47312000001,4743.273120000009,9105.2,10
2022-09-22,13872.826570000008,4659.226570000009,9213.6,10
2022-09-23,13784.636530000007,4835.036530000008,8949.6,10
2022-09-26,13684.002180000009,5484.402180000008,8199.6,10
2022-09-27,13809.340580000007,5205.540580000008,8603.8,10
2022-09-28,13634.472430000009,5251.072430000007,8383.400000000001,10
2022-09-29,13683.510080000005,5599.210080000006,8084.299999999999,10
2022-09-30,13587.773750000008,4893.173750000007,8694.6,7
2022-10-10,13518.03995000001,5677.8399500000105,7840.2,10
2022-10-11,13498.879950000011,5846.079950000012,7652.799999999999,10
2022-10-12,13622.601700000012,5556.301700000012,8066.3,10
2022-10-13,13523.057500000012,5314.557500000012,8208.5,11
2022-10-14,13748.663060000012,5050.463060000013,8698.199999999999,8
2022-10-17,13684.838920000015,5849.638920000014,7835.200000000001,6
2022-10-18,13685.569410000015,4630.169410000014,9055.4,7
2022-10-19,13604.801370000014,6048.101370000014,7556.7,6
2022-10-20,13615.786310000014,4144.786310000014,9471.0,11
2022-10-21,13586.431560000015,4336.831560000015,9249.6,11
2022-10-24,13502.808180000016,5688.108180000016,7814.700000000001,10
2022-10-25,13393.184130000014,6272.784130000014,7120.400000000001,10
2022-10-26,13568.028480000015,5252.328480000015,8315.7,13
2022-10-27,13535.628080000013,4621.628080000014,8913.999999999998,12
2022-10-28,13345.298530000013,6030.298530000014,7314.999999999999,10
2022-10-31,13439.432880000017,6292.432880000017,7147.0,10
2022-11-01,13477.509630000019,6256.109630000019,7221.4,10
2022-11-02,13476.594630000018,5437.194630000018,8039.4,11
2022-11-03,13448.827930000016,6103.327930000017,7345.499999999999,10
2022-11-04,13509.761730000017,5900.061730000017,7609.699999999999,10
2022-11-07,13475.091530000016,5873.691530000016,7601.399999999999,10
2022-11-08,13530.057630000016,5790.557630000017,7739.499999999999,10
2022-11-09,13491.523980000016,5827.923980000016,7663.6,10
2022-11-10,13387.748030000015,6178.448030000015,7209.3,10
2022-11-11,13460.514980000014,6327.314980000015,7133.199999999999,10
2022-11-14,13435.147530000013,6245.847530000014,7189.299999999999,10
2022-11-15,13591.565680000016,5403.765680000017,8187.799999999999,10
2022-11-16,13495.327380000017,5734.627380000017,7760.7,10
2022-11-17,13570.631280000016,5764.131280000016,7806.5,10
2022-11-18,13488.834080000015,5904.234080000015,7584.600000000001,10
2022-11-21,13413.011580000017,6151.311580000016,7261.700000000001,10
2022-11-22,13430.065880000016,6193.865880000016,7236.200000000001,10
2022-11-23,13442.208830000018,6138.208830000016,7304.000000000001,10
2022-11-24,13441.020430000019,6102.520430000018,7338.500000000001,10
2022-11-25,13459.851180000018,6172.051180000018,7287.8,10
2022-11-28,13372.762680000016,6493.362680000017,6879.4,10
2022-11-29,13638.475980000016,5516.675980000015,8121.8,10
2022-11-30,13635.281930000016,5283.881930000015,8351.400000000001,10
2022-12-01,13793.661530000016,4895.961530000015,8897.7,10
2022-12-02,13744.102830000014,4880.002830000015,8864.1,10
2022-12-05,13835.046180000016,4794.7461800000165,9040.3,10
2022-12-06,13714.825880000019,4785.625880000017,8929.2,10
2022-12-07,13655.880130000016,5061.080130000018,8594.8,10
2022-12-08,13720.31208000002,4939.512080000019,8780.800000000001,10
2022-12-09,13788.75398000002,4305.353980000019,9483.4,11
2022-12-12,13591.17403000002,5676.87403000002,7914.3,10
2022-12-13,13597.59523000002,5574.095230000021,8023.5,10
2022-12-14,13626.863480000022,5567.663480000021,8059.2,10
2022-12-15,13599.497430000021,5497.597430000021,8101.9,10
2022-12-16,13593.07233000002,5491.37233000002,8101.7,10
2022-12-19,13493.26088000002,5661.86088000002,7831.4,11
2022-12-20,13351.852980000018,6331.7529800000175,7020.1,10
2022-12-21,13382.387080000017,6495.387080000018,6886.999999999999,10
2022-12-22,13487.962630000016,6010.562630000017,7477.4,10
2022-12-23,13465.305130000017,6163.605130000016,7301.700000000001,10
2022-12-26,13460.741230000014,6202.441230000015,7258.3,9
2022-12-27,13509.169260000013,5866.569260000015,7642.599999999999,6
2022-12-28,13508.279880000015,4556.779880000016,8951.499999999998,10
2022-12-29,13430.609430000015,5631.0094300000155,7799.599999999999,10
2022-12-30,13456.921180000016,5935.521180000015,7521.400000000001,10
2023-01-03,13474.678880000014,5718.778880000014,7755.9,11
2023-01-04,13514.318580000014,6004.318580000014,7510.0,10
2023-01-05,13616.715980000012,5528.215980000014,8088.499999999999,10
2023-01-06,13579.871930000016,5566.671930000016,8013.2,10
2023-01-09,13617.480180000017,5658.480180000017,7959.000000000001,10
2023-01-10,13595.819780000016,5476.819780000016,8118.999999999999,10
2023-01-11,13541.233780000017,5453.933780000016,8087.3,10
2023-01-12,13484.859530000016,5564.759530000015,7920.1,11
2023-01-13,13554.282730000014,5505.882730000014,8048.4,10
2023-01-16,13615.553130000015,5404.9531300000135,8210.6,10
2023-01-17,13637.613030000015,5251.313030000013,8386.300000000001,10
2023-01-18,13669.504130000012,5299.904130000013,8369.599999999999,10
2023-01-19,13724.108280000011,4990.4082800000115,8733.699999999999,10
2023-01-20,13859.37443000001,4610.274430000011,9249.1,10
2023-01-30,13885.138430000014,4245.538430000012,9639.6,10
2023-01-31,13674.16533000001,4643.365330000011,9030.8,10
2023-02-01,13826.60313000001,4502.70313000001,9323.9,10
2023-02-02,13845.397880000011,4498.99788000001,9346.400000000001,10
2023-02-03,13802.628680000013,4470.028680000011,9332.6,10
2023-02-06,13695.578430000012,4876.878430000012,8818.7,10
2023-02-07,13700.139230000012,4913.83923000001,8786.300000000001,10
2023-02-08,13661.525380000012,5035.325380000011,8626.2,10
2023-02-09,13761.663480000012,4686.063480000012,9075.6,10
2023-02-10,13676.430580000011,5106.0305800000115,8570.4,10
2023-02-13,13692.969330000014,5424.569330000014,8268.400000000001,10
2023-02-14,13717.955480000015,4401.655480000015,9316.3,11
2023-02-15,13752.769680000016,4963.169680000015,8789.6,10
2023-02-16,13754.865080000016,4650.565080000015,9104.300000000001,10
2023-02-17,13551.041730000015,5057.841730000015,8493.2,10
2023-02-20,13731.766230000016,5218.266230000015,8513.5,10
2023-02-21,13705.827380000017,4886.027380000016,8819.800000000001,10
2023-02-22,13659.992480000019,4924.692480000019,8735.3,10
2023-02-23,13583.907580000021,5072.0075800000195,8511.900000000001,10
2023-02-24,13588.458580000019,5678.358580000018,7910.1,8
2023-02-27,13549.706990000022,5218.006990000022,8331.7,10
2023-02-28,13596.02109000002,5637.921090000022,7958.099999999999,10
2023-03-01,13712.887140000023,5359.187140000022,8353.7,10
2023-03-02,13733.789290000022,4634.589290000023,9099.199999999999,11
2023-03-03,13774.488170000019,4535.688170000019,9238.8,8
2023-03-06,13786.932040000018,4630.332040000019,9156.599999999999,6
2023-03-07,13676.90534000002,4551.505340000021,9125.4,10
2023-03-08,13661.02054000002,4813.720540000021,8847.3,10
2023-03-09,13651.70874000002,4604.90874000002,9046.8,10
2023-03-10,13495.214540000019,5327.01454000002,8168.199999999999,10
2023-03-13,13552.91829000002,5461.518290000019,8091.4,10
2023-03-14,13484.09529000002,5588.995290000019,7895.099999999999,10
2023-03-15,13570.35839000002,5390.95839000002,8179.400000000001,10
2023-03-16,13479.95359000002,5577.05359000002,7902.9,10
2023-03-17,13580.48789000002,5636.787890000021,7943.699999999999,10
2023-03-20,13548.528090000022,5752.528090000022,7796.000000000001,10
2023-03-21,13586.197690000019,5540.697690000021,8045.499999999999,10
2023-03-22,13635.61024000002,5515.41024000002,8120.2,9
2023-03-23,13761.463600000021,4681.96360000002,9079.5,8
2023-03-24,13720.60665000002,4250.906650000021,9469.699999999999,10
2023-03-27,13698.482010000022,5736.982010000022,7961.500000000001,9
2023-03-28,13608.061320000023,6103.061320000022,7505.0,9
2023-03-29,13673.931870000022,4959.431870000023,8714.5,10
2023-03-30,13704.059470000024,5168.2594700000245,8535.8,10
2023-03-31,13835.766320000024,4607.866320000026,9227.9,10
2023-04-03,14291.445810000027,2456.2458100000267,11835.2,10
2023-04-04,14305.261850000024,2852.3618500000275,11452.899999999998,10
2023-04-06,14222.727270000029,2634.9272700000265,11587.800000000001,11
2023-04-07,14338.25540000003,2471.6554000000265,11866.600000000002,10
2023-04-10,14234.05904000003,2959.8590400000276,11274.200000000003,10
2023-04-11,14347.426110000028,2216.0261100000257,12131.400000000001,10
2023-04-12,14478.857170000028,1736.357170000026,12742.500000000002,10
2023-04-13,14328.632890000026,93.13289000002624,14235.5,12
2023-04-14,14551.504720000026,1288.7047200000254,13262.800000000001,10
2023-04-17,14614.442580000026,56.14258000002678,14558.3,12
2023-04-18,14502.923260000025,35.92326000002578,14467.0,14
2023-04-19,14418.099750000027,2418.6997500000257,11999.400000000001,10
2023-04-20,14676.620210000028,57.1202100000271,14619.500000000002,12
2023-04-21,14342.383040000026,2924.1830400000263,11418.2,10
2023-04-24,14175.380180000026,3450.480180000026,10724.9,10
2023-04-25,14095.296850000024,3534.0968500000254,10561.199999999999,10
2023-04-26,14172.187160000027,3334.587160000027,10837.6,12
2023-04-27,14210.056810000027,3345.356810000027,10864.7,11
2023-04-28,14359.766300000027,2689.6663000000276,11670.099999999999,11
2023-05-04,14339.161660000027,2789.4616600000263,11549.7,7
2023-05-05,14361.084810000026,2049.4848100000263,12311.6,9
2023-05-08,14533.854270000025,2025.4542700000254,12508.4,9
2023-05-09,14449.783250000024,1943.683250000025,12506.099999999999,10
2023-05-10,14364.692950000026,2338.892950000025,12025.800000000001,10
2023-05-11,14413.296030000027,2651.3960300000263,11761.9,10
2023-05-12,14286.127090000025,3022.927090000027,11263.199999999999,10
2023-05-15,14323.323210000026,2712.5232100000267,11610.8,10
2023-05-16,14232.030480000027,2871.230480000026,11360.800000000001,10
2023-05-17,14220.063210000026,4392.263210000026,9827.8,9
2023-05-18,14291.448770000026,3611.748770000026,10679.7,10
2023-05-19,14242.367750000025,3966.0677500000256,10276.3,10
2023-05-22,14158.427550000026,3361.1275500000256,10797.3,11
2023-05-23,13989.661330000028,3863.9613300000265,10125.7,10
2023-05-24,13861.74018000003,4904.840180000027,8956.900000000001,10
2023-05-25,13883.444490000027,4787.844490000027,9095.6,10
2023-05-26,13850.027940000027,4916.427940000027,8933.6,10
2023-05-29,13931.703540000031,4465.60354000003,9466.1,10
2023-05-30,13987.42754000003,4435.32754000003,9552.1,11
2023-05-31,13875.60919000003,4648.909190000029,9226.7,10
2023-06-01,13963.455290000027,4641.655290000028,9321.8,10
2023-06-02,14092.34332000003,3998.4433200000294,10093.900000000001,10
2023-06-05,14128.49481000003,3817.9948100000297,10310.5,10
2023-06-06,13919.03499000003,4145.93499000003,9773.1,10
2023-06-07,13886.57096000003,4187.87096000003,9698.7,10
2023-06-08,13753.38131000003,4740.281310000029,9013.1,10
2023-06-09,13893.19521000003,4554.99521000003,9338.2,10
2023-06-12,13925.915180000029,4657.41518000003,9268.5,10
2023-06-13,14114.36482000003,4032.96482000003,10081.4,10
2023-06-14,14140.931480000032,3694.2314800000313,10446.7,10
2023-06-15,14315.88992000003,3856.6899200000303,10459.2,11
2023-06-16,14404.62492000003,3069.224920000029,11335.4,11
2023-06-19,14385.90676000003,3279.206760000031,11106.699999999999,10
2023-06-20,14348.068000000032,3271.068000000031,11077.0,10
2023-06-21,14157.22825000003,3333.22825000003,10824.0,10
2023-06-26,13853.06893000003,5163.668930000031,8689.4,10
2023-06-27,13915.188040000026,5000.788040000028,8914.4,10
2023-06-28,13966.804890000029,2277.8048900000276,11689.0,13
2023-06-29,14039.584840000025,4560.584840000026,9479.0,10
2023-06-30,14086.048430000028,4042.648430000028,10043.4,11
2023-07-03,14216.280570000024,3439.180570000027,10777.099999999999,10
2023-07-04,14246.44367000003,3295.0436700000273,10951.400000000001,11
2023-07-05,14158.707550000028,3655.9075500000276,10502.800000000001,10
2023-07-06,14071.536150000029,3523.536150000028,10548.0,11
2023-07-07,14011.583090000027,4022.283090000028,9989.3,10
2023-07-10,14060.092920000028,4371.492920000029,9688.599999999999,11
2023-07-11,14096.162210000031,4058.4622100000306,10037.7,10
2023-07-12,14036.16297000003,3967.56297000003,10068.6,10
2023-07-13,14147.730810000026,3495.130810000027,10652.6,11
2023-07-14,14161.896360000026,3532.3963600000257,10629.5,11
2023-07-17,14103.253120000025,3776.0531200000246,10327.2,10
2023-07-18,14124.600470000023,3720.600470000024,10404.0,10
2023-07-19,14103.234510000024,3695.534510000023,10407.7,10
2023-07-20,14073.384670000021,4139.584670000021,9933.800000000001,10
2023-07-21,14061.67142000002,4267.071420000019,9794.6,10
2023-07-24,14009.493500000019,4380.893500000019,9628.6,10
2023-07-25,14274.19788000002,4259.497880000019,10014.7,11
2023-07-26,14272.352610000018,4619.652610000019,9652.699999999999,11
2023-07-27,14277.86896000002,5293.36896000002,8984.5,10
2023-07-28,14296.53705000002,5132.03705000002,9164.5,9
2023-07-31,14301.12291000002,4852.12291000002,9449.0,10
2023-08-01,14276.39342000002,2954.4934200000203,11321.9,10
2023-08-02,14120.49371000002,3142.29371000002,10978.2,11
2023-08-03,14266.34515000002,4454.745150000021,9811.599999999999,9
2023-08-04,14240.127910000023,3161.4279100000217,11078.7,10
2023-08-07,14113.987030000022,2749.487030000023,11364.5,12
2023-08-08,14054.453230000028,4105.153230000026,9949.300000000001,10
2023-08-09,14067.705810000025,4513.905810000025,9553.8,10
2023-08-10,14061.138750000024,3982.0387500000243,10079.1,10
2023-08-11,13774.254280000026,5054.054280000026,8720.2,10
2023-08-14,13707.601830000027,5211.101830000027,8496.5,10
2023-08-15,13660.028630000028,5445.328630000027,8214.7,10
2023-08-16,13612.738980000027,5496.838980000028,8115.900000000001,10
2023-08-17,13609.53928000003,5637.6392800000285,7971.900000000001,10
2023-08-18,13396.116080000029,6642.716080000029,6753.4,10
2023-08-21,13349.191130000028,6997.091130000028,6352.099999999999,10
2023-08-22,13376.561130000031,6958.76113000003,6417.800000000001,11
2023-08-23,13299.40863000003,7251.608630000032,6047.8,7
2023-08-24,13324.754530000031,6783.054530000031,6541.7,10
2023-08-25,13286.46368000003,6776.363680000032,6510.0999999999985,10
2023-08-28,13320.408430000032,7128.608430000033,6191.799999999999,11
2023-08-29,13371.013480000036,7809.413480000036,5561.6,6
2023-08-30,13427.964870000034,7548.364870000034,5879.6,4
2023-08-31,13431.977710000036,6278.677710000035,7153.3,4
2023-09-01,13440.265110000037,8703.665110000036,4736.599999999999,3
2023-09-04,13386.439310000036,6613.239310000037,6773.199999999999,6
2023-09-05,13400.242120000039,6282.142120000038,7118.1,11
2023-09-06,13336.744970000036,6551.644970000038,6785.099999999999,10
2023-09-07,13242.972820000035,7975.772820000036,5267.200000000001,9
2023-09-08,13261.511520000038,7284.3115200000375,5977.200000000001,11
2023-09-11,13310.42987000004,7003.129870000039,6307.3,12
2023-09-12,13303.457720000042,6698.957720000041,6604.5,11
2023-09-13,13267.137670000044,7080.837670000044,6186.3,10
2023-09-14,13274.334070000044,7097.034070000045,6177.3,10
2023-09-15,13302.265470000048,7555.365470000047,5746.900000000001,10
2023-09-18,13244.532570000045,7558.932570000045,5685.599999999999,12
2023-09-19,13226.225870000046,7443.725870000046,5782.5,10
2023-09-20,13198.282220000046,12927.282220000046,271.0,2
2023-09-21,13194.348520000047,13194.348520000047,0.0,0
2023-09-22,13194.348520000047,13194.348520000047,0.0,0
2023-09-25,13187.149000000047,1187.9490000000485,11999.199999999999,10
2023-09-26,13084.09482000005,1385.7948200000487,11698.300000000001,10
2023-09-27,13181.202550000045,350.1025500000477,12831.099999999999,12
2023-09-28,13096.790110000045,2748.6901100000478,10348.099999999999,10
2023-10-09,13043.132750000046,2279.5327500000476,10763.599999999999,10
2023-10-10,12965.411940000045,2763.811940000048,10201.599999999999,10
2023-10-11,12439.988690000047,4007.6886900000477,8432.3,10
2023-10-12,12503.033990000047,4044.633990000048,8458.4,10
2023-10-13,12425.560690000046,4242.860690000048,8182.699999999999,10
2023-10-16,12325.791940000046,4738.691940000047,7587.1,10
2023-10-17,12344.538290000048,4830.638290000047,7513.900000000001,10
2023-10-18,12201.156540000045,5214.056540000045,6987.1,10
2023-10-19,12110.845890000044,5705.145890000045,6405.7,11
2023-10-20,12025.490440000047,5709.290440000046,6316.200000000001,10
2023-10-23,11943.674740000046,6251.0747400000455,5692.6,11
2023-10-24,11980.126540000045,6097.026540000045,5883.1,12
2023-10-25,11995.995440000042,6072.095440000042,5923.9,12
2023-10-26,11989.75964000004,6360.259640000041,5629.5,11
2023-10-27,12036.53989000004,7020.139890000041,5016.4,6
2023-10-30,12097.06839000004,5995.768390000041,6101.3,8
2023-10-31,12063.416790000043,5839.216790000041,6224.200000000001,7
2023-11-01,12076.035090000041,5298.635090000041,6777.400000000001,8
2023-11-02,12090.63151000004,7256.13151000004,4834.5,5
2023-11-03,12103.758450000041,6038.158450000041,6065.6,10
2023-11-06,12284.06625000004,5851.566250000042,6432.499999999999,10
2023-11-07,12238.160300000043,6089.360300000041,6148.800000000001,11
2023-11-08,12223.463300000041,6270.96330000004,5952.500000000001,10
2023-11-09,12189.494550000041,7001.394550000041,5188.1,9
2023-11-10,12173.423400000042,6040.723400000042,6132.7,10
2023-11-13,12156.762400000043,5617.762400000044,6538.999999999999,11
2023-11-14,12196.112700000042,5327.412700000043,6868.7,10
2023-11-15,12213.561300000041,5326.961300000043,6886.599999999999,10
2023-11-16,12118.954500000043,5629.454500000043,6489.500000000001,10
2023-11-17,12084.509150000044,5879.609150000044,6204.9,11
2023-11-20,12093.931600000044,5932.631600000042,6161.3,11
2023-11-21,12064.196450000043,5938.196450000042,6126.0,10
2023-11-22,11991.52115000004,6204.32115000004,5787.200000000001,10
2023-11-23,12004.51785000004,6270.417850000041,5734.1,10
2023-11-24,11961.37370000004,6479.773700000042,5481.599999999999,10
2023-11-27,11964.161750000043,6481.961750000042,5482.200000000001,10
2023-11-28,11973.349300000044,6351.3493000000435,5622.0,10
2023-11-29,11924.832000000042,6318.532000000043,5606.3,10
2023-11-30,11943.273550000045,6432.473550000044,5510.8,10
2023-12-01,11936.285800000045,6563.785800000045,5372.5,11
2023-12-04,11926.290850000045,6409.490850000045,5516.8,11
2023-12-05,11828.409650000043,11568.209650000043,260.2,4
2023-12-06,11830.378300000042,11830.378300000042,0.0,0
2023-12-07,11830.378300000042,11830.378300000042,0.0,0
2023-12-08,11824.027580000042,1256.4275800000419,10567.6,10
2023-12-11,11995.020250000041,2653.120250000041,9341.9,11
2023-12-12,12002.843320000042,3524.243320000041,8478.6,8
2023-12-13,11893.36363000004,1239.0636300000397,10654.300000000001,10
2023-12-14,11977.56476000004,1173.66476000004,10803.9,10
2023-12-15,11956.51540000004,2378.61540000004,9577.9,10
2023-12-18,11912.29036000004,1627.99036000004,10284.300000000001,10
2023-12-19,11947.28916000004,1671.3891600000397,10275.900000000001,10
2023-12-20,11789.72550000004,1791.4255000000403,9998.3,12
2023-12-21,11779.19927000004,1993.0992700000402,9786.099999999999,12
2023-12-22,11686.34862000004,2311.5486200000405,9374.8,10
2023-12-25,11746.430320000041,2398.8303200000405,9347.6,10
2023-12-26,11773.85107000004,2314.2510700000403,9459.6,10
2023-12-27,11799.210470000042,2246.41047000004,9552.800000000001,10
2023-12-28,11779.518230000038,2388.218230000039,9391.3,10
2023-12-29,11752.705980000039,2343.7059800000393,9409.0,10
2024-01-02,11764.358480000039,2353.4584800000384,9410.900000000001,10
2024-01-03,11744.695180000039,2281.095180000038,9463.6,10
2024-01-04,11715.85548000004,2347.8554800000384,9368.000000000002,10
2024-01-05,11677.57188000004,2625.2718800000393,9052.3,10
2024-01-08,11533.60157000004,2950.8015700000396,8582.800000000001,10
2024-01-09,11539.307170000038,1161.207170000038,10378.1,13
2024-01-10,11477.038420000037,3600.4384200000386,7876.599999999999,10
2024-01-11,11522.590670000038,4216.59067000004,7305.999999999999,10
2024-01-12,11530.63707000004,3915.73707000004,7614.9000000000015,10
2024-01-15,11549.10310000004,2710.1031000000407,8839.0,9
2024-01-16,11496.795880000042,2920.795880000041,8576.0,10
2024-01-17,11332.713430000042,3774.3134300000424,7558.4,10
2024-01-18,11346.399180000042,4275.399180000041,7071.000000000001,10
2024-01-19,11322.377330000041,4138.877330000041,7183.5,10
2024-01-22,11296.340880000042,4119.940880000042,7176.4,10
2024-01-23,11348.453330000042,4675.0533300000425,6673.4,10
2024-01-24,11440.334920000043,3717.034920000044,7723.299999999999,5
2024-01-25,11578.285220000045,2471.585220000044,9106.7,6
2024-01-26,11530.670260000046,2847.3702600000443,8683.300000000001,10
2024-01-29,11497.639420000043,3132.3394200000444,8365.3,6
2024-01-30,11629.785310000043,2218.1853100000435,9411.6,10
2024-01-31,11427.401210000044,4241.701210000045,7185.7,9
2024-02-01,11424.693560000043,3834.393560000045,7590.299999999999,10
2024-02-02,11271.391060000045,3938.191060000046,7333.2,10
2024-02-05,11204.451510000046,4959.451510000046,6245.000000000001,10
2024-02-06,11356.275860000045,4708.475860000045,6647.8,10
2024-02-07,11419.459560000043,5112.159560000045,6307.299999999999,10
2024-02-08,11436.456260000046,5092.656260000045,6343.8,9
2024-02-19,11428.134160000045,5085.334160000046,6342.799999999999,9
2024-02-20,11424.771280000048,4328.771280000046,7096.000000000001,6
2024-02-21,11394.954820000046,3106.7548200000456,8288.2,10
2024-02-22,11454.290970000045,3461.9909700000453,7992.299999999999,10
2024-02-23,11438.795220000047,4221.795220000046,7217.0,10
2024-02-26,11372.614220000047,3590.0142200000473,7782.6,10
2024-02-27,11513.419870000045,3437.1198700000477,8076.299999999998,10
2024-02-28,11367.540520000046,3690.040520000047,7677.5,10
2024-02-29,11442.305770000046,3612.9057700000462,7829.400000000001,10
2024-03-01,11478.584370000046,3366.284370000047,8112.299999999999,10
2024-03-04,11511.568720000048,3258.068720000048,8253.5,10
2024-03-05,11318.652770000048,3829.552770000048,7489.1,10
2024-03-06,11362.08307000005,3661.283070000049,7700.8,10
2024-03-07,11172.725970000047,4373.325970000047,6799.4,10
2024-03-08,11209.024720000049,4613.92472000005,6595.099999999999,10
2024-03-11,11363.024720000049,4017.7247200000493,7345.3,10
2024-03-12,11376.20512000005,3917.0051200000507,7459.199999999999,10
2024-03-13,11353.73212000005,3876.53212000005,7477.2,10
2024-03-14,11287.21172000005,4113.811720000051,7173.4,10
2024-03-15,11312.549870000053,4196.649870000052,7115.900000000001,10
2024-03-18,11360.637470000052,3881.2374700000505,7479.4000000000015,10
2024-03-19,11270.312420000053,4234.812420000052,7035.5,11
2024-03-20,11293.979870000052,4091.7798700000526,7202.2,10
2024-03-21,11324.353970000055,3957.153970000053,7367.200000000001,10
2024-03-22,11182.754870000055,4225.254870000055,6957.5,11
2024-03-25,11125.406420000054,4502.606420000055,6622.8,11
2024-03-26,11121.655420000054,4517.755420000055,6603.899999999999,11
2024-03-27,10917.665470000054,5370.765470000056,5546.9,10
2024-03-28,11013.158170000055,5414.2581700000555,5598.9,10
2024-03-29,11063.174920000058,5395.274920000057,5667.900000000001,10
2024-04-01,11132.402670000058,5094.302670000057,6038.099999999999,10
2024-04-02,11123.187870000056,4636.2878700000565,6486.9,10
2024-04-03,11029.445870000058,5046.645870000057,5982.8,10
2024-04-08,10989.957020000056,4930.157020000056,6059.799999999999,11
2024-04-09,11021.937870000056,5013.0378700000565,6008.900000000001,10
2024-04-10,11065.530970000056,4151.330970000056,6914.2,12
2024-04-11,11080.888120000056,4872.888120000056,6208.0,11
2024-04-12,11028.353270000056,5010.253270000056,6018.1,11
2024-04-15,11036.201070000057,5241.401070000055,5794.800000000001,10
2024-04-16,10894.523120000056,5287.723120000056,5606.799999999999,10
2024-04-17,10938.456320000056,5241.456320000056,5696.999999999999,11
2024-04-18,10980.693620000056,5354.293620000055,5626.400000000001,10
2024-04-19,10887.083220000055,6099.4832200000565,4787.599999999999,9
2024-04-22,10868.818920000056,5557.518920000057,5311.299999999999,11
2024-04-23,10754.418620000057,10754.418620000057,0.0,0
2024-04-24,10754.418620000057,10754.418620000057,0.0,0
2024-04-25,10754.418620000057,10754.418620000057,0.0,0
2024-04-26,10749.268540000057,2453.2685400000573,8296.0,10
2024-04-29,10749.565530000058,1089.1655300000575,9660.4,10
2024-04-30,10738.10297000006,43.60297000005812,10694.500000000002,10
2024-05-06,11120.004680000058,15.104680000058238,11104.9,11
2024-05-07,11017.404060000059,1310.804060000058,9706.6,10
2024-05-08,10911.579800000058,1915.2798000000575,8996.3,10
2024-05-09,11049.018070000056,50.21807000005663,10998.8,12
2024-05-10,11019.151570000058,76.45157000005747,10942.7,12
2024-05-13,11030.334970000056,104.53497000005768,10925.8,12
2024-05-14,11080.320060000058,33.720060000057515,11046.6,12
2024-05-15,10973.764450000057,925.4644500000575,10048.3,11
2024-05-16,10985.404600000056,1482.3046000000563,9503.1,10
2024-05-17,11106.817450000059,1520.517450000057,9586.300000000001,10
2024-05-20,11171.386620000056,1291.286620000056,9880.1,10
2024-05-21,10941.005900000056,1670.6059000000546,9270.400000000001,10
2024-05-22,10957.786300000056,1533.9863000000546,9423.800000000001,10
2024-05-23,10822.403450000053,2382.803450000053,8439.6,10
2024-05-24,10655.431550000054,2951.2315500000545,7704.2,10
2024-05-27,10754.283250000055,2791.9832500000557,7962.3,10
2024-05-28,10735.445600000054,3326.4456000000546,7408.999999999998,10
2024-05-29,10701.322150000055,3153.922150000055,7547.4,10
2024-05-30,10607.981950000056,3551.6819500000547,7056.300000000001,10
2024-05-31,10613.451350000054,3544.8513500000554,7068.599999999999,10
2024-06-03,10629.431500000053,3578.931500000055,7050.499999999999,10
2024-06-04,10628.127500000057,3546.0275000000556,7082.1,10
2024-06-05,10590.217350000055,3602.417350000056,6987.799999999999,10
2024-06-06,10648.692550000058,3641.2925500000565,7007.400000000001,10
2024-06-07,10659.462500000056,3468.162500000057,7191.299999999999,10
2024-06-11,10732.734750000056,3220.7347500000556,7512.0,10
2024-06-12,10774.422400000058,2864.8224000000555,7909.600000000001,10
2024-06-13,10794.910700000059,2697.610700000057,8097.300000000001,10
2024-06-14,10768.413450000058,2938.2134500000575,7830.2,10
2024-06-17,10734.022800000057,3020.022800000057,7714.000000000001,10
2024-06-18,10759.069450000055,2844.869450000055,7914.2,10
2024-06-19,10723.412000000053,2757.812000000055,7965.5999999999985,11
2024-06-20,10740.254250000055,2976.7542500000545,7763.5,10
2024-06-21,10736.338850000055,3361.538850000055,7374.799999999999,10
2024-06-24,10673.648450000055,3266.848450000056,7406.799999999999,10
2024-06-25,10499.989750000055,3535.7897500000554,6964.200000000001,10
2024-06-26,10660.402050000055,3473.402050000055,7187.0,10
2024-06-27,10563.849550000054,3723.4495500000544,6840.4,10
2024-06-28,10632.073400000056,4070.973400000055,6561.100000000001,11
2024-07-01,10630.896310000055,2768.096310000055,7862.799999999999,8
2024-07-02,10592.229200000054,3296.6292000000553,7295.599999999999,10
2024-07-03,10681.577950000057,2686.977950000057,7994.599999999999,10
2024-07-04,10675.852700000058,2955.3527000000568,7720.5,10
2024-07-05,10691.438750000056,2906.838750000057,7784.599999999999,10
2024-07-08,10729.751350000057,3135.351350000057,7594.4,10
2024-07-09,10839.050900000057,2726.1509000000574,8112.9,10
2024-07-10,10723.644600000058,3114.644600000058,7609.0,10
2024-07-11,10755.359000000059,3390.4590000000576,7364.900000000001,10
2024-07-12,10631.510950000056,3611.9109500000563,7019.599999999999,10
2024-07-15,10743.128700000056,3398.428700000056,7344.700000000001,10
2024-07-16,10750.012600000056,3133.3126000000557,7616.7,10
2024-07-17,10617.458800000055,3262.4588000000554,7355.0,11
2024-07-18,10567.328200000054,3154.528200000055,7412.799999999999,11
2024-07-19,10477.841250000056,3598.4412500000544,6879.400000000001,13
2024-07-22,10512.276350000055,4020.4763500000536,6491.8,11
2024-07-23,10426.732650000054,4433.332650000054,5993.400000000001,10
2024-07-24,10370.145900000054,4977.645900000054,5392.5,10
2024-07-25,10319.178450000054,4994.178450000054,5325.000000000001,10
2024-07-26,10330.708050000054,4376.408050000055,5954.299999999999,11
2024-07-29,10276.496000000054,4629.596000000054,5646.9,10
2024-07-30,10293.230600000054,4861.530600000055,5431.7,12
2024-07-31,10466.421050000055,4402.521050000056,6063.899999999999,10
2024-08-01,10440.527400000055,3829.8274000000556,6610.7,9
2024-08-02,10339.552550000055,4509.152550000055,5830.400000000001,10
2024-08-05,10220.080050000059,4867.880050000057,5352.200000000001,10
2024-08-06,10352.447000000058,4625.847000000058,5726.599999999999,10
2024-08-07,10355.35955000006,4477.259550000058,5878.1,11
2024-08-08,10303.403950000058,4640.903950000059,5662.5,10
2024-08-09,10253.60715000006,4763.80715000006,5489.8,10
2024-08-12,10241.15340000006,5032.053400000059,5209.1,9
2024-08-13,10256.70580000006,4481.70580000006,5775.0,10
2024-08-14,10213.406700000061,4709.4067000000605,5504.0,10
2024-08-15,10284.37150000006,4681.17150000006,5603.199999999999,11
2024-08-16,10295.20290000006,4778.90290000006,5516.3,10
2024-08-19,10296.033150000061,4755.73315000006,5540.3,10
2024-08-20,10217.085850000058,4442.585850000059,5774.5,12
2024-08-21,10202.09875000006,5155.39875000006,5046.7,10
2024-08-22,10146.45455000006,5352.054550000059,4794.400000000001,10
2024-08-23,10111.04935000006,5823.749350000058,4287.3,9
2024-08-26,10161.92130000006,5791.821300000059,4370.1,9
2024-08-27,10127.16260000006,6403.66260000006,3723.5,8
2024-08-28,10102.080500000058,6565.380500000059,3536.7,8
2024-08-29,10071.975550000061,5968.675550000061,4103.3,10
2024-08-30,10138.019550000063,5603.019550000062,4535.0,10
2024-09-02,10088.446950000063,5971.346950000062,4117.1,9
2024-09-03,10084.517600000061,5686.917600000062,4397.6,10
2024-09-04,10025.446750000065,10025.446750000065,0.0,0
2024-09-05,10025.446750000065,10025.446750000065,0.0,0
2024-09-06,10025.446750000065,10025.446750000065,0.0,0
2024-09-09,10020.235900000063,1598.5359000000637,8421.699999999999,10
2024-09-10,9999.209900000063,696.0099000000641,9303.199999999999,11
2024-09-11,10033.107800000063,1049.3078000000646,8983.8,10
2024-09-12,10028.362000000065,1015.5620000000637,9012.800000000001,10
2024-09-13,9972.470250000064,1085.9702500000635,8886.5,10
2024-09-18,9969.226600000064,1196.326600000064,8772.9,10
2024-09-19,10095.408800000063,1036.9088000000634,9058.5,10
2024-09-20,10067.236950000066,949.436950000064,9117.800000000001,10
2024-09-23,10026.327050000062,1048.527050000063,8977.8,10
2024-09-24,10354.040650000064,1065.240650000063,9288.800000000001,10
2024-09-25,10388.626520000063,927.426520000063,9461.2,10
2024-09-26,10730.656610000064,799.2566100000643,9931.4,11
2024-09-27,11188.884390000061,918.8843900000622,10269.999999999998,10
2024-09-30,11705.211900000066,1829.111900000063,9876.100000000002,10
2024-10-08,11676.130370000063,824.3303700000636,10851.8,11
2024-10-09,11191.712720000063,3291.6127200000633,7900.1,10
2024-10-10,11399.133270000064,2552.3332700000637,8846.8,10
2024-10-11,11186.028920000062,5721.928920000063,5464.1,7
2024-10-14,11363.271470000062,1987.1714700000637,9376.099999999999,11
2024-10-15,11047.715620000063,3364.415620000063,7683.299999999999,11
2024-10-16,10988.597720000063,3959.4977200000635,7029.099999999999,10
2024-10-17,11030.517470000064,3958.0174700000634,7072.5,10
2024-10-18,11314.784270000067,2781.384270000066,8533.400000000001,10
2024-10-21,11331.587720000067,2766.6877200000667,8564.9,10
2024-10-22,11237.585070000066,832.0850700000675,10405.499999999998,13
2024-10-23,11192.572020000065,3575.772020000066,7616.8,10
2024-10-24,11134.676220000065,3727.476220000065,7407.2,10
2024-10-25,11128.505320000066,3675.005320000066,7453.5,10
2024-10-28,11138.251870000067,3813.7518700000674,7324.5,10
2024-10-29,11062.332720000066,3771.432720000066,7290.9,10
2024-10-30,11019.053520000067,4040.8535200000665,6978.200000000001,10
2024-10-31,11085.546270000064,3763.3462700000655,7322.199999999999,10
2024-11-01,10884.429520000067,4243.329520000066,6641.100000000001,10
2024-11-04,11015.628570000066,4419.328570000066,6596.3,11
2024-11-05,11257.772020000066,3107.172020000066,8150.6,10
2024-11-06,11324.767970000064,3013.767970000065,8311.0,12
2024-11-07,11390.411720000066,3881.3117200000656,7509.1,10
2024-11-08,11319.528070000066,3802.628070000066,7516.9,10
2024-11-11,11290.243020000067,3454.1430200000673,7836.1,10
2024-11-12,11189.690620000067,2611.3906200000674,8578.3,11
2024-11-13,11152.922820000065,3430.322820000066,7722.6,10
2024-11-14,10957.681220000066,4337.5812200000655,6620.1,10
2024-11-15,10842.896870000062,4517.396870000064,6325.499999999999,11
2024-11-18,10765.282820000064,4917.482820000064,5847.8,11
2024-11-19,10912.549470000064,4963.249470000063,5949.3,11
2024-11-20,10938.551520000063,4785.351520000063,6153.199999999999,10
2024-11-21,10933.76592000006,4811.865920000061,6121.9,10
2024-11-22,10870.495620000062,5002.195620000061,5868.3,9
2024-11-25,10906.893970000063,4586.593970000063,6320.299999999999,7
2024-11-26,10888.272780000063,4526.672780000063,6361.6,4
2024-11-27,10891.562580000063,4456.862580000062,6434.700000000001,10
2024-11-28,10850.656980000062,5314.756980000061,5535.900000000001,7
2024-11-29,10903.150730000063,4455.550730000062,6447.600000000001,10
2024-12-02,10887.872980000062,4841.972980000061,6045.9,9
2024-12-03,10949.377130000064,4389.177130000064,6560.200000000001,7
2024-12-04,10914.490730000063,3748.5907300000617,7165.900000000001,10
2024-12-05,10958.074980000063,3701.474980000062,7256.6,10
2024-12-06,10960.848530000061,4272.34853000006,6688.5,10
2024-12-09,10926.227080000059,4481.327080000058,6444.900000000001,10
2024-12-10,10926.435830000059,4561.735830000059,6364.7,10
2024-12-11,10892.756830000057,4435.356830000057,6457.400000000001,11
2024-12-12,10936.633530000057,4449.533530000058,6487.1,10
2024-12-13,10852.679530000056,4798.679530000056,6054.000000000001,11
2024-12-16,10791.303180000057,5067.303180000056,5724.0,11
2024-12-17,10770.722380000057,4945.822380000058,5824.9,11
2024-12-18,10822.554730000058,5055.954730000059,5766.6,10
2024-12-19,10778.042730000056,5024.842730000057,5753.2,13
2024-12-20,10745.868380000056,5507.468380000057,5238.4,10
2024-12-23,10783.313280000057,5264.213280000057,5519.1,12
2024-12-24,10786.383430000058,5644.383430000057,5142.000000000001,10
2024-12-25,10806.390980000057,4952.090980000056,5854.3,9
2024-12-26,10823.507930000056,4758.1079300000565,6065.4,10
2024-12-27,10779.537930000055,4711.137930000055,6068.4,12
2024-12-30,10743.444080000056,5395.944080000055,5347.5,10
2024-12-31,10701.067780000054,4936.167780000053,5764.900000000001,11
2025-01-02,10582.822580000053,5695.022580000052,4887.800000000001,11
2025-01-03,10554.20668000005,6143.306680000051,4410.9,10
2025-01-06,10565.804480000052,6553.404480000051,4012.4,9
2025-01-07,10582.90873000005,6165.708730000049,4417.200000000001,10
2025-01-08,10576.58273000005,6262.48273000005,4314.1,10
2025-01-09,10578.593130000048,6147.5931300000475,4431.0,5
2025-01-10,10593.277030000047,5942.577030000047,4650.7,9
2025-01-13,10616.350180000045,5515.850180000047,5100.499999999999,10
2025-01-14,10638.298180000045,5642.198180000046,4996.1,9
2025-01-15,10624.372130000047,5301.272130000047,5323.1,9
2025-01-16,10673.714880000047,5707.314880000047,4966.4,9
2025-01-17,10734.563180000048,7760.363180000048,2974.2,7
2025-01-20,10726.267980000048,7401.767980000048,3324.5,6
2025-01-21,10729.45798000005,5179.7579800000485,5549.700000000001,10
2025-01-22,10721.72888000005,6793.328880000049,3928.4,7
2025-01-23,10710.82428000005,5582.32428000005,5128.5,10
2025-01-24,10735.155680000049,5204.455680000049,5530.7,11
2025-01-27,10618.690830000047,5478.3908300000485,5140.299999999999,10
2025-02-05,10655.49538000005,5469.695380000049,5185.8,10
2025-02-06,10764.66423000005,5064.764230000049,5699.9,11
2025-02-07,10825.408130000049,4873.708130000049,5951.7,11
2025-02-10,10824.502030000047,4768.002030000047,6056.5,11
2025-02-11,10774.933980000045,5110.133980000046,5664.8,10
2025-02-12,10796.739030000044,5016.439030000046,5780.299999999999,10
2025-02-13,10835.359080000046,4861.159080000047,5974.2,10
2025-02-14,10989.592530000045,4278.3925300000465,6711.2,10
2025-02-17,11061.630980000047,4079.3309800000466,6982.3,10
2025-02-18,11071.248930000045,3977.948930000047,7093.299999999999,10
2025-02-19,11220.029330000049,3601.229330000048,7618.8,10
2025-02-20,11221.557230000048,3300.8572300000465,7920.700000000001,10
2025-02-21,11358.154430000046,2802.954430000046,8555.2,10
2025-02-24,11349.301580000047,1898.2015800000456,9451.1,11
2025-02-25,11110.084330000045,3310.8843300000453,7799.2,10
2025-02-26,11438.165580000043,2860.165580000044,8577.999999999998,10
2025-02-27,11340.775880000045,421.67588000004366,10919.1,13
2025-02-28,10920.352130000043,4401.252130000044,6519.099999999999,10
2025-03-03,10928.415880000044,4565.515880000043,6362.900000000001,10
2025-03-04,10907.959980000041,4424.359980000041,6483.6,10
2025-03-05,11007.29253000004,4266.092530000041,6741.2,11
2025-03-06,11185.39258000004,3713.592580000041,7471.799999999999,11
2025-03-07,11146.477330000042,3664.8773300000403,7481.6,10
2025-03-10,11118.29478000004,3578.0947800000395,7540.2,11
2025-03-11,11089.28143000004,3526.881430000039,7562.400000000001,10
2025-03-12,11074.90513000004,3759.105130000039,7315.799999999999,10
2025-03-13,11019.279980000041,4191.379980000041,6827.900000000001,11
2025-03-14,11192.09468000004,3710.9946800000403,7481.099999999999,10
2025-03-17,11187.46593000004,3659.76593000004,7527.7,10
2025-03-18,11211.04423000004,3513.444230000039,7697.6,10
2025-03-19,11168.28198000004,3588.6819800000394,7579.599999999999,10
2025-03-20,11155.736680000038,3670.6366800000387,7485.099999999999,10
2025-03-21,11077.994480000038,3873.394480000038,7204.599999999999,10
2025-03-24,11119.240230000038,3821.8402300000384,7297.4,10
2025-03-25,11128.106280000036,3635.7062800000385,7492.399999999999,10
2025-03-26,11119.287830000038,3900.4878300000382,7218.8,10
2025-03-27,11162.68773000004,3401.8877300000386,7760.800000000001,11
2025-03-28,11181.400430000042,3740.9004300000406,7440.5,10
2025-03-31,11189.760930000042,3718.4609300000416,7471.300000000001,10
2025-04-01,11197.584430000043,3550.7844300000415,7646.8,10
2025-04-02,11163.604680000044,3657.804680000043,7505.8,10
2025-04-03,11151.802180000044,3653.702180000045,7498.099999999999,10
2025-04-07,10529.362130000045,10529.362130000045,0.0,0
2025-04-08,10529.362130000045,10529.362130000045,0.0,0
2025-04-09,10529.362130000045,10529.362130000045,0.0,0
2025-04-10,10523.573680000045,946.6736800000446,9576.9,10
2025-04-11,10721.368760000045,912.6687600000453,9808.699999999999,10
2025-04-14,10981.451270000045,6818.051270000046,4163.4,3
2025-04-15,10944.244020000047,4879.544020000047,6064.700000000001,2
2025-04-16,10858.887920000047,2115.4879200000464,8743.4,3
2025-04-17,10886.158180000046,929.1581800000467,9957.0,4
2025-04-18,10745.902030000047,1440.9020300000468,9305.0,4
2025-04-21,10933.217940000046,723.8179400000472,10209.4,8
2025-04-22,10940.885920000048,793.2859200000469,10147.6,10
2025-04-23,10867.758200000046,1764.7582000000464,9103.0,10
2025-04-24,10838.432460000047,1979.7324600000463,8858.7,10
2025-04-25,10828.066210000045,1711.8662100000463,9116.199999999999,11
2025-04-28,10836.400210000045,89.30021000004751,10747.099999999999,14
2025-04-29,10873.50841000005,2303.1084100000476,8570.400000000001,11
2025-04-30,10820.159910000048,44.959910000046534,10775.2,14
2025-05-06,10953.745780000048,1209.4457800000469,9744.300000000001,10
2025-05-07,10889.996370000048,1510.0963700000473,9379.900000000001,10
2025-05-08,10926.463350000045,1415.363350000046,9511.1,10
2025-05-09,10931.127460000045,1355.4274600000463,9575.699999999999,10
2025-05-12,10947.871340000045,454.1713400000465,10493.699999999999,11
2025-05-13,11009.393070000047,105.29307000004647,10904.1,12
2025-05-14,11093.402830000046,49.90283000004655,11043.5,13
2025-05-15,10954.297530000047,1302.0975300000464,9652.2,10
2025-05-16,10935.921400000047,1590.8214000000467,9345.1,10
2025-05-19,10902.960050000049,968.6600500000492,9934.3,11
2025-05-20,10981.911250000046,81.11125000004802,10900.8,12
2025-05-21,11033.149400000048,1531.0494000000494,9502.099999999999,10
2025-05-22,10929.16959000005,1852.469590000049,9076.7,10
2025-05-23,10892.280640000048,2392.2806400000477,8500.0,10
2025-05-26,10881.790690000049,2262.790690000048,8619.0,10
2025-05-27,10891.702890000048,2701.302890000048,8190.400000000001,10
2025-05-28,10862.482790000047,1125.6827900000485,9736.8,12
2025-05-29,10953.711440000046,2358.8114400000477,8594.9,10
2025-05-30,10856.40799000005,2778.6079900000495,8077.8,10
2025-06-03,10895.674090000051,2420.6740900000514,8475.0,10
2025-06-04,10937.56664000005,1842.1666400000502,9095.4,10
2025-06-05,10901.962490000049,1923.9624900000495,8978.0,10
2025-06-06,10899.687690000048,1861.1876900000484,9038.5,10
2025-06-09,11047.352190000049,1587.4521900000482,9459.900000000001,10
2025-06-10,11166.097090000048,1224.997090000048,9941.1,10
2025-06-11,11141.154030000047,1143.4540300000479,9997.699999999999,10
2025-06-12,11180.085590000048,1141.1855900000471,10038.900000000001,10
2025-06-13,11046.901490000047,667.501490000046,10379.400000000001,11
2025-06-16,11177.471930000047,1068.0719300000455,10109.400000000001,10
2025-06-17,11099.700880000046,374.40088000004414,10725.300000000001,11
2025-06-18,11091.304870000047,1302.4048700000449,9788.900000000001,10
2025-06-19,10873.009820000047,4788.809820000047,6084.2,7
2025-06-20,10897.599870000044,1797.3998700000448,9100.199999999999,11
2025-06-23,11057.868370000044,10.868370000043683,11047.0,13
2025-06-24,11296.234980000043,713.6349800000423,10582.6,11
2025-06-25,11642.425650000045,36.1256500000427,11606.300000000001,13
2025-06-26,11584.797640000044,1198.3976400000429,10386.400000000001,10
2025-06-27,11671.306450000042,74.70645000004367,11596.599999999999,13
2025-06-30,11689.291520000043,1309.2915200000432,10380.0,10
2025-07-01,11722.082870000042,95.28287000004286,11626.8,12
2025-07-02,11670.82342000004,1177.923420000042,10492.9,11
2025-07-03,11751.94532000004,21.145320000041778,11730.8,13
2025-07-04,11700.669650000042,1164.1696500000403,10536.500000000002,11
2025-07-07,11678.15706000004,36.65706000003934,11641.5,13
2025-07-08,11850.52924000004,8.729240000039795,11841.8,13
2025-07-09,11764.986300000039,30.886300000038517,11734.1,15
2025-07-10,11832.40617000004,1288.2061700000388,10544.2,10
2025-07-11,11896.724620000037,14.124620000038249,11882.599999999999,12
2025-07-14,11870.055250000038,763.9552500000375,11106.1,12
2025-07-15,11825.210930000037,1268.1109300000371,10557.1,10
2025-07-16,11795.886220000033,1397.286220000036,10398.599999999997,12
2025-07-17,11846.376110000036,1560.9761100000364,10285.4,10
2025-07-18,11887.984650000035,252.68465000003565,11635.3,11
2025-07-21,12004.061900000037,1428.661900000037,10575.4,10
2025-07-22,12053.913760000034,83.2137600000359,11970.699999999999,13
2025-07-23,12117.586470000035,46.78647000003582,12070.8,14
2025-07-24,12294.876530000038,50.976530000035524,12243.900000000001,15
2025-07-25,12300.814690000036,1242.814690000036,11058.0,12
2025-07-28,12531.122140000038,1625.9221400000374,10905.2,11
2025-07-29,12632.180110000038,2307.0801100000385,10325.099999999999,11
2025-07-30,12671.155100000042,2949.65510000004,9721.500000000002,11
2025-07-31,12642.43352000004,40.833520000040835,12601.6,13
2025-08-01,12611.061360000043,46.76136000004186,12564.300000000001,14
2025-08-04,12454.05012000004,46.35012000004156,12407.699999999999,15
2025-08-05,12554.681390000042,45.38139000004219,12509.3,15
2025-08-06,12585.888000000043,1482.588000000041,11103.300000000001,10
2025-08-07,12536.920200000044,1624.8202000000413,10912.100000000002,10
2025-08-08,12463.895590000042,1887.595590000041,10576.300000000001,10
2025-08-11,12581.692620000042,2199.2926200000393,10382.400000000001,10
2025-08-12,12667.57618000004,499.3761800000375,12168.200000000003,11
2025-08-13,12898.804110000037,28.80411000003693,12870.0,12
2025-08-14,12844.063830000036,897.8638300000355,11946.2,12
2025-08-15,13036.021050000036,9.821050000034916,13026.2,13
2025-08-18,13164.960810000035,939.260810000035,12225.7,12
2025-08-19,13097.770770000034,1156.1707700000359,11941.599999999999,13
2025-08-20,13206.140550000036,1723.3405500000358,11482.800000000001,11
2025-08-21,13177.748170000037,1519.448170000036,11658.300000000001,11
2025-08-22,13357.773960000039,1149.3739600000365,12208.400000000001,11
2025-08-25,13589.538940000039,1223.3389400000376,12366.2,10
2025-08-26,13529.729740000037,1457.8297400000372,12071.9,10
2025-08-27,13475.415340000038,25.01534000003832,13450.4,13
2025-08-28,13691.54718000004,817.5471800000378,12874.000000000002,12
2025-08-29,13797.839140000033,5.839140000036821,13791.999999999996,12
2025-09-01,13990.231760000035,103.83176000003635,13886.4,12
2025-09-02,13774.540350000038,27.940350000035096,13746.600000000002,12
2025-09-03,13591.308010000033,544.908010000034,13046.4,12
2025-09-04,13037.408250000033,4686.908250000033,8350.5,11
2025-09-05,13380.632000000034,3825.1320000000323,9555.500000000002,10
2025-09-08,12863.925200000034,5519.025200000035,7344.900000000001,10
2025-09-09,12811.535500000035,5298.035500000035,7513.5,11
2025-09-10,12842.756700000034,5804.456700000034,7038.3,10
2025-09-11,13049.684800000035,5500.084800000034,7549.6,10
2025-09-12,13071.969300000035,5291.669300000035,7780.3,10
2025-09-15,13084.761750000034,5214.461750000034,7870.3,10
2025-09-16,13072.940700000032,5300.640700000033,7772.3,10
2025-09-17,13086.420350000033,5145.220350000034,7941.199999999999,10
2025-09-18,13000.034150000036,5848.4341500000355,7151.6,10
2025-09-19,13005.001100000034,5711.901100000034,7293.1,10
2025-09-22,13029.490500000033,6426.290500000034,6603.199999999999,9
2025-09-23,13037.845700000034,5457.745700000034,7580.1,10
2025-09-24,13230.879550000034,4863.6795500000335,8367.2,10
2025-09-25,13313.780700000032,4272.380700000032,9041.4,10
2025-09-26,13170.939250000032,4531.939250000033,8639.0,10
2025-09-29,13230.657100000033,4632.557100000034,8598.1,10
2025-09-30,13316.080200000033,4203.6802000000325,9112.400000000001,10
2025-10-09,13633.523530000031,66.22353000003079,13567.300000000001,14
2025-10-10,13288.224970000028,3793.5249700000295,9494.699999999999,10
2025-10-13,13198.11017000003,4700.610170000031,8497.5,10
2025-10-14,13013.584020000031,5138.584020000031,7875.000000000001,10
2025-10-15,13130.365170000034,4904.365170000033,8226.0,10
2025-10-16,13039.77817000003,5489.778170000032,7549.999999999999,10
2025-10-17,12807.540720000034,5820.440720000033,6987.1,12
2025-10-20,12896.612870000032,6008.412870000032,6888.2,10
2025-10-21,12975.158970000033,5876.558970000033,7098.6,10
2025-10-22,12895.566170000031,6007.866170000031,6887.700000000001,10
2025-10-23,12896.414320000033,9364.614320000033,3531.8,5
2025-10-24,12884.548020000033,8561.848020000032,4322.700000000001,7
2025-10-27,12905.053320000032,7323.7533200000325,5581.3,8
2025-10-28,12898.42972000003,7458.5297200000305,5439.9,8
2025-10-29,12968.48387000003,6683.0838700000295,6285.400000000001,9
2025-10-30,12921.523370000028,5991.923370000028,6929.600000000001,10
2025-10-31,12882.769220000031,6220.969220000031,6661.8,11
2025-11-03,12899.276220000029,6128.376220000029,6770.900000000001,10
2025-11-04,12806.286770000028,6285.186770000029,6521.099999999999,11
2025-11-05,12764.75992000003,6810.2599200000295,5954.500000000001,10
2025-11-06,12874.43377000003,6342.03377000003,6532.400000000001,10
2025-11-07,12841.614820000032,6269.314820000032,6572.3,10
2025-11-10,12914.330620000033,6186.030620000032,6728.3,10
2025-11-11,12914.414920000032,5823.8149200000325,7090.599999999999,10
2025-11-12,12924.243670000033,5871.543670000032,7052.700000000001,10
2025-11-13,12992.84632000003,5741.0463200000295,7251.8,10
2025-11-14,12858.13242000003,5809.0324200000305,7049.099999999999,11
2025-11-17,12782.333020000031,6085.833020000031,6696.5,10
2025-11-18,12699.85997000003,6124.459970000031,6575.4,10
2025-11-19,12703.504670000031,6684.104670000031,6019.400000000001,10
2025-11-20,12724.763170000035,6605.1631700000335,6119.6,10
2025-11-21,12539.856620000033,11814.656620000032,725.2,5
2025-11-24,12534.75348000003,1489.2534800000324,11045.499999999998,10
2025-11-25,12611.786320000032,2046.1863200000316,10565.6,10
2025-11-26,12652.63319000003,1549.733190000032,11102.899999999998,10
2025-11-27,12700.303430000033,1316.5034300000323,11383.800000000001,10
2025-11-28,12702.200170000033,9643.800170000033,3058.4,3
2025-12-01,12724.16101000003,2572.461010000032,10151.699999999999,9
2025-12-02,12704.396580000031,594.1965800000307,12110.2,11
2025-12-03,12632.108580000031,861.7085800000311,11770.4,10
2025-12-04,12742.056370000031,971.6563700000311,11770.4,10
2025-12-05,12771.92170000003,808.1217000000302,11963.8,10
2025-12-08,12778.20422000003,798.4042200000305,11979.8,10
2025-12-09,12738.477370000028,1519.6773700000308,11218.799999999997,10
2025-12-10,12781.507100000032,595.5071000000319,12186.0,11
2025-12-11,12730.753590000031,1383.4535900000321,11347.3,10
2025-12-12,12792.281590000033,1531.6815900000322,11260.6,10
2025-12-15,12654.665120000032,1739.9651200000314,10914.7,10
2025-12-16,12458.846990000033,789.1469900000308,11669.700000000003,12
2025-12-17,12856.15222000003,1325.8522200000302,11530.300000000001,10
2025-12-18,12633.962050000031,1482.5620500000305,11151.4,10
2025-12-19,12676.76543000003,1138.8654300000312,11537.9,11
2025-12-22,13014.93239000003,71.83239000003059,12943.1,14
2025-12-23,13020.43226000003,1078.2322600000307,11942.2,11
2025-12-24,13163.760610000032,1105.3606100000304,12058.400000000001,11
2025-12-25,13180.16111000003,973.0611100000292,12207.1,11
2025-12-26,13221.167910000027,1191.6679100000297,12029.499999999998,12
2025-12-29,13148.92459000003,2438.824590000031,10710.099999999999,12
2025-12-30,13139.30685000003,2102.006850000031,11037.3,12
2025-12-31,13048.075170000031,2008.7751700000322,11039.3,11
2026-01-05,13342.628220000033,1249.5282200000313,12093.100000000002,11
2026-01-06,13569.99756000003,17.997560000030305,13552.0,13
2026-01-07,13668.919550000031,1156.1195500000313,12512.800000000001,10
2026-01-08,13567.17693000003,1383.1769300000317,12183.999999999998,10
2026-01-09,13612.629390000031,1273.8293900000294,12338.800000000001,10
2026-01-12,14172.547190000028,7.347190000027126,14165.2,12
2026-01-13,14085.616230000025,1290.7162300000261,12794.9,10
2026-01-14,14096.981590000025,1981.0815900000255,12115.9,10
2026-01-15,14101.703710000023,1844.5037100000245,12257.199999999999,10
2026-01-16,14085.253810000024,1832.8538100000246,12252.4,10
2026-01-19,14147.419150000027,1144.7191500000245,13002.700000000003,10
2026-01-20,13953.131260000027,1424.2312600000253,12528.900000000001,11
2026-01-21,14004.257680000024,2131.6576800000234,11872.6,11
2026-01-22,14080.026160000025,2200.3261600000246,11879.7,11
2026-01-23,14207.509470000026,582.9094700000244,13624.600000000002,11
2026-01-26,13960.956450000023,1938.9564500000236,12022.0,10
2026-01-27,14051.472870000023,2020.2728700000234,12031.199999999999,10
2026-01-28,14101.144270000023,2246.244270000022,11854.9,10
2026-01-29,13821.605890000023,2337.605890000022,11484.0,11
2026-01-30,13823.04598000002,2830.945980000022,10992.099999999999,11
2026-02-02,13396.744750000022,4340.544750000023,9056.199999999999,10
2026-02-03,13577.424030000022,4149.124030000021,9428.300000000001,11
2026-02-04,13496.662330000021,4595.662330000021,8901.0,10
2026-02-05,13278.600930000024,9333.700930000025,3944.9,5
2026-02-06,13258.931580000026,5759.731580000025,7499.2,10
2026-02-09,13453.097360000025,5972.997360000025,7480.099999999999,8
2026-02-10,13479.597170000025,4756.897170000026,8722.699999999999,8
2026-02-11,13540.041240000024,3429.641240000025,10110.4,12
2026-02-12,13528.140640000025,4282.740640000024,9245.400000000001,9
2026-02-13,13422.464590000023,3998.0645900000236,9424.4,10
2026-02-24,13608.829840000024,3913.329840000024,9695.5,10
2026-02-25,13548.632290000025,4046.532290000025,9502.1,10
2026-02-26,13414.349590000027,4552.949590000027,8861.4,10
2026-02-27,13452.867390000027,4445.667390000026,9007.2,10
2026-03-02,13443.865940000025,4442.765940000026,9001.1,10
2026-03-03,13087.875190000028,5729.075190000028,7358.8,11
2026-03-04,12946.828490000029,6169.928490000028,6776.900000000001,10
2026-03-05,13078.50354000003,6254.003540000031,6824.5,11
2026-03-06,13122.295840000028,6305.595840000027,6816.700000000001,10
2026-03-09,13011.438590000027,6036.638590000027,6974.8,11
2026-03-10,12974.557540000025,6383.357540000025,6591.2,10
2026-03-11,13098.554590000025,6253.1545900000265,6845.4,11
2026-03-12,13208.215690000028,5954.815690000029,7253.4,10
2026-03-13,13111.89544000003,6333.49544000003,6778.4,10
2026-03-16,13066.75784000003,6663.557840000029,6403.200000000001,10
2026-03-17,12977.702540000031,7145.202540000029,5832.500000000001,10
2026-03-18,13048.006790000025,6804.006790000027,6243.999999999999,10
2026-03-19,12961.721640000025,8157.921640000026,4803.799999999999,8
2026-03-20,12971.111090000026,8955.711090000026,4015.4,6
2026-03-23,13002.767940000025,8428.367940000026,4574.4,7
2026-03-24,13078.227290000028,9731.927290000027,3346.3,5
2026-03-25,13071.879990000027,8781.879990000027,4290.0,7
2026-03-26,13036.130890000028,9628.430890000027,3407.7000000000003,5
2026-03-27,13048.370740000028,6284.270740000026,6764.1,10
2026-03-30,13058.790700000023,6407.790700000024,6650.999999999999,7
2026-03-31,12805.458050000025,6594.158050000024,6211.300000000001,10
2026-04-01,12718.793700000024,12718.793700000024,0.0,0
2026-04-02,12718.793700000024,12718.793700000024,0.0,0
2026-04-03,12718.793700000024,12718.793700000024,0.0,0
2026-04-07,12712.502640000024,2286.6026400000246,10425.9,10
2026-04-08,12761.653370000022,533.5533700000237,12228.099999999999,11
2026-04-09,12626.291210000021,24.691210000021556,12601.6,12
2026-04-10,12667.204730000023,1359.0047300000217,11308.2,10
2026-04-13,12575.68153000002,1568.5815300000222,11007.099999999999,10
2026-04-14,12669.882450000023,1379.5824500000226,11290.3,10
2026-04-15,13046.725630000023,1294.7256300000226,11752.0,10
2026-04-16,13162.394450000023,1327.1944500000225,11835.2,10
2026-04-17,13131.858910000023,1103.8589100000231,12028.0,11
2026-04-20,13162.788730000022,70.3887300000232,13092.4,13
2026-04-21,13162.627300000026,1063.927300000024,12098.7,11
2026-04-22,13250.069590000025,59.56959000002388,13190.5,13
2026-04-23,13059.429750000023,71.52975000002289,12987.9,12
2026-04-24,13093.349430000024,1059.349430000023,12034.000000000002,12
2026-04-27,13301.219960000024,0.9199600000227122,13300.300000000001,14
2026-04-28,13094.125080000025,1448.8250800000237,11645.300000000001,12
2026-04-29,13302.979640000023,1164.6796400000246,12138.3,13
2026-04-30,13313.409010000023,1594.2090100000248,11719.199999999999,11
2026-05-06,13601.609550000023,56.20955000002368,13545.4,12
2026-05-07,13703.231860000024,72.43186000002424,13630.8,13
2026-05-08,13724.729440000023,5.429440000023931,13719.3,12
2026-05-11,13942.413680000025,751.5136800000255,13190.9,11
2026-05-12,13902.683460000026,1258.3834600000243,12644.300000000001,11
2026-05-13,13970.162000000026,64.96200000002455,13905.2,11
2026-05-14,13715.627420000026,4204.327420000025,9511.300000000001,9
2026-05-15,13546.376200000028,3021.1762000000263,10525.2,10
2026-05-18,13437.222680000024,3249.622680000025,10187.599999999999,10
2026-05-19,13456.265480000027,3655.665480000026,9800.6,10
2026-05-20,13579.540670000024,3552.740670000025,10026.8,10
2026-05-21,13416.437400000024,3795.137400000024,9621.3,10
2026-05-22,13627.910280000026,3016.2102800000243,10611.7,10
2026-05-25,14062.504660000026,1342.4046600000238,12720.100000000002,11
2026-05-26,13998.786270000024,1570.986270000023,12427.800000000001,11
2026-05-27,13772.56443000002,2391.964430000022,11380.599999999999,10
2026-05-28,13919.462800000023,2516.062800000022,11403.400000000001,10
2026-05-29,13648.931090000024,3055.7310900000243,10593.199999999999,10
2026-06-01,13275.738990000025,3772.4389900000247,9503.300000000001,11
2026-06-02,13493.962230000023,3994.262230000025,9499.699999999999,10
2026-06-03,13738.087980000022,2926.8879800000236,10811.199999999999,10
2026-06-04,13830.986190000023,2225.9861900000237,11605.0,11
2026-06-05,13443.783210000023,3596.983210000025,9846.8,11
2026-06-08,13087.936220000025,5331.436220000023,7756.500000000001,11
2026-06-09,13286.464470000024,4864.664470000023,8421.800000000001,11
2026-06-10,13084.165220000024,5893.165220000024,7191.0,10
2026-06-11,13048.229820000026,7962.629820000025,5085.6,8
2026-06-12,13078.003070000024,7852.503070000024,5225.5,8
2026-06-15,13109.755570000023,5536.955570000022,7572.8,8
2026-06-16,13043.953030000022,6098.553030000023,6945.400000000001,9
2026-06-17,13007.330930000022,5700.430930000021,7306.900000000001,9
2026-06-18,12972.626330000021,5551.826330000022,7420.799999999999,10
2026-06-22,13113.906080000022,5126.706080000021,7987.200000000001,10
2026-06-23,13010.74618000002,5694.14618000002,7316.6,12
2026-06-24,12962.989230000021,5890.68923000002,7072.3,11
2026-06-25,13047.880380000019,7285.5803800000185,5762.3,9
2026-06-26,12954.06968000002,6770.5696800000205,6183.5,10
2026-06-29,13111.98498000002,5395.7849800000195,7716.199999999999,10
2026-06-30,13215.744880000018,5395.544880000019,7820.2,10
2026-07-01,13387.09068000002,4497.590680000018,8889.5,10
2026-07-02,13019.504380000017,6049.404380000016,6970.099999999999,10
2026-07-03,12723.455980000017,6851.355980000017,5872.1,10
2026-07-06,12626.666380000015,12626.666380000015,0.0,0
2026-07-07,12626.666380000015,12626.666380000015,0.0,0
2026-07-08,12626.666380000015,12626.666380000015,0.0,0
2026-07-09,12619.863880000017,1282.3638800000167,11337.5,10
2026-07-10,11701.920210000017,5635.620210000016,6066.3,9
2026-07-13,11372.467310000015,6166.967310000015,5205.5,10
2026-07-14,11436.143810000014,6129.743810000014,5306.400000000001,11
2026-07-15,11522.516860000018,5973.816860000016,5548.700000000001,10
2026-07-16,11490.107360000016,7095.007360000017,4395.1,10
2026-07-17,11263.42161000002,11263.42161000002,0.0,0
2026-07-20,11257.64674000002,1745.5467400000198,9512.1,10
2026-07-21,10770.206340000019,3453.306340000019,7316.9,9
2026-07-22,10819.67100000002,3000.7710000000197,7818.900000000001,10
2026-07-23,10813.60450000002,3053.70450000002,7759.9,10
2026-07-24,10641.00985000002,3471.50985000002,7169.5,10
2026-07-27,10690.725550000021,3312.5255500000208,7378.2,10
2026-07-28,10712.92130000002,4281.8213000000205,6431.1,9
2026-07-29,10811.283550000022,4098.583550000022,6712.699999999999,10
2026-07-30,10875.601950000024,3668.0019500000235,7207.6,9
2026-07-31,10857.047150000022,3628.4471500000227,7228.599999999999,10
2026-08-03,10774.404150000022,5267.204150000022,5507.2,7
2026-08-04,10740.44115000002,3256.5411500000228,7483.899999999999,10
2026-08-05,10792.338350000024,3261.8383500000227,7530.5,10
2026-08-06,10737.187750000023,3376.2877500000222,7360.900000000001,10
2026-08-07,10722.450150000022,3224.850150000022,7497.6,10
2026-08-10,10785.608950000023,3180.2089500000225,7605.400000000001,10
2026-08-11,10706.532900000024,3212.0329000000224,7494.500000000001,11
2026-08-12,10639.036900000023,3657.836900000023,6981.2,10
2026-08-13,10528.543850000024,4105.643850000022,6422.900000000001,10
2026-08-14,10528.639800000023,4532.8398000000225,5995.8,10
2026-08-17,10622.349250000021,3608.449250000021,7013.900000000001,12
2026-08-18,10695.004050000021,3546.204050000021,7148.799999999999,10
2026-08-19,10578.04890000002,3910.9489000000212,6667.099999999999,11
2026-08-20,10599.30765000002,3868.707650000022,6730.599999999999,11
2026-08-21,10460.564000000024,4689.364000000023,5771.2,12
2026-08-24,10306.711500000023,5217.711500000023,5089.000000000001,10
2026-08-25,10303.598400000024,5307.498400000024,4996.099999999999,10
2026-08-26,10301.771700000023,5324.571700000024,4977.2,10
2026-08-27,10355.583250000025,5360.383250000024,4995.2,10
2026-08-28,10320.357650000024,5345.657650000025,4974.7,10
2026-08-31,10291.178600000025,6343.678600000025,3947.4999999999995,8
2026-09-01,10274.058950000024,5835.6589500000255,4438.4,9
2026-09-02,10269.391450000025,5635.691450000025,4633.7,10
2026-09-03,10324.134250000025,5106.034250000025,5218.099999999999,10
2026-09-04,10306.613250000028,5758.413250000026,4548.200000000001,9
2026-09-07,10281.200950000026,6074.6009500000255,4206.6,9
2026-09-08,10279.099800000025,5476.499800000024,4802.6,10
2026-09-09,10303.004750000022,5208.504750000022,5094.5,10
2026-09-10,10284.439400000023,5091.839400000023,5192.6,11
2026-09-11,10233.688250000021,5359.388250000022,4874.299999999999,10
2026-09-14,10220.029650000022,5737.229650000023,4482.799999999999,10
2026-09-15,10176.385000000026,5671.0850000000255,4505.3,10
2026-09-16,10216.264050000025,5892.764050000025,4323.5,10
2026-09-17,10179.340000000026,5706.640000000026,4472.7,11
2026-09-18,10205.159750000028,6407.859750000027,3797.3,9
2026-09-21,10228.128100000027,5993.328100000028,4234.799999999999,9
2026-09-22,10205.668700000027,5889.268700000028,4316.400000000001,9
2026-09-23,10169.12855000003,5592.728550000029,4576.400000000001,10
2026-09-24,10126.859850000028,10126.859850000028,0.0,0
2026-09-28,10121.278100000029,957.7781000000294,9163.5,10
2026-09-29,10155.067400000029,95.76740000002945,10059.3,12
2026-09-30,10035.493750000029,19.093750000028535,10016.4,12
