date,code,nav,nav_date,nav_growth
2026-09-18,158025,1.0062,2026-09-18,
2026-09-18,562450,1.0006,2026-09-18,
2026-09-21,158039,1.0018,2026-09-21,
2026-09-21,561650,1.0,2026-09-21,
2026-09-21,562420,1.0,2026-09-21,
2026-09-22,158059,0.9999,2026-09-22,
2026-09-22,159100,1.1709,2026-09-22,
2026-09-22,159329,0.8891,2026-09-22,
2026-09-22,159501,1.9409,2026-09-22,
2026-09-22,159502,1.6108,2026-09-22,
2026-09-22,159509,2.398,2026-09-22,
2026-09-22,159513,1.7225,2026-09-22,
2026-09-22,159518,1.2234,2026-09-22,
2026-09-22,159529,1.2392,2026-09-22,
2026-09-22,159561,1.3161,2026-09-22,
2026-09-22,159577,1.6034,2026-09-22,
2026-09-22,159605,0.766,2026-09-22,
2026-09-22,159607,0.7653,2026-09-22,
2026-09-22,159612,1.9446,2026-09-22,
2026-09-22,159632,2.3471,2026-09-22,
2026-09-22,159655,1.8953,2026-09-22,
2026-09-22,159659,2.2323,2026-09-22,
2026-09-22,159660,2.2577,2026-09-22,
2026-09-22,159687,1.8506,2026-09-22,
2026-09-22,159696,1.9237,2026-09-22,
2026-09-22,159822,0.5806,2026-09-22,
2026-09-22,159941,1.5472,2026-09-22,
2026-09-22,513030,1.7975,2026-09-22,
2026-09-22,513050,1.0588,2026-09-22,
2026-09-22,513080,1.6846,2026-09-22,
2026-09-22,513100,2.066,2026-09-22,
2026-09-22,513110,2.3726,2026-09-22,
2026-09-22,513220,0.912,2026-09-22,
2026-09-22,513290,1.7358,2026-09-22,
2026-09-22,513300,2.5631,2026-09-22,
2026-09-22,513350,1.2833,2026-09-22,
2026-09-22,513360,0.4752,2026-09-22,
2026-09-22,513390,2.3192,2026-09-22,
2026-09-22,513400,1.2733,2026-09-22,
2026-09-22,513500,2.4788,2026-09-22,
2026-09-22,513650,1.8874,2026-09-22,
2026-09-22,513730,1.1045,2026-09-22,
2026-09-22,513850,1.7825,2026-09-22,
2026-09-22,513870,1.9679,2026-09-22,
2026-09-22,515540,1.0,2026-09-22,
2026-09-22,520580,0.9232,2026-09-22,
2026-09-22,520830,0.8777,2026-09-22,
2026-09-22,520870,1.1683,2026-09-22,
2026-09-22,562200,0.9999,2026-09-22,
2026-09-22,589490,0.9983,2026-09-22,
2026-09-23,158000,1.0409,2026-09-23,-0.41
2026-09-23,158001,0.9725,2026-09-23,-0.66
2026-09-23,158003,1.063,2026-09-23,0.14
2026-09-23,158005,0.9278,2026-09-23,-0.89
2026-09-23,158006,0.9847,2026-09-23,0.3
2026-09-23,158008,0.9274,2026-09-23,-0.77
2026-09-23,158009,1.0311,2026-09-23,-1.38
2026-09-23,158010,1.0052,2026-09-23,0.3
2026-09-23,158011,0.9802,2026-09-23,-1.9
2026-09-23,158012,0.9401,2026-09-23,-1.48
2026-09-23,158013,0.985,2026-09-23,-1.37
2026-09-23,158017,0.97,2026-09-23,0.31
2026-09-23,158019,0.9143,2026-09-23,-0.45
2026-09-23,158022,1.0253,2026-09-23,-0.52
2026-09-23,158023,0.9823,2026-09-23,-0.31
2026-09-23,158026,1.004,2026-09-23,-0.64
2026-09-23,158027,0.9784,2026-09-23,-0.88
2026-09-23,158028,0.9652,2026-09-23,-1.22
2026-09-23,158030,1.0,2026-09-23,0.0
2026-09-23,158031,1.0107,2026-09-23,-0.96
2026-09-23,158032,0.9641,2026-09-23,0.31
2026-09-23,158038,0.9935,2026-09-23,-1.53
2026-09-23,158041,1.0713,2026-09-23,-0.55
2026-09-23,158042,1.0017,2026-09-23,-0.29
2026-09-23,158046,1.0,2026-09-23,0.0
2026-09-23,158049,1.0231,2026-09-23,-0.54
2026-09-23,158050,1.0392,2026-09-23,-0.56
2026-09-23,158053,1.0111,2026-09-23,-0.55
2026-09-23,158056,1.0065,2026-09-23,0.11
2026-09-23,158057,1.0152,2026-09-23,-0.51
2026-09-23,158061,1.0762,2026-09-23,-0.55
2026-09-23,158063,1.0039,2026-09-23,0.02
2026-09-23,159001,26.4,2026-09-23,
2026-09-23,159003,24.86,2026-09-23,
2026-09-23,159005,48.14,2026-09-23,
2026-09-23,159007,0.8779,2026-09-23,-1.26
2026-09-23,159008,0.9949,2026-09-23,-0.5
2026-09-23,159009,0.8228,2026-09-23,-0.17
2026-09-23,159010,0.8822,2026-09-23,-1.86
2026-09-23,159011,1.0514,2026-09-23,-1.22
2026-09-23,159012,0.8841,2026-09-23,-0.56
2026-09-23,159013,0.9898,2026-09-23,-0.88
2026-09-23,159015,0.8722,2026-09-23,-1.83
2026-09-23,159016,0.9902,2026-09-23,-0.43
2026-09-23,159017,0.9084,2026-09-23,-1.68
2026-09-23,159018,0.8922,2026-09-23,-1.66
2026-09-23,159019,0.9107,2026-09-23,-1.66
2026-09-23,159020,0.9088,2026-09-23,-1.26
2026-09-23,159021,1.0033,2026-09-23,-0.57
2026-09-23,159022,1.0352,2026-09-23,-0.97
2026-09-23,159023,1.0577,2026-09-23,-1.25
2026-09-23,159025,0.9908,2026-09-23,-0.38
2026-09-23,159026,0.9103,2026-09-23,-1.67
2026-09-23,159027,0.9023,2026-09-23,-1.25
2026-09-23,159028,0.7025,2026-09-23,-0.28
2026-09-23,159029,0.869,2026-09-23,-0.9
2026-09-23,159030,0.8867,2026-09-23,-1.51
2026-09-23,159031,0.9824,2026-09-23,-1.48
2026-09-23,159032,0.8559,2026-09-23,-0.86
2026-09-23,159033,1.0052,2026-09-23,-1.51
2026-09-23,159035,0.807,2026-09-23,-1.71
2026-09-23,159036,0.9208,2026-09-23,-1.59
2026-09-23,159037,0.9732,2026-09-23,-0.67
2026-09-23,159038,0.952,2026-09-23,-1.51
2026-09-23,159039,0.8187,2026-09-23,-0.3
2026-09-23,159040,1.0267,2026-09-23,-1.7
2026-09-23,159041,1.0116,2026-09-23,-1.1
2026-09-23,159042,0.9744,2026-09-23,-0.67
2026-09-23,159043,1.0057,2026-09-23,0.0
2026-09-23,159045,0.7582,2026-09-23,-1.21
2026-09-23,159046,0.9069,2026-09-23,-1.0
2026-09-23,159048,0.8451,2026-09-23,-0.32
2026-09-23,159049,0.9599,2026-09-23,-0.89
2026-09-23,159050,0.8368,2026-09-23,-0.29
2026-09-23,159051,1.0384,2026-09-23,0.25
2026-09-23,159052,0.7983,2026-09-23,-0.76
2026-09-23,159053,0.8492,2026-09-23,-1.21
2026-09-23,159055,0.861,2026-09-23,-1.23
2026-09-23,159056,1.0354,2026-09-23,0.25
2026-09-23,159057,1.0201,2026-09-23,0.23
2026-09-23,159058,0.97,2026-09-23,-0.5
2026-09-23,159059,1.004,2026-09-23,-0.95
2026-09-23,159060,1.0375,2026-09-23,-1.52
2026-09-23,159061,0.9163,2026-09-23,-1.02
2026-09-23,159062,0.77,2026-09-23,-1.27
2026-09-23,159063,1.0594,2026-09-23,-1.52
2026-09-23,159065,0.8697,2026-09-23,-0.89
2026-09-23,159066,0.934,2026-09-23,-0.25
2026-09-23,159067,1.0066,2026-09-23,-0.98
2026-09-23,159068,0.9853,2026-09-23,-1.71
2026-09-23,159069,0.9588,2026-09-23,-0.17
2026-09-23,159070,0.8855,2026-09-23,-0.87
2026-09-23,159071,0.7875,2026-09-23,-0.77
2026-09-23,159072,1.1374,2026-09-23,-1.52
2026-09-23,159073,1.0517,2026-09-23,-1.52
2026-09-23,159075,0.9015,2026-09-23,-0.89
2026-09-23,159076,0.8008,2026-09-23,-0.17
2026-09-23,159077,0.8849,2026-09-23,-0.45
2026-09-23,159078,0.9445,2026-09-23,-0.38
2026-09-23,159079,0.9809,2026-09-23,-0.67
2026-09-23,159082,0.9576,2026-09-23,0.31
2026-09-23,159083,0.9863,2026-09-23,-0.28
2026-09-23,159085,1.0061,2026-09-23,-0.67
2026-09-23,159086,1.0282,2026-09-23,-1.55
2026-09-23,159087,0.9978,2026-09-23,0.3
2026-09-23,159091,1.099,2026-09-23,-0.43
2026-09-23,159093,0.9944,2026-09-23,0.3
2026-09-23,159095,0.948,2026-09-23,-1.48
2026-09-23,159096,0.9681,2026-09-23,-0.66
2026-09-23,159098,0.9774,2026-09-23,-0.66
2026-09-23,159099,0.9788,2026-09-23,-1.47
2026-09-23,159100,1.1565,2026-09-23,
2026-09-23,159101,0.7136,2026-09-23,-1.52
2026-09-23,159102,0.8735,2026-09-23,-0.19
2026-09-23,159103,0.6472,2026-09-23,-1.55
2026-09-23,159105,0.9917,2026-09-23,-0.19
2026-09-23,159106,1.0294,2026-09-23,-0.62
2026-09-23,159107,0.7414,2026-09-23,-1.89
2026-09-23,159108,0.943,2026-09-23,-0.67
2026-09-23,159109,0.8099,2026-09-23,-1.35
2026-09-23,159110,102.6536,2026-09-23,0.02
2026-09-23,159111,102.6669,2026-09-23,0.02
2026-09-23,159112,102.5183,2026-09-23,0.02
2026-09-23,159113,102.5136,2026-09-23,0.03
2026-09-23,159115,102.5205,2026-09-23,0.03
2026-09-23,159116,102.6969,2026-09-23,0.02
2026-09-23,159117,0.997,2026-09-23,-0.29
2026-09-23,159118,0.9507,2026-09-23,-0.29
2026-09-23,159119,0.9344,2026-09-23,-0.91
2026-09-23,159120,0.7229,2026-09-23,-1.86
2026-09-23,159121,0.6787,2026-09-23,-0.28
2026-09-23,159122,0.8422,2026-09-23,-0.17
2026-09-23,159123,0.8738,2026-09-23,-0.21
2026-09-23,159125,0.691,2026-09-23,-1.51
2026-09-23,159126,0.9266,2026-09-23,-1.04
2026-09-23,159127,0.9469,2026-09-23,-0.71
2026-09-23,159128,0.6989,2026-09-23,-1.52
2026-09-23,159129,1.031,2026-09-23,0.31
2026-09-23,159130,0.995,2026-09-23,-0.19
2026-09-23,159131,0.987,2026-09-23,-0.56
2026-09-23,159132,1.0263,2026-09-23,-0.19
2026-09-23,159133,1.0565,2026-09-23,0.31
2026-09-23,159135,0.7677,2026-09-23,-1.88
2026-09-23,159136,0.9886,2026-09-23,-0.59
2026-09-23,159137,1.024,2026-09-23,0.14
2026-09-23,159138,0.8548,2026-09-23,-0.88
2026-09-23,159139,1.2953,2026-09-23,-0.95
2026-09-23,159140,1.3006,2026-09-23,-0.96
2026-09-23,159141,1.2083,2026-09-23,-0.98
2026-09-23,159142,1.2377,2026-09-23,-0.96
2026-09-23,159143,0.9668,2026-09-23,-0.49
2026-09-23,159145,0.8152,2026-09-23,-0.68
2026-09-23,159146,0.9919,2026-09-23,-0.96
2026-09-23,159147,0.7915,2026-09-23,-0.43
2026-09-23,159148,0.9693,2026-09-23,-1.67
2026-09-23,159149,0.8053,2026-09-23,-0.17
2026-09-23,159150,1.553,2026-09-23,-0.7
2026-09-23,159151,0.9332,2026-09-23,0.0
2026-09-23,159152,0.7515,2026-09-23,-1.82
2026-09-23,159153,1.1977,2026-09-23,-0.46
2026-09-23,159155,0.7932,2026-09-23,-0.45
2026-09-23,159156,0.8188,2026-09-23,-0.63
2026-09-23,159157,0.8046,2026-09-23,-0.86
2026-09-23,159158,0.9834,2026-09-23,-0.95
2026-09-23,159159,0.9992,2026-09-23,-0.57
2026-09-23,159160,0.7777,2026-09-23,-0.45
2026-09-23,159161,0.8849,2026-09-23,-0.88
2026-09-23,159162,0.8019,2026-09-23,-0.85
2026-09-23,159163,0.7237,2026-09-23,-0.9
2026-09-23,159165,0.8602,2026-09-23,-1.27
2026-09-23,159166,0.8434,2026-09-23,-1.14
2026-09-23,159167,1.0123,2026-09-23,0.14
2026-09-23,159168,0.837,2026-09-23,-0.88
2026-09-23,159169,1.0544,2026-09-23,-0.2
2026-09-23,159170,0.8146,2026-09-23,-1.93
2026-09-23,159171,0.77,2026-09-23,-0.85
2026-09-23,159172,0.8288,2026-09-23,-1.25
2026-09-23,159173,0.9037,2026-09-23,-1.23
2026-09-23,159175,0.8429,2026-09-23,-0.44
2026-09-23,159176,0.9856,2026-09-23,0.03
2026-09-23,159177,0.8841,2026-09-23,-0.89
2026-09-23,159178,1.0492,2026-09-23,-0.46
2026-09-23,159179,0.7832,2026-09-23,-1.74
2026-09-23,159180,0.9958,2026-09-23,-0.68
2026-09-23,159181,0.8702,2026-09-23,-1.67
2026-09-23,159182,0.9223,2026-09-23,-0.02
2026-09-23,159183,0.7985,2026-09-23,-0.63
2026-09-23,159185,1.1225,2026-09-23,-0.57
2026-09-23,159186,0.6823,2026-09-23,-0.28
2026-09-23,159187,0.8003,2026-09-23,-0.17
2026-09-23,159188,0.9338,2026-09-23,-0.02
2026-09-23,159189,0.874,2026-09-23,-1.68
2026-09-23,159190,0.7976,2026-09-23,-0.16
2026-09-23,159191,0.8862,2026-09-23,-1.5
2026-09-23,159192,0.935,2026-09-23,-0.39
2026-09-23,159193,0.7513,2026-09-23,-0.75
2026-09-23,159195,0.8872,2026-09-23,-1.66
2026-09-23,159196,1.2578,2026-09-23,-0.58
2026-09-23,159197,0.8864,2026-09-23,-1.67
2026-09-23,159198,1.2635,2026-09-23,-0.57
2026-09-23,159199,0.8835,2026-09-23,-1.63
2026-09-23,159200,102.4375,2026-09-23,0.02
2026-09-23,159201,1.158,2026-09-23,-1.13
2026-09-23,159202,0.7487,2026-09-23,-2.13
2026-09-23,159203,1.3269,2026-09-23,-0.59
2026-09-23,159205,1.6631,2026-09-23,-0.59
2026-09-23,159206,1.3747,2026-09-23,-0.81
2026-09-23,159207,1.1296,2026-09-23,-0.34
2026-09-23,159208,1.0679,2026-09-23,-1.35
2026-09-23,159209,1.1135,2026-09-23,-0.93
2026-09-23,159210,0.7638,2026-09-23,-0.66
2026-09-23,159211,1.3898,2026-09-23,-0.69
2026-09-23,159212,1.4174,2026-09-23,-0.68
2026-09-23,159213,1.1189,2026-09-23,-0.72
2026-09-23,159215,1.2868,2026-09-23,-0.59
2026-09-23,159216,1.4251,2026-09-23,-0.68
2026-09-23,159217,1.21,2026-09-23,-0.15
2026-09-23,159218,1.353,2026-09-23,-0.61
2026-09-23,159219,1.3195,2026-09-23,-0.68
2026-09-23,159220,0.5747,2026-09-23,-0.29
2026-09-23,159221,1.1515,2026-09-23,-1.11
2026-09-23,159222,1.2423,2026-09-23,-1.13
2026-09-23,159223,1.1163,2026-09-23,-1.13
2026-09-23,159225,1.2187,2026-09-23,-1.13
2026-09-23,159226,1.2665,2026-09-23,-0.71
2026-09-23,159227,1.019,2026-09-23,-1.36
2026-09-23,159228,1.0102,2026-09-23,-0.29
2026-09-23,159229,1.1573,2026-09-23,-0.91
2026-09-23,159230,0.964,2026-09-23,-0.76
2026-09-23,159231,0.4949,2026-09-23,-0.78
2026-09-23,159232,1.155,2026-09-23,-0.97
2026-09-23,159233,1.1443,2026-09-23,-0.98
2026-09-23,159235,1.1735,2026-09-23,-0.97
2026-09-23,159236,1.1483,2026-09-23,-0.97
2026-09-23,159237,0.7948,2026-09-23,-0.66
2026-09-23,159238,1.2819,2026-09-23,-0.53
2026-09-23,159239,0.7122,2026-09-23,-0.28
2026-09-23,159240,1.2791,2026-09-23,-0.64
2026-09-23,159241,1.0492,2026-09-23,-1.36
2026-09-23,159242,2.1574,2026-09-23,-0.96
2026-09-23,159243,1.3042,2026-09-23,-0.95
2026-09-23,159245,0.7333,2026-09-23,0.08
2026-09-23,159246,1.2041,2026-09-23,-0.96
2026-09-23,159247,1.0162,2026-09-23,-0.59
2026-09-23,159248,1.7972,2026-09-23,-0.76
2026-09-23,159249,1.3811,2026-09-23,-0.43
2026-09-23,159251,0.7421,2026-09-23,-1.5
2026-09-23,159253,0.9966,2026-09-23,-0.43
2026-09-23,159255,0.8578,2026-09-23,-0.79
2026-09-23,159256,0.8152,2026-09-23,-1.9
2026-09-23,159257,0.8562,2026-09-23,-0.79
2026-09-23,159258,1.0524,2026-09-23,-0.69
2026-09-23,159259,1.3931,2026-09-23,-0.04
2026-09-23,159260,0.843,2026-09-23,-0.48
2026-09-23,159261,1.3023,2026-09-23,-0.18
2026-09-23,159262,0.821,2026-09-23,-1.86
2026-09-23,159263,1.1226,2026-09-23,-0.67
2026-09-23,159265,0.7562,2026-09-23,0.09
2026-09-23,159266,0.9853,2026-09-23,-0.63
2026-09-23,159267,0.864,2026-09-23,-1.36
2026-09-23,159268,0.7283,2026-09-23,0.08
2026-09-23,159269,0.835,2026-09-23,-1.18
2026-09-23,159270,1.1521,2026-09-23,-0.1
2026-09-23,159271,0.9447,2026-09-23,-1.0
2026-09-23,159272,0.7899,2026-09-23,-0.29
2026-09-23,159273,1.3893,2026-09-23,-1.88
2026-09-23,159275,0.8754,2026-09-23,-1.22
2026-09-23,159276,1.0801,2026-09-23,-1.14
2026-09-23,159277,0.9753,2026-09-23,-0.73
2026-09-23,159278,0.9301,2026-09-23,-0.28
2026-09-23,159279,1.4494,2026-09-23,-0.96
2026-09-23,159280,0.6694,2026-09-23,-1.92
2026-09-23,159281,0.9675,2026-09-23,-0.62
2026-09-23,159283,0.8636,2026-09-23,-0.71
2026-09-23,159285,0.7254,2026-09-23,0.08
2026-09-23,159286,0.7721,2026-09-23,-0.14
2026-09-23,159287,1.1202,2026-09-23,-0.26
2026-09-23,159288,1.0006,2026-09-23,-0.14
2026-09-23,159289,1.0929,2026-09-23,-0.23
2026-09-23,159290,1.1787,2026-09-23,0.24
2026-09-23,159291,1.1727,2026-09-23,-0.28
2026-09-23,159292,1.1885,2026-09-23,-0.24
2026-09-23,159293,1.0766,2026-09-23,-0.27
2026-09-23,159295,1.0948,2026-09-23,0.35
2026-09-23,159296,1.0028,2026-09-23,-0.14
2026-09-23,159297,0.7546,2026-09-23,-0.15
2026-09-23,159298,1.1764,2026-09-23,-0.74
2026-09-23,159299,0.6868,2026-09-23,-1.53
2026-09-23,159300,4.9219,2026-09-23,-0.6
2026-09-23,159301,0.9538,2026-09-23,-0.57
2026-09-23,159302,1.3014,2026-09-23,-0.72
2026-09-23,159303,1.6609,2026-09-23,-0.12
2026-09-23,159305,0.7749,2026-09-23,-0.76
2026-09-23,159306,1.1267,2026-09-23,-0.49
2026-09-23,159307,1.0018,2026-09-23,-0.29
2026-09-23,159309,1.4132,2026-09-23,-2.12
2026-09-23,159310,2.8455,2026-09-23,-0.27
2026-09-23,159311,1.4525,2026-09-23,-0.59
2026-09-23,159312,1.1658,2026-09-23,-0.91
2026-09-23,159315,1.6384,2026-09-23,-0.5
2026-09-23,159316,1.1878,2026-09-23,-0.3
2026-09-23,159318,1.2902,2026-09-23,-0.94
2026-09-23,159320,0.6135,2026-09-23,-1.03
2026-09-23,159321,1.5306,2026-09-23,-0.51
2026-09-23,159322,1.6056,2026-09-23,-0.51
2026-09-23,159323,0.9578,2026-09-23,-0.67
2026-09-23,159325,1.0773,2026-09-23,-0.19
2026-09-23,159326,1.661,2026-09-23,-1.11
2026-09-23,159327,1.1515,2026-09-23,0.51
2026-09-23,159328,1.0238,2026-09-23,-0.41
2026-09-23,159329,0.8891,2026-09-23,
2026-09-23,159330,1.4194,2026-09-23,-0.6
2026-09-23,159331,1.2742,2026-09-23,-0.72
2026-09-23,159332,1.2261,2026-09-23,-0.72
2026-09-23,159333,1.3723,2026-09-23,-0.62
2026-09-23,159335,1.4942,2026-09-23,-0.43
2026-09-23,159336,1.2149,2026-09-23,-0.95
2026-09-23,159337,1.7906,2026-09-23,-0.46
2026-09-23,159338,1.1985,2026-09-23,-0.61
2026-09-23,159339,1.2093,2026-09-23,-0.6
2026-09-23,159350,1.5144,2026-09-23,-0.7
2026-09-23,159351,1.1979,2026-09-23,-0.61
2026-09-23,159352,1.2481,2026-09-23,-0.59
2026-09-23,159353,1.2179,2026-09-23,-0.6
2026-09-23,159355,1.0385,2026-09-23,-0.31
2026-09-23,159356,1.2747,2026-09-23,-0.58
2026-09-23,159357,1.2676,2026-09-23,-0.6
2026-09-23,159358,1.298,2026-09-23,-0.59
2026-09-23,159359,1.2564,2026-09-23,-0.6
2026-09-23,159360,1.2963,2026-09-23,-0.6
2026-09-23,159361,1.2224,2026-09-23,-0.61
2026-09-23,159362,1.2869,2026-09-23,-0.59
2026-09-23,159363,1.2782,2026-09-23,-0.97
2026-09-23,159365,0.9828,2026-09-23,-0.97
2026-09-23,159366,1.5283,2026-09-23,0.14
2026-09-23,159367,1.6696,2026-09-23,-0.75
2026-09-23,159368,0.6268,2026-09-23,-0.16
2026-09-23,159369,1.3544,2026-09-23,-0.75
2026-09-23,159370,1.7588,2026-09-23,-0.75
2026-09-23,159371,1.6629,2026-09-23,-0.75
2026-09-23,159372,1.7797,2026-09-23,-0.75
2026-09-23,159373,1.6961,2026-09-23,-0.75
2026-09-23,159375,0.7089,2026-09-23,-0.76
2026-09-23,159376,1.301,2026-09-23,-0.6
2026-09-23,159377,1.0235,2026-09-23,0.32
2026-09-23,159378,1.0199,2026-09-23,-0.78
2026-09-23,159379,1.3427,2026-09-23,-0.58
2026-09-23,159380,1.3374,2026-09-23,-0.59
2026-09-23,159381,1.2115,2026-09-23,-0.96
2026-09-23,159382,2.721,2026-09-23,-0.94
2026-09-23,159383,1.6579,2026-09-23,-0.75
2026-09-23,159385,1.7998,2026-09-23,-0.38
2026-09-23,159386,1.2609,2026-09-23,-0.61
2026-09-23,159387,0.691,2026-09-23,-0.17
2026-09-23,159388,1.0467,2026-09-23,-0.97
2026-09-23,159389,1.8284,2026-09-23,-0.38
2026-09-23,159390,1.2112,2026-09-23,-0.57
2026-09-23,159391,1.1066,2026-09-23,-0.57
2026-09-23,159392,0.9449,2026-09-23,-0.78
2026-09-23,159393,4.8787,2026-09-23,-0.59
2026-09-23,159395,103.8225,2026-09-23,0.02
2026-09-23,159396,103.7161,2026-09-23,0.02
2026-09-23,159397,103.4887,2026-09-23,0.01
2026-09-23,159398,102.8085,2026-09-23,0.01
2026-09-23,159399,0.9807,2026-09-23,-0.97
2026-09-23,159400,101.5091,2026-09-23,0.02
2026-09-23,159500,1.1746,2026-09-23,-0.46
2026-09-23,159501,1.9247,2026-09-23,
2026-09-23,159502,1.5503,2026-09-23,
2026-09-23,159505,1.6493,2026-09-23,0.35
2026-09-23,159506,1.3413,2026-09-23,-0.17
2026-09-23,159507,0.911,2026-09-23,-0.97
2026-09-23,159508,0.8348,2026-09-23,0.59
2026-09-23,159509,2.3765,2026-09-23,
2026-09-23,159510,1.2266,2026-09-23,-0.51
2026-09-23,159511,2.4337,2026-09-23,-0.95
2026-09-23,159512,1.0114,2026-09-23,-0.26
2026-09-23,159513,1.708,2026-09-23,
2026-09-23,159515,1.1878,2026-09-23,-0.74
2026-09-23,159516,0.7177,2026-09-23,0.5
2026-09-23,159517,1.3262,2026-09-23,-0.52
2026-09-23,159518,1.2312,2026-09-23,
2026-09-23,159519,1.779,2026-09-23,-0.44
2026-09-23,159520,0.8998,2026-09-23,-0.19
2026-09-23,159521,1.3179,2026-09-23,0.13
2026-09-23,159523,1.24,2026-09-23,-0.68
2026-09-23,159525,1.1007,2026-09-23,-0.45
2026-09-23,159526,1.3799,2026-09-23,-0.7
2026-09-23,159527,0.7026,2026-09-23,-1.64
2026-09-23,159528,1.2356,2026-09-23,-0.52
2026-09-23,159529,1.228,2026-09-23,
2026-09-23,159530,1.3077,2026-09-23,-0.28
2026-09-23,159531,1.5213,2026-09-23,-0.05
2026-09-23,159532,1.717,2026-09-23,0.2
2026-09-23,159533,2.0225,2026-09-23,0.19
2026-09-23,159535,1.5711,2026-09-23,0.22
2026-09-23,159536,1.4624,2026-09-23,0.27
2026-09-23,159537,0.8948,2026-09-23,-0.67
2026-09-23,159538,0.9052,2026-09-23,-0.66
2026-09-23,159539,1.7873,2026-09-23,-0.67
2026-09-23,159540,1.9235,2026-09-23,-0.67
2026-09-23,159541,1.5243,2026-09-23,-0.34
2026-09-23,159542,1.2502,2026-09-23,-0.87
2026-09-23,159543,1.5498,2026-09-23,0.58
2026-09-23,159545,1.284,2026-09-23,-0.61
2026-09-23,159546,0.7907,2026-09-23,-0.24
2026-09-23,159547,1.1948,2026-09-23,-0.45
2026-09-23,159549,1.1712,2026-09-23,-0.28
2026-09-23,159550,0.7681,2026-09-23,-1.84
2026-09-23,159551,1.2108,2026-09-23,-0.7
2026-09-23,159552,2.3505,2026-09-23,0.59
2026-09-23,159553,1.9149,2026-09-23,0.51
2026-09-23,159555,1.8661,2026-09-23,0.33
2026-09-23,159556,1.2778,2026-09-23,0.2
2026-09-23,159557,1.519,2026-09-23,-0.12
2026-09-23,159558,1.1266,2026-09-23,0.5
2026-09-23,159559,1.1839,2026-09-23,-0.28
2026-09-23,159560,1.148,2026-09-23,-0.26
2026-09-23,159561,1.3054,2026-09-23,
2026-09-23,159562,2.1737,2026-09-23,-0.51
2026-09-23,159563,1.812,2026-09-23,-0.33
2026-09-23,159565,1.279,2026-09-23,-0.5
2026-09-23,159566,1.7336,2026-09-23,-0.76
2026-09-23,159567,0.7208,2026-09-23,-0.15
2026-09-23,159568,1.0751,2026-09-23,-1.75
2026-09-23,159569,1.3844,2026-09-23,-0.53
2026-09-23,159570,1.4914,2026-09-23,-0.14
2026-09-23,159571,1.4729,2026-09-23,-0.12
2026-09-23,159572,1.4804,2026-09-23,-0.11
2026-09-23,159573,1.4892,2026-09-23,-0.11
2026-09-23,159575,1.443,2026-09-23,-0.11
2026-09-23,159576,1.4933,2026-09-23,-0.69
2026-09-23,159577,1.5896,2026-09-23,
2026-09-23,159578,1.1557,2026-09-23,-0.64
2026-09-23,159581,1.0472,2026-09-23,-0.8
2026-09-23,159582,0.7631,2026-09-23,-0.13
2026-09-23,159583,1.7264,2026-09-23,-0.61
2026-09-23,159586,1.0466,2026-09-23,-1.67
2026-09-23,159587,1.2176,2026-09-23,-1.52
2026-09-23,159588,1.2334,2026-09-23,-1.65
2026-09-23,159589,1.084,2026-09-23,-0.8
2026-09-23,159590,0.8727,2026-09-23,-1.69
2026-09-23,159591,1.34,2026-09-23,-0.58
2026-09-23,159592,1.3097,2026-09-23,-0.58
2026-09-23,159593,1.3229,2026-09-23,-0.59
2026-09-23,159595,1.3293,2026-09-23,-0.58
2026-09-23,159596,0.6347,2026-09-23,-0.6
2026-09-23,159597,0.7921,2026-09-23,-0.68
2026-09-23,159599,2.8107,2026-09-23,-0.27
2026-09-23,159600,101.9833,2026-09-23,0.02
2026-09-23,159601,1.0981,2026-09-23,-0.64
2026-09-23,159602,1.0674,2026-09-23,-0.64
2026-09-23,159603,1.6588,2026-09-23,-0.58
2026-09-23,159605,0.7527,2026-09-23,
2026-09-23,159606,1.3547,2026-09-23,-0.13
2026-09-23,159607,0.7519,2026-09-23,
2026-09-23,159608,1.015,2026-09-23,-1.21
2026-09-23,159609,0.4751,2026-09-23,-0.21
2026-09-23,159610,1.2579,2026-09-23,-0.55
2026-09-23,159611,1.0248,2026-09-23,-0.96
2026-09-23,159612,1.93,2026-09-23,
2026-09-23,159613,0.8752,2026-09-23,-1.37
2026-09-23,159615,1.2052,2026-09-23,-0.2
2026-09-23,159616,0.7669,2026-09-23,-1.1
2026-09-23,159617,1.3401,2026-09-23,-0.33
2026-09-23,159618,0.6414,2026-09-23,-0.22
2026-09-23,159619,0.9102,2026-09-23,-0.19
2026-09-23,159620,1.2525,2026-09-23,-0.6
2026-09-23,159621,1.1413,2026-09-23,-0.6
2026-09-23,159622,1.2258,2026-09-23,0.13
2026-09-23,159623,0.966,2026-09-23,-0.42
2026-09-23,159625,1.1932,2026-09-23,-1.01
2026-09-23,159627,1.2696,2026-09-23,-0.63
2026-09-23,159628,1.4231,2026-09-23,0.11
2026-09-23,159629,3.241,2026-09-23,-0.15
2026-09-23,159630,1.3336,2026-09-23,-0.63
2026-09-23,159631,1.2166,2026-09-23,-0.64
2026-09-23,159632,2.3284,2026-09-23,
2026-09-23,159633,3.3189,2026-09-23,-0.14
2026-09-23,159635,0.9661,2026-09-23,-0.2
2026-09-23,159636,0.5022,2026-09-23,-1.51
2026-09-23,159637,0.7561,2026-09-23,-0.62
2026-09-23,159638,0.8374,2026-09-23,-0.85
2026-09-23,159639,0.9022,2026-09-23,-0.34
2026-09-23,159640,0.8804,2026-09-23,-0.34
2026-09-23,159641,0.9349,2026-09-23,-0.33
2026-09-23,159642,0.8866,2026-09-23,-0.34
2026-09-23,159643,0.5599,2026-09-23,0.61
2026-09-23,159645,0.6222,2026-09-23,0.61
2026-09-23,159647,0.8711,2026-09-23,-0.66
2026-09-23,159649,110.465,2026-09-23,0.01
2026-09-23,159650,108.1091,2026-09-23,0.01
2026-09-23,159651,108.1833,2026-09-23,0.0
2026-09-23,159652,1.5484,2026-09-23,-0.79
2026-09-23,159653,1.1644,2026-09-23,-0.62
2026-09-23,159655,1.8829,2026-09-23,
2026-09-23,159656,1.1941,2026-09-23,-0.56
2026-09-23,159657,0.5999,2026-09-23,0.6
2026-09-23,159658,1.7238,2026-09-23,-0.57
2026-09-23,159659,2.2143,2026-09-23,
2026-09-23,159660,2.2387,2026-09-23,
2026-09-23,159661,1.3919,2026-09-23,-0.63
2026-09-23,159662,0.9752,2026-09-23,-0.69
2026-09-23,159663,0.9821,2026-09-23,-0.24
2026-09-23,159665,2.4565,2026-09-23,-0.33
2026-09-23,159666,0.9772,2026-09-23,-0.74
2026-09-23,159667,0.6536,2026-09-23,-0.24
2026-09-23,159669,1.0987,2026-09-23,-1.0
2026-09-23,159670,0.8491,2026-09-23,-0.16
2026-09-23,159671,1.2469,2026-09-23,-1.2
2026-09-23,159672,0.6209,2026-09-23,-0.24
2026-09-23,159673,1.2655,2026-09-23,-0.59
2026-09-23,159675,1.4201,2026-09-23,-0.39
2026-09-23,159676,1.5903,2026-09-23,-0.32
2026-09-23,159677,1.5007,2026-09-23,-0.11
2026-09-23,159678,1.5562,2026-09-23,-0.52
2026-09-23,159679,1.317,2026-09-23,-0.44
2026-09-23,159680,1.6898,2026-09-23,-0.13
2026-09-23,159681,1.5577,2026-09-23,-0.75
2026-09-23,159682,1.5383,2026-09-23,-0.75
2026-09-23,159685,1.5008,2026-09-23,-0.45
2026-09-23,159686,1.256,2026-09-23,-0.66
2026-09-23,159687,1.8508,2026-09-23,
2026-09-23,159688,0.71,2026-09-23,-2.08
2026-09-23,159689,0.6247,2026-09-23,-0.26
2026-09-23,159690,1.8568,2026-09-23,-0.89
2026-09-23,159691,1.1803,2026-09-23,-0.72
2026-09-23,159692,1.1866,2026-09-23,-0.44
2026-09-23,159695,0.9973,2026-09-23,-0.96
2026-09-23,159696,1.9076,2026-09-23,
2026-09-23,159697,1.3018,2026-09-23,-1.66
2026-09-23,159698,0.9429,2026-09-23,-1.49
2026-09-23,159699,0.8324,2026-09-23,0.22
2026-09-23,159700,102.0425,2026-09-23,0.02
2026-09-23,159701,1.2574,2026-09-23,-0.56
2026-09-23,159703,0.88,2026-09-23,-0.1
2026-09-23,159706,0.8988,2026-09-23,-0.67
2026-09-23,159707,0.52,2026-09-23,0.5
2026-09-23,159708,0.7641,2026-09-23,-0.84
2026-09-23,159709,1.7097,2026-09-23,-0.66
2026-09-23,159711,1.3084,2026-09-23,-1.03
2026-09-23,159712,1.2182,2026-09-23,-1.03
2026-09-23,159713,1.2125,2026-09-23,-0.99
2026-09-23,159715,1.1219,2026-09-23,-0.97
2026-09-23,159716,1.0825,2026-09-23,-0.68
2026-09-23,159717,1.0235,2026-09-23,-0.63
2026-09-23,159718,0.9403,2026-09-23,0.03
2026-09-23,159719,1.5746,2026-09-23,-0.52
2026-09-23,159720,0.666,2026-09-23,-0.75
2026-09-23,159721,1.0198,2026-09-23,-0.69
2026-09-23,159723,1.0678,2026-09-23,-1.18
2026-09-23,159725,0.7603,2026-09-23,-2.48
2026-09-23,159726,1.3516,2026-09-23,-0.19
2026-09-23,159728,0.7724,2026-09-23,-2.23
2026-09-23,159729,0.6653,2026-09-23,-1.82
2026-09-23,159730,1.0063,2026-09-23,-0.3
2026-09-23,159731,0.9077,2026-09-23,-0.19
2026-09-23,159732,1.379,2026-09-23,-0.45
2026-09-23,159735,0.6256,2026-09-23,0.05
2026-09-23,159736,0.5853,2026-09-23,-0.02
2026-09-23,159738,2.0119,2026-09-23,-1.86
2026-09-23,159739,0.7827,2026-09-23,-1.63
2026-09-23,159740,0.5466,2026-09-23,-1.28
2026-09-23,159741,0.5487,2026-09-23,-1.3
2026-09-23,159742,0.5611,2026-09-23,-1.27
2026-09-23,159743,1.4219,2026-09-23,0.04
2026-09-23,159745,0.5293,2026-09-23,0.67
2026-09-23,159747,1.1301,2026-09-23,-1.24
2026-09-23,159748,0.8695,2026-09-23,0.13
2026-09-23,159750,0.832,2026-09-23,-1.25
2026-09-23,159751,0.8652,2026-09-23,-1.14
2026-09-23,159752,0.5539,2026-09-23,-0.81
2026-09-23,159755,0.8765,2026-09-23,-0.62
2026-09-23,159757,0.7313,2026-09-23,-0.64
2026-09-23,159758,1.1052,2026-09-23,-0.09
2026-09-23,159760,0.5876,2026-09-23,0.12
2026-09-23,159761,0.783,2026-09-23,-0.1
2026-09-23,159763,0.7087,2026-09-23,-0.08
2026-09-23,159766,0.5525,2026-09-23,-0.16
2026-09-23,159767,0.714,2026-09-23,-0.64
2026-09-23,159768,0.4663,2026-09-23,0.5
2026-09-23,159770,0.963,2026-09-23,-0.71
2026-09-23,159773,1.2912,2026-09-23,-0.25
2026-09-23,159775,0.7278,2026-09-23,-0.63
2026-09-23,159776,1.2522,2026-09-23,0.02
2026-09-23,159777,1.208,2026-09-23,-0.25
2026-09-23,159778,1.1787,2026-09-23,-0.88
2026-09-23,159779,1.4864,2026-09-23,-0.42
2026-09-23,159780,1.0741,2026-09-23,-0.56
2026-09-23,159781,1.0714,2026-09-23,-0.57
2026-09-23,159782,1.0764,2026-09-23,-0.56
2026-09-23,159783,1.0787,2026-09-23,-0.55
2026-09-23,159786,1.1543,2026-09-23,-0.88
2026-09-23,159787,0.5866,2026-09-23,0.69
2026-09-23,159788,1.202,2026-09-23,-1.05
2026-09-23,159790,0.6563,2026-09-23,-0.53
2026-09-23,159791,1.0835,2026-09-23,-0.53
2026-09-23,159792,0.5467,2026-09-23,-1.76
2026-09-23,159793,0.756,2026-09-23,-2.03
2026-09-23,159795,0.8725,2026-09-23,-0.43
2026-09-23,159796,0.7869,2026-09-23,-0.43
2026-09-23,159797,0.6833,2026-09-23,0.23
2026-09-23,159798,0.8404,2026-09-23,-0.17
2026-09-23,159800,1.405,2026-09-23,-0.55
2026-09-23,159801,1.1525,2026-09-23,-0.34
2026-09-23,159804,1.6494,2026-09-23,-0.25
2026-09-23,159805,1.1395,2026-09-23,-2.52
2026-09-23,159806,0.6591,2026-09-23,-0.63
2026-09-23,159807,0.9075,2026-09-23,-0.38
2026-09-23,159808,1.3145,2026-09-23,-0.59
2026-09-23,159810,1.362,2026-09-23,-0.6
2026-09-23,159811,3.0846,2026-09-23,-0.48
2026-09-23,159812,8.8481,2026-09-23,0.21
2026-09-23,159813,0.7437,2026-09-23,-0.34
2026-09-23,159814,0.7058,2026-09-23,-0.76
2026-09-23,159816,114.0682,2026-09-23,0.01
2026-09-23,159819,1.7957,2026-09-23,-0.77
2026-09-23,159820,1.3597,2026-09-23,-0.45
2026-09-23,159821,1.2747,2026-09-23,-0.6
2026-09-23,159822,0.5745,2026-09-23,
2026-09-23,159824,1.0107,2026-09-23,-0.62
2026-09-23,159825,0.7276,2026-09-23,-1.1
2026-09-23,159827,0.785,2026-09-23,-1.08
2026-09-23,159828,0.4353,2026-09-23,0.3
2026-09-23,159830,9.2937,2026-09-23,0.37
2026-09-23,159831,8.982,2026-09-23,0.37
2026-09-23,159834,9.2974,2026-09-23,0.37
2026-09-23,159835,0.6753,2026-09-23,0.42
2026-09-23,159836,1.2581,2026-09-23,-0.49
2026-09-23,159837,0.5142,2026-09-23,0.35
2026-09-23,159838,0.5874,2026-09-23,0.12
2026-09-23,159839,0.378,2026-09-23,0.61
2026-09-23,159840,0.709,2026-09-23,-0.63
2026-09-23,159841,0.9657,2026-09-23,-0.5
2026-09-23,159842,1.0147,2026-09-23,-0.49
2026-09-23,159843,0.5337,2026-09-23,0.02
2026-09-23,159845,3.2293,2026-09-23,-0.15
2026-09-23,159847,0.4189,2026-09-23,0.31
2026-09-23,159848,0.8495,2026-09-23,-0.48
2026-09-23,159849,0.5185,2026-09-23,0.35
2026-09-23,159850,0.8046,2026-09-23,-1.01
2026-09-23,159851,0.6072,2026-09-23,-1.56
2026-09-23,159852,0.664,2026-09-23,-1.72
2026-09-23,159855,0.7691,2026-09-23,-1.81
2026-09-23,159856,0.56,2026-09-23,-1.82
2026-09-23,159857,0.698,2026-09-23,-0.21
2026-09-23,159858,0.7038,2026-09-23,0.41
2026-09-23,159859,0.4065,2026-09-23,0.59
2026-09-23,159861,0.9752,2026-09-23,-0.53
2026-09-23,159862,0.5386,2026-09-23,0.04
2026-09-23,159863,0.5477,2026-09-23,-0.22
2026-09-23,159864,0.5346,2026-09-23,-0.22
2026-09-23,159865,0.5307,2026-09-23,-1.47
2026-09-23,159866,1.629,2026-09-23,-0.09
2026-09-23,159867,0.541,2026-09-23,-1.46
2026-09-23,159869,1.07,2026-09-23,-2.38
2026-09-23,159870,0.7759,2026-09-23,0.31
2026-09-23,159871,0.9136,2026-09-23,-0.81
2026-09-23,159872,0.8277,2026-09-23,-0.91
2026-09-23,159873,0.5307,2026-09-23,0.08
2026-09-23,159875,0.55,2026-09-23,-0.67
2026-09-23,159876,0.9312,2026-09-23,-0.82
2026-09-23,159877,0.5159,2026-09-23,0.08
2026-09-23,159880,0.918,2026-09-23,-0.79
2026-09-23,159881,0.873,2026-09-23,-0.82
2026-09-23,159883,0.4457,2026-09-23,0.25
2026-09-23,159885,0.6636,2026-09-23,-0.54
2026-09-23,159886,0.8291,2026-09-23,-1.22
2026-09-23,159887,1.3653,2026-09-23,-0.43
2026-09-23,159888,1.0231,2026-09-23,-0.44
2026-09-23,159889,0.8839,2026-09-23,-0.44
2026-09-23,159890,1.6981,2026-09-23,-1.63
2026-09-23,159891,0.3857,2026-09-23,0.13
2026-09-23,159892,0.8416,2026-09-23,-0.2
2026-09-23,159895,1.3858,2026-09-23,-0.57
2026-09-23,159896,1.2865,2026-09-23,-0.58
2026-09-23,159898,0.4997,2026-09-23,0.24
2026-09-23,159899,0.6987,2026-09-23,-1.69
2026-09-23,159901,3.4919,2026-09-23,-0.69
2026-09-23,159902,4.4955,2026-09-23,-0.76
2026-09-23,159903,1.6696,2026-09-23,-0.64
2026-09-23,159905,1.5797,2026-09-23,-0.84
2026-09-23,159906,1.6669,2026-09-23,-0.77
2026-09-23,159907,1.0995,2026-09-23,-0.21
2026-09-23,159908,3.174,2026-09-23,-0.59
2026-09-23,159909,1.329,2026-09-23,-0.61
2026-09-23,159910,2.3064,2026-09-23,-0.5
2026-09-23,159912,1.8799,2026-09-23,-0.67
2026-09-23,159913,2.378,2026-09-23,-0.59
2026-09-23,159915,3.4006,2026-09-23,-0.6
2026-09-23,159916,5.0048,2026-09-23,-0.45
2026-09-23,159918,2.4957,2026-09-23,-0.47
2026-09-23,159919,4.7924,2026-09-23,-0.6
2026-09-23,159920,1.4695,2026-09-23,-0.96
2026-09-23,159922,3.173,2026-09-23,-0.46
2026-09-23,159923,2.1125,2026-09-23,-0.63
2026-09-23,159925,4.667,2026-09-23,-0.59
2026-09-23,159928,0.6562,2026-09-23,-0.24
2026-09-23,159929,1.3358,2026-09-23,0.08
2026-09-23,159930,1.6891,2026-09-23,-1.44
2026-09-23,159931,1.872,2026-09-23,-0.53
2026-09-23,159933,2.9178,2026-09-23,-0.52
2026-09-23,159934,9.2799,2026-09-23,0.21
2026-09-23,159935,2.461,2026-09-23,-0.47
2026-09-23,159936,1.8773,2026-09-23,-0.45
2026-09-23,159937,8.8619,2026-09-23,0.21
2026-09-23,159938,0.6542,2026-09-23,0.14
2026-09-23,159939,1.1223,2026-09-23,-0.35
2026-09-23,159940,1.2218,2026-09-23,-0.55
2026-09-23,159941,1.5342,2026-09-23,
2026-09-23,159943,1.5123,2026-09-23,-0.63
2026-09-23,159944,1.4443,2026-09-23,-0.44
2026-09-23,159945,1.3563,2026-09-23,-1.57
2026-09-23,159948,3.7552,2026-09-23,-0.6
2026-09-23,159949,1.5802,2026-09-23,-0.75
2026-09-23,159952,2.064,2026-09-23,-0.59
2026-09-23,159954,0.9063,2026-09-23,-1.05
2026-09-23,159956,2.1525,2026-09-23,-0.59
2026-09-23,159957,2.2273,2026-09-23,-0.6
2026-09-23,159958,2.0555,2026-09-23,-0.59
2026-09-23,159959,1.6319,2026-09-23,-0.48
2026-09-23,159960,0.8383,2026-09-23,-0.99
2026-09-23,159961,2.145,2026-09-23,-0.68
2026-09-23,159964,2.2243,2026-09-23,-0.59
2026-09-23,159965,1.6177,2026-09-23,-0.52
2026-09-23,159966,0.5174,2026-09-23,-0.77
2026-09-23,159967,0.7938,2026-09-23,-0.44
2026-09-23,159968,10.2575,2026-09-23,-0.45
2026-09-23,159970,1.0012,2026-09-23,-0.69
2026-09-23,159971,1.1823,2026-09-23,-0.6
2026-09-23,159972,119.8268,2026-09-23,0.01
2026-09-23,159973,1.8515,2026-09-23,-0.92
2026-09-23,159974,1.7707,2026-09-23,-0.76
2026-09-23,159975,0.734,2026-09-23,-0.68
2026-09-23,159976,1.2848,2026-09-23,-0.62
2026-09-23,159977,1.7637,2026-09-23,-0.59
2026-09-23,159980,2.1852,2026-09-23,0.05
2026-09-23,159981,1.7031,2026-09-23,-2.12
2026-09-23,159982,2.1052,2026-09-23,-0.44
2026-09-23,159985,2.2464,2026-09-23,0.12
2026-09-23,159991,0.8066,2026-09-23,-0.75
2026-09-23,159992,0.8703,2026-09-23,0.42
2026-09-23,159993,1.149,2026-09-23,-0.53
2026-09-23,159994,1.3128,2026-09-23,-0.68
2026-09-23,159995,1.161,2026-09-23,-0.33
2026-09-23,159996,1.4156,2026-09-23,-0.02
2026-09-23,159997,2.126,2026-09-23,-0.37
2026-09-23,159998,0.9502,2026-09-23,-1.33
2026-09-23,510010,1.75,2026-09-23,-0.28
2026-09-23,510020,3.8948,2026-09-23,-0.67
2026-09-23,510030,1.068,2026-09-23,-0.65
2026-09-23,510040,1.1529,2026-09-23,-0.52
2026-09-23,510050,3.0008,2026-09-23,-0.52
2026-09-23,510060,2.6315,2026-09-23,-0.69
2026-09-23,510090,2.5262,2026-09-23,-0.28
2026-09-23,510100,2.9562,2026-09-23,-0.51
2026-09-23,510130,7.2952,2026-09-23,-0.49
2026-09-23,510140,1.0432,2026-09-23,-0.19
2026-09-23,510150,0.4965,2026-09-23,0.04
2026-09-23,510160,0.895,2026-09-23,-0.6
2026-09-23,510170,1.354,2026-09-23,-0.73
2026-09-23,510180,3.9251,2026-09-23,-0.55
2026-09-23,510190,4.2822,2026-09-23,-0.52
2026-09-23,510200,1.1624,2026-09-23,-0.43
2026-09-23,510210,1.0115,2026-09-23,-0.26
2026-09-23,510230,1.3282,2026-09-23,-0.55
2026-09-23,510270,1.5223,2026-09-23,-0.46
2026-09-23,510290,2.6557,2026-09-23,-0.14
2026-09-23,510300,4.5904,2026-09-23,-0.6
2026-09-23,510310,4.4582,2026-09-23,-0.6
2026-09-23,510320,1.2337,2026-09-23,-0.59
2026-09-23,510330,4.787,2026-09-23,-0.6
2026-09-23,510350,4.832,2026-09-23,-0.59
2026-09-23,510360,1.7565,2026-09-23,-0.6
2026-09-23,510370,1.0163,2026-09-23,-0.6
2026-09-23,510380,1.3689,2026-09-23,-0.6
2026-09-23,510390,5.2102,2026-09-23,-0.59
2026-09-23,510410,1.9148,2026-09-23,-0.87
2026-09-23,510500,7.8251,2026-09-23,-0.45
2026-09-23,510510,2.5396,2026-09-23,-0.45
2026-09-23,510530,8.8275,2026-09-23,-0.44
2026-09-23,510550,2.0088,2026-09-23,-0.44
2026-09-23,510560,1.9589,2026-09-23,-0.44
2026-09-23,510570,1.2322,2026-09-23,-0.44
2026-09-23,510580,4.1149,2026-09-23,-0.45
2026-09-23,510590,8.5109,2026-09-23,-0.44
2026-09-23,510600,3.8425,2026-09-23,-0.52
2026-09-23,510630,0.8003,2026-09-23,-0.05
2026-09-23,510650,2.9288,2026-09-23,-0.55
2026-09-23,510660,2.5132,2026-09-23,0.34
2026-09-23,510670,0.9881,2026-09-23,-0.54
2026-09-23,510680,3.1651,2026-09-23,-0.52
2026-09-23,510710,4.2863,2026-09-23,-0.52
2026-09-23,510720,1.0384,2026-09-23,-1.06
2026-09-23,510760,1.3519,2026-09-23,-0.32
2026-09-23,510770,0.9126,2026-09-23,-0.03
2026-09-23,510800,1.3884,2026-09-23,-0.52
2026-09-23,510810,0.8413,2026-09-23,-0.53
2026-09-23,510850,3.5584,2026-09-23,-0.52
2026-09-23,510880,3.3534,2026-09-23,-0.86
2026-09-23,510900,1.0273,2026-09-23,-1.01
2026-09-23,510910,0.9886,2026-09-23,-0.3
2026-09-23,510950,0.9882,2026-09-23,-0.52
2026-09-23,510980,1.4098,2026-09-23,-0.24
2026-09-23,510990,1.0498,2026-09-23,-0.43
2026-09-23,511010,140.664,2026-09-23,-0.02
2026-09-23,511020,118.4043,2026-09-23,-0.02
2026-09-23,511030,108.5211,2026-09-23,0.01
2026-09-23,511060,108.7173,2026-09-23,0.0
2026-09-23,511070,103.22,2026-09-23,0.02
2026-09-23,511090,119.8727,2026-09-23,0.05
2026-09-23,511100,111.0959,2026-09-23,0.0
2026-09-23,511110,103.5251,2026-09-23,0.02
2026-09-23,511120,102.2294,2026-09-23,0.02
2026-09-23,511130,109.3247,2026-09-23,0.02
2026-09-23,511150,102.5053,2026-09-23,0.01
2026-09-23,511160,102.1384,2026-09-23,0.0
2026-09-23,511180,12.1847,2026-09-23,-0.53
2026-09-23,511190,103.1111,2026-09-23,0.02
2026-09-23,511200,103.6123,2026-09-23,0.02
2026-09-23,511220,10.4352,2026-09-23,0.01
2026-09-23,511260,134.814,2026-09-23,-0.02
2026-09-23,511270,121.454,2026-09-23,0.01
2026-09-23,511360,113.9614,2026-09-23,0.0
2026-09-23,511380,13.296,2026-09-23,-0.55
2026-09-23,511520,118.7083,2026-09-23,0.0
2026-09-23,511580,109.7528,2026-09-23,0.0
2026-09-23,511600,24.3,2026-09-23,
2026-09-23,511620,25.07,2026-09-23,
2026-09-23,511650,26.1,2026-09-23,
2026-09-23,511660,24.49,2026-09-23,
2026-09-23,511670,25.83,2026-09-23,
2026-09-23,511690,23.13,2026-09-23,
2026-09-23,511700,35.22,2026-09-23,
2026-09-23,511770,27.94,2026-09-23,
2026-09-23,511800,35.49,2026-09-23,
2026-09-23,511810,27.55,2026-09-23,
2026-09-23,511820,24.35,2026-09-23,
2026-09-23,511830,32.34,2026-09-23,
2026-09-23,511850,29.34,2026-09-23,
2026-09-23,511860,23.09,2026-09-23,
2026-09-23,511900,24.69,2026-09-23,
2026-09-23,511910,23.09,2026-09-23,
2026-09-23,511920,30.02,2026-09-23,
2026-09-23,511930,26.49,2026-09-23,
2026-09-23,511950,27.47,2026-09-23,
2026-09-23,511960,27.13,2026-09-23,
2026-09-23,511970,22.99,2026-09-23,
2026-09-23,511980,28.33,2026-09-23,
2026-09-23,512000,0.5094,2026-09-23,-0.49
2026-09-23,512010,0.3839,2026-09-23,-0.23
2026-09-23,512020,1.2751,2026-09-23,-0.58
2026-09-23,512030,1.0785,2026-09-23,-0.53
2026-09-23,512040,1.1975,2026-09-23,-0.14
2026-09-23,512050,1.1939,2026-09-23,-0.6
2026-09-23,512060,1.1795,2026-09-23,-0.64
2026-09-23,512070,0.7859,2026-09-23,-0.69
2026-09-23,512080,1.2805,2026-09-23,-0.6
2026-09-23,512090,1.9747,2026-09-23,-0.53
2026-09-23,512100,3.1479,2026-09-23,-0.14
2026-09-23,512120,0.4708,2026-09-23,0.13
2026-09-23,512130,1.1195,2026-09-23,-0.94
2026-09-23,512140,0.9006,2026-09-23,-0.95
2026-09-23,512150,1.8742,2026-09-23,-0.7
2026-09-23,512160,1.5149,2026-09-23,-0.55
2026-09-23,512170,0.3489,2026-09-23,0.32
2026-09-23,512180,1.6776,2026-09-23,-0.55
2026-09-23,512190,2.828,2026-09-23,-0.96
2026-09-23,512200,1.289,2026-09-23,-0.05
2026-09-23,512220,3.9571,2026-09-23,-0.38
2026-09-23,512240,1.1207,2026-09-23,-0.59
2026-09-23,512250,1.1816,2026-09-23,-0.59
2026-09-23,512260,1.878,2026-09-23,-0.42
2026-09-23,512290,1.0576,2026-09-23,0.31
2026-09-23,512330,1.9225,2026-09-23,-0.21
2026-09-23,512360,1.7649,2026-09-23,-0.52
2026-09-23,512370,1.196,2026-09-23,-0.53
2026-09-23,512380,1.5894,2026-09-23,-0.55
2026-09-23,512400,1.7178,2026-09-23,-0.82
2026-09-23,512410,1.1112,2026-09-23,-0.44
2026-09-23,512420,0.9109,2026-09-23,-0.89
2026-09-23,512430,0.9045,2026-09-23,0.01
2026-09-23,512450,0.8937,2026-09-23,-1.26
2026-09-23,512460,0.7857,2026-09-23,-0.44
2026-09-23,512470,0.9972,2026-09-23,-0.43
2026-09-23,512480,1.0495,2026-09-23,-0.1
2026-09-23,512500,4.4268,2026-09-23,-0.45
2026-09-23,512510,2.3508,2026-09-23,-0.44
2026-09-23,512520,1.4512,2026-09-23,-0.56
2026-09-23,512530,1.628,2026-09-23,-0.56
2026-09-23,512550,1.7942,2026-09-23,-0.69
2026-09-23,512560,0.7265,2026-09-23,-1.33
2026-09-23,512570,1.0716,2026-09-23,-0.52
2026-09-23,512580,1.1228,2026-09-23,-0.34
2026-09-23,512600,0.5653,2026-09-23,-0.25
2026-09-23,512620,0.8866,2026-09-23,-1.1
2026-09-23,512630,1.1102,2026-09-23,-0.61
2026-09-23,512640,2.3964,2026-09-23,-0.53
2026-09-23,512650,1.3495,2026-09-23,-0.57
2026-09-23,512660,1.1514,2026-09-23,-1.35
2026-09-23,512670,0.7851,2026-09-23,-0.88
2026-09-23,512680,1.1796,2026-09-23,-1.34
2026-09-23,512690,0.4153,2026-09-23,-0.02
2026-09-23,512700,1.4925,2026-09-23,-0.44
2026-09-23,512710,0.6341,2026-09-23,-1.09
2026-09-23,512720,1.1416,2026-09-23,-1.34
2026-09-23,512730,1.7101,2026-09-23,-0.45
2026-09-23,512740,0.993,2026-09-23,-0.5
2026-09-23,512750,1.4366,2026-09-23,-0.48
2026-09-23,512760,1.1096,2026-09-23,-0.25
2026-09-23,512770,2.584,2026-09-23,-0.41
2026-09-23,512800,0.8337,2026-09-23,-0.44
2026-09-23,512810,0.6686,2026-09-23,-1.36
2026-09-23,512820,1.4638,2026-09-23,-0.44
2026-09-23,512870,1.4417,2026-09-23,-0.45
2026-09-23,512880,1.0653,2026-09-23,-0.5
2026-09-23,512890,1.1807,2026-09-23,-0.46
2026-09-23,512900,1.0541,2026-09-23,-0.55
2026-09-23,512910,1.2953,2026-09-23,-0.62
2026-09-23,512930,0.6365,2026-09-23,-0.76
2026-09-23,512940,0.7929,2026-09-23,-0.89
2026-09-23,512950,1.5071,2026-09-23,-0.48
2026-09-23,512960,1.4588,2026-09-23,-0.48
2026-09-23,512970,1.4814,2026-09-23,-0.44
2026-09-23,512980,0.8137,2026-09-23,-2.55
2026-09-23,512990,2.0207,2026-09-23,-0.55
2026-09-23,513000,2.1858,2026-09-23,-0.09
2026-09-23,513010,0.5714,2026-09-23,-1.3
2026-09-23,513020,0.9279,2026-09-23,-1.18
2026-09-23,513030,1.7829,2026-09-23,
2026-09-23,513040,0.879,2026-09-23,-1.77
2026-09-23,513050,1.0335,2026-09-23,
2026-09-23,513060,0.5997,2026-09-23,-0.12
2026-09-23,513070,1.0279,2026-09-23,0.04
2026-09-23,513080,1.6753,2026-09-23,
2026-09-23,513090,1.8229,2026-09-23,-0.34
2026-09-23,513100,2.0487,2026-09-23,
2026-09-23,513110,2.3528,2026-09-23,
2026-09-23,513120,1.3706,2026-09-23,0.06
2026-09-23,513130,0.5437,2026-09-23,-1.65
2026-09-23,513140,1.7306,2026-09-23,-0.47
2026-09-23,513150,0.9394,2026-09-23,-1.15
2026-09-23,513160,0.9302,2026-09-23,-1.71
2026-09-23,513170,1.597,2026-09-23,-0.29
2026-09-23,513180,0.5534,2026-09-23,-1.28
2026-09-23,513190,1.8564,2026-09-23,-0.43
2026-09-23,513200,1.1214,2026-09-23,0.03
2026-09-23,513210,1.4826,2026-09-23,-0.96
2026-09-23,513220,0.8953,2026-09-23,
2026-09-23,513230,0.8108,2026-09-23,0.04
2026-09-23,513240,1.0426,2026-09-23,-0.57
2026-09-23,513260,1.0647,2026-09-23,-1.28
2026-09-23,513280,1.189,2026-09-23,-0.19
2026-09-23,513290,1.6977,2026-09-23,
2026-09-23,513300,2.544,2026-09-23,
2026-09-23,513310,4.6919,2026-09-23,1.55
2026-09-23,513320,1.0477,2026-09-23,-1.48
2026-09-23,513330,0.3482,2026-09-23,-2.14
2026-09-23,513350,1.2915,2026-09-23,
2026-09-23,513360,0.4739,2026-09-23,
2026-09-23,513380,0.5011,2026-09-23,-1.28
2026-09-23,513390,2.2999,2026-09-23,
2026-09-23,513400,1.2647,2026-09-23,
2026-09-23,513500,2.4602,2026-09-23,
2026-09-23,513520,2.1647,2026-09-23,0.07
2026-09-23,513530,1.5578,2026-09-23,-0.73
2026-09-23,513550,1.1063,2026-09-23,-1.04
2026-09-23,513560,1.1032,2026-09-23,-1.16
2026-09-23,513580,0.5511,2026-09-23,-1.27
2026-09-23,513590,0.7243,2026-09-23,0.04
2026-09-23,513600,2.7208,2026-09-23,-1.0
2026-09-23,513620,1.1622,2026-09-23,0.15
2026-09-23,513630,1.5617,2026-09-23,-0.29
2026-09-23,513650,1.8734,2026-09-23,
2026-09-23,513660,1.4805,2026-09-23,-0.98
2026-09-23,513690,1.13,2026-09-23,-0.34
2026-09-23,513700,0.666,2026-09-23,0.03
2026-09-23,513720,0.6199,2026-09-23,-1.74
2026-09-23,513730,1.1083,2026-09-23,
2026-09-23,513750,1.5269,2026-09-23,-0.57
2026-09-23,513770,0.3352,2026-09-23,-1.76
2026-09-23,513780,1.7744,2026-09-23,0.07
2026-09-23,513800,1.8873,2026-09-23,-0.1
2026-09-23,513810,1.7469,2026-09-23,-0.46
2026-09-23,513820,1.2177,2026-09-23,-0.72
2026-09-23,513830,1.1835,2026-09-23,-0.73
2026-09-23,513850,1.7673,2026-09-23,
2026-09-23,513860,0.5956,2026-09-23,-1.16
2026-09-23,513870,1.9514,2026-09-23,
2026-09-23,513880,2.03,2026-09-23,-0.03
2026-09-23,513890,0.8458,2026-09-23,-1.27
2026-09-23,513900,0.9695,2026-09-23,-0.94
2026-09-23,513910,1.5797,2026-09-23,-0.62
2026-09-23,513920,1.5725,2026-09-23,-0.5
2026-09-23,513930,1.1032,2026-09-23,-0.19
2026-09-23,513950,1.235,2026-09-23,-0.61
2026-09-23,513970,0.7664,2026-09-23,0.22
2026-09-23,513980,0.5943,2026-09-23,-1.16
2026-09-23,513990,1.0983,2026-09-23,-0.83
2026-09-23,515000,1.2923,2026-09-23,-0.27
2026-09-23,515010,1.2267,2026-09-23,-0.5
2026-09-23,515020,1.7869,2026-09-23,-0.43
2026-09-23,515030,1.5045,2026-09-23,-0.63
2026-09-23,515040,1.0127,2026-09-23,-0.86
2026-09-23,515050,1.0706,2026-09-23,-0.69
2026-09-23,515060,0.6201,2026-09-23,-0.06
2026-09-23,515070,1.135,2026-09-23,-0.78
2026-09-23,515080,1.5438,2026-09-23,-0.8
2026-09-23,515090,1.3446,2026-09-23,-0.59
2026-09-23,515100,1.391,2026-09-23,-0.28
2026-09-23,515110,1.6161,2026-09-23,-1.12
2026-09-23,515120,0.6518,2026-09-23,0.42
2026-09-23,515130,1.5193,2026-09-23,-0.57
2026-09-23,515150,1.5314,2026-09-23,-1.12
2026-09-23,515160,1.6062,2026-09-23,-0.55
2026-09-23,515170,0.4607,2026-09-23,0.04
2026-09-23,515180,1.4128,2026-09-23,-0.79
2026-09-23,515190,1.6419,2026-09-23,-0.46
2026-09-23,515200,2.4336,2026-09-23,-0.57
2026-09-23,515210,1.1317,2026-09-23,-0.54
2026-09-23,515220,1.2625,2026-09-23,-2.16
2026-09-23,515230,0.6817,2026-09-23,-1.7
2026-09-23,515250,0.9337,2026-09-23,-0.43
2026-09-23,515260,0.8516,2026-09-23,-0.37
2026-09-23,515290,1.4978,2026-09-23,-0.44
2026-09-23,515300,1.3025,2026-09-23,-0.15
2026-09-23,515310,1.3644,2026-09-23,-0.6
2026-09-23,515320,1.5391,2026-09-23,-0.37
2026-09-23,515330,1.3197,2026-09-23,-0.6
2026-09-23,515350,6.1544,2026-09-23,-0.59
2026-09-23,515360,6.6752,2026-09-23,-0.58
2026-09-23,515370,0.7801,2026-09-23,-0.2
2026-09-23,515380,5.3392,2026-09-23,-0.59
2026-09-23,515390,1.3392,2026-09-23,-0.59
2026-09-23,515400,0.8473,2026-09-23,-1.59
2026-09-23,515440,1.0008,2026-09-23,-0.44
2026-09-23,515450,1.3874,2026-09-23,-0.15
2026-09-23,515460,0.8934,2026-09-23,-0.92
2026-09-23,515470,0.9969,2026-09-23,-0.62
2026-09-23,515480,1.0519,2026-09-23,-0.28
2026-09-23,515530,4.3144,2026-09-23,-0.46
2026-09-23,515550,1.7566,2026-09-23,-0.43
2026-09-23,515560,0.9788,2026-09-23,-0.44
2026-09-23,515580,1.3698,2026-09-23,-0.62
2026-09-23,515590,1.9021,2026-09-23,-0.48
2026-09-23,515600,1.6624,2026-09-23,-0.74
2026-09-23,515630,1.2525,2026-09-23,-0.64
2026-09-23,515640,0.951,2026-09-23,-0.02
2026-09-23,515650,1.046,2026-09-23,-0.15
2026-09-23,515660,5.7448,2026-09-23,-0.59
2026-09-23,515680,1.6703,2026-09-23,-0.74
2026-09-23,515700,2.013,2026-09-23,-0.7
2026-09-23,515710,0.4929,2026-09-23,0.04
2026-09-23,515720,0.6833,2026-09-23,-1.54
2026-09-23,515730,0.846,2026-09-23,0.01
2026-09-23,515750,2.0147,2026-09-23,-1.07
2026-09-23,515760,1.3541,2026-09-23,-0.39
2026-09-23,515770,1.3908,2026-09-23,-0.54
2026-09-23,515790,0.8148,2026-09-23,-0.21
2026-09-23,515800,1.2691,2026-09-23,-0.55
2026-09-23,515810,1.6962,2026-09-23,-0.53
2026-09-23,515840,1.0415,2026-09-23,0.01
2026-09-23,515850,1.3296,2026-09-23,-0.49
2026-09-23,515860,2.1247,2026-09-23,-0.47
2026-09-23,515880,0.7002,2026-09-23,-0.92
2026-09-23,515890,1.4553,2026-09-23,-0.78
2026-09-23,515900,1.6411,2026-09-23,-0.76
2026-09-23,515910,0.6786,2026-09-23,-0.22
2026-09-23,515920,1.2041,2026-09-23,-0.55
2026-09-23,515940,1.0173,2026-09-23,-1.04
2026-09-23,515950,0.95,2026-09-23,0.13
2026-09-23,515960,0.8403,2026-09-23,0.37
2026-09-23,515970,0.7975,2026-09-23,-0.85
2026-09-23,515980,1.03,2026-09-23,-1.04
2026-09-23,515990,1.4971,2026-09-23,-1.12
2026-09-23,516000,0.9323,2026-09-23,-1.59
2026-09-23,516010,1.0618,2026-09-23,-2.37
2026-09-23,516020,0.8292,2026-09-23,0.31
2026-09-23,516040,0.9884,2026-09-23,-0.89
2026-09-23,516050,1.399,2026-09-23,-0.26
2026-09-23,516060,0.6087,2026-09-23,0.41
2026-09-23,516070,0.5414,2026-09-23,-0.53
2026-09-23,516080,0.6957,2026-09-23,0.4
2026-09-23,516090,0.4607,2026-09-23,-0.67
2026-09-23,516100,1.0185,2026-09-23,-1.53
2026-09-23,516110,1.0762,2026-09-23,-0.62
2026-09-23,516120,0.8489,2026-09-23,0.32
2026-09-23,516130,0.6673,2026-09-23,-0.18
2026-09-23,516150,1.6581,2026-09-23,-1.0
2026-09-23,516160,2.3176,2026-09-23,-0.66
2026-09-23,516180,0.6743,2026-09-23,-0.21
2026-09-23,516190,0.987,2026-09-23,-2.4
2026-09-23,516200,1.019,2026-09-23,-0.49
2026-09-23,516210,1.4212,2026-09-23,-0.43
2026-09-23,516220,0.8692,2026-09-23,0.3
2026-09-23,516230,0.7539,2026-09-23,-0.21
2026-09-23,516250,0.8902,2026-09-23,-0.89
2026-09-23,516260,1.3583,2026-09-23,-0.58
2026-09-23,516270,0.5338,2026-09-23,-0.82
2026-09-23,516290,0.5053,2026-09-23,-0.24
2026-09-23,516300,3.2721,2026-09-23,-0.16
2026-09-23,516310,1.3816,2026-09-23,-0.43
2026-09-23,516320,0.8713,2026-09-23,-1.15
2026-09-23,516330,1.5656,2026-09-23,-0.57
2026-09-23,516350,1.648,2026-09-23,-0.27
2026-09-23,516360,1.0081,2026-09-23,-0.1
2026-09-23,516370,0.9033,2026-09-23,-0.95
2026-09-23,516380,0.811,2026-09-23,-0.73
2026-09-23,516390,0.8,2026-09-23,-0.72
2026-09-23,516440,0.8919,2026-09-23,-0.89
2026-09-23,516460,1.1806,2026-09-23,-0.91
2026-09-23,516500,0.6595,2026-09-23,0.37
2026-09-23,516510,1.6544,2026-09-23,-1.65
2026-09-23,516520,1.0516,2026-09-23,-0.43
2026-09-23,516530,1.0205,2026-09-23,-1.04
2026-09-23,516550,0.6862,2026-09-23,-0.58
2026-09-23,516560,0.7483,2026-09-23,-0.8
2026-09-23,516570,0.9923,2026-09-23,-0.18
2026-09-23,516580,0.5453,2026-09-23,-0.67
2026-09-23,516590,1.0216,2026-09-23,-0.75
2026-09-23,516600,0.6059,2026-09-23,-0.53
2026-09-23,516610,0.4318,2026-09-23,0.09
2026-09-23,516620,0.8694,2026-09-23,-1.9
2026-09-23,516630,1.6172,2026-09-23,-1.64
2026-09-23,516640,1.4555,2026-09-23,-0.27
2026-09-23,516650,1.7491,2026-09-23,-0.79
2026-09-23,516660,0.912,2026-09-23,-0.62
2026-09-23,516670,0.5976,2026-09-23,-1.45
2026-09-23,516700,0.8821,2026-09-23,-1.6
2026-09-23,516710,0.7355,2026-09-23,-0.11
2026-09-23,516720,1.1319,2026-09-23,-0.49
2026-09-23,516730,0.9663,2026-09-23,-0.43
2026-09-23,516750,0.5767,2026-09-23,0.68
2026-09-23,516760,0.5712,2026-09-23,-1.45
2026-09-23,516770,1.1257,2026-09-23,-2.35
2026-09-23,516780,0.8115,2026-09-23,-0.99
2026-09-23,516790,0.5192,2026-09-23,0.1
2026-09-23,516800,0.9737,2026-09-23,-0.29
2026-09-23,516810,0.7503,2026-09-23,-1.09
2026-09-23,516820,0.3516,2026-09-23,0.43
2026-09-23,516830,1.0118,2026-09-23,-0.54
2026-09-23,516840,0.7301,2026-09-23,-0.26
2026-09-23,516850,0.8525,2026-09-23,-0.68
2026-09-23,516860,1.0477,2026-09-23,-1.53
2026-09-23,516880,0.6951,2026-09-23,-0.2
2026-09-23,516890,0.7622,2026-09-23,-0.09
2026-09-23,516900,0.4864,2026-09-23,0.06
2026-09-23,516910,1.1855,2026-09-23,-1.06
2026-09-23,516920,1.4127,2026-09-23,-0.27
2026-09-23,516930,0.5114,2026-09-23,0.35
2026-09-23,516950,1.0042,2026-09-23,-0.19
2026-09-23,516960,0.8092,2026-09-23,-1.18
2026-09-23,516970,1.0953,2026-09-23,-0.04
2026-09-23,516980,1.0477,2026-09-23,-0.47
2026-09-23,517000,0.9899,2026-09-23,-0.75
2026-09-23,517010,1.1054,2026-09-23,-0.78
2026-09-23,517030,1.121,2026-09-23,-0.71
2026-09-23,517050,0.6403,2026-09-23,-1.82
2026-09-23,517080,0.9813,2026-09-23,-0.74
2026-09-23,517090,1.5663,2026-09-23,-0.54
2026-09-23,517100,1.0005,2026-09-23,-0.77
2026-09-23,517110,0.8172,2026-09-23,0.15
2026-09-23,517120,0.7856,2026-09-23,0.13
2026-09-23,517130,0.9406,2026-09-23,-1.89
2026-09-23,517160,0.9516,2026-09-23,-0.28
2026-09-23,517170,0.9909,2026-09-23,-0.78
2026-09-23,517180,1.4821,2026-09-23,-0.54
2026-09-23,517200,0.5638,2026-09-23,-1.83
2026-09-23,517230,0.9618,2026-09-23,-1.91
2026-09-23,517300,0.9379,2026-09-23,-0.69
2026-09-23,517330,0.9622,2026-09-23,-0.29
2026-09-23,517350,0.9197,2026-09-23,-1.18
2026-09-23,517360,0.9359,2026-09-23,-0.95
2026-09-23,517380,0.8995,2026-09-23,0.11
2026-09-23,517390,1.8998,2026-09-23,-1.89
2026-09-23,517400,1.5776,2026-09-23,-0.5
2026-09-23,517520,1.9984,2026-09-23,-0.51
2026-09-23,517550,0.6343,2026-09-23,-0.88
2026-09-23,517660,1.2532,2026-09-23,-0.73
2026-09-23,517770,0.8514,2026-09-23,-2.03
2026-09-23,517800,0.9985,2026-09-23,-1.19
2026-09-23,517850,1.2806,2026-09-23,-0.11
2026-09-23,517880,0.71,2026-09-23,-0.53
2026-09-23,517900,1.5734,2026-09-23,-0.34
2026-09-23,517950,1.1764,2026-09-23,-0.52
2026-09-23,517990,0.9228,2026-09-23,-0.11
2026-09-23,518600,9.2708,2026-09-23,0.37
2026-09-23,518660,8.9147,2026-09-23,0.22
2026-09-23,518680,9.3218,2026-09-23,0.37
2026-09-23,518800,9.3128,2026-09-23,0.22
2026-09-23,518850,8.9763,2026-09-23,0.22
2026-09-23,518860,8.9142,2026-09-23,0.36
2026-09-23,518880,8.883,2026-09-23,0.21
2026-09-23,518890,8.9129,2026-09-23,0.37
2026-09-23,520500,1.4466,2026-09-23,-0.09
2026-09-23,520510,1.0023,2026-09-23,0.15
2026-09-23,520520,0.8905,2026-09-23,0.21
2026-09-23,520530,0.7939,2026-09-23,-1.17
2026-09-23,520550,1.0712,2026-09-23,-0.61
2026-09-23,520560,0.8044,2026-09-23,-1.49
2026-09-23,520570,0.6984,2026-09-23,-1.3
2026-09-23,520580,0.9282,2026-09-23,
2026-09-23,520590,0.7482,2026-09-23,-1.27
2026-09-23,520600,0.9363,2026-09-23,-0.65
2026-09-23,520610,0.93,2026-09-23,-0.3
2026-09-23,520620,0.7609,2026-09-23,0.21
2026-09-23,520630,0.6316,2026-09-23,-1.68
2026-09-23,520650,0.5666,2026-09-23,-1.77
2026-09-23,520660,0.9887,2026-09-23,-0.68
2026-09-23,520670,0.7484,2026-09-23,-1.87
2026-09-23,520680,0.7493,2026-09-23,-0.68
2026-09-23,520690,0.7624,2026-09-23,-0.25
2026-09-23,520700,1.709,2026-09-23,0.06
2026-09-23,520710,0.925,2026-09-23,-0.57
2026-09-23,520720,0.6873,2026-09-23,-0.66
2026-09-23,520730,0.7101,2026-09-23,-0.28
2026-09-23,520740,0.8721,2026-09-23,-1.72
2026-09-23,520750,0.9185,2026-09-23,-0.55
2026-09-23,520760,1.0318,2026-09-23,-0.19
2026-09-23,520770,0.9241,2026-09-23,-0.95
2026-09-23,520780,0.7545,2026-09-23,-0.67
2026-09-23,520790,0.7827,2026-09-23,-1.73
2026-09-23,520810,1.0069,2026-09-23,-0.73
2026-09-23,520820,0.9137,2026-09-23,-0.96
2026-09-23,520830,0.8777,2026-09-23,
2026-09-23,520840,0.7394,2026-09-23,-1.87
2026-09-23,520850,0.9515,2026-09-23,0.15
2026-09-23,520860,0.7693,2026-09-23,-1.19
2026-09-23,520870,1.1519,2026-09-23,
2026-09-23,520880,0.4702,2026-09-23,-0.23
2026-09-23,520890,1.3134,2026-09-23,-0.61
2026-09-23,520900,0.9941,2026-09-23,-0.69
2026-09-23,520910,0.6005,2026-09-23,-1.73
2026-09-23,520920,0.6472,2026-09-23,-1.3
2026-09-23,520930,1.0297,2026-09-23,-0.19
2026-09-23,520940,0.9905,2026-09-23,-0.9
2026-09-23,520950,0.8326,2026-09-23,-1.36
2026-09-23,520960,0.8976,2026-09-23,-0.96
2026-09-23,520970,0.9557,2026-09-23,0.07
2026-09-23,520980,0.8387,2026-09-23,-1.72
2026-09-23,520990,0.9833,2026-09-23,-0.68
2026-09-23,526000,1.2119,2026-09-23,-0.57
2026-09-23,526010,1.0957,2026-09-23,0.15
2026-09-23,526030,0.89,2026-09-23,-0.57
2026-09-23,526050,1.0959,2026-09-23,-0.57
2026-09-23,526060,1.0069,2026-09-23,-0.57
2026-09-23,526070,0.9767,2026-09-23,-0.93
2026-09-23,530000,1.3773,2026-09-23,-0.51
2026-09-23,530050,1.1802,2026-09-23,-0.51
2026-09-23,530060,1.0014,2026-09-23,-0.32
2026-09-23,530080,1.2216,2026-09-23,-0.56
2026-09-23,530100,1.1863,2026-09-23,0.13
2026-09-23,530180,1.1909,2026-09-23,-0.54
2026-09-23,530280,1.1922,2026-09-23,-0.55
2026-09-23,530300,1.2269,2026-09-23,-0.54
2026-09-23,530380,1.1116,2026-09-23,-0.15
2026-09-23,530530,1.1785,2026-09-23,0.13
2026-09-23,530580,1.1587,2026-09-23,-0.55
2026-09-23,530680,1.1596,2026-09-23,-0.52
2026-09-23,530800,1.1927,2026-09-23,-0.55
2026-09-23,530880,1.093,2026-09-23,-1.05
2026-09-23,551000,102.3396,2026-09-23,0.02
2026-09-23,551030,102.263,2026-09-23,0.02
2026-09-23,551060,102.2559,2026-09-23,0.01
2026-09-23,551300,102.5343,2026-09-23,0.02
2026-09-23,551500,102.5797,2026-09-23,0.02
2026-09-23,551510,102.7305,2026-09-23,0.02
2026-09-23,551520,102.4412,2026-09-23,0.02
2026-09-23,551550,102.1171,2026-09-23,0.02
2026-09-23,551560,102.3049,2026-09-23,0.02
2026-09-23,551580,102.5378,2026-09-23,0.02
2026-09-23,551800,101.4421,2026-09-23,0.02
2026-09-23,551900,102.1348,2026-09-23,0.02
2026-09-23,560010,3.2266,2026-09-23,-0.15
2026-09-23,560020,1.1054,2026-09-23,-0.79
2026-09-23,560030,1.292,2026-09-23,-0.61
2026-09-23,560050,1.0751,2026-09-23,-0.65
2026-09-23,560060,0.8667,2026-09-23,-0.33
2026-09-23,560070,1.1866,2026-09-23,-0.8
2026-09-23,560080,0.9381,2026-09-23,-0.66
2026-09-23,560090,1.1435,2026-09-23,-0.5
2026-09-23,560100,1.3371,2026-09-23,-0.51
2026-09-23,560110,1.1686,2026-09-23,-0.16
2026-09-23,560120,1.1827,2026-09-23,-0.63
2026-09-23,560130,0.9291,2026-09-23,0.0
2026-09-23,560150,1.1291,2026-09-23,-0.46
2026-09-23,560160,0.9371,2026-09-23,0.0
2026-09-23,560170,1.2525,2026-09-23,-0.33
2026-09-23,560180,1.1711,2026-09-23,-0.53
2026-09-23,560190,1.003,2026-09-23,-0.57
2026-09-23,560210,0.833,2026-09-23,-1.22
2026-09-23,560220,1.496,2026-09-23,0.52
2026-09-23,560230,0.7314,2026-09-23,-0.22
2026-09-23,560250,0.9703,2026-09-23,-0.92
2026-09-23,560260,0.8882,2026-09-23,0.3
2026-09-23,560270,0.9298,2026-09-23,-0.95
2026-09-23,560280,1.4267,2026-09-23,-0.88
2026-09-23,560290,0.7792,2026-09-23,-0.89
2026-09-23,560300,2.2936,2026-09-23,-0.78
2026-09-23,560310,0.738,2026-09-23,-0.22
2026-09-23,560320,0.9449,2026-09-23,0.0
2026-09-23,560330,1.2302,2026-09-23,-0.64
2026-09-23,560350,1.2306,2026-09-23,-0.59
2026-09-23,560360,1.2051,2026-09-23,-1.68
2026-09-23,560370,0.8784,2026-09-23,-0.94
2026-09-23,560380,1.236,2026-09-23,-0.64
2026-09-23,560390,0.8599,2026-09-23,-1.02
2026-09-23,560400,0.9666,2026-09-23,-0.48
2026-09-23,560410,0.7798,2026-09-23,-0.43
2026-09-23,560420,0.9441,2026-09-23,-0.01
2026-09-23,560450,0.9224,2026-09-23,-0.96
2026-09-23,560460,0.8872,2026-09-23,-0.96
2026-09-23,560470,0.8561,2026-09-23,-0.79
2026-09-23,560480,0.8801,2026-09-23,-0.96
2026-09-23,560490,0.9174,2026-09-23,-0.86
2026-09-23,560500,1.3946,2026-09-23,-0.11
2026-09-23,560510,1.1716,2026-09-23,-0.59
2026-09-23,560520,1.0833,2026-09-23,-0.28
2026-09-23,560530,1.1991,2026-09-23,-0.61
2026-09-23,560550,0.9062,2026-09-23,-0.34
2026-09-23,560560,0.6241,2026-09-23,-0.54
2026-09-23,560570,0.9939,2026-09-23,-0.13
2026-09-23,560580,1.0825,2026-09-23,-0.96
2026-09-23,560590,1.4938,2026-09-23,-0.01
2026-09-23,560610,1.1702,2026-09-23,-0.6
2026-09-23,560620,0.9401,2026-09-23,-0.57
2026-09-23,560630,1.0553,2026-09-23,-0.7
2026-09-23,560660,1.0801,2026-09-23,-1.45
2026-09-23,560670,1.0769,2026-09-23,-0.43
2026-09-23,560680,0.7216,2026-09-23,-0.26
2026-09-23,560690,2.2015,2026-09-23,-0.78
2026-09-23,560700,1.2172,2026-09-23,-0.81
2026-09-23,560710,0.9608,2026-09-23,-2.4
2026-09-23,560720,0.9602,2026-09-23,-0.28
2026-09-23,560730,1.0375,2026-09-23,-0.46
2026-09-23,560750,1.3122,2026-09-23,-0.59
2026-09-23,560770,0.9284,2026-09-23,-0.71
2026-09-23,560780,1.0582,2026-09-23,0.5
2026-09-23,560790,0.8107,2026-09-23,-1.69
2026-09-23,560800,1.1539,2026-09-23,-0.57
2026-09-23,560810,1.2596,2026-09-23,-0.56
2026-09-23,560820,1.1669,2026-09-23,-0.59
2026-09-23,560830,0.8864,2026-09-23,-0.96
2026-09-23,560850,1.3313,2026-09-23,-1.34
2026-09-23,560860,1.5402,2026-09-23,-0.86
2026-09-23,560870,0.8852,2026-09-23,-0.87
2026-09-23,560880,1.514,2026-09-23,-0.01
2026-09-23,560900,0.936,2026-09-23,0.4
2026-09-23,560910,0.7018,2026-09-23,-0.44
2026-09-23,560920,0.9155,2026-09-23,-0.89
2026-09-23,560930,0.8682,2026-09-23,-0.96
2026-09-23,560950,1.3829,2026-09-23,-0.32
2026-09-23,560970,0.9032,2026-09-23,-0.87
2026-09-23,560980,0.6257,2026-09-23,0.1
2026-09-23,560990,1.1168,2026-09-23,-0.79
2026-09-23,561000,1.2822,2026-09-23,-0.67
2026-09-23,561010,0.8592,2026-09-23,-1.58
2026-09-23,561020,1.0268,2026-09-23,0.01
2026-09-23,561030,0.8305,2026-09-23,-0.87
2026-09-23,561050,0.8195,2026-09-23,-1.18
2026-09-23,561060,1.1534,2026-09-23,-0.74
2026-09-23,561080,1.1359,2026-09-23,-0.96
2026-09-23,561090,1.208,2026-09-23,-0.62
2026-09-23,561100,1.6554,2026-09-23,-0.42
2026-09-23,561120,1.2481,2026-09-23,-0.02
2026-09-23,561130,1.0107,2026-09-23,-0.4
2026-09-23,561160,0.6786,2026-09-23,-0.43
2026-09-23,561170,1.1242,2026-09-23,-0.85
2026-09-23,561180,1.283,2026-09-23,-0.64
2026-09-23,561190,0.908,2026-09-23,-0.34
2026-09-23,561200,1.4351,2026-09-23,-0.63
2026-09-23,561220,1.7924,2026-09-23,-0.39
2026-09-23,561230,1.29,2026-09-23,-0.58
2026-09-23,561250,0.9581,2026-09-23,-1.2
2026-09-23,561260,1.2325,2026-09-23,-0.78
2026-09-23,561280,1.6562,2026-09-23,0.13
2026-09-23,561300,1.0659,2026-09-23,-0.67
2026-09-23,561310,0.7262,2026-09-23,-0.43
2026-09-23,561320,0.9389,2026-09-23,-0.68
2026-09-23,561330,0.908,2026-09-23,-0.9
2026-09-23,561350,1.2419,2026-09-23,-0.46
2026-09-23,561360,1.4586,2026-09-23,-1.41
2026-09-23,561370,1.4798,2026-09-23,-0.04
2026-09-23,561380,0.7263,2026-09-23,-1.02
2026-09-23,561390,0.9221,2026-09-23,-1.2
2026-09-23,561400,1.0039,2026-09-23,-1.27
2026-09-23,561410,0.9439,2026-09-23,-0.21
2026-09-23,561420,1.0571,2026-09-23,-0.91
2026-09-23,561430,1.0216,2026-09-23,-0.92
2026-09-23,561450,0.9641,2026-09-23,-0.16
2026-09-23,561460,0.8294,2026-09-23,-0.79
2026-09-23,561470,1.0242,2026-09-23,-1.27
2026-09-23,561490,0.9926,2026-09-23,-0.93
2026-09-23,561500,0.7733,2026-09-23,-0.63
2026-09-23,561510,0.9205,2026-09-23,-0.64
2026-09-23,561530,1.0028,2026-09-23,-0.43
2026-09-23,561550,1.4056,2026-09-23,-0.47
2026-09-23,561560,1.2448,2026-09-23,-0.95
2026-09-23,561570,1.3762,2026-09-23,-1.38
2026-09-23,561580,1.2484,2026-09-23,-0.71
2026-09-23,561590,1.5377,2026-09-23,0.1
2026-09-23,561600,0.7529,2026-09-23,-0.42
2026-09-23,561610,0.9728,2026-09-23,-0.85
2026-09-23,561620,0.9905,2026-09-23,0.24
2026-09-23,561630,1.0127,2026-09-23,-0.92
2026-09-23,561660,0.8877,2026-09-23,-0.73
2026-09-23,561680,0.9919,2026-09-23,-0.14
2026-09-23,561690,0.9695,2026-09-23,-0.59
2026-09-23,561700,1.0858,2026-09-23,-0.95
2026-09-23,561730,1.0142,2026-09-23,-0.28
2026-09-23,561750,1.1331,2026-09-23,-0.58
2026-09-23,561760,1.3631,2026-09-23,-2.07
2026-09-23,561770,1.2225,2026-09-23,-0.63
2026-09-23,561780,1.5932,2026-09-23,-0.04
2026-09-23,561790,1.2421,2026-09-23,-0.8
2026-09-23,561800,0.9511,2026-09-23,-1.18
2026-09-23,561810,1.0134,2026-09-23,0.2
2026-09-23,561830,0.9194,2026-09-23,-0.89
2026-09-23,561870,1.1125,2026-09-23,-0.98
2026-09-23,561880,1.24,2026-09-23,-0.64
2026-09-23,561890,1.0126,2026-09-23,-0.39
2026-09-23,561900,0.9625,2026-09-23,-0.54
2026-09-23,561910,0.6734,2026-09-23,-0.44
2026-09-23,561920,0.6843,2026-09-23,1.62
2026-09-23,561930,1.5482,2026-09-23,-0.59
2026-09-23,561950,1.3934,2026-09-23,-0.62
2026-09-23,561960,1.287,2026-09-23,-0.8
2026-09-23,561980,0.6906,2026-09-23,-0.14
2026-09-23,561990,1.01,2026-09-23,-0.62
2026-09-23,562000,0.5898,2026-09-23,-0.62
2026-09-23,562010,0.8059,2026-09-23,-0.69
2026-09-23,562030,0.4983,2026-09-23,-1.37
2026-09-23,562050,0.9127,2026-09-23,0.1
2026-09-23,562060,0.6089,2026-09-23,-0.18
2026-09-23,562070,1.0376,2026-09-23,-0.61
2026-09-23,562080,0.601,2026-09-23,-0.89
2026-09-23,562110,1.0342,2026-09-23,-1.46
2026-09-23,562150,0.9684,2026-09-23,-0.93
2026-09-23,562170,0.9733,2026-09-23,-0.9
2026-09-23,562180,0.9956,2026-09-23,-0.14
2026-09-23,562300,0.6241,2026-09-23,-0.54
2026-09-23,562310,1.0483,2026-09-23,-0.57
2026-09-23,562320,1.3303,2026-09-23,-0.64
2026-09-23,562330,1.2145,2026-09-23,-0.44
2026-09-23,562340,1.4347,2026-09-23,-0.12
2026-09-23,562350,1.077,2026-09-23,-0.95
2026-09-23,562360,1.0031,2026-09-23,-0.71
2026-09-23,562380,1.2643,2026-09-23,-0.32
2026-09-23,562390,0.8533,2026-09-23,-0.66
2026-09-23,562400,1.0,2026-09-23,0.0
2026-09-23,562500,0.9287,2026-09-23,-0.72
2026-09-23,562510,0.5621,2026-09-23,-0.18
2026-09-23,562520,1.3974,2026-09-23,0.07
2026-09-23,562530,1.246,2026-09-23,-0.51
2026-09-23,562550,1.1164,2026-09-23,-0.84
2026-09-23,562560,2.2854,2026-09-23,-0.35
2026-09-23,562570,1.3543,2026-09-23,-1.32
2026-09-23,562580,1.0481,2026-09-23,-0.46
2026-09-23,562590,1.0143,2026-09-23,0.51
2026-09-23,562600,0.7904,2026-09-23,0.23
2026-09-23,562660,1.9848,2026-09-23,0.62
2026-09-23,562700,1.1808,2026-09-23,-0.49
2026-09-23,562800,0.8797,2026-09-23,-1.21
2026-09-23,562810,1.174,2026-09-23,-0.34
2026-09-23,562820,0.9869,2026-09-23,-0.23
2026-09-23,562850,1.2474,2026-09-23,-0.81
2026-09-23,562860,0.6804,2026-09-23,1.63
2026-09-23,562870,0.9054,2026-09-23,-0.49
2026-09-23,562880,0.6971,2026-09-23,-0.43
2026-09-23,562890,1.3409,2026-09-23,-0.58
2026-09-23,562900,0.6959,2026-09-23,-1.14
2026-09-23,562910,0.784,2026-09-23,-1.11
2026-09-23,562920,0.9281,2026-09-23,-1.36
2026-09-23,562930,0.6934,2026-09-23,-1.69
2026-09-23,562950,1.5952,2026-09-23,-0.42
2026-09-23,562960,1.1198,2026-09-23,-0.84
2026-09-23,562970,0.9557,2026-09-23,-0.2
2026-09-23,562990,0.912,2026-09-23,-0.33
2026-09-23,563000,1.104,2026-09-23,-0.64
2026-09-23,563010,2.1839,2026-09-23,-0.79
2026-09-23,563020,1.1602,2026-09-23,-0.45
2026-09-23,563030,1.5734,2026-09-23,-0.54
2026-09-23,563050,1.341,2026-09-23,-0.32
2026-09-23,563060,1.0862,2026-09-23,-0.65
2026-09-23,563080,1.339,2026-09-23,-0.59
2026-09-23,563090,1.4435,2026-09-23,-0.61
2026-09-23,563150,1.3479,2026-09-23,-2.1
2026-09-23,563180,1.1421,2026-09-23,-0.57
2026-09-23,563200,1.5987,2026-09-23,0.19
2026-09-23,563210,2.0949,2026-09-23,0.55
2026-09-23,563220,1.2483,2026-09-23,-0.61
2026-09-23,563230,1.103,2026-09-23,-0.61
2026-09-23,563280,1.3839,2026-09-23,-0.64
2026-09-23,563300,1.4866,2026-09-23,-0.06
2026-09-23,563320,0.8455,2026-09-23,-0.72
2026-09-23,563330,4.1964,2026-09-23,-0.51
2026-09-23,563350,1.3767,2026-09-23,-0.58
2026-09-23,563360,1.2652,2026-09-23,-0.6
2026-09-23,563380,0.9612,2026-09-23,-1.03
2026-09-23,563390,1.1687,2026-09-23,-0.96
2026-09-23,563500,0.6224,2026-09-23,-0.61
2026-09-23,563510,1.0053,2026-09-23,-0.13
2026-09-23,563520,1.1806,2026-09-23,-0.59
2026-09-23,563530,1.1097,2026-09-23,-0.61
2026-09-23,563550,1.2561,2026-09-23,-0.58
2026-09-23,563560,1.2252,2026-09-23,-0.56
2026-09-23,563570,0.7138,2026-09-23,-1.54
2026-09-23,563580,1.0812,2026-09-23,-0.91
2026-09-23,563590,0.9788,2026-09-23,-0.13
2026-09-23,563600,1.033,2026-09-23,-0.5
2026-09-23,563620,1.0303,2026-09-23,-0.95
2026-09-23,563630,1.2575,2026-09-23,-0.55
2026-09-23,563650,1.2676,2026-09-23,-0.63
2026-09-23,563660,1.231,2026-09-23,-0.61
2026-09-23,563670,0.6574,2026-09-23,-1.54
2026-09-23,563680,1.1454,2026-09-23,-0.93
2026-09-23,563690,1.0186,2026-09-23,-0.46
2026-09-23,563700,1.0685,2026-09-23,-0.57
2026-09-23,563750,1.0955,2026-09-23,-0.45
2026-09-23,563760,1.1173,2026-09-23,-0.97
2026-09-23,563770,1.1369,2026-09-23,-0.98
2026-09-23,563780,1.1776,2026-09-23,-0.95
2026-09-23,563790,0.8328,2026-09-23,-0.61
2026-09-23,563800,1.1979,2026-09-23,-0.6
2026-09-23,563830,1.1189,2026-09-23,-0.97
2026-09-23,563850,0.9628,2026-09-23,0.0
2026-09-23,563860,1.2874,2026-09-23,-0.59
2026-09-23,563870,0.6433,2026-09-23,-0.71
2026-09-23,563880,1.2385,2026-09-23,-0.6
2026-09-23,563890,1.0541,2026-09-23,-0.75
2026-09-23,563900,1.1292,2026-09-23,-0.9
2026-09-23,563930,1.0639,2026-09-23,-0.37
2026-09-23,563960,0.9359,2026-09-23,-0.64
2026-09-23,563980,0.9652,2026-09-23,-0.32
2026-09-23,563990,1.2061,2026-09-23,-0.9
2026-09-23,588000,1.7537,2026-09-23,-0.24
2026-09-23,588010,1.0704,2026-09-23,1.29
2026-09-23,588020,0.8979,2026-09-23,0.37
2026-09-23,588030,1.8116,2026-09-23,0.34
2026-09-23,588040,1.6885,2026-09-23,-0.25
2026-09-23,588050,1.7036,2026-09-23,-0.25
2026-09-23,588060,1.0546,2026-09-23,-0.25
2026-09-23,588070,2.293,2026-09-23,0.37
2026-09-23,588080,1.7012,2026-09-23,-0.25
2026-09-23,588090,1.7103,2026-09-23,-0.24
2026-09-23,588100,0.8817,2026-09-23,-0.32
2026-09-23,588110,0.659,2026-09-23,0.37
2026-09-23,588120,0.9194,2026-09-23,0.35
2026-09-23,588130,1.0525,2026-09-23,1.4
2026-09-23,588140,1.2899,2026-09-23,1.95
2026-09-23,588150,1.1831,2026-09-23,-0.24
2026-09-23,588160,1.097,2026-09-23,1.31
2026-09-23,588170,1.0036,2026-09-23,0.65
2026-09-23,588180,1.0867,2026-09-23,-0.25
2026-09-23,588190,1.8061,2026-09-23,0.34
2026-09-23,588200,1.188,2026-09-23,-0.26
2026-09-23,588210,1.8278,2026-09-23,0.35
2026-09-23,588220,1.8102,2026-09-23,0.35
2026-09-23,588230,1.9116,2026-09-23,1.97
2026-09-23,588240,1.7662,2026-09-23,1.95
2026-09-23,588250,1.0717,2026-09-23,1.4
2026-09-23,588260,2.5486,2026-09-23,-0.33
2026-09-23,588270,1.799,2026-09-23,1.96
2026-09-23,588280,1.1949,2026-09-23,-0.25
2026-09-23,588290,1.1628,2026-09-23,-0.26
2026-09-23,588300,1.1149,2026-09-23,-0.55
2026-09-23,588310,1.1544,2026-09-23,-0.57
2026-09-23,588320,1.7138,2026-09-23,-0.61
2026-09-23,588330,1.0938,2026-09-23,-0.56
2026-09-23,588350,1.6776,2026-09-23,-0.55
2026-09-23,588360,1.1733,2026-09-23,-0.55
2026-09-23,588370,1.7736,2026-09-23,-0.27
2026-09-23,588380,1.097,2026-09-23,-0.56
2026-09-23,588390,1.1788,2026-09-23,-0.56
2026-09-23,588400,1.094,2026-09-23,-0.56
2026-09-23,588410,1.2362,2026-09-23,-0.97
2026-09-23,588420,1.2217,2026-09-23,-0.98
2026-09-23,588430,1.2662,2026-09-23,-0.96
2026-09-23,588450,2.1984,2026-09-23,0.05
2026-09-23,588460,2.0896,2026-09-23,0.11
2026-09-23,588470,0.8649,2026-09-23,-0.97
2026-09-23,588480,0.9242,2026-09-23,-0.95
2026-09-23,588500,2.624,2026-09-23,0.39
2026-09-23,588510,0.8851,2026-09-23,-0.96
2026-09-23,588520,1.4405,2026-09-23,0.41
2026-09-23,588530,0.9655,2026-09-23,-0.96
2026-09-23,588550,1.3823,2026-09-23,0.36
2026-09-23,588660,1.7891,2026-09-23,-0.57
2026-09-23,588670,1.7713,2026-09-23,0.26
2026-09-23,588680,2.6609,2026-09-23,0.26
2026-09-23,588690,1.2408,2026-09-23,0.34
2026-09-23,588700,1.0327,2026-09-23,1.4
2026-09-23,588710,1.037,2026-09-23,0.64
2026-09-23,588720,1.6947,2026-09-23,-0.25
2026-09-23,588730,1.5078,2026-09-23,-0.68
2026-09-23,588750,2.3773,2026-09-23,-0.26
2026-09-23,588760,0.765,2026-09-23,-0.68
2026-09-23,588770,1.8574,2026-09-23,-0.33
2026-09-23,588780,1.0166,2026-09-23,0.22
2026-09-23,588790,0.8075,2026-09-23,-0.68
2026-09-23,588800,1.7954,2026-09-23,0.34
2026-09-23,588810,1.2742,2026-09-23,-0.25
2026-09-23,588820,2.0552,2026-09-23,1.94
2026-09-23,588830,1.1926,2026-09-23,0.73
2026-09-23,588840,1.54,2026-09-23,-0.24
2026-09-23,588850,1.8522,2026-09-23,1.62
2026-09-23,588860,0.6895,2026-09-23,1.38
2026-09-23,588870,1.6871,2026-09-23,-0.25
2026-09-23,588880,1.8014,2026-09-23,0.35
2026-09-23,588890,1.3436,2026-09-23,-0.22
2026-09-23,588900,1.8677,2026-09-23,0.35
2026-09-23,588910,1.5435,2026-09-23,1.19
2026-09-23,588920,1.1423,2026-09-23,-0.25
2026-09-23,588930,1.5816,2026-09-23,-0.68
2026-09-23,588940,0.8609,2026-09-23,-0.24
2026-09-23,588950,1.7392,2026-09-23,-0.25
2026-09-23,588960,1.1024,2026-09-23,0.72
2026-09-23,588980,1.6655,2026-09-23,0.34
2026-09-23,588990,3.7266,2026-09-23,-0.26
2026-09-23,589000,1.5851,2026-09-23,0.29
2026-09-23,589010,1.4287,2026-09-23,-0.67
2026-09-23,589020,1.2213,2026-09-23,0.65
2026-09-23,589030,1.18,2026-09-23,0.21
2026-09-23,589050,1.3703,2026-09-23,0.28
2026-09-23,589060,1.666,2026-09-23,0.29
2026-09-23,589070,1.1046,2026-09-23,0.22
2026-09-23,589080,1.5778,2026-09-23,0.31
2026-09-23,589090,1.08,2026-09-23,-0.67
2026-09-23,589100,0.92,2026-09-23,-0.25
2026-09-23,589110,0.9366,2026-09-23,-0.68
2026-09-23,589120,0.8716,2026-09-23,2.08
2026-09-23,589130,1.4153,2026-09-23,-0.25
2026-09-23,589150,1.2052,2026-09-23,-0.24
2026-09-23,589160,1.2961,2026-09-23,-0.25
2026-09-23,589170,1.1132,2026-09-23,0.22
2026-09-23,589180,1.7473,2026-09-23,1.25
2026-09-23,589190,0.6477,2026-09-23,-0.26
2026-09-23,589200,1.4502,2026-09-23,1.94
2026-09-23,589210,0.6985,2026-09-23,0.2
2026-09-23,589220,1.0797,2026-09-23,1.96
2026-09-23,589230,0.8759,2026-09-23,-0.68
2026-09-23,589250,1.2836,2026-09-23,0.21
2026-09-23,589260,1.283,2026-09-23,0.22
2026-09-23,589270,1.1473,2026-09-23,0.34
2026-09-23,589280,0.9488,2026-09-23,0.32
2026-09-23,589290,0.8152,2026-09-23,0.21
2026-09-23,589300,1.7354,2026-09-23,0.32
2026-09-23,589310,0.8333,2026-09-23,-0.69
2026-09-23,589320,0.9163,2026-09-23,1.96
2026-09-23,589330,0.9337,2026-09-23,1.97
2026-09-23,589350,0.7917,2026-09-23,0.2
2026-09-23,589360,0.8582,2026-09-23,-0.24
2026-09-23,589380,1.4445,2026-09-23,-0.67
2026-09-23,589390,0.783,2026-09-23,0.22
2026-09-23,589400,0.7845,2026-09-23,0.2
2026-09-23,589410,0.8495,2026-09-23,-0.68
2026-09-23,589420,0.7864,2026-09-23,0.22
2026-09-23,589430,1.0365,2026-09-23,0.21
2026-09-23,589460,1.0371,2026-09-23,1.95
2026-09-23,589480,1.0438,2026-09-23,2.05
2026-09-23,589500,1.6116,2026-09-23,0.3
2026-09-23,589510,1.0409,2026-09-23,1.27
2026-09-23,589520,0.6068,2026-09-23,-0.67
2026-09-23,589550,1.3091,2026-09-23,-0.04
2026-09-23,589560,0.9627,2026-09-23,-0.68
2026-09-23,589580,1.5791,2026-09-23,0.38
2026-09-23,589600,1.5866,2026-09-23,0.3
2026-09-23,589630,0.7879,2026-09-23,0.27
2026-09-23,589660,1.6007,2026-09-23,0.31
2026-09-23,589680,1.5361,2026-09-23,0.29
2026-09-23,589700,2.2788,2026-09-23,0.35
2026-09-23,589720,0.9454,2026-09-23,2.12
2026-09-23,589770,1.6086,2026-09-23,0.29
2026-09-23,589780,1.3034,2026-09-23,1.96
2026-09-23,589800,1.5956,2026-09-23,0.3
2026-09-23,589820,1.3223,2026-09-23,1.97
2026-09-23,589850,1.5965,2026-09-23,-0.25
2026-09-23,589860,1.5842,2026-09-23,0.29
2026-09-23,589880,1.5626,2026-09-23,0.29
2026-09-23,589890,1.583,2026-09-23,0.32
2026-09-23,589900,1.5895,2026-09-23,0.29
2026-09-23,589950,1.3581,2026-09-23,0.35
2026-09-23,589960,0.8444,2026-09-23,0.74
2026-09-23,589980,1.8741,2026-09-23,0.35
2026-09-23,589990,1.6674,2026-09-23,0.38
2026-09-24,158000,1.0427,2026-09-24,0.17
2026-09-24,158001,0.9698,2026-09-24,-0.28
2026-09-24,158003,1.0425,2026-09-24,-1.93
2026-09-24,158005,0.9152,2026-09-24,-1.36
2026-09-24,158006,0.9631,2026-09-24,-2.19
2026-09-24,158008,0.9068,2026-09-24,-2.22
2026-09-24,158009,1.014,2026-09-24,-1.66
2026-09-24,158010,0.9824,2026-09-24,-2.27
2026-09-24,158011,0.9621,2026-09-24,-1.85
2026-09-24,158012,0.9227,2026-09-24,-1.85
2026-09-24,158013,0.9688,2026-09-24,-1.64
2026-09-24,158017,0.9483,2026-09-24,-2.24
2026-09-24,158019,0.8942,2026-09-24,-2.2
2026-09-24,158022,1.0049,2026-09-24,-1.99
2026-09-24,158023,0.9825,2026-09-24,0.02
2026-09-24,158025,0.9738,2026-09-24,-3.22
2026-09-24,158026,0.9792,2026-09-24,-2.47
2026-09-24,158027,0.9562,2026-09-24,-2.27
2026-09-24,158028,0.9394,2026-09-24,-2.67
2026-09-24,158030,0.9983,2026-09-24,-0.17
2026-09-24,158031,0.9854,2026-09-24,-2.5
2026-09-24,158032,0.9426,2026-09-24,-2.23
2026-09-24,158038,0.9663,2026-09-24,-2.74
2026-09-24,158039,1.0068,2026-09-24,0.5
2026-09-24,158041,1.0416,2026-09-24,-2.77
2026-09-24,158042,0.9985,2026-09-24,-0.32
2026-09-24,158046,1.0,2026-09-24,0.0
2026-09-24,158049,0.9947,2026-09-24,-2.78
2026-09-24,158050,1.0104,2026-09-24,-2.77
2026-09-24,158053,0.9835,2026-09-24,-2.73
2026-09-24,158056,0.9795,2026-09-24,-2.68
2026-09-24,158057,0.9884,2026-09-24,-2.64
2026-09-24,158059,0.9945,2026-09-24,-0.54
2026-09-24,158061,1.0464,2026-09-24,-2.77
2026-09-24,158063,0.9762,2026-09-24,-2.76
2026-09-24,159001,28.19,2026-09-24,
2026-09-24,159003,24.8,2026-09-24,
2026-09-24,159005,27.84,2026-09-24,
2026-09-24,159007,0.864,2026-09-24,-1.58
2026-09-24,159008,0.9763,2026-09-24,-1.87
2026-09-24,159009,0.8032,2026-09-24,-2.38
2026-09-24,159010,0.8793,2026-09-24,-0.33
2026-09-24,159011,1.035,2026-09-24,-1.56
2026-09-24,159012,0.8609,2026-09-24,-2.62
2026-09-24,159013,0.9675,2026-09-24,-2.25
2026-09-24,159015,0.8693,2026-09-24,-0.33
2026-09-24,159016,0.9711,2026-09-24,-1.93
2026-09-24,159017,0.9121,2026-09-24,0.41
2026-09-24,159018,0.8958,2026-09-24,0.4
2026-09-24,159019,0.9143,2026-09-24,0.4
2026-09-24,159020,0.8943,2026-09-24,-1.6
2026-09-24,159021,1.0035,2026-09-24,0.02
2026-09-24,159022,1.013,2026-09-24,-2.14
2026-09-24,159023,1.0407,2026-09-24,-1.61
2026-09-24,159025,0.9894,2026-09-24,-0.14
2026-09-24,159026,0.914,2026-09-24,0.41
2026-09-24,159027,0.8878,2026-09-24,-1.61
2026-09-24,159028,0.7034,2026-09-24,0.13
2026-09-24,159029,0.8375,2026-09-24,-3.62
2026-09-24,159030,0.8625,2026-09-24,-2.73
2026-09-24,159031,0.9561,2026-09-24,-2.68
2026-09-24,159032,0.83,2026-09-24,-3.03
2026-09-24,159033,0.9778,2026-09-24,-2.73
2026-09-24,159035,0.7917,2026-09-24,-1.9
2026-09-24,159036,0.902,2026-09-24,-2.04
2026-09-24,159037,0.9705,2026-09-24,-0.28
2026-09-24,159038,0.9262,2026-09-24,-2.71
2026-09-24,159039,0.8124,2026-09-24,-0.77
2026-09-24,159040,1.0234,2026-09-24,-0.32
2026-09-24,159041,0.9897,2026-09-24,-2.16
2026-09-24,159042,0.9717,2026-09-24,-0.28
2026-09-24,159043,0.9894,2026-09-24,-1.62
2026-09-24,159045,0.7381,2026-09-24,-2.65
2026-09-24,159046,0.9068,2026-09-24,-0.01
2026-09-24,159048,0.8385,2026-09-24,-0.78
2026-09-24,159049,0.9255,2026-09-24,-3.58
2026-09-24,159050,0.8302,2026-09-24,-0.79
2026-09-24,159051,1.0213,2026-09-24,-1.65
2026-09-24,159052,0.7805,2026-09-24,-2.23
2026-09-24,159053,0.8266,2026-09-24,-2.66
2026-09-24,159055,0.838,2026-09-24,-2.67
2026-09-24,159056,1.018,2026-09-24,-1.68
2026-09-24,159057,1.0038,2026-09-24,-1.6
2026-09-24,159058,0.9515,2026-09-24,-1.91
2026-09-24,159059,1.0037,2026-09-24,-0.03
2026-09-24,159060,1.0092,2026-09-24,-2.73
2026-09-24,159061,0.9162,2026-09-24,-0.01
2026-09-24,159062,0.7492,2026-09-24,-2.7
2026-09-24,159063,1.0304,2026-09-24,-2.74
2026-09-24,159065,0.8579,2026-09-24,-1.36
2026-09-24,159066,0.9185,2026-09-24,-1.66
2026-09-24,159067,1.0065,2026-09-24,-0.01
2026-09-24,159068,0.9649,2026-09-24,-2.07
2026-09-24,159069,0.9362,2026-09-24,-2.36
2026-09-24,159070,0.8734,2026-09-24,-1.37
2026-09-24,159071,0.7701,2026-09-24,-2.21
2026-09-24,159072,1.1065,2026-09-24,-2.72
2026-09-24,159073,1.023,2026-09-24,-2.73
2026-09-24,159075,0.8811,2026-09-24,-2.26
2026-09-24,159076,0.7817,2026-09-24,-2.39
2026-09-24,159077,0.8654,2026-09-24,-2.2
2026-09-24,159078,0.9271,2026-09-24,-1.84
2026-09-24,159079,0.9781,2026-09-24,-0.29
2026-09-24,159082,0.9362,2026-09-24,-2.23
2026-09-24,159083,0.9838,2026-09-24,-0.25
2026-09-24,159085,1.0032,2026-09-24,-0.29
2026-09-24,159086,1.0046,2026-09-24,-2.3
2026-09-24,159087,0.9755,2026-09-24,-2.23
2026-09-24,159091,1.1011,2026-09-24,0.19
2026-09-24,159093,0.9723,2026-09-24,-2.22
2026-09-24,159095,0.9306,2026-09-24,-1.84
2026-09-24,159096,0.9653,2026-09-24,-0.29
2026-09-24,159098,0.9747,2026-09-24,-0.28
2026-09-24,159099,0.9608,2026-09-24,-1.84
2026-09-24,159101,0.7104,2026-09-24,-0.45
2026-09-24,159102,0.8501,2026-09-24,-2.68
2026-09-24,159103,0.6322,2026-09-24,-2.32
2026-09-24,159105,0.9648,2026-09-24,-2.71
2026-09-24,159106,1.0043,2026-09-24,-2.44
2026-09-24,159107,0.7277,2026-09-24,-1.85
2026-09-24,159108,0.9252,2026-09-24,-1.89
2026-09-24,159109,0.8094,2026-09-24,-0.06
2026-09-24,159110,102.6743,2026-09-24,0.02
2026-09-24,159111,102.6942,2026-09-24,0.03
2026-09-24,159112,102.5445,2026-09-24,0.03
2026-09-24,159113,102.5444,2026-09-24,0.03
2026-09-24,159115,102.5493,2026-09-24,0.03
2026-09-24,159116,102.7236,2026-09-24,0.03
2026-09-24,159117,1.0026,2026-09-24,0.56
2026-09-24,159118,0.9561,2026-09-24,0.57
2026-09-24,159119,0.9285,2026-09-24,-0.63
2026-09-24,159120,0.7205,2026-09-24,-0.33
2026-09-24,159121,0.6796,2026-09-24,0.13
2026-09-24,159122,0.822,2026-09-24,-2.4
2026-09-24,159123,0.8499,2026-09-24,-2.74
2026-09-24,159125,0.6879,2026-09-24,-0.45
2026-09-24,159126,0.9252,2026-09-24,-0.15
2026-09-24,159127,0.9514,2026-09-24,0.48
2026-09-24,159128,0.6958,2026-09-24,-0.44
2026-09-24,159129,1.0077,2026-09-24,-2.26
2026-09-24,159130,0.968,2026-09-24,-2.71
2026-09-24,159131,0.981,2026-09-24,-0.61
2026-09-24,159132,0.9981,2026-09-24,-2.75
2026-09-24,159133,1.0326,2026-09-24,-2.26
2026-09-24,159135,0.7652,2026-09-24,-0.33
2026-09-24,159136,0.9717,2026-09-24,-1.71
2026-09-24,159137,1.0045,2026-09-24,-1.9
2026-09-24,159138,0.843,2026-09-24,-1.38
2026-09-24,159139,1.2677,2026-09-24,-2.13
2026-09-24,159140,1.2726,2026-09-24,-2.15
2026-09-24,159141,1.1824,2026-09-24,-2.14
2026-09-24,159142,1.2112,2026-09-24,-2.14
2026-09-24,159143,0.9703,2026-09-24,0.36
2026-09-24,159145,0.7996,2026-09-24,-1.91
2026-09-24,159146,0.9917,2026-09-24,-0.02
2026-09-24,159147,0.7741,2026-09-24,-2.2
2026-09-24,159148,0.9732,2026-09-24,0.4
2026-09-24,159149,0.7862,2026-09-24,-2.37
2026-09-24,159150,1.5182,2026-09-24,-2.24
2026-09-24,159151,0.9177,2026-09-24,-1.66
2026-09-24,159152,0.7491,2026-09-24,-0.32
2026-09-24,159153,1.1603,2026-09-24,-3.12
2026-09-24,159155,0.7758,2026-09-24,-2.19
2026-09-24,159156,0.8004,2026-09-24,-2.25
2026-09-24,159157,0.78,2026-09-24,-3.06
2026-09-24,159158,0.9831,2026-09-24,-0.03
2026-09-24,159159,1.0002,2026-09-24,0.1
2026-09-24,159160,0.7607,2026-09-24,-2.19
2026-09-24,159161,0.8729,2026-09-24,-1.36
2026-09-24,159162,0.7775,2026-09-24,-3.04
2026-09-24,159163,0.6975,2026-09-24,-3.62
2026-09-24,159165,0.8464,2026-09-24,-1.6
2026-09-24,159166,0.8389,2026-09-24,-0.53
2026-09-24,159167,0.9929,2026-09-24,-1.92
2026-09-24,159168,0.8115,2026-09-24,-3.05
2026-09-24,159169,1.0259,2026-09-24,-2.7
2026-09-24,159170,0.8133,2026-09-24,-0.16
2026-09-24,159171,0.7468,2026-09-24,-3.01
2026-09-24,159172,0.8155,2026-09-24,-1.6
2026-09-24,159173,0.8859,2026-09-24,-1.97
2026-09-24,159175,0.8245,2026-09-24,-2.18
2026-09-24,159176,0.9839,2026-09-24,-0.17
2026-09-24,159177,0.872,2026-09-24,-1.37
2026-09-24,159178,1.0162,2026-09-24,-3.15
2026-09-24,159179,0.7806,2026-09-24,-0.33
2026-09-24,159180,0.977,2026-09-24,-1.89
2026-09-24,159181,0.8737,2026-09-24,0.4
2026-09-24,159182,0.9207,2026-09-24,-0.17
2026-09-24,159183,0.7811,2026-09-24,-2.18
2026-09-24,159185,1.1157,2026-09-24,-0.61
2026-09-24,159186,0.6832,2026-09-24,0.13
2026-09-24,159187,0.7813,2026-09-24,-2.37
2026-09-24,159188,0.931,2026-09-24,-0.3
2026-09-24,159189,0.8776,2026-09-24,0.41
2026-09-24,159190,0.7786,2026-09-24,-2.38
2026-09-24,159191,0.8822,2026-09-24,-0.45
2026-09-24,159192,0.9337,2026-09-24,-0.14
2026-09-24,159193,0.7345,2026-09-24,-2.24
2026-09-24,159195,0.8908,2026-09-24,0.41
2026-09-24,159196,1.2501,2026-09-24,-0.61
2026-09-24,159197,0.89,2026-09-24,0.41
2026-09-24,159198,1.2557,2026-09-24,-0.62
2026-09-24,159199,0.887,2026-09-24,0.4
2026-09-24,159200,102.4671,2026-09-24,0.03
2026-09-24,159201,1.1517,2026-09-24,-0.54
2026-09-24,159202,0.7489,2026-09-24,0.03
2026-09-24,159203,1.295,2026-09-24,-2.4
2026-09-24,159205,1.6187,2026-09-24,-2.67
2026-09-24,159206,1.3567,2026-09-24,-1.31
2026-09-24,159207,1.1253,2026-09-24,-0.38
2026-09-24,159208,1.0501,2026-09-24,-1.67
2026-09-24,159209,1.1003,2026-09-24,-1.19
2026-09-24,159210,0.763,2026-09-24,-0.1
2026-09-24,159211,1.357,2026-09-24,-2.36
2026-09-24,159212,1.3838,2026-09-24,-2.37
2026-09-24,159213,1.1075,2026-09-24,-1.02
2026-09-24,159215,1.2617,2026-09-24,-1.95
2026-09-24,159216,1.3917,2026-09-24,-2.34
2026-09-24,159217,1.1687,2026-09-24,-3.41
2026-09-24,159218,1.3358,2026-09-24,-1.27
2026-09-24,159219,1.2885,2026-09-24,-2.35
2026-09-24,159220,0.5779,2026-09-24,0.56
2026-09-24,159221,1.145,2026-09-24,-0.56
2026-09-24,159222,1.2354,2026-09-24,-0.56
2026-09-24,159223,1.1102,2026-09-24,-0.55
2026-09-24,159225,1.2122,2026-09-24,-0.53
2026-09-24,159226,1.2417,2026-09-24,-1.96
2026-09-24,159227,1.002,2026-09-24,-1.67
2026-09-24,159228,1.0075,2026-09-24,-0.27
2026-09-24,159229,1.1497,2026-09-24,-0.66
2026-09-24,159230,0.9489,2026-09-24,-1.57
2026-09-24,159231,0.4873,2026-09-24,-1.54
2026-09-24,159232,1.145,2026-09-24,-0.87
2026-09-24,159233,1.1346,2026-09-24,-0.85
2026-09-24,159235,1.1636,2026-09-24,-0.84
2026-09-24,159236,1.1386,2026-09-24,-0.84
2026-09-24,159237,0.794,2026-09-24,-0.1
2026-09-24,159238,1.2568,2026-09-24,-1.96
2026-09-24,159239,0.7132,2026-09-24,0.14
2026-09-24,159240,1.2534,2026-09-24,-2.01
2026-09-24,159241,1.0317,2026-09-24,-1.67
2026-09-24,159242,2.1034,2026-09-24,-2.5
2026-09-24,159243,1.2717,2026-09-24,-2.49
2026-09-24,159245,0.733,2026-09-24,-0.04
2026-09-24,159246,1.1738,2026-09-24,-2.52
2026-09-24,159247,0.9892,2026-09-24,-2.66
2026-09-24,159248,1.7614,2026-09-24,-1.99
2026-09-24,159249,1.3579,2026-09-24,-1.68
2026-09-24,159251,0.7387,2026-09-24,-0.46
2026-09-24,159253,1.0007,2026-09-24,0.41
2026-09-24,159255,0.8445,2026-09-24,-1.55
2026-09-24,159256,0.8001,2026-09-24,-1.85
2026-09-24,159257,0.8431,2026-09-24,-1.53
2026-09-24,159258,1.0415,2026-09-24,-1.04
2026-09-24,159259,1.3512,2026-09-24,-3.01
2026-09-24,159260,0.8273,2026-09-24,-1.86
2026-09-24,159261,1.2714,2026-09-24,-2.37
2026-09-24,159262,0.8183,2026-09-24,-0.33
2026-09-24,159263,1.1195,2026-09-24,-0.28
2026-09-24,159265,0.7558,2026-09-24,-0.05
2026-09-24,159266,0.9911,2026-09-24,0.59
2026-09-24,159267,0.8498,2026-09-24,-1.64
2026-09-24,159268,0.728,2026-09-24,-0.04
2026-09-24,159269,0.8277,2026-09-24,-0.87
2026-09-24,159270,1.1255,2026-09-24,-2.31
2026-09-24,159271,0.9425,2026-09-24,-0.23
2026-09-24,159272,0.7836,2026-09-24,-0.8
2026-09-24,159273,1.3685,2026-09-24,-1.5
2026-09-24,159275,0.8582,2026-09-24,-1.96
2026-09-24,159276,1.0743,2026-09-24,-0.54
2026-09-24,159277,0.9801,2026-09-24,0.49
2026-09-24,159278,0.9228,2026-09-24,-0.78
2026-09-24,159279,1.4133,2026-09-24,-2.49
2026-09-24,159280,0.6683,2026-09-24,-0.16
2026-09-24,159281,0.9731,2026-09-24,0.58
2026-09-24,159283,0.8535,2026-09-24,-1.17
2026-09-24,159285,0.7251,2026-09-24,-0.04
2026-09-24,159286,0.7459,2026-09-24,-3.39
2026-09-24,159287,1.0949,2026-09-24,-2.26
2026-09-24,159288,0.9791,2026-09-24,-2.15
2026-09-24,159289,1.0677,2026-09-24,-2.31
2026-09-24,159290,1.1511,2026-09-24,-2.34
2026-09-24,159291,1.1465,2026-09-24,-2.23
2026-09-24,159292,1.1616,2026-09-24,-2.26
2026-09-24,159293,1.0556,2026-09-24,-1.95
2026-09-24,159295,1.0607,2026-09-24,-3.11
2026-09-24,159296,1.0027,2026-09-24,-0.01
2026-09-24,159297,0.7288,2026-09-24,-3.42
2026-09-24,159298,1.1438,2026-09-24,-2.77
2026-09-24,159299,0.6708,2026-09-24,-2.33
2026-09-24,159300,4.8379,2026-09-24,-1.71
2026-09-24,159301,0.9548,2026-09-24,0.1
2026-09-24,159302,1.3077,2026-09-24,0.48
2026-09-24,159303,1.6165,2026-09-24,-2.67
2026-09-24,159305,0.7575,2026-09-24,-2.25
2026-09-24,159306,1.1134,2026-09-24,-1.18
2026-09-24,159307,0.9992,2026-09-24,-0.26
2026-09-24,159309,1.4193,2026-09-24,0.43
2026-09-24,159310,2.7721,2026-09-24,-2.58
2026-09-24,159311,1.4209,2026-09-24,-2.18
2026-09-24,159312,1.1634,2026-09-24,-0.21
2026-09-24,159315,1.5722,2026-09-24,-4.04
2026-09-24,159316,1.1458,2026-09-24,-3.54
2026-09-24,159318,1.2875,2026-09-24,-0.21
2026-09-24,159320,0.6019,2026-09-24,-1.89
2026-09-24,159321,1.4689,2026-09-24,-4.03
2026-09-24,159322,1.5409,2026-09-24,-4.03
2026-09-24,159323,0.9568,2026-09-24,-0.1
2026-09-24,159325,1.0487,2026-09-24,-2.65
2026-09-24,159326,1.6295,2026-09-24,-1.9
2026-09-24,159327,1.124,2026-09-24,-2.39
2026-09-24,159328,1.0221,2026-09-24,-0.17
2026-09-24,159330,1.3955,2026-09-24,-1.68
2026-09-24,159331,1.2803,2026-09-24,0.48
2026-09-24,159332,1.2287,2026-09-24,0.21
2026-09-24,159333,1.3803,2026-09-24,0.58
2026-09-24,159335,1.4691,2026-09-24,-1.68
2026-09-24,159336,1.2141,2026-09-24,-0.07
2026-09-24,159337,1.7527,2026-09-24,-2.12
2026-09-24,159338,1.1751,2026-09-24,-1.95
2026-09-24,159339,1.1859,2026-09-24,-1.94
2026-09-24,159350,1.4803,2026-09-24,-2.25
2026-09-24,159351,1.1746,2026-09-24,-1.95
2026-09-24,159352,1.2238,2026-09-24,-1.95
2026-09-24,159353,1.1943,2026-09-24,-1.94
2026-09-24,159355,1.0387,2026-09-24,0.02
2026-09-24,159356,1.2498,2026-09-24,-1.95
2026-09-24,159357,1.2431,2026-09-24,-1.93
2026-09-24,159358,1.2728,2026-09-24,-1.94
2026-09-24,159359,1.2322,2026-09-24,-1.93
2026-09-24,159360,1.2709,2026-09-24,-1.96
2026-09-24,159361,1.1987,2026-09-24,-1.94
2026-09-24,159362,1.2618,2026-09-24,-1.95
2026-09-24,159363,1.246,2026-09-24,-2.52
2026-09-24,159365,0.9807,2026-09-24,-0.21
2026-09-24,159366,1.4989,2026-09-24,-1.92
2026-09-24,159367,1.6231,2026-09-24,-2.79
2026-09-24,159368,0.6118,2026-09-24,-2.39
2026-09-24,159369,1.3166,2026-09-24,-2.79
2026-09-24,159370,1.7098,2026-09-24,-2.79
2026-09-24,159371,1.6165,2026-09-24,-2.79
2026-09-24,159372,1.7304,2026-09-24,-2.77
2026-09-24,159373,1.6488,2026-09-24,-2.79
2026-09-24,159375,0.6891,2026-09-24,-2.79
2026-09-24,159376,1.2758,2026-09-24,-1.94
2026-09-24,159377,0.9981,2026-09-24,-2.48
2026-09-24,159378,1.0039,2026-09-24,-1.57
2026-09-24,159379,1.3166,2026-09-24,-1.94
2026-09-24,159380,1.3117,2026-09-24,-1.92
2026-09-24,159381,1.1809,2026-09-24,-2.53
2026-09-24,159382,2.6516,2026-09-24,-2.55
2026-09-24,159383,1.6124,2026-09-24,-2.74
2026-09-24,159385,1.7575,2026-09-24,-2.35
2026-09-24,159386,1.2364,2026-09-24,-1.94
2026-09-24,159387,0.6745,2026-09-24,-2.39
2026-09-24,159388,1.0203,2026-09-24,-2.52
2026-09-24,159389,1.7857,2026-09-24,-2.34
2026-09-24,159390,1.1906,2026-09-24,-1.7
2026-09-24,159391,1.1067,2026-09-24,0.01
2026-09-24,159392,0.9301,2026-09-24,-1.57
2026-09-24,159393,4.7962,2026-09-24,-1.69
2026-09-24,159395,103.846,2026-09-24,0.02
2026-09-24,159396,103.739,2026-09-24,0.02
2026-09-24,159397,103.5079,2026-09-24,0.02
2026-09-24,159398,102.8276,2026-09-24,0.02
2026-09-24,159399,0.9745,2026-09-24,-0.63
2026-09-24,159400,101.5279,2026-09-24,0.02
2026-09-24,159500,1.1493,2026-09-24,-2.15
2026-09-24,159505,1.614,2026-09-24,-2.14
2026-09-24,159506,1.2965,2026-09-24,-3.34
2026-09-24,159507,0.8872,2026-09-24,-2.61
2026-09-24,159508,0.8117,2026-09-24,-2.77
2026-09-24,159510,1.2155,2026-09-24,-0.9
2026-09-24,159511,2.3793,2026-09-24,-2.24
2026-09-24,159512,0.9995,2026-09-24,-1.18
2026-09-24,159515,1.1875,2026-09-24,-0.03
2026-09-24,159516,0.7006,2026-09-24,-2.38
2026-09-24,159517,1.3008,2026-09-24,-1.92
2026-09-24,159519,1.7848,2026-09-24,0.33
2026-09-24,159520,0.8942,2026-09-24,-0.62
2026-09-24,159521,1.2945,2026-09-24,-1.78
2026-09-24,159523,1.2171,2026-09-24,-1.85
2026-09-24,159525,1.1025,2026-09-24,0.16
2026-09-24,159526,1.3654,2026-09-24,-1.05
2026-09-24,159527,0.6904,2026-09-24,-1.74
2026-09-24,159528,1.2166,2026-09-24,-1.54
2026-09-24,159530,1.2977,2026-09-24,-0.76
2026-09-24,159531,1.5013,2026-09-24,-1.31
2026-09-24,159532,1.6915,2026-09-24,-1.49
2026-09-24,159533,1.9914,2026-09-24,-1.54
2026-09-24,159535,1.5517,2026-09-24,-1.23
2026-09-24,159536,1.4419,2026-09-24,-1.4
2026-09-24,159537,0.873,2026-09-24,-2.44
2026-09-24,159538,0.8832,2026-09-24,-2.43
2026-09-24,159539,1.7441,2026-09-24,-2.42
2026-09-24,159540,1.8771,2026-09-24,-2.41
2026-09-24,159541,1.4898,2026-09-24,-2.26
2026-09-24,159542,1.2333,2026-09-24,-1.35
2026-09-24,159543,1.5201,2026-09-24,-1.92
2026-09-24,159545,1.2885,2026-09-24,0.35
2026-09-24,159546,0.77,2026-09-24,-2.62
2026-09-24,159547,1.1968,2026-09-24,0.17
2026-09-24,159549,1.168,2026-09-24,-0.27
2026-09-24,159550,0.7617,2026-09-24,-0.83
2026-09-24,159551,1.1981,2026-09-24,-1.05
2026-09-24,159552,2.3137,2026-09-24,-1.57
2026-09-24,159553,1.8914,2026-09-24,-1.23
2026-09-24,159555,1.8404,2026-09-24,-1.38
2026-09-24,159556,1.2599,2026-09-24,-1.4
2026-09-24,159557,1.4783,2026-09-24,-2.68
2026-09-24,159558,1.1,2026-09-24,-2.36
2026-09-24,159559,1.1745,2026-09-24,-0.79
2026-09-24,159560,1.1187,2026-09-24,-2.55
2026-09-24,159562,2.0856,2026-09-24,-4.05
2026-09-24,159563,1.768,2026-09-24,-2.43
2026-09-24,159565,1.2637,2026-09-24,-1.2
2026-09-24,159566,1.6949,2026-09-24,-2.23
2026-09-24,159567,0.6964,2026-09-24,-3.39
2026-09-24,159568,1.0715,2026-09-24,-0.33
2026-09-24,159569,1.3935,2026-09-24,0.66
2026-09-24,159570,1.441,2026-09-24,-3.38
2026-09-24,159571,1.4392,2026-09-24,-2.29
2026-09-24,159572,1.4464,2026-09-24,-2.3
2026-09-24,159573,1.4551,2026-09-24,-2.29
2026-09-24,159575,1.4101,2026-09-24,-2.28
2026-09-24,159576,1.4574,2026-09-24,-2.4
2026-09-24,159578,1.1372,2026-09-24,-1.6
2026-09-24,159581,1.0448,2026-09-24,-0.23
2026-09-24,159582,0.7463,2026-09-24,-2.2
2026-09-24,159583,1.677,2026-09-24,-2.86
2026-09-24,159586,1.026,2026-09-24,-1.97
2026-09-24,159587,1.1843,2026-09-24,-2.73
2026-09-24,159588,1.2384,2026-09-24,0.41
2026-09-24,159589,1.0816,2026-09-24,-0.22
2026-09-24,159590,0.8546,2026-09-24,-2.07
2026-09-24,159591,1.3165,2026-09-24,-1.75
2026-09-24,159592,1.287,2026-09-24,-1.73
2026-09-24,159593,1.2999,2026-09-24,-1.74
2026-09-24,159595,1.3062,2026-09-24,-1.74
2026-09-24,159596,0.6238,2026-09-24,-1.72
2026-09-24,159597,0.7687,2026-09-24,-2.95
2026-09-24,159599,2.7386,2026-09-24,-2.57
2026-09-24,159600,102.0126,2026-09-24,0.03
2026-09-24,159601,1.0775,2026-09-24,-1.88
2026-09-24,159602,1.0472,2026-09-24,-1.89
2026-09-24,159603,1.6151,2026-09-24,-2.63
2026-09-24,159606,1.3246,2026-09-24,-2.22
2026-09-24,159608,0.9878,2026-09-24,-2.68
2026-09-24,159609,0.4621,2026-09-24,-2.74
2026-09-24,159610,1.2275,2026-09-24,-2.42
2026-09-24,159611,1.0245,2026-09-24,-0.03
2026-09-24,159613,0.8585,2026-09-24,-1.91
2026-09-24,159615,1.1724,2026-09-24,-2.72
2026-09-24,159616,0.751,2026-09-24,-2.07
2026-09-24,159617,1.3256,2026-09-24,-1.08
2026-09-24,159618,0.6241,2026-09-24,-2.7
2026-09-24,159619,0.8979,2026-09-24,-1.35
2026-09-24,159620,1.2218,2026-09-24,-2.45
2026-09-24,159621,1.1247,2026-09-24,-1.45
2026-09-24,159622,1.1908,2026-09-24,-2.86
2026-09-24,159623,0.9492,2026-09-24,-1.74
2026-09-24,159625,1.1931,2026-09-24,-0.01
2026-09-24,159627,1.2459,2026-09-24,-1.87
2026-09-24,159628,1.393,2026-09-24,-2.12
2026-09-24,159629,3.1677,2026-09-24,-2.26
2026-09-24,159630,1.3094,2026-09-24,-1.81
2026-09-24,159631,1.1939,2026-09-24,-1.87
2026-09-24,159633,3.2435,2026-09-24,-2.27
2026-09-24,159635,0.9531,2026-09-24,-1.35
2026-09-24,159636,0.4998,2026-09-24,-0.48
2026-09-24,159637,0.7397,2026-09-24,-2.17
2026-09-24,159638,0.8233,2026-09-24,-1.68
2026-09-24,159639,0.8865,2026-09-24,-1.74
2026-09-24,159640,0.8652,2026-09-24,-1.73
2026-09-24,159641,0.9187,2026-09-24,-1.73
2026-09-24,159642,0.8714,2026-09-24,-1.71
2026-09-24,159643,0.5465,2026-09-24,-2.39
2026-09-24,159645,0.6074,2026-09-24,-2.38
2026-09-24,159647,0.8567,2026-09-24,-1.65
2026-09-24,159649,110.4878,2026-09-24,0.02
2026-09-24,159650,108.1175,2026-09-24,0.01
2026-09-24,159651,108.1902,2026-09-24,0.01
2026-09-24,159652,1.4933,2026-09-24,-3.56
2026-09-24,159653,1.144,2026-09-24,-1.75
2026-09-24,159656,1.1642,2026-09-24,-2.5
2026-09-24,159657,0.5856,2026-09-24,-2.38
2026-09-24,159658,1.6866,2026-09-24,-2.16
2026-09-24,159661,1.3664,2026-09-24,-1.83
2026-09-24,159662,0.969,2026-09-24,-0.64
2026-09-24,159663,0.9578,2026-09-24,-2.47
2026-09-24,159665,2.3945,2026-09-24,-2.52
2026-09-24,159666,0.9724,2026-09-24,-0.49
2026-09-24,159667,0.6375,2026-09-24,-2.46
2026-09-24,159669,1.0986,2026-09-24,-0.01
2026-09-24,159670,0.8436,2026-09-24,-0.65
2026-09-24,159671,1.2135,2026-09-24,-2.68
2026-09-24,159672,0.6127,2026-09-24,-1.32
2026-09-24,159673,1.244,2026-09-24,-1.7
2026-09-24,159675,1.3835,2026-09-24,-2.58
2026-09-24,159676,1.5483,2026-09-24,-2.64
2026-09-24,159677,1.4686,2026-09-24,-2.14
2026-09-24,159678,1.5209,2026-09-24,-2.27
2026-09-24,159679,1.2869,2026-09-24,-2.29
2026-09-24,159680,1.6498,2026-09-24,-2.37
2026-09-24,159681,1.5143,2026-09-24,-2.79
2026-09-24,159682,1.4955,2026-09-24,-2.78
2026-09-24,159685,1.4692,2026-09-24,-2.11
2026-09-24,159686,1.2323,2026-09-24,-1.89
2026-09-24,159688,0.7099,2026-09-24,-0.01
2026-09-24,159689,0.6162,2026-09-24,-1.36
2026-09-24,159690,1.7901,2026-09-24,-3.59
2026-09-24,159691,1.181,2026-09-24,0.06
2026-09-24,159692,1.1638,2026-09-24,-1.92
2026-09-24,159695,0.9713,2026-09-24,-2.61
2026-09-24,159697,1.307,2026-09-24,0.4
2026-09-24,159698,0.9174,2026-09-24,-2.7
2026-09-24,159699,0.8303,2026-09-24,-0.25
2026-09-24,159700,102.0693,2026-09-24,0.03
2026-09-24,159701,1.2315,2026-09-24,-2.06
2026-09-24,159703,0.8543,2026-09-24,-2.92
2026-09-24,159706,0.8777,2026-09-24,-2.35
2026-09-24,159707,0.5049,2026-09-24,-2.9
2026-09-24,159708,0.7512,2026-09-24,-1.69
2026-09-24,159709,1.6775,2026-09-24,-1.88
2026-09-24,159711,1.3064,2026-09-24,-0.15
2026-09-24,159712,1.2164,2026-09-24,-0.15
2026-09-24,159713,1.1915,2026-09-24,-1.73
2026-09-24,159715,1.1025,2026-09-24,-1.73
2026-09-24,159716,1.0571,2026-09-24,-2.35
2026-09-24,159717,1.0055,2026-09-24,-1.76
2026-09-24,159718,0.9169,2026-09-24,-2.49
2026-09-24,159719,1.5803,2026-09-24,0.36
2026-09-24,159720,0.6519,2026-09-24,-2.12
2026-09-24,159721,0.9957,2026-09-24,-2.36
2026-09-24,159723,1.0487,2026-09-24,-1.79
2026-09-24,159725,0.7508,2026-09-24,-1.25
2026-09-24,159726,1.3511,2026-09-24,-0.04
2026-09-24,159728,0.7616,2026-09-24,-1.4
2026-09-24,159729,0.6598,2026-09-24,-0.83
2026-09-24,159730,1.0042,2026-09-24,-0.21
2026-09-24,159731,0.8924,2026-09-24,-1.69
2026-09-24,159732,1.3354,2026-09-24,-3.16
2026-09-24,159735,0.6242,2026-09-24,-0.22
2026-09-24,159736,0.5763,2026-09-24,-1.54
2026-09-24,159738,1.9823,2026-09-24,-1.47
2026-09-24,159739,0.7692,2026-09-24,-1.72
2026-09-24,159740,0.5445,2026-09-24,-0.38
2026-09-24,159741,0.5467,2026-09-24,-0.36
2026-09-24,159742,0.559,2026-09-24,-0.37
2026-09-24,159743,1.3959,2026-09-24,-1.83
2026-09-24,159745,0.5207,2026-09-24,-1.62
2026-09-24,159747,1.1226,2026-09-24,-0.66
2026-09-24,159748,0.8446,2026-09-24,-2.86
2026-09-24,159750,0.8266,2026-09-24,-0.65
2026-09-24,159751,0.8579,2026-09-24,-0.84
2026-09-24,159752,0.5431,2026-09-24,-1.95
2026-09-24,159755,0.8567,2026-09-24,-2.26
2026-09-24,159757,0.7149,2026-09-24,-2.24
2026-09-24,159758,1.0854,2026-09-24,-1.79
2026-09-24,159760,0.5728,2026-09-24,-2.52
2026-09-24,159761,0.7603,2026-09-24,-2.9
2026-09-24,159763,0.6882,2026-09-24,-2.89
2026-09-24,159766,0.5426,2026-09-24,-1.79
2026-09-24,159767,0.6981,2026-09-24,-2.23
2026-09-24,159768,0.4528,2026-09-24,-2.9
2026-09-24,159770,0.9531,2026-09-24,-1.03
2026-09-24,159773,1.2572,2026-09-24,-2.63
2026-09-24,159775,0.7115,2026-09-24,-2.24
2026-09-24,159776,1.2203,2026-09-24,-2.55
2026-09-24,159777,1.1767,2026-09-24,-2.59
2026-09-24,159778,1.1522,2026-09-24,-2.25
2026-09-24,159779,1.4415,2026-09-24,-3.02
2026-09-24,159780,1.0457,2026-09-24,-2.64
2026-09-24,159781,1.0432,2026-09-24,-2.63
2026-09-24,159782,1.0483,2026-09-24,-2.61
2026-09-24,159783,1.0503,2026-09-24,-2.63
2026-09-24,159786,1.1249,2026-09-24,-2.55
2026-09-24,159787,0.5771,2026-09-24,-1.62
2026-09-24,159788,1.2008,2026-09-24,-0.1
2026-09-24,159790,0.6465,2026-09-24,-1.49
2026-09-24,159791,1.0671,2026-09-24,-1.51
2026-09-24,159792,0.5449,2026-09-24,-0.33
2026-09-24,159793,0.7494,2026-09-24,-0.87
2026-09-24,159795,0.8584,2026-09-24,-1.62
2026-09-24,159796,0.7696,2026-09-24,-2.2
2026-09-24,159797,0.6723,2026-09-24,-1.61
2026-09-24,159798,0.8348,2026-09-24,-0.67
2026-09-24,159800,1.3803,2026-09-24,-1.76
2026-09-24,159801,1.1232,2026-09-24,-2.54
2026-09-24,159804,1.6147,2026-09-24,-2.1
2026-09-24,159805,1.1241,2026-09-24,-1.35
2026-09-24,159806,0.6448,2026-09-24,-2.17
2026-09-24,159807,0.8859,2026-09-24,-2.38
2026-09-24,159808,1.2796,2026-09-24,-2.66
2026-09-24,159810,1.3257,2026-09-24,-2.67
2026-09-24,159811,2.9943,2026-09-24,-2.93
2026-09-24,159812,8.7719,2026-09-24,-0.86
2026-09-24,159813,0.725,2026-09-24,-2.51
2026-09-24,159814,0.6859,2026-09-24,-2.82
2026-09-24,159816,114.0728,2026-09-24,0.0
2026-09-24,159819,1.7601,2026-09-24,-1.98
2026-09-24,159820,1.3302,2026-09-24,-2.17
2026-09-24,159821,1.2407,2026-09-24,-2.67
2026-09-24,159824,0.989,2026-09-24,-2.15
2026-09-24,159825,0.7118,2026-09-24,-2.17
2026-09-24,159827,0.768,2026-09-24,-2.17
2026-09-24,159828,0.4254,2026-09-24,-2.27
2026-09-24,159830,9.1839,2026-09-24,-1.18
2026-09-24,159831,8.8754,2026-09-24,-1.19
2026-09-24,159834,9.1872,2026-09-24,-1.19
2026-09-24,159835,0.6522,2026-09-24,-3.42
2026-09-24,159836,1.2255,2026-09-24,-2.59
2026-09-24,159837,0.5012,2026-09-24,-2.53
2026-09-24,159838,0.5726,2026-09-24,-2.52
2026-09-24,159839,0.3674,2026-09-24,-2.8
2026-09-24,159840,0.6929,2026-09-24,-2.27
2026-09-24,159841,0.9476,2026-09-24,-1.87
2026-09-24,159842,0.9958,2026-09-24,-1.86
2026-09-24,159843,0.5262,2026-09-24,-1.41
2026-09-24,159845,3.1561,2026-09-24,-2.27
2026-09-24,159847,0.4094,2026-09-24,-2.27
2026-09-24,159848,0.8338,2026-09-24,-1.85
2026-09-24,159849,0.5054,2026-09-24,-2.53
2026-09-24,159850,0.8038,2026-09-24,-0.1
2026-09-24,159851,0.5931,2026-09-24,-2.32
2026-09-24,159852,0.6515,2026-09-24,-1.88
2026-09-24,159855,0.7612,2026-09-24,-1.03
2026-09-24,159856,0.5553,2026-09-24,-0.84
2026-09-24,159857,0.6788,2026-09-24,-2.75
2026-09-24,159858,0.6796,2026-09-24,-3.44
2026-09-24,159859,0.395,2026-09-24,-2.83
2026-09-24,159861,0.959,2026-09-24,-1.66
2026-09-24,159862,0.5311,2026-09-24,-1.39
2026-09-24,159863,0.5328,2026-09-24,-2.72
2026-09-24,159864,0.52,2026-09-24,-2.73
2026-09-24,159865,0.5223,2026-09-24,-1.58
2026-09-24,159866,1.634,2026-09-24,0.31
2026-09-24,159867,0.5325,2026-09-24,-1.57
2026-09-24,159869,1.061,2026-09-24,-0.84
2026-09-24,159870,0.7585,2026-09-24,-2.24
2026-09-24,159871,0.8815,2026-09-24,-3.51
2026-09-24,159872,0.818,2026-09-24,-1.17
2026-09-24,159873,0.5224,2026-09-24,-1.56
2026-09-24,159875,0.5372,2026-09-24,-2.33
2026-09-24,159876,0.8985,2026-09-24,-3.51
2026-09-24,159877,0.5079,2026-09-24,-1.55
2026-09-24,159880,0.886,2026-09-24,-3.49
2026-09-24,159881,0.8423,2026-09-24,-3.52
2026-09-24,159883,0.4384,2026-09-24,-1.64
2026-09-24,159885,0.654,2026-09-24,-1.45
2026-09-24,159886,0.8131,2026-09-24,-1.93
2026-09-24,159887,1.3712,2026-09-24,0.43
2026-09-24,159888,1.0064,2026-09-24,-1.63
2026-09-24,159889,0.8695,2026-09-24,-1.63
2026-09-24,159890,1.6688,2026-09-24,-1.73
2026-09-24,159891,0.3797,2026-09-24,-1.56
2026-09-24,159892,0.8186,2026-09-24,-2.73
2026-09-24,159895,1.3571,2026-09-24,-2.07
2026-09-24,159896,1.2598,2026-09-24,-2.08
2026-09-24,159898,0.4915,2026-09-24,-1.64
2026-09-24,159899,0.6841,2026-09-24,-2.09
2026-09-24,159901,3.4092,2026-09-24,-2.37
2026-09-24,159902,4.3888,2026-09-24,-2.37
2026-09-24,159903,1.6309,2026-09-24,-2.32
2026-09-24,159905,1.5529,2026-09-24,-1.7
2026-09-24,159906,1.6191,2026-09-24,-2.87
2026-09-24,159907,1.0766,2026-09-24,-2.08
2026-09-24,159908,3.0901,2026-09-24,-2.64
2026-09-24,159909,1.2923,2026-09-24,-2.76
2026-09-24,159910,2.2714,2026-09-24,-1.52
2026-09-24,159912,1.8359,2026-09-24,-2.34
2026-09-24,159913,2.345,2026-09-24,-1.39
2026-09-24,159915,3.3095,2026-09-24,-2.68
2026-09-24,159916,4.9306,2026-09-24,-1.48
2026-09-24,159918,2.439,2026-09-24,-2.27
2026-09-24,159919,4.711,2026-09-24,-1.7
2026-09-24,159920,1.4654,2026-09-24,-0.28
2026-09-24,159922,3.1046,2026-09-24,-2.16
2026-09-24,159923,2.0737,2026-09-24,-1.84
2026-09-24,159925,4.5867,2026-09-24,-1.72
2026-09-24,159928,0.6473,2026-09-24,-1.36
2026-09-24,159929,1.3033,2026-09-24,-2.43
2026-09-24,159930,1.7022,2026-09-24,0.78
2026-09-24,159931,1.8607,2026-09-24,-0.6
2026-09-24,159933,2.9025,2026-09-24,-0.52
2026-09-24,159934,9.2004,2026-09-24,-0.86
2026-09-24,159935,2.4087,2026-09-24,-2.13
2026-09-24,159936,1.8662,2026-09-24,-0.59
2026-09-24,159937,8.7859,2026-09-24,-0.86
2026-09-24,159938,0.6376,2026-09-24,-2.54
2026-09-24,159939,1.0911,2026-09-24,-2.78
2026-09-24,159940,1.2141,2026-09-24,-0.63
2026-09-24,159943,1.4776,2026-09-24,-2.29
2026-09-24,159944,1.401,2026-09-24,-3.0
2026-09-24,159945,1.3657,2026-09-24,0.69
2026-09-24,159948,3.6546,2026-09-24,-2.68
2026-09-24,159949,1.536,2026-09-24,-2.8
2026-09-24,159952,2.0087,2026-09-24,-2.68
2026-09-24,159954,0.906,2026-09-24,-0.03
2026-09-24,159956,2.095,2026-09-24,-2.67
2026-09-24,159957,2.1676,2026-09-24,-2.68
2026-09-24,159958,2.0005,2026-09-24,-2.68
2026-09-24,159959,1.6136,2026-09-24,-1.12
2026-09-24,159960,0.8382,2026-09-24,-0.01
2026-09-24,159961,2.0947,2026-09-24,-2.34
2026-09-24,159964,2.165,2026-09-24,-2.67
2026-09-24,159965,1.6032,2026-09-24,-0.9
2026-09-24,159966,0.5057,2026-09-24,-2.26
2026-09-24,159967,0.7698,2026-09-24,-3.02
2026-09-24,159968,10.0376,2026-09-24,-2.14
2026-09-24,159970,0.9779,2026-09-24,-2.33
2026-09-24,159971,1.1506,2026-09-24,-2.68
2026-09-24,159972,119.8666,2026-09-24,0.03
2026-09-24,159973,1.808,2026-09-24,-2.35
2026-09-24,159974,1.755,2026-09-24,-0.89
2026-09-24,159975,0.7168,2026-09-24,-2.34
2026-09-24,159976,1.2662,2026-09-24,-1.45
2026-09-24,159977,1.7164,2026-09-24,-2.68
2026-09-24,159980,2.1786,2026-09-24,-0.3
2026-09-24,159981,1.7268,2026-09-24,1.39
2026-09-24,159982,2.0623,2026-09-24,-2.04
2026-09-24,159985,2.2405,2026-09-24,-0.26
2026-09-24,159991,0.7841,2026-09-24,-2.79
2026-09-24,159992,0.8407,2026-09-24,-3.4
2026-09-24,159993,1.128,2026-09-24,-1.83
2026-09-24,159994,1.2709,2026-09-24,-3.19
2026-09-24,159995,1.1315,2026-09-24,-2.54
2026-09-24,159996,1.413,2026-09-24,-0.18
2026-09-24,159997,2.066,2026-09-24,-2.82
2026-09-24,159998,0.9344,2026-09-24,-1.66
2026-09-24,510010,1.733,2026-09-24,-0.97
2026-09-24,510020,3.8473,2026-09-24,-1.22
2026-09-24,510030,1.067,2026-09-24,-0.09
2026-09-24,510040,1.1367,2026-09-24,-1.41
2026-09-24,510050,2.9574,2026-09-24,-1.45
2026-09-24,510060,2.6253,2026-09-24,-0.24
2026-09-24,510090,2.4956,2026-09-24,-1.21
2026-09-24,510100,2.9136,2026-09-24,-1.44
2026-09-24,510130,7.2113,2026-09-24,-1.15
2026-09-24,510140,1.031,2026-09-24,-1.17
2026-09-24,510150,0.4882,2026-09-24,-1.67
2026-09-24,510160,0.8869,2026-09-24,-0.91
2026-09-24,510170,1.322,2026-09-24,-2.36
2026-09-24,510180,3.8677,2026-09-24,-1.46
2026-09-24,510190,4.2219,2026-09-24,-1.41
2026-09-24,510200,1.1411,2026-09-24,-1.83
2026-09-24,510210,1.0003,2026-09-24,-1.11
2026-09-24,510230,1.3231,2026-09-24,-0.38
2026-09-24,510270,1.5049,2026-09-24,-1.14
2026-09-24,510290,2.6021,2026-09-24,-2.02
2026-09-24,510300,4.5127,2026-09-24,-1.69
2026-09-24,510310,4.3828,2026-09-24,-1.69
2026-09-24,510320,1.2132,2026-09-24,-1.66
2026-09-24,510330,4.7054,2026-09-24,-1.7
2026-09-24,510350,4.7497,2026-09-24,-1.7
2026-09-24,510360,1.7266,2026-09-24,-1.7
2026-09-24,510370,0.9991,2026-09-24,-1.69
2026-09-24,510380,1.3456,2026-09-24,-1.7
2026-09-24,510390,5.1212,2026-09-24,-1.71
2026-09-24,510410,1.875,2026-09-24,-2.08
2026-09-24,510500,7.6568,2026-09-24,-2.15
2026-09-24,510510,2.4855,2026-09-24,-2.13
2026-09-24,510530,8.6354,2026-09-24,-2.18
2026-09-24,510550,1.9661,2026-09-24,-2.13
2026-09-24,510560,1.9172,2026-09-24,-2.13
2026-09-24,510570,1.2061,2026-09-24,-2.12
2026-09-24,510580,4.0262,2026-09-24,-2.16
2026-09-24,510590,8.3266,2026-09-24,-2.17
2026-09-24,510600,3.7882,2026-09-24,-1.41
2026-09-24,510630,0.7896,2026-09-24,-1.34
2026-09-24,510650,2.9182,2026-09-24,-0.36
2026-09-24,510660,2.4462,2026-09-24,-2.67
2026-09-24,510670,0.9734,2026-09-24,-1.49
2026-09-24,510680,3.1199,2026-09-24,-1.43
2026-09-24,510710,4.225,2026-09-24,-1.43
2026-09-24,510720,1.0385,2026-09-24,0.01
2026-09-24,510760,1.3358,2026-09-24,-1.19
2026-09-24,510770,0.8803,2026-09-24,-3.54
2026-09-24,510800,1.3687,2026-09-24,-1.42
2026-09-24,510810,0.8302,2026-09-24,-1.32
2026-09-24,510850,3.5068,2026-09-24,-1.45
2026-09-24,510880,3.3563,2026-09-24,0.09
2026-09-24,510900,1.0266,2026-09-24,-0.07
2026-09-24,510910,0.9761,2026-09-24,-1.26
2026-09-24,510950,0.974,2026-09-24,-1.44
2026-09-24,510980,1.3929,2026-09-24,-1.2
2026-09-24,510990,1.0344,2026-09-24,-1.47
2026-09-24,511010,140.694,2026-09-24,0.02
2026-09-24,511020,118.4681,2026-09-24,0.05
2026-09-24,511030,108.5395,2026-09-24,0.02
2026-09-24,511060,108.7451,2026-09-24,0.03
2026-09-24,511070,103.2469,2026-09-24,0.03
2026-09-24,511090,120.4698,2026-09-24,0.5
2026-09-24,511100,111.3109,2026-09-24,0.19
2026-09-24,511110,103.5614,2026-09-24,0.04
2026-09-24,511120,102.2558,2026-09-24,0.03
2026-09-24,511130,109.9135,2026-09-24,0.54
2026-09-24,511150,102.5203,2026-09-24,0.01
2026-09-24,511160,102.1405,2026-09-24,0.0
2026-09-24,511180,12.0592,2026-09-24,-1.03
2026-09-24,511190,103.1372,2026-09-24,0.03
2026-09-24,511200,103.6377,2026-09-24,0.02
2026-09-24,511220,10.4364,2026-09-24,0.01
2026-09-24,511260,134.881,2026-09-24,0.05
2026-09-24,511270,121.4966,2026-09-24,0.04
2026-09-24,511360,113.9655,2026-09-24,0.0
2026-09-24,511380,13.1206,2026-09-24,-1.32
2026-09-24,511520,118.7859,2026-09-24,0.07
2026-09-24,511580,109.7681,2026-09-24,0.01
2026-09-24,511600,23.6,2026-09-24,
2026-09-24,511650,26.4,2026-09-24,
2026-09-24,511800,29.26,2026-09-24,
2026-09-24,511820,24.39,2026-09-24,
2026-09-24,511830,29.73,2026-09-24,
2026-09-24,511850,31.98,2026-09-24,
2026-09-24,511900,24.59,2026-09-24,
2026-09-24,511930,26.95,2026-09-24,
2026-09-24,511970,23.31,2026-09-24,
2026-09-24,511980,23.96,2026-09-24,
2026-09-24,512000,0.4998,2026-09-24,-1.88
2026-09-24,512010,0.3749,2026-09-24,-2.34
2026-09-24,512020,1.2503,2026-09-24,-1.94
2026-09-24,512030,1.0552,2026-09-24,-2.16
2026-09-24,512040,1.1879,2026-09-24,-0.8
2026-09-24,512050,1.1707,2026-09-24,-1.94
2026-09-24,512060,1.1576,2026-09-24,-1.86
2026-09-24,512070,0.7725,2026-09-24,-1.71
2026-09-24,512080,1.2561,2026-09-24,-1.91
2026-09-24,512090,1.9376,2026-09-24,-1.88
2026-09-24,512100,3.0766,2026-09-24,-2.27
2026-09-24,512120,0.4577,2026-09-24,-2.78
2026-09-24,512130,1.1104,2026-09-24,-0.81
2026-09-24,512140,0.9004,2026-09-24,-0.02
2026-09-24,512150,1.8451,2026-09-24,-1.55
2026-09-24,512160,1.4864,2026-09-24,-1.88
2026-09-24,512170,0.341,2026-09-24,-2.26
2026-09-24,512180,1.6472,2026-09-24,-1.81
2026-09-24,512190,2.7883,2026-09-24,-1.4
2026-09-24,512200,1.2568,2026-09-24,-2.5
2026-09-24,512220,3.8383,2026-09-24,-3.0
2026-09-24,512240,1.1017,2026-09-24,-1.7
2026-09-24,512250,1.1611,2026-09-24,-1.73
2026-09-24,512260,1.8486,2026-09-24,-1.57
2026-09-24,512290,1.028,2026-09-24,-2.8
2026-09-24,512330,1.8725,2026-09-24,-2.6
2026-09-24,512360,1.7318,2026-09-24,-1.88
2026-09-24,512370,1.1734,2026-09-24,-1.89
2026-09-24,512380,1.5605,2026-09-24,-1.82
2026-09-24,512400,1.6564,2026-09-24,-3.57
2026-09-24,512410,1.116,2026-09-24,0.43
2026-09-24,512420,0.8985,2026-09-24,-1.36
2026-09-24,512430,0.8979,2026-09-24,-0.73
2026-09-24,512450,0.8793,2026-09-24,-1.61
2026-09-24,512460,0.7686,2026-09-24,-2.18
2026-09-24,512470,0.9669,2026-09-24,-3.04
2026-09-24,512480,1.0226,2026-09-24,-2.56
2026-09-24,512500,4.3319,2026-09-24,-2.14
2026-09-24,512510,2.3002,2026-09-24,-2.15
2026-09-24,512520,1.4247,2026-09-24,-1.83
2026-09-24,512530,1.631,2026-09-24,0.18
2026-09-24,512550,1.7657,2026-09-24,-1.59
2026-09-24,512560,0.7129,2026-09-24,-1.87
2026-09-24,512570,1.052,2026-09-24,-1.83
2026-09-24,512580,1.1043,2026-09-24,-1.65
2026-09-24,512600,0.5576,2026-09-24,-1.36
2026-09-24,512620,0.8673,2026-09-24,-2.18
2026-09-24,512630,1.0959,2026-09-24,-1.29
2026-09-24,512640,2.3822,2026-09-24,-0.59
2026-09-24,512650,1.3236,2026-09-24,-1.92
2026-09-24,512660,1.13,2026-09-24,-1.86
2026-09-24,512670,0.7699,2026-09-24,-1.94
2026-09-24,512680,1.1575,2026-09-24,-1.87
2026-09-24,512690,0.4082,2026-09-24,-1.71
2026-09-24,512700,1.4989,2026-09-24,0.43
2026-09-24,512710,0.6233,2026-09-24,-1.7
2026-09-24,512720,1.1229,2026-09-24,-1.64
2026-09-24,512730,1.7173,2026-09-24,0.42
2026-09-24,512740,0.9811,2026-09-24,-1.2
2026-09-24,512750,1.4302,2026-09-24,-0.45
2026-09-24,512760,1.0812,2026-09-24,-2.56
2026-09-24,512770,2.5076,2026-09-24,-2.96
2026-09-24,512800,0.8373,2026-09-24,0.43
2026-09-24,512810,0.6563,2026-09-24,-1.84
2026-09-24,512820,1.4701,2026-09-24,0.43
2026-09-24,512870,1.4172,2026-09-24,-1.7
2026-09-24,512880,1.0453,2026-09-24,-1.88
2026-09-24,512890,1.1831,2026-09-24,0.2
2026-09-24,512900,1.0353,2026-09-24,-1.78
2026-09-24,512910,1.2711,2026-09-24,-1.87
2026-09-24,512930,0.6239,2026-09-24,-1.98
2026-09-24,512940,0.7642,2026-09-24,-3.62
2026-09-24,512950,1.4899,2026-09-24,-1.14
2026-09-24,512960,1.4423,2026-09-24,-1.13
2026-09-24,512970,1.4485,2026-09-24,-2.22
2026-09-24,512980,0.8027,2026-09-24,-1.35
2026-09-24,512990,1.9831,2026-09-24,-1.86
2026-09-24,513000,2.1904,2026-09-24,0.21
2026-09-24,513010,0.5693,2026-09-24,-0.37
2026-09-24,513020,0.9198,2026-09-24,-0.87
2026-09-24,513040,0.8761,2026-09-24,-0.33
2026-09-24,513060,0.5838,2026-09-24,-2.65
2026-09-24,513070,1.0256,2026-09-24,-0.22
2026-09-24,513090,1.7881,2026-09-24,-1.91
2026-09-24,513120,1.331,2026-09-24,-2.89
2026-09-24,513130,0.5429,2026-09-24,-0.15
2026-09-24,513140,1.7291,2026-09-24,-0.09
2026-09-24,513150,0.9313,2026-09-24,-0.86
2026-09-24,513160,0.9282,2026-09-24,-0.22
2026-09-24,513170,1.6003,2026-09-24,0.21
2026-09-24,513180,0.5514,2026-09-24,-0.36
2026-09-24,513190,1.8599,2026-09-24,0.19
2026-09-24,513200,1.0928,2026-09-24,-2.55
2026-09-24,513210,1.4787,2026-09-24,-0.26
2026-09-24,513230,0.8089,2026-09-24,-0.23
2026-09-24,513240,1.0362,2026-09-24,-0.61
2026-09-24,513260,1.0607,2026-09-24,-0.38
2026-09-24,513280,1.1566,2026-09-24,-2.72
2026-09-24,513310,4.6208,2026-09-24,-1.52
2026-09-24,513320,1.0422,2026-09-24,-0.52
2026-09-24,513330,0.3482,2026-09-24,0.0
2026-09-24,513380,0.4993,2026-09-24,-0.36
2026-09-24,513520,2.1737,2026-09-24,0.42
2026-09-24,513530,1.5654,2026-09-24,0.49
2026-09-24,513550,1.1046,2026-09-24,-0.15
2026-09-24,513560,1.0938,2026-09-24,-0.85
2026-09-24,513580,0.549,2026-09-24,-0.38
2026-09-24,513590,0.7227,2026-09-24,-0.22
2026-09-24,513600,2.7142,2026-09-24,-0.24
2026-09-24,513620,1.1399,2026-09-24,-1.92
2026-09-24,513630,1.5706,2026-09-24,0.57
2026-09-24,513660,1.477,2026-09-24,-0.24
2026-09-24,513690,1.1334,2026-09-24,0.3
2026-09-24,513700,0.6493,2026-09-24,-2.51
2026-09-24,513720,0.6178,2026-09-24,-0.34
2026-09-24,513750,1.5157,2026-09-24,-0.73
2026-09-24,513770,0.3342,2026-09-24,-0.3
2026-09-24,513780,1.7237,2026-09-24,-2.86
2026-09-24,513800,1.8833,2026-09-24,-0.21
2026-09-24,513810,1.7522,2026-09-24,0.3
2026-09-24,513820,1.2235,2026-09-24,0.48
2026-09-24,513830,1.1892,2026-09-24,0.48
2026-09-24,513860,0.5904,2026-09-24,-0.87
2026-09-24,513880,2.032,2026-09-24,0.1
2026-09-24,513890,0.8428,2026-09-24,-0.35
2026-09-24,513900,0.9652,2026-09-24,-0.44
2026-09-24,513910,1.589,2026-09-24,0.59
2026-09-24,513920,1.5782,2026-09-24,0.36
2026-09-24,513930,1.0736,2026-09-24,-2.68
2026-09-24,513950,1.2394,2026-09-24,0.36
2026-09-24,513970,0.7644,2026-09-24,-0.26
2026-09-24,513980,0.5891,2026-09-24,-0.87
2026-09-24,513990,1.0944,2026-09-24,-0.36
2026-09-24,515000,1.256,2026-09-24,-2.81
2026-09-24,515010,1.2037,2026-09-24,-1.87
2026-09-24,515020,1.7945,2026-09-24,0.43
2026-09-24,515030,1.4717,2026-09-24,-2.18
2026-09-24,515040,0.982,2026-09-24,-3.03
2026-09-24,515050,1.0363,2026-09-24,-3.2
2026-09-24,515060,0.6047,2026-09-24,-2.48
2026-09-24,515070,1.1125,2026-09-24,-1.98
2026-09-24,515080,1.5403,2026-09-24,-0.23
2026-09-24,515090,1.322,2026-09-24,-1.68
2026-09-24,515100,1.3872,2026-09-24,-0.27
2026-09-24,515110,1.5972,2026-09-24,-1.17
2026-09-24,515120,0.6294,2026-09-24,-3.44
2026-09-24,515130,1.4938,2026-09-24,-1.68
2026-09-24,515150,1.5133,2026-09-24,-1.18
2026-09-24,515160,1.5765,2026-09-24,-1.85
2026-09-24,515170,0.4542,2026-09-24,-1.41
2026-09-24,515180,1.4096,2026-09-24,-0.23
2026-09-24,515190,1.6068,2026-09-24,-2.14
2026-09-24,515200,2.3769,2026-09-24,-2.33
2026-09-24,515210,1.1215,2026-09-24,-0.9
2026-09-24,515220,1.2666,2026-09-24,0.32
2026-09-24,515230,0.6675,2026-09-24,-2.08
2026-09-24,515250,0.9183,2026-09-24,-1.65
2026-09-24,515260,0.8273,2026-09-24,-2.85
2026-09-24,515290,1.5042,2026-09-24,0.43
2026-09-24,515300,1.3052,2026-09-24,0.21
2026-09-24,515310,1.3412,2026-09-24,-1.7
2026-09-24,515320,1.4952,2026-09-24,-2.85
2026-09-24,515330,1.2972,2026-09-24,-1.7
2026-09-24,515350,6.0506,2026-09-24,-1.69
2026-09-24,515360,6.562,2026-09-24,-1.7
2026-09-24,515370,0.7587,2026-09-24,-2.74
2026-09-24,515380,5.2483,2026-09-24,-1.7
2026-09-24,515390,1.3162,2026-09-24,-1.72
2026-09-24,515400,0.834,2026-09-24,-1.57
2026-09-24,515440,0.9835,2026-09-24,-1.73
2026-09-24,515450,1.3902,2026-09-24,0.2
2026-09-24,515460,0.8827,2026-09-24,-1.2
2026-09-24,515470,0.9771,2026-09-24,-1.99
2026-09-24,515480,1.0491,2026-09-24,-0.27
2026-09-24,515530,4.2214,2026-09-24,-2.16
2026-09-24,515540,0.9999,2026-09-24,-0.01
2026-09-24,515550,1.7206,2026-09-24,-2.05
2026-09-24,515560,0.9595,2026-09-24,-1.97
2026-09-24,515580,1.3364,2026-09-24,-2.44
2026-09-24,515590,1.867,2026-09-24,-1.85
2026-09-24,515600,1.6473,2026-09-24,-0.91
2026-09-24,515630,1.2305,2026-09-24,-1.76
2026-09-24,515640,0.9493,2026-09-24,-0.18
2026-09-24,515650,1.0388,2026-09-24,-0.69
2026-09-24,515660,5.647,2026-09-24,-1.7
2026-09-24,515680,1.6551,2026-09-24,-0.91
2026-09-24,515700,1.9685,2026-09-24,-2.21
2026-09-24,515710,0.486,2026-09-24,-1.4
2026-09-24,515720,0.6673,2026-09-24,-2.34
2026-09-24,515730,0.8396,2026-09-24,-0.76
2026-09-24,515750,1.9732,2026-09-24,-2.06
2026-09-24,515760,1.3429,2026-09-24,-0.83
2026-09-24,515770,1.365,2026-09-24,-1.86
2026-09-24,515790,0.7926,2026-09-24,-2.72
2026-09-24,515800,1.2458,2026-09-24,-1.84
2026-09-24,515810,1.6646,2026-09-24,-1.86
2026-09-24,515840,1.0241,2026-09-24,-1.67
2026-09-24,515850,1.3047,2026-09-24,-1.87
2026-09-24,515860,2.0676,2026-09-24,-2.69
2026-09-24,515880,0.6785,2026-09-24,-3.1
2026-09-24,515890,1.452,2026-09-24,-0.23
2026-09-24,515900,1.6266,2026-09-24,-0.88
2026-09-24,515910,0.6628,2026-09-24,-2.33
2026-09-24,515920,1.1791,2026-09-24,-2.08
2026-09-24,515940,0.9981,2026-09-24,-1.89
2026-09-24,515950,0.9254,2026-09-24,-2.59
2026-09-24,515960,0.8177,2026-09-24,-2.69
2026-09-24,515970,0.7863,2026-09-24,-1.4
2026-09-24,515980,1.0116,2026-09-24,-1.79
2026-09-24,515990,1.4796,2026-09-24,-1.17
2026-09-24,516000,0.9176,2026-09-24,-1.58
2026-09-24,516010,1.0528,2026-09-24,-0.85
2026-09-24,516020,0.8107,2026-09-24,-2.23
2026-09-24,516040,0.9861,2026-09-24,-0.23
2026-09-24,516050,1.3593,2026-09-24,-2.84
2026-09-24,516060,0.5879,2026-09-24,-3.42
2026-09-24,516070,0.5334,2026-09-24,-1.48
2026-09-24,516080,0.6719,2026-09-24,-3.42
2026-09-24,516090,0.4501,2026-09-24,-2.3
2026-09-24,516100,0.9948,2026-09-24,-2.33
2026-09-24,516110,1.0676,2026-09-24,-0.8
2026-09-24,516120,0.8298,2026-09-24,-2.25
2026-09-24,516130,0.6631,2026-09-24,-0.63
2026-09-24,516150,1.6296,2026-09-24,-1.72
2026-09-24,516160,2.2636,2026-09-24,-2.33
2026-09-24,516180,0.6559,2026-09-24,-2.73
2026-09-24,516190,0.9734,2026-09-24,-1.38
2026-09-24,516200,1.0,2026-09-24,-1.86
2026-09-24,516210,1.4271,2026-09-24,0.42
2026-09-24,516220,0.8499,2026-09-24,-2.22
2026-09-24,516230,0.7333,2026-09-24,-2.73
2026-09-24,516250,0.878,2026-09-24,-1.37
2026-09-24,516260,1.3301,2026-09-24,-2.08
2026-09-24,516270,0.5235,2026-09-24,-1.93
2026-09-24,516290,0.4915,2026-09-24,-2.73
2026-09-24,516300,3.1989,2026-09-24,-2.24
2026-09-24,516310,1.3875,2026-09-24,0.43
2026-09-24,516320,0.854,2026-09-24,-1.99
2026-09-24,516330,1.5341,2026-09-24,-2.01
2026-09-24,516350,1.6057,2026-09-24,-2.57
2026-09-24,516360,0.979,2026-09-24,-2.89
2026-09-24,516370,0.9031,2026-09-24,-0.02
2026-09-24,516380,0.7938,2026-09-24,-2.12
2026-09-24,516390,0.7824,2026-09-24,-2.2
2026-09-24,516440,0.8796,2026-09-24,-1.38
2026-09-24,516460,1.1729,2026-09-24,-0.65
2026-09-24,516500,0.6428,2026-09-24,-2.53
2026-09-24,516510,1.6259,2026-09-24,-1.72
2026-09-24,516520,1.0344,2026-09-24,-1.64
2026-09-24,516530,1.0183,2026-09-24,-0.22
2026-09-24,516550,0.6734,2026-09-24,-1.87
2026-09-24,516560,0.7335,2026-09-24,-1.98
2026-09-24,516570,0.9755,2026-09-24,-1.69
2026-09-24,516580,0.5329,2026-09-24,-2.27
2026-09-24,516590,0.9999,2026-09-24,-2.12
2026-09-24,516600,0.5981,2026-09-24,-1.29
2026-09-24,516610,0.4251,2026-09-24,-1.55
2026-09-24,516620,0.8604,2026-09-24,-1.04
2026-09-24,516630,1.5892,2026-09-24,-1.73
2026-09-24,516640,1.418,2026-09-24,-2.58
2026-09-24,516650,1.6864,2026-09-24,-3.58
2026-09-24,516660,0.8923,2026-09-24,-2.16
2026-09-24,516670,0.5881,2026-09-24,-1.59
2026-09-24,516700,0.8684,2026-09-24,-1.55
2026-09-24,516710,0.7142,2026-09-24,-2.9
2026-09-24,516720,1.1135,2026-09-24,-1.63
2026-09-24,516730,0.9478,2026-09-24,-1.91
2026-09-24,516750,0.5673,2026-09-24,-1.63
2026-09-24,516760,0.5622,2026-09-24,-1.58
2026-09-24,516770,1.1164,2026-09-24,-0.83
2026-09-24,516780,0.7975,2026-09-24,-1.73
2026-09-24,516790,0.5115,2026-09-24,-1.48
2026-09-24,516800,0.95,2026-09-24,-2.43
2026-09-24,516810,0.734,2026-09-24,-2.17
2026-09-24,516820,0.3425,2026-09-24,-2.59
2026-09-24,516830,0.9966,2026-09-24,-1.5
2026-09-24,516840,0.7215,2026-09-24,-1.18
2026-09-24,516850,0.8328,2026-09-24,-2.31
2026-09-24,516860,1.0237,2026-09-24,-2.29
2026-09-24,516880,0.6761,2026-09-24,-2.73
2026-09-24,516890,0.7403,2026-09-24,-2.87
2026-09-24,516900,0.4801,2026-09-24,-1.3
2026-09-24,516910,1.183,2026-09-24,-0.21
2026-09-24,516920,1.3765,2026-09-24,-2.56
2026-09-24,516930,0.4987,2026-09-24,-2.48
2026-09-24,516950,0.9908,2026-09-24,-1.33
2026-09-24,516960,0.7941,2026-09-24,-1.87
2026-09-24,516970,1.0782,2026-09-24,-1.56
2026-09-24,516980,1.0274,2026-09-24,-1.94
2026-09-24,517000,0.9787,2026-09-24,-1.13
2026-09-24,517010,1.0924,2026-09-24,-1.18
2026-09-24,517030,1.1064,2026-09-24,-1.3
2026-09-24,517050,0.635,2026-09-24,-0.83
2026-09-24,517080,0.9701,2026-09-24,-1.14
2026-09-24,517090,1.5719,2026-09-24,0.36
2026-09-24,517100,0.9888,2026-09-24,-1.17
2026-09-24,517110,0.7935,2026-09-24,-2.9
2026-09-24,517120,0.7643,2026-09-24,-2.71
2026-09-24,517130,0.9267,2026-09-24,-1.48
2026-09-24,517160,0.9361,2026-09-24,-1.63
2026-09-24,517170,0.9799,2026-09-24,-1.11
2026-09-24,517180,1.4877,2026-09-24,0.38
2026-09-24,517200,0.5591,2026-09-24,-0.83
2026-09-24,517230,0.9475,2026-09-24,-1.49
2026-09-24,517300,0.9258,2026-09-24,-1.29
2026-09-24,517330,0.9465,2026-09-24,-1.63
2026-09-24,517350,0.9024,2026-09-24,-1.88
2026-09-24,517360,0.9222,2026-09-24,-1.46
2026-09-24,517380,0.8733,2026-09-24,-2.91
2026-09-24,517390,1.8716,2026-09-24,-1.48
2026-09-24,517400,1.5137,2026-09-24,-4.05
2026-09-24,517520,1.9171,2026-09-24,-4.07
2026-09-24,517550,0.6325,2026-09-24,-0.28
2026-09-24,517660,1.2323,2026-09-24,-1.67
2026-09-24,517770,0.8398,2026-09-24,-1.36
2026-09-24,517800,0.9817,2026-09-24,-1.68
2026-09-24,517850,1.2524,2026-09-24,-2.2
2026-09-24,517880,0.7069,2026-09-24,-0.44
2026-09-24,517900,1.5836,2026-09-24,0.65
2026-09-24,517950,1.1506,2026-09-24,-2.19
2026-09-24,517990,0.9018,2026-09-24,-2.28
2026-09-24,518600,9.161,2026-09-24,-1.18
2026-09-24,518660,8.8379,2026-09-24,-0.86
2026-09-24,518680,9.2113,2026-09-24,-1.19
2026-09-24,518800,9.2326,2026-09-24,-0.86
2026-09-24,518850,8.8992,2026-09-24,-0.86
2026-09-24,518860,8.8088,2026-09-24,-1.18
2026-09-24,518880,8.8065,2026-09-24,-0.86
2026-09-24,518890,8.8071,2026-09-24,-1.19
2026-09-24,520500,1.3912,2026-09-24,-3.83
2026-09-24,520510,0.9829,2026-09-24,-1.94
2026-09-24,520520,0.8882,2026-09-24,-0.26
2026-09-24,520530,0.7869,2026-09-24,-0.88
2026-09-24,520550,1.0749,2026-09-24,0.35
2026-09-24,520560,0.8057,2026-09-24,0.16
2026-09-24,520570,0.6961,2026-09-24,-0.33
2026-09-24,520590,0.7454,2026-09-24,-0.37
2026-09-24,520600,0.9345,2026-09-24,-0.19
2026-09-24,520610,0.9354,2026-09-24,0.58
2026-09-24,520620,0.759,2026-09-24,-0.25
2026-09-24,520630,0.6295,2026-09-24,-0.33
2026-09-24,520650,0.5647,2026-09-24,-0.34
2026-09-24,520660,0.9948,2026-09-24,0.62
2026-09-24,520670,0.7459,2026-09-24,-0.33
2026-09-24,520680,0.7485,2026-09-24,-0.11
2026-09-24,520690,0.7355,2026-09-24,-3.53
2026-09-24,520700,1.66,2026-09-24,-2.87
2026-09-24,520710,0.9192,2026-09-24,-0.63
2026-09-24,520720,0.6866,2026-09-24,-0.1
2026-09-24,520730,0.711,2026-09-24,0.13
2026-09-24,520740,0.8692,2026-09-24,-0.33
2026-09-24,520750,0.9128,2026-09-24,-0.62
2026-09-24,520760,1.0039,2026-09-24,-2.7
2026-09-24,520770,0.9221,2026-09-24,-0.22
2026-09-24,520780,0.7538,2026-09-24,-0.09
2026-09-24,520790,0.78,2026-09-24,-0.34
2026-09-24,520810,1.0118,2026-09-24,0.49
2026-09-24,520820,0.9118,2026-09-24,-0.21
2026-09-24,520840,0.7369,2026-09-24,-0.34
2026-09-24,520850,0.9332,2026-09-24,-1.92
2026-09-24,520860,0.7626,2026-09-24,-0.87
2026-09-24,520880,0.4536,2026-09-24,-3.53
2026-09-24,520890,1.3179,2026-09-24,0.34
2026-09-24,520900,1.0001,2026-09-24,0.6
2026-09-24,520910,0.5985,2026-09-24,-0.33
2026-09-24,520920,0.6448,2026-09-24,-0.37
2026-09-24,520930,1.0017,2026-09-24,-2.72
2026-09-24,520940,0.9884,2026-09-24,-0.21
2026-09-24,520950,0.8321,2026-09-24,-0.06
2026-09-24,520960,0.8956,2026-09-24,-0.22
2026-09-24,520970,0.9282,2026-09-24,-2.88
2026-09-24,520980,0.8368,2026-09-24,-0.23
2026-09-24,520990,0.9893,2026-09-24,0.61
2026-09-24,526000,1.2045,2026-09-24,-0.61
2026-09-24,526010,1.0749,2026-09-24,-1.9
2026-09-24,526030,0.8846,2026-09-24,-0.61
2026-09-24,526050,1.0893,2026-09-24,-0.6
2026-09-24,526060,1.0007,2026-09-24,-0.62
2026-09-24,526070,0.9745,2026-09-24,-0.23
2026-09-24,530000,1.3573,2026-09-24,-1.45
2026-09-24,530050,1.1633,2026-09-24,-1.43
2026-09-24,530060,0.9903,2026-09-24,-1.11
2026-09-24,530080,1.2037,2026-09-24,-1.47
2026-09-24,530100,1.1581,2026-09-24,-2.38
2026-09-24,530180,1.1731,2026-09-24,-1.49
2026-09-24,530280,1.175,2026-09-24,-1.44
2026-09-24,530300,1.2095,2026-09-24,-1.42
2026-09-24,530380,1.089,2026-09-24,-2.03
2026-09-24,530530,1.1507,2026-09-24,-2.36
2026-09-24,530580,1.1417,2026-09-24,-1.47
2026-09-24,530680,1.1426,2026-09-24,-1.47
2026-09-24,530800,1.1754,2026-09-24,-1.45
2026-09-24,530880,1.0931,2026-09-24,0.01
2026-09-24,551000,102.3669,2026-09-24,0.03
2026-09-24,551030,102.2911,2026-09-24,0.03
2026-09-24,551060,102.2853,2026-09-24,0.03
2026-09-24,551300,102.5622,2026-09-24,0.03
2026-09-24,551500,102.6006,2026-09-24,0.02
2026-09-24,551510,102.7554,2026-09-24,0.02
2026-09-24,551520,102.4662,2026-09-24,0.02
2026-09-24,551550,102.1405,2026-09-24,0.02
2026-09-24,551560,102.3326,2026-09-24,0.03
2026-09-24,551580,102.5745,2026-09-24,0.04
2026-09-24,551800,101.4656,2026-09-24,0.02
2026-09-24,551900,102.1608,2026-09-24,0.03
2026-09-24,560010,3.1537,2026-09-24,-2.26
2026-09-24,560020,1.1028,2026-09-24,-0.24
2026-09-24,560030,1.2851,2026-09-24,-0.53
2026-09-24,560050,1.055,2026-09-24,-1.87
2026-09-24,560060,0.8517,2026-09-24,-1.73
2026-09-24,560070,1.1822,2026-09-24,-0.37
2026-09-24,560080,0.9227,2026-09-24,-1.64
2026-09-24,560090,1.1221,2026-09-24,-1.87
2026-09-24,560100,1.3075,2026-09-24,-2.21
2026-09-24,560110,1.1421,2026-09-24,-2.27
2026-09-24,560120,1.169,2026-09-24,-1.16
2026-09-24,560130,0.9137,2026-09-24,-1.66
2026-09-24,560150,1.131,2026-09-24,0.17
2026-09-24,560160,0.9215,2026-09-24,-1.66
2026-09-24,560170,1.2196,2026-09-24,-2.63
2026-09-24,560180,1.1535,2026-09-24,-1.5
2026-09-24,560190,1.004,2026-09-24,0.1
2026-09-24,560210,0.8168,2026-09-24,-1.94
2026-09-24,560220,1.473,2026-09-24,-1.54
2026-09-24,560230,0.7113,2026-09-24,-2.75
2026-09-24,560250,0.9586,2026-09-24,-1.21
2026-09-24,560260,0.8679,2026-09-24,-2.29
2026-09-24,560270,0.9296,2026-09-24,-0.02
2026-09-24,560280,1.4068,2026-09-24,-1.39
2026-09-24,560290,0.751,2026-09-24,-3.62
2026-09-24,560300,2.2679,2026-09-24,-1.12
2026-09-24,560310,0.718,2026-09-24,-2.71
2026-09-24,560320,0.9291,2026-09-24,-1.67
2026-09-24,560330,1.2259,2026-09-24,-0.35
2026-09-24,560350,1.2093,2026-09-24,-1.73
2026-09-24,560360,1.1824,2026-09-24,-1.88
2026-09-24,560370,0.8681,2026-09-24,-1.17
2026-09-24,560380,1.2128,2026-09-24,-1.88
2026-09-24,560390,0.8437,2026-09-24,-1.88
2026-09-24,560400,0.9487,2026-09-24,-1.85
2026-09-24,560410,0.7628,2026-09-24,-2.18
2026-09-24,560420,0.9284,2026-09-24,-1.66
2026-09-24,560450,0.9222,2026-09-24,-0.02
2026-09-24,560460,0.887,2026-09-24,-0.02
2026-09-24,560470,0.8257,2026-09-24,-3.55
2026-09-24,560480,0.8799,2026-09-24,-0.02
2026-09-24,560490,0.8897,2026-09-24,-3.02
2026-09-24,560500,1.3636,2026-09-24,-2.22
2026-09-24,560510,1.1488,2026-09-24,-1.95
2026-09-24,560520,1.0804,2026-09-24,-0.27
2026-09-24,560530,1.1758,2026-09-24,-1.94
2026-09-24,560550,0.8906,2026-09-24,-1.72
2026-09-24,560560,0.615,2026-09-24,-1.46
2026-09-24,560570,0.9938,2026-09-24,-0.01
2026-09-24,560580,1.0822,2026-09-24,-0.03
2026-09-24,560590,1.4611,2026-09-24,-2.19
2026-09-24,560610,1.1474,2026-09-24,-1.95
2026-09-24,560620,0.941,2026-09-24,0.1
2026-09-24,560630,1.0443,2026-09-24,-1.04
2026-09-24,560660,1.0605,2026-09-24,-1.81
2026-09-24,560670,1.0813,2026-09-24,0.41
2026-09-24,560680,0.7119,2026-09-24,-1.34
2026-09-24,560690,2.1772,2026-09-24,-1.1
2026-09-24,560700,1.2126,2026-09-24,-0.38
2026-09-24,560710,0.9538,2026-09-24,-0.73
2026-09-24,560720,0.9576,2026-09-24,-0.27
2026-09-24,560730,1.0393,2026-09-24,0.17
2026-09-24,560750,1.2869,2026-09-24,-1.93
2026-09-24,560770,0.9187,2026-09-24,-1.04
2026-09-24,560780,1.0329,2026-09-24,-2.39
2026-09-24,560790,0.7956,2026-09-24,-1.86
2026-09-24,560800,1.1286,2026-09-24,-2.19
2026-09-24,560810,1.2471,2026-09-24,-0.99
2026-09-24,560820,1.1472,2026-09-24,-1.69
2026-09-24,560830,0.8863,2026-09-24,-0.01
2026-09-24,560850,1.3012,2026-09-24,-2.26
2026-09-24,560860,1.4934,2026-09-24,-3.04
2026-09-24,560870,0.8582,2026-09-24,-3.05
2026-09-24,560880,1.5107,2026-09-24,-0.22
2026-09-24,560900,0.904,2026-09-24,-3.42
2026-09-24,560910,0.6866,2026-09-24,-2.17
2026-09-24,560920,0.9029,2026-09-24,-1.38
2026-09-24,560930,0.8681,2026-09-24,-0.01
2026-09-24,560950,1.3542,2026-09-24,-2.08
2026-09-24,560970,0.876,2026-09-24,-3.01
2026-09-24,560980,0.6107,2026-09-24,-2.4
2026-09-24,560990,1.0908,2026-09-24,-2.33
2026-09-24,561000,1.2633,2026-09-24,-1.47
2026-09-24,561010,0.8418,2026-09-24,-2.03
2026-09-24,561020,1.0097,2026-09-24,-1.67
2026-09-24,561030,0.819,2026-09-24,-1.38
2026-09-24,561050,0.7975,2026-09-24,-2.68
2026-09-24,561060,1.1531,2026-09-24,-0.03
2026-09-24,561080,1.1266,2026-09-24,-0.82
2026-09-24,561090,1.1837,2026-09-24,-2.01
2026-09-24,561100,1.6049,2026-09-24,-3.05
2026-09-24,561120,1.2459,2026-09-24,-0.18
2026-09-24,561130,0.9913,2026-09-24,-1.92
2026-09-24,561160,0.6636,2026-09-24,-2.21
2026-09-24,561170,1.1254,2026-09-24,0.11
2026-09-24,561180,1.259,2026-09-24,-1.87
2026-09-24,561190,0.8922,2026-09-24,-1.74
2026-09-24,561200,1.4085,2026-09-24,-1.85
2026-09-24,561220,1.7507,2026-09-24,-2.33
2026-09-24,561230,1.2673,2026-09-24,-1.76
2026-09-24,561250,0.9329,2026-09-24,-2.63
2026-09-24,561260,1.2288,2026-09-24,-0.3
2026-09-24,561280,1.6192,2026-09-24,-2.23
2026-09-24,561300,1.0479,2026-09-24,-1.69
2026-09-24,561310,0.704,2026-09-24,-3.06
2026-09-24,561320,0.9325,2026-09-24,-0.68
2026-09-24,561330,0.875,2026-09-24,-3.63
2026-09-24,561350,1.2154,2026-09-24,-2.13
2026-09-24,561360,1.4591,2026-09-24,0.03
2026-09-24,561370,1.4581,2026-09-24,-1.47
2026-09-24,561380,0.7125,2026-09-24,-1.9
2026-09-24,561390,0.8976,2026-09-24,-2.66
2026-09-24,561400,0.9876,2026-09-24,-1.62
2026-09-24,561410,0.918,2026-09-24,-2.74
2026-09-24,561420,1.0547,2026-09-24,-0.23
2026-09-24,561430,1.0099,2026-09-24,-1.15
2026-09-24,561450,0.9659,2026-09-24,0.19
2026-09-24,561460,0.813,2026-09-24,-1.98
2026-09-24,561470,1.0076,2026-09-24,-1.62
2026-09-24,561490,0.9811,2026-09-24,-1.16
2026-09-24,561500,0.761,2026-09-24,-1.59
2026-09-24,561510,0.9059,2026-09-24,-1.59
2026-09-24,561530,1.007,2026-09-24,0.42
2026-09-24,561550,1.3691,2026-09-24,-2.6
2026-09-24,561560,1.2445,2026-09-24,-0.02
2026-09-24,561570,1.3772,2026-09-24,0.07
2026-09-24,561580,1.2507,2026-09-24,0.18
2026-09-24,561590,1.5011,2026-09-24,-2.38
2026-09-24,561600,0.7302,2026-09-24,-3.02
2026-09-24,561610,0.9739,2026-09-24,0.11
2026-09-24,561620,0.969,2026-09-24,-2.17
2026-09-24,561630,1.0009,2026-09-24,-1.17
2026-09-24,561650,0.9918,2026-09-24,-0.8
2026-09-24,561660,0.8777,2026-09-24,-1.13
2026-09-24,561680,0.9918,2026-09-24,-0.01
2026-09-24,561690,0.9607,2026-09-24,-0.91
2026-09-24,561700,1.0856,2026-09-24,-0.02
2026-09-24,561730,0.9965,2026-09-24,-1.75
2026-09-24,561750,1.114,2026-09-24,-1.69
2026-09-24,561760,1.3689,2026-09-24,0.43
2026-09-24,561770,1.2001,2026-09-24,-1.83
2026-09-24,561780,1.5569,2026-09-24,-2.28
2026-09-24,561790,1.2383,2026-09-24,-0.31
2026-09-24,561800,0.9256,2026-09-24,-2.68
2026-09-24,561810,0.9971,2026-09-24,-1.61
2026-09-24,561830,0.886,2026-09-24,-3.63
2026-09-24,561870,1.1031,2026-09-24,-0.84
2026-09-24,561880,1.2169,2026-09-24,-1.86
2026-09-24,561890,0.9944,2026-09-24,-1.8
2026-09-24,561900,0.9482,2026-09-24,-1.49
2026-09-24,561910,0.6586,2026-09-24,-2.2
2026-09-24,561920,0.6627,2026-09-24,-3.16
2026-09-24,561930,1.522,2026-09-24,-1.69
2026-09-24,561950,1.3647,2026-09-24,-2.06
2026-09-24,561960,1.2822,2026-09-24,-0.37
2026-09-24,561980,0.6753,2026-09-24,-2.22
2026-09-24,561990,0.9973,2026-09-24,-1.26
2026-09-24,562000,0.5789,2026-09-24,-1.85
2026-09-24,562010,0.7909,2026-09-24,-1.86
2026-09-24,562030,0.4871,2026-09-24,-2.25
2026-09-24,562050,0.8873,2026-09-24,-2.78
2026-09-24,562060,0.6084,2026-09-24,-0.08
2026-09-24,562070,1.0211,2026-09-24,-1.59
2026-09-24,562080,0.5996,2026-09-24,-0.23
2026-09-24,562110,1.0152,2026-09-24,-1.84
2026-09-24,562150,0.9571,2026-09-24,-1.17
2026-09-24,562170,0.971,2026-09-24,-0.24
2026-09-24,562180,0.9956,2026-09-24,0.0
2026-09-24,562200,0.9924,2026-09-24,-0.75
2026-09-24,562300,0.6151,2026-09-24,-1.44
2026-09-24,562310,1.0222,2026-09-24,-2.49
2026-09-24,562320,1.3255,2026-09-24,-0.36
2026-09-24,562330,1.2016,2026-09-24,-1.06
2026-09-24,562340,1.4034,2026-09-24,-2.18
2026-09-24,562350,1.0767,2026-09-24,-0.03
2026-09-24,562360,0.9929,2026-09-24,-1.02
2026-09-24,562380,1.2317,2026-09-24,-2.58
2026-09-24,562390,0.8393,2026-09-24,-1.64
2026-09-24,562400,1.0,2026-09-24,0.0
2026-09-24,562420,0.9998,2026-09-24,-0.02
2026-09-24,562450,0.9572,2026-09-24,-4.34
2026-09-24,562500,0.9191,2026-09-24,-1.03
2026-09-24,562510,0.5521,2026-09-24,-1.78
2026-09-24,562520,1.3686,2026-09-24,-2.06
2026-09-24,562530,1.2308,2026-09-24,-1.22
2026-09-24,562550,1.1176,2026-09-24,0.11
2026-09-24,562560,2.2222,2026-09-24,-2.77
2026-09-24,562570,1.3235,2026-09-24,-2.27
2026-09-24,562580,1.042,2026-09-24,-0.58
2026-09-24,562590,0.9901,2026-09-24,-2.39
2026-09-24,562600,0.7775,2026-09-24,-1.63
2026-09-24,562660,1.9588,2026-09-24,-1.31
2026-09-24,562700,1.1667,2026-09-24,-1.19
2026-09-24,562800,0.8562,2026-09-24,-2.67
2026-09-24,562810,1.1616,2026-09-24,-1.06
2026-09-24,562820,0.9611,2026-09-24,-2.61
2026-09-24,562850,1.2436,2026-09-24,-0.3
2026-09-24,562860,0.6588,2026-09-24,-3.17
2026-09-24,562870,0.8884,2026-09-24,-1.88
2026-09-24,562880,0.6817,2026-09-24,-2.21
2026-09-24,562890,1.3176,2026-09-24,-1.74
2026-09-24,562900,0.6826,2026-09-24,-1.91
2026-09-24,562910,0.7684,2026-09-24,-1.99
2026-09-24,562920,0.9104,2026-09-24,-1.91
2026-09-24,562930,0.6803,2026-09-24,-1.89
2026-09-24,562950,1.5466,2026-09-24,-3.05
2026-09-24,562960,1.121,2026-09-24,0.11
2026-09-24,562970,0.9295,2026-09-24,-2.74
2026-09-24,562990,0.8961,2026-09-24,-1.74
2026-09-24,563000,1.0832,2026-09-24,-1.88
2026-09-24,563010,2.1595,2026-09-24,-1.12
2026-09-24,563020,1.1622,2026-09-24,0.17
2026-09-24,563030,1.5359,2026-09-24,-2.38
2026-09-24,563050,1.3061,2026-09-24,-2.6
2026-09-24,563060,1.0778,2026-09-24,-0.77
2026-09-24,563080,1.3157,2026-09-24,-1.74
2026-09-24,563090,1.4182,2026-09-24,-1.75
2026-09-24,563150,1.3538,2026-09-24,0.44
2026-09-24,563180,1.1412,2026-09-24,-0.08
2026-09-24,563200,1.5766,2026-09-24,-1.38
2026-09-24,563210,2.0233,2026-09-24,-3.42
2026-09-24,563220,1.224,2026-09-24,-1.95
2026-09-24,563230,1.089,2026-09-24,-1.27
2026-09-24,563280,1.3589,2026-09-24,-1.81
2026-09-24,563300,1.465,2026-09-24,-1.45
2026-09-24,563320,0.8358,2026-09-24,-1.15
2026-09-24,563330,4.1177,2026-09-24,-1.88
2026-09-24,563350,1.3529,2026-09-24,-1.73
2026-09-24,563360,1.2407,2026-09-24,-1.94
2026-09-24,563380,0.9459,2026-09-24,-1.59
2026-09-24,563390,1.1587,2026-09-24,-0.86
2026-09-24,563500,0.6104,2026-09-24,-1.93
2026-09-24,563510,1.005,2026-09-24,-0.03
2026-09-24,563520,1.1604,2026-09-24,-1.71
2026-09-24,563530,1.0955,2026-09-24,-1.28
2026-09-24,563550,1.2264,2026-09-24,-2.36
2026-09-24,563560,1.1896,2026-09-24,-2.91
2026-09-24,563570,0.6975,2026-09-24,-2.28
2026-09-24,563580,1.0742,2026-09-24,-0.65
2026-09-24,563590,0.9787,2026-09-24,-0.01
2026-09-24,563600,1.0125,2026-09-24,-1.98
2026-09-24,563620,1.0218,2026-09-24,-0.83
2026-09-24,563630,1.2312,2026-09-24,-2.09
2026-09-24,563650,1.2432,2026-09-24,-1.92
2026-09-24,563660,1.2073,2026-09-24,-1.93
2026-09-24,563670,0.6421,2026-09-24,-2.33
2026-09-24,563680,1.1382,2026-09-24,-0.63
2026-09-24,563690,1.0204,2026-09-24,0.18
2026-09-24,563700,1.0693,2026-09-24,0.07
2026-09-24,563750,1.072,2026-09-24,-2.15
2026-09-24,563760,1.1076,2026-09-24,-0.87
2026-09-24,563770,1.1273,2026-09-24,-0.84
2026-09-24,563780,1.1674,2026-09-24,-0.87
2026-09-24,563790,0.8223,2026-09-24,-1.26
2026-09-24,563800,1.1746,2026-09-24,-1.95
2026-09-24,563830,1.1095,2026-09-24,-0.84
2026-09-24,563850,0.9469,2026-09-24,-1.65
2026-09-24,563860,1.2623,2026-09-24,-1.95
2026-09-24,563870,0.6362,2026-09-24,-1.1
2026-09-24,563880,1.2145,2026-09-24,-1.94
2026-09-24,563890,1.0538,2026-09-24,-0.03
2026-09-24,563900,1.1266,2026-09-24,-0.23
2026-09-24,563930,1.054,2026-09-24,-0.93
2026-09-24,563960,0.9268,2026-09-24,-0.97
2026-09-24,563980,0.9655,2026-09-24,0.03
2026-09-24,563990,1.1979,2026-09-24,-0.68
2026-09-24,588000,1.7127,2026-09-24,-2.34
2026-09-24,588010,1.0399,2026-09-24,-2.85
2026-09-24,588020,0.8656,2026-09-24,-3.6
2026-09-24,588030,1.7541,2026-09-24,-3.17
2026-09-24,588040,1.6492,2026-09-24,-2.33
2026-09-24,588050,1.6638,2026-09-24,-2.34
2026-09-24,588060,1.0298,2026-09-24,-2.35
2026-09-24,588070,2.2111,2026-09-24,-3.57
2026-09-24,588080,1.6616,2026-09-24,-2.33
2026-09-24,588090,1.6703,2026-09-24,-2.34
2026-09-24,588100,0.8611,2026-09-24,-2.34
2026-09-24,588110,0.6353,2026-09-24,-3.6
2026-09-24,588120,0.8901,2026-09-24,-3.19
2026-09-24,588130,1.011,2026-09-24,-3.94
2026-09-24,588140,1.2498,2026-09-24,-3.11
2026-09-24,588150,1.1558,2026-09-24,-2.31
2026-09-24,588160,1.0667,2026-09-24,-2.76
2026-09-24,588170,0.9825,2026-09-24,-2.1
2026-09-24,588180,1.0613,2026-09-24,-2.34
2026-09-24,588190,1.7488,2026-09-24,-3.17
2026-09-24,588200,1.1596,2026-09-24,-2.39
2026-09-24,588210,1.7698,2026-09-24,-3.17
2026-09-24,588220,1.7522,2026-09-24,-3.2
2026-09-24,588230,1.8528,2026-09-24,-3.08
2026-09-24,588240,1.7117,2026-09-24,-3.09
2026-09-24,588250,1.0295,2026-09-24,-3.94
2026-09-24,588260,2.4898,2026-09-24,-2.31
2026-09-24,588270,1.743,2026-09-24,-3.11
2026-09-24,588280,1.167,2026-09-24,-2.33
2026-09-24,588290,1.1351,2026-09-24,-2.38
2026-09-24,588300,1.0855,2026-09-24,-2.64
2026-09-24,588310,1.1242,2026-09-24,-2.62
2026-09-24,588320,1.6701,2026-09-24,-2.55
2026-09-24,588330,1.0652,2026-09-24,-2.61
2026-09-24,588350,1.6332,2026-09-24,-2.65
2026-09-24,588360,1.1423,2026-09-24,-2.64
2026-09-24,588370,1.7321,2026-09-24,-2.34
2026-09-24,588380,1.068,2026-09-24,-2.64
2026-09-24,588390,1.148,2026-09-24,-2.61
2026-09-24,588400,1.0651,2026-09-24,-2.64
2026-09-24,588410,1.2098,2026-09-24,-2.14
2026-09-24,588420,1.1957,2026-09-24,-2.13
2026-09-24,588430,1.239,2026-09-24,-2.15
2026-09-24,588450,2.143,2026-09-24,-2.52
2026-09-24,588460,2.0376,2026-09-24,-2.49
2026-09-24,588470,0.8465,2026-09-24,-2.13
2026-09-24,588480,0.905,2026-09-24,-2.08
2026-09-24,588500,2.537,2026-09-24,-3.32
2026-09-24,588510,0.8662,2026-09-24,-2.14
2026-09-24,588520,1.4028,2026-09-24,-2.62
2026-09-24,588530,0.9451,2026-09-24,-2.11
2026-09-24,588550,1.3445,2026-09-24,-2.73
2026-09-24,588660,1.7425,2026-09-24,-2.6
2026-09-24,588670,1.7265,2026-09-24,-2.53
2026-09-24,588680,2.5822,2026-09-24,-2.96
2026-09-24,588690,1.21,2026-09-24,-2.48
2026-09-24,588700,0.9919,2026-09-24,-3.95
2026-09-24,588710,1.0151,2026-09-24,-2.11
2026-09-24,588720,1.6548,2026-09-24,-2.35
2026-09-24,588730,1.4719,2026-09-24,-2.38
2026-09-24,588750,2.3206,2026-09-24,-2.39
2026-09-24,588760,0.7468,2026-09-24,-2.38
2026-09-24,588770,1.8144,2026-09-24,-2.32
2026-09-24,588780,0.9885,2026-09-24,-2.76
2026-09-24,588790,0.7883,2026-09-24,-2.38
2026-09-24,588800,1.7381,2026-09-24,-3.19
2026-09-24,588810,1.2436,2026-09-24,-2.4
2026-09-24,588820,1.9916,2026-09-24,-3.09
2026-09-24,588830,1.1592,2026-09-24,-2.8
2026-09-24,588840,1.5041,2026-09-24,-2.33
2026-09-24,588850,1.7988,2026-09-24,-2.88
2026-09-24,588860,0.6623,2026-09-24,-3.94
2026-09-24,588870,1.6484,2026-09-24,-2.29
2026-09-24,588880,1.7446,2026-09-24,-3.15
2026-09-24,588890,1.3122,2026-09-24,-2.34
2026-09-24,588900,1.8091,2026-09-24,-3.14
2026-09-24,588910,1.5081,2026-09-24,-2.29
2026-09-24,588920,1.1152,2026-09-24,-2.37
2026-09-24,588930,1.5443,2026-09-24,-2.36
2026-09-24,588940,0.8407,2026-09-24,-2.35
2026-09-24,588950,1.6988,2026-09-24,-2.32
2026-09-24,588960,1.0713,2026-09-24,-2.82
2026-09-24,588980,1.6129,2026-09-24,-3.16
2026-09-24,588990,3.6377,2026-09-24,-2.39
2026-09-24,589000,1.5451,2026-09-24,-2.52
2026-09-24,589010,1.3947,2026-09-24,-2.38
2026-09-24,589020,1.1955,2026-09-24,-2.11
2026-09-24,589030,1.1474,2026-09-24,-2.76
2026-09-24,589050,1.3362,2026-09-24,-2.49
2026-09-24,589060,1.6241,2026-09-24,-2.52
2026-09-24,589070,1.074,2026-09-24,-2.77
2026-09-24,589080,1.5382,2026-09-24,-2.51
2026-09-24,589090,1.0545,2026-09-24,-2.36
2026-09-24,589100,0.8979,2026-09-24,-2.4
2026-09-24,589110,0.9144,2026-09-24,-2.37
2026-09-24,589120,0.829,2026-09-24,-4.89
2026-09-24,589130,1.3817,2026-09-24,-2.37
2026-09-24,589150,1.177,2026-09-24,-2.34
2026-09-24,589160,1.265,2026-09-24,-2.4
2026-09-24,589170,1.0828,2026-09-24,-2.73
2026-09-24,589180,1.6987,2026-09-24,-2.78
2026-09-24,589190,0.6323,2026-09-24,-2.38
2026-09-24,589200,1.4058,2026-09-24,-3.06
2026-09-24,589210,0.6793,2026-09-24,-2.75
2026-09-24,589220,1.0461,2026-09-24,-3.11
2026-09-24,589230,0.8552,2026-09-24,-2.36
2026-09-24,589250,1.2483,2026-09-24,-2.75
2026-09-24,589260,1.2476,2026-09-24,-2.76
2026-09-24,589270,1.1108,2026-09-24,-3.18
2026-09-24,589280,0.927,2026-09-24,-2.3
2026-09-24,589290,0.7928,2026-09-24,-2.75
2026-09-24,589300,1.6917,2026-09-24,-2.52
2026-09-24,589310,0.8136,2026-09-24,-2.36
2026-09-24,589320,0.8879,2026-09-24,-3.1
2026-09-24,589330,0.9047,2026-09-24,-3.11
2026-09-24,589350,0.77,2026-09-24,-2.74
2026-09-24,589360,0.8381,2026-09-24,-2.34
2026-09-24,589380,1.4101,2026-09-24,-2.38
2026-09-24,589390,0.7615,2026-09-24,-2.75
2026-09-24,589400,0.7629,2026-09-24,-2.75
2026-09-24,589410,0.8294,2026-09-24,-2.37
2026-09-24,589420,0.7647,2026-09-24,-2.76
2026-09-24,589430,1.0084,2026-09-24,-2.71
2026-09-24,589460,1.0052,2026-09-24,-3.08
2026-09-24,589480,1.015,2026-09-24,-2.76
2026-09-24,589490,0.9848,2026-09-24,-1.35
2026-09-24,589500,1.5713,2026-09-24,-2.5
2026-09-24,589510,1.0114,2026-09-24,-2.83
2026-09-24,589520,0.5925,2026-09-24,-2.36
2026-09-24,589550,1.2843,2026-09-24,-1.89
2026-09-24,589560,0.94,2026-09-24,-2.36
2026-09-24,589580,1.5408,2026-09-24,-2.43
2026-09-24,589600,1.5464,2026-09-24,-2.53
2026-09-24,589630,0.7683,2026-09-24,-2.49
2026-09-24,589660,1.5606,2026-09-24,-2.51
2026-09-24,589680,1.4978,2026-09-24,-2.49
2026-09-24,589700,2.1969,2026-09-24,-3.59
2026-09-24,589720,0.898,2026-09-24,-5.01
2026-09-24,589770,1.5681,2026-09-24,-2.52
2026-09-24,589780,1.2628,2026-09-24,-3.11
2026-09-24,589800,1.5554,2026-09-24,-2.52
2026-09-24,589820,1.2813,2026-09-24,-3.1
2026-09-24,589850,1.5591,2026-09-24,-2.34
2026-09-24,589860,1.5439,2026-09-24,-2.54
2026-09-24,589880,1.5233,2026-09-24,-2.52
2026-09-24,589890,1.5435,2026-09-24,-2.5
2026-09-24,589900,1.5496,2026-09-24,-2.51
2026-09-24,589950,1.3147,2026-09-24,-3.2
2026-09-24,589960,0.8206,2026-09-24,-2.82
2026-09-24,589980,1.8148,2026-09-24,-3.16
2026-09-24,589990,1.6249,2026-09-24,-2.55
2026-09-25,511620,24.8,2026-09-25,
2026-09-25,511670,25.49,2026-09-25,
2026-09-26,511700,34.32,2026-09-26,
2026-09-26,511810,23.96,2026-09-26,
2026-09-26,511860,23.22,2026-09-26,
2026-09-26,511910,23.05,2026-09-26,
2026-09-26,511920,26.82,2026-09-26,
2026-09-26,511950,27.72,2026-09-26,
2026-09-27,511660,24.67,2026-09-27,
2026-09-27,511690,23.39,2026-09-27,
2026-09-27,511770,19.54,2026-09-27,
2026-09-27,511960,27.04,2026-09-27,
