date,code,mkt,shares
2019-01-31,510010,SH,365524400.0
2019-01-31,510020,SH,77048000.0
2019-01-31,510030,SH,31528700.0
2019-01-31,510050,SH,17402166800.0
2019-01-31,510060,SH,90959200.0
2019-01-31,510070,SH,48624100.0
2019-01-31,510090,SH,63581100.0
2019-01-31,510110,SH,9916800.0
2019-01-31,510120,SH,8392400.0
2019-01-31,510130,SH,75085100.0
2019-01-31,510150,SH,30731600.0
2019-01-31,510160,SH,1184057400.0
2019-01-31,510170,SH,64228700.0
2019-01-31,510180,SH,5711557700.0
2019-01-31,510190,SH,29150800.0
2019-01-31,510210,SH,40638500.0
2019-01-31,510220,SH,18729200.0
2019-01-31,510230,SH,1099261600.0
2019-01-31,510260,SH,15982700.0
2019-01-31,510270,SH,15832100.0
2019-01-31,510280,SH,4754400.0
2019-01-31,510290,SH,148448900.0
2019-01-31,510300,SH,10993087700.0
2019-01-31,510310,SH,3738307400.0
2019-01-31,510330,SH,7665490800.0
2019-01-31,510360,SH,2507381200.0
2019-01-31,510380,SH,735802400.0
2019-01-31,510390,SH,1428050000.0
2019-01-31,510410,SH,152258400.0
2019-01-31,510420,SH,8655500.0
2019-01-31,510430,SH,61924500.0
2019-01-31,510440,SH,22058300.0
2019-01-31,510500,SH,7987467200.0
2019-01-31,510510,SH,2833038300.0
2019-01-31,510520,SH,7091000.0
2019-01-31,510550,SH,71743300.0
2019-01-31,510560,SH,184318700.0
2019-01-31,510580,SH,11896500.0
2019-01-31,510590,SH,403586100.0
2019-01-31,510600,SH,23815100.000000004
2019-01-31,510630,SH,78590400.0
2019-01-31,510650,SH,20452500.0
2019-01-31,510660,SH,54879700.0
2019-01-31,510680,SH,2524700.0
2019-01-31,510710,SH,209318900.0
2019-01-31,510800,SH,129576000.0
2019-01-31,510810,SH,10532091000.0
2019-01-31,510880,SH,953675700.0
2019-01-31,510900,SH,6182021899.999999
2019-01-31,511010,SH,3206300.0
2019-01-31,511220,SH,24008100.0
2019-01-31,511230,SH,1867600.0
2019-01-31,511260,SH,3346500.0
2019-01-31,511270,SH,34897500.0
2019-01-31,511280,SH,487300.0
2019-01-31,511290,SH,295800.0
2019-01-31,511310,SH,323000.0
2019-01-31,512000,SH,1615817700.0
2019-01-31,512010,SH,405173700.0
2019-01-31,512040,SH,783857899.9999999
2019-01-31,512070,SH,679159900.0
2019-01-31,512090,SH,1099592300.0
2019-01-31,512100,SH,233892000.0
2019-01-31,512120,SH,69247300.0
2019-01-31,512150,SH,40524800.0
2019-01-31,512160,SH,1199777800.0
2019-01-31,512180,SH,1606048000.0
2019-01-31,512200,SH,57376000.0
2019-01-31,512220,SH,253467600.0
2019-01-31,512260,SH,121297700.0
2019-01-31,512280,SH,1334005700.0
2019-01-31,512300,SH,46977000.0
2019-01-31,512310,SH,111389000.0
2019-01-31,512330,SH,203188000.0
2019-01-31,512340,SH,54234000.0
2019-01-31,512360,SH,365337700.0
2019-01-31,512390,SH,240682000.0
2019-01-31,512400,SH,154539000.0
2019-01-31,512500,SH,1184008800.0
2019-01-31,512510,SH,388429800.00000006
2019-01-31,512520,SH,1049056400.0
2019-01-31,512550,SH,87906000.0
2019-01-31,512560,SH,23563500.0
2019-01-31,512570,SH,34806100.0
2019-01-31,512580,SH,2227471700.0
2019-01-31,512600,SH,2951200.0
2019-01-31,512610,SH,10640600.0
2019-01-31,512640,SH,29740900.0
2019-01-31,512660,SH,1115080000.0
2019-01-31,512680,SH,359319700.0
2019-01-31,512700,SH,110581000.0
2019-01-31,512770,SH,20767800.000000004
2019-01-31,512780,SH,129086500.0
2019-01-31,512800,SH,572540000.0
2019-01-31,512810,SH,83534100.0
2019-01-31,512820,SH,801101900.0
2019-01-31,512850,SH,135532000.0
2019-01-31,512860,SH,105626400.0
2019-01-31,512880,SH,3897291500.0
2019-01-31,512890,SH,214999900.00000003
2019-01-31,512900,SH,606706000.0
2019-01-31,512920,SH,76092600.0
2019-01-31,512950,SH,16084551000.0
2019-01-31,512960,SH,24797257300.0
2019-01-31,512980,SH,1102724400.0
2019-01-31,512990,SH,531115400.0
2019-01-31,513030,SH,324279000.0
2019-01-31,513050,SH,707432700.0
2019-01-31,513100,SH,249622100.0
2019-01-31,513500,SH,439819300.0
2019-01-31,513600,SH,28829500.0
2019-01-31,513660,SH,335000100.0
2019-01-31,513680,SH,30746700.0
2019-01-31,513900,SH,75978000.0
2019-01-31,518800,SH,149219900.0
2019-01-31,518880,SH,2743240800.0
2019-02-28,510010,SH,364524400.0
2019-02-28,510020,SH,75148000.0
2019-02-28,510030,SH,32028700.0
2019-02-28,510050,SH,16507566800.0
2019-02-28,510060,SH,87959200.0
2019-02-28,510070,SH,48124100.0
2019-02-28,510090,SH,62081100.0
2019-02-28,510110,SH,8116799.999999999
2019-02-28,510120,SH,8392400.0
2019-02-28,510130,SH,73485100.0
2019-02-28,510150,SH,31931600.0
2019-02-28,510160,SH,1180057400.0
2019-02-28,510170,SH,64228700.0
2019-02-28,510180,SH,5671057700.0
2019-02-28,510190,SH,30150800.0
2019-02-28,510210,SH,36638500.0
2019-02-28,510220,SH,18729200.0
2019-02-28,510230,SH,1060261600.0
2019-02-28,510260,SH,16482700.0
2019-02-28,510270,SH,15832100.0
2019-02-28,510280,SH,4754400.0
2019-02-28,510290,SH,146448900.0
2019-02-28,510300,SH,9857287500.0
2019-02-28,510310,SH,3312307400.0
2019-02-28,510330,SH,6977049800.0
2019-02-28,510360,SH,2195381200.0
2019-02-28,510380,SH,696802400.0
2019-02-28,510390,SH,1360550000.0
2019-02-28,510410,SH,152258400.0
2019-02-28,510420,SH,8655500.0
2019-02-28,510430,SH,61924500.0
2019-02-28,510440,SH,24058300.0
2019-02-28,510500,SH,7967467200.0
2019-02-28,510510,SH,2721038300.0
2019-02-28,510520,SH,7091000.0
2019-02-28,510550,SH,35743300.0
2019-02-28,510560,SH,186318700.0
2019-02-28,510580,SH,10732400.0
2019-02-28,510590,SH,375586100.0
2019-02-28,510600,SH,19015100.0
2019-02-28,510630,SH,77090400.0
2019-02-28,510650,SH,19952500.0
2019-02-28,510660,SH,54379700.0
2019-02-28,510680,SH,2524700.0
2019-02-28,510710,SH,227618900.0
2019-02-28,510800,SH,125576000.0
2019-02-28,510810,SH,10503091000.0
2019-02-28,510880,SH,923675700.0
2019-02-28,510900,SH,6413021899.999999
2019-02-28,511010,SH,3056300.0
2019-02-28,511020,SH,11351700.0
2019-02-28,511220,SH,23798100.0
2019-02-28,511230,SH,1867600.0
2019-02-28,511260,SH,3586500.0
2019-02-28,511270,SH,26377500.0
2019-02-28,511280,SH,467300.0
2019-02-28,511290,SH,275800.0
2019-02-28,511310,SH,313000.0
2019-02-28,512000,SH,2081117700.0
2019-02-28,512010,SH,490173700.0
2019-02-28,512040,SH,461857900.0
2019-02-28,512070,SH,756159900.0
2019-02-28,512090,SH,919592300.0
2019-02-28,512100,SH,263892000.0
2019-02-28,512120,SH,72247300.0
2019-02-28,512150,SH,21073400.0
2019-02-28,512160,SH,1057777800.0
2019-02-28,512180,SH,1472048000.0
2019-02-28,512200,SH,68376000.0
2019-02-28,512220,SH,256467600.0
2019-02-28,512260,SH,102897700.0
2019-02-28,512280,SH,1156005700.0
2019-02-28,512300,SH,48617100.0
2019-02-28,512310,SH,113389000.0
2019-02-28,512330,SH,229188000.0
2019-02-28,512340,SH,53734000.0
2019-02-28,512360,SH,282881900.0
2019-02-28,512390,SH,225682000.0
2019-02-28,512400,SH,228539000.0
2019-02-28,512500,SH,1303208800.0
2019-02-28,512510,SH,374429800.00000006
2019-02-28,512520,SH,917056400.0
2019-02-28,512550,SH,84906000.0
2019-02-28,512560,SH,26563500.0
2019-02-28,512570,SH,36806100.0
2019-02-28,512580,SH,2253871700.0
2019-02-28,512600,SH,2951200.0
2019-02-28,512610,SH,11640600.0
2019-02-28,512640,SH,31240900.0
2019-02-28,512660,SH,1414080000.0
2019-02-28,512680,SH,364930100.0
2019-02-28,512700,SH,106981000.0
2019-02-28,512770,SH,18767800.0
2019-02-28,512780,SH,119586500.0
2019-02-28,512800,SH,775939900.0
2019-02-28,512810,SH,91791700.0
2019-02-28,512820,SH,328301900.0
2019-02-28,512850,SH,68532000.0
2019-02-28,512860,SH,54626400.0
2019-02-28,512870,SH,426410600.0
2019-02-28,512880,SH,4553281900.0
2019-02-28,512890,SH,93555400.0
2019-02-28,512900,SH,803668100.0
2019-02-28,512920,SH,19092600.0
2019-02-28,512950,SH,15955551000.0
2019-02-28,512960,SH,24918963700.0
2019-02-28,512980,SH,1087281900.0
2019-02-28,512990,SH,498715400.0
2019-02-28,513030,SH,341779000.0
2019-02-28,513050,SH,643432700.0
2019-02-28,513100,SH,245622100.0
2019-02-28,513500,SH,445819300.0
2019-02-28,513600,SH,27829500.0
2019-02-28,513660,SH,330000100.0
2019-02-28,513680,SH,7746700.0
2019-02-28,513900,SH,72978000.0
2019-02-28,518800,SH,156719900.0
2019-02-28,518880,SH,2455540800.0
2019-04-30,510010,SH,338524400.0
2019-04-30,510020,SH,70148000.0
2019-04-30,510030,SH,29528700.0
2019-04-30,510050,SH,16858566800.0
2019-04-30,510060,SH,81959200.0
2019-04-30,510070,SH,47124100.0
2019-04-30,510090,SH,58581100.0
2019-04-30,510110,SH,11716800.0
2019-04-30,510120,SH,8092400.0
2019-04-30,510130,SH,69885100.0
2019-04-30,510150,SH,30731600.0
2019-04-30,510160,SH,1168057400.0
2019-04-30,510170,SH,69728700.0
2019-04-30,510180,SH,5624557700.0
2019-04-30,510190,SH,27150800.0
2019-04-30,510210,SH,37638500.0
2019-04-30,510220,SH,18229200.0
2019-04-30,510230,SH,1033261600.0
2019-04-30,510260,SH,14982700.0
2019-04-30,510270,SH,15832100.0
2019-04-30,510280,SH,4754400.0
2019-04-30,510290,SH,158448900.0
2019-04-30,510300,SH,8826954300.0
2019-04-30,510310,SH,3680177000.0
2019-04-30,510330,SH,6276849800.0
2019-04-30,510360,SH,2525381200.0
2019-04-30,510380,SH,4833802400.0
2019-04-30,510390,SH,1276850000.0
2019-04-30,510410,SH,146258400.0
2019-04-30,510420,SH,8655500.0
2019-04-30,510430,SH,60924500.0
2019-04-30,510440,SH,25058300.0
2019-04-30,510500,SH,7731067200.0
2019-04-30,510510,SH,2725038300.0
2019-04-30,510520,SH,7091000.0
2019-04-30,510550,SH,115743300.0
2019-04-30,510560,SH,348318700.0
2019-04-30,510580,SH,47842000.0
2019-04-30,510590,SH,400620300.0
2019-04-30,510600,SH,15715100.0
2019-04-30,510630,SH,76090400.0
2019-04-30,510650,SH,18952500.0
2019-04-30,510660,SH,48879700.0
2019-04-30,510680,SH,2224700.0
2019-04-30,510710,SH,197618900.0
2019-04-30,510800,SH,142576000.0
2019-04-30,510810,SH,9605091000.0
2019-04-30,510850,SH,4774098900.0
2019-04-30,510880,SH,930675700.0
2019-04-30,510900,SH,6860021899.999999
2019-04-30,511010,SH,3206300.0
2019-04-30,511020,SH,11501700.0
2019-04-30,511030,SH,51090700.0
2019-04-30,511220,SH,22028100.0
2019-04-30,511230,SH,1867600.0
2019-04-30,511260,SH,1426500.0
2019-04-30,511270,SH,16257500.0
2019-04-30,511280,SH,437300.0
2019-04-30,511290,SH,275800.0
2019-04-30,511310,SH,313000.0
2019-04-30,512000,SH,3338117700.0
2019-04-30,512010,SH,494173700.0
2019-04-30,512040,SH,491857900.0
2019-04-30,512070,SH,685159900.0
2019-04-30,512090,SH,727592300.0
2019-04-30,512100,SH,314892000.0
2019-04-30,512120,SH,68747300.0
2019-04-30,512150,SH,12073400.0
2019-04-30,512160,SH,783777800.0
2019-04-30,512180,SH,658048000.0
2019-04-30,512200,SH,101376000.0
2019-04-30,512220,SH,266967600.0
2019-04-30,512260,SH,168795700.0
2019-04-30,512270,SH,135576800.0
2019-04-30,512280,SH,610005700.0
2019-04-30,512300,SH,46117100.0
2019-04-30,512310,SH,105389000.0
2019-04-30,512330,SH,475188000.0
2019-04-30,512340,SH,54234000.0
2019-04-30,512360,SH,209337700.0
2019-04-30,512380,SH,2058825000.0
2019-04-30,512390,SH,207682000.0
2019-04-30,512400,SH,424039000.0
2019-04-30,512500,SH,1255979800.0
2019-04-30,512510,SH,414429800.00000006
2019-04-30,512520,SH,635056400.0
2019-04-30,512550,SH,68906000.0
2019-04-30,512560,SH,27563500.0
2019-04-30,512570,SH,32806100.0
2019-04-30,512580,SH,2195071700.0
2019-04-30,512590,SH,46503400.0
2019-04-30,512600,SH,4451200.0
2019-04-30,512610,SH,10640600.0
2019-04-30,512640,SH,32240900.0
2019-04-30,512660,SH,2323408900.0
2019-04-30,512680,SH,531250800.0
2019-04-30,512700,SH,101381000.0
2019-04-30,512770,SH,10767800.0
2019-04-30,512780,SH,101086500.0
2019-04-30,512800,SH,1426340000.0
2019-04-30,512810,SH,96791700.0
2019-04-30,512820,SH,227201900.0
2019-04-30,512850,SH,33532000.0
2019-04-30,512860,SH,36626400.0
2019-04-30,512870,SH,258410600.0
2019-04-30,512880,SH,6923291500.0
2019-04-30,512890,SH,56555400.0
2019-04-30,512900,SH,1490206000.0
2019-04-30,512920,SH,13092600.0
2019-04-30,512950,SH,15857551000.0
2019-04-30,512960,SH,21114257300.0
2019-04-30,512980,SH,1195357400.0
2019-04-30,512990,SH,441115400.0
2019-04-30,513030,SH,489279000.0
2019-04-30,513050,SH,596432700.0
2019-04-30,513100,SH,207622100.0
2019-04-30,513500,SH,480819300.0
2019-04-30,513600,SH,27829500.0
2019-04-30,513660,SH,286000100.0
2019-04-30,513680,SH,6746700.0
2019-04-30,513900,SH,47978000.0
2019-04-30,518800,SH,113819900.0
2019-04-30,518880,SH,1790740799.9999998
2019-05-31,510010,SH,335524400.0
2019-05-31,510020,SH,69748000.0
2019-05-31,510030,SH,29528700.0
2019-05-31,510050,SH,15843366800.0
2019-05-31,510060,SH,81959200.0
2019-05-31,510070,SH,46124100.0
2019-05-31,510090,SH,58081100.0
2019-05-31,510110,SH,11416800.0
2019-05-31,510120,SH,8092400.0
2019-05-31,510130,SH,70685100.0
2019-05-31,510150,SH,32731600.0
2019-05-31,510160,SH,1064057400.0
2019-05-31,510170,SH,68728700.0
2019-05-31,510180,SH,5639557700.0
2019-05-31,510190,SH,27150800.0
2019-05-31,510210,SH,42638500.0
2019-05-31,510220,SH,18229200.0
2019-05-31,510230,SH,1030261600.0
2019-05-31,510260,SH,14982700.0
2019-05-31,510270,SH,15832100.0
2019-05-31,510280,SH,4754400.0
2019-05-31,510290,SH,156448900.0
2019-05-31,510300,SH,9042787700.0
2019-05-31,510310,SH,5226307400.0
2019-05-31,510330,SH,6695753199.999999
2019-05-31,510360,SH,2556031800.0
2019-05-31,510380,SH,4734802400.0
2019-05-31,510390,SH,1313750000.0
2019-05-31,510410,SH,145258400.0
2019-05-31,510420,SH,8655500.0
2019-05-31,510430,SH,61924500.0
2019-05-31,510440,SH,25058300.0
2019-05-31,510500,SH,8348561800.000001
2019-05-31,510510,SH,2668294300.0
2019-05-31,510520,SH,7091000.0
2019-05-31,510550,SH,157743300.0
2019-05-31,510560,SH,624318700.0
2019-05-31,510580,SH,74792400.0
2019-05-31,510590,SH,408386100.0
2019-05-31,510600,SH,15715100.0
2019-05-31,510630,SH,76090400.0
2019-05-31,510650,SH,18952500.0
2019-05-31,510660,SH,48879700.0
2019-05-31,510680,SH,2224700.0
2019-05-31,510710,SH,208718900.0
2019-05-31,510800,SH,164576000.0
2019-05-31,510810,SH,9617091000.0
2019-05-31,510850,SH,4723098900.0
2019-05-31,510880,SH,993675700.0
2019-05-31,510900,SH,6602021899.999999
2019-05-31,511010,SH,3936300.0
2019-05-31,511020,SH,11501700.0
2019-05-31,511030,SH,51090700.0
2019-05-31,511220,SH,21788100.0
2019-05-31,511230,SH,1867600.0
2019-05-31,511260,SH,1506500.0
2019-05-31,511270,SH,13977500.0
2019-05-31,511280,SH,447300.0
2019-05-31,511290,SH,275800.0
2019-05-31,511310,SH,313000.0
2019-05-31,512000,SH,3538343200.0
2019-05-31,512010,SH,507173700.0
2019-05-31,512040,SH,525857900.0
2019-05-31,512070,SH,723159900.0
2019-05-31,512090,SH,787592300.0
2019-05-31,512100,SH,275892000.0
2019-05-31,512120,SH,68247300.0
2019-05-31,512150,SH,13073400.0
2019-05-31,512160,SH,781693900.0
2019-05-31,512180,SH,628048000.0
2019-05-31,512200,SH,91376000.0
2019-05-31,512220,SH,268467600.0
2019-05-31,512260,SH,177297700.0
2019-05-31,512270,SH,133976800.0
2019-05-31,512280,SH,582537700.0
2019-05-31,512290,SH,617820700.0
2019-05-31,512300,SH,46617100.0
2019-05-31,512310,SH,107889000.0
2019-05-31,512330,SH,513188000.0
2019-05-31,512340,SH,53734000.0
2019-05-31,512360,SH,215337700.0
2019-05-31,512380,SH,2061805600.0
2019-05-31,512390,SH,204682000.0
2019-05-31,512400,SH,426039000.0
2019-05-31,512500,SH,1498945700.0
2019-05-31,512510,SH,420429800.00000006
2019-05-31,512520,SH,535056400.0
2019-05-31,512550,SH,69906000.0
2019-05-31,512560,SH,27563500.0
2019-05-31,512570,SH,32806100.0
2019-05-31,512580,SH,2288022000.0
2019-05-31,512590,SH,38410500.0
2019-05-31,512600,SH,4951200.0
2019-05-31,512610,SH,10640600.0
2019-05-31,512640,SH,25740900.0
2019-05-31,512660,SH,2340865700.0
2019-05-31,512680,SH,504930100.0
2019-05-31,512690,SH,247371000.0
2019-05-31,512700,SH,98981000.0
2019-05-31,512770,SH,12767800.0
2019-05-31,512780,SH,101086500.0
2019-05-31,512800,SH,1285040000.0
2019-05-31,512810,SH,96791700.0
2019-05-31,512820,SH,420101900.0
2019-05-31,512850,SH,33532000.0
2019-05-31,512860,SH,33626400.0
2019-05-31,512870,SH,258410600.0
2019-05-31,512880,SH,7810865600.000001
2019-05-31,512890,SH,50555400.0
2019-05-31,512900,SH,1613761099.9999998
2019-05-31,512920,SH,13092600.0
2019-05-31,512950,SH,15847551000.0
2019-05-31,512960,SH,21122257300.0
2019-05-31,512980,SH,1423411500.0
2019-05-31,512990,SH,453715400.0
2019-05-31,513030,SH,487279000.0
2019-05-31,513050,SH,658432700.0
2019-05-31,513100,SH,226622100.0
2019-05-31,513500,SH,511819300.0
2019-05-31,513600,SH,26829500.0
2019-05-31,513660,SH,272000100.0
2019-05-31,513680,SH,6746700.0
2019-05-31,513900,SH,46978000.0
2019-05-31,518800,SH,104519900.0
2019-05-31,518880,SH,1692340799.9999998
2019-07-31,510010,SH,329524400.0
2019-07-31,510020,SH,69548000.0
2019-07-31,510030,SH,29528700.0
2019-07-31,510050,SH,15039666800.0
2019-07-31,510060,SH,79959200.0
2019-07-31,510070,SH,46124100.0
2019-07-31,510090,SH,57581100.0
2019-07-31,510110,SH,9616800.0
2019-07-31,510120,SH,8092400.0
2019-07-31,510130,SH,71085100.0
2019-07-31,510150,SH,30731600.0
2019-07-31,510160,SH,1046057400.0
2019-07-31,510170,SH,68228700.0
2019-07-31,510180,SH,5643557700.0
2019-07-31,510190,SH,27650800.0
2019-07-31,510210,SH,57638500.0
2019-07-31,510220,SH,18729200.0
2019-07-31,510230,SH,1035761600.0
2019-07-31,510260,SH,13982700.0
2019-07-31,510270,SH,14832100.0
2019-07-31,510280,SH,4754400.0
2019-07-31,510290,SH,148448900.0
2019-07-31,510300,SH,9118387700.0
2019-07-31,510310,SH,4579867300.0
2019-07-31,510330,SH,6974300300.0
2019-07-31,510360,SH,2738381200.0
2019-07-31,510380,SH,4755802400.0
2019-07-31,510390,SH,1347950000.0
2019-07-31,510410,SH,145258400.0
2019-07-31,510420,SH,8655500.0
2019-07-31,510430,SH,60924500.0
2019-07-31,510440,SH,24058300.0
2019-07-31,510500,SH,8731019800.0
2019-07-31,510510,SH,2957038300.0
2019-07-31,510520,SH,7091000.0
2019-07-31,510550,SH,151743300.0
2019-07-31,510560,SH,624318700.0
2019-07-31,510580,SH,208978100.0
2019-07-31,510590,SH,458642000.0
2019-07-31,510600,SH,27115100.000000004
2019-07-31,510630,SH,82590400.00000001
2019-07-31,510650,SH,17952500.0
2019-07-31,510660,SH,54379700.0
2019-07-31,510680,SH,2224700.0
2019-07-31,510710,SH,191018900.0
2019-07-31,510800,SH,164576000.0
2019-07-31,510810,SH,9655091000.0
2019-07-31,510820,SH,4758348900.0
2019-07-31,510850,SH,2446698900.0
2019-07-31,510880,SH,985675700.0
2019-07-31,510890,SH,1541561700.0000002
2019-07-31,510900,SH,5772021899.999999
2019-07-31,511010,SH,4116300.0
2019-07-31,511020,SH,11201700.0
2019-07-31,511030,SH,51090700.0
2019-07-31,511220,SH,19448100.0
2019-07-31,511230,SH,1867600.0
2019-07-31,511260,SH,676500.0
2019-07-31,511270,SH,12257500.0
2019-07-31,511280,SH,427300.0
2019-07-31,511290,SH,275800.0
2019-07-31,511310,SH,313000.0
2019-07-31,512000,SH,4022484000.0
2019-07-31,512010,SH,509173700.0
2019-07-31,512040,SH,510857900.0
2019-07-31,512070,SH,733159900.0
2019-07-31,512090,SH,657592300.0
2019-07-31,512100,SH,291010000.0
2019-07-31,512120,SH,62247299.99999999
2019-07-31,512150,SH,12073400.0
2019-07-31,512160,SH,709777800.0
2019-07-31,512170,SH,63940200.00000001
2019-07-31,512180,SH,590048000.0
2019-07-31,512200,SH,81376000.0
2019-07-31,512220,SH,268467600.0
2019-07-31,512260,SH,190097700.0
2019-07-31,512270,SH,116376800.0
2019-07-31,512280,SH,506005700.0
2019-07-31,512290,SH,360820700.0
2019-07-31,512300,SH,45617100.0
2019-07-31,512310,SH,105389000.0
2019-07-31,512330,SH,530688000.0
2019-07-31,512340,SH,53234000.0
2019-07-31,512360,SH,200337700.0
2019-07-31,512380,SH,1956805600.0
2019-07-31,512390,SH,207682000.0
2019-07-31,512400,SH,634870800.0
2019-07-31,512480,SH,122501800.0
2019-07-31,512500,SH,2495008600.0
2019-07-31,512510,SH,602429800.0
2019-07-31,512520,SH,353056400.0
2019-07-31,512550,SH,71906000.0
2019-07-31,512560,SH,25563500.0
2019-07-31,512570,SH,31806100.0
2019-07-31,512580,SH,2381071700.0
2019-07-31,512590,SH,27503400.0
2019-07-31,512600,SH,4951200.0
2019-07-31,512610,SH,10640600.0
2019-07-31,512640,SH,28740900.0
2019-07-31,512660,SH,2614080000.0
2019-07-31,512680,SH,467330100.0
2019-07-31,512690,SH,144125100.0
2019-07-31,512700,SH,120646500.0
2019-07-31,512750,SH,2369154900.0
2019-07-31,512760,SH,262652100.0
2019-07-31,512770,SH,257767800.0
2019-07-31,512780,SH,94586500.0
2019-07-31,512800,SH,1344440000.0
2019-07-31,512810,SH,93791700.0
2019-07-31,512820,SH,147401900.0
2019-07-31,512850,SH,30532000.0
2019-07-31,512860,SH,30626400.0
2019-07-31,512870,SH,209410600.0
2019-07-31,512880,SH,10326291500.0
2019-07-31,512890,SH,69055400.0
2019-07-31,512900,SH,1717840300.0
2019-07-31,512910,SH,329799000.0
2019-07-31,512920,SH,10092600.0
2019-07-31,512950,SH,15768066700.0
2019-07-31,512960,SH,20879257300.0
2019-07-31,512980,SH,1526324400.0
2019-07-31,512990,SH,460915400.0
2019-07-31,513000,SH,110411400.0
2019-07-31,513030,SH,483279000.0
2019-07-31,513050,SH,704432700.0
2019-07-31,513100,SH,217622100.0
2019-07-31,513500,SH,503819300.0
2019-07-31,513520,SH,78487200.0
2019-07-31,513600,SH,25829500.0
2019-07-31,513660,SH,264000100.0
2019-07-31,513680,SH,6746700.0
2019-07-31,513800,SH,21604400.0
2019-07-31,513880,SH,76470000.0
2019-07-31,513900,SH,39978000.0
2019-07-31,518800,SH,138719900.0
2019-07-31,518880,SH,1894840800.0
2019-09-30,510010,SH,322524400.0
2019-09-30,510020,SH,67948000.0
2019-09-30,510030,SH,29528700.0
2019-09-30,510050,SH,14134266800.0
2019-09-30,510060,SH,77959200.0
2019-09-30,510070,SH,44624100.0
2019-09-30,510090,SH,66581100.0
2019-09-30,510110,SH,9016800.0
2019-09-30,510120,SH,7492400.0
2019-09-30,510130,SH,63485100.0
2019-09-30,510150,SH,45131600.0
2019-09-30,510160,SH,1002057400.0
2019-09-30,510170,SH,66728700.0
2019-09-30,510180,SH,5621557700.0
2019-09-30,510190,SH,27650800.0
2019-09-30,510210,SH,70138500.0
2019-09-30,510220,SH,33229200.0
2019-09-30,510230,SH,994761600.0
2019-09-30,510260,SH,13982700.0
2019-09-30,510270,SH,14832100.0
2019-09-30,510290,SH,140448900.0
2019-09-30,510300,SH,8890687700.0
2019-09-30,510310,SH,4685938200.0
2019-09-30,510330,SH,6950049800.0
2019-09-30,510350,SH,1057614700.0
2019-09-30,510360,SH,2801381200.0
2019-09-30,510380,SH,4755802400.0
2019-09-30,510390,SH,1268750000.0
2019-09-30,510410,SH,151258400.0
2019-09-30,510420,SH,8655500.0
2019-09-30,510430,SH,59924500.0
2019-09-30,510440,SH,22058300.0
2019-09-30,510500,SH,8144667200.0
2019-09-30,510510,SH,3367038300.0
2019-09-30,510520,SH,7091000.0
2019-09-30,510550,SH,125743300.0
2019-09-30,510560,SH,636318700.0
2019-09-30,510580,SH,190096500.0
2019-09-30,510590,SH,449186100.0
2019-09-30,510600,SH,27715100.000000004
2019-09-30,510630,SH,81090400.0
2019-09-30,510650,SH,17952500.0
2019-09-30,510660,SH,45879700.0
2019-09-30,510680,SH,59824700.0
2019-09-30,510710,SH,157418900.0
2019-09-30,510800,SH,351576000.0
2019-09-30,510810,SH,13881093700.000002
2019-09-30,510850,SH,1898898900.0
2019-09-30,510880,SH,988675700.0
2019-09-30,510890,SH,1509561700.0000002
2019-09-30,510900,SH,7531021899.999999
2019-09-30,511010,SH,4156300.0
2019-09-30,511020,SH,11201700.0
2019-09-30,511030,SH,51090700.0
2019-09-30,511220,SH,19298100.0
2019-09-30,511230,SH,1867600.0
2019-09-30,511260,SH,806500.0
2019-09-30,511270,SH,11857500.0
2019-09-30,511280,SH,427300.0
2019-09-30,511290,SH,275800.0
2019-09-30,511310,SH,313000.0
2019-09-30,512000,SH,4538117700.0
2019-09-30,512010,SH,479173700.0
2019-09-30,512040,SH,502857900.0
2019-09-30,512070,SH,817159900.0
2019-09-30,512090,SH,585592300.0
2019-09-30,512100,SH,290892000.0
2019-09-30,512120,SH,56247299.99999999
2019-09-30,512150,SH,147073400.0
2019-09-30,512160,SH,679777800.0
2019-09-30,512170,SH,70440200.0
2019-09-30,512180,SH,484048000.0
2019-09-30,512190,SH,478318400.0
2019-09-30,512200,SH,85376000.0
2019-09-30,512220,SH,256467600.0
2019-09-30,512260,SH,205297700.0
2019-09-30,512270,SH,94776800.0
2019-09-30,512280,SH,410005700.0
2019-09-30,512290,SH,338820700.0
2019-09-30,512300,SH,39617100.0
2019-09-30,512310,SH,104389000.0
2019-09-30,512330,SH,892688000.0
2019-09-30,512340,SH,51234000.0
2019-09-30,512360,SH,182337700.0
2019-09-30,512380,SH,1821805600.0
2019-09-30,512390,SH,207682000.0
2019-09-30,512400,SH,463039000.0
2019-09-30,512480,SH,347501800.0
2019-09-30,512500,SH,2555063100.0
2019-09-30,512510,SH,610429800.0
2019-09-30,512520,SH,421056400.0
2019-09-30,512530,SH,1111502000.0
2019-09-30,512550,SH,141906000.0
2019-09-30,512560,SH,27563500.0
2019-09-30,512570,SH,29806100.0
2019-09-30,512580,SH,2337271700.0
2019-09-30,512590,SH,21503400.0
2019-09-30,512600,SH,5951200.0
2019-09-30,512610,SH,11140600.0
2019-09-30,512640,SH,28240900.0
2019-09-30,512660,SH,2726080000.0
2019-09-30,512670,SH,441326300.0
2019-09-30,512680,SH,589162800.0
2019-09-30,512690,SH,122637800.0
2019-09-30,512700,SH,217381000.0
2019-09-30,512710,SH,5832329200.0
2019-09-30,512720,SH,313453400.0
2019-09-30,512750,SH,1059054900.0
2019-09-30,512760,SH,1121661400.0
2019-09-30,512770,SH,241767800.0
2019-09-30,512780,SH,91586500.0
2019-09-30,512790,SH,64484600.0
2019-09-30,512800,SH,1637892800.0
2019-09-30,512810,SH,88536800.0
2019-09-30,512820,SH,192401900.0
2019-09-30,512850,SH,25532000.0
2019-09-30,512860,SH,27626400.0
2019-09-30,512870,SH,85410600.0
2019-09-30,512880,SH,10749291500.0
2019-09-30,512890,SH,249555400.0
2019-09-30,512900,SH,1962457000.0
2019-09-30,512910,SH,434521900.0
2019-09-30,512920,SH,202092600.0
2019-09-30,512930,SH,239130300.0
2019-09-30,512950,SH,14138551000.0
2019-09-30,512960,SH,18101257300.0
2019-09-30,512980,SH,1549724400.0
2019-09-30,512990,SH,471715400.0
2019-09-30,513000,SH,95911400.0
2019-09-30,513030,SH,473779000.0
2019-09-30,513050,SH,997432700.0
2019-09-30,513100,SH,227622100.0
2019-09-30,513500,SH,579819300.0
2019-09-30,513520,SH,43287200.0
2019-09-30,513600,SH,31829500.0
2019-09-30,513660,SH,344000100.0
2019-09-30,513680,SH,6746700.0
2019-09-30,513800,SH,53274399.99999999
2019-09-30,513880,SH,48470000.0
2019-09-30,513900,SH,42978000.0
2019-09-30,515000,SH,5686289700.0
2019-09-30,515300,SH,549175200.0
2019-09-30,515880,SH,2143462300.0
2019-09-30,518800,SH,179519900.00000003
2019-09-30,518880,SH,2524540800.0
2019-10-31,510010,SH,322524400.0
2019-10-31,510020,SH,67748000.0
2019-10-31,510030,SH,31528700.0
2019-10-31,510050,SH,13875966800.0
2019-10-31,510060,SH,76959200.0
2019-10-31,510070,SH,44624100.0
2019-10-31,510090,SH,75081100.0
2019-10-31,510100,SH,386234300.0
2019-10-31,510110,SH,8716800.0
2019-10-31,510120,SH,7492400.0
2019-10-31,510130,SH,62285100.0
2019-10-31,510150,SH,35131600.0
2019-10-31,510160,SH,992057400.0
2019-10-31,510170,SH,73228700.0
2019-10-31,510180,SH,5612557700.0
2019-10-31,510190,SH,27150800.0
2019-10-31,510210,SH,55638500.0
2019-10-31,510220,SH,19229200.0
2019-10-31,510230,SH,914761600.0
2019-10-31,510260,SH,13982700.0
2019-10-31,510270,SH,14832100.0
2019-10-31,510290,SH,146448900.0
2019-10-31,510300,SH,8287687700.0
2019-10-31,510310,SH,4710307400.0
2019-10-31,510330,SH,6850149800.0
2019-10-31,510350,SH,1021614700.0
2019-10-31,510360,SH,2783381200.0
2019-10-31,510380,SH,4755802400.0
2019-10-31,510390,SH,1257950000.0
2019-10-31,510410,SH,164258400.0
2019-10-31,510420,SH,8655500.0
2019-10-31,510430,SH,58924500.0
2019-10-31,510440,SH,22058300.0
2019-10-31,510500,SH,7933867200.0
2019-10-31,510510,SH,3233038300.0
2019-10-31,510550,SH,117743300.0
2019-10-31,510560,SH,636318700.0
2019-10-31,510580,SH,191896500.0
2019-10-31,510590,SH,444386100.0
2019-10-31,510600,SH,72715100.0
2019-10-31,510630,SH,80590400.0
2019-10-31,510650,SH,17452500.0
2019-10-31,510660,SH,58379700.0
2019-10-31,510680,SH,61624700.0
2019-10-31,510710,SH,158318900.0
2019-10-31,510800,SH,232576000.0
2019-10-31,510810,SH,13838093700.000002
2019-10-31,510850,SH,1925898900.0
2019-10-31,510880,SH,1006175700.0
2019-10-31,510890,SH,1518561700.0000002
2019-10-31,510900,SH,7927021899.999999
2019-10-31,511010,SH,3686300.0
2019-10-31,511020,SH,11201700.0
2019-10-31,511030,SH,51090700.0
2019-10-31,511220,SH,19298100.0
2019-10-31,511230,SH,1867600.0
2019-10-31,511260,SH,4726500.0
2019-10-31,511270,SH,11727500.0
2019-10-31,511280,SH,417300.0
2019-10-31,511290,SH,275800.0
2019-10-31,511310,SH,313000.0
2019-10-31,512000,SH,5077185400.0
2019-10-31,512010,SH,441173700.0
2019-10-31,512040,SH,515857900.0
2019-10-31,512070,SH,805433300.0
2019-10-31,512090,SH,537592300.0
2019-10-31,512100,SH,305892000.0
2019-10-31,512120,SH,52247299.99999999
2019-10-31,512150,SH,169073400.0
2019-10-31,512160,SH,643777800.0
2019-10-31,512170,SH,85440200.0
2019-10-31,512180,SH,456048000.0
2019-10-31,512190,SH,444318400.0
2019-10-31,512200,SH,84376000.0
2019-10-31,512220,SH,253467600.0
2019-10-31,512260,SH,212497700.0
2019-10-31,512270,SH,84376800.0
2019-10-31,512280,SH,386005700.0
2019-10-31,512290,SH,339820700.0
2019-10-31,512300,SH,39617100.0
2019-10-31,512310,SH,104389000.0
2019-10-31,512330,SH,928188000.0
2019-10-31,512340,SH,51234000.0
2019-10-31,512360,SH,176337700.0
2019-10-31,512380,SH,1521805600.0
2019-10-31,512390,SH,204682000.0
2019-10-31,512400,SH,550937300.0
2019-10-31,512480,SH,363501800.0
2019-10-31,512500,SH,1998008800.0
2019-10-31,512510,SH,612429800.0
2019-10-31,512520,SH,337056400.0
2019-10-31,512530,SH,780502000.0
2019-10-31,512550,SH,201906000.0
2019-10-31,512560,SH,26563500.0
2019-10-31,512570,SH,29806100.0
2019-10-31,512580,SH,2407755700.0
2019-10-31,512590,SH,19503400.0
2019-10-31,512600,SH,5451200.0
2019-10-31,512610,SH,10640600.0
2019-10-31,512640,SH,27740900.0
2019-10-31,512650,SH,5794941600.0
2019-10-31,512660,SH,2733080000.0
2019-10-31,512670,SH,285326300.0
2019-10-31,512680,SH,640177900.0
2019-10-31,512690,SH,141125100.0
2019-10-31,512700,SH,231348200.0
2019-10-31,512710,SH,5866329200.0
2019-10-31,512720,SH,509453400.0
2019-10-31,512750,SH,948354900.0
2019-10-31,512760,SH,1330661400.0000002
2019-10-31,512770,SH,236767800.0
2019-10-31,512780,SH,91586500.0
2019-10-31,512790,SH,29984600.0
2019-10-31,512800,SH,1814540000.0
2019-10-31,512810,SH,84791700.0
2019-10-31,512820,SH,100001900.0
2019-10-31,512850,SH,24532000.0
2019-10-31,512860,SH,27626400.0
2019-10-31,512870,SH,73410600.0
2019-10-31,512880,SH,11562550900.0
2019-10-31,512890,SH,262555400.0
2019-10-31,512900,SH,2257906000.0
2019-10-31,512910,SH,528628800.0
2019-10-31,512920,SH,181092600.0
2019-10-31,512930,SH,242130300.0
2019-10-31,512950,SH,13125551000.0
2019-10-31,512960,SH,13891757300.0
2019-10-31,512980,SH,1551524400.0
2019-10-31,512990,SH,447543100.0
2019-10-31,513000,SH,96411400.0
2019-10-31,513030,SH,455779000.0
2019-10-31,513050,SH,1032432700.0
2019-10-31,513100,SH,222622100.0
2019-10-31,513500,SH,554819300.0
2019-10-31,513520,SH,42487200.0
2019-10-31,513600,SH,32829500.0
2019-10-31,513660,SH,347000100.0
2019-10-31,513680,SH,6746700.0
2019-10-31,513800,SH,51374399.99999999
2019-10-31,513880,SH,46970000.0
2019-10-31,513900,SH,42978000.0
2019-10-31,515000,SH,5001289700.0
2019-10-31,515050,SH,4849368500.0
2019-10-31,515300,SH,362675200.0
2019-10-31,515580,SH,1738015700.0
2019-10-31,515810,SH,656908800.0
2019-10-31,515860,SH,949878900.0
2019-10-31,515880,SH,2017462300.0
2019-10-31,518800,SH,154019900.0
2019-10-31,518880,SH,2498440800.0
2019-12-31,510010,SH,289524400.0
2019-12-31,510020,SH,65448000.0
2019-12-31,510030,SH,31028700.0
2019-12-31,510050,SH,15109866800.0
2019-12-31,510060,SH,73959200.0
2019-12-31,510070,SH,45124100.0
2019-12-31,510090,SH,52081100.0
2019-12-31,510100,SH,225234300.0
2019-12-31,510110,SH,9316800.0
2019-12-31,510120,SH,7192400.0
2019-12-31,510130,SH,59885100.0
2019-12-31,510150,SH,29931600.0
2019-12-31,510160,SH,946057400.0
2019-12-31,510170,SH,67728700.0
2019-12-31,510180,SH,5624557700.0
2019-12-31,510190,SH,26150800.0
2019-12-31,510210,SH,50638500.0
2019-12-31,510220,SH,19229200.0
2019-12-31,510230,SH,848261600.0
2019-12-31,510260,SH,13982700.0
2019-12-31,510270,SH,13832100.0
2019-12-31,510290,SH,140448900.0
2019-12-31,510300,SH,9850087700.0
2019-12-31,510310,SH,4744307400.0
2019-12-31,510330,SH,7471149800.0
2019-12-31,510350,SH,966714700.0
2019-12-31,510360,SH,2862229400.0
2019-12-31,510380,SH,4728802400.0
2019-12-31,510390,SH,1362350000.0
2019-12-31,510410,SH,182258400.0
2019-12-31,510430,SH,57924500.0
2019-12-31,510440,SH,22058300.0
2019-12-31,510500,SH,7802667200.0
2019-12-31,510510,SH,3329038300.0
2019-12-31,510550,SH,97743300.0
2019-12-31,510560,SH,636318700.0
2019-12-31,510580,SH,167896500.0
2019-12-31,510590,SH,453586100.0
2019-12-31,510600,SH,33115100.000000004
2019-12-31,510630,SH,75090400.0
2019-12-31,510650,SH,18452500.0
2019-12-31,510660,SH,52879700.0
2019-12-31,510680,SH,64324700.0
2019-12-31,510710,SH,217718900.0
2019-12-31,510800,SH,246576000.0
2019-12-31,510810,SH,12940093700.000002
2019-12-31,510850,SH,1928298900.0
2019-12-31,510880,SH,1058675700.0
2019-12-31,510890,SH,1302561700.0
2019-12-31,510900,SH,8128021899.999999
2019-12-31,511010,SH,3976300.0
2019-12-31,511020,SH,11201700.0
2019-12-31,511030,SH,51090700.0
2019-12-31,511060,SH,77396300.0
2019-12-31,511220,SH,18728100.0
2019-12-31,511230,SH,1867600.0
2019-12-31,511260,SH,6856500.0
2019-12-31,511270,SH,7177500.0
2019-12-31,511280,SH,417300.0
2019-12-31,511290,SH,275800.0
2019-12-31,511310,SH,313000.0
2019-12-31,512000,SH,5731211400.0
2019-12-31,512010,SH,686173700.0
2019-12-31,512040,SH,475857900.0
2019-12-31,512070,SH,867159900.0
2019-12-31,512090,SH,445592300.00000006
2019-12-31,512100,SH,278892000.0
2019-12-31,512120,SH,56747299.99999999
2019-12-31,512150,SH,119073400.0
2019-12-31,512160,SH,605777800.0
2019-12-31,512170,SH,307940200.0
2019-12-31,512180,SH,388048000.0
2019-12-31,512190,SH,286318400.0
2019-12-31,512200,SH,195376000.0
2019-12-31,512220,SH,226467600.0
2019-12-31,512260,SH,215697700.0
2019-12-31,512270,SH,64376800.0
2019-12-31,512280,SH,326005700.0
2019-12-31,512290,SH,419820700.0
2019-12-31,512300,SH,30117100.0
2019-12-31,512310,SH,76889000.0
2019-12-31,512330,SH,803688000.0
2019-12-31,512340,SH,39234000.0
2019-12-31,512360,SH,158337700.0
2019-12-31,512380,SH,1353805600.0
2019-12-31,512390,SH,204682000.0
2019-12-31,512400,SH,616039000.0
2019-12-31,512480,SH,516451400.0
2019-12-31,512500,SH,2106408800.0
2019-12-31,512510,SH,612429800.0
2019-12-31,512520,SH,293056400.0
2019-12-31,512530,SH,341502000.0
2019-12-31,512550,SH,111906000.0
2019-12-31,512560,SH,25563500.0
2019-12-31,512570,SH,29806100.0
2019-12-31,512580,SH,2335471700.0
2019-12-31,512590,SH,16503400.0
2019-12-31,512600,SH,5951200.0
2019-12-31,512610,SH,9640600.0
2019-12-31,512640,SH,27240900.0
2019-12-31,512650,SH,4684941600.0
2019-12-31,512660,SH,3230530500.0
2019-12-31,512670,SH,135326300.0
2019-12-31,512680,SH,566530100.0
2019-12-31,512690,SH,152125100.0
2019-12-31,512700,SH,280211800.0
2019-12-31,512710,SH,6044329200.0
2019-12-31,512720,SH,408453400.0
2019-12-31,512750,SH,758454900.0
2019-12-31,512760,SH,1947661400.0
2019-12-31,512770,SH,207767800.0
2019-12-31,512780,SH,85086500.0
2019-12-31,512790,SH,11984600.0
2019-12-31,512800,SH,2578879800.0
2019-12-31,512810,SH,81791700.0
2019-12-31,512820,SH,110501900.0
2019-12-31,512850,SH,23532000.0
2019-12-31,512860,SH,27626400.0
2019-12-31,512870,SH,38410600.0
2019-12-31,512880,SH,13423291399.999998
2019-12-31,512890,SH,177555400.0
2019-12-31,512900,SH,1993906000.0
2019-12-31,512910,SH,558628800.0
2019-12-31,512920,SH,121092600.0
2019-12-31,512930,SH,247130300.0
2019-12-31,512950,SH,13096551000.0
2019-12-31,512960,SH,13854257300.0
2019-12-31,512970,SH,4941987600.0
2019-12-31,512980,SH,1955924400.0
2019-12-31,512990,SH,437515400.0
2019-12-31,513000,SH,100411400.0
2019-12-31,513030,SH,418779000.0
2019-12-31,513050,SH,1004432700.0
2019-12-31,513100,SH,263622100.0
2019-12-31,513500,SH,700819299.9999999
2019-12-31,513520,SH,54887200.0
2019-12-31,513600,SH,39829500.0
2019-12-31,513660,SH,387000100.0
2019-12-31,513680,SH,6746700.0
2019-12-31,513800,SH,50734399.99999999
2019-12-31,513880,SH,47470000.0
2019-12-31,513900,SH,40978000.0
2019-12-31,515000,SH,5701289700.0
2019-12-31,515010,SH,411771600.00000006
2019-12-31,515020,SH,186845300.0
2019-12-31,515050,SH,7699068500.0
2019-12-31,515070,SH,945470200.0
2019-12-31,515080,SH,206148900.0
2019-12-31,515180,SH,881637000.0
2019-12-31,515200,SH,542943200.0
2019-12-31,515300,SH,301675200.0
2019-12-31,515310,SH,122111200.0
2019-12-31,515330,SH,4148709500.0
2019-12-31,515360,SH,24279300.0
2019-12-31,515520,SH,513866800.0
2019-12-31,515550,SH,105345700.0
2019-12-31,515580,SH,772015700.0000001
2019-12-31,515600,SH,8723977200.0
2019-12-31,515650,SH,661184000.0
2019-12-31,515660,SH,490294200.0
2019-12-31,515680,SH,13113264700.0
2019-12-31,515750,SH,1417140500.0
2019-12-31,515800,SH,4965437200.0
2019-12-31,515810,SH,401908800.0
2019-12-31,515860,SH,734878900.0
2019-12-31,515880,SH,1199462300.0
2019-12-31,515900,SH,16722646500.0
2019-12-31,518800,SH,317819900.0
2019-12-31,518880,SH,2078140800.0
2020-03-31,510010,SH,262524400.0
2020-03-31,510020,SH,53848000.0
2020-03-31,510030,SH,27028700.0
2020-03-31,510050,SH,15907266800.0
2020-03-31,510060,SH,70959200.0
2020-03-31,510070,SH,43124100.0
2020-03-31,510090,SH,45081100.0
2020-03-31,510100,SH,297234300.0
2020-03-31,510110,SH,7816799.999999999
2020-03-31,510120,SH,6592400.0
2020-03-31,510130,SH,55485100.0
2020-03-31,510150,SH,39131600.0
2020-03-31,510160,SH,846057400.0
2020-03-31,510170,SH,60728700.0
2020-03-31,510180,SH,5637557700.0
2020-03-31,510190,SH,24150800.0
2020-03-31,510210,SH,45138500.0
2020-03-31,510220,SH,18229200.0
2020-03-31,510230,SH,782261600.0
2020-03-31,510270,SH,14832100.0
2020-03-31,510290,SH,122448900.0
2020-03-31,510300,SH,11109187700.0
2020-03-31,510310,SH,4654307400.0
2020-03-31,510330,SH,7391049800.0
2020-03-31,510350,SH,910014700.0
2020-03-31,510360,SH,2537381200.0
2020-03-31,510380,SH,4725802400.0
2020-03-31,510390,SH,745850000.0
2020-03-31,510410,SH,265258400.0
2020-03-31,510430,SH,49924500.0
2020-03-31,510440,SH,22058300.0
2020-03-31,510500,SH,7232267200.0
2020-03-31,510510,SH,3041038300.0
2020-03-31,510530,SH,98479400.0
2020-03-31,510550,SH,37743300.0
2020-03-31,510560,SH,636318700.0
2020-03-31,510580,SH,154096500.0
2020-03-31,510590,SH,407186100.0
2020-03-31,510600,SH,22915100.000000004
2020-03-31,510630,SH,74090400.0
2020-03-31,510650,SH,17952500.0
2020-03-31,510660,SH,45879700.0
2020-03-31,510680,SH,30424700.0
2020-03-31,510710,SH,240818900.0
2020-03-31,510800,SH,281576000.0
2020-03-31,510810,SH,12466093700.000002
2020-03-31,510850,SH,739698900.0
2020-03-31,510880,SH,1669175700.0
2020-03-31,510890,SH,557561700.0
2020-03-31,510900,SH,9690021900.0
2020-03-31,511010,SH,4516300.0
2020-03-31,511020,SH,10901700.0
2020-03-31,511030,SH,50890700.0
2020-03-31,511060,SH,61146300.0
2020-03-31,511220,SH,17798100.0
2020-03-31,511230,SH,1867600.0
2020-03-31,511260,SH,1676500.0
2020-03-31,511270,SH,7657500.0
2020-03-31,511280,SH,247300.0
2020-03-31,511290,SH,115800.0
2020-03-31,511310,SH,283000.0
2020-03-31,512000,SH,12086417700.0
2020-03-31,512010,SH,691173700.0
2020-03-31,512040,SH,246857900.0
2020-03-31,512070,SH,839159900.0
2020-03-31,512090,SH,343592300.00000006
2020-03-31,512100,SH,278892000.0
2020-03-31,512120,SH,56747299.99999999
2020-03-31,512150,SH,87073400.0
2020-03-31,512160,SH,481777800.0
2020-03-31,512170,SH,718440200.0
2020-03-31,512180,SH,276048000.0
2020-03-31,512190,SH,114318400.0
2020-03-31,512200,SH,567376000.0
2020-03-31,512220,SH,280467600.0
2020-03-31,512260,SH,194897700.0
2020-03-31,512270,SH,35576800.0
2020-03-31,512280,SH,180005700.0
2020-03-31,512290,SH,733820700.0000001
2020-03-31,512300,SH,26617100.0
2020-03-31,512310,SH,69389000.0
2020-03-31,512330,SH,1299688000.0
2020-03-31,512340,SH,38234000.0
2020-03-31,512360,SH,107337700.0
2020-03-31,512380,SH,822805600.0
2020-03-31,512390,SH,201682000.0
2020-03-31,512400,SH,1052039000.0
2020-03-31,512480,SH,3177501800.0
2020-03-31,512500,SH,2138408800.0
2020-03-31,512510,SH,602429800.0
2020-03-31,512520,SH,205056400.0
2020-03-31,512530,SH,239502000.0
2020-03-31,512550,SH,98906000.0
2020-03-31,512560,SH,18563500.0
2020-03-31,512570,SH,30806100.0
2020-03-31,512580,SH,2232271700.0
2020-03-31,512590,SH,119503400.0
2020-03-31,512600,SH,5951200.0
2020-03-31,512610,SH,9140600.0
2020-03-31,512640,SH,35240900.0
2020-03-31,512650,SH,3972941600.0
2020-03-31,512660,SH,2303080000.0
2020-03-31,512670,SH,48826300.0
2020-03-31,512680,SH,368130100.0
2020-03-31,512690,SH,301125100.0
2020-03-31,512700,SH,265381000.0
2020-03-31,512710,SH,4984329200.0
2020-03-31,512720,SH,774453400.0
2020-03-31,512730,SH,212583900.0
2020-03-31,512750,SH,391254900.0
2020-03-31,512760,SH,6337661400.0
2020-03-31,512770,SH,195767800.0
2020-03-31,512780,SH,97586500.0
2020-03-31,512790,SH,8984600.0
2020-03-31,512800,SH,3205940000.0
2020-03-31,512810,SH,61791700.0
2020-03-31,512820,SH,166601900.0
2020-03-31,512850,SH,21532000.0
2020-03-31,512860,SH,24626400.0
2020-03-31,512870,SH,37410600.0
2020-03-31,512880,SH,19651291500.0
2020-03-31,512890,SH,100055400.0
2020-03-31,512900,SH,2883706000.0
2020-03-31,512910,SH,392128800.0
2020-03-31,512920,SH,58092600.0
2020-03-31,512930,SH,318130300.0
2020-03-31,512950,SH,13583551000.0
2020-03-31,512960,SH,12972257300.0
2020-03-31,512970,SH,1605987600.0
2020-03-31,512980,SH,2036924400.0
2020-03-31,512990,SH,404515400.0
2020-03-31,513000,SH,150411400.0
2020-03-31,513030,SH,1539279000.0
2020-03-31,513050,SH,1936432700.0
2020-03-31,513090,SH,787988000.0
2020-03-31,513100,SH,286622100.0
2020-03-31,513500,SH,974819300.0
2020-03-31,513520,SH,301687200.0
2020-03-31,513600,SH,64829500.0
2020-03-31,513660,SH,475000100.0
2020-03-31,513680,SH,6746700.0
2020-03-31,513800,SH,49844399.99999999
2020-03-31,513880,SH,103970000.0
2020-03-31,513900,SH,39978000.0
2020-03-31,515000,SH,8932289700.0
2020-03-31,515010,SH,358771600.00000006
2020-03-31,515020,SH,150845300.0
2020-03-31,515030,SH,13392884000.0
2020-03-31,515050,SH,30987068500.0
2020-03-31,515060,SH,140478100.0
2020-03-31,515070,SH,910970200.0
2020-03-31,515080,SH,222148900.0
2020-03-31,515090,SH,1309801700.0
2020-03-31,515110,SH,8372295000.0
2020-03-31,515150,SH,7423703199.999999
2020-03-31,515160,SH,261955100.0
2020-03-31,515180,SH,912637000.0
2020-03-31,515200,SH,294943200.0
2020-03-31,515210,SH,278226100.0
2020-03-31,515220,SH,274588500.0
2020-03-31,515300,SH,231175200.0
2020-03-31,515310,SH,55611200.0
2020-03-31,515330,SH,6362709500.0
2020-03-31,515350,SH,84599200.0
2020-03-31,515360,SH,24279300.0
2020-03-31,515380,SH,1781199800.0
2020-03-31,515390,SH,200683000.0
2020-03-31,515450,SH,900835000.0
2020-03-31,515520,SH,242866800.0
2020-03-31,515550,SH,169345700.0
2020-03-31,515580,SH,844015700.0000001
2020-03-31,515590,SH,182113700.0
2020-03-31,515600,SH,6318797400.0
2020-03-31,515650,SH,791184000.0
2020-03-31,515660,SH,496594200.0
2020-03-31,515680,SH,11337264700.0
2020-03-31,515700,SH,6364510200.0
2020-03-31,515750,SH,2242140500.0
2020-03-31,515800,SH,4441437200.0
2020-03-31,515810,SH,164908800.0
2020-03-31,515850,SH,234791000.0
2020-03-31,515860,SH,648878900.0
2020-03-31,515870,SH,76498900.0
2020-03-31,515880,SH,3586462300.0
2020-03-31,515900,SH,15462646500.0
2020-03-31,515980,SH,581064500.0
2020-03-31,515990,SH,3276350200.0
2020-03-31,518800,SH,157619900.0
2020-03-31,518880,SH,2482240800.0
2020-04-30,510010,SH,260524400.0
2020-04-30,510020,SH,53548000.0
2020-04-30,510030,SH,26528700.0
2020-04-30,510050,SH,14344866800.0
2020-04-30,510060,SH,69959200.0
2020-04-30,510070,SH,42624100.0
2020-04-30,510090,SH,45081100.0
2020-04-30,510100,SH,284234300.0
2020-04-30,510110,SH,7516799.999999999
2020-04-30,510120,SH,6592400.0
2020-04-30,510130,SH,55085100.0
2020-04-30,510150,SH,40731600.0
2020-04-30,510160,SH,838057400.0
2020-04-30,510170,SH,59728700.0
2020-04-30,510180,SH,5619057700.0
2020-04-30,510190,SH,23150800.0
2020-04-30,510210,SH,43638500.0
2020-04-30,510220,SH,18229200.0
2020-04-30,510230,SH,802761600.0
2020-04-30,510270,SH,13832100.0
2020-04-30,510290,SH,120448900.0
2020-04-30,510300,SH,10809487700.0
2020-04-30,510310,SH,5146307400.0
2020-04-30,510330,SH,7582749800.0
2020-04-30,510350,SH,903714700.0
2020-04-30,510360,SH,2606381200.0
2020-04-30,510380,SH,4755802400.0
2020-04-30,510390,SH,753050000.0
2020-04-30,510410,SH,262258400.0
2020-04-30,510430,SH,49924500.0
2020-04-30,510440,SH,22058300.0
2020-04-30,510500,SH,7281867200.0
2020-04-30,510510,SH,3151038300.0
2020-04-30,510530,SH,101479400.0
2020-04-30,510550,SH,33743300.0
2020-04-30,510560,SH,636318700.0
2020-04-30,510580,SH,155896500.0
2020-04-30,510590,SH,411986100.0
2020-04-30,510600,SH,19315100.0
2020-04-30,510630,SH,75590400.0
2020-04-30,510650,SH,17952500.0
2020-04-30,510660,SH,42879700.0
2020-04-30,510680,SH,17524700.0
2020-04-30,510710,SH,238118900.0
2020-04-30,510800,SH,235576000.0
2020-04-30,510810,SH,12080093700.000002
2020-04-30,510850,SH,724098900.0
2020-04-30,510880,SH,1729675700.0
2020-04-30,510890,SH,557561700.0
2020-04-30,510900,SH,9128021900.0
2020-04-30,511010,SH,6176300.0
2020-04-30,511020,SH,10901700.0
2020-04-30,511030,SH,50890700.0
2020-04-30,511060,SH,51896300.0
2020-04-30,511220,SH,17738100.0
2020-04-30,511230,SH,1867600.0
2020-04-30,511260,SH,1946500.0
2020-04-30,511270,SH,7657500.0
2020-04-30,511280,SH,247300.0
2020-04-30,511290,SH,115800.0
2020-04-30,511310,SH,273000.0
2020-04-30,511380,SH,61186700.0
2020-04-30,512000,SH,12107717700.0
2020-04-30,512010,SH,634173700.0
2020-04-30,512040,SH,240857900.0
2020-04-30,512070,SH,843159900.0
2020-04-30,512090,SH,343592300.00000006
2020-04-30,512100,SH,251892000.0
2020-04-30,512120,SH,52747299.99999999
2020-04-30,512150,SH,85073400.0
2020-04-30,512160,SH,445777800.0
2020-04-30,512170,SH,546440200.0
2020-04-30,512180,SH,236048000.0
2020-04-30,512190,SH,107318400.0
2020-04-30,512200,SH,538376000.0
2020-04-30,512220,SH,275967600.0
2020-04-30,512260,SH,183697700.0
2020-04-30,512270,SH,33976800.0
2020-04-30,512280,SH,170005700.0
2020-04-30,512290,SH,782820700.0000001
2020-04-30,512300,SH,21617100.0
2020-04-30,512310,SH,68889000.0
2020-04-30,512330,SH,1331688000.0
2020-04-30,512340,SH,37234000.0
2020-04-30,512360,SH,110337700.0
2020-04-30,512380,SH,789805600.0
2020-04-30,512390,SH,201682000.0
2020-04-30,512400,SH,1113539000.0
2020-04-30,512480,SH,2992501800.0
2020-04-30,512500,SH,2157608800.0
2020-04-30,512510,SH,588429800.0
2020-04-30,512520,SH,193056400.0
2020-04-30,512530,SH,230502000.0
2020-04-30,512550,SH,88906000.0
2020-04-30,512560,SH,19563500.0
2020-04-30,512570,SH,30806100.0
2020-04-30,512580,SH,2189671700.0
2020-04-30,512590,SH,144503400.0
2020-04-30,512600,SH,9951200.0
2020-04-30,512610,SH,7640599.999999999
2020-04-30,512640,SH,33740900.0
2020-04-30,512650,SH,3730941600.0
2020-04-30,512660,SH,2397080000.0
2020-04-30,512670,SH,47826300.0
2020-04-30,512680,SH,388130100.0
2020-04-30,512690,SH,220625100.0
2020-04-30,512700,SH,270581000.0
2020-04-30,512710,SH,4888329200.0
2020-04-30,512720,SH,762453400.0
2020-04-30,512730,SH,196083900.0
2020-04-30,512750,SH,381354900.0
2020-04-30,512760,SH,5989661400.0
2020-04-30,512770,SH,195767800.0
2020-04-30,512780,SH,89086500.0
2020-04-30,512790,SH,5984600.0
2020-04-30,512800,SH,2894240000.0
2020-04-30,512810,SH,67791700.0
2020-04-30,512820,SH,163601900.0
2020-04-30,512850,SH,21532000.0
2020-04-30,512860,SH,24626400.0
2020-04-30,512870,SH,36410600.0
2020-04-30,512880,SH,18671291500.0
2020-04-30,512890,SH,99055400.0
2020-04-30,512900,SH,3131206000.0
2020-04-30,512910,SH,375628800.0
2020-04-30,512920,SH,55092600.0
2020-04-30,512930,SH,310130300.0
2020-04-30,512950,SH,13583551000.0
2020-04-30,512960,SH,12977257300.0
2020-04-30,512970,SH,1602987600.0
2020-04-30,512980,SH,2182424400.0
2020-04-30,512990,SH,407515400.0
2020-04-30,513000,SH,128411400.0
2020-04-30,513030,SH,1432279000.0
2020-04-30,513050,SH,1948432700.0
2020-04-30,513090,SH,583488000.0
2020-04-30,513100,SH,286622100.0
2020-04-30,513500,SH,1003819300.0
2020-04-30,513520,SH,242487200.0
2020-04-30,513600,SH,64829500.0
2020-04-30,513660,SH,469000100.0
2020-04-30,513680,SH,6746700.0
2020-04-30,513800,SH,55044399.99999999
2020-04-30,513880,SH,80970000.0
2020-04-30,513900,SH,37978000.0
2020-04-30,515000,SH,8018289700.0
2020-04-30,515010,SH,379271600.00000006
2020-04-30,515020,SH,166345300.0
2020-04-30,515030,SH,12653384000.0
2020-04-30,515050,SH,25871068500.0
2020-04-30,515060,SH,125478100.0
2020-04-30,515070,SH,801470200.0
2020-04-30,515080,SH,210148900.0
2020-04-30,515090,SH,1259801700.0
2020-04-30,515110,SH,8384295000.0
2020-04-30,515150,SH,7422703199.999999
2020-04-30,515160,SH,233955100.0
2020-04-30,515180,SH,887637000.0
2020-04-30,515200,SH,258943200.0
2020-04-30,515210,SH,229226100.0
2020-04-30,515220,SH,252588500.0
2020-04-30,515280,SH,49218600.0
2020-04-30,515300,SH,224175200.0
2020-04-30,515310,SH,48611200.0
2020-04-30,515330,SH,6818709500.0
2020-04-30,515350,SH,83699200.0
2020-04-30,515360,SH,26279300.0
2020-04-30,515380,SH,1777599800.0
2020-04-30,515390,SH,182683000.0
2020-04-30,515450,SH,890835000.0
2020-04-30,515520,SH,217866800.0
2020-04-30,515550,SH,129345700.0
2020-04-30,515570,SH,233443900.0
2020-04-30,515580,SH,908015700.0
2020-04-30,515590,SH,158113700.0
2020-04-30,515600,SH,5498797400.0
2020-04-30,515630,SH,576717700.0
2020-04-30,515650,SH,807184000.0
2020-04-30,515660,SH,497494200.0
2020-04-30,515680,SH,10249264700.0
2020-04-30,515700,SH,5717510200.0
2020-04-30,515750,SH,2081140500.0
2020-04-30,515800,SH,4413437200.0
2020-04-30,515810,SH,152908800.0
2020-04-30,515850,SH,223291000.0
2020-04-30,515860,SH,583878900.0
2020-04-30,515870,SH,73498900.0
2020-04-30,515880,SH,3126462300.0
2020-04-30,515890,SH,159443900.0
2020-04-30,515900,SH,14900646500.0
2020-04-30,515950,SH,99200600.0
2020-04-30,515980,SH,525064500.0
2020-04-30,515990,SH,3276350200.0
2020-04-30,518800,SH,133319900.0
2020-04-30,518880,SH,2838340800.0
2020-06-30,510010,SH,253524400.0
2020-06-30,510020,SH,49848000.0
2020-06-30,510030,SH,22028700.0
2020-06-30,510050,SH,13344066800.0
2020-06-30,510060,SH,65959200.0
2020-06-30,510070,SH,5124100.0
2020-06-30,510090,SH,42581100.0
2020-06-30,510100,SH,229234300.0
2020-06-30,510110,SH,7216799.999999999
2020-06-30,510120,SH,6292400.0
2020-06-30,510130,SH,51485100.0
2020-06-30,510150,SH,39931600.0
2020-06-30,510160,SH,790057400.0
2020-06-30,510170,SH,57228700.0
2020-06-30,510180,SH,5579057700.0
2020-06-30,510190,SH,23150800.0
2020-06-30,510200,SH,227885500.0
2020-06-30,510210,SH,62138500.0
2020-06-30,510220,SH,7729200.0
2020-06-30,510230,SH,895761600.0
2020-06-30,510270,SH,11832100.0
2020-06-30,510290,SH,106448900.0
2020-06-30,510300,SH,8169787700.0
2020-06-30,510310,SH,4020307400.0
2020-06-30,510330,SH,6441549800.0
2020-06-30,510350,SH,856914700.0
2020-06-30,510360,SH,2621381200.0
2020-06-30,510380,SH,4755802400.0
2020-06-30,510390,SH,721550000.0
2020-06-30,510410,SH,296258400.0
2020-06-30,510430,SH,48924500.0
2020-06-30,510440,SH,22058300.0
2020-06-30,510500,SH,5999467200.0
2020-06-30,510510,SH,2329038300.0
2020-06-30,510530,SH,68979400.0
2020-06-30,510550,SH,19743300.0
2020-06-30,510560,SH,630318700.0
2020-06-30,510580,SH,116896500.0
2020-06-30,510590,SH,428386100.0
2020-06-30,510600,SH,14815100.0
2020-06-30,510630,SH,83090400.00000001
2020-06-30,510650,SH,17952500.0
2020-06-30,510660,SH,38879700.0
2020-06-30,510680,SH,2524700.0
2020-06-30,510690,SH,224842500.0
2020-06-30,510710,SH,223418900.0
2020-06-30,510800,SH,198576000.0
2020-06-30,510810,SH,12011093700.000002
2020-06-30,510850,SH,579498900.0
2020-06-30,510880,SH,1853175700.0
2020-06-30,510890,SH,368561700.0
2020-06-30,510900,SH,8057021899.999999
2020-06-30,511010,SH,8926300.0
2020-06-30,511020,SH,10901700.0
2020-06-30,511030,SH,50490700.0
2020-06-30,511060,SH,45646300.0
2020-06-30,511220,SH,17258100.0
2020-06-30,511230,SH,1867600.0
2020-06-30,511260,SH,4296500.0
2020-06-30,511270,SH,7657500.0
2020-06-30,511280,SH,287300.0
2020-06-30,511290,SH,115800.0
2020-06-30,511310,SH,273000.0
2020-06-30,511380,SH,59286700.0
2020-06-30,512000,SH,12117617700.0
2020-06-30,512010,SH,807173700.0
2020-06-30,512040,SH,175857900.0
2020-06-30,512070,SH,1013159900.0
2020-06-30,512090,SH,331592300.00000006
2020-06-30,512100,SH,218892000.0
2020-06-30,512120,SH,53747299.99999999
2020-06-30,512150,SH,18073400.0
2020-06-30,512160,SH,397777800.0
2020-06-30,512170,SH,622940200.0
2020-06-30,512180,SH,188048000.0
2020-06-30,512190,SH,64318400.0
2020-06-30,512200,SH,592876000.0
2020-06-30,512220,SH,362967600.0
2020-06-30,512260,SH,161297700.0
2020-06-30,512270,SH,31576800.0
2020-06-30,512280,SH,138005700.0
2020-06-30,512290,SH,1173820700.0
2020-06-30,512300,SH,24117100.0
2020-06-30,512310,SH,64389000.0
2020-06-30,512330,SH,1175688000.0
2020-06-30,512340,SH,32734000.0
2020-06-30,512360,SH,89337700.0
2020-06-30,512380,SH,456805600.0
2020-06-30,512390,SH,201682000.0
2020-06-30,512400,SH,1215039000.0
2020-06-30,512480,SH,2776501800.0
2020-06-30,512500,SH,1626408800.0
2020-06-30,512510,SH,426429800.00000006
2020-06-30,512520,SH,177056400.0
2020-06-30,512530,SH,211502000.0
2020-06-30,512550,SH,75906000.0
2020-06-30,512560,SH,29563500.0
2020-06-30,512570,SH,30806100.0
2020-06-30,512580,SH,2066671700.0
2020-06-30,512590,SH,169503400.0
2020-06-30,512600,SH,13951199.999999998
2020-06-30,512610,SH,7640599.999999999
2020-06-30,512640,SH,31740900.0
2020-06-30,512650,SH,2920941599.9999995
2020-06-30,512660,SH,2645080000.0
2020-06-30,512670,SH,49826300.0
2020-06-30,512680,SH,480930100.0
2020-06-30,512690,SH,268125100.0
2020-06-30,512700,SH,336181000.0
2020-06-30,512710,SH,4512329200.0
2020-06-30,512720,SH,681453400.0
2020-06-30,512730,SH,169583900.0
2020-06-30,512750,SH,347154900.0
2020-06-30,512760,SH,5104661400.0
2020-06-30,512770,SH,203767800.0
2020-06-30,512780,SH,80586500.0
2020-06-30,512790,SH,2984600.0
2020-06-30,512800,SH,3670940000.0
2020-06-30,512810,SH,67791700.0
2020-06-30,512820,SH,178901900.0
2020-06-30,512850,SH,21532000.0
2020-06-30,512860,SH,18626400.0
2020-06-30,512870,SH,78410600.0
2020-06-30,512880,SH,19514291500.0
2020-06-30,512890,SH,82555400.00000001
2020-06-30,512900,SH,3498706000.0
2020-06-30,512910,SH,333628800.0
2020-06-30,512920,SH,37092600.0
2020-06-30,512930,SH,280130300.0
2020-06-30,512950,SH,13579551000.0
2020-06-30,512960,SH,12981257300.0
2020-06-30,512970,SH,1217987600.0
2020-06-30,512980,SH,2102924400.0
2020-06-30,512990,SH,566515400.0
2020-06-30,513000,SH,77411400.0
2020-06-30,513030,SH,1208779000.0
2020-06-30,513050,SH,1918432700.0
2020-06-30,513080,SH,77916000.0
2020-06-30,513090,SH,328488000.0
2020-06-30,513100,SH,286622100.0
2020-06-30,513500,SH,996819300.0
2020-06-30,513520,SH,116887200.0
2020-06-30,513600,SH,73829500.0
2020-06-30,513660,SH,429000100.0
2020-06-30,513680,SH,6746700.0
2020-06-30,513800,SH,53044399.99999999
2020-06-30,513880,SH,57970000.0
2020-06-30,513900,SH,37978000.0
2020-06-30,515000,SH,5888289700.0
2020-06-30,515010,SH,418271600.00000006
2020-06-30,515020,SH,174345300.0
2020-06-30,515030,SH,10044884000.0
2020-06-30,515050,SH,20003068500.0
2020-06-30,515060,SH,111478100.0
2020-06-30,515070,SH,630470200.0
2020-06-30,515080,SH,174148900.0
2020-06-30,515090,SH,1210801700.0
2020-06-30,515110,SH,1642295000.0
2020-06-30,515130,SH,43463200.0
2020-06-30,515150,SH,2531703200.0
2020-06-30,515160,SH,77955100.0
2020-06-30,515180,SH,843637000.0
2020-06-30,515190,SH,249466100.0
2020-06-30,515200,SH,168943200.0
2020-06-30,515210,SH,164226100.0
2020-06-30,515220,SH,242588500.0
2020-06-30,515280,SH,26418600.0
2020-06-30,515300,SH,183675200.0
2020-06-30,515310,SH,27611200.0
2020-06-30,515330,SH,5552709500.0
2020-06-30,515350,SH,66599200.0
2020-06-30,515360,SH,42779300.0
2020-06-30,515380,SH,1800099800.0
2020-06-30,515390,SH,140683000.0
2020-06-30,515450,SH,691335000.0
2020-06-30,515510,SH,44534000.0
2020-06-30,515520,SH,121866800.0
2020-06-30,515550,SH,75345700.0
2020-06-30,515570,SH,191443900.0
2020-06-30,515580,SH,854015700.0000001
2020-06-30,515590,SH,102113700.0
2020-06-30,515600,SH,4679797400.0
2020-06-30,515620,SH,75157700.0
2020-06-30,515630,SH,363217700.0
2020-06-30,515650,SH,657184000.0
2020-06-30,515660,SH,464194200.0
2020-06-30,515670,SH,85822500.0
2020-06-30,515680,SH,8425264700.0
2020-06-30,515690,SH,56588000.0
2020-06-30,515700,SH,4118510200.0
2020-06-30,515750,SH,1594140500.0
2020-06-30,515770,SH,459727300.00000006
2020-06-30,515780,SH,398785200.0
2020-06-30,515800,SH,2697437199.9999995
2020-06-30,515810,SH,110908800.0
2020-06-30,515820,SH,31526100.0
2020-06-30,515850,SH,210291000.0
2020-06-30,515860,SH,447878900.0
2020-06-30,515870,SH,53498900.0
2020-06-30,515880,SH,2364462300.0
2020-06-30,515890,SH,82443900.0
2020-06-30,515900,SH,12911646500.0
2020-06-30,515930,SH,27474700.0
2020-06-30,515950,SH,85200600.0
2020-06-30,515960,SH,174991900.0
2020-06-30,515980,SH,449064500.0
2020-06-30,515990,SH,1959350200.0
2020-06-30,518660,SH,65552700.00000001
2020-06-30,518800,SH,148919900.0
2020-06-30,518850,SH,48978700.0
2020-06-30,518880,SH,2784640800.0
2020-07-31,510010,SH,234524400.0
2020-07-31,510020,SH,47348000.0
2020-07-31,510030,SH,21528700.0
2020-07-31,510050,SH,14638266800.0
2020-07-31,510060,SH,62959200.0
2020-07-31,510070,SH,5124100.0
2020-07-31,510090,SH,39081100.0
2020-07-31,510100,SH,334234300.0
2020-07-31,510110,SH,9016800.0
2020-07-31,510120,SH,5992400.0
2020-07-31,510130,SH,50285100.0
2020-07-31,510150,SH,56331600.0
2020-07-31,510160,SH,710057400.0
2020-07-31,510170,SH,55228700.0
2020-07-31,510180,SH,5674557700.0
2020-07-31,510190,SH,24150800.0
2020-07-31,510200,SH,357385500.0
2020-07-31,510210,SH,156138500.0
2020-07-31,510220,SH,5729200.0
2020-07-31,510230,SH,880261600.0
2020-07-31,510270,SH,14832100.0
2020-07-31,510290,SH,96448900.0
2020-07-31,510300,SH,7990687700.0
2020-07-31,510310,SH,3902307400.0
2020-07-31,510330,SH,6113949800.0
2020-07-31,510350,SH,782214700.0
2020-07-31,510360,SH,1745381200.0
2020-07-31,510380,SH,4098802400.0
2020-07-31,510390,SH,466850000.0
2020-07-31,510410,SH,671258400.0
2020-07-31,510430,SH,46924500.0
2020-07-31,510440,SH,23058300.0
2020-07-31,510500,SH,5628667200.0
2020-07-31,510510,SH,2051038300.0
2020-07-31,510530,SH,55479399.99999999
2020-07-31,510550,SH,21743300.0
2020-07-31,510560,SH,588318700.0
2020-07-31,510580,SH,121696500.0
2020-07-31,510590,SH,305986100.0
2020-07-31,510600,SH,16915100.0
2020-07-31,510630,SH,95590400.0
2020-07-31,510650,SH,35452500.0
2020-07-31,510660,SH,40379700.0
2020-07-31,510680,SH,22924700.0
2020-07-31,510690,SH,120842500.0
2020-07-31,510710,SH,247118900.0
2020-07-31,510800,SH,389576000.0
2020-07-31,510810,SH,11918093700.000002
2020-07-31,510850,SH,101898900.0
2020-07-31,510880,SH,1810175700.0
2020-07-31,510890,SH,275561700.0
2020-07-31,510900,SH,8288021899.999999
2020-07-31,511010,SH,9496300.0
2020-07-31,511020,SH,10901700.0
2020-07-31,511030,SH,50490700.0
2020-07-31,511050,SH,4015500.0
2020-07-31,511060,SH,14206300.000000002
2020-07-31,511220,SH,17198100.0
2020-07-31,511230,SH,1867600.0
2020-07-31,511260,SH,4096500.0
2020-07-31,511270,SH,7657500.0
2020-07-31,511280,SH,287300.0
2020-07-31,511290,SH,115800.0
2020-07-31,511310,SH,273000.0
2020-07-31,511380,SH,77786700.0
2020-07-31,512000,SH,13588817700.0
2020-07-31,512010,SH,913173700.0
2020-07-31,512040,SH,145857900.0
2020-07-31,512070,SH,1259159900.0
2020-07-31,512090,SH,319592300.0
2020-07-31,512100,SH,233892000.0
2020-07-31,512120,SH,62247299.99999999
2020-07-31,512150,SH,31073400.0
2020-07-31,512160,SH,377777800.0
2020-07-31,512170,SH,916440200.0
2020-07-31,512180,SH,156048000.0
2020-07-31,512190,SH,48318400.0
2020-07-31,512200,SH,1608376000.0
2020-07-31,512220,SH,325467600.0
2020-07-31,512260,SH,144497700.0
2020-07-31,512270,SH,17976800.0
2020-07-31,512280,SH,132005700.0
2020-07-31,512290,SH,1888820700.0
2020-07-31,512300,SH,29617100.0
2020-07-31,512310,SH,72889000.0
2020-07-31,512330,SH,896188000.0
2020-07-31,512340,SH,40734000.0
2020-07-31,512360,SH,86337700.0
2020-07-31,512380,SH,261805600.0
2020-07-31,512390,SH,222682000.0
2020-07-31,512400,SH,4260039000.0
2020-07-31,512480,SH,2865501800.0
2020-07-31,512500,SH,1594408800.0
2020-07-31,512510,SH,326429800.0
2020-07-31,512520,SH,217056400.0
2020-07-31,512530,SH,134502000.0
2020-07-31,512550,SH,86906000.0
2020-07-31,512560,SH,141563500.0
2020-07-31,512570,SH,51806100.0
2020-07-31,512580,SH,2015671700.0
2020-07-31,512590,SH,100503400.0
2020-07-31,512600,SH,26201200.0
2020-07-31,512610,SH,8640600.0
2020-07-31,512640,SH,59740900.0
2020-07-31,512650,SH,2490941600.0
2020-07-31,512660,SH,6173080000.0
2020-07-31,512670,SH,113326300.0
2020-07-31,512680,SH,1942530100.0
2020-07-31,512690,SH,541125100.0
2020-07-31,512700,SH,386381000.0
2020-07-31,512710,SH,3444329200.0
2020-07-31,512720,SH,773453400.0
2020-07-31,512730,SH,113083900.0
2020-07-31,512750,SH,243654900.00000003
2020-07-31,512760,SH,5390661400.0
2020-07-31,512770,SH,214767800.0
2020-07-31,512780,SH,73586500.0
2020-07-31,512800,SH,6399140000.0
2020-07-31,512810,SH,122791700.0
2020-07-31,512820,SH,250601900.0
2020-07-31,512850,SH,19532000.0
2020-07-31,512860,SH,15626400.000000002
2020-07-31,512870,SH,66410600.00000001
2020-07-31,512880,SH,22209291500.0
2020-07-31,512890,SH,60055400.0
2020-07-31,512900,SH,3725806000.0
2020-07-31,512910,SH,392128800.0
2020-07-31,512920,SH,35092600.0
2020-07-31,512930,SH,303130300.0
2020-07-31,512950,SH,11009551000.0
2020-07-31,512960,SH,12639257300.0
2020-07-31,512970,SH,300987600.0
2020-07-31,512980,SH,2290424400.0
2020-07-31,512990,SH,677515399.9999999
2020-07-31,513000,SH,73911400.0
2020-07-31,513030,SH,1022779000.0
2020-07-31,513050,SH,1986432700.0
2020-07-31,513080,SH,54916000.0
2020-07-31,513090,SH,569988000.0
2020-07-31,513100,SH,286622100.0
2020-07-31,513500,SH,837819299.9999999
2020-07-31,513520,SH,90887200.0
2020-07-31,513600,SH,90829500.0
2020-07-31,513660,SH,383000100.0
2020-07-31,513680,SH,26746700.0
2020-07-31,513800,SH,52644399.99999999
2020-07-31,513880,SH,56970000.0
2020-07-31,513900,SH,37978000.0
2020-07-31,515000,SH,5814289700.0
2020-07-31,515010,SH,540771600.0
2020-07-31,515020,SH,219345300.0
2020-07-31,515030,SH,8672384000.0
2020-07-31,515050,SH,17455068500.0
2020-07-31,515060,SH,114478100.0
2020-07-31,515070,SH,1218470200.0
2020-07-31,515080,SH,150148900.0
2020-07-31,515090,SH,456801700.0
2020-07-31,515100,SH,242941500.0
2020-07-31,515110,SH,1443295000.0
2020-07-31,515130,SH,202463200.0
2020-07-31,515150,SH,1050703200.0
2020-07-31,515160,SH,57955100.0
2020-07-31,515180,SH,749637000.0
2020-07-31,515190,SH,167466100.0
2020-07-31,515200,SH,166943200.0
2020-07-31,515210,SH,237226100.0
2020-07-31,515220,SH,458588500.0
2020-07-31,515260,SH,2844284200.0
2020-07-31,515280,SH,161418600.0
2020-07-31,515300,SH,125175200.0
2020-07-31,515310,SH,20611200.0
2020-07-31,515330,SH,4466709500.0
2020-07-31,515350,SH,36899200.0
2020-07-31,515360,SH,44279300.0
2020-07-31,515380,SH,1853199800.0
2020-07-31,515390,SH,112683000.0
2020-07-31,515450,SH,314335000.0
2020-07-31,515510,SH,34534000.0
2020-07-31,515520,SH,97866800.0
2020-07-31,515550,SH,47345700.0
2020-07-31,515560,SH,1385883299.9999998
2020-07-31,515570,SH,76443900.0
2020-07-31,515580,SH,790015700.0000001
2020-07-31,515590,SH,80113700.0
2020-07-31,515600,SH,2898797400.0
2020-07-31,515620,SH,45157700.00000001
2020-07-31,515630,SH,195217700.0
2020-07-31,515650,SH,665184000.0
2020-07-31,515660,SH,302194200.0
2020-07-31,515670,SH,69322500.0
2020-07-31,515680,SH,5403264700.0
2020-07-31,515690,SH,160088000.0
2020-07-31,515700,SH,3607510200.0
2020-07-31,515750,SH,1416140500.0
2020-07-31,515770,SH,441727300.00000006
2020-07-31,515780,SH,185785200.0
2020-07-31,515800,SH,2073437200.0
2020-07-31,515810,SH,113908800.0
2020-07-31,515820,SH,24526100.0
2020-07-31,515830,SH,44153100.00000001
2020-07-31,515850,SH,181291000.0
2020-07-31,515860,SH,411878900.0
2020-07-31,515870,SH,37498900.0
2020-07-31,515880,SH,1838462300.0
2020-07-31,515890,SH,55443900.0
2020-07-31,515900,SH,9530646500.0
2020-07-31,515930,SH,40074700.0
2020-07-31,515950,SH,91200600.0
2020-07-31,515960,SH,179991900.0
2020-07-31,515980,SH,503064500.0
2020-07-31,515990,SH,973350200.0
2020-07-31,518660,SH,37952700.0
2020-07-31,518680,SH,68358000.0
2020-07-31,518800,SH,159719900.0
2020-07-31,518850,SH,54678700.0
2020-07-31,518880,SH,2847340800.0
2020-08-31,510010,SH,235524400.0
2020-08-31,510020,SH,44148000.0
2020-08-31,510030,SH,21028700.0
2020-08-31,510050,SH,14370966800.0
2020-08-31,510060,SH,59959200.0
2020-08-31,510090,SH,37081100.0
2020-08-31,510100,SH,307234300.0
2020-08-31,510110,SH,8716800.0
2020-08-31,510120,SH,6292400.0
2020-08-31,510130,SH,47485100.0
2020-08-31,510150,SH,55931600.0
2020-08-31,510160,SH,668057400.0
2020-08-31,510170,SH,56728700.0
2020-08-31,510180,SH,5653057700.0
2020-08-31,510190,SH,22150800.0
2020-08-31,510200,SH,363385500.0
2020-08-31,510210,SH,129638500.0
2020-08-31,510220,SH,4729200.0
2020-08-31,510230,SH,4396808000.0
2020-08-31,510270,SH,14832100.0
2020-08-31,510290,SH,90448900.0
2020-08-31,510300,SH,7626187700.0
2020-08-31,510310,SH,3742307400.0
2020-08-31,510330,SH,5865549800.0
2020-08-31,510350,SH,775014700.0
2020-08-31,510360,SH,1535381200.0
2020-08-31,510380,SH,4095802400.0
2020-08-31,510390,SH,364250000.0
2020-08-31,510410,SH,590258400.0
2020-08-31,510430,SH,45924500.0
2020-08-31,510440,SH,20058300.0
2020-08-31,510500,SH,5311467200.0
2020-08-31,510510,SH,1793038299.9999998
2020-08-31,510530,SH,53479399.99999999
2020-08-31,510550,SH,17743300.0
2020-08-31,510560,SH,588318700.0
2020-08-31,510570,SH,170560600.0
2020-08-31,510580,SH,121696500.0
2020-08-31,510590,SH,302786100.0
2020-08-31,510600,SH,66115100.0
2020-08-31,510630,SH,60090400.0
2020-08-31,510650,SH,37452500.0
2020-08-31,510660,SH,37379700.0
2020-08-31,510680,SH,58024700.0
2020-08-31,510690,SH,113842500.0
2020-08-31,510710,SH,211718900.0
2020-08-31,510800,SH,320576000.0
2020-08-31,510810,SH,11987093700.000002
2020-08-31,510850,SH,95898900.0
2020-08-31,510880,SH,1708675700.0
2020-08-31,510890,SH,275561700.0
2020-08-31,510900,SH,8291021899.999999
2020-08-31,511010,SH,9776300.0
2020-08-31,511020,SH,10901700.0
2020-08-31,511030,SH,50490700.0
2020-08-31,511050,SH,4015500.0
2020-08-31,511060,SH,7326300.0
2020-08-31,511180,SH,60259700.0
2020-08-31,511220,SH,16838100.0
2020-08-31,511230,SH,1867600.0
2020-08-31,511260,SH,3376500.0
2020-08-31,511270,SH,7667500.0
2020-08-31,511280,SH,277300.0
2020-08-31,511290,SH,115800.0
2020-08-31,511310,SH,273000.0
2020-08-31,511380,SH,82786700.0
2020-08-31,512000,SH,14421617700.0
2020-08-31,512010,SH,894173700.0
2020-08-31,512040,SH,163857900.0
2020-08-31,512070,SH,1243159900.0
2020-08-31,512090,SH,325592300.0
2020-08-31,512100,SH,212892000.0
2020-08-31,512120,SH,65247299.99999999
2020-08-31,512150,SH,23073400.0
2020-08-31,512160,SH,371777800.0
2020-08-31,512170,SH,653940200.0
2020-08-31,512180,SH,148048000.0
2020-08-31,512190,SH,42318400.0
2020-08-31,512200,SH,1596376000.0
2020-08-31,512220,SH,313467600.0
2020-08-31,512260,SH,134897700.0
2020-08-31,512270,SH,13176800.0
2020-08-31,512280,SH,124005700.0
2020-08-31,512290,SH,2034820700.0
2020-08-31,512300,SH,24617100.0
2020-08-31,512310,SH,71389000.0
2020-08-31,512320,SH,344040800.0
2020-08-31,512330,SH,899688000.0
2020-08-31,512340,SH,34734000.0
2020-08-31,512360,SH,89337700.0
2020-08-31,512380,SH,261805600.0
2020-08-31,512390,SH,216682000.0
2020-08-31,512400,SH,4433539000.0
2020-08-31,512480,SH,3301501800.0
2020-08-31,512500,SH,1560008800.0
2020-08-31,512510,SH,302429800.0
2020-08-31,512520,SH,269056400.0
2020-08-31,512530,SH,117502000.0
2020-08-31,512550,SH,68906000.0
2020-08-31,512560,SH,136563500.0
2020-08-31,512570,SH,51806100.0
2020-08-31,512580,SH,1936471700.0
2020-08-31,512590,SH,104503400.0
2020-08-31,512600,SH,29951200.0
2020-08-31,512610,SH,8640600.0
2020-08-31,512640,SH,55740900.0
2020-08-31,512650,SH,2192941600.0
2020-08-31,512660,SH,6164080000.0
2020-08-31,512670,SH,184826300.0
2020-08-31,512680,SH,2920130100.0
2020-08-31,512690,SH,597125100.0
2020-08-31,512700,SH,936081000.0
2020-08-31,512710,SH,3256329200.0
2020-08-31,512720,SH,675453400.0
2020-08-31,512730,SH,154083900.0
2020-08-31,512750,SH,207654900.00000003
2020-08-31,512760,SH,5474661400.0
2020-08-31,512770,SH,207767800.0
2020-08-31,512780,SH,62586500.0
2020-08-31,512800,SH,6396140000.0
2020-08-31,512810,SH,133791700.0
2020-08-31,512820,SH,278801900.0
2020-08-31,512850,SH,19532000.0
2020-08-31,512860,SH,15626400.000000002
2020-08-31,512870,SH,46410600.00000001
2020-08-31,512880,SH,24552291500.0
2020-08-31,512890,SH,56555400.0
2020-08-31,512900,SH,3911906000.0
2020-08-31,512910,SH,386128800.0
2020-08-31,512920,SH,47092600.0
2020-08-31,512930,SH,296130300.0
2020-08-31,512950,SH,10105551000.0
2020-08-31,512960,SH,12421257300.0
2020-08-31,512970,SH,298987600.0
2020-08-31,512980,SH,2419424400.0
2020-08-31,512990,SH,404515400.0
2020-08-31,513000,SH,66411400.0
2020-08-31,513030,SH,974279000.0
2020-08-31,513050,SH,2021432700.0
2020-08-31,513080,SH,48916000.0
2020-08-31,513090,SH,601488000.0
2020-08-31,513100,SH,280622100.0
2020-08-31,513500,SH,860819299.9999999
2020-08-31,513520,SH,84887200.0
2020-08-31,513600,SH,103829500.0
2020-08-31,513660,SH,372000100.0
2020-08-31,513680,SH,26746700.0
2020-08-31,513800,SH,52244399.99999999
2020-08-31,513880,SH,56970000.0
2020-08-31,513900,SH,37978000.0
2020-08-31,513990,SH,109000000.0
2020-08-31,515000,SH,5566289700.0
2020-08-31,515010,SH,532271600.00000006
2020-08-31,515020,SH,273845300.0
2020-08-31,515030,SH,7947884000.0
2020-08-31,515050,SH,16957068500.0
2020-08-31,515060,SH,104478100.0
2020-08-31,515070,SH,1188470200.0
2020-08-31,515080,SH,172148900.0
2020-08-31,515090,SH,451801700.0
2020-08-31,515100,SH,176941500.0
2020-08-31,515110,SH,1045295000.0
2020-08-31,515130,SH,202463200.0
2020-08-31,515150,SH,1044703200.0
2020-08-31,515160,SH,55955100.0
2020-08-31,515180,SH,774637000.0
2020-08-31,515190,SH,155466100.0
2020-08-31,515200,SH,152943200.0
2020-08-31,515210,SH,185226100.0
2020-08-31,515220,SH,326588500.0
2020-08-31,515260,SH,3116284200.0
2020-08-31,515280,SH,138018600.0
2020-08-31,515300,SH,101175200.0
2020-08-31,515310,SH,164111200.0
2020-08-31,515330,SH,4271709500.0
2020-08-31,515350,SH,40499200.0
2020-08-31,515360,SH,47779300.0
2020-08-31,515380,SH,1767699800.0
2020-08-31,515390,SH,126683000.0
2020-08-31,515450,SH,773835000.0
2020-08-31,515510,SH,28534000.0
2020-08-31,515520,SH,91866800.0
2020-08-31,515550,SH,43345700.0
2020-08-31,515560,SH,895883300.0
2020-08-31,515570,SH,59443900.0
2020-08-31,515580,SH,690015700.0000001
2020-08-31,515590,SH,56113700.0
2020-08-31,515600,SH,2227797400.0
2020-08-31,515610,SH,203857400.00000003
2020-08-31,515620,SH,30157700.0
2020-08-31,515630,SH,189217700.0
2020-08-31,515650,SH,699184000.0
2020-08-31,515660,SH,295894200.0
2020-08-31,515670,SH,61822500.0
2020-08-31,515680,SH,4398264700.0
2020-08-31,515690,SH,162088000.0
2020-08-31,515700,SH,3243510200.0
2020-08-31,515750,SH,1282140500.0
2020-08-31,515770,SH,501727300.00000006
2020-08-31,515780,SH,158785200.0
2020-08-31,515800,SH,1953437200.0
2020-08-31,515810,SH,89908799.99999999
2020-08-31,515820,SH,119026100.0
2020-08-31,515830,SH,22153100.0
2020-08-31,515850,SH,186291000.0
2020-08-31,515860,SH,396878900.0
2020-08-31,515870,SH,36498900.0
2020-08-31,515880,SH,1482462300.0
2020-08-31,515890,SH,49443900.0
2020-08-31,515900,SH,8363646500.0
2020-08-31,515930,SH,76974700.0
2020-08-31,515950,SH,89200600.0
2020-08-31,515960,SH,161991900.0
2020-08-31,515980,SH,421064500.0
2020-08-31,515990,SH,906350200.0
2020-08-31,518600,SH,80593600.0
2020-08-31,518660,SH,31652700.0
2020-08-31,518680,SH,89758000.0
2020-08-31,518800,SH,171419900.00000003
2020-08-31,518850,SH,55578700.0
2020-08-31,518880,SH,2966140800.0
2020-09-30,510010,SH,228524400.0
2020-09-30,510020,SH,43048000.0
2020-09-30,510030,SH,20028700.0
2020-09-30,510050,SH,14055966800.0
2020-09-30,510060,SH,58959200.0
2020-09-30,510090,SH,37081100.0
2020-09-30,510100,SH,300234300.0
2020-09-30,510110,SH,8416800.0
2020-09-30,510120,SH,5692400.0
2020-09-30,510130,SH,48285100.0
2020-09-30,510150,SH,53931600.0
2020-09-30,510160,SH,652057400.0
2020-09-30,510170,SH,54728700.0
2020-09-30,510180,SH,5629057700.0
2020-09-30,510190,SH,20150800.0
2020-09-30,510200,SH,366385500.0
2020-09-30,510210,SH,140638500.0
2020-09-30,510220,SH,5729200.0
2020-09-30,510230,SH,4354808000.0
2020-09-30,510270,SH,13832100.0
2020-09-30,510290,SH,88448900.0
2020-09-30,510300,SH,8203087700.0
2020-09-30,510310,SH,3748307400.0
2020-09-30,510330,SH,5717949800.0
2020-09-30,510350,SH,769614700.0
2020-09-30,510360,SH,1514381200.0
2020-09-30,510380,SH,4071802400.0
2020-09-30,510390,SH,326450000.0
2020-09-30,510410,SH,500258400.0
2020-09-30,510430,SH,45924500.0
2020-09-30,510440,SH,20058300.0
2020-09-30,510500,SH,5362667200.0
2020-09-30,510510,SH,1615038299.9999998
2020-09-30,510530,SH,51979399.99999999
2020-09-30,510550,SH,17743300.0
2020-09-30,510560,SH,588318700.0
2020-09-30,510570,SH,168060600.0
2020-09-30,510580,SH,125896500.0
2020-09-30,510590,SH,275986100.0
2020-09-30,510600,SH,58315100.0
2020-09-30,510630,SH,57590400.0
2020-09-30,510650,SH,36452500.0
2020-09-30,510660,SH,38379700.0
2020-09-30,510680,SH,54424700.0
2020-09-30,510690,SH,109842500.0
2020-09-30,510710,SH,246218900.0
2020-09-30,510760,SH,1232503700.0
2020-09-30,510800,SH,325576000.0
2020-09-30,510810,SH,12017093700.000002
2020-09-30,510850,SH,75498900.0
2020-09-30,510880,SH,1931675700.0
2020-09-30,510890,SH,274561700.0
2020-09-30,510900,SH,9175021900.0
2020-09-30,511010,SH,9436300.0
2020-09-30,511020,SH,10901700.0
2020-09-30,511030,SH,50490700.0
2020-09-30,511050,SH,4015500.0
2020-09-30,511060,SH,5496300.0
2020-09-30,511180,SH,60059700.0
2020-09-30,511220,SH,15278100.0
2020-09-30,511230,SH,1867600.0
2020-09-30,511260,SH,6896500.0
2020-09-30,511270,SH,7667500.0
2020-09-30,511280,SH,267300.0
2020-09-30,511290,SH,115800.0
2020-09-30,511310,SH,273000.0
2020-09-30,511360,SH,3524600.0
2020-09-30,511380,SH,102786700.0
2020-09-30,512000,SH,16461017700.0
2020-09-30,512010,SH,861173700.0
2020-09-30,512040,SH,150857900.0
2020-09-30,512070,SH,1230159900.0
2020-09-30,512090,SH,317592300.0
2020-09-30,512100,SH,416892000.0
2020-09-30,512120,SH,67247300.0
2020-09-30,512150,SH,22073400.0
2020-09-30,512160,SH,853777800.0
2020-09-30,512170,SH,603940200.0
2020-09-30,512180,SH,148048000.0
2020-09-30,512190,SH,40318400.0
2020-09-30,512200,SH,1639876000.0
2020-09-30,512220,SH,296967600.0
2020-09-30,512260,SH,130897700.0
2020-09-30,512270,SH,12376800.0
2020-09-30,512280,SH,126005700.0
2020-09-30,512290,SH,2034820700.0
2020-09-30,512300,SH,22617100.0
2020-09-30,512310,SH,68389000.0
2020-09-30,512320,SH,290040800.0
2020-09-30,512330,SH,895188000.0
2020-09-30,512340,SH,34234000.0
2020-09-30,512350,SH,181831100.0
2020-09-30,512360,SH,113337700.0
2020-09-30,512380,SH,276805600.0
2020-09-30,512390,SH,213682000.0
2020-09-30,512400,SH,4424539000.0
2020-09-30,512480,SH,4153501800.0
2020-09-30,512500,SH,1532008800.0
2020-09-30,512510,SH,384429800.00000006
2020-09-30,512520,SH,271056400.0
2020-09-30,512530,SH,101502000.0
2020-09-30,512550,SH,65906000.0
2020-09-30,512560,SH,140563500.0
2020-09-30,512570,SH,49806100.0
2020-09-30,512580,SH,1883071700.0
2020-09-30,512590,SH,96503400.0
2020-09-30,512600,SH,31201200.0
2020-09-30,512610,SH,8140599.999999999
2020-09-30,512640,SH,49240900.0
2020-09-30,512650,SH,2118941600.0
2020-09-30,512660,SH,6666080000.0
2020-09-30,512670,SH,175326300.0
2020-09-30,512680,SH,2894530100.0
2020-09-30,512690,SH,613125100.0
2020-09-30,512700,SH,1064581000.0
2020-09-30,512710,SH,3343329200.0
2020-09-30,512720,SH,674453400.0
2020-09-30,512730,SH,176583900.0
2020-09-30,512750,SH,192354900.00000003
2020-09-30,512760,SH,12161322800.0
2020-09-30,512770,SH,204767800.0
2020-09-30,512780,SH,59086500.0
2020-09-30,512800,SH,6587240000.0
2020-09-30,512810,SH,128791700.0
2020-09-30,512820,SH,298001900.0
2020-09-30,512850,SH,19532000.0
2020-09-30,512860,SH,15626400.000000002
2020-09-30,512870,SH,45410600.00000001
2020-09-30,512880,SH,28328291500.0
2020-09-30,512890,SH,67055400.0
2020-09-30,512900,SH,4219906000.0
2020-09-30,512910,SH,414628800.0
2020-09-30,512920,SH,45092600.0
2020-09-30,512930,SH,255130300.0
2020-09-30,512950,SH,10099551000.0
2020-09-30,512960,SH,10884257300.0
2020-09-30,512970,SH,296987600.0
2020-09-30,512980,SH,2360924400.0
2020-09-30,512990,SH,394015400.0
2020-09-30,513000,SH,62911400.0
2020-09-30,513030,SH,952279000.0
2020-09-30,513050,SH,2225432700.0
2020-09-30,513080,SH,54916000.0
2020-09-30,513090,SH,596488000.0
2020-09-30,513100,SH,280622100.0
2020-09-30,513500,SH,1001819300.0
2020-09-30,513520,SH,78887200.0
2020-09-30,513600,SH,114829500.0
2020-09-30,513660,SH,381000100.0
2020-09-30,513680,SH,28746700.0
2020-09-30,513800,SH,51044399.99999999
2020-09-30,513880,SH,52970000.0
2020-09-30,513900,SH,33978000.0
2020-09-30,513990,SH,106000000.0
2020-09-30,515000,SH,5806289700.0
2020-09-30,515010,SH,547771600.0
2020-09-30,515020,SH,248345300.0
2020-09-30,515030,SH,7202384000.0
2020-09-30,515050,SH,16829068500.0
2020-09-30,515060,SH,103478100.0
2020-09-30,515070,SH,1249970200.0
2020-09-30,515080,SH,238148900.0
2020-09-30,515090,SH,456801700.0
2020-09-30,515100,SH,140941500.0
2020-09-30,515110,SH,1052295000.0
2020-09-30,515130,SH,208463200.0
2020-09-30,515150,SH,1041703200.0
2020-09-30,515160,SH,49955100.0
2020-09-30,515180,SH,855637000.0
2020-09-30,515190,SH,127466100.0
2020-09-30,515200,SH,148943200.0
2020-09-30,515210,SH,174226100.0
2020-09-30,515220,SH,326588500.0
2020-09-30,515260,SH,3535284200.0
2020-09-30,515280,SH,122718600.0
2020-09-30,515300,SH,88175200.0
2020-09-30,515310,SH,164111200.0
2020-09-30,515330,SH,4640709500.0
2020-09-30,515350,SH,40499200.0
2020-09-30,515360,SH,49779300.0
2020-09-30,515380,SH,1768599800.0
2020-09-30,515390,SH,156683000.0
2020-09-30,515450,SH,790335000.0
2020-09-30,515500,SH,493404800.00000006
2020-09-30,515510,SH,24534000.0
2020-09-30,515520,SH,83866800.0
2020-09-30,515550,SH,41345700.0
2020-09-30,515560,SH,858883300.0
2020-09-30,515570,SH,53443900.0
2020-09-30,515580,SH,674015700.0000001
2020-09-30,515590,SH,52113700.0
2020-09-30,515600,SH,2225797400.0
2020-09-30,515610,SH,191857400.00000003
2020-09-30,515620,SH,30157700.0
2020-09-30,515630,SH,227217700.0
2020-09-30,515650,SH,653184000.0
2020-09-30,515660,SH,293194200.0
2020-09-30,515670,SH,57322500.0
2020-09-30,515680,SH,4388264700.0
2020-09-30,515690,SH,156588000.0
2020-09-30,515700,SH,2892510200.0
2020-09-30,515750,SH,1311140500.0
2020-09-30,515770,SH,435727300.00000006
2020-09-30,515780,SH,107785200.0
2020-09-30,515800,SH,1889437200.0
2020-09-30,515810,SH,86908799.99999999
2020-09-30,515820,SH,126026100.0
2020-09-30,515830,SH,18153100.0
2020-09-30,515850,SH,220791000.0
2020-09-30,515860,SH,395878900.0
2020-09-30,515870,SH,33498900.0
2020-09-30,515880,SH,1453462300.0
2020-09-30,515890,SH,42443900.0
2020-09-30,515900,SH,7807646500.0
2020-09-30,515930,SH,56274700.0
2020-09-30,515950,SH,85200600.0
2020-09-30,515960,SH,138991900.0
2020-09-30,515980,SH,447064500.0
2020-09-30,515990,SH,873350200.0
2020-09-30,518600,SH,77893600.0
2020-09-30,518660,SH,33752700.0
2020-09-30,518680,SH,80458000.0
2020-09-30,518800,SH,166919900.00000003
2020-09-30,518850,SH,52578700.0
2020-09-30,518860,SH,16959800.0
2020-09-30,518880,SH,2913940800.0
2020-09-30,518890,SH,60554799.99999999
2020-11-30,510010,SH,224524400.0
2020-11-30,510020,SH,41548000.0
2020-11-30,510030,SH,19528700.0
2020-11-30,510050,SH,15542766800.0
2020-11-30,510060,SH,55959200.0
2020-11-30,510090,SH,36081100.0
2020-11-30,510100,SH,273234300.0
2020-11-30,510110,SH,8716800.0
2020-11-30,510120,SH,5392400.0
2020-11-30,510130,SH,44685100.0
2020-11-30,510150,SH,49931600.0
2020-11-30,510160,SH,610057400.0
2020-11-30,510170,SH,52728700.0
2020-11-30,510180,SH,5616057700.0
2020-11-30,510190,SH,19150800.0
2020-11-30,510200,SH,303885500.0
2020-11-30,510210,SH,103138500.0
2020-11-30,510220,SH,4729200.0
2020-11-30,510230,SH,4010808000.0
2020-11-30,510270,SH,11832100.0
2020-11-30,510290,SH,84448900.0
2020-11-30,510300,SH,8338087700.0
2020-11-30,510310,SH,3670307400.0
2020-11-30,510330,SH,5871849800.0
2020-11-30,510350,SH,661614700.0
2020-11-30,510360,SH,1451381200.0
2020-11-30,510370,SH,126258100.0
2020-11-30,510380,SH,4044802400.0
2020-11-30,510390,SH,326450000.0
2020-11-30,510410,SH,491258400.0
2020-11-30,510430,SH,45924500.0
2020-11-30,510440,SH,20058300.0
2020-11-30,510500,SH,5500667200.0
2020-11-30,510510,SH,1597038299.9999998
2020-11-30,510530,SH,50979399.99999999
2020-11-30,510550,SH,17743300.0
2020-11-30,510560,SH,588318700.0
2020-11-30,510570,SH,160560600.0
2020-11-30,510580,SH,126496500.0
2020-11-30,510590,SH,272786100.0
2020-11-30,510600,SH,41815100.0
2020-11-30,510630,SH,56590400.0
2020-11-30,510650,SH,37952500.0
2020-11-30,510660,SH,38379700.0
2020-11-30,510680,SH,49324700.0
2020-11-30,510690,SH,54842500.0
2020-11-30,510710,SH,239618900.0
2020-11-30,510760,SH,956503700.0
2020-11-30,510800,SH,298576000.0
2020-11-30,510810,SH,10928093700.000002
2020-11-30,510850,SH,98298900.0
2020-11-30,510880,SH,2263175700.0
2020-11-30,510890,SH,274561700.0
2020-11-30,510900,SH,8887021900.0
2020-11-30,511000,SH,5653000.0
2020-11-30,511010,SH,8796300.0
2020-11-30,511020,SH,10901700.0
2020-11-30,511030,SH,50490700.0
2020-11-30,511050,SH,4015500.0
2020-11-30,511060,SH,5496300.0
2020-11-30,511180,SH,35159700.0
2020-11-30,511220,SH,14708100.0
2020-11-30,511230,SH,1867600.0
2020-11-30,511260,SH,8426500.0
2020-11-30,511270,SH,7667500.0
2020-11-30,511280,SH,277300.0
2020-11-30,511310,SH,273000.0
2020-11-30,511360,SH,1766600.0
2020-11-30,511380,SH,100586700.0
2020-11-30,512000,SH,18399617700.0
2020-11-30,512010,SH,895173700.0
2020-11-30,512040,SH,144857900.0
2020-11-30,512070,SH,1083159900.0
2020-11-30,512090,SH,345592300.00000006
2020-11-30,512100,SH,266892000.0
2020-11-30,512120,SH,71747300.0
2020-11-30,512150,SH,26073400.0
2020-11-30,512160,SH,853777800.0
2020-11-30,512170,SH,693440200.0
2020-11-30,512180,SH,132048000.0
2020-11-30,512190,SH,48318400.0
2020-11-30,512200,SH,1894876000.0
2020-11-30,512220,SH,278967600.0
2020-11-30,512260,SH,118097700.0
2020-11-30,512270,SH,11576800.0
2020-11-30,512280,SH,120005700.0
2020-11-30,512290,SH,2437820700.0
2020-11-30,512300,SH,26117100.0
2020-11-30,512310,SH,73889000.0
2020-11-30,512320,SH,167040800.00000003
2020-11-30,512330,SH,959688000.0
2020-11-30,512340,SH,29734000.0
2020-11-30,512350,SH,131831100.0
2020-11-30,512360,SH,92337700.0
2020-11-30,512380,SH,246805600.0
2020-11-30,512390,SH,213682000.0
2020-11-30,512400,SH,4265539000.0
2020-11-30,512480,SH,4842501800.0
2020-11-30,512500,SH,1719208800.0
2020-11-30,512510,SH,374429800.00000006
2020-11-30,512520,SH,263056400.0
2020-11-30,512530,SH,86502000.0
2020-11-30,512550,SH,66906000.0
2020-11-30,512560,SH,135563500.0
2020-11-30,512570,SH,46806100.0
2020-11-30,512580,SH,1788871700.0000002
2020-11-30,512590,SH,96503400.0
2020-11-30,512600,SH,31201200.0
2020-11-30,512610,SH,8140599.999999999
2020-11-30,512640,SH,38740900.0
2020-11-30,512650,SH,1524941600.0
2020-11-30,512660,SH,7258080000.0
2020-11-30,512670,SH,152826300.0
2020-11-30,512680,SH,2456130100.0
2020-11-30,512690,SH,750125100.0
2020-11-30,512700,SH,1064081000.0
2020-11-30,512710,SH,3330329200.0
2020-11-30,512720,SH,626453400.0
2020-11-30,512730,SH,132083900.0
2020-11-30,512750,SH,164454900.00000003
2020-11-30,512760,SH,13302322800.0
2020-11-30,512770,SH,207767800.0
2020-11-30,512780,SH,57586500.0
2020-11-30,512800,SH,6662840000.0
2020-11-30,512810,SH,121791700.0
2020-11-30,512820,SH,400001900.0
2020-11-30,512850,SH,18532000.0
2020-11-30,512860,SH,15626400.000000002
2020-11-30,512870,SH,42410600.00000001
2020-11-30,512880,SH,31371291500.0
2020-11-30,512890,SH,60555400.0
2020-11-30,512900,SH,4648906000.0
2020-11-30,512910,SH,545128800.0
2020-11-30,512920,SH,39092600.0
2020-11-30,512930,SH,231130300.0
2020-11-30,512950,SH,9842551000.0
2020-11-30,512960,SH,10750257300.0
2020-11-30,512970,SH,293987600.0
2020-11-30,512980,SH,2411924400.0
2020-11-30,512990,SH,408015400.0
2020-11-30,513000,SH,50911400.0
2020-11-30,513030,SH,929279000.0
2020-11-30,513050,SH,2570432700.0
2020-11-30,513080,SH,46416000.0
2020-11-30,513090,SH,670988000.0
2020-11-30,513100,SH,305622100.0
2020-11-30,513300,SH,843671000.0
2020-11-30,513500,SH,1106819300.0
2020-11-30,513520,SH,70887200.0
2020-11-30,513600,SH,103829500.0
2020-11-30,513660,SH,396000100.0
2020-11-30,513680,SH,25746700.0
2020-11-30,513800,SH,51044399.99999999
2020-11-30,513880,SH,46970000.0
2020-11-30,513900,SH,32978000.0
2020-11-30,513990,SH,64000000.0
2020-11-30,515000,SH,5699289700.0
2020-11-30,515010,SH,577271600.0
2020-11-30,515020,SH,215845300.0
2020-11-30,515030,SH,5382884000.0
2020-11-30,515050,SH,17771068500.0
2020-11-30,515060,SH,104478100.0
2020-11-30,515070,SH,1329470200.0
2020-11-30,515080,SH,326148900.0
2020-11-30,515090,SH,232801700.0
2020-11-30,515100,SH,112941500.0
2020-11-30,515110,SH,668295000.0
2020-11-30,515130,SH,220463200.0
2020-11-30,515150,SH,852703200.0000001
2020-11-30,515160,SH,97955100.0
2020-11-30,515180,SH,1467637000.0
2020-11-30,515190,SH,99466100.0
2020-11-30,515200,SH,150943200.0
2020-11-30,515210,SH,172226100.0
2020-11-30,515220,SH,457588500.0
2020-11-30,515260,SH,2588284200.0
2020-11-30,515280,SH,60618600.0
2020-11-30,515300,SH,74175200.0
2020-11-30,515310,SH,164111200.0
2020-11-30,515330,SH,4448709500.0
2020-11-30,515350,SH,44099200.0
2020-11-30,515360,SH,49279300.0
2020-11-30,515380,SH,1687599800.0
2020-11-30,515390,SH,194683000.0
2020-11-30,515450,SH,693835000.0
2020-11-30,515500,SH,263404800.0
2020-11-30,515510,SH,20534000.0
2020-11-30,515520,SH,69866800.0
2020-11-30,515530,SH,49842700.00000001
2020-11-30,515550,SH,37345700.0
2020-11-30,515560,SH,959883300.0
2020-11-30,515570,SH,45443900.0
2020-11-30,515580,SH,610015700.0
2020-11-30,515590,SH,46113700.0
2020-11-30,515600,SH,2193797400.0
2020-11-30,515610,SH,89857400.0
2020-11-30,515620,SH,24157700.0
2020-11-30,515630,SH,135717700.0
2020-11-30,515650,SH,689184000.0
2020-11-30,515660,SH,292294200.0
2020-11-30,515670,SH,112822500.0
2020-11-30,515680,SH,3329264699.9999995
2020-11-30,515690,SH,183088000.0
2020-11-30,515700,SH,2281510200.0
2020-11-30,515750,SH,1284140500.0
2020-11-30,515760,SH,434388100.0
2020-11-30,515770,SH,351727300.00000006
2020-11-30,515780,SH,215785200.0
2020-11-30,515800,SH,1769437200.0
2020-11-30,515810,SH,80908800.0
2020-11-30,515820,SH,122526100.0
2020-11-30,515830,SH,11153100.0
2020-11-30,515850,SH,202791000.0
2020-11-30,515860,SH,409878900.0
2020-11-30,515870,SH,35498900.0
2020-11-30,515880,SH,1870462300.0
2020-11-30,515890,SH,30443900.0
2020-11-30,515900,SH,7077646500.0
2020-11-30,515930,SH,79674700.0
2020-11-30,515950,SH,83200600.0
2020-11-30,515960,SH,134991900.0
2020-11-30,515980,SH,505064500.0
2020-11-30,515990,SH,613350200.0
2020-11-30,518600,SH,67993600.0
2020-11-30,518660,SH,25952700.0
2020-11-30,518680,SH,70258000.0
2020-11-30,518800,SH,168419900.00000003
2020-11-30,518850,SH,47478700.0
2020-11-30,518860,SH,27459800.0
2020-11-30,518880,SH,2881840800.0
2020-11-30,518890,SH,36254800.0
2020-11-30,588000,SH,7943368199.999999
2020-11-30,588050,SH,3573241300.0
2020-11-30,588080,SH,4557128100.0
2020-11-30,588090,SH,3718872800.000001
2020-12-31,510010,SH,216524400.0
2020-12-31,510020,SH,39948000.0
2020-12-31,510030,SH,19528700.0
2020-12-31,510050,SH,15564366800.0
2020-12-31,510060,SH,53959200.0
2020-12-31,510090,SH,35581100.0
2020-12-31,510100,SH,304234300.0
2020-12-31,510110,SH,8416800.0
2020-12-31,510120,SH,5092400.0
2020-12-31,510130,SH,43885100.0
2020-12-31,510150,SH,52731600.0
2020-12-31,510160,SH,590057400.0
2020-12-31,510170,SH,57728700.0
2020-12-31,510180,SH,5590557700.0
2020-12-31,510190,SH,18650800.0
2020-12-31,510200,SH,84885500.0
2020-12-31,510210,SH,97638500.0
2020-12-31,510220,SH,4229200.0
2020-12-31,510230,SH,4190808000.0
2020-12-31,510270,SH,10832100.0
2020-12-31,510290,SH,80448900.0
2020-12-31,510300,SH,8657587700.0
2020-12-31,510310,SH,3788307400.0
2020-12-31,510330,SH,5764749800.0
2020-12-31,510350,SH,644514700.0
2020-12-31,510360,SH,1472381200.0
2020-12-31,510370,SH,114258100.0
2020-12-31,510380,SH,3672802400.0
2020-12-31,510390,SH,412850000.0
2020-12-31,510410,SH,478258400.0
2020-12-31,510440,SH,20058300.0
2020-12-31,510500,SH,5419867200.0
2020-12-31,510510,SH,1825038300.0
2020-12-31,510530,SH,50479399.99999999
2020-12-31,510550,SH,15743300.0
2020-12-31,510560,SH,588318700.0
2020-12-31,510570,SH,158060600.0
2020-12-31,510580,SH,127696500.0
2020-12-31,510590,SH,285186100.0
2020-12-31,510600,SH,51415100.0
2020-12-31,510630,SH,68590400.0
2020-12-31,510650,SH,35952500.0
2020-12-31,510660,SH,36379700.0
2020-12-31,510680,SH,48124700.0
2020-12-31,510690,SH,53842500.0
2020-12-31,510710,SH,168218900.0
2020-12-31,510760,SH,830503700.0
2020-12-31,510800,SH,294576000.0
2020-12-31,510810,SH,10918093700.000002
2020-12-31,510850,SH,82698900.0
2020-12-31,510880,SH,3335675700.0
2020-12-31,510890,SH,275561700.0
2020-12-31,510900,SH,8509021899.999999
2020-12-31,511000,SH,623000.0
2020-12-31,511010,SH,8536300.0
2020-12-31,511020,SH,11801700.0
2020-12-31,511030,SH,50490700.0
2020-12-31,511050,SH,4015500.0
2020-12-31,511060,SH,5506300.0
2020-12-31,511180,SH,31259700.0
2020-12-31,511220,SH,14288100.0
2020-12-31,511230,SH,1867600.0
2020-12-31,511260,SH,8566500.0
2020-12-31,511270,SH,7667500.0
2020-12-31,511280,SH,277300.0
2020-12-31,511310,SH,273000.0
2020-12-31,511360,SH,1660600.0
2020-12-31,511380,SH,99386700.0
2020-12-31,512000,SH,19647917700.0
2020-12-31,512010,SH,749173700.0
2020-12-31,512040,SH,127857900.0
2020-12-31,512070,SH,1323159900.0
2020-12-31,512090,SH,383592300.00000006
2020-12-31,512100,SH,575892000.0
2020-12-31,512120,SH,68747300.0
2020-12-31,512150,SH,22073400.0
2020-12-31,512160,SH,509777800.0
2020-12-31,512170,SH,543940200.0
2020-12-31,512180,SH,128048000.0
2020-12-31,512190,SH,43318400.0
2020-12-31,512200,SH,2273876000.0
2020-12-31,512220,SH,265467600.0
2020-12-31,512260,SH,115697700.0
2020-12-31,512270,SH,9176800.0
2020-12-31,512280,SH,122005700.0
2020-12-31,512290,SH,2184820700.0
2020-12-31,512300,SH,19617100.0
2020-12-31,512310,SH,49389000.0
2020-12-31,512320,SH,134040800.0
2020-12-31,512330,SH,1015188000.0
2020-12-31,512340,SH,26734000.0
2020-12-31,512350,SH,117831100.0
2020-12-31,512360,SH,80337700.0
2020-12-31,512380,SH,228805600.0
2020-12-31,512390,SH,201682000.0
2020-12-31,512400,SH,4346539000.0
2020-12-31,512480,SH,5043501800.0
2020-12-31,512500,SH,1646408800.0
2020-12-31,512510,SH,358429800.00000006
2020-12-31,512520,SH,417056400.0
2020-12-31,512530,SH,87502000.0
2020-12-31,512550,SH,68906000.0
2020-12-31,512560,SH,121563500.0
2020-12-31,512570,SH,45806100.0
2020-12-31,512580,SH,1790071700.0000002
2020-12-31,512590,SH,95503400.0
2020-12-31,512600,SH,37951200.0
2020-12-31,512610,SH,7640599.999999999
2020-12-31,512640,SH,37740900.0
2020-12-31,512650,SH,1510941600.0
2020-12-31,512660,SH,7995080000.0
2020-12-31,512670,SH,399826300.0
2020-12-31,512680,SH,1884130100.0
2020-12-31,512690,SH,999625100.0
2020-12-31,512700,SH,1466581000.0
2020-12-31,512710,SH,3323329200.0
2020-12-31,512720,SH,944453400.0
2020-12-31,512730,SH,141583900.0
2020-12-31,512750,SH,156354900.0
2020-12-31,512760,SH,12436322800.0
2020-12-31,512770,SH,201767800.0
2020-12-31,512780,SH,57086500.0
2020-12-31,512800,SH,8082140000.0
2020-12-31,512810,SH,103791700.0
2020-12-31,512820,SH,389201900.0
2020-12-31,512850,SH,18532000.0
2020-12-31,512860,SH,15626400.000000002
2020-12-31,512870,SH,41410600.00000001
2020-12-31,512880,SH,31834291500.0
2020-12-31,512890,SH,58555400.0
2020-12-31,512900,SH,5589906000.0
2020-12-31,512910,SH,450628800.0
2020-12-31,512920,SH,35092600.0
2020-12-31,512930,SH,238130300.0
2020-12-31,512950,SH,7644551000.0
2020-12-31,512960,SH,8628257300.0
2020-12-31,512970,SH,292987600.0
2020-12-31,512980,SH,2911424400.0
2020-12-31,512990,SH,474515400.0
2020-12-31,513000,SH,51411400.0
2020-12-31,513030,SH,911279000.0
2020-12-31,513050,SH,2683432700.0
2020-12-31,513080,SH,46416000.0
2020-12-31,513090,SH,756488000.0
2020-12-31,513100,SH,369622100.0
2020-12-31,513300,SH,492671000.0
2020-12-31,513500,SH,1118819300.0
2020-12-31,513520,SH,68887200.0
2020-12-31,513600,SH,98829500.0
2020-12-31,513660,SH,405000100.0
2020-12-31,513680,SH,25746700.0
2020-12-31,513800,SH,51044399.99999999
2020-12-31,513880,SH,46470000.0
2020-12-31,513900,SH,32978000.0
2020-12-31,513990,SH,61000000.0
2020-12-31,515000,SH,4697289700.0
2020-12-31,515010,SH,544271600.0
2020-12-31,515020,SH,270845300.0
2020-12-31,515030,SH,4967384000.0
2020-12-31,515050,SH,17637068500.0
2020-12-31,515060,SH,113478100.0
2020-12-31,515070,SH,1242470200.0
2020-12-31,515080,SH,346148900.0
2020-12-31,515090,SH,218801700.0
2020-12-31,515100,SH,106941500.0
2020-12-31,515110,SH,1074295000.0
2020-12-31,515130,SH,469463200.0
2020-12-31,515150,SH,1957703200.0
2020-12-31,515160,SH,851955100.0
2020-12-31,515180,SH,1265637000.0
2020-12-31,515190,SH,79466100.0
2020-12-31,515200,SH,154943200.0
2020-12-31,515210,SH,201226100.0
2020-12-31,515220,SH,454588500.0
2020-12-31,515260,SH,2446284200.0
2020-12-31,515280,SH,38418600.0
2020-12-31,515290,SH,9598492900.0
2020-12-31,515300,SH,66175200.00000001
2020-12-31,515310,SH,129111200.0
2020-12-31,515330,SH,4421709500.0
2020-12-31,515350,SH,50399200.0
2020-12-31,515360,SH,52279300.0
2020-12-31,515380,SH,1360899800.0
2020-12-31,515390,SH,434683000.0
2020-12-31,515450,SH,635335000.0
2020-12-31,515500,SH,214404800.0
2020-12-31,515510,SH,19534000.0
2020-12-31,515520,SH,65866800.0
2020-12-31,515530,SH,41042700.00000001
2020-12-31,515550,SH,35345700.0
2020-12-31,515560,SH,1044883300.0
2020-12-31,515570,SH,39443900.0
2020-12-31,515580,SH,542015700.0
2020-12-31,515590,SH,42113700.0
2020-12-31,515600,SH,2183797400.0
2020-12-31,515610,SH,62857400.0
2020-12-31,515620,SH,18157700.0
2020-12-31,515630,SH,153717700.0
2020-12-31,515650,SH,749184000.0
2020-12-31,515660,SH,288694200.0
2020-12-31,515670,SH,102322500.0
2020-12-31,515680,SH,3013264699.9999995
2020-12-31,515690,SH,189088000.0
2020-12-31,515700,SH,2292510200.0
2020-12-31,515750,SH,1169140500.0
2020-12-31,515760,SH,407388100.0
2020-12-31,515770,SH,270727300.0
2020-12-31,515780,SH,203785200.0
2020-12-31,515790,SH,8512494000.0
2020-12-31,515800,SH,1793437200.0
2020-12-31,515810,SH,71908800.0
2020-12-31,515820,SH,122526100.0
2020-12-31,515830,SH,8153099.999999999
2020-12-31,515850,SH,89791000.0
2020-12-31,515860,SH,380878900.0
2020-12-31,515870,SH,40498900.0
2020-12-31,515880,SH,2652462300.0
2020-12-31,515890,SH,28443900.0
2020-12-31,515900,SH,4710646500.0
2020-12-31,515930,SH,85974700.0
2020-12-31,515950,SH,83200600.0
2020-12-31,515960,SH,91991900.0
2020-12-31,515980,SH,545064500.0
2020-12-31,515990,SH,514350200.0
2020-12-31,518600,SH,61993600.0
2020-12-31,518660,SH,26852700.0
2020-12-31,518680,SH,62358000.0
2020-12-31,518800,SH,156119900.0
2020-12-31,518850,SH,43878700.0
2020-12-31,518860,SH,24759800.0
2020-12-31,518880,SH,2683840800.0
2020-12-31,518890,SH,33854800.0
2020-12-31,588000,SH,8676568200.0
2020-12-31,588050,SH,3455241300.0
2020-12-31,588080,SH,4581128100.0
2020-12-31,588090,SH,3462472800.0000005
2021-03-31,510010,SH,190524400.0
2021-03-31,510020,SH,37448000.0
2021-03-31,510030,SH,18028700.0
2021-03-31,510050,SH,12583566800.0
2021-03-31,510060,SH,48959200.0
2021-03-31,510090,SH,34081100.0
2021-03-31,510100,SH,305234300.0
2021-03-31,510110,SH,6916799.999999999
2021-03-31,510120,SH,4492400.0
2021-03-31,510130,SH,41885100.0
2021-03-31,510150,SH,66731600.0
2021-03-31,510160,SH,484057400.0
2021-03-31,510170,SH,68228700.0
2021-03-31,510180,SH,5568057700.0
2021-03-31,510190,SH,16650800.0
2021-03-31,510200,SH,109385500.0
2021-03-31,510210,SH,520692600.0
2021-03-31,510220,SH,4729200.0
2021-03-31,510230,SH,4229808000.0
2021-03-31,510270,SH,9832100.0
2021-03-31,510290,SH,70448900.0
2021-03-31,510300,SH,8130187700.0
2021-03-31,510310,SH,3806307400.0
2021-03-31,510330,SH,5127549800.0
2021-03-31,510350,SH,643614700.0
2021-03-31,510360,SH,1310381200.0
2021-03-31,510370,SH,102258100.0
2021-03-31,510380,SH,2733802400.0
2021-03-31,510390,SH,294950000.0
2021-03-31,510410,SH,509258400.0
2021-03-31,510440,SH,21058300.0
2021-03-31,510500,SH,5444667200.0
2021-03-31,510510,SH,1439038299.9999998
2021-03-31,510530,SH,48479399.99999999
2021-03-31,510550,SH,15743300.0
2021-03-31,510560,SH,584318700.0
2021-03-31,510570,SH,140560600.0
2021-03-31,510580,SH,128296500.0
2021-03-31,510590,SH,183586100.0
2021-03-31,510600,SH,16615100.0
2021-03-31,510630,SH,74590400.0
2021-03-31,510650,SH,44452500.0
2021-03-31,510660,SH,36879700.0
2021-03-31,510680,SH,14824700.0
2021-03-31,510690,SH,50842500.0
2021-03-31,510710,SH,133118900.0
2021-03-31,510760,SH,392503700.0
2021-03-31,510800,SH,320576000.0
2021-03-31,510810,SH,9462093700.0
2021-03-31,510850,SH,56298900.0
2021-03-31,510860,SH,193968700.0
2021-03-31,510880,SH,5062675700.0
2021-03-31,510890,SH,54561700.0
2021-03-31,510900,SH,8583021899.999999
2021-03-31,511000,SH,8000.0
2021-03-31,511010,SH,8166300.0
2021-03-31,511020,SH,11201700.0
2021-03-31,511030,SH,504907100.0
2021-03-31,511050,SH,4015500.0
2021-03-31,511060,SH,5506300.0
2021-03-31,511180,SH,27059700.0
2021-03-31,511220,SH,13718100.0
2021-03-31,511260,SH,7676500.0
2021-03-31,511270,SH,7667500.0
2021-03-31,511280,SH,267300.0
2021-03-31,511310,SH,273000.0
2021-03-31,511360,SH,670600.0
2021-03-31,511380,SH,70286700.0
2021-03-31,512000,SH,24593117700.0
2021-03-31,512010,SH,719173700.0
2021-03-31,512040,SH,115857900.0
2021-03-31,512070,SH,1201159900.0
2021-03-31,512090,SH,365592300.00000006
2021-03-31,512100,SH,749892000.0
2021-03-31,512120,SH,60747299.99999999
2021-03-31,512150,SH,29073400.0
2021-03-31,512160,SH,375777800.0
2021-03-31,512170,SH,2577820500.0
2021-03-31,512180,SH,118048000.0
2021-03-31,512190,SH,27918400.0
2021-03-31,512200,SH,2331876000.0
2021-03-31,512220,SH,218967600.0
2021-03-31,512260,SH,102897700.0
2021-03-31,512270,SH,5976799.999999999
2021-03-31,512280,SH,86005700.0
2021-03-31,512290,SH,1837820700.0
2021-03-31,512310,SH,44389000.0
2021-03-31,512320,SH,92040800.0
2021-03-31,512330,SH,1037688000.0
2021-03-31,512340,SH,25734000.0
2021-03-31,512350,SH,112831100.0
2021-03-31,512360,SH,62337700.00000001
2021-03-31,512380,SH,195805600.0
2021-03-31,512390,SH,201682000.0
2021-03-31,512400,SH,5800039000.0
2021-03-31,512480,SH,10683003600.000002
2021-03-31,512500,SH,1103208800.0
2021-03-31,512510,SH,334429800.00000006
2021-03-31,512520,SH,396056400.0
2021-03-31,512530,SH,78502000.0
2021-03-31,512550,SH,81906000.0
2021-03-31,512560,SH,378563500.0
2021-03-31,512570,SH,87806100.0
2021-03-31,512580,SH,1399471700.0000002
2021-03-31,512590,SH,78503400.0
2021-03-31,512600,SH,41451200.0
2021-03-31,512610,SH,7640599.999999999
2021-03-31,512640,SH,30240900.0
2021-03-31,512650,SH,1474941600.0
2021-03-31,512660,SH,11899080000.0
2021-03-31,512670,SH,770826300.0
2021-03-31,512680,SH,4323330100.0
2021-03-31,512690,SH,1265125100.0
2021-03-31,512700,SH,1615581000.0
2021-03-31,512710,SH,7981158400.0
2021-03-31,512720,SH,744453400.0
2021-03-31,512730,SH,154083900.0
2021-03-31,512750,SH,122154900.0
2021-03-31,512760,SH,10442322800.0
2021-03-31,512770,SH,242767800.0
2021-03-31,512780,SH,48586500.0
2021-03-31,512800,SH,7232840000.0
2021-03-31,512810,SH,205791700.0
2021-03-31,512820,SH,374801900.0
2021-03-31,512860,SH,12626400.000000002
2021-03-31,512870,SH,40410600.0
2021-03-31,512880,SH,33609291500.0
2021-03-31,512890,SH,45555400.0
2021-03-31,512900,SH,6420906000.0
2021-03-31,512910,SH,422128800.0
2021-03-31,512920,SH,31092600.000000004
2021-03-31,512930,SH,218130300.0
2021-03-31,512950,SH,6646551000.0
2021-03-31,512960,SH,6478257300.0
2021-03-31,512970,SH,290987600.0
2021-03-31,512980,SH,4001924400.0
2021-03-31,512990,SH,397015400.0
2021-03-31,513000,SH,52411400.0
2021-03-31,513030,SH,746779000.0
2021-03-31,513050,SH,4084432700.0
2021-03-31,513060,SH,100393300.0
2021-03-31,513080,SH,44416000.0
2021-03-31,513090,SH,855488000.0
2021-03-31,513100,SH,377622100.0
2021-03-31,513300,SH,288671000.0
2021-03-31,513330,SH,8199480000.0
2021-03-31,513500,SH,1106819300.0
2021-03-31,513520,SH,62887200.0
2021-03-31,513550,SH,6582992000.0
2021-03-31,513600,SH,135829500.0
2021-03-31,513660,SH,643000100.0
2021-03-31,513680,SH,37746700.0
2021-03-31,513800,SH,50644399.99999999
2021-03-31,513880,SH,43970000.0
2021-03-31,513900,SH,462978000.0
2021-03-31,513990,SH,148000000.0
2021-03-31,515000,SH,3784289700.0
2021-03-31,515010,SH,644771600.0
2021-03-31,515020,SH,327845300.0
2021-03-31,515030,SH,4224884000.0
2021-03-31,515050,SH,18615068500.0
2021-03-31,515060,SH,160478100.0
2021-03-31,515070,SH,1080470200.0
2021-03-31,515080,SH,394148900.0
2021-03-31,515090,SH,150801700.0
2021-03-31,515100,SH,70941500.0
2021-03-31,515110,SH,862295000.0
2021-03-31,515120,SH,1271993600.0
2021-03-31,515130,SH,88463200.0
2021-03-31,515150,SH,1249703200.0
2021-03-31,515160,SH,621955100.0
2021-03-31,515170,SH,4393757900.0
2021-03-31,515180,SH,1014637000.0
2021-03-31,515190,SH,63466100.0
2021-03-31,515200,SH,156943200.0
2021-03-31,515210,SH,306226100.0
2021-03-31,515220,SH,233588500.0
2021-03-31,515230,SH,442690900.0
2021-03-31,515250,SH,563944500.0
2021-03-31,515260,SH,1507284200.0000002
2021-03-31,515280,SH,38718600.0
2021-03-31,515290,SH,8253252900.0
2021-03-31,515300,SH,61675200.00000001
2021-03-31,515310,SH,27611200.0
2021-03-31,515320,SH,751309000.0
2021-03-31,515330,SH,4727709500.0
2021-03-31,515350,SH,44999200.0
2021-03-31,515360,SH,45779300.0
2021-03-31,515380,SH,917199800.0
2021-03-31,515390,SH,398683000.0
2021-03-31,515400,SH,464631400.0
2021-03-31,515450,SH,301835000.0
2021-03-31,515500,SH,80404800.0
2021-03-31,515510,SH,11534000.0
2021-03-31,515520,SH,39866800.0
2021-03-31,515530,SH,17042700.0
2021-03-31,515550,SH,23345700.0
2021-03-31,515560,SH,1214883300.0
2021-03-31,515570,SH,35443900.0
2021-03-31,515580,SH,420015700.0
2021-03-31,515590,SH,36113700.0
2021-03-31,515600,SH,2167797400.0
2021-03-31,515610,SH,35857400.0
2021-03-31,515620,SH,12157700.0
2021-03-31,515630,SH,179217700.0
2021-03-31,515650,SH,809184000.0
2021-03-31,515660,SH,252694200.0
2021-03-31,515670,SH,94822500.0
2021-03-31,515680,SH,2660264699.9999995
2021-03-31,515690,SH,56588000.0
2021-03-31,515700,SH,2159510200.0
2021-03-31,515710,SH,1645099800.0
2021-03-31,515750,SH,818140500.0
2021-03-31,515760,SH,300388100.0
2021-03-31,515770,SH,168727300.0
2021-03-31,515780,SH,137785200.0
2021-03-31,515790,SH,9364494000.0
2021-03-31,515800,SH,1593437200.0
2021-03-31,515810,SH,65908800.0
2021-03-31,515820,SH,119026100.0
2021-03-31,515830,SH,4153100.0
2021-03-31,515850,SH,93791000.0
2021-03-31,515860,SH,268878900.0
2021-03-31,515870,SH,40498900.0
2021-03-31,515880,SH,3236462300.0
2021-03-31,515890,SH,19443900.0
2021-03-31,515900,SH,4145646500.0
2021-03-31,515910,SH,524507000.0
2021-03-31,515920,SH,706405700.0000001
2021-03-31,515930,SH,55374700.0
2021-03-31,515950,SH,101200600.0
2021-03-31,515960,SH,58991899.99999999
2021-03-31,515980,SH,535064500.0
2021-03-31,515990,SH,458350200.0
2021-03-31,516000,SH,287855000.0
2021-03-31,516010,SH,476693000.0
2021-03-31,516020,SH,1068326200.0
2021-03-31,516050,SH,1238228000.0
2021-03-31,516060,SH,237237400.00000003
2021-03-31,516080,SH,581554800.0
2021-03-31,516090,SH,130922400.0
2021-03-31,516120,SH,2097082000.0
2021-03-31,516150,SH,608077000.0
2021-03-31,516160,SH,2737804000.0
2021-03-31,516180,SH,367987000.0
2021-03-31,516200,SH,53604000.0
2021-03-31,516220,SH,1071170000.0
2021-03-31,516300,SH,42602200.0
2021-03-31,516500,SH,168937200.0
2021-03-31,516520,SH,229765500.0
2021-03-31,516600,SH,281332100.0
2021-03-31,516660,SH,542689000.0
2021-03-31,516670,SH,90266300.0
2021-03-31,516680,SH,206624100.0
2021-03-31,516760,SH,185215100.0
2021-03-31,516770,SH,388648000.0
2021-03-31,516780,SH,2248349800.0
2021-03-31,516800,SH,747154000.0
2021-03-31,516850,SH,156237000.0
2021-03-31,516880,SH,3085944099.9999995
2021-03-31,517000,SH,1347793000.0
2021-03-31,517050,SH,1263605000.0
2021-03-31,517060,SH,180767200.0
2021-03-31,517080,SH,1181166000.0
2021-03-31,517100,SH,764602100.0000001
2021-03-31,517200,SH,255782000.0
2021-03-31,517300,SH,3822434500.0
2021-03-31,518600,SH,52993600.0
2021-03-31,518660,SH,25052700.0
2021-03-31,518680,SH,43658000.0
2021-03-31,518800,SH,151019900.0
2021-03-31,518850,SH,42678700.0
2021-03-31,518860,SH,19359800.0
2021-03-31,518880,SH,3254140800.0
2021-03-31,518890,SH,27554800.0
2021-03-31,588000,SH,14097568200.0
2021-03-31,588050,SH,2911241300.0
2021-03-31,588080,SH,4728628100.0
2021-03-31,588090,SH,3160872800.0000005
2021-04-30,510010,SH,186524400.0
2021-04-30,510020,SH,37348000.0
2021-04-30,510030,SH,18028700.0
2021-04-30,510050,SH,13347666800.0
2021-04-30,510060,SH,48959200.0
2021-04-30,510090,SH,33581100.0
2021-04-30,510100,SH,307234300.0
2021-04-30,510110,SH,6616799.999999999
2021-04-30,510120,SH,4192400.0
2021-04-30,510130,SH,42285100.0
2021-04-30,510150,SH,67931600.0
2021-04-30,510160,SH,462057400.0
2021-04-30,510170,SH,64728700.0
2021-04-30,510180,SH,5571557700.0
2021-04-30,510190,SH,16150800.0
2021-04-30,510200,SH,112385500.0
2021-04-30,510210,SH,543192600.0
2021-04-30,510220,SH,4729200.0
2021-04-30,510230,SH,4272808000.0
2021-04-30,510270,SH,9832100.0
2021-04-30,510290,SH,70448900.0
2021-04-30,510300,SH,8219287700.0
2021-04-30,510310,SH,3928307400.0
2021-04-30,510330,SH,5264349800.0
2021-04-30,510350,SH,648114700.0
2021-04-30,510360,SH,1298381200.0
2021-04-30,510370,SH,99258100.0
2021-04-30,510380,SH,2754802400.0
2021-04-30,510390,SH,299450000.0
2021-04-30,510410,SH,469258400.0
2021-04-30,510440,SH,21058300.0
2021-04-30,510500,SH,5406267200.0
2021-04-30,510510,SH,1341038299.9999998
2021-04-30,510530,SH,47979399.99999999
2021-04-30,510550,SH,13743300.0
2021-04-30,510560,SH,584318700.0
2021-04-30,510570,SH,140560600.0
2021-04-30,510580,SH,137896500.0
2021-04-30,510590,SH,175986100.0
2021-04-30,510600,SH,15415100.0
2021-04-30,510630,SH,308361500.0
2021-04-30,510650,SH,43452500.0
2021-04-30,510660,SH,35879700.0
2021-04-30,510680,SH,8524700.0
2021-04-30,510690,SH,50842500.0
2021-04-30,510710,SH,136718900.0
2021-04-30,510760,SH,347503700.0
2021-04-30,510800,SH,324576000.0
2021-04-30,510810,SH,9401093700.0
2021-04-30,510850,SH,67098900.0
2021-04-30,510860,SH,192968700.0
2021-04-30,510880,SH,5592175699.999999
2021-04-30,510890,SH,54561700.0
2021-04-30,510900,SH,8253021899.999999
2021-04-30,511010,SH,7966300.0
2021-04-30,511020,SH,11201700.0
2021-04-30,511030,SH,504907100.0
2021-04-30,511050,SH,4015500.0
2021-04-30,511060,SH,5506300.0
2021-04-30,511180,SH,25459700.0
2021-04-30,511220,SH,13658100.0
2021-04-30,511260,SH,8106500.0
2021-04-30,511270,SH,7667500.0
2021-04-30,511280,SH,217300.0
2021-04-30,511310,SH,273000.0
2021-04-30,511360,SH,574600.0
2021-04-30,511380,SH,68186700.0
2021-04-30,512000,SH,24531317700.0
2021-04-30,512010,SH,668173700.0
2021-04-30,512040,SH,116857900.0
2021-04-30,512070,SH,1207159900.0
2021-04-30,512090,SH,359592300.00000006
2021-04-30,512100,SH,740892000.0
2021-04-30,512120,SH,60247299.99999999
2021-04-30,512150,SH,27073400.0
2021-04-30,512160,SH,379777800.0
2021-04-30,512170,SH,2570820500.0
2021-04-30,512180,SH,116048000.0
2021-04-30,512190,SH,31418400.0
2021-04-30,512200,SH,2161876000.0
2021-04-30,512220,SH,215967600.0
2021-04-30,512260,SH,97297700.0
2021-04-30,512270,SH,5976799.999999999
2021-04-30,512280,SH,86005700.0
2021-04-30,512290,SH,1584820700.0
2021-04-30,512320,SH,89040800.0
2021-04-30,512330,SH,997188000.0
2021-04-30,512350,SH,110831100.0
2021-04-30,512360,SH,77337700.0
2021-04-30,512380,SH,192805600.0
2021-04-30,512390,SH,201682000.0
2021-04-30,512400,SH,5494039000.0
2021-04-30,512480,SH,9601003600.0
2021-04-30,512500,SH,1082408800.0
2021-04-30,512510,SH,326429800.0
2021-04-30,512520,SH,396056400.0
2021-04-30,512530,SH,77502000.0
2021-04-30,512550,SH,82906000.0
2021-04-30,512560,SH,378563500.0
2021-04-30,512570,SH,95806100.0
2021-04-30,512580,SH,1362271700.0000002
2021-04-30,512590,SH,77503400.0
2021-04-30,512600,SH,48951200.0
2021-04-30,512610,SH,7640599.999999999
2021-04-30,512640,SH,30240900.0
2021-04-30,512650,SH,1464941600.0
2021-04-30,512660,SH,12938080000.0
2021-04-30,512670,SH,807326300.0
2021-04-30,512680,SH,4621730100.0
2021-04-30,512690,SH,1152125100.0
2021-04-30,512700,SH,1590581000.0
2021-04-30,512710,SH,7963158400.0
2021-04-30,512720,SH,676453400.0
2021-04-30,512730,SH,128583900.0
2021-04-30,512750,SH,125754900.0
2021-04-30,512760,SH,9752322800.0
2021-04-30,512770,SH,233767800.0
2021-04-30,512780,SH,30586500.0
2021-04-30,512800,SH,6737240000.0
2021-04-30,512810,SH,215791700.0
2021-04-30,512820,SH,353201900.0
2021-04-30,512870,SH,39410600.0
2021-04-30,512880,SH,32413291500.0
2021-04-30,512890,SH,58555400.0
2021-04-30,512900,SH,6819906000.0
2021-04-30,512910,SH,405628800.0
2021-04-30,512920,SH,25092600.000000004
2021-04-30,512930,SH,217130300.0
2021-04-30,512950,SH,6639551000.0
2021-04-30,512960,SH,6478257300.0
2021-04-30,512970,SH,290987600.0
2021-04-30,512980,SH,3964424400.0
2021-04-30,512990,SH,405015400.0
2021-04-30,513000,SH,51411400.0
2021-04-30,513030,SH,764779000.0
2021-04-30,513050,SH,4915432700.0
2021-04-30,513060,SH,75393300.0
2021-04-30,513080,SH,43916000.0
2021-04-30,513090,SH,793988000.0
2021-04-30,513100,SH,371622100.0
2021-04-30,513300,SH,267671000.0
2021-04-30,513330,SH,8045480000.0
2021-04-30,513500,SH,1259819300.0
2021-04-30,513520,SH,58887200.0
2021-04-30,513550,SH,6018992000.0
2021-04-30,513600,SH,135829500.0
2021-04-30,513660,SH,627000100.0
2021-04-30,513680,SH,37746700.0
2021-04-30,513800,SH,50644399.99999999
2021-04-30,513880,SH,43470000.0
2021-04-30,513900,SH,428978000.0
2021-04-30,513990,SH,139000000.0
2021-04-30,515000,SH,3521289699.9999995
2021-04-30,515010,SH,650271600.0
2021-04-30,515020,SH,296845300.0
2021-04-30,515030,SH,4139384000.0
2021-04-30,515050,SH,17517068500.0
2021-04-30,515060,SH,153478100.0
2021-04-30,515070,SH,1035470200.0
2021-04-30,515080,SH,408148900.0
2021-04-30,515090,SH,150801700.0
2021-04-30,515100,SH,68941500.0
2021-04-30,515110,SH,862295000.0
2021-04-30,515120,SH,933993600.0
2021-04-30,515130,SH,67463200.0
2021-04-30,515150,SH,1331703200.0
2021-04-30,515160,SH,615955100.0
2021-04-30,515170,SH,3930257900.0
2021-04-30,515180,SH,986637000.0
2021-04-30,515190,SH,63466100.0
2021-04-30,515200,SH,148943200.0
2021-04-30,515210,SH,403226100.0
2021-04-30,515220,SH,270588500.0
2021-04-30,515230,SH,399690900.0
2021-04-30,515250,SH,643944500.0
2021-04-30,515260,SH,1318284200.0000002
2021-04-30,515280,SH,36018600.0
2021-04-30,515290,SH,8567172900.0
2021-04-30,515300,SH,81675200.0
2021-04-30,515310,SH,20611200.0
2021-04-30,515320,SH,671309000.0
2021-04-30,515330,SH,4868709500.0
2021-04-30,515350,SH,38699200.0
2021-04-30,515360,SH,39279300.0
2021-04-30,515380,SH,931599800.0
2021-04-30,515390,SH,242683000.0
2021-04-30,515400,SH,441631400.0
2021-04-30,515450,SH,303835000.0
2021-04-30,515500,SH,69404800.0
2021-04-30,515510,SH,10534000.0
2021-04-30,515520,SH,38866800.0
2021-04-30,515530,SH,17042700.0
2021-04-30,515550,SH,21345700.0
2021-04-30,515560,SH,1201883300.0
2021-04-30,515570,SH,33443900.0
2021-04-30,515580,SH,402015700.0
2021-04-30,515590,SH,28113700.0
2021-04-30,515600,SH,2163797400.0
2021-04-30,515610,SH,47857400.0
2021-04-30,515620,SH,12157700.0
2021-04-30,515630,SH,180717700.0
2021-04-30,515650,SH,801184000.0
2021-04-30,515660,SH,210394200.0
2021-04-30,515670,SH,94822500.0
2021-04-30,515680,SH,2657264699.9999995
2021-04-30,515690,SH,108088000.0
2021-04-30,515700,SH,2195510200.0
2021-04-30,515710,SH,1352599800.0
2021-04-30,515750,SH,781140500.0
2021-04-30,515760,SH,290388100.0
2021-04-30,515770,SH,165727300.0
2021-04-30,515780,SH,137785200.0
2021-04-30,515790,SH,8168494000.0
2021-04-30,515800,SH,1593437200.0
2021-04-30,515810,SH,65908800.0
2021-04-30,515820,SH,119026100.0
2021-04-30,515830,SH,4153100.0
2021-04-30,515850,SH,94791000.0
2021-04-30,515860,SH,245878900.0
2021-04-30,515870,SH,40498900.0
2021-04-30,515880,SH,3423462300.0
2021-04-30,515890,SH,18443900.0
2021-04-30,515900,SH,4142646500.0
2021-04-30,515910,SH,503507000.0
2021-04-30,515920,SH,661405700.0000001
2021-04-30,515930,SH,53574700.0
2021-04-30,515950,SH,95200600.0
2021-04-30,515960,SH,75991900.0
2021-04-30,515980,SH,493064500.0
2021-04-30,515990,SH,456350200.0
2021-04-30,516000,SH,272855000.0
2021-04-30,516010,SH,451693000.0
2021-04-30,516020,SH,973826200.0
2021-04-30,516050,SH,1134228000.0
2021-04-30,516060,SH,184237400.00000003
2021-04-30,516070,SH,205323000.0
2021-04-30,516080,SH,459554800.00000006
2021-04-30,516090,SH,64922400.0
2021-04-30,516120,SH,1925082000.0
2021-04-30,516150,SH,575577000.0
2021-04-30,516160,SH,2605804000.0
2021-04-30,516180,SH,354987000.0
2021-04-30,516200,SH,45604000.0
2021-04-30,516220,SH,1011170000.0
2021-04-30,516300,SH,27602200.0
2021-04-30,516330,SH,72071300.0
2021-04-30,516500,SH,110937200.0
2021-04-30,516510,SH,284890000.0
2021-04-30,516520,SH,275765500.0
2021-04-30,516550,SH,25414400.0
2021-04-30,516600,SH,254332100.0
2021-04-30,516660,SH,467689000.0
2021-04-30,516670,SH,60266300.0
2021-04-30,516680,SH,168624100.0
2021-04-30,516760,SH,171215099.99999997
2021-04-30,516770,SH,364648000.0
2021-04-30,516780,SH,2196749800.0
2021-04-30,516800,SH,673154000.0
2021-04-30,516850,SH,58237000.0
2021-04-30,516880,SH,2799944099.9999995
2021-04-30,516900,SH,59729000.0
2021-04-30,517000,SH,1262793000.0
2021-04-30,517050,SH,1161605000.0
2021-04-30,517060,SH,66767200.0
2021-04-30,517080,SH,1113166000.0
2021-04-30,517100,SH,701602100.0000001
2021-04-30,517170,SH,111131800.0
2021-04-30,517200,SH,231782000.0
2021-04-30,517300,SH,3750434500.0
2021-04-30,518600,SH,52093600.0
2021-04-30,518660,SH,28352700.0
2021-04-30,518680,SH,40558000.0
2021-04-30,518800,SH,135719900.0
2021-04-30,518850,SH,39978700.0
2021-04-30,518860,SH,19059800.0
2021-04-30,518880,SH,3096040800.0
2021-04-30,518890,SH,27254800.0
2021-04-30,588000,SH,13712768200.0
2021-04-30,588050,SH,3991241300.0
2021-04-30,588080,SH,5816128100.000001
2021-04-30,588090,SH,3163472800.0000005
2021-05-31,510010,SH,185524400.0
2021-05-31,510020,SH,36648000.0
2021-05-31,510030,SH,18028700.0
2021-05-31,510050,SH,14610366800.0
2021-05-31,510060,SH,47959200.0
2021-05-31,510090,SH,33581100.0
2021-05-31,510100,SH,320234300.0
2021-05-31,510110,SH,6316799.999999999
2021-05-31,510120,SH,4192400.0
2021-05-31,510130,SH,41485100.0
2021-05-31,510150,SH,803178600.0
2021-05-31,510160,SH,454057400.0
2021-05-31,510170,SH,67228700.0
2021-05-31,510180,SH,5564557700.0
2021-05-31,510190,SH,16150800.0
2021-05-31,510200,SH,88385500.0
2021-05-31,510210,SH,493192600.0
2021-05-31,510220,SH,4229200.0
2021-05-31,510230,SH,4173808000.0
2021-05-31,510270,SH,9832100.0
2021-05-31,510290,SH,72448900.0
2021-05-31,510300,SH,10556587700.0
2021-05-31,510310,SH,4092307400.0
2021-05-31,510330,SH,5769249800.0
2021-05-31,510350,SH,649014700.0
2021-05-31,510360,SH,1382381200.0
2021-05-31,510370,SH,99258100.0
2021-05-31,510380,SH,2160802400.0
2021-05-31,510390,SH,304850000.0
2021-05-31,510410,SH,471258400.0
2021-05-31,510440,SH,21058300.0
2021-05-31,510500,SH,5520667200.0
2021-05-31,510510,SH,1293038300.0
2021-05-31,510530,SH,47979399.99999999
2021-05-31,510550,SH,13743300.0
2021-05-31,510560,SH,314318700.0
2021-05-31,510570,SH,135560600.0
2021-05-31,510580,SH,130096500.0
2021-05-31,510590,SH,174786100.0
2021-05-31,510600,SH,15115100.0
2021-05-31,510630,SH,296361500.0
2021-05-31,510650,SH,35952500.0
2021-05-31,510660,SH,32879700.0
2021-05-31,510680,SH,7324700.0
2021-05-31,510690,SH,49842500.0
2021-05-31,510710,SH,135818900.0
2021-05-31,510760,SH,305503700.0
2021-05-31,510800,SH,318576000.0
2021-05-31,510810,SH,9182093700.0
2021-05-31,510850,SH,81498900.0
2021-05-31,510860,SH,190968700.0
2021-05-31,510880,SH,5756675699.999999
2021-05-31,510890,SH,54561700.0
2021-05-31,510900,SH,8253021899.999999
2021-05-31,511010,SH,7796300.0
2021-05-31,511020,SH,11201700.0
2021-05-31,511030,SH,504907100.0
2021-05-31,511050,SH,4015500.0
2021-05-31,511060,SH,5506300.0
2021-05-31,511180,SH,24259700.0
2021-05-31,511220,SH,13448100.0
2021-05-31,511260,SH,7676500.0
2021-05-31,511270,SH,7657500.0
2021-05-31,511280,SH,197300.0
2021-05-31,511310,SH,273000.0
2021-05-31,511360,SH,606600.0
2021-05-31,511380,SH,66386700.0
2021-05-31,512000,SH,20817017700.0
2021-05-31,512010,SH,695173700.0
2021-05-31,512040,SH,118857900.0
2021-05-31,512070,SH,1298159900.0
2021-05-31,512090,SH,359592300.00000006
2021-05-31,512100,SH,710892000.0
2021-05-31,512120,SH,60247299.99999999
2021-05-31,512150,SH,29073400.0
2021-05-31,512160,SH,383777800.0
2021-05-31,512170,SH,6169820500.0
2021-05-31,512180,SH,112048000.0
2021-05-31,512190,SH,26518400.0
2021-05-31,512200,SH,2033376000.0
2021-05-31,512220,SH,211467600.0
2021-05-31,512260,SH,94097700.0
2021-05-31,512270,SH,5976799.999999999
2021-05-31,512280,SH,88005700.0
2021-05-31,512290,SH,1305820700.0
2021-05-31,512320,SH,89040800.0
2021-05-31,512330,SH,950688000.0
2021-05-31,512350,SH,109831100.0
2021-05-31,512360,SH,102337700.0
2021-05-31,512380,SH,195805600.0
2021-05-31,512390,SH,201682000.0
2021-05-31,512400,SH,4847539000.0
2021-05-31,512480,SH,8945003600.0
2021-05-31,512500,SH,1177608800.0
2021-05-31,512510,SH,318429800.0
2021-05-31,512520,SH,393056400.0
2021-05-31,512530,SH,74502000.0
2021-05-31,512550,SH,83906000.0
2021-05-31,512560,SH,352563500.0
2021-05-31,512570,SH,83806100.0
2021-05-31,512580,SH,1331071700.0000002
2021-05-31,512590,SH,74503400.0
2021-05-31,512600,SH,53201200.0
2021-05-31,512610,SH,7140599.999999999
2021-05-31,512640,SH,29240900.0
2021-05-31,512650,SH,1458941600.0
2021-05-31,512660,SH,11234080000.0
2021-05-31,512670,SH,686326300.0
2021-05-31,512680,SH,4463330100.0
2021-05-31,512690,SH,2679450200.0
2021-05-31,512700,SH,1413581000.0
2021-05-31,512710,SH,7435158400.0
2021-05-31,512720,SH,662453400.0
2021-05-31,512730,SH,134083900.0
2021-05-31,512750,SH,119454900.0
2021-05-31,512760,SH,9354322800.0
2021-05-31,512770,SH,233767800.0
2021-05-31,512780,SH,28086500.0
2021-05-31,512800,SH,6842540000.0
2021-05-31,512810,SH,202791700.0
2021-05-31,512820,SH,359501900.0
2021-05-31,512870,SH,38410600.0
2021-05-31,512880,SH,27780291500.0
2021-05-31,512890,SH,59555400.0
2021-05-31,512900,SH,6928906000.0
2021-05-31,512910,SH,393628800.0
2021-05-31,512920,SH,25092600.000000004
2021-05-31,512930,SH,212130300.0
2021-05-31,512950,SH,6444551000.0
2021-05-31,512960,SH,6304257300.0
2021-05-31,512970,SH,289987600.0
2021-05-31,512980,SH,4226924400.0
2021-05-31,512990,SH,399015400.0
2021-05-31,513000,SH,54411400.0
2021-05-31,513010,SH,1370307000.0
2021-05-31,513030,SH,647779000.0
2021-05-31,513050,SH,7398432700.0
2021-05-31,513060,SH,87893300.0
2021-05-31,513080,SH,44416000.0
2021-05-31,513090,SH,769988000.0
2021-05-31,513100,SH,376622100.0
2021-05-31,513180,SH,1719759500.0
2021-05-31,513300,SH,282671000.0
2021-05-31,513330,SH,10421480000.0
2021-05-31,513500,SH,1323819300.0
2021-05-31,513520,SH,62887200.0
2021-05-31,513550,SH,5522992000.0
2021-05-31,513580,SH,441118000.0
2021-05-31,513600,SH,132829500.0
2021-05-31,513660,SH,544000100.0
2021-05-31,513680,SH,36746700.0
2021-05-31,513690,SH,215979900.00000003
2021-05-31,513800,SH,50644399.99999999
2021-05-31,513880,SH,44470000.0
2021-05-31,513900,SH,359978000.0
2021-05-31,513990,SH,121000000.0
2021-05-31,515000,SH,3471289699.9999995
2021-05-31,515010,SH,616271600.0
2021-05-31,515020,SH,278845300.0
2021-05-31,515030,SH,3737384000.0
2021-05-31,515050,SH,16865068500.0
2021-05-31,515060,SH,134478100.0
2021-05-31,515070,SH,976970200.0
2021-05-31,515080,SH,438148900.0
2021-05-31,515090,SH,149801700.0
2021-05-31,515100,SH,64941500.0
2021-05-31,515110,SH,863295000.0
2021-05-31,515120,SH,800993600.0
2021-05-31,515130,SH,55463200.0
2021-05-31,515150,SH,1331703200.0
2021-05-31,515160,SH,601955100.0
2021-05-31,515170,SH,3286757900.0
2021-05-31,515180,SH,992637000.0
2021-05-31,515190,SH,65466100.0
2021-05-31,515200,SH,148943200.0
2021-05-31,515210,SH,791226100.0
2021-05-31,515220,SH,464588500.0
2021-05-31,515230,SH,294690900.0
2021-05-31,515250,SH,579944500.0
2021-05-31,515260,SH,1284284200.0
2021-05-31,515280,SH,35718600.0
2021-05-31,515290,SH,7762612900.0
2021-05-31,515300,SH,83675200.0
2021-05-31,515310,SH,20611200.0
2021-05-31,515320,SH,650309000.0
2021-05-31,515330,SH,4913709500.0
2021-05-31,515350,SH,52199200.0
2021-05-31,515360,SH,39279300.0
2021-05-31,515380,SH,969399800.0
2021-05-31,515390,SH,306683000.0
2021-05-31,515400,SH,410631400.0
2021-05-31,515450,SH,164335000.0
2021-05-31,515500,SH,72404800.0
2021-05-31,515510,SH,10534000.0
2021-05-31,515520,SH,36866800.0
2021-05-31,515530,SH,14642700.0
2021-05-31,515550,SH,21345700.0
2021-05-31,515560,SH,941883300.0
2021-05-31,515570,SH,37443900.0
2021-05-31,515580,SH,384015700.0
2021-05-31,515590,SH,30113700.0
2021-05-31,515600,SH,2162797400.0
2021-05-31,515610,SH,38857400.0
2021-05-31,515620,SH,12157700.0
2021-05-31,515630,SH,162217700.0
2021-05-31,515650,SH,779184000.0
2021-05-31,515660,SH,208594200.0
2021-05-31,515670,SH,94822500.0
2021-05-31,515680,SH,2653264699.9999995
2021-05-31,515690,SH,163088000.0
2021-05-31,515700,SH,2086510200.0
2021-05-31,515710,SH,1033099800.0
2021-05-31,515750,SH,750140500.0
2021-05-31,515760,SH,271888100.0
2021-05-31,515770,SH,159727300.0
2021-05-31,515780,SH,149785200.0
2021-05-31,515790,SH,7786494000.0
2021-05-31,515800,SH,1641437200.0
2021-05-31,515810,SH,62908800.0
2021-05-31,515820,SH,119026100.0
2021-05-31,515830,SH,4153100.0
2021-05-31,515850,SH,88291000.0
2021-05-31,515860,SH,231878900.0
2021-05-31,515870,SH,35498900.0
2021-05-31,515880,SH,3270462300.0
2021-05-31,515890,SH,18443900.0
2021-05-31,515900,SH,4138646500.0
2021-05-31,515910,SH,488507000.0
2021-05-31,515920,SH,625405700.0
2021-05-31,515930,SH,54474700.0
2021-05-31,515950,SH,97200600.0
2021-05-31,515960,SH,67991900.0
2021-05-31,515980,SH,456064500.0
2021-05-31,515990,SH,452350200.0
2021-05-31,516000,SH,241855000.0
2021-05-31,516010,SH,408693000.0
2021-05-31,516020,SH,854826200.0
2021-05-31,516050,SH,1087228000.0
2021-05-31,516060,SH,124237400.0
2021-05-31,516070,SH,134323000.0
2021-05-31,516080,SH,314554800.0
2021-05-31,516090,SH,58922400.0
2021-05-31,516110,SH,110623100.0
2021-05-31,516120,SH,1711082000.0
2021-05-31,516150,SH,493077000.0
2021-05-31,516160,SH,2374804000.0
2021-05-31,516180,SH,324987000.0
2021-05-31,516200,SH,19604000.0
2021-05-31,516220,SH,835170000.0
2021-05-31,516300,SH,21602200.0
2021-05-31,516310,SH,208158500.0
2021-05-31,516330,SH,55271300.0
2021-05-31,516360,SH,73551800.0
2021-05-31,516500,SH,87937200.0
2021-05-31,516510,SH,197890000.0
2021-05-31,516520,SH,303765500.0
2021-05-31,516550,SH,21414400.0
2021-05-31,516590,SH,212015000.0
2021-05-31,516600,SH,224332100.0
2021-05-31,516610,SH,54974799.99999999
2021-05-31,516660,SH,250689000.0
2021-05-31,516670,SH,57266300.0
2021-05-31,516680,SH,127624100.0
2021-05-31,516700,SH,84122000.0
2021-05-31,516760,SH,174215099.99999997
2021-05-31,516770,SH,338248000.0
2021-05-31,516780,SH,2101949800.0
2021-05-31,516800,SH,563154000.0
2021-05-31,516850,SH,45237000.0
2021-05-31,516880,SH,2663944099.9999995
2021-05-31,516900,SH,29729000.0
2021-05-31,516950,SH,207821000.0
2021-05-31,516960,SH,81051100.0
2021-05-31,517000,SH,1177793000.0
2021-05-31,517050,SH,1105605000.0
2021-05-31,517060,SH,42767200.0
2021-05-31,517080,SH,1033166000.0
2021-05-31,517100,SH,638602100.0
2021-05-31,517170,SH,61131800.0
2021-05-31,517200,SH,216782000.0
2021-05-31,517300,SH,3468434500.0
2021-05-31,518600,SH,49693600.0
2021-05-31,518660,SH,28652700.0
2021-05-31,518680,SH,40058000.0
2021-05-31,518800,SH,133019900.0
2021-05-31,518850,SH,37878700.0
2021-05-31,518860,SH,18159800.0
2021-05-31,518880,SH,2975440800.0
2021-05-31,518890,SH,26654800.0
2021-05-31,588000,SH,13117368200.0
2021-05-31,588050,SH,3593241300.0
2021-05-31,588080,SH,7171128100.000001
2021-05-31,588090,SH,2893072800.0000005
2021-06-30,510010,SH,181524400.0
2021-06-30,510020,SH,36548000.0
2021-06-30,510030,SH,144729800.0
2021-06-30,510050,SH,15474366800.0
2021-06-30,510060,SH,47959200.0
2021-06-30,510090,SH,32581100.0
2021-06-30,510100,SH,349234300.0
2021-06-30,510110,SH,6316799.999999999
2021-06-30,510120,SH,4192400.0
2021-06-30,510130,SH,40685100.0
2021-06-30,510150,SH,851178600.0
2021-06-30,510160,SH,446057400.0
2021-06-30,510170,SH,64728700.0
2021-06-30,510180,SH,5533057700.0
2021-06-30,510190,SH,15150800.0
2021-06-30,510200,SH,87385500.0
2021-06-30,510210,SH,473192600.0
2021-06-30,510220,SH,4229200.0
2021-06-30,510230,SH,4062808000.0
2021-06-30,510270,SH,9832100.0
2021-06-30,510290,SH,70448900.0
2021-06-30,510300,SH,9186787700.0
2021-06-30,510310,SH,4060307400.0
2021-06-30,510330,SH,5499249800.0
2021-06-30,510350,SH,634614700.0
2021-06-30,510360,SH,1358381200.0
2021-06-30,510370,SH,45258100.00000001
2021-06-30,510380,SH,2148802400.0
2021-06-30,510390,SH,294050000.0
2021-06-30,510410,SH,405258400.0
2021-06-30,510440,SH,20058300.0
2021-06-30,510500,SH,5147867200.0
2021-06-30,510510,SH,1293038300.0
2021-06-30,510530,SH,47979399.99999999
2021-06-30,510550,SH,13743300.0
2021-06-30,510560,SH,170318700.0
2021-06-30,510570,SH,48060600.00000001
2021-06-30,510580,SH,140896500.0
2021-06-30,510590,SH,171986100.0
2021-06-30,510600,SH,16315100.0
2021-06-30,510630,SH,300361500.0
2021-06-30,510650,SH,34952500.0
2021-06-30,510660,SH,32379700.0
2021-06-30,510680,SH,7624700.0
2021-06-30,510690,SH,11842500.0
2021-06-30,510710,SH,133718900.0
2021-06-30,510760,SH,266503700.0
2021-06-30,510800,SH,354576000.0
2021-06-30,510810,SH,9146093700.0
2021-06-30,510850,SH,86298900.0
2021-06-30,510860,SH,45968700.0
2021-06-30,510880,SH,5489175699.999999
2021-06-30,510890,SH,53561700.0
2021-06-30,510900,SH,6472021899.999999
2021-06-30,511010,SH,7386300.0
2021-06-30,511020,SH,11201700.0
2021-06-30,511030,SH,504907100.0
2021-06-30,511050,SH,4015500.0
2021-06-30,511060,SH,5546300.0
2021-06-30,511180,SH,24059700.0
2021-06-30,511220,SH,13298100.0
2021-06-30,511260,SH,7856500.0
2021-06-30,511270,SH,6627500.0
2021-06-30,511280,SH,17300.0
2021-06-30,511310,SH,273000.0
2021-06-30,511360,SH,5090600.0
2021-06-30,511380,SH,64286700.0
2021-06-30,512000,SH,22469717700.0
2021-06-30,512010,SH,2865694900.0
2021-06-30,512040,SH,119857900.0
2021-06-30,512070,SH,1495159900.0
2021-06-30,512090,SH,359592300.00000006
2021-06-30,512100,SH,875892000.0
2021-06-30,512120,SH,60247299.99999999
2021-06-30,512150,SH,24073400.0
2021-06-30,512160,SH,367777800.0
2021-06-30,512170,SH,6072820500.0
2021-06-30,512180,SH,112048000.0
2021-06-30,512190,SH,27218400.0
2021-06-30,512200,SH,2182876000.0
2021-06-30,512220,SH,199467600.0
2021-06-30,512260,SH,91697700.0
2021-06-30,512270,SH,5976799.999999999
2021-06-30,512280,SH,94005700.0
2021-06-30,512290,SH,1317820700.0
2021-06-30,512320,SH,86040800.0
2021-06-30,512330,SH,811188000.0
2021-06-30,512350,SH,11831099.999999998
2021-06-30,512360,SH,114337700.0
2021-06-30,512380,SH,192805600.0
2021-06-30,512390,SH,201682000.0
2021-06-30,512400,SH,4128539000.0
2021-06-30,512480,SH,6837003600.0
2021-06-30,512500,SH,1120808800.0
2021-06-30,512510,SH,320429800.0
2021-06-30,512520,SH,390056400.0
2021-06-30,512530,SH,73502000.0
2021-06-30,512550,SH,106906000.0
2021-06-30,512560,SH,385563500.0
2021-06-30,512570,SH,100806100.0
2021-06-30,512580,SH,1278271700.0
2021-06-30,512590,SH,75503400.0
2021-06-30,512600,SH,73701200.0
2021-06-30,512610,SH,6640599.999999999
2021-06-30,512640,SH,33740900.0
2021-06-30,512650,SH,1456941600.0
2021-06-30,512660,SH,11410080000.0
2021-06-30,512670,SH,751326300.0
2021-06-30,512680,SH,4852930100.0
2021-06-30,512690,SH,3208550200.0
2021-06-30,512700,SH,1558081000.0
2021-06-30,512710,SH,6982158400.0
2021-06-30,512720,SH,570453400.0
2021-06-30,512730,SH,170583900.0
2021-06-30,512750,SH,122154900.0
2021-06-30,512760,SH,7456322800.0
2021-06-30,512770,SH,212767800.0
2021-06-30,512780,SH,26586500.0
2021-06-30,512800,SH,6724940000.0
2021-06-30,512810,SH,200791700.0
2021-06-30,512820,SH,403901900.0
2021-06-30,512870,SH,37410600.0
2021-06-30,512880,SH,28904291500.0
2021-06-30,512890,SH,63555400.0
2021-06-30,512900,SH,7813906000.0
2021-06-30,512910,SH,398128800.0
2021-06-30,512920,SH,25092600.000000004
2021-06-30,512930,SH,202130300.0
2021-06-30,512950,SH,5767551000.0
2021-06-30,512960,SH,5750257300.0
2021-06-30,512970,SH,289987600.0
2021-06-30,512980,SH,4441424400.0
2021-06-30,512990,SH,383015400.0
2021-06-30,513000,SH,53411400.0
2021-06-30,513010,SH,1369307000.0
2021-06-30,513030,SH,648279000.0
2021-06-30,513050,SH,10250432700.0
2021-06-30,513060,SH,90393300.0
2021-06-30,513080,SH,43416000.0
2021-06-30,513090,SH,859988000.0
2021-06-30,513100,SH,371622100.0
2021-06-30,513130,SH,874047000.0
2021-06-30,513180,SH,1668759500.0
2021-06-30,513300,SH,252671000.0
2021-06-30,513330,SH,10843480000.0
2021-06-30,513360,SH,136213900.0
2021-06-30,513500,SH,1306819300.0
2021-06-30,513520,SH,58887200.0
2021-06-30,513550,SH,5264992000.0
2021-06-30,513580,SH,255118000.0
2021-06-30,513600,SH,124829500.0
2021-06-30,513660,SH,477000100.0
2021-06-30,513680,SH,35746700.0
2021-06-30,513690,SH,181479900.00000003
2021-06-30,513800,SH,50244399.99999999
2021-06-30,513880,SH,42470000.0
2021-06-30,513900,SH,358978000.0
2021-06-30,513990,SH,115000000.0
2021-06-30,515000,SH,3107289699.9999995
2021-06-30,515010,SH,663271600.0
2021-06-30,515020,SH,296845300.0
2021-06-30,515030,SH,3380384000.0
2021-06-30,515050,SH,14165068500.0
2021-06-30,515060,SH,125478100.0
2021-06-30,515070,SH,870470200.0
2021-06-30,515080,SH,502148900.0
2021-06-30,515090,SH,132801700.0
2021-06-30,515100,SH,70941500.0
2021-06-30,515110,SH,824295000.0
2021-06-30,515120,SH,717993600.0
2021-06-30,515130,SH,49463200.0
2021-06-30,515150,SH,1248703200.0
2021-06-30,515160,SH,591955100.0
2021-06-30,515170,SH,3276257900.0
2021-06-30,515180,SH,981637000.0
2021-06-30,515190,SH,55466100.0
2021-06-30,515200,SH,146943200.0
2021-06-30,515210,SH,706226100.0
2021-06-30,515220,SH,571588500.0
2021-06-30,515230,SH,256690900.0
2021-06-30,515250,SH,403944500.0
2021-06-30,515260,SH,881284200.0
2021-06-30,515280,SH,41718600.0
2021-06-30,515290,SH,8502692900.0
2021-06-30,515300,SH,91675200.0
2021-06-30,515310,SH,20611200.0
2021-06-30,515320,SH,476309000.0
2021-06-30,515330,SH,5045709500.0
2021-06-30,515350,SH,52199200.0
2021-06-30,515360,SH,40779300.0
2021-06-30,515380,SH,946899800.0
2021-06-30,515390,SH,398683000.0
2021-06-30,515400,SH,384631400.0
2021-06-30,515450,SH,158335000.0
2021-06-30,515500,SH,68404800.0
2021-06-30,515510,SH,10534000.0
2021-06-30,515520,SH,34866800.0
2021-06-30,515530,SH,13042700.0
2021-06-30,515550,SH,21345700.0
2021-06-30,515560,SH,922883300.0
2021-06-30,515570,SH,36443900.0
2021-06-30,515580,SH,358015700.0
2021-06-30,515590,SH,30113700.0
2021-06-30,515600,SH,1901797400.0
2021-06-30,515610,SH,32857400.0
2021-06-30,515630,SH,161217700.0
2021-06-30,515650,SH,831184000.0
2021-06-30,515660,SH,199594200.0
2021-06-30,515670,SH,75322500.0
2021-06-30,515680,SH,2379264700.0
2021-06-30,515690,SH,137088000.0
2021-06-30,515700,SH,1894510200.0
2021-06-30,515710,SH,983599800.0
2021-06-30,515750,SH,700140500.0
2021-06-30,515760,SH,261888100.0
2021-06-30,515770,SH,153727300.0
2021-06-30,515780,SH,137785200.0
2021-06-30,515790,SH,5424494000.0
2021-06-30,515800,SH,1633437200.0
2021-06-30,515810,SH,62908800.0
2021-06-30,515820,SH,119026100.0
2021-06-30,515830,SH,4153100.0
2021-06-30,515850,SH,156291000.0
2021-06-30,515860,SH,213878900.0
2021-06-30,515870,SH,31498900.0
2021-06-30,515880,SH,2601462300.0
2021-06-30,515890,SH,17443900.0
2021-06-30,515900,SH,3847646500.0
2021-06-30,515910,SH,461507000.0
2021-06-30,515920,SH,500905700.0
2021-06-30,515930,SH,67974700.0
2021-06-30,515950,SH,91200600.0
2021-06-30,515960,SH,114991900.0
2021-06-30,515980,SH,389064500.0
2021-06-30,515990,SH,431350200.0
2021-06-30,516000,SH,168855000.0
2021-06-30,516010,SH,293693000.0
2021-06-30,516020,SH,536826200.0
2021-06-30,516050,SH,1003228000.0
2021-06-30,516060,SH,114237400.0
2021-06-30,516070,SH,139323000.0
2021-06-30,516080,SH,267554800.0
2021-06-30,516090,SH,91922400.0
2021-06-30,516110,SH,166623100.0
2021-06-30,516120,SH,996082000.0
2021-06-30,516150,SH,389577000.0
2021-06-30,516160,SH,1608304000.0
2021-06-30,516180,SH,205987000.0
2021-06-30,516200,SH,17604000.0
2021-06-30,516220,SH,395170000.0
2021-06-30,516300,SH,18602200.0
2021-06-30,516310,SH,192558500.0
2021-06-30,516320,SH,67589300.0
2021-06-30,516330,SH,69671300.0
2021-06-30,516360,SH,45551800.0
2021-06-30,516380,SH,97449300.0
2021-06-30,516390,SH,135261000.0
2021-06-30,516480,SH,92146100.0
2021-06-30,516500,SH,76937200.0
2021-06-30,516510,SH,132890000.0
2021-06-30,516520,SH,231765500.0
2021-06-30,516550,SH,67414400.0
2021-06-30,516570,SH,101357600.0
2021-06-30,516590,SH,172015000.0
2021-06-30,516600,SH,221332100.0
2021-06-30,516610,SH,41974799.99999999
2021-06-30,516650,SH,119464800.0
2021-06-30,516660,SH,196689000.0
2021-06-30,516670,SH,66266300.0
2021-06-30,516680,SH,122124100.0
2021-06-30,516700,SH,48122000.0
2021-06-30,516760,SH,179215099.99999997
2021-06-30,516770,SH,285448000.0
2021-06-30,516780,SH,1872749800.0
2021-06-30,516800,SH,303154000.0
2021-06-30,516850,SH,49237000.0
2021-06-30,516880,SH,1785944100.0
2021-06-30,516900,SH,19229000.0
2021-06-30,516910,SH,56141800.0
2021-06-30,516950,SH,183821000.0
2021-06-30,516960,SH,71051100.0
2021-06-30,516980,SH,224016000.0
2021-06-30,517000,SH,1062793000.0
2021-06-30,517050,SH,1045605000.0
2021-06-30,517060,SH,33767200.0
2021-06-30,517080,SH,953166000.0
2021-06-30,517100,SH,607102100.0
2021-06-30,517170,SH,41131800.0
2021-06-30,517200,SH,206782000.0
2021-06-30,517300,SH,3285434500.0
2021-06-30,517350,SH,142042000.0
2021-06-30,518600,SH,47593600.0
2021-06-30,518660,SH,30152700.0
2021-06-30,518680,SH,37758000.0
2021-06-30,518800,SH,136319900.0
2021-06-30,518850,SH,40278700.0
2021-06-30,518860,SH,16659800.0
2021-06-30,518880,SH,3030640800.0
2021-06-30,518890,SH,27554800.0
2021-06-30,561500,SH,255600300.0
2021-06-30,588000,SH,12215168200.0
2021-06-30,588050,SH,2955241300.0
2021-06-30,588080,SH,7003628100.000001
2021-06-30,588090,SH,2310672800.0
2021-08-31,510010,SH,178524400.0
2021-08-31,510020,SH,35348000.0
2021-08-31,510030,SH,136729800.0
2021-08-31,510050,SH,14564466800.0
2021-08-31,510060,SH,47959200.0
2021-08-31,510090,SH,32581100.0
2021-08-31,510100,SH,439234300.0
2021-08-31,510110,SH,6016799.999999999
2021-08-31,510120,SH,4192400.0
2021-08-31,510130,SH,41485100.0
2021-08-31,510150,SH,951178600.0
2021-08-31,510160,SH,420057400.0
2021-08-31,510170,SH,48728700.0
2021-08-31,510180,SH,5534557700.0
2021-08-31,510190,SH,15150800.0
2021-08-31,510200,SH,77885500.0
2021-08-31,510210,SH,400692600.0
2021-08-31,510220,SH,4229200.0
2021-08-31,510230,SH,3944808000.0
2021-08-31,510270,SH,9832100.0
2021-08-31,510290,SH,66448900.0
2021-08-31,510300,SH,7211287700.0
2021-08-31,510310,SH,3948307400.0
2021-08-31,510330,SH,4953849800.0
2021-08-31,510350,SH,612114700.0
2021-08-31,510360,SH,1121381200.0
2021-08-31,510370,SH,15258100.0
2021-08-31,510380,SH,2154802400.0
2021-08-31,510390,SH,299450000.0
2021-08-31,510410,SH,343258399.99999994
2021-08-31,510440,SH,20058300.0
2021-08-31,510500,SH,5224267200.0
2021-08-31,510510,SH,1291038300.0
2021-08-31,510530,SH,47479399.99999999
2021-08-31,510550,SH,11743300.0
2021-08-31,510560,SH,168318700.0
2021-08-31,510570,SH,18060600.0
2021-08-31,510580,SH,1573965200.0
2021-08-31,510590,SH,168386100.0
2021-08-31,510600,SH,22315100.000000004
2021-08-31,510630,SH,309361500.0
2021-08-31,510650,SH,32452500.0
2021-08-31,510660,SH,38879700.0
2021-08-31,510680,SH,8824700.0
2021-08-31,510690,SH,8842500.0
2021-08-31,510710,SH,145118900.0
2021-08-31,510760,SH,206503700.0
2021-08-31,510800,SH,440576000.0
2021-08-31,510810,SH,9196093700.0
2021-08-31,510850,SH,99498900.0
2021-08-31,510860,SH,15968699.999999998
2021-08-31,510880,SH,4984675700.0
2021-08-31,510890,SH,53561700.0
2021-08-31,510900,SH,6466021899.999999
2021-08-31,510990,SH,108948600.0
2021-08-31,511010,SH,7826300.0
2021-08-31,511020,SH,11201700.0
2021-08-31,511030,SH,504907100.0
2021-08-31,511060,SH,5556300.0
2021-08-31,511180,SH,23759700.0
2021-08-31,511220,SH,13058100.0
2021-08-31,511260,SH,8876500.0
2021-08-31,511270,SH,6627500.0
2021-08-31,511280,SH,7300.0
2021-08-31,511310,SH,233000.0
2021-08-31,511360,SH,6422600.0
2021-08-31,511380,SH,59886700.0
2021-08-31,512000,SH,21171017700.0
2021-08-31,512010,SH,5065694900.0
2021-08-31,512040,SH,121857900.0
2021-08-31,512070,SH,1561159900.0
2021-08-31,512090,SH,333592300.00000006
2021-08-31,512100,SH,1370892000.0
2021-08-31,512120,SH,71747300.0
2021-08-31,512150,SH,39073400.0
2021-08-31,512160,SH,329777800.0
2021-08-31,512170,SH,10653820500.0
2021-08-31,512180,SH,118048000.0
2021-08-31,512190,SH,23018400.0
2021-08-31,512200,SH,2113876000.0
2021-08-31,512220,SH,178467599.99999997
2021-08-31,512260,SH,79697700.0
2021-08-31,512270,SH,5176799.999999999
2021-08-31,512280,SH,102005700.0
2021-08-31,512290,SH,1549820700.0
2021-08-31,512320,SH,77040800.0
2021-08-31,512330,SH,602688000.0
2021-08-31,512350,SH,5831100.0
2021-08-31,512360,SH,144337700.0
2021-08-31,512380,SH,183805600.0
2021-08-31,512390,SH,201682000.0
2021-08-31,512400,SH,2918039000.0
2021-08-31,512480,SH,6797003600.0
2021-08-31,512500,SH,1219208800.0
2021-08-31,512510,SH,324429800.0
2021-08-31,512520,SH,381056400.0
2021-08-31,512530,SH,40502000.0
2021-08-31,512550,SH,162906000.0
2021-08-31,512560,SH,480563500.0
2021-08-31,512570,SH,108806100.0
2021-08-31,512580,SH,1299871700.0
2021-08-31,512590,SH,72503400.0
2021-08-31,512600,SH,535156100.0
2021-08-31,512610,SH,7140599.999999999
2021-08-31,512640,SH,35740900.0
2021-08-31,512650,SH,1450941600.0
2021-08-31,512660,SH,12316080000.0
2021-08-31,512670,SH,1782652600.0
2021-08-31,512680,SH,3424130100.0
2021-08-31,512690,SH,5837550200.0
2021-08-31,512700,SH,1734081000.0
2021-08-31,512710,SH,5935158400.0
2021-08-31,512720,SH,686453400.0
2021-08-31,512730,SH,236583900.0
2021-08-31,512750,SH,141054900.0
2021-08-31,512760,SH,7396322800.0
2021-08-31,512770,SH,202767800.0
2021-08-31,512780,SH,21586500.0
2021-08-31,512800,SH,6888740000.0
2021-08-31,512810,SH,193791700.0
2021-08-31,512820,SH,649001900.0
2021-08-31,512870,SH,34410600.0
2021-08-31,512880,SH,29611291500.0
2021-08-31,512890,SH,65555400.0
2021-08-31,512900,SH,7666906000.0
2021-08-31,512910,SH,389128800.0
2021-08-31,512920,SH,9092600.0
2021-08-31,512930,SH,190130300.0
2021-08-31,512950,SH,5428551000.0
2021-08-31,512960,SH,5678257300.0
2021-08-31,512970,SH,289987600.0
2021-08-31,512980,SH,5792924399.999999
2021-08-31,512990,SH,275015400.0
2021-08-31,513000,SH,50911400.0
2021-08-31,513010,SH,2110307000.0
2021-08-31,513030,SH,592779000.0
2021-08-31,513050,SH,13964432700.0
2021-08-31,513060,SH,310393300.0
2021-08-31,513080,SH,43416000.0
2021-08-31,513090,SH,674488000.0
2021-08-31,513100,SH,448622100.0
2021-08-31,513130,SH,1971747000.0
2021-08-31,513180,SH,3414759500.0
2021-08-31,513300,SH,270671000.0
2021-08-31,513330,SH,15777480000.0
2021-08-31,513360,SH,472213900.0
2021-08-31,513500,SH,1504819300.0
2021-08-31,513520,SH,54887200.0
2021-08-31,513550,SH,3866992000.0
2021-08-31,513580,SH,356118000.0
2021-08-31,513590,SH,143918900.0
2021-08-31,513600,SH,119829500.0
2021-08-31,513660,SH,464000100.0
2021-08-31,513680,SH,33746700.0
2021-08-31,513690,SH,142479900.0
2021-08-31,513700,SH,434846000.0
2021-08-31,513800,SH,50244399.99999999
2021-08-31,513860,SH,658470600.0
2021-08-31,513880,SH,43470000.0
2021-08-31,513900,SH,268978000.0
2021-08-31,513980,SH,560204000.0
2021-08-31,513990,SH,79000000.0
2021-08-31,515000,SH,2904289699.9999995
2021-08-31,515010,SH,799771600.0
2021-08-31,515020,SH,342845300.0
2021-08-31,515030,SH,3786884000.0
2021-08-31,515050,SH,12515068500.0
2021-08-31,515060,SH,126478100.0
2021-08-31,515070,SH,741470200.0
2021-08-31,515080,SH,538148900.0
2021-08-31,515090,SH,129801700.0
2021-08-31,515100,SH,66941500.0
2021-08-31,515110,SH,687295000.0
2021-08-31,515120,SH,1204993600.0
2021-08-31,515130,SH,43463200.0
2021-08-31,515150,SH,1007703200.0
2021-08-31,515160,SH,559955100.0
2021-08-31,515170,SH,4521257900.0
2021-08-31,515180,SH,958637000.0
2021-08-31,515190,SH,47466100.0
2021-08-31,515200,SH,164943200.0
2021-08-31,515210,SH,612226100.0
2021-08-31,515220,SH,771588500.0
2021-08-31,515230,SH,304690900.0
2021-08-31,515250,SH,289944500.0
2021-08-31,515260,SH,614284200.0
2021-08-31,515280,SH,48618600.0
2021-08-31,515290,SH,8324932900.0
2021-08-31,515300,SH,93675200.0
2021-08-31,515310,SH,157111200.0
2021-08-31,515320,SH,298309000.0
2021-08-31,515330,SH,5303709500.0
2021-08-31,515350,SH,35999200.0
2021-08-31,515360,SH,42779300.0
2021-08-31,515380,SH,819999800.0
2021-08-31,515390,SH,194683000.0
2021-08-31,515400,SH,247631400.0
2021-08-31,515450,SH,112835000.0
2021-08-31,515500,SH,50404799.99999999
2021-08-31,515510,SH,10534000.0
2021-08-31,515520,SH,30466800.0
2021-08-31,515530,SH,11442700.0
2021-08-31,515550,SH,19345700.0
2021-08-31,515560,SH,640883300.0
2021-08-31,515570,SH,34443900.0
2021-08-31,515580,SH,316015700.0
2021-08-31,515590,SH,28113700.0
2021-08-31,515600,SH,1675797400.0
2021-08-31,515610,SH,23857400.0
2021-08-31,515630,SH,145717700.0
2021-08-31,515650,SH,1023184000.0
2021-08-31,515660,SH,132994200.0
2021-08-31,515670,SH,73822500.0
2021-08-31,515680,SH,2294264700.0
2021-08-31,515690,SH,91588000.0
2021-08-31,515700,SH,1953510200.0
2021-08-31,515710,SH,1636099800.0
2021-08-31,515750,SH,574140500.0
2021-08-31,515760,SH,254388100.0
2021-08-31,515770,SH,132727300.0
2021-08-31,515780,SH,167785200.0
2021-08-31,515790,SH,5933494000.0
2021-08-31,515800,SH,1577437200.0
2021-08-31,515810,SH,77908800.0
2021-08-31,515820,SH,133026100.0
2021-08-31,515830,SH,4153100.0
2021-08-31,515850,SH,156791000.0
2021-08-31,515860,SH,188878900.0
2021-08-31,515870,SH,47498900.0
2021-08-31,515880,SH,2742462300.0
2021-08-31,515890,SH,16443900.000000002
2021-08-31,515900,SH,3819646500.0
2021-08-31,515910,SH,443507000.0
2021-08-31,515920,SH,379405700.0
2021-08-31,515930,SH,60774700.0
2021-08-31,515950,SH,124200600.0
2021-08-31,515960,SH,226991900.0
2021-08-31,515980,SH,314064500.0
2021-08-31,515990,SH,420350200.0
2021-08-31,516000,SH,92855000.0
2021-08-31,516010,SH,324693000.0
2021-08-31,516020,SH,360326200.0
2021-08-31,516050,SH,932228000.0
2021-08-31,516060,SH,113237400.0
2021-08-31,516070,SH,248323000.0
2021-08-31,516080,SH,300554800.0
2021-08-31,516090,SH,172922400.00000003
2021-08-31,516100,SH,170759700.0
2021-08-31,516110,SH,164623100.0
2021-08-31,516120,SH,377082000.0
2021-08-31,516150,SH,570077000.0
2021-08-31,516160,SH,1555804000.0
2021-08-31,516180,SH,129987000.0
2021-08-31,516200,SH,18604000.0
2021-08-31,516220,SH,273170000.0
2021-08-31,516260,SH,321882600.0
2021-08-31,516270,SH,163409000.0
2021-08-31,516290,SH,221196900.0
2021-08-31,516300,SH,36602200.0
2021-08-31,516310,SH,203058500.0
2021-08-31,516320,SH,116589300.0
2021-08-31,516330,SH,81671300.0
2021-08-31,516360,SH,146551800.0
2021-08-31,516380,SH,89449300.0
2021-08-31,516390,SH,217261000.0
2021-08-31,516400,SH,61459000.0
2021-08-31,516480,SH,52146100.0
2021-08-31,516500,SH,92937200.0
2021-08-31,516510,SH,123890000.0
2021-08-31,516520,SH,213765500.0
2021-08-31,516550,SH,114414400.0
2021-08-31,516570,SH,32357600.000000004
2021-08-31,516580,SH,189124100.0
2021-08-31,516590,SH,150015000.0
2021-08-31,516600,SH,215332100.0
2021-08-31,516610,SH,48974799.99999999
2021-08-31,516640,SH,596682800.0
2021-08-31,516650,SH,35464800.0
2021-08-31,516660,SH,177689000.0
2021-08-31,516670,SH,109266300.0
2021-08-31,516680,SH,45124100.0
2021-08-31,516700,SH,29622000.0
2021-08-31,516710,SH,114272000.0
2021-08-31,516720,SH,313837800.0
2021-08-31,516760,SH,205215100.0
2021-08-31,516770,SH,279448000.0
2021-08-31,516780,SH,893049800.0
2021-08-31,516790,SH,239882200.0
2021-08-31,516800,SH,347154000.0
2021-08-31,516820,SH,1038415200.0
2021-08-31,516830,SH,459676900.0
2021-08-31,516850,SH,63237000.0
2021-08-31,516870,SH,37988800.0
2021-08-31,516880,SH,1067944100.0
2021-08-31,516890,SH,116311400.0
2021-08-31,516900,SH,23729000.0
2021-08-31,516910,SH,33141800.0
2021-08-31,516920,SH,494463000.0
2021-08-31,516930,SH,173639600.0
2021-08-31,516950,SH,179821000.0
2021-08-31,516960,SH,109051100.0
2021-08-31,516970,SH,1820542500.0
2021-08-31,516980,SH,65016000.0
2021-08-31,517000,SH,992793000.0
2021-08-31,517010,SH,30144200.0
2021-08-31,517050,SH,1039605000.0
2021-08-31,517060,SH,27767200.0
2021-08-31,517080,SH,905166000.0
2021-08-31,517100,SH,526102100.0
2021-08-31,517120,SH,484966400.0
2021-08-31,517170,SH,36131800.0
2021-08-31,517200,SH,235782000.0
2021-08-31,517300,SH,3129434500.0
2021-08-31,517350,SH,146542000.0
2021-08-31,517360,SH,104583000.0
2021-08-31,517380,SH,318326300.0
2021-08-31,517800,SH,134539700.0
2021-08-31,518600,SH,44293600.0
2021-08-31,518660,SH,30752700.0
2021-08-31,518680,SH,34458000.0
2021-08-31,518800,SH,135419900.0
2021-08-31,518850,SH,40878700.0
2021-08-31,518860,SH,17859800.0
2021-08-31,518880,SH,2966740800.0
2021-08-31,518890,SH,24854800.0
2021-08-31,560660,SH,304969000.0
2021-08-31,561500,SH,249600300.0
2021-08-31,561800,SH,138077200.0
2021-08-31,561900,SH,122334400.0
2021-08-31,561910,SH,192076600.0
2021-08-31,562880,SH,241399600.0
2021-08-31,588000,SH,12706568200.0
2021-08-31,588050,SH,3017241300.0
2021-08-31,588060,SH,213140000.0
2021-08-31,588080,SH,7463628100.000001
2021-08-31,588090,SH,2032472800.0
2021-08-31,588180,SH,2470853700.0
2021-08-31,588300,SH,2398210500.0
2021-08-31,588330,SH,1841737800.0
2021-08-31,588360,SH,748281799.9999999
2021-08-31,588380,SH,2201770000.0
2021-08-31,588390,SH,719935900.0
2021-08-31,588400,SH,2520600600.0
2021-09-30,510010,SH,168524400.0
2021-09-30,510020,SH,35548000.0
2021-09-30,510030,SH,139229800.0
2021-09-30,510050,SH,16342866800.0
2021-09-30,510060,SH,45959200.0
2021-09-30,510090,SH,32581100.0
2021-09-30,510100,SH,508234300.0
2021-09-30,510110,SH,6016799.999999999
2021-09-30,510120,SH,4192400.0
2021-09-30,510130,SH,42285100.0
2021-09-30,510150,SH,1079178600.0
2021-09-30,510160,SH,392057400.0
2021-09-30,510170,SH,69728700.0
2021-09-30,510180,SH,5557557700.0
2021-09-30,510190,SH,14650800.0
2021-09-30,510200,SH,68885500.0
2021-09-30,510210,SH,530692600.0
2021-09-30,510220,SH,4229200.0
2021-09-30,510230,SH,3863808000.0
2021-09-30,510270,SH,9832100.0
2021-09-30,510290,SH,74448900.0
2021-09-30,510300,SH,7874587700.0
2021-09-30,510310,SH,3868307400.0
2021-09-30,510330,SH,4943949800.0
2021-09-30,510350,SH,618414700.0
2021-09-30,510360,SH,1097381200.0
2021-09-30,510370,SH,15258100.0
2021-09-30,510380,SH,2154802400.0
2021-09-30,510390,SH,318350000.0
2021-09-30,510410,SH,409258400.0
2021-09-30,510440,SH,20058300.0
2021-09-30,510500,SH,5954667200.0
2021-09-30,510510,SH,1353038299.9999998
2021-09-30,510530,SH,52479399.99999999
2021-09-30,510550,SH,11743300.0
2021-09-30,510560,SH,168318700.0
2021-09-30,510570,SH,13060600.0
2021-09-30,510580,SH,1708965200.0
2021-09-30,510590,SH,168786100.0
2021-09-30,510600,SH,15415100.0
2021-09-30,510630,SH,334361500.0
2021-09-30,510650,SH,34452500.0
2021-09-30,510660,SH,36379700.0
2021-09-30,510680,SH,10324700.0
2021-09-30,510690,SH,7842500.0
2021-09-30,510710,SH,148418900.0
2021-09-30,510760,SH,290503700.0
2021-09-30,510770,SH,177610700.0
2021-09-30,510800,SH,481576000.0
2021-09-30,510810,SH,9066093700.0
2021-09-30,510850,SH,118098900.0
2021-09-30,510860,SH,15968699.999999998
2021-09-30,510880,SH,5012175700.0
2021-09-30,510900,SH,6888021899.999999
2021-09-30,510990,SH,84948600.0
2021-09-30,511010,SH,7506300.0
2021-09-30,511020,SH,11201700.0
2021-09-30,511030,SH,504907100.0
2021-09-30,511060,SH,5556300.0
2021-09-30,511180,SH,23759700.0
2021-09-30,511220,SH,12908100.0
2021-09-30,511260,SH,8406500.0
2021-09-30,511270,SH,6627500.0
2021-09-30,511280,SH,7300.0
2021-09-30,511310,SH,233000.0
2021-09-30,511360,SH,11792600.0
2021-09-30,511380,SH,57886700.0
2021-09-30,512000,SH,20440817700.0
2021-09-30,512010,SH,6143694900.0
2021-09-30,512040,SH,112857900.0
2021-09-30,512070,SH,4747479700.0
2021-09-30,512090,SH,333592300.00000006
2021-09-30,512100,SH,1340892000.0
2021-09-30,512120,SH,75247300.0
2021-09-30,512150,SH,41073400.0
2021-09-30,512160,SH,329777800.0
2021-09-30,512170,SH,12531820500.0
2021-09-30,512180,SH,116048000.0
2021-09-30,512190,SH,27918400.0
2021-09-30,512200,SH,1999376000.0
2021-09-30,512220,SH,175467599.99999997
2021-09-30,512260,SH,86897700.0
2021-09-30,512280,SH,104005700.0
2021-09-30,512290,SH,1670820700.0
2021-09-30,512320,SH,77040800.0
2021-09-30,512330,SH,601188000.0
2021-09-30,512350,SH,5831100.0
2021-09-30,512360,SH,144337700.0
2021-09-30,512380,SH,174805600.0
2021-09-30,512390,SH,201682000.0
2021-09-30,512400,SH,3179039000.0
2021-09-30,512480,SH,7249003600.0
2021-09-30,512500,SH,1532008800.0
2021-09-30,512510,SH,326429800.0
2021-09-30,512520,SH,375056400.0
2021-09-30,512530,SH,47502000.0
2021-09-30,512550,SH,167906000.0
2021-09-30,512560,SH,459563500.0
2021-09-30,512570,SH,101806100.0
2021-09-30,512580,SH,1442671700.0000002
2021-09-30,512590,SH,75503400.0
2021-09-30,512600,SH,585856100.0
2021-09-30,512610,SH,6640599.999999999
2021-09-30,512640,SH,33740900.0
2021-09-30,512650,SH,1446941600.0
2021-09-30,512660,SH,11522080000.0
2021-09-30,512670,SH,1890652600.0
2021-09-30,512680,SH,3200130100.0
2021-09-30,512690,SH,6389750200.0
2021-09-30,512700,SH,1945081000.0
2021-09-30,512710,SH,6100158400.0
2021-09-30,512720,SH,624453400.0
2021-09-30,512730,SH,253583900.0
2021-09-30,512750,SH,125754900.0
2021-09-30,512760,SH,8340322800.0
2021-09-30,512770,SH,196767800.0
2021-09-30,512780,SH,15586500.0
2021-09-30,512800,SH,7764740000.0
2021-09-30,512810,SH,200791700.0
2021-09-30,512820,SH,636401900.0
2021-09-30,512870,SH,35410600.0
2021-09-30,512880,SH,29271291500.0
2021-09-30,512890,SH,68555400.0
2021-09-30,512900,SH,6856906000.0
2021-09-30,512910,SH,395128800.0
2021-09-30,512920,SH,9092600.0
2021-09-30,512930,SH,189130300.0
2021-09-30,512950,SH,5383551000.0
2021-09-30,512960,SH,5630257300.0
2021-09-30,512970,SH,288987600.0
2021-09-30,512980,SH,6617924399.999999
2021-09-30,512990,SH,263015400.0
2021-09-30,513000,SH,51411400.0
2021-09-30,513010,SH,2179307000.0
2021-09-30,513030,SH,516779000.0
2021-09-30,513050,SH,19318432700.0
2021-09-30,513060,SH,337893300.0
2021-09-30,513080,SH,43416000.0
2021-09-30,513090,SH,727988000.0
2021-09-30,513100,SH,473622100.0
2021-09-30,513130,SH,2243547000.0
2021-09-30,513180,SH,4222759500.0
2021-09-30,513300,SH,290171000.0
2021-09-30,513330,SH,18567480000.0
2021-09-30,513360,SH,653713900.0
2021-09-30,513500,SH,1551819300.0
2021-09-30,513520,SH,52887200.0
2021-09-30,513550,SH,3354992000.0
2021-09-30,513580,SH,356118000.0
2021-09-30,513590,SH,94918900.0
2021-09-30,513600,SH,122829500.0
2021-09-30,513660,SH,466000100.0
2021-09-30,513680,SH,35746700.0
2021-09-30,513690,SH,142479900.0
2021-09-30,513700,SH,407846000.0
2021-09-30,513800,SH,44244399.99999999
2021-09-30,513860,SH,629470600.0
2021-09-30,513880,SH,41970000.0
2021-09-30,513900,SH,244978000.0
2021-09-30,513980,SH,545204000.0
2021-09-30,513990,SH,73000000.0
2021-09-30,515000,SH,2880289699.9999995
2021-09-30,515010,SH,797771600.0
2021-09-30,515020,SH,435345300.0
2021-09-30,515030,SH,3711884000.0
2021-09-30,515050,SH,12743068500.0
2021-09-30,515060,SH,134478100.0
2021-09-30,515070,SH,732470200.0
2021-09-30,515080,SH,560148900.0
2021-09-30,515090,SH,132801700.0
2021-09-30,515100,SH,64941500.0
2021-09-30,515110,SH,699295000.0
2021-09-30,515120,SH,1176993600.0
2021-09-30,515130,SH,184463200.0
2021-09-30,515150,SH,1011703200.0
2021-09-30,515160,SH,545955100.0
2021-09-30,515170,SH,4477757900.0
2021-09-30,515180,SH,980637000.0
2021-09-30,515190,SH,47466100.0
2021-09-30,515200,SH,158943200.0
2021-09-30,515210,SH,886226100.0
2021-09-30,515220,SH,1513588500.0
2021-09-30,515230,SH,305690900.0
2021-09-30,515250,SH,285944500.0
2021-09-30,515260,SH,683284200.0
2021-09-30,515280,SH,51018600.0
2021-09-30,515290,SH,8388532900.0
2021-09-30,515300,SH,67675200.0
2021-09-30,515310,SH,157111200.0
2021-09-30,515320,SH,290309000.0
2021-09-30,515330,SH,5204709500.0
2021-09-30,515350,SH,42299200.0
2021-09-30,515360,SH,42779300.0
2021-09-30,515380,SH,840699800.0
2021-09-30,515390,SH,214683000.0
2021-09-30,515400,SH,239631400.0
2021-09-30,515450,SH,130335000.0
2021-09-30,515500,SH,65404799.99999999
2021-09-30,515510,SH,10534000.0
2021-09-30,515520,SH,28866800.0
2021-09-30,515530,SH,14642700.0
2021-09-30,515550,SH,19345700.0
2021-09-30,515560,SH,478883300.0
2021-09-30,515570,SH,42443900.0
2021-09-30,515580,SH,297015700.0
2021-09-30,515590,SH,24113700.0
2021-09-30,515600,SH,1725797400.0
2021-09-30,515610,SH,44857400.0
2021-09-30,515630,SH,125717700.0
2021-09-30,515650,SH,1063184000.0
2021-09-30,515660,SH,127594200.0
2021-09-30,515670,SH,69322500.0
2021-09-30,515680,SH,2124264700.0
2021-09-30,515690,SH,73588000.0
2021-09-30,515700,SH,1893510200.0
2021-09-30,515710,SH,1577599800.0
2021-09-30,515750,SH,575140500.0
2021-09-30,515760,SH,225388100.0
2021-09-30,515770,SH,126727300.0
2021-09-30,515780,SH,176785200.0
2021-09-30,515790,SH,7403494000.0
2021-09-30,515800,SH,1581437200.0
2021-09-30,515810,SH,71908800.0
2021-09-30,515820,SH,136526100.0
2021-09-30,515830,SH,4153100.0
2021-09-30,515850,SH,162791000.0
2021-09-30,515860,SH,185878900.0
2021-09-30,515870,SH,44498900.0
2021-09-30,515880,SH,2735462300.0
2021-09-30,515890,SH,17443900.0
2021-09-30,515900,SH,3829646500.0
2021-09-30,515910,SH,467507000.0
2021-09-30,515920,SH,376405700.0
2021-09-30,515930,SH,58074700.0
2021-09-30,515950,SH,133200600.0
2021-09-30,515960,SH,231991900.0
2021-09-30,515980,SH,346064500.0
2021-09-30,515990,SH,427350200.0
2021-09-30,516000,SH,83855000.0
2021-09-30,516010,SH,365693000.0
2021-09-30,516020,SH,345326200.0
2021-09-30,516050,SH,920228000.0
2021-09-30,516060,SH,108237400.0
2021-09-30,516070,SH,236323000.0
2021-09-30,516080,SH,288554800.0
2021-09-30,516090,SH,156922400.0
2021-09-30,516100,SH,151759700.0
2021-09-30,516110,SH,146623100.0
2021-09-30,516120,SH,303082000.0
2021-09-30,516150,SH,1462577000.0
2021-09-30,516160,SH,1623304000.0
2021-09-30,516180,SH,149987000.0
2021-09-30,516190,SH,29718500.0
2021-09-30,516200,SH,19604000.0
2021-09-30,516210,SH,274931000.0
2021-09-30,516220,SH,231170000.0
2021-09-30,516260,SH,309882600.0
2021-09-30,516270,SH,139409000.0
2021-09-30,516290,SH,315196900.0
2021-09-30,516300,SH,42602200.0
2021-09-30,516310,SH,230658500.0
2021-09-30,516320,SH,114589300.0
2021-09-30,516330,SH,66071300.0
2021-09-30,516360,SH,118551800.0
2021-09-30,516380,SH,77449300.0
2021-09-30,516390,SH,200261000.0
2021-09-30,516400,SH,13459000.0
2021-09-30,516480,SH,47146100.0
2021-09-30,516500,SH,92937200.0
2021-09-30,516510,SH,105890000.0
2021-09-30,516520,SH,175765500.0
2021-09-30,516550,SH,121414400.0
2021-09-30,516560,SH,139258000.0
2021-09-30,516570,SH,39357600.0
2021-09-30,516580,SH,178124100.0
2021-09-30,516590,SH,140015000.0
2021-09-30,516600,SH,212332100.0
2021-09-30,516610,SH,81974800.0
2021-09-30,516630,SH,145156000.0
2021-09-30,516640,SH,703682800.0
2021-09-30,516650,SH,34464800.0
2021-09-30,516660,SH,177689000.0
2021-09-30,516670,SH,121266300.0
2021-09-30,516680,SH,45624100.0
2021-09-30,516700,SH,26622000.0
2021-09-30,516710,SH,106272000.0
2021-09-30,516720,SH,234337800.0
2021-09-30,516760,SH,203215100.0
2021-09-30,516770,SH,244648000.0
2021-09-30,516780,SH,910049800.0
2021-09-30,516790,SH,185282200.0
2021-09-30,516800,SH,315154000.0
2021-09-30,516820,SH,1070415200.0
2021-09-30,516830,SH,464676900.0
2021-09-30,516850,SH,56237000.0
2021-09-30,516870,SH,26988800.0
2021-09-30,516880,SH,1185944100.0
2021-09-30,516890,SH,103311400.0
2021-09-30,516900,SH,37229000.0
2021-09-30,516910,SH,46641800.0
2021-09-30,516920,SH,582963000.0
2021-09-30,516930,SH,155639600.0
2021-09-30,516950,SH,653821000.0
2021-09-30,516960,SH,100051100.0
2021-09-30,516970,SH,4800542500.0
2021-09-30,516980,SH,46016000.0
2021-09-30,517000,SH,962793000.0
2021-09-30,517010,SH,24144200.0
2021-09-30,517030,SH,54040300.0
2021-09-30,517050,SH,1037605000.0
2021-09-30,517060,SH,27767200.0
2021-09-30,517080,SH,877166000.0
2021-09-30,517100,SH,611602100.0
2021-09-30,517110,SH,246098500.0
2021-09-30,517120,SH,480966400.0
2021-09-30,517170,SH,56131800.0
2021-09-30,517200,SH,241782000.0
2021-09-30,517300,SH,3102434500.0
2021-09-30,517350,SH,158542000.0
2021-09-30,517360,SH,100083000.0
2021-09-30,517380,SH,294326300.0
2021-09-30,517800,SH,72539700.0
2021-09-30,518600,SH,45793600.0
2021-09-30,518660,SH,29252700.0
2021-09-30,518680,SH,38558000.0
2021-09-30,518800,SH,145619900.0
2021-09-30,518850,SH,43578700.0
2021-09-30,518860,SH,16959800.0
2021-09-30,518880,SH,3077440800.0
2021-09-30,518890,SH,23654800.0
2021-09-30,560000,SH,133022900.0
2021-09-30,560500,SH,234339000.0
2021-09-30,560560,SH,354190100.0
2021-09-30,560660,SH,285969000.0
2021-09-30,561350,SH,535700000.0
2021-09-30,561500,SH,240600300.0
2021-09-30,561600,SH,156274000.0
2021-09-30,561800,SH,209577200.0
2021-09-30,561900,SH,113334400.0
2021-09-30,561910,SH,183076600.0
2021-09-30,562800,SH,613795000.0
2021-09-30,562880,SH,266899600.0
2021-09-30,588000,SH,15673168200.0
2021-09-30,588050,SH,3539241300.0
2021-09-30,588060,SH,229140000.0
2021-09-30,588080,SH,8026128100.000001
2021-09-30,588090,SH,2211872800.0
2021-09-30,588180,SH,2239853700.0
2021-09-30,588300,SH,2476210500.0
2021-09-30,588330,SH,1941737800.0
2021-09-30,588360,SH,773481799.9999999
2021-09-30,588380,SH,2408770000.0
2021-09-30,588390,SH,614935900.0
2021-09-30,588400,SH,2607600600.0
2021-11-30,510010,SH,168524400.0
2021-11-30,510020,SH,34748000.0
2021-11-30,510030,SH,141229800.0
2021-11-30,510050,SH,17188866800.0
2021-11-30,510060,SH,41959200.0
2021-11-30,510090,SH,32581100.0
2021-11-30,510100,SH,529234300.0
2021-11-30,510110,SH,5716799.999999999
2021-11-30,510120,SH,3892400.0
2021-11-30,510130,SH,41485100.0
2021-11-30,510150,SH,1107178600.0
2021-11-30,510160,SH,380057400.0
2021-11-30,510170,SH,64728700.0
2021-11-30,510180,SH,5547057700.0
2021-11-30,510190,SH,14650800.0
2021-11-30,510200,SH,77385500.0
2021-11-30,510210,SH,525692600.0
2021-11-30,510220,SH,4729200.0
2021-11-30,510230,SH,3916808000.0
2021-11-30,510270,SH,8832100.0
2021-11-30,510290,SH,72448900.0
2021-11-30,510300,SH,8339887700.0
2021-11-30,510310,SH,4250307400.0
2021-11-30,510330,SH,5056449800.0
2021-11-30,510350,SH,991914700.0
2021-11-30,510360,SH,1055381200.0
2021-11-30,510370,SH,12258100.0
2021-11-30,510380,SH,2154802400.0
2021-11-30,510390,SH,309350000.0
2021-11-30,510410,SH,391258400.0
2021-11-30,510440,SH,20058300.0
2021-11-30,510500,SH,5407467200.0
2021-11-30,510510,SH,1327038299.9999998
2021-11-30,510530,SH,49479399.99999999
2021-11-30,510550,SH,13743300.0
2021-11-30,510560,SH,172318700.0
2021-11-30,510570,SH,13060600.0
2021-11-30,510580,SH,1702965200.0
2021-11-30,510590,SH,170386100.0
2021-11-30,510600,SH,18415100.0
2021-11-30,510630,SH,330361500.0
2021-11-30,510650,SH,32952500.0
2021-11-30,510660,SH,37879700.0
2021-11-30,510680,SH,8824700.0
2021-11-30,510690,SH,6842500.0
2021-11-30,510710,SH,162218900.0
2021-11-30,510760,SH,218503700.0
2021-11-30,510770,SH,45610700.0
2021-11-30,510800,SH,444576000.0
2021-11-30,510810,SH,8395093700.0
2021-11-30,510850,SH,131898900.0
2021-11-30,510860,SH,14968699.999999998
2021-11-30,510880,SH,6223675699.999999
2021-11-30,510900,SH,7139021899.999999
2021-11-30,510990,SH,54948600.0
2021-11-30,511010,SH,6996300.0
2021-11-30,511020,SH,11201700.0
2021-11-30,511030,SH,506407100.0
2021-11-30,511060,SH,5556300.0
2021-11-30,511180,SH,23759700.0
2021-11-30,511220,SH,12728100.0
2021-11-30,511260,SH,8476500.0
2021-11-30,511270,SH,6627500.0
2021-11-30,511310,SH,223000.0
2021-11-30,511360,SH,14018599.999999998
2021-11-30,511380,SH,55086700.0
2021-11-30,512000,SH,23104217700.0
2021-11-30,512010,SH,8788694900.0
2021-11-30,512040,SH,110857900.0
2021-11-30,512070,SH,5727479700.0
2021-11-30,512090,SH,325592300.0
2021-11-30,512100,SH,1862892000.0
2021-11-30,512120,SH,99747300.0
2021-11-30,512150,SH,41073400.0
2021-11-30,512160,SH,305777800.0
2021-11-30,512170,SH,16612820500.0
2021-11-30,512180,SH,112048000.0
2021-11-30,512190,SH,27218400.0
2021-11-30,512200,SH,2665876000.0
2021-11-30,512220,SH,166467599.99999997
2021-11-30,512260,SH,85297700.0
2021-11-30,512280,SH,96005700.0
2021-11-30,512290,SH,2144820700.0
2021-11-30,512320,SH,56040800.0
2021-11-30,512330,SH,550188000.0
2021-11-30,512350,SH,4831100.0
2021-11-30,512360,SH,144337700.0
2021-11-30,512380,SH,147805600.0
2021-11-30,512390,SH,228682000.0
2021-11-30,512400,SH,2630039000.0
2021-11-30,512480,SH,7447003600.0
2021-11-30,512500,SH,1344008800.0
2021-11-30,512510,SH,296429800.0
2021-11-30,512520,SH,360056400.0
2021-11-30,512530,SH,46502000.0
2021-11-30,512550,SH,187906000.0
2021-11-30,512560,SH,770127000.0
2021-11-30,512570,SH,117806100.0
2021-11-30,512580,SH,1667671700.0000002
2021-11-30,512590,SH,68503400.0
2021-11-30,512600,SH,659956100.0
2021-11-30,512610,SH,7140599.999999999
2021-11-30,512640,SH,36740900.0
2021-11-30,512650,SH,1446941600.0
2021-11-30,512660,SH,9096080000.0
2021-11-30,512670,SH,1474652600.0
2021-11-30,512680,SH,2363330100.0
2021-11-30,512690,SH,5572450200.0
2021-11-30,512700,SH,2012581000.0
2021-11-30,512710,SH,4630158400.0
2021-11-30,512720,SH,508453400.0
2021-11-30,512730,SH,242583900.0
2021-11-30,512750,SH,118554900.0
2021-11-30,512760,SH,8558322800.0
2021-11-30,512770,SH,184767800.0
2021-11-30,512780,SH,15586500.0
2021-11-30,512800,SH,8810840000.0
2021-11-30,512810,SH,158791700.0
2021-11-30,512820,SH,715001900.0
2021-11-30,512870,SH,33410600.0
2021-11-30,512880,SH,33497291500.0
2021-11-30,512890,SH,111110800.0
2021-11-30,512900,SH,8782906000.0
2021-11-30,512910,SH,371128800.0
2021-11-30,512920,SH,7092600.0
2021-11-30,512930,SH,187130300.0
2021-11-30,512950,SH,5339551000.0
2021-11-30,512960,SH,5616257300.0
2021-11-30,512970,SH,286987600.0
2021-11-30,512980,SH,6094424399.999999
2021-11-30,512990,SH,247015400.0
2021-11-30,513000,SH,51411400.0
2021-11-30,513010,SH,2396307000.0
2021-11-30,513030,SH,504779000.0
2021-11-30,513050,SH,23281432700.0
2021-11-30,513060,SH,687893300.0
2021-11-30,513080,SH,45416000.0
2021-11-30,513090,SH,791988000.0
2021-11-30,513100,SH,600622100.0
2021-11-30,513130,SH,2896347000.0
2021-11-30,513180,SH,5700759500.0
2021-11-30,513300,SH,369671000.0
2021-11-30,513330,SH,24661480000.0
2021-11-30,513360,SH,763213900.0
2021-11-30,513500,SH,1780819300.0
2021-11-30,513520,SH,50887200.0
2021-11-30,513550,SH,2996992000.0
2021-11-30,513580,SH,399118000.0
2021-11-30,513590,SH,55918900.0
2021-11-30,513600,SH,162829500.0
2021-11-30,513660,SH,502000100.0
2021-11-30,513680,SH,35746700.0
2021-11-30,513690,SH,148479900.0
2021-11-30,513700,SH,404846000.0
2021-11-30,513800,SH,44244399.99999999
2021-11-30,513860,SH,614470600.0
2021-11-30,513880,SH,43970000.0
2021-11-30,513900,SH,192978000.0
2021-11-30,513980,SH,573204000.0
2021-11-30,513990,SH,67000000.0
2021-11-30,515000,SH,2883289699.9999995
2021-11-30,515010,SH,890771600.0
2021-11-30,515020,SH,597345300.0
2021-11-30,515030,SH,3630384000.0
2021-11-30,515050,SH,10803068500.0
2021-11-30,515060,SH,123478100.0
2021-11-30,515070,SH,679970200.0
2021-11-30,515080,SH,626148900.0
2021-11-30,515090,SH,122801700.0
2021-11-30,515100,SH,66941500.0
2021-11-30,515110,SH,674295000.0
2021-11-30,515120,SH,1339993599.9999998
2021-11-30,515130,SH,190463200.0
2021-11-30,515150,SH,1002703200.0
2021-11-30,515160,SH,531955100.0
2021-11-30,515170,SH,4005257900.0
2021-11-30,515180,SH,1270637000.0
2021-11-30,515190,SH,45466100.0
2021-11-30,515200,SH,130943200.0
2021-11-30,515210,SH,960226100.0
2021-11-30,515220,SH,1625588500.0
2021-11-30,515230,SH,286690900.0
2021-11-30,515250,SH,261944500.0
2021-11-30,515260,SH,580284200.0
2021-11-30,515280,SH,53418600.0
2021-11-30,515290,SH,8824052900.0
2021-11-30,515300,SH,69175200.0
2021-11-30,515310,SH,153611200.0
2021-11-30,515320,SH,253309000.0
2021-11-30,515330,SH,5639709500.0
2021-11-30,515350,SH,47699200.0
2021-11-30,515360,SH,33279300.0
2021-11-30,515380,SH,890199800.0
2021-11-30,515390,SH,350683000.0
2021-11-30,515400,SH,217631400.0
2021-11-30,515450,SH,138335000.0
2021-11-30,515500,SH,45404799.99999999
2021-11-30,515510,SH,9534000.0
2021-11-30,515520,SH,26866800.0
2021-11-30,515530,SH,13042700.0
2021-11-30,515550,SH,19345700.0
2021-11-30,515560,SH,517883300.0
2021-11-30,515570,SH,39443900.0
2021-11-30,515580,SH,562031400.0
2021-11-30,515590,SH,26113700.0
2021-11-30,515600,SH,1719797400.0
2021-11-30,515610,SH,35857400.0
2021-11-30,515630,SH,122217700.0
2021-11-30,515650,SH,1167184000.0
2021-11-30,515660,SH,126694200.0
2021-11-30,515670,SH,72322500.0
2021-11-30,515680,SH,2119264700.0
2021-11-30,515690,SH,42588000.0
2021-11-30,515700,SH,1757510200.0
2021-11-30,515710,SH,1484599800.0
2021-11-30,515750,SH,523140500.0
2021-11-30,515760,SH,221388100.0
2021-11-30,515770,SH,120727300.0
2021-11-30,515780,SH,206785200.0
2021-11-30,515790,SH,8707494000.0
2021-11-30,515800,SH,1585437200.0
2021-11-30,515810,SH,74908800.0
2021-11-30,515820,SH,133026100.0
2021-11-30,515830,SH,3153100.0
2021-11-30,515850,SH,170291000.0
2021-11-30,515860,SH,183878900.0
2021-11-30,515870,SH,39498900.0
2021-11-30,515880,SH,2004462300.0
2021-11-30,515890,SH,17443900.0
2021-11-30,515900,SH,3823646500.0
2021-11-30,515910,SH,455507000.0
2021-11-30,515920,SH,346405700.0
2021-11-30,515930,SH,42774700.0
2021-11-30,515950,SH,168200600.0
2021-11-30,515960,SH,255991900.0
2021-11-30,515980,SH,305064500.0
2021-11-30,515990,SH,427350200.0
2021-11-30,516000,SH,66855000.0
2021-11-30,516010,SH,371693000.0
2021-11-30,516020,SH,319826200.0
2021-11-30,516050,SH,870228000.0
2021-11-30,516060,SH,113237400.0
2021-11-30,516070,SH,612646000.0
2021-11-30,516080,SH,305554800.0
2021-11-30,516090,SH,370844800.00000006
2021-11-30,516100,SH,133759700.0
2021-11-30,516110,SH,163623100.0
2021-11-30,516120,SH,276082000.0
2021-11-30,516130,SH,149890000.0
2021-11-30,516150,SH,1076577000.0
2021-11-30,516160,SH,1702804000.0
2021-11-30,516180,SH,115987000.0
2021-11-30,516190,SH,8018500.0
2021-11-30,516200,SH,23604000.0
2021-11-30,516210,SH,82631000.0
2021-11-30,516220,SH,215170000.0
2021-11-30,516260,SH,237882600.0
2021-11-30,516270,SH,116909000.0
2021-11-30,516290,SH,283196900.0
2021-11-30,516300,SH,42602200.0
2021-11-30,516310,SH,231558500.0
2021-11-30,516320,SH,62589300.0
2021-11-30,516330,SH,66071300.0
2021-11-30,516360,SH,116551800.0
2021-11-30,516380,SH,118449300.0
2021-11-30,516390,SH,134261000.0
2021-11-30,516400,SH,13459000.0
2021-11-30,516480,SH,33146100.0
2021-11-30,516500,SH,97937200.0
2021-11-30,516510,SH,108890000.0
2021-11-30,516520,SH,141765500.0
2021-11-30,516550,SH,98414400.0
2021-11-30,516560,SH,72758000.0
2021-11-30,516570,SH,42357600.0
2021-11-30,516580,SH,119124100.0
2021-11-30,516590,SH,110015000.0
2021-11-30,516600,SH,188332100.0
2021-11-30,516610,SH,89974800.0
2021-11-30,516620,SH,13267500.0
2021-11-30,516630,SH,91156000.0
2021-11-30,516640,SH,580682800.0
2021-11-30,516650,SH,29464800.0
2021-11-30,516660,SH,271689000.0
2021-11-30,516670,SH,126266300.0
2021-11-30,516680,SH,42124100.0
2021-11-30,516700,SH,22122000.0
2021-11-30,516710,SH,70272000.0
2021-11-30,516720,SH,201337800.0
2021-11-30,516730,SH,247380800.00000003
2021-11-30,516750,SH,25667300.0
2021-11-30,516760,SH,201215100.0
2021-11-30,516770,SH,141448000.0
2021-11-30,516780,SH,768549800.0
2021-11-30,516790,SH,182682200.0
2021-11-30,516800,SH,265154000.0
2021-11-30,516820,SH,1138415200.0
2021-11-30,516830,SH,407176900.0
2021-11-30,516850,SH,56237000.0
2021-11-30,516860,SH,25522000.0
2021-11-30,516870,SH,7988800.0
2021-11-30,516880,SH,1115944100.0
2021-11-30,516890,SH,58311400.0
2021-11-30,516900,SH,34229000.0
2021-11-30,516910,SH,39141800.0
2021-11-30,516920,SH,489963000.0
2021-11-30,516930,SH,140639600.0
2021-11-30,516950,SH,638821000.0
2021-11-30,516960,SH,86051100.0
2021-11-30,516970,SH,4375542500.0
2021-11-30,516980,SH,44516000.0
2021-11-30,517000,SH,902793000.0
2021-11-30,517010,SH,18144200.0
2021-11-30,517030,SH,15040300.0
2021-11-30,517050,SH,995605000.0
2021-11-30,517060,SH,24767200.0
2021-11-30,517080,SH,793166000.0
2021-11-30,517100,SH,580102100.0
2021-11-30,517110,SH,199098500.0
2021-11-30,517120,SH,484966400.0
2021-11-30,517170,SH,56131800.0
2021-11-30,517200,SH,270782000.0
2021-11-30,517300,SH,3027434500.0
2021-11-30,517350,SH,166042000.0
2021-11-30,517360,SH,94083000.0
2021-11-30,517380,SH,274326300.0
2021-11-30,517660,SH,43480700.0
2021-11-30,517800,SH,56539700.0
2021-11-30,518600,SH,40693600.0
2021-11-30,518660,SH,27752700.0
2021-11-30,518680,SH,36058000.0
2021-11-30,518800,SH,115319900.0
2021-11-30,518850,SH,43578700.0
2021-11-30,518860,SH,16359800.0
2021-11-30,518880,SH,3066940800.0
2021-11-30,518890,SH,23654800.0
2021-11-30,560000,SH,15022900.0
2021-11-30,560050,SH,8577934399.999999
2021-11-30,560500,SH,183339000.0
2021-11-30,560560,SH,199190100.0
2021-11-30,560660,SH,246969000.0
2021-11-30,561130,SH,359935199.99999994
2021-11-30,561310,SH,170916600.0
2021-11-30,561350,SH,253700000.0
2021-11-30,561500,SH,221100300.0
2021-11-30,561600,SH,33274000.0
2021-11-30,561800,SH,117577200.0
2021-11-30,561900,SH,101334400.0
2021-11-30,561910,SH,120076600.0
2021-11-30,562360,SH,94474000.0
2021-11-30,562800,SH,451795000.0
2021-11-30,562880,SH,202399600.0
2021-11-30,563000,SH,10050451100.0
2021-11-30,588000,SH,14136568200.0
2021-11-30,588050,SH,3323241300.0
2021-11-30,588060,SH,261140000.0
2021-11-30,588080,SH,7518628100.000001
2021-11-30,588090,SH,2027272800.0
2021-11-30,588180,SH,2075353700.0
2021-11-30,588280,SH,240121000.0
2021-11-30,588300,SH,2152210500.0
2021-11-30,588330,SH,1679737800.0
2021-11-30,588360,SH,706281799.9999999
2021-11-30,588380,SH,2375770000.0
2021-11-30,588390,SH,521935900.0
2021-11-30,588400,SH,2298600600.0
2021-12-31,510010,SH,167524400.0
2021-12-31,510020,SH,34148000.0
2021-12-31,510030,SH,139229800.0
2021-12-31,510050,SH,21203766800.0
2021-12-31,510060,SH,40959200.0
2021-12-31,510090,SH,33081100.0
2021-12-31,510100,SH,581234300.0
2021-12-31,510110,SH,5716799.999999999
2021-12-31,510120,SH,3892400.0
2021-12-31,510130,SH,40685100.0
2021-12-31,510150,SH,1143178600.0
2021-12-31,510160,SH,364057400.0
2021-12-31,510170,SH,61728700.0
2021-12-31,510180,SH,5538057700.0
2021-12-31,510190,SH,14150800.0
2021-12-31,510200,SH,64385500.0
2021-12-31,510210,SH,453192600.0
2021-12-31,510220,SH,4729200.0
2021-12-31,510230,SH,3887808000.0
2021-12-31,510270,SH,8832100.0
2021-12-31,510290,SH,68448900.0
2021-12-31,510300,SH,11340487700.0
2021-12-31,510310,SH,4486307400.0
2021-12-31,510330,SH,5759349800.0
2021-12-31,510350,SH,943314700.0
2021-12-31,510360,SH,953381200.0
2021-12-31,510370,SH,12258100.0
2021-12-31,510380,SH,2199802400.0
2021-12-31,510390,SH,323750000.0
2021-12-31,510410,SH,390258400.0
2021-12-31,510440,SH,20058300.0
2021-12-31,510500,SH,6597867200.0
2021-12-31,510510,SH,1421038299.9999998
2021-12-31,510530,SH,48979399.99999999
2021-12-31,510550,SH,11743300.0
2021-12-31,510560,SH,174318700.0
2021-12-31,510570,SH,10560600.0
2021-12-31,510580,SH,1765965200.0
2021-12-31,510590,SH,175586100.0
2021-12-31,510600,SH,17515100.0
2021-12-31,510630,SH,379361500.0
2021-12-31,510650,SH,43952500.0
2021-12-31,510660,SH,36379700.0
2021-12-31,510680,SH,7324700.0
2021-12-31,510690,SH,5842500.0
2021-12-31,510710,SH,157418900.0
2021-12-31,510760,SH,200503700.0
2021-12-31,510770,SH,48610700.0
2021-12-31,510800,SH,420576000.0
2021-12-31,510810,SH,8244093700.0
2021-12-31,510850,SH,141498900.0
2021-12-31,510860,SH,12968699.999999998
2021-12-31,510880,SH,6172675699.999999
2021-12-31,510900,SH,8049021899.999999
2021-12-31,510990,SH,70948600.0
2021-12-31,511010,SH,6276300.0
2021-12-31,511020,SH,12161700.0
2021-12-31,511030,SH,507907100.0
2021-12-31,511060,SH,5136300.0
2021-12-31,511180,SH,23759700.0
2021-12-31,511220,SH,12368100.0
2021-12-31,511260,SH,7946500.0
2021-12-31,511270,SH,6607500.0
2021-12-31,511310,SH,213000.0
2021-12-31,511360,SH,62818600.0
2021-12-31,511380,SH,52786700.0
2021-12-31,512000,SH,21147017700.0
2021-12-31,512010,SH,11888694900.0
2021-12-31,512040,SH,111857900.0
2021-12-31,512070,SH,5263479700.0
2021-12-31,512090,SH,319592300.0
2021-12-31,512100,SH,1787892000.0
2021-12-31,512120,SH,111247300.0
2021-12-31,512150,SH,43073400.0
2021-12-31,512160,SH,317777800.0
2021-12-31,512170,SH,20794820500.0
2021-12-31,512180,SH,106048000.0
2021-12-31,512190,SH,25818400.0
2021-12-31,512200,SH,2677876000.0
2021-12-31,512220,SH,160467600.0
2021-12-31,512260,SH,82897700.0
2021-12-31,512280,SH,98005700.0
2021-12-31,512290,SH,2433820700.0
2021-12-31,512320,SH,38040800.0
2021-12-31,512330,SH,544188000.0
2021-12-31,512350,SH,3831100.0
2021-12-31,512360,SH,135337700.0
2021-12-31,512380,SH,141805600.0
2021-12-31,512390,SH,231682000.0
2021-12-31,512400,SH,2775539000.0
2021-12-31,512480,SH,7681003600.0
2021-12-31,512500,SH,1563208800.0
2021-12-31,512510,SH,298429800.0
2021-12-31,512520,SH,363056400.0
2021-12-31,512530,SH,43502000.0
2021-12-31,512550,SH,188906000.0
2021-12-31,512560,SH,715127000.0
2021-12-31,512570,SH,106806100.0
2021-12-31,512580,SH,1613671700.0000002
2021-12-31,512590,SH,24503400.0
2021-12-31,512600,SH,724956100.0
2021-12-31,512610,SH,7640599.999999999
2021-12-31,512640,SH,38240900.0
2021-12-31,512650,SH,582941600.0
2021-12-31,512660,SH,8152080000.0
2021-12-31,512670,SH,1319652600.0
2021-12-31,512680,SH,2143330100.0
2021-12-31,512690,SH,6322650200.0
2021-12-31,512700,SH,2102081000.0
2021-12-31,512710,SH,4678158400.0
2021-12-31,512720,SH,502453400.0
2021-12-31,512730,SH,222083900.0
2021-12-31,512750,SH,111354900.0
2021-12-31,512760,SH,7922322800.0
2021-12-31,512770,SH,183767800.0
2021-12-31,512780,SH,15086500.0
2021-12-31,512800,SH,8765240000.0
2021-12-31,512810,SH,233791700.0
2021-12-31,512820,SH,619301900.0
2021-12-31,512870,SH,33410600.0
2021-12-31,512880,SH,30509291500.0
2021-12-31,512890,SH,102110800.0
2021-12-31,512900,SH,7567406000.0
2021-12-31,512910,SH,357628800.0
2021-12-31,512920,SH,7092600.0
2021-12-31,512930,SH,186130300.0
2021-12-31,512950,SH,4251551000.0
2021-12-31,512960,SH,4593257300.0
2021-12-31,512970,SH,286987600.0
2021-12-31,512980,SH,5536424399.999999
2021-12-31,512990,SH,223015400.0
2021-12-31,513000,SH,51411400.0
2021-12-31,513010,SH,2983307000.0
2021-12-31,513030,SH,524779000.0
2021-12-31,513050,SH,26881432700.0
2021-12-31,513060,SH,1257893300.0
2021-12-31,513080,SH,45416000.0
2021-12-31,513090,SH,722488000.0
2021-12-31,513100,SH,655622100.0000001
2021-12-31,513130,SH,4644347000.0
2021-12-31,513180,SH,8213759500.0
2021-12-31,513300,SH,425171000.0
2021-12-31,513330,SH,33029480000.0
2021-12-31,513360,SH,1322713900.0000002
2021-12-31,513500,SH,2438819300.0
2021-12-31,513520,SH,50887200.0
2021-12-31,513550,SH,3036992000.0
2021-12-31,513580,SH,487118000.0
2021-12-31,513590,SH,37918900.0
2021-12-31,513600,SH,197829500.0
2021-12-31,513660,SH,556000100.0
2021-12-31,513680,SH,42746700.0
2021-12-31,513690,SH,155979900.0
2021-12-31,513700,SH,483846000.0
2021-12-31,513800,SH,44244399.99999999
2021-12-31,513860,SH,707470600.0
2021-12-31,513880,SH,43970000.0
2021-12-31,513900,SH,205978000.0
2021-12-31,513980,SH,633204000.0
2021-12-31,513990,SH,70000000.0
2021-12-31,515000,SH,2813289699.9999995
2021-12-31,515010,SH,866271600.0
2021-12-31,515020,SH,596845300.0
2021-12-31,515030,SH,4059384000.0
2021-12-31,515050,SH,9247068500.0
2021-12-31,515060,SH,169478100.0
2021-12-31,515070,SH,631970200.0
2021-12-31,515080,SH,640148900.0
2021-12-31,515090,SH,121801700.0
2021-12-31,515100,SH,52941500.0
2021-12-31,515110,SH,399295000.0
2021-12-31,515120,SH,1617993599.9999998
2021-12-31,515130,SH,193463200.0
2021-12-31,515150,SH,696703200.0000001
2021-12-31,515160,SH,517955100.0
2021-12-31,515170,SH,4029257900.0
2021-12-31,515180,SH,1216637000.0
2021-12-31,515190,SH,45466100.0
2021-12-31,515200,SH,126943200.0
2021-12-31,515210,SH,941226100.0
2021-12-31,515220,SH,1591588500.0
2021-12-31,515230,SH,277690900.0
2021-12-31,515250,SH,522944500.0
2021-12-31,515260,SH,507284200.0
2021-12-31,515280,SH,57318600.0
2021-12-31,515290,SH,8470532900.0
2021-12-31,515300,SH,61175200.00000001
2021-12-31,515310,SH,157111200.0
2021-12-31,515320,SH,222309000.0
2021-12-31,515330,SH,5318709500.0
2021-12-31,515350,SH,43199200.0
2021-12-31,515360,SH,32279300.0
2021-12-31,515380,SH,950499800.0
2021-12-31,515390,SH,1130683000.0
2021-12-31,515400,SH,187631400.0
2021-12-31,515450,SH,164835000.0
2021-12-31,515500,SH,41404799.99999999
2021-12-31,515510,SH,10534000.0
2021-12-31,515520,SH,25666800.0
2021-12-31,515530,SH,17042700.0
2021-12-31,515550,SH,19345700.0
2021-12-31,515560,SH,444883300.0
2021-12-31,515570,SH,36443900.0
2021-12-31,515580,SH,562031400.0
2021-12-31,515590,SH,26113700.0
2021-12-31,515600,SH,1496797400.0
2021-12-31,515610,SH,44857400.0
2021-12-31,515630,SH,110717700.0
2021-12-31,515650,SH,1213184000.0
2021-12-31,515660,SH,127594200.0
2021-12-31,515670,SH,66322500.0
2021-12-31,515680,SH,1552264700.0
2021-12-31,515690,SH,14588000.0
2021-12-31,515700,SH,2215510200.0
2021-12-31,515710,SH,1271599800.0
2021-12-31,515750,SH,499140500.0
2021-12-31,515760,SH,204888100.0
2021-12-31,515770,SH,114727300.0
2021-12-31,515780,SH,206785200.0
2021-12-31,515790,SH,8278494000.0
2021-12-31,515800,SH,1589437200.0
2021-12-31,515810,SH,68908800.0
2021-12-31,515820,SH,136526100.0
2021-12-31,515830,SH,3153100.0
2021-12-31,515850,SH,163291000.0
2021-12-31,515860,SH,179878900.0
2021-12-31,515870,SH,34498900.0
2021-12-31,515880,SH,1688462300.0
2021-12-31,515890,SH,40443900.0
2021-12-31,515900,SH,4030646500.0
2021-12-31,515910,SH,449507000.0
2021-12-31,515920,SH,320905700.0
2021-12-31,515930,SH,34674700.0
2021-12-31,515950,SH,192200600.0
2021-12-31,515960,SH,295991900.0
2021-12-31,515980,SH,279064500.0
2021-12-31,515990,SH,93350200.0
2021-12-31,516000,SH,55855000.0
2021-12-31,516010,SH,443693000.0
2021-12-31,516020,SH,434826200.0
2021-12-31,516050,SH,830228000.0
2021-12-31,516060,SH,121237400.0
2021-12-31,516070,SH,722646000.0
2021-12-31,516080,SH,339554800.00000006
2021-12-31,516090,SH,447844800.00000006
2021-12-31,516100,SH,94759700.0
2021-12-31,516110,SH,176623100.0
2021-12-31,516120,SH,259082000.0
2021-12-31,516130,SH,112890000.0
2021-12-31,516150,SH,1563077000.0
2021-12-31,516160,SH,1936804000.0
2021-12-31,516180,SH,111987000.0
2021-12-31,516190,SH,8618500.0
2021-12-31,516200,SH,31604000.0
2021-12-31,516210,SH,73331000.0
2021-12-31,516220,SH,221170000.0
2021-12-31,516260,SH,155882600.0
2021-12-31,516270,SH,145409000.0
2021-12-31,516290,SH,297196900.0
2021-12-31,516300,SH,42602200.0
2021-12-31,516310,SH,218658500.0
2021-12-31,516320,SH,62589300.0
2021-12-31,516330,SH,63671300.0
2021-12-31,516350,SH,146415300.0
2021-12-31,516360,SH,122551800.0
2021-12-31,516380,SH,144449300.0
2021-12-31,516390,SH,244261000.0
2021-12-31,516400,SH,5459000.0
2021-12-31,516480,SH,34146100.0
2021-12-31,516500,SH,97937200.0
2021-12-31,516510,SH,104890000.0
2021-12-31,516520,SH,143765500.0
2021-12-31,516550,SH,116414400.0
2021-12-31,516560,SH,64758000.0
2021-12-31,516570,SH,39357600.0
2021-12-31,516580,SH,131124100.0
2021-12-31,516590,SH,120015000.0
2021-12-31,516600,SH,182332100.0
2021-12-31,516610,SH,104974800.0
2021-12-31,516620,SH,18267500.0
2021-12-31,516630,SH,64156000.0
2021-12-31,516640,SH,561682800.0
2021-12-31,516650,SH,31464800.0
2021-12-31,516660,SH,362689000.0
2021-12-31,516670,SH,99266300.0
2021-12-31,516680,SH,39124100.0
2021-12-31,516690,SH,132743000.0
2021-12-31,516700,SH,20622000.0
2021-12-31,516710,SH,74272000.0
2021-12-31,516720,SH,147337800.0
2021-12-31,516730,SH,169880800.00000003
2021-12-31,516750,SH,10667300.0
2021-12-31,516760,SH,158215100.0
2021-12-31,516770,SH,115048000.0
2021-12-31,516780,SH,878049800.0
2021-12-31,516790,SH,190482200.0
2021-12-31,516800,SH,321154000.0
2021-12-31,516820,SH,1238415200.0
2021-12-31,516830,SH,374676900.0
2021-12-31,516850,SH,60237000.0
2021-12-31,516860,SH,19522000.0
2021-12-31,516870,SH,7988800.0
2021-12-31,516880,SH,903944100.0
2021-12-31,516890,SH,62311400.0
2021-12-31,516900,SH,35729000.0
2021-12-31,516910,SH,34141800.0
2021-12-31,516920,SH,477963000.0
2021-12-31,516930,SH,142139600.0
2021-12-31,516950,SH,908821000.0
2021-12-31,516960,SH,81051100.0
2021-12-31,516970,SH,4874042500.0
2021-12-31,516980,SH,34516000.0
2021-12-31,517000,SH,842793000.0
2021-12-31,517010,SH,21144200.0
2021-12-31,517030,SH,45040300.0
2021-12-31,517050,SH,1009605000.0
2021-12-31,517060,SH,24767200.0
2021-12-31,517080,SH,777166000.0
2021-12-31,517090,SH,192075000.0
2021-12-31,517100,SH,557602100.0
2021-12-31,517110,SH,207098500.0
2021-12-31,517120,SH,522966400.0
2021-12-31,517170,SH,51131800.0
2021-12-31,517180,SH,114496300.0
2021-12-31,517200,SH,267782000.0
2021-12-31,517280,SH,44552500.0
2021-12-31,517300,SH,2961434500.0
2021-12-31,517350,SH,169042000.0
2021-12-31,517360,SH,94083000.0
2021-12-31,517380,SH,284326300.0
2021-12-31,517390,SH,108112600.0
2021-12-31,517660,SH,37480700.0
2021-12-31,517770,SH,68947800.0
2021-12-31,517800,SH,56539700.0
2021-12-31,517880,SH,89337099.99999999
2021-12-31,517960,SH,206182000.0
2021-12-31,518600,SH,40393600.0
2021-12-31,518660,SH,29552700.0
2021-12-31,518680,SH,36258000.0
2021-12-31,518800,SH,143819900.0
2021-12-31,518850,SH,51078700.0
2021-12-31,518860,SH,17559800.0
2021-12-31,518880,SH,3292240800.0
2021-12-31,518890,SH,36554800.0
2021-12-31,560000,SH,15022900.0
2021-12-31,560050,SH,8323934399.999999
2021-12-31,560500,SH,159339000.0
2021-12-31,560560,SH,215190100.0
2021-12-31,560660,SH,232969000.0
2021-12-31,561130,SH,245935200.0
2021-12-31,561300,SH,1744965000.0
2021-12-31,561310,SH,92916600.0
2021-12-31,561350,SH,256700000.0
2021-12-31,561500,SH,203100300.0
2021-12-31,561550,SH,1154989600.0
2021-12-31,561600,SH,24274000.0
2021-12-31,561800,SH,153577200.0
2021-12-31,561900,SH,86334400.0
2021-12-31,561910,SH,195076600.0
2021-12-31,561990,SH,756149200.0
2021-12-31,562360,SH,76474000.0
2021-12-31,562500,SH,235187300.0
2021-12-31,562510,SH,88095000.0
2021-12-31,562800,SH,643945000.0
2021-12-31,562880,SH,220399600.0
2021-12-31,562900,SH,45706300.0
2021-12-31,563000,SH,9155951100.0
2021-12-31,588000,SH,14236168200.0
2021-12-31,588050,SH,3337241300.0
2021-12-31,588060,SH,273140000.0
2021-12-31,588080,SH,7648628100.000001
2021-12-31,588090,SH,2035072800.0
2021-12-31,588150,SH,150432600.0
2021-12-31,588180,SH,2047353700.0
2021-12-31,588280,SH,220121000.0
2021-12-31,588300,SH,2200210500.0
2021-12-31,588310,SH,114237500.0
2021-12-31,588330,SH,1681737800.0
2021-12-31,588360,SH,720281799.9999999
2021-12-31,588380,SH,2441770000.0
2021-12-31,588390,SH,500935900.0
2021-12-31,588400,SH,2406600600.0
2022-02-28,510010,SH,167524400.0
2022-02-28,510020,SH,34048000.0
2022-02-28,510030,SH,153729800.0
2022-02-28,510050,SH,19008666800.0
2022-02-28,510060,SH,39959200.0
2022-02-28,510090,SH,31581100.0
2022-02-28,510100,SH,623234300.0
2022-02-28,510110,SH,5416799.999999999
2022-02-28,510120,SH,3892400.0
2022-02-28,510130,SH,41085100.0
2022-02-28,510150,SH,1143178600.0
2022-02-28,510160,SH,360057400.0
2022-02-28,510170,SH,58728700.0
2022-02-28,510180,SH,5552557700.0
2022-02-28,510190,SH,14150800.0
2022-02-28,510200,SH,67385500.0
2022-02-28,510210,SH,640692600.0
2022-02-28,510220,SH,4729200.0
2022-02-28,510230,SH,3818808000.0
2022-02-28,510270,SH,8832100.0
2022-02-28,510290,SH,86448900.0
2022-02-28,510300,SH,10822087700.0
2022-02-28,510310,SH,4724307400.0
2022-02-28,510330,SH,5540649800.0
2022-02-28,510350,SH,928014700.0
2022-02-28,510360,SH,1001381200.0
2022-02-28,510370,SH,12258100.0
2022-02-28,510380,SH,2160802400.0
2022-02-28,510390,SH,275150000.0
2022-02-28,510410,SH,437258400.0
2022-02-28,510440,SH,20058300.0
2022-02-28,510500,SH,7182817200.0
2022-02-28,510510,SH,1495038299.9999998
2022-02-28,510530,SH,43479399.99999999
2022-02-28,510550,SH,13743300.0
2022-02-28,510560,SH,172318700.0
2022-02-28,510570,SH,10560600.0
2022-02-28,510580,SH,2104965200.0
2022-02-28,510590,SH,174386100.0
2022-02-28,510600,SH,15415100.0
2022-02-28,510630,SH,302361500.0
2022-02-28,510650,SH,43952500.0
2022-02-28,510660,SH,36879700.0
2022-02-28,510680,SH,7624700.0
2022-02-28,510690,SH,5842500.0
2022-02-28,510710,SH,163718900.0
2022-02-28,510760,SH,218503700.0
2022-02-28,510770,SH,42610700.0
2022-02-28,510800,SH,482576000.0
2022-02-28,510810,SH,8202093700.0
2022-02-28,510850,SH,101298900.0
2022-02-28,510860,SH,12968699.999999998
2022-02-28,510880,SH,6649675699.999999
2022-02-28,510900,SH,10461021900.0
2022-02-28,510990,SH,52948600.0
2022-02-28,511010,SH,5926300.0
2022-02-28,511020,SH,11171700.0
2022-02-28,511030,SH,508907100.0
2022-02-28,511060,SH,5476300.0
2022-02-28,511180,SH,23759700.0
2022-02-28,511220,SH,12458100.0
2022-02-28,511260,SH,7056500.0
2022-02-28,511270,SH,6567500.0
2022-02-28,511310,SH,223000.0
2022-02-28,511360,SH,52084600.0
2022-02-28,511380,SH,74186700.0
2022-02-28,512000,SH,24954317700.0
2022-02-28,512010,SH,13562694900.0
2022-02-28,512040,SH,167857900.0
2022-02-28,512070,SH,6494479700.0
2022-02-28,512090,SH,321592300.0
2022-02-28,512100,SH,1799892000.0
2022-02-28,512120,SH,122247300.0
2022-02-28,512150,SH,48073400.0
2022-02-28,512160,SH,339777800.0
2022-02-28,512170,SH,22853820500.0
2022-02-28,512180,SH,108048000.0
2022-02-28,512190,SH,28618400.0
2022-02-28,512200,SH,3007376000.0
2022-02-28,512220,SH,164967599.99999997
2022-02-28,512260,SH,78897700.0
2022-02-28,512280,SH,96005700.0
2022-02-28,512290,SH,2467820700.0
2022-02-28,512320,SH,32040800.0
2022-02-28,512330,SH,550188000.0
2022-02-28,512350,SH,3831100.0
2022-02-28,512360,SH,120337700.0
2022-02-28,512380,SH,147805600.0
2022-02-28,512390,SH,228682000.0
2022-02-28,512400,SH,3008039000.0
2022-02-28,512480,SH,8649003600.0
2022-02-28,512500,SH,1362408800.0
2022-02-28,512510,SH,362429800.00000006
2022-02-28,512520,SH,363056400.0
2022-02-28,512530,SH,42502000.0
2022-02-28,512550,SH,199906000.0
2022-02-28,512560,SH,942127000.0
2022-02-28,512570,SH,126806100.0
2022-02-28,512580,SH,1713271700.0000002
2022-02-28,512590,SH,38503400.0
2022-02-28,512600,SH,646956100.0
2022-02-28,512610,SH,8640600.0
2022-02-28,512640,SH,36740900.0
2022-02-28,512650,SH,460941600.00000006
2022-02-28,512660,SH,9633080000.0
2022-02-28,512670,SH,1879652600.0
2022-02-28,512680,SH,2645730100.0
2022-02-28,512690,SH,7059650200.0
2022-02-28,512700,SH,1915581000.0
2022-02-28,512710,SH,5551158400.0
2022-02-28,512720,SH,796453400.0
2022-02-28,512730,SH,200583900.0
2022-02-28,512750,SH,100554900.0
2022-02-28,512760,SH,8662322800.0
2022-02-28,512770,SH,180767800.0
2022-02-28,512780,SH,13586500.0
2022-02-28,512800,SH,9085640000.0
2022-02-28,512810,SH,317791700.0
2022-02-28,512820,SH,640001900.0
2022-02-28,512870,SH,32410600.0
2022-02-28,512880,SH,35231291500.0
2022-02-28,512890,SH,145110800.0
2022-02-28,512900,SH,8345906000.0
2022-02-28,512910,SH,354628800.0
2022-02-28,512920,SH,7092600.0
2022-02-28,512930,SH,184130300.0
2022-02-28,512950,SH,4270551000.0
2022-02-28,512960,SH,4584257300.0
2022-02-28,512970,SH,286987600.0
2022-02-28,512980,SH,6425924399.999999
2022-02-28,512990,SH,215015400.0
2022-02-28,513000,SH,53911400.0
2022-02-28,513010,SH,3329307000.0
2022-02-28,513020,SH,145145400.0
2022-02-28,513030,SH,518279000.0
2022-02-28,513050,SH,35331432700.0
2022-02-28,513060,SH,2487893300.0
2022-02-28,513080,SH,44916000.0
2022-02-28,513090,SH,892488000.0
2022-02-28,513100,SH,4467110600.0
2022-02-28,513130,SH,5822347000.0
2022-02-28,513150,SH,83559800.0
2022-02-28,513160,SH,107189300.0
2022-02-28,513180,SH,12502759500.0
2022-02-28,513200,SH,65282100.0
2022-02-28,513230,SH,82422700.0
2022-02-28,513300,SH,575171000.0
2022-02-28,513330,SH,44729480000.0
2022-02-28,513360,SH,1640713900.0000002
2022-02-28,513500,SH,2323819300.0
2022-02-28,513520,SH,50887200.0
2022-02-28,513550,SH,3291992000.0
2022-02-28,513580,SH,612118000.0
2022-02-28,513590,SH,51318900.0
2022-02-28,513600,SH,225829500.0
2022-02-28,513660,SH,692000100.0
2022-02-28,513680,SH,38746700.0
2022-02-28,513690,SH,361479900.0
2022-02-28,513700,SH,543846000.0
2022-02-28,513770,SH,438568900.0
2022-02-28,513800,SH,44244399.99999999
2022-02-28,513860,SH,732470600.0
2022-02-28,513880,SH,45470000.0
2022-02-28,513890,SH,257128000.0
2022-02-28,513900,SH,266978000.0
2022-02-28,513980,SH,848204000.0
2022-02-28,513990,SH,73000000.0
2022-02-28,515000,SH,2765289699.9999995
2022-02-28,515010,SH,880771600.0
2022-02-28,515020,SH,556845300.0
2022-02-28,515030,SH,4198384000.0
2022-02-28,515050,SH,9603068500.0
2022-02-28,515060,SH,194478100.0
2022-02-28,515070,SH,696470200.0
2022-02-28,515080,SH,634148900.0
2022-02-28,515090,SH,120801700.0
2022-02-28,515100,SH,76941500.0
2022-02-28,515110,SH,397295000.0
2022-02-28,515120,SH,1844993600.0
2022-02-28,515130,SH,40463200.0
2022-02-28,515150,SH,664703200.0000001
2022-02-28,515160,SH,517955100.0
2022-02-28,515170,SH,3981257900.0
2022-02-28,515180,SH,1302637000.0
2022-02-28,515190,SH,47466100.0
2022-02-28,515200,SH,130943200.0
2022-02-28,515210,SH,1087226100.0
2022-02-28,515220,SH,1416588500.0
2022-02-28,515230,SH,338690899.99999994
2022-02-28,515250,SH,701944500.0
2022-02-28,515260,SH,534284200.0
2022-02-28,515280,SH,59118600.0
2022-02-28,515290,SH,6929332900.0
2022-02-28,515300,SH,72175200.0
2022-02-28,515310,SH,24111200.0
2022-02-28,515320,SH,234309000.0
2022-02-28,515330,SH,5570709500.0
2022-02-28,515350,SH,42299200.0
2022-02-28,515360,SH,33779300.0
2022-02-28,515380,SH,928899800.0
2022-02-28,515390,SH,514683000.0
2022-02-28,515400,SH,265631400.0
2022-02-28,515450,SH,145335000.0
2022-02-28,515500,SH,42404799.99999999
2022-02-28,515510,SH,10534000.0
2022-02-28,515520,SH,24866800.0
2022-02-28,515530,SH,15442700.0
2022-02-28,515550,SH,17345700.0
2022-02-28,515560,SH,514883300.0
2022-02-28,515570,SH,34443900.0
2022-02-28,515580,SH,562031400.0
2022-02-28,515590,SH,30113700.0
2022-02-28,515600,SH,1441797400.0
2022-02-28,515610,SH,38857400.0
2022-02-28,515630,SH,117717700.0
2022-02-28,515650,SH,1095184000.0
2022-02-28,515660,SH,123994200.0
2022-02-28,515670,SH,70822500.0
2022-02-28,515680,SH,1490264700.0
2022-02-28,515690,SH,8588000.0
2022-02-28,515700,SH,2271510200.0
2022-02-28,515710,SH,1312099800.0
2022-02-28,515750,SH,502140500.0
2022-02-28,515760,SH,203888100.0
2022-02-28,515770,SH,102727300.0
2022-02-28,515780,SH,179785200.0
2022-02-28,515790,SH,9034494000.0
2022-02-28,515800,SH,1585437200.0
2022-02-28,515810,SH,71908800.0
2022-02-28,515820,SH,133026100.0
2022-02-28,515830,SH,3153100.0
2022-02-28,515850,SH,185791000.0
2022-02-28,515860,SH,177878900.0
2022-02-28,515870,SH,34498900.0
2022-02-28,515880,SH,1735462300.0
2022-02-28,515890,SH,175443900.0
2022-02-28,515900,SH,4083646500.0
2022-02-28,515910,SH,470507000.0
2022-02-28,515920,SH,325405700.0
2022-02-28,515930,SH,28374700.0
2022-02-28,515950,SH,289200600.0
2022-02-28,515960,SH,304991900.0
2022-02-28,515980,SH,299064500.0
2022-02-28,515990,SH,89350200.0
2022-02-28,516000,SH,66855000.0
2022-02-28,516010,SH,567693000.0
2022-02-28,516020,SH,434826200.0
2022-02-28,516050,SH,838228000.0
2022-02-28,516060,SH,142237400.0
2022-02-28,516070,SH,745646000.0
2022-02-28,516080,SH,367554800.00000006
2022-02-28,516090,SH,486844800.00000006
2022-02-28,516100,SH,76759700.0
2022-02-28,516110,SH,175623100.0
2022-02-28,516120,SH,240082000.0
2022-02-28,516130,SH,122890000.0
2022-02-28,516150,SH,1987577000.0
2022-02-28,516160,SH,2145304000.0
2022-02-28,516180,SH,110987000.0
2022-02-28,516190,SH,11318500.0
2022-02-28,516200,SH,23604000.0
2022-02-28,516210,SH,49331000.0
2022-02-28,516220,SH,191170000.0
2022-02-28,516260,SH,151882600.0
2022-02-28,516270,SH,166409000.0
2022-02-28,516290,SH,351196900.0
2022-02-28,516300,SH,42602200.0
2022-02-28,516310,SH,233958500.0
2022-02-28,516320,SH,64589300.0
2022-02-28,516330,SH,67271300.0
2022-02-28,516350,SH,179415300.0
2022-02-28,516360,SH,120551800.0
2022-02-28,516380,SH,148449300.0
2022-02-28,516390,SH,244261000.0
2022-02-28,516480,SH,28146100.0
2022-02-28,516500,SH,107937200.0
2022-02-28,516510,SH,249890000.0
2022-02-28,516520,SH,161765500.0
2022-02-28,516530,SH,114302300.0
2022-02-28,516550,SH,117414400.0
2022-02-28,516560,SH,82258000.0
2022-02-28,516570,SH,39357600.0
2022-02-28,516580,SH,144124100.0
2022-02-28,516590,SH,129015000.0
2022-02-28,516600,SH,182332100.0
2022-02-28,516610,SH,102974800.0
2022-02-28,516620,SH,32267500.0
2022-02-28,516630,SH,88156000.0
2022-02-28,516640,SH,624682800.0
2022-02-28,516650,SH,27464800.0
2022-02-28,516660,SH,334689000.0
2022-02-28,516670,SH,101266300.0
2022-02-28,516680,SH,35624100.0
2022-02-28,516690,SH,108243000.0
2022-02-28,516700,SH,42122000.0
2022-02-28,516710,SH,158272000.0
2022-02-28,516720,SH,121837800.0
2022-02-28,516730,SH,140880800.0
2022-02-28,516750,SH,37667300.0
2022-02-28,516760,SH,154215100.0
2022-02-28,516770,SH,130648000.0
2022-02-28,516780,SH,1058549800.0
2022-02-28,516790,SH,191782200.0
2022-02-28,516800,SH,315154000.0
2022-02-28,516810,SH,217478900.0
2022-02-28,516820,SH,1347415200.0
2022-02-28,516830,SH,359676900.0
2022-02-28,516850,SH,60237000.0
2022-02-28,516860,SH,41522000.0
2022-02-28,516880,SH,863944100.0
2022-02-28,516890,SH,64311400.0
2022-02-28,516900,SH,34229000.0
2022-02-28,516910,SH,41141800.0
2022-02-28,516920,SH,504963000.0
2022-02-28,516930,SH,118139600.0
2022-02-28,516950,SH,1310821000.0
2022-02-28,516960,SH,74051100.0
2022-02-28,516970,SH,8177542500.0
2022-02-28,516980,SH,43516000.0
2022-02-28,517000,SH,822793000.0
2022-02-28,517010,SH,18144200.0
2022-02-28,517030,SH,45040300.0
2022-02-28,517050,SH,1041605000.0
2022-02-28,517060,SH,21767200.0
2022-02-28,517080,SH,753166000.0
2022-02-28,517090,SH,18075000.0
2022-02-28,517100,SH,544102100.0
2022-02-28,517110,SH,220098500.0
2022-02-28,517120,SH,548966400.0
2022-02-28,517160,SH,2310777500.0
2022-02-28,517170,SH,41131800.0
2022-02-28,517180,SH,36496300.0
2022-02-28,517200,SH,303782000.0
2022-02-28,517270,SH,54591600.0
2022-02-28,517280,SH,32552500.0
2022-02-28,517300,SH,2934434500.0
2022-02-28,517330,SH,2273169000.0
2022-02-28,517350,SH,176542000.0
2022-02-28,517360,SH,97083000.0
2022-02-28,517380,SH,296326300.0
2022-02-28,517390,SH,91112600.0
2022-02-28,517550,SH,44417400.0
2022-02-28,517660,SH,32680700.0
2022-02-28,517770,SH,55947800.0
2022-02-28,517800,SH,62539700.0
2022-02-28,517880,SH,65337100.0
2022-02-28,517960,SH,210182000.0
2022-02-28,518600,SH,38293600.0
2022-02-28,518660,SH,28652700.0
2022-02-28,518680,SH,36158000.0
2022-02-28,518800,SH,120419900.0
2022-02-28,518850,SH,40878700.0
2022-02-28,518860,SH,15459800.0
2022-02-28,518880,SH,2725540800.0
2022-02-28,518890,SH,22754800.0
2022-02-28,560000,SH,18022900.0
2022-02-28,560050,SH,10761934400.0
2022-02-28,560100,SH,256080300.0
2022-02-28,560500,SH,142339000.0
2022-02-28,560560,SH,227190100.0
2022-02-28,560660,SH,233969000.0
2022-02-28,560800,SH,783951100.0
2022-02-28,561100,SH,239746900.0
2022-02-28,561120,SH,110659900.0
2022-02-28,561130,SH,255935200.0
2022-02-28,561300,SH,1503465000.0
2022-02-28,561310,SH,129916600.0
2022-02-28,561350,SH,202700000.0
2022-02-28,561500,SH,186600300.0
2022-02-28,561550,SH,1076989600.0
2022-02-28,561600,SH,26274000.0
2022-02-28,561800,SH,134577200.0
2022-02-28,561900,SH,89334400.0
2022-02-28,561910,SH,215076600.0
2022-02-28,561990,SH,526649200.0
2022-02-28,562300,SH,335495000.0
2022-02-28,562360,SH,77474000.0
2022-02-28,562500,SH,199187300.0
2022-02-28,562510,SH,141095000.0
2022-02-28,562800,SH,747895000.0
2022-02-28,562880,SH,224899600.0
2022-02-28,562900,SH,39706300.0
2022-02-28,562910,SH,52227299.99999999
2022-02-28,562950,SH,116258300.0
2022-02-28,563000,SH,9920951100.0
2022-02-28,588000,SH,17713168200.0
2022-02-28,588050,SH,3617241300.0
2022-02-28,588060,SH,305140000.0
2022-02-28,588080,SH,8779628100.0
2022-02-28,588090,SH,2282072800.0
2022-02-28,588150,SH,140432600.0
2022-02-28,588180,SH,2110353700.0
2022-02-28,588280,SH,220121000.0
2022-02-28,588300,SH,2416210500.0
2022-02-28,588310,SH,107637500.0
2022-02-28,588330,SH,1797737800.0
2022-02-28,588360,SH,804281799.9999999
2022-02-28,588380,SH,2708770000.0
2022-02-28,588390,SH,509935900.0
2022-02-28,588400,SH,2721600600.0
2022-03-31,510010,SH,167524400.0
2022-03-31,510020,SH,34848000.0
2022-03-31,510030,SH,160729800.0
2022-03-31,510050,SH,17808066800.0
2022-03-31,510060,SH,39959200.0
2022-03-31,510090,SH,31581100.0
2022-03-31,510100,SH,704234299.9999999
2022-03-31,510110,SH,5416799.999999999
2022-03-31,510120,SH,3892400.0
2022-03-31,510130,SH,42285100.0
2022-03-31,510150,SH,1135178600.0
2022-03-31,510160,SH,360057400.0
2022-03-31,510170,SH,62728700.0
2022-03-31,510180,SH,5553057700.0
2022-03-31,510190,SH,14150800.0
2022-03-31,510200,SH,69385500.0
2022-03-31,510210,SH,733192600.0
2022-03-31,510220,SH,4729200.0
2022-03-31,510230,SH,3616808000.0
2022-03-31,510270,SH,8832100.0
2022-03-31,510290,SH,86448900.0
2022-03-31,510300,SH,10602487700.0
2022-03-31,510310,SH,4898307400.0
2022-03-31,510330,SH,5404749800.0
2022-03-31,510350,SH,738114700.0
2022-03-31,510360,SH,962381200.0
2022-03-31,510370,SH,12258100.0
2022-03-31,510380,SH,2178802400.0
2022-03-31,510390,SH,173450000.0
2022-03-31,510410,SH,426258400.0
2022-03-31,510440,SH,20058300.0
2022-03-31,510500,SH,5664867200.0
2022-03-31,510510,SH,1473038299.9999998
2022-03-31,510530,SH,39979400.0
2022-03-31,510550,SH,15743300.0
2022-03-31,510560,SH,174318700.0
2022-03-31,510570,SH,10560600.0
2022-03-31,510580,SH,2287965200.0
2022-03-31,510590,SH,111586100.0
2022-03-31,510600,SH,13915100.0
2022-03-31,510630,SH,298361500.0
2022-03-31,510650,SH,35952500.0
2022-03-31,510660,SH,36379700.0
2022-03-31,510680,SH,9724700.0
2022-03-31,510710,SH,168218900.0
2022-03-31,510760,SH,242503700.0
2022-03-31,510770,SH,44110700.0
2022-03-31,510800,SH,487576000.0
2022-03-31,510810,SH,8298093700.0
2022-03-31,510850,SH,106698900.0
2022-03-31,510880,SH,5997675699.999999
2022-03-31,510900,SH,12630021900.0
2022-03-31,510990,SH,76948600.0
2022-03-31,511010,SH,5836300.0
2022-03-31,511020,SH,11171700.0
2022-03-31,511030,SH,508907100.0
2022-03-31,511060,SH,5476300.0
2022-03-31,511180,SH,20559700.0
2022-03-31,511220,SH,12728100.0
2022-03-31,511260,SH,6476500.0
2022-03-31,511270,SH,6567500.0
2022-03-31,511310,SH,233000.0
2022-03-31,511360,SH,56520600.00000001
2022-03-31,511380,SH,73386700.0
2022-03-31,512000,SH,25168217700.0
2022-03-31,512010,SH,14303694900.0
2022-03-31,512040,SH,182857900.0
2022-03-31,512070,SH,5907479700.0
2022-03-31,512090,SH,313592300.0
2022-03-31,512100,SH,2054892000.0
2022-03-31,512120,SH,375241900.0
2022-03-31,512150,SH,58073400.0
2022-03-31,512160,SH,343777800.0
2022-03-31,512170,SH,23279820500.0
2022-03-31,512180,SH,106048000.0
2022-03-31,512190,SH,29318400.0
2022-03-31,512200,SH,3279376000.0
2022-03-31,512220,SH,163467600.0
2022-03-31,512260,SH,78097700.0
2022-03-31,512280,SH,90005700.0
2022-03-31,512290,SH,2450820700.0
2022-03-31,512320,SH,32040800.0
2022-03-31,512330,SH,551688000.0
2022-03-31,512360,SH,111337700.0
2022-03-31,512380,SH,141805600.0
2022-03-31,512390,SH,228682000.0
2022-03-31,512400,SH,2932039000.0
2022-03-31,512480,SH,9865003600.0
2022-03-31,512500,SH,1234408800.0
2022-03-31,512510,SH,340429800.00000006
2022-03-31,512520,SH,477056400.0
2022-03-31,512530,SH,43502000.0
2022-03-31,512550,SH,217906000.0
2022-03-31,512560,SH,873127000.0
2022-03-31,512570,SH,183806100.0
2022-03-31,512580,SH,1403671700.0000002
2022-03-31,512590,SH,39503400.0
2022-03-31,512600,SH,653456100.0
2022-03-31,512610,SH,8140599.999999999
2022-03-31,512640,SH,37740900.0
2022-03-31,512650,SH,460941600.00000006
2022-03-31,512660,SH,9840080000.0
2022-03-31,512670,SH,2080652600.0
2022-03-31,512680,SH,2667330100.0
2022-03-31,512690,SH,8070550200.0
2022-03-31,512700,SH,1904581000.0
2022-03-31,512710,SH,5381658400.0
2022-03-31,512720,SH,730453400.0
2022-03-31,512730,SH,170083900.0
2022-03-31,512750,SH,114054900.0
2022-03-31,512760,SH,9828322800.0
2022-03-31,512770,SH,188767800.0
2022-03-31,512780,SH,13586500.0
2022-03-31,512800,SH,8803640000.0
2022-03-31,512810,SH,316791700.0
2022-03-31,512820,SH,594101900.0
2022-03-31,512870,SH,32410600.0
2022-03-31,512880,SH,33723291500.0
2022-03-31,512890,SH,162110800.0
2022-03-31,512900,SH,8246406000.0
2022-03-31,512910,SH,281128800.0
2022-03-31,512920,SH,7092600.0
2022-03-31,512930,SH,186130300.0
2022-03-31,512950,SH,4267551000.0
2022-03-31,512960,SH,4585257300.0
2022-03-31,512970,SH,285987600.0
2022-03-31,512980,SH,6616424399.999999
2022-03-31,512990,SH,183015400.0
2022-03-31,513000,SH,55911400.0
2022-03-31,513010,SH,4722307000.0
2022-03-31,513020,SH,94145400.0
2022-03-31,513030,SH,623279000.0
2022-03-31,513050,SH,35450432700.0
2022-03-31,513060,SH,4390393300.0
2022-03-31,513070,SH,91760800.0
2022-03-31,513080,SH,49916000.0
2022-03-31,513090,SH,1002988000.0
2022-03-31,513100,SH,4341110600.0
2022-03-31,513130,SH,8759347000.0
2022-03-31,513150,SH,80559800.0
2022-03-31,513160,SH,78189300.0
2022-03-31,513180,SH,16125759500.0
2022-03-31,513200,SH,65282100.0
2022-03-31,513230,SH,74422700.0
2022-03-31,513300,SH,560171000.0
2022-03-31,513320,SH,42010600.00000001
2022-03-31,513330,SH,49287480000.0
2022-03-31,513360,SH,1724713900.0000002
2022-03-31,513500,SH,5271638600.0
2022-03-31,513520,SH,54887200.0
2022-03-31,513550,SH,3969992000.0
2022-03-31,513580,SH,885118000.0
2022-03-31,513590,SH,51918900.0
2022-03-31,513600,SH,285829500.0
2022-03-31,513660,SH,925000100.0
2022-03-31,513680,SH,38746700.0
2022-03-31,513690,SH,518979900.0
2022-03-31,513700,SH,597846000.0
2022-03-31,513770,SH,437568900.0
2022-03-31,513800,SH,48644399.99999999
2022-03-31,513860,SH,748470600.0
2022-03-31,513880,SH,47470000.0
2022-03-31,513890,SH,262128000.0
2022-03-31,513900,SH,251978000.0
2022-03-31,513960,SH,13932300.0
2022-03-31,513980,SH,970204000.0
2022-03-31,513990,SH,73000000.0
2022-03-31,515000,SH,2718289699.9999995
2022-03-31,515010,SH,866271600.0
2022-03-31,515020,SH,554845300.0
2022-03-31,515030,SH,4889384000.0
2022-03-31,515050,SH,10541068500.0
2022-03-31,515060,SH,214478100.0
2022-03-31,515070,SH,706970200.0
2022-03-31,515080,SH,612148900.0
2022-03-31,515090,SH,120801700.0
2022-03-31,515100,SH,79441500.0
2022-03-31,515110,SH,397295000.0
2022-03-31,515120,SH,1730993599.9999998
2022-03-31,515130,SH,37463200.0
2022-03-31,515150,SH,619703200.0
2022-03-31,515160,SH,517955100.0
2022-03-31,515170,SH,4197257900.0
2022-03-31,515180,SH,1275637000.0
2022-03-31,515190,SH,49466100.0
2022-03-31,515200,SH,134943200.0
2022-03-31,515210,SH,1072226100.0
2022-03-31,515220,SH,1423588500.0
2022-03-31,515230,SH,310690900.0
2022-03-31,515250,SH,788944500.0
2022-03-31,515260,SH,566284200.0
2022-03-31,515280,SH,66618600.0
2022-03-31,515290,SH,7017252900.0
2022-03-31,515300,SH,73175200.0
2022-03-31,515310,SH,24111200.0
2022-03-31,515320,SH,237309000.0
2022-03-31,515330,SH,5546709500.0
2022-03-31,515350,SH,29699200.0
2022-03-31,515360,SH,29279300.0
2022-03-31,515380,SH,904599800.0
2022-03-31,515390,SH,882683000.0
2022-03-31,515400,SH,287631400.0
2022-03-31,515450,SH,156335000.0
2022-03-31,515500,SH,40404800.0
2022-03-31,515510,SH,10534000.0
2022-03-31,515520,SH,24466800.0
2022-03-31,515530,SH,14642700.0
2022-03-31,515550,SH,17345700.0
2022-03-31,515560,SH,544883300.0
2022-03-31,515570,SH,31443900.0
2022-03-31,515580,SH,542031400.0
2022-03-31,515590,SH,26113700.0
2022-03-31,515600,SH,1440797400.0
2022-03-31,515610,SH,38857400.0
2022-03-31,515630,SH,124217700.0
2022-03-31,515650,SH,1057184000.0
2022-03-31,515660,SH,124894200.0
2022-03-31,515670,SH,70822500.0
2022-03-31,515680,SH,1490264700.0
2022-03-31,515690,SH,7088000.0
2022-03-31,515700,SH,2355510200.0
2022-03-31,515710,SH,1420099800.0
2022-03-31,515750,SH,516140500.0
2022-03-31,515760,SH,209388100.0
2022-03-31,515770,SH,99727300.0
2022-03-31,515780,SH,143785200.0
2022-03-31,515790,SH,10669494000.0
2022-03-31,515800,SH,1617437200.0
2022-03-31,515810,SH,68908800.0
2022-03-31,515820,SH,133026100.0
2022-03-31,515830,SH,1153100.0
2022-03-31,515850,SH,187791000.0
2022-03-31,515860,SH,180878900.0
2022-03-31,515870,SH,35498900.0
2022-03-31,515880,SH,1787462300.0
2022-03-31,515890,SH,184443900.0
2022-03-31,515900,SH,4003646500.0
2022-03-31,515910,SH,479507000.0
2022-03-31,515920,SH,320905700.0
2022-03-31,515930,SH,22074700.0
2022-03-31,515950,SH,298200600.0
2022-03-31,515960,SH,308991900.0
2022-03-31,515980,SH,324064500.0
2022-03-31,515990,SH,87350200.0
2022-03-31,516000,SH,68855000.0
2022-03-31,516010,SH,561693000.0
2022-03-31,516020,SH,424326200.0
2022-03-31,516050,SH,828228000.0
2022-03-31,516060,SH,132237400.0
2022-03-31,516070,SH,803646000.0
2022-03-31,516080,SH,350554800.00000006
2022-03-31,516090,SH,535844800.00000006
2022-03-31,516100,SH,74759700.0
2022-03-31,516110,SH,183623100.0
2022-03-31,516120,SH,258082000.0
2022-03-31,516130,SH,117890000.0
2022-03-31,516150,SH,2054077000.0
2022-03-31,516160,SH,2242804000.0
2022-03-31,516180,SH,116987000.0
2022-03-31,516190,SH,8018500.0
2022-03-31,516200,SH,26604000.0
2022-03-31,516210,SH,49631000.0
2022-03-31,516220,SH,197170000.0
2022-03-31,516260,SH,153882600.0
2022-03-31,516270,SH,179909000.0
2022-03-31,516290,SH,359196900.0
2022-03-31,516300,SH,45602200.0
2022-03-31,516310,SH,198558500.0
2022-03-31,516320,SH,66589300.0
2022-03-31,516330,SH,61271300.0
2022-03-31,516350,SH,173415300.0
2022-03-31,516360,SH,122551800.0
2022-03-31,516380,SH,156449300.0
2022-03-31,516390,SH,285261000.0
2022-03-31,516480,SH,28146100.0
2022-03-31,516500,SH,100937200.0
2022-03-31,516510,SH,259890000.0
2022-03-31,516520,SH,171765500.0
2022-03-31,516530,SH,111802300.0
2022-03-31,516550,SH,125414400.0
2022-03-31,516560,SH,87258000.0
2022-03-31,516570,SH,39357600.0
2022-03-31,516580,SH,155124100.0
2022-03-31,516590,SH,132015000.0
2022-03-31,516600,SH,176332100.0
2022-03-31,516610,SH,98974800.0
2022-03-31,516620,SH,34267500.0
2022-03-31,516630,SH,95156000.0
2022-03-31,516640,SH,723682800.0
2022-03-31,516650,SH,25464800.0
2022-03-31,516660,SH,434689000.0
2022-03-31,516670,SH,114266300.0
2022-03-31,516680,SH,30124100.0
2022-03-31,516690,SH,101743000.0
2022-03-31,516700,SH,36622000.0
2022-03-31,516710,SH,162272000.0
2022-03-31,516720,SH,97837800.0
2022-03-31,516730,SH,130380800.0
2022-03-31,516750,SH,45167299.99999999
2022-03-31,516760,SH,157215100.0
2022-03-31,516770,SH,125848000.0
2022-03-31,516780,SH,962549800.0
2022-03-31,516790,SH,202182200.0
2022-03-31,516800,SH,273154000.0
2022-03-31,516810,SH,199478900.0
2022-03-31,516820,SH,1300415200.0
2022-03-31,516830,SH,347176900.0
2022-03-31,516850,SH,59237000.0
2022-03-31,516860,SH,45522000.0
2022-03-31,516880,SH,869944100.0
2022-03-31,516890,SH,65311400.0
2022-03-31,516900,SH,38729000.0
2022-03-31,516910,SH,39641800.0
2022-03-31,516920,SH,531963000.0
2022-03-31,516930,SH,113639600.0
2022-03-31,516950,SH,1020821000.0
2022-03-31,516960,SH,78051100.0
2022-03-31,516970,SH,7799042500.0
2022-03-31,516980,SH,41516000.0
2022-03-31,517000,SH,802793000.0
2022-03-31,517010,SH,51144200.0
2022-03-31,517030,SH,45040300.0
2022-03-31,517050,SH,1067605000.0
2022-03-31,517060,SH,21767200.0
2022-03-31,517080,SH,741166000.0
2022-03-31,517090,SH,57075000.0
2022-03-31,517100,SH,539602100.0
2022-03-31,517110,SH,218098500.0
2022-03-31,517120,SH,514966400.0
2022-03-31,517160,SH,2308777500.0
2022-03-31,517170,SH,41131800.0
2022-03-31,517180,SH,34496300.0
2022-03-31,517200,SH,311782000.0
2022-03-31,517270,SH,44091600.0
2022-03-31,517280,SH,30552500.0
2022-03-31,517300,SH,2907434500.0
2022-03-31,517330,SH,2268169000.0
2022-03-31,517350,SH,197542000.0
2022-03-31,517360,SH,97083000.0
2022-03-31,517380,SH,276326300.0
2022-03-31,517390,SH,96112600.0
2022-03-31,517500,SH,45113000.0
2022-03-31,517550,SH,41417400.0
2022-03-31,517660,SH,35080700.0
2022-03-31,517770,SH,47947800.0
2022-03-31,517780,SH,51451100.0
2022-03-31,517800,SH,62539700.0
2022-03-31,517880,SH,63337100.0
2022-03-31,517900,SH,69993500.0
2022-03-31,517960,SH,212182000.0
2022-03-31,518600,SH,37393600.0
2022-03-31,518660,SH,26552700.0
2022-03-31,518680,SH,38458000.0
2022-03-31,518800,SH,164519900.00000003
2022-03-31,518850,SH,42378700.0
2022-03-31,518860,SH,13059800.0
2022-03-31,518880,SH,3038440800.0
2022-03-31,518890,SH,18254800.0
2022-03-31,560000,SH,22022900.0
2022-03-31,560050,SH,11345934400.0
2022-03-31,560100,SH,217080300.0
2022-03-31,560500,SH,144339000.0
2022-03-31,560560,SH,220190100.0
2022-03-31,560600,SH,12705800.0
2022-03-31,560660,SH,232969000.0
2022-03-31,560800,SH,843951100.0
2022-03-31,561100,SH,218746900.0
2022-03-31,561120,SH,121159900.0
2022-03-31,561130,SH,283935200.0
2022-03-31,561300,SH,1894965000.0
2022-03-31,561310,SH,126916600.0
2022-03-31,561350,SH,196700000.0
2022-03-31,561500,SH,156600300.0
2022-03-31,561550,SH,1069489600.0
2022-03-31,561600,SH,28274000.0
2022-03-31,561800,SH,147077200.0
2022-03-31,561900,SH,86334400.0
2022-03-31,561910,SH,236076600.0
2022-03-31,561990,SH,583649200.0
2022-03-31,562300,SH,321495000.0
2022-03-31,562360,SH,80474000.0
2022-03-31,562500,SH,178187300.0
2022-03-31,562510,SH,181095000.0
2022-03-31,562520,SH,118568000.0
2022-03-31,562800,SH,805045000.0
2022-03-31,562880,SH,245899600.0
2022-03-31,562900,SH,54706300.0
2022-03-31,562910,SH,52227299.99999999
2022-03-31,562950,SH,120258300.0
2022-03-31,563000,SH,10095951100.0
2022-03-31,588000,SH,19897168200.0
2022-03-31,588050,SH,3479241300.0
2022-03-31,588060,SH,337140000.0
2022-03-31,588080,SH,9361628100.0
2022-03-31,588090,SH,2435472800.0
2022-03-31,588150,SH,140432600.0
2022-03-31,588180,SH,2127853700.0
2022-03-31,588280,SH,224121000.0
2022-03-31,588300,SH,2479210500.0
2022-03-31,588310,SH,101037500.0
2022-03-31,588330,SH,1799737800.0
2022-03-31,588360,SH,826681799.9999999
2022-03-31,588380,SH,2825770000.0
2022-03-31,588390,SH,500935900.0
2022-03-31,588400,SH,2817600600.0
2022-05-31,510010,SH,167524400.0
2022-05-31,510020,SH,35648000.0
2022-05-31,510030,SH,164229800.0
2022-05-31,510050,SH,17403966800.0
2022-05-31,510060,SH,39959200.0
2022-05-31,510090,SH,32081100.0
2022-05-31,510100,SH,677234299.9999999
2022-05-31,510110,SH,5416799.999999999
2022-05-31,510120,SH,3892400.0
2022-05-31,510130,SH,41485100.0
2022-05-31,510150,SH,1251178600.0
2022-05-31,510160,SH,356057400.0
2022-05-31,510170,SH,62728700.0
2022-05-31,510180,SH,5571557700.0
2022-05-31,510190,SH,14150800.0
2022-05-31,510200,SH,73385500.0
2022-05-31,510210,SH,803192600.0
2022-05-31,510220,SH,4729200.0
2022-05-31,510230,SH,3569808000.0
2022-05-31,510270,SH,8832100.0
2022-05-31,510290,SH,84448900.0
2022-05-31,510300,SH,11806687700.0
2022-05-31,510310,SH,5458307400.0
2022-05-31,510330,SH,5501949800.0
2022-05-31,510350,SH,725514700.0
2022-05-31,510360,SH,980381200.0
2022-05-31,510370,SH,12258100.0
2022-05-31,510380,SH,2181802400.0
2022-05-31,510390,SH,175250000.0
2022-05-31,510410,SH,457258400.0
2022-05-31,510440,SH,20058300.0
2022-05-31,510500,SH,5790167200.0
2022-05-31,510510,SH,1531038299.9999998
2022-05-31,510530,SH,40479400.0
2022-05-31,510550,SH,15743300.0
2022-05-31,510560,SH,174318700.0
2022-05-31,510570,SH,13060600.0
2022-05-31,510580,SH,2752965200.0
2022-05-31,510590,SH,113986100.0
2022-05-31,510600,SH,15415100.0
2022-05-31,510630,SH,307361500.0
2022-05-31,510650,SH,53952500.0
2022-05-31,510660,SH,37379700.0
2022-05-31,510680,SH,9724700.0
2022-05-31,510710,SH,151118900.0
2022-05-31,510760,SH,242503700.0
2022-05-31,510770,SH,38110700.0
2022-05-31,510800,SH,471576000.0
2022-05-31,510810,SH,8313093700.0
2022-05-31,510850,SH,95898900.0
2022-05-31,510880,SH,6445175699.999999
2022-05-31,510900,SH,12670021900.0
2022-05-31,510990,SH,56948600.0
2022-05-31,511010,SH,6396300.0
2022-05-31,511020,SH,11171700.0
2022-05-31,511030,SH,508907100.0
2022-05-31,511060,SH,5476300.0
2022-05-31,511180,SH,14359700.0
2022-05-31,511220,SH,12698100.0
2022-05-31,511260,SH,6626500.0
2022-05-31,511270,SH,6557500.0
2022-05-31,511310,SH,253000.0
2022-05-31,511360,SH,115282600.0
2022-05-31,511380,SH,73986700.0
2022-05-31,512000,SH,25220117700.0
2022-05-31,512010,SH,15139694900.0
2022-05-31,512040,SH,205857900.0
2022-05-31,512070,SH,5644479700.0
2022-05-31,512090,SH,297592300.0
2022-05-31,512100,SH,2432892000.0
2022-05-31,512120,SH,398241900.0
2022-05-31,512150,SH,55073400.0
2022-05-31,512160,SH,337777800.0
2022-05-31,512170,SH,24602820500.0
2022-05-31,512180,SH,104048000.0
2022-05-31,512190,SH,37018400.0
2022-05-31,512200,SH,6686376000.0
2022-05-31,512220,SH,170967599.99999997
2022-05-31,512260,SH,80497700.0
2022-05-31,512280,SH,64005700.0
2022-05-31,512290,SH,2573820700.0
2022-05-31,512320,SH,32040800.0
2022-05-31,512330,SH,527688000.0
2022-05-31,512360,SH,54337700.00000001
2022-05-31,512380,SH,165805600.0
2022-05-31,512390,SH,228682000.0
2022-05-31,512400,SH,2873539000.0
2022-05-31,512480,SH,9341003600.0
2022-05-31,512500,SH,1264808800.0
2022-05-31,512510,SH,329929800.00000006
2022-05-31,512520,SH,471056400.0
2022-05-31,512530,SH,41502000.0
2022-05-31,512550,SH,216906000.0
2022-05-31,512560,SH,923127000.0
2022-05-31,512570,SH,193806100.0
2022-05-31,512580,SH,1501471700.0000002
2022-05-31,512590,SH,34503400.0
2022-05-31,512600,SH,696356100.0
2022-05-31,512610,SH,8140599.999999999
2022-05-31,512640,SH,38740900.0
2022-05-31,512650,SH,460941600.00000006
2022-05-31,512660,SH,9903080000.0
2022-05-31,512670,SH,2171652600.0
2022-05-31,512680,SH,2619330100.0
2022-05-31,512690,SH,9187050200.0
2022-05-31,512700,SH,2351081000.0
2022-05-31,512710,SH,5576658400.0
2022-05-31,512720,SH,808453400.0
2022-05-31,512730,SH,164583900.0
2022-05-31,512750,SH,120354900.0
2022-05-31,512760,SH,10022322800.0
2022-05-31,512770,SH,187767800.0
2022-05-31,512780,SH,13586500.0
2022-05-31,512800,SH,9463640000.0
2022-05-31,512810,SH,310791700.0
2022-05-31,512820,SH,452501900.0
2022-05-31,512870,SH,32410600.0
2022-05-31,512880,SH,34075291500.0
2022-05-31,512890,SH,275110800.0
2022-05-31,512900,SH,8533906000.0
2022-05-31,512910,SH,323128800.0
2022-05-31,512920,SH,7092600.0
2022-05-31,512930,SH,186130300.0
2022-05-31,512950,SH,4261551000.0
2022-05-31,512960,SH,4574257300.0
2022-05-31,512970,SH,286987600.0
2022-05-31,512980,SH,7624424399.999999
2022-05-31,512990,SH,189015400.0
2022-05-31,513000,SH,58411400.0
2022-05-31,513010,SH,4774307000.0
2022-05-31,513020,SH,126145400.0
2022-05-31,513030,SH,617779000.0
2022-05-31,513050,SH,35484432700.0
2022-05-31,513060,SH,6040393300.0
2022-05-31,513070,SH,43760800.0
2022-05-31,513080,SH,49916000.0
2022-05-31,513090,SH,1188488000.0
2022-05-31,513100,SH,5121110600.0
2022-05-31,513130,SH,10111347000.0
2022-05-31,513150,SH,104559800.0
2022-05-31,513160,SH,75189300.0
2022-05-31,513180,SH,19448759500.0
2022-05-31,513200,SH,69282100.0
2022-05-31,513230,SH,70422700.0
2022-05-31,513300,SH,917171000.0
2022-05-31,513320,SH,35010600.0
2022-05-31,513330,SH,52433480000.0
2022-05-31,513360,SH,1826713900.0
2022-05-31,513380,SH,21892500.0
2022-05-31,513500,SH,5407638600.0
2022-05-31,513520,SH,54887200.0
2022-05-31,513530,SH,47438700.0
2022-05-31,513550,SH,4411992000.0
2022-05-31,513580,SH,891118000.0
2022-05-31,513590,SH,51318900.0
2022-05-31,513600,SH,265829500.0
2022-05-31,513660,SH,952000100.0
2022-05-31,513680,SH,28746700.0
2022-05-31,513690,SH,481479900.0
2022-05-31,513700,SH,625846000.0
2022-05-31,513770,SH,461568900.0
2022-05-31,513800,SH,48644399.99999999
2022-05-31,513860,SH,748470600.0
2022-05-31,513880,SH,49470000.0
2022-05-31,513890,SH,227128000.0
2022-05-31,513900,SH,214978000.0
2022-05-31,513960,SH,10932300.0
2022-05-31,513980,SH,1457204000.0
2022-05-31,513990,SH,73000000.0
2022-05-31,515000,SH,2767289699.9999995
2022-05-31,515010,SH,895271600.0
2022-05-31,515020,SH,558345300.0
2022-05-31,515030,SH,4541384000.0
2022-05-31,515050,SH,10391068500.0
2022-05-31,515060,SH,461478100.0
2022-05-31,515070,SH,712970200.0
2022-05-31,515080,SH,648148900.0
2022-05-31,515090,SH,121801700.0
2022-05-31,515100,SH,95441500.0
2022-05-31,515110,SH,396295000.0
2022-05-31,515120,SH,1876993600.0
2022-05-31,515130,SH,40463200.0
2022-05-31,515150,SH,619703200.0
2022-05-31,515160,SH,517955100.0
2022-05-31,515170,SH,5476757900.0
2022-05-31,515180,SH,1615637000.0
2022-05-31,515190,SH,55466100.0
2022-05-31,515200,SH,134943200.0
2022-05-31,515210,SH,1569226099.9999998
2022-05-31,515220,SH,1476588500.0
2022-05-31,515230,SH,305690900.0
2022-05-31,515250,SH,781944500.0
2022-05-31,515260,SH,587284200.0
2022-05-31,515280,SH,61218600.0
2022-05-31,515290,SH,7551892900.0
2022-05-31,515300,SH,78675200.0
2022-05-31,515310,SH,20611200.0
2022-05-31,515320,SH,262309000.0
2022-05-31,515330,SH,6227709500.0
2022-05-31,515350,SH,26099200.0
2022-05-31,515360,SH,28779300.0
2022-05-31,515380,SH,882999800.0
2022-05-31,515390,SH,426683000.0
2022-05-31,515400,SH,305631400.0
2022-05-31,515450,SH,206335000.0
2022-05-31,515500,SH,39404800.0
2022-05-31,515510,SH,10534000.0
2022-05-31,515520,SH,24066800.0
2022-05-31,515530,SH,14642700.0
2022-05-31,515550,SH,17345700.0
2022-05-31,515560,SH,560883300.0
2022-05-31,515570,SH,35443900.0
2022-05-31,515580,SH,530031400.0
2022-05-31,515590,SH,28113700.0
2022-05-31,515600,SH,1424797400.0
2022-05-31,515610,SH,35857400.0
2022-05-31,515630,SH,117717700.0
2022-05-31,515650,SH,1157184000.0
2022-05-31,515660,SH,104194200.0
2022-05-31,515670,SH,75322500.0
2022-05-31,515680,SH,1465264700.0
2022-05-31,515700,SH,2118510200.0
2022-05-31,515710,SH,1474099800.0
2022-05-31,515750,SH,518140500.0
2022-05-31,515760,SH,207388100.0
2022-05-31,515770,SH,96727300.0
2022-05-31,515780,SH,131785200.0
2022-05-31,515790,SH,11232494000.0
2022-05-31,515800,SH,1617437200.0
2022-05-31,515810,SH,80908800.0
2022-05-31,515820,SH,133026100.0
2022-05-31,515830,SH,1153100.0
2022-05-31,515850,SH,136791000.0
2022-05-31,515860,SH,181878900.0
2022-05-31,515870,SH,35498900.0
2022-05-31,515880,SH,1569462300.0
2022-05-31,515890,SH,201443900.0
2022-05-31,515900,SH,3608646500.0
2022-05-31,515910,SH,479507000.0
2022-05-31,515920,SH,325405700.0
2022-05-31,515930,SH,14874700.0
2022-05-31,515950,SH,301200600.0
2022-05-31,515960,SH,308991900.0
2022-05-31,515980,SH,352064500.0
2022-05-31,515990,SH,85350200.0
2022-05-31,516000,SH,69855000.0
2022-05-31,516010,SH,535693000.0
2022-05-31,516020,SH,412326200.0
2022-05-31,516050,SH,831228000.0
2022-05-31,516060,SH,137237400.0
2022-05-31,516070,SH,764646000.0
2022-05-31,516080,SH,357554800.00000006
2022-05-31,516090,SH,546844800.0
2022-05-31,516100,SH,72759700.0
2022-05-31,516110,SH,370623100.0
2022-05-31,516120,SH,269082000.0
2022-05-31,516130,SH,115890000.0
2022-05-31,516150,SH,1940577000.0
2022-05-31,516160,SH,2203804000.0
2022-05-31,516180,SH,116987000.0
2022-05-31,516190,SH,8318500.0
2022-05-31,516200,SH,26604000.0
2022-05-31,516210,SH,41531000.0
2022-05-31,516220,SH,195170000.0
2022-05-31,516260,SH,151882600.0
2022-05-31,516270,SH,188909000.0
2022-05-31,516290,SH,363196900.0
2022-05-31,516300,SH,51602200.0
2022-05-31,516310,SH,189858500.0
2022-05-31,516320,SH,62589300.0
2022-05-31,516330,SH,66071300.0
2022-05-31,516350,SH,176415300.0
2022-05-31,516360,SH,123551800.0
2022-05-31,516380,SH,143449300.0
2022-05-31,516390,SH,297261000.0
2022-05-31,516480,SH,24146100.0
2022-05-31,516500,SH,102937200.0
2022-05-31,516510,SH,277890000.0
2022-05-31,516520,SH,161765500.0
2022-05-31,516530,SH,103302300.0
2022-05-31,516550,SH,161414400.0
2022-05-31,516560,SH,87258000.0
2022-05-31,516570,SH,38357600.0
2022-05-31,516580,SH,158124100.0
2022-05-31,516590,SH,138015000.0
2022-05-31,516600,SH,173332100.0
2022-05-31,516610,SH,100974800.0
2022-05-31,516620,SH,34267500.0
2022-05-31,516630,SH,96156000.0
2022-05-31,516640,SH,792682800.0
2022-05-31,516650,SH,26464800.0
2022-05-31,516660,SH,363689000.0
2022-05-31,516670,SH,223266300.0
2022-05-31,516680,SH,29124100.0
2022-05-31,516690,SH,86743000.0
2022-05-31,516700,SH,30622000.0
2022-05-31,516710,SH,160272000.0
2022-05-31,516720,SH,87337800.0
2022-05-31,516730,SH,141880800.0
2022-05-31,516750,SH,76667300.0
2022-05-31,516760,SH,220215100.0
2022-05-31,516770,SH,135448000.0
2022-05-31,516780,SH,878549800.0
2022-05-31,516790,SH,194382200.0
2022-05-31,516800,SH,261154000.0
2022-05-31,516810,SH,229478900.0
2022-05-31,516820,SH,1350415200.0
2022-05-31,516830,SH,344676900.0
2022-05-31,516850,SH,62237000.0
2022-05-31,516860,SH,37522000.0
2022-05-31,516880,SH,859944100.0
2022-05-31,516890,SH,67311400.0
2022-05-31,516900,SH,40229000.0
2022-05-31,516910,SH,60641800.0
2022-05-31,516920,SH,519963000.0
2022-05-31,516930,SH,103139600.0
2022-05-31,516950,SH,1234821000.0
2022-05-31,516960,SH,79051100.0
2022-05-31,516970,SH,9993042500.0
2022-05-31,516980,SH,36516000.0
2022-05-31,517000,SH,762793000.0
2022-05-31,517010,SH,51144200.0
2022-05-31,517030,SH,45040300.0
2022-05-31,517050,SH,1045605000.0
2022-05-31,517060,SH,21767200.0
2022-05-31,517080,SH,733166000.0
2022-05-31,517090,SH,57075000.0
2022-05-31,517100,SH,521602100.0
2022-05-31,517110,SH,224098500.0
2022-05-31,517120,SH,534966400.0
2022-05-31,517160,SH,2304777500.0
2022-05-31,517170,SH,36131800.0
2022-05-31,517180,SH,34496300.0
2022-05-31,517200,SH,309782000.0
2022-05-31,517270,SH,44091600.0
2022-05-31,517280,SH,45552500.0
2022-05-31,517300,SH,3069434500.0
2022-05-31,517330,SH,2265169000.0
2022-05-31,517350,SH,191542000.0
2022-05-31,517360,SH,89583000.0
2022-05-31,517380,SH,298326300.0
2022-05-31,517390,SH,87112600.0
2022-05-31,517500,SH,16113000.0
2022-05-31,517550,SH,41417400.0
2022-05-31,517660,SH,42280700.0
2022-05-31,517760,SH,24552600.000000004
2022-05-31,517770,SH,43947800.0
2022-05-31,517780,SH,36451100.0
2022-05-31,517800,SH,66539700.0
2022-05-31,517850,SH,496185200.0
2022-05-31,517880,SH,59337100.0
2022-05-31,517900,SH,32993500.0
2022-05-31,517960,SH,212182000.0
2022-05-31,517990,SH,23987900.0
2022-05-31,518600,SH,33493600.0
2022-05-31,518660,SH,25352700.0
2022-05-31,518680,SH,34758000.0
2022-05-31,518800,SH,148319900.0
2022-05-31,518850,SH,36978700.0
2022-05-31,518860,SH,15759800.0
2022-05-31,518880,SH,2660140800.0
2022-05-31,518890,SH,18254800.0
2022-05-31,560000,SH,21022900.0
2022-05-31,560050,SH,11181934400.0
2022-05-31,560100,SH,169080300.0
2022-05-31,560500,SH,143339000.0
2022-05-31,560560,SH,220190100.0
2022-05-31,560600,SH,10705800.0
2022-05-31,560660,SH,220969000.0
2022-05-31,560800,SH,791951100.0
2022-05-31,560880,SH,799732000.0
2022-05-31,561100,SH,209746900.0
2022-05-31,561120,SH,151159900.0
2022-05-31,561130,SH,295935200.0
2022-05-31,561300,SH,1780965000.0
2022-05-31,561310,SH,132916600.0
2022-05-31,561350,SH,205700000.0
2022-05-31,561500,SH,156600300.0
2022-05-31,561550,SH,1073989600.0
2022-05-31,561560,SH,77624200.0
2022-05-31,561600,SH,48274000.0
2022-05-31,561800,SH,139077200.0
2022-05-31,561900,SH,86334400.0
2022-05-31,561910,SH,273076600.0
2022-05-31,561990,SH,466649200.0
2022-05-31,562300,SH,301495000.0
2022-05-31,562360,SH,81474000.0
2022-05-31,562500,SH,151187300.0
2022-05-31,562510,SH,210595000.0
2022-05-31,562520,SH,88568000.0
2022-05-31,562800,SH,749695000.0
2022-05-31,562880,SH,263899600.0
2022-05-31,562900,SH,62706300.0
2022-05-31,562910,SH,52227299.99999999
2022-05-31,562950,SH,114258300.0
2022-05-31,563000,SH,9908451100.0
2022-05-31,588000,SH,23347168200.0
2022-05-31,588050,SH,3731241300.0
2022-05-31,588060,SH,381140000.0
2022-05-31,588080,SH,10180628100.0
2022-05-31,588090,SH,2659072800.0000005
2022-05-31,588100,SH,630748700.0
2022-05-31,588150,SH,135432600.0
2022-05-31,588180,SH,2215353700.0
2022-05-31,588260,SH,289746000.0
2022-05-31,588280,SH,208121000.0
2022-05-31,588300,SH,2482210500.0
2022-05-31,588310,SH,94437500.0
2022-05-31,588330,SH,1799737800.0
2022-05-31,588360,SH,865881799.9999999
2022-05-31,588380,SH,2909770000.0
2022-05-31,588390,SH,485935900.0
2022-05-31,588400,SH,2928600600.0
2022-06-30,510010,SH,166524400.0
2022-06-30,510020,SH,35148000.0
2022-06-30,510030,SH,149229800.0
2022-06-30,510050,SH,17285166800.0
2022-06-30,510060,SH,40959200.0
2022-06-30,510090,SH,32081100.0
2022-06-30,510100,SH,636234300.0
2022-06-30,510110,SH,5716799.999999999
2022-06-30,510120,SH,3892400.0
2022-06-30,510130,SH,41085100.0
2022-06-30,510150,SH,1469178599.9999998
2022-06-30,510160,SH,356057400.0
2022-06-30,510170,SH,60728700.0
2022-06-30,510180,SH,5552057700.0
2022-06-30,510190,SH,14650800.0
2022-06-30,510200,SH,74385500.0
2022-06-30,510210,SH,755692600.0
2022-06-30,510220,SH,4729200.0
2022-06-30,510230,SH,3698808000.0
2022-06-30,510270,SH,8832100.0
2022-06-30,510290,SH,82448900.0
2022-06-30,510300,SH,10797787700.0
2022-06-30,510310,SH,5332307400.0
2022-06-30,510330,SH,5122149800.0
2022-06-30,510350,SH,691314700.0
2022-06-30,510360,SH,1046381200.0
2022-06-30,510370,SH,12258100.0
2022-06-30,510380,SH,1230802400.0
2022-06-30,510390,SH,141950000.0
2022-06-30,510410,SH,422258400.0
2022-06-30,510440,SH,20058300.0
2022-06-30,510500,SH,5767767200.0
2022-06-30,510510,SH,1457038299.9999998
2022-06-30,510530,SH,41479399.99999999
2022-06-30,510550,SH,13743300.0
2022-06-30,510560,SH,174318700.0
2022-06-30,510570,SH,10560600.0
2022-06-30,510580,SH,2620965200.0
2022-06-30,510590,SH,89986100.0
2022-06-30,510600,SH,15115100.0
2022-06-30,510630,SH,308361500.0
2022-06-30,510650,SH,31952500.0
2022-06-30,510660,SH,37379700.0
2022-06-30,510680,SH,8224700.0
2022-06-30,510710,SH,152318900.0
2022-06-30,510760,SH,215503700.0
2022-06-30,510770,SH,35110700.0
2022-06-30,510800,SH,424576000.0
2022-06-30,510810,SH,8286093700.0
2022-06-30,510850,SH,101898900.0
2022-06-30,510880,SH,6024175699.999999
2022-06-30,510900,SH,11939021900.0
2022-06-30,510990,SH,82948600.0
2022-06-30,511010,SH,6306300.0
2022-06-30,511020,SH,11171700.0
2022-06-30,511030,SH,508907100.0
2022-06-30,511060,SH,5476300.0
2022-06-30,511180,SH,11259700.0
2022-06-30,511220,SH,12728100.0
2022-06-30,511260,SH,6336500.0
2022-06-30,511270,SH,6557500.0
2022-06-30,511310,SH,253000.0
2022-06-30,511360,SH,140814600.0
2022-06-30,511380,SH,64386700.0
2022-06-30,512000,SH,24476717700.0
2022-06-30,512010,SH,16769694900.0
2022-06-30,512040,SH,189857900.0
2022-06-30,512070,SH,5664479700.0
2022-06-30,512090,SH,295592300.0
2022-06-30,512100,SH,2582892000.0
2022-06-30,512120,SH,406241900.0
2022-06-30,512150,SH,45073400.0
2022-06-30,512160,SH,355777800.0
2022-06-30,512170,SH,25138820500.0
2022-06-30,512180,SH,98048000.0
2022-06-30,512190,SH,31418400.0
2022-06-30,512200,SH,9318876000.0
2022-06-30,512220,SH,182967600.0
2022-06-30,512260,SH,79697700.0
2022-06-30,512280,SH,62005700.0
2022-06-30,512290,SH,2761820700.0
2022-06-30,512320,SH,35040800.0
2022-06-30,512330,SH,529188000.0
2022-06-30,512360,SH,54337700.00000001
2022-06-30,512380,SH,141805600.0
2022-06-30,512390,SH,231682000.0
2022-06-30,512400,SH,2723539000.0
2022-06-30,512480,SH,10819003600.000002
2022-06-30,512500,SH,1220008800.0
2022-06-30,512510,SH,320929800.0
2022-06-30,512520,SH,528056400.0
2022-06-30,512530,SH,40502000.0
2022-06-30,512550,SH,196906000.0
2022-06-30,512560,SH,953127000.0
2022-06-30,512570,SH,207806100.0
2022-06-30,512580,SH,1427071700.0000002
2022-06-30,512590,SH,28503400.0
2022-06-30,512600,SH,737956100.0
2022-06-30,512610,SH,7640599.999999999
2022-06-30,512640,SH,43740900.0
2022-06-30,512650,SH,460941600.00000006
2022-06-30,512660,SH,10156080000.0
2022-06-30,512670,SH,2677652600.0
2022-06-30,512680,SH,2692130100.0
2022-06-30,512690,SH,9944950200.0
2022-06-30,512700,SH,2288581000.0
2022-06-30,512710,SH,5669658400.0
2022-06-30,512720,SH,804453400.0
2022-06-30,512730,SH,165583900.0
2022-06-30,512750,SH,120354900.0
2022-06-30,512760,SH,10772322800.0
2022-06-30,512770,SH,177767800.0
2022-06-30,512780,SH,13086500.0
2022-06-30,512800,SH,9275240000.0
2022-06-30,512810,SH,361791700.0
2022-06-30,512820,SH,413201900.0
2022-06-30,512870,SH,32410600.0
2022-06-30,512880,SH,33500291500.0
2022-06-30,512890,SH,305110800.0
2022-06-30,512900,SH,8268406000.0
2022-06-30,512910,SH,291628800.0
2022-06-30,512920,SH,7092600.0
2022-06-30,512930,SH,187130300.0
2022-06-30,512950,SH,4262551000.0
2022-06-30,512960,SH,4576257300.0
2022-06-30,512970,SH,286987600.0
2022-06-30,512980,SH,7700924399.999999
2022-06-30,512990,SH,185015400.0
2022-06-30,513000,SH,63411400.0
2022-06-30,513010,SH,5012307000.0
2022-06-30,513020,SH,185145400.0
2022-06-30,513030,SH,706279000.0
2022-06-30,513050,SH,35504432700.0
2022-06-30,513060,SH,10235393300.0
2022-06-30,513070,SH,51760800.0
2022-06-30,513080,SH,52916000.0
2022-06-30,513090,SH,1150488000.0
2022-06-30,513100,SH,5305110600.000001
2022-06-30,513130,SH,11140347000.0
2022-06-30,513150,SH,141559800.0
2022-06-30,513160,SH,68189300.0
2022-06-30,513180,SH,19851759500.0
2022-06-30,513200,SH,90282100.0
2022-06-30,513230,SH,67422700.0
2022-06-30,513300,SH,962171000.0
2022-06-30,513320,SH,114010600.0
2022-06-30,513330,SH,52643480000.0
2022-06-30,513360,SH,1690213900.0000002
2022-06-30,513380,SH,11392500.0
2022-06-30,513500,SH,5240638600.0
2022-06-30,513520,SH,76887200.0
2022-06-30,513530,SH,52438700.0
2022-06-30,513550,SH,4400992000.0
2022-06-30,513580,SH,895118000.0
2022-06-30,513590,SH,48918900.0
2022-06-30,513600,SH,263829500.0
2022-06-30,513660,SH,984000100.0
2022-06-30,513680,SH,27746700.0
2022-06-30,513690,SH,449979900.0
2022-06-30,513700,SH,600846000.0
2022-06-30,513770,SH,416568900.0
2022-06-30,513800,SH,50244399.99999999
2022-06-30,513860,SH,785470600.0
2022-06-30,513880,SH,60470000.0
2022-06-30,513890,SH,227128000.0
2022-06-30,513900,SH,202978000.0
2022-06-30,513960,SH,20932300.0
2022-06-30,513980,SH,2053204000.0
2022-06-30,513990,SH,73000000.0
2022-06-30,515000,SH,2746289699.9999995
2022-06-30,515010,SH,929271600.0
2022-06-30,515020,SH,537345300.0
2022-06-30,515030,SH,5208384000.0
2022-06-30,515050,SH,10303068500.0
2022-06-30,515060,SH,576478100.0
2022-06-30,515070,SH,721970200.0
2022-06-30,515080,SH,642148900.0
2022-06-30,515090,SH,123801700.0
2022-06-30,515100,SH,93941500.0
2022-06-30,515110,SH,397295000.0
2022-06-30,515120,SH,1809993600.0
2022-06-30,515130,SH,43463200.0
2022-06-30,515150,SH,621703200.0
2022-06-30,515160,SH,519955100.0
2022-06-30,515170,SH,5079257900.0
2022-06-30,515180,SH,1508637000.0
2022-06-30,515190,SH,53466100.0
2022-06-30,515200,SH,130943200.0
2022-06-30,515210,SH,1291226100.0
2022-06-30,515220,SH,2012588500.0
2022-06-30,515230,SH,307690900.0
2022-06-30,515250,SH,849944500.0
2022-06-30,515260,SH,645284200.0
2022-06-30,515280,SH,63618600.0
2022-06-30,515290,SH,7301732900.0
2022-06-30,515300,SH,79675200.0
2022-06-30,515310,SH,20611200.0
2022-06-30,515320,SH,298309000.0
2022-06-30,515330,SH,5762709500.0
2022-06-30,515350,SH,24299200.0
2022-06-30,515360,SH,27779300.0
2022-06-30,515380,SH,893799800.0
2022-06-30,515390,SH,574683000.0
2022-06-30,515400,SH,302631400.0
2022-06-30,515450,SH,194335000.0
2022-06-30,515500,SH,36404800.0
2022-06-30,515510,SH,10534000.0
2022-06-30,515520,SH,23266800.0
2022-06-30,515530,SH,14642700.0
2022-06-30,515550,SH,19345700.0
2022-06-30,515560,SH,493883300.0
2022-06-30,515570,SH,39443900.0
2022-06-30,515580,SH,714031400.0
2022-06-30,515590,SH,30113700.0
2022-06-30,515600,SH,1403797400.0
2022-06-30,515610,SH,38857400.0
2022-06-30,515630,SH,118217700.0
2022-06-30,515650,SH,1251184000.0
2022-06-30,515660,SH,133894200.0
2022-06-30,515670,SH,76822500.0
2022-06-30,515680,SH,1317264700.0
2022-06-30,515700,SH,2507510200.0
2022-06-30,515710,SH,1372099800.0
2022-06-30,515750,SH,497140500.0
2022-06-30,515760,SH,209388100.0
2022-06-30,515770,SH,90727300.0
2022-06-30,515780,SH,143785200.0
2022-06-30,515790,SH,9590494000.0
2022-06-30,515800,SH,1653437200.0
2022-06-30,515810,SH,83908799.99999999
2022-06-30,515820,SH,136526100.0
2022-06-30,515850,SH,127291000.0
2022-06-30,515860,SH,187878900.0
2022-06-30,515870,SH,34498900.0
2022-06-30,515880,SH,1535462300.0
2022-06-30,515890,SH,205443900.0
2022-06-30,515900,SH,3355646500.0
2022-06-30,515910,SH,446507000.0
2022-06-30,515920,SH,323905700.0
2022-06-30,515930,SH,13074700.0
2022-06-30,515950,SH,357200600.0
2022-06-30,515960,SH,316991900.0
2022-06-30,515980,SH,359064500.0
2022-06-30,515990,SH,84350200.0
2022-06-30,516000,SH,65855000.0
2022-06-30,516010,SH,563693000.0
2022-06-30,516020,SH,355826200.0
2022-06-30,516050,SH,848228000.0
2022-06-30,516060,SH,138237400.0
2022-06-30,516070,SH,655646000.0
2022-06-30,516080,SH,352554800.00000006
2022-06-30,516090,SH,530844800.00000006
2022-06-30,516100,SH,71759700.0
2022-06-30,516110,SH,718623100.0
2022-06-30,516120,SH,263082000.0
2022-06-30,516130,SH,115890000.0
2022-06-30,516150,SH,2031077000.0
2022-06-30,516160,SH,2107804000.0
2022-06-30,516180,SH,104987000.0
2022-06-30,516190,SH,9818500.0
2022-06-30,516200,SH,23604000.0
2022-06-30,516210,SH,42431000.0
2022-06-30,516220,SH,192170000.0
2022-06-30,516260,SH,153882600.0
2022-06-30,516270,SH,158909000.0
2022-06-30,516290,SH,305196900.0
2022-06-30,516300,SH,63602200.0
2022-06-30,516310,SH,192258500.0
2022-06-30,516320,SH,56589300.0
2022-06-30,516330,SH,68471300.0
2022-06-30,516350,SH,187415300.0
2022-06-30,516360,SH,119551800.0
2022-06-30,516380,SH,150449300.0
2022-06-30,516390,SH,287261000.0
2022-06-30,516480,SH,20146100.0
2022-06-30,516500,SH,123937200.0
2022-06-30,516510,SH,260890000.0
2022-06-30,516520,SH,161765500.0
2022-06-30,516530,SH,104302300.0
2022-06-30,516550,SH,122414400.0
2022-06-30,516560,SH,83258000.0
2022-06-30,516570,SH,33357600.000000004
2022-06-30,516580,SH,131124100.0
2022-06-30,516590,SH,131015000.0
2022-06-30,516600,SH,176332100.0
2022-06-30,516610,SH,100974800.0
2022-06-30,516620,SH,45267500.0
2022-06-30,516630,SH,95156000.0
2022-06-30,516640,SH,912682800.0
2022-06-30,516650,SH,24464800.0
2022-06-30,516660,SH,348689000.0
2022-06-30,516670,SH,378266300.0
2022-06-30,516680,SH,28624100.0
2022-06-30,516690,SH,86243000.0
2022-06-30,516700,SH,30622000.0
2022-06-30,516710,SH,156272000.0
2022-06-30,516720,SH,70837800.0
2022-06-30,516730,SH,110380800.0
2022-06-30,516750,SH,72167300.0
2022-06-30,516760,SH,241215100.0
2022-06-30,516770,SH,141448000.0
2022-06-30,516780,SH,854549800.0
2022-06-30,516790,SH,194382200.0
2022-06-30,516800,SH,253154000.0
2022-06-30,516810,SH,214478900.0
2022-06-30,516820,SH,1277415200.0
2022-06-30,516830,SH,334676900.0
2022-06-30,516850,SH,56237000.0
2022-06-30,516860,SH,40522000.0
2022-06-30,516880,SH,811944100.0
2022-06-30,516890,SH,56311400.0
2022-06-30,516900,SH,37229000.0
2022-06-30,516910,SH,61641800.0
2022-06-30,516920,SH,527463000.0
2022-06-30,516930,SH,100139600.0
2022-06-30,516950,SH,1450821000.0
2022-06-30,516960,SH,78051100.0
2022-06-30,516970,SH,9363042500.0
2022-06-30,516980,SH,32516000.0
2022-06-30,517000,SH,752793000.0
2022-06-30,517010,SH,48144200.0
2022-06-30,517030,SH,45040300.0
2022-06-30,517050,SH,1003605000.0
2022-06-30,517060,SH,21767200.0
2022-06-30,517080,SH,717166000.0
2022-06-30,517090,SH,58075000.0
2022-06-30,517100,SH,508102100.0
2022-06-30,517110,SH,227098500.0
2022-06-30,517120,SH,520966400.0
2022-06-30,517160,SH,2302777500.0
2022-06-30,517170,SH,41131800.0
2022-06-30,517180,SH,34496300.0
2022-06-30,517200,SH,296782000.0
2022-06-30,517270,SH,41091600.0
2022-06-30,517280,SH,45552500.0
2022-06-30,517300,SH,3030434500.0
2022-06-30,517330,SH,2239169000.0
2022-06-30,517350,SH,185542000.0
2022-06-30,517360,SH,89583000.0
2022-06-30,517380,SH,294326300.0
2022-06-30,517390,SH,87112600.0
2022-06-30,517500,SH,18113000.0
2022-06-30,517550,SH,32417400.0
2022-06-30,517660,SH,41080700.0
2022-06-30,517760,SH,12552600.0
2022-06-30,517770,SH,49947800.0
2022-06-30,517780,SH,24451100.0
2022-06-30,517800,SH,66539700.0
2022-06-30,517850,SH,334185199.99999994
2022-06-30,517880,SH,57337100.0
2022-06-30,517900,SH,32993500.0
2022-06-30,517960,SH,212182000.0
2022-06-30,517990,SH,8987900.0
2022-06-30,518600,SH,34693600.0
2022-06-30,518660,SH,26852700.0
2022-06-30,518680,SH,37758000.0
2022-06-30,518800,SH,191519900.00000003
2022-06-30,518850,SH,36978700.0
2022-06-30,518860,SH,13959800.0
2022-06-30,518880,SH,2625340800.0
2022-06-30,518890,SH,17654800.0
2022-06-30,560000,SH,22022900.0
2022-06-30,560050,SH,9635934400.0
2022-06-30,560100,SH,146580300.0
2022-06-30,560500,SH,116339000.0
2022-06-30,560560,SH,167190099.99999997
2022-06-30,560600,SH,8705800.0
2022-06-30,560650,SH,90419200.0
2022-06-30,560660,SH,213969000.0
2022-06-30,560800,SH,739951100.0
2022-06-30,560880,SH,1087732000.0
2022-06-30,560900,SH,209969100.0
2022-06-30,560990,SH,161687100.0
2022-06-30,561100,SH,216746900.0
2022-06-30,561120,SH,161659900.0
2022-06-30,561130,SH,261935200.0
2022-06-30,561300,SH,1729965000.0
2022-06-30,561310,SH,144916600.0
2022-06-30,561350,SH,229700000.0
2022-06-30,561500,SH,155100300.0
2022-06-30,561550,SH,1066489600.0
2022-06-30,561560,SH,69124200.0
2022-06-30,561600,SH,33274000.0
2022-06-30,561800,SH,97077200.0
2022-06-30,561900,SH,83334400.0
2022-06-30,561910,SH,259076600.0
2022-06-30,561990,SH,471149200.0
2022-06-30,562300,SH,211495000.0
2022-06-30,562360,SH,85474000.0
2022-06-30,562500,SH,160187300.0
2022-06-30,562510,SH,295095000.0
2022-06-30,562520,SH,40568000.0
2022-06-30,562800,SH,881095000.0
2022-06-30,562880,SH,226399600.0
2022-06-30,562900,SH,61706300.0
2022-06-30,562910,SH,59227299.99999999
2022-06-30,562950,SH,109258300.0
2022-06-30,563000,SH,8483451100.0
2022-06-30,588000,SH,24454168200.0
2022-06-30,588050,SH,3889241300.0
2022-06-30,588060,SH,437140000.0
2022-06-30,588080,SH,11209628100.0
2022-06-30,588090,SH,2796872800.0000005
2022-06-30,588100,SH,420748700.0
2022-06-30,588150,SH,140432600.0
2022-06-30,588180,SH,2229353700.0
2022-06-30,588260,SH,142746000.0
2022-06-30,588280,SH,212121000.0
2022-06-30,588300,SH,2320210500.0
2022-06-30,588310,SH,87837500.0
2022-06-30,588330,SH,1713737800.0
2022-06-30,588360,SH,784681799.9999999
2022-06-30,588380,SH,2771770000.0
2022-06-30,588390,SH,458935900.0
2022-06-30,588400,SH,2778600600.0
2022-08-31,510010,SH,163524400.0
2022-08-31,510020,SH,35348000.0
2022-08-31,510030,SH,148229800.0
2022-08-31,510050,SH,18070866800.0
2022-08-31,510060,SH,40959200.0
2022-08-31,510090,SH,32081100.0
2022-08-31,510100,SH,751234299.9999999
2022-08-31,510110,SH,5716799.999999999
2022-08-31,510120,SH,4192400.0
2022-08-31,510130,SH,41085100.0
2022-08-31,510150,SH,1707178599.9999998
2022-08-31,510160,SH,356057400.0
2022-08-31,510170,SH,220914800.0
2022-08-31,510180,SH,5572057700.0
2022-08-31,510190,SH,14650800.0
2022-08-31,510200,SH,74385500.0
2022-08-31,510210,SH,798192600.0
2022-08-31,510220,SH,4729200.0
2022-08-31,510230,SH,3614808000.0
2022-08-31,510270,SH,7832100.0
2022-08-31,510290,SH,80448900.0
2022-08-31,510300,SH,10858087700.0
2022-08-31,510310,SH,5578307400.0
2022-08-31,510330,SH,4969149800.0
2022-08-31,510350,SH,640014700.0
2022-08-31,510360,SH,1070381200.0
2022-08-31,510370,SH,12258100.0
2022-08-31,510380,SH,1089802400.0
2022-08-31,510390,SH,128450000.0
2022-08-31,510410,SH,409258400.0
2022-08-31,510440,SH,20058300.0
2022-08-31,510500,SH,6131368600.0
2022-08-31,510510,SH,1371038299.9999998
2022-08-31,510530,SH,42479399.99999999
2022-08-31,510550,SH,13743300.0
2022-08-31,510560,SH,174318700.0
2022-08-31,510570,SH,10560600.0
2022-08-31,510580,SH,2686965200.0
2022-08-31,510590,SH,89186100.0
2022-08-31,510600,SH,14215100.0
2022-08-31,510630,SH,355361500.0
2022-08-31,510650,SH,29952500.0
2022-08-31,510660,SH,39379700.0
2022-08-31,510680,SH,10324700.0
2022-08-31,510710,SH,155018900.0
2022-08-31,510760,SH,215503700.0
2022-08-31,510770,SH,29110700.0
2022-08-31,510800,SH,463576000.0
2022-08-31,510810,SH,8310093700.0
2022-08-31,510850,SH,77298900.0
2022-08-31,510880,SH,5110675700.0
2022-08-31,510900,SH,11067021900.0
2022-08-31,510990,SH,64948600.0
2022-08-31,511010,SH,5316300.0
2022-08-31,511020,SH,11291700.0
2022-08-31,511030,SH,509907100.0
2022-08-31,511060,SH,5476300.0
2022-08-31,511180,SH,10959700.0
2022-08-31,511220,SH,14258100.0
2022-08-31,511260,SH,4726500.0
2022-08-31,511270,SH,6557500.0
2022-08-31,511310,SH,233000.0
2022-08-31,511360,SH,167524600.0
2022-08-31,511380,SH,91386700.0
2022-08-31,512000,SH,25773617700.0
2022-08-31,512010,SH,22547694900.000004
2022-08-31,512040,SH,165857900.0
2022-08-31,512070,SH,5833479700.0
2022-08-31,512090,SH,311592300.0
2022-08-31,512100,SH,10806292000.0
2022-08-31,512120,SH,525241900.0
2022-08-31,512150,SH,46073400.0
2022-08-31,512160,SH,337777800.0
2022-08-31,512170,SH,31113820500.0
2022-08-31,512180,SH,96048000.0
2022-08-31,512190,SH,29318400.0
2022-08-31,512200,SH,6799376000.0
2022-08-31,512220,SH,187467600.0
2022-08-31,512260,SH,78097700.0
2022-08-31,512280,SH,58005700.0
2022-08-31,512290,SH,3602820700.0
2022-08-31,512320,SH,35040800.0
2022-08-31,512330,SH,526188000.0
2022-08-31,512360,SH,57337700.00000001
2022-08-31,512380,SH,147805600.0
2022-08-31,512390,SH,231682000.0
2022-08-31,512400,SH,2477039000.0
2022-08-31,512480,SH,14413003600.000002
2022-08-31,512500,SH,1155208800.0
2022-08-31,512510,SH,322429800.0
2022-08-31,512520,SH,507056400.0
2022-08-31,512530,SH,41502000.0
2022-08-31,512550,SH,198906000.0
2022-08-31,512560,SH,969127000.0
2022-08-31,512570,SH,230806100.0
2022-08-31,512580,SH,1296271700.0
2022-08-31,512590,SH,25503400.0
2022-08-31,512600,SH,749656100.0
2022-08-31,512610,SH,8140599.999999999
2022-08-31,512640,SH,40240900.0
2022-08-31,512650,SH,460941600.00000006
2022-08-31,512660,SH,10408080000.0
2022-08-31,512670,SH,2649652600.0
2022-08-31,512680,SH,2936930100.0
2022-08-31,512690,SH,12182350200.0
2022-08-31,512700,SH,2262081000.0
2022-08-31,512710,SH,5753658400.0
2022-08-31,512720,SH,880453400.0
2022-08-31,512730,SH,166083900.0
2022-08-31,512750,SH,123054900.0
2022-08-31,512760,SH,11582322800.0
2022-08-31,512770,SH,174767800.0
2022-08-31,512780,SH,14086500.0
2022-08-31,512800,SH,8860340000.0
2022-08-31,512810,SH,345791700.0
2022-08-31,512820,SH,488501900.0
2022-08-31,512870,SH,32410600.0
2022-08-31,512880,SH,33597291500.0
2022-08-31,512890,SH,298110800.0
2022-08-31,512900,SH,9075406000.0
2022-08-31,512910,SH,323128800.0
2022-08-31,512920,SH,7092600.0
2022-08-31,512930,SH,189130300.0
2022-08-31,512950,SH,4251551000.0
2022-08-31,512960,SH,4577257300.0
2022-08-31,512970,SH,113987600.0
2022-08-31,512980,SH,7868924399.999999
2022-08-31,512990,SH,185015400.0
2022-08-31,513000,SH,58411400.0
2022-08-31,513010,SH,5261307000.0
2022-08-31,513020,SH,242145400.0
2022-08-31,513030,SH,659279000.0
2022-08-31,513050,SH,35545432700.0
2022-08-31,513060,SH,9342893300.0
2022-08-31,513070,SH,51760800.0
2022-08-31,513080,SH,53416000.0
2022-08-31,513090,SH,1076988000.0
2022-08-31,513100,SH,5693110600.000001
2022-08-31,513120,SH,118635400.0
2022-08-31,513130,SH,11566347000.0
2022-08-31,513150,SH,181559800.0
2022-08-31,513160,SH,66189300.0
2022-08-31,513180,SH,21023759500.0
2022-08-31,513200,SH,100282100.0
2022-08-31,513220,SH,129109400.0
2022-08-31,513230,SH,67422700.0
2022-08-31,513280,SH,194114500.0
2022-08-31,513290,SH,169072100.0
2022-08-31,513300,SH,1070171000.0
2022-08-31,513320,SH,76010600.0
2022-08-31,513330,SH,51191480000.0
2022-08-31,513360,SH,1306213900.0
2022-08-31,513380,SH,34392500.0
2022-08-31,513500,SH,5671638600.0
2022-08-31,513520,SH,56887200.0
2022-08-31,513530,SH,74438700.0
2022-08-31,513550,SH,3412992000.0
2022-08-31,513580,SH,1208118000.0
2022-08-31,513590,SH,49218900.0
2022-08-31,513600,SH,270829500.0
2022-08-31,513660,SH,970000100.0
2022-08-31,513680,SH,27746700.0
2022-08-31,513690,SH,448479900.0
2022-08-31,513700,SH,634846000.0
2022-08-31,513770,SH,507068900.0
2022-08-31,513800,SH,51444399.99999999
2022-08-31,513860,SH,810470600.0
2022-08-31,513880,SH,51470000.0
2022-08-31,513890,SH,251128000.0
2022-08-31,513900,SH,220978000.0
2022-08-31,513960,SH,53932299.99999999
2022-08-31,513980,SH,2913204000.0
2022-08-31,513990,SH,73000000.0
2022-08-31,515000,SH,2760289699.9999995
2022-08-31,515010,SH,913771600.0
2022-08-31,515020,SH,612845300.0
2022-08-31,515030,SH,5086384000.0
2022-08-31,515050,SH,10207068500.0
2022-08-31,515060,SH,481478100.0
2022-08-31,515070,SH,763970200.0
2022-08-31,515080,SH,592148900.0
2022-08-31,515090,SH,122801700.0
2022-08-31,515100,SH,113441500.0
2022-08-31,515110,SH,333295000.0
2022-08-31,515120,SH,2373993600.0
2022-08-31,515130,SH,49463200.0
2022-08-31,515150,SH,547703200.0
2022-08-31,515160,SH,515955100.0
2022-08-31,515170,SH,4831757900.0
2022-08-31,515180,SH,1355637000.0
2022-08-31,515190,SH,53466100.0
2022-08-31,515200,SH,126943200.0
2022-08-31,515210,SH,1102226100.0
2022-08-31,515220,SH,1636088500.0
2022-08-31,515230,SH,381690900.0
2022-08-31,515250,SH,875944500.0
2022-08-31,515260,SH,668284200.0
2022-08-31,515280,SH,67518600.0
2022-08-31,515290,SH,7756292900.0
2022-08-31,515300,SH,82675200.0
2022-08-31,515310,SH,24111200.0
2022-08-31,515320,SH,300309000.0
2022-08-31,515330,SH,5804709500.0
2022-08-31,515350,SH,27899200.0
2022-08-31,515360,SH,23779300.0
2022-08-31,515380,SH,873099800.0
2022-08-31,515390,SH,330683000.0
2022-08-31,515400,SH,300631400.0
2022-08-31,515450,SH,186335000.0
2022-08-31,515500,SH,33404800.0
2022-08-31,515510,SH,9534000.0
2022-08-31,515520,SH,23666800.0
2022-08-31,515530,SH,20242700.0
2022-08-31,515550,SH,27345700.0
2022-08-31,515560,SH,514883300.0
2022-08-31,515570,SH,38443900.0
2022-08-31,515580,SH,708031400.0
2022-08-31,515590,SH,28113700.0
2022-08-31,515600,SH,1340797400.0
2022-08-31,515610,SH,35857400.0
2022-08-31,515630,SH,121217700.0
2022-08-31,515650,SH,1353184000.0
2022-08-31,515660,SH,479494200.0
2022-08-31,515670,SH,100822500.0
2022-08-31,515680,SH,1316264700.0
2022-08-31,515700,SH,2348510200.0
2022-08-31,515710,SH,1306099800.0
2022-08-31,515750,SH,500140500.0
2022-08-31,515760,SH,205888100.0
2022-08-31,515770,SH,90727300.0
2022-08-31,515780,SH,137785200.0
2022-08-31,515790,SH,8116494000.0
2022-08-31,515800,SH,1781437200.0
2022-08-31,515810,SH,83908799.99999999
2022-08-31,515820,SH,14026099.999999998
2022-08-31,515850,SH,169791000.0
2022-08-31,515860,SH,190878900.0
2022-08-31,515870,SH,34498900.0
2022-08-31,515880,SH,1453462300.0
2022-08-31,515890,SH,216443900.0
2022-08-31,515900,SH,3294646500.0
2022-08-31,515910,SH,467507000.0
2022-08-31,515920,SH,319405700.0
2022-08-31,515930,SH,12174700.0
2022-08-31,515950,SH,398200600.0
2022-08-31,515960,SH,332991900.0
2022-08-31,515980,SH,396064500.0
2022-08-31,515990,SH,82350200.0
2022-08-31,516000,SH,72855000.0
2022-08-31,516010,SH,518693000.0
2022-08-31,516020,SH,337826200.0
2022-08-31,516050,SH,853228000.0
2022-08-31,516060,SH,162237400.0
2022-08-31,516070,SH,561646000.0
2022-08-31,516080,SH,382554800.00000006
2022-08-31,516090,SH,536844800.00000006
2022-08-31,516100,SH,77759700.0
2022-08-31,516110,SH,718623100.0
2022-08-31,516120,SH,248082000.0
2022-08-31,516130,SH,109890000.0
2022-08-31,516150,SH,1679577000.0
2022-08-31,516160,SH,1981804000.0
2022-08-31,516180,SH,78987000.0
2022-08-31,516190,SH,18218500.0
2022-08-31,516200,SH,22604000.0
2022-08-31,516210,SH,45431000.0
2022-08-31,516220,SH,189170000.0
2022-08-31,516260,SH,153882600.0
2022-08-31,516270,SH,155909000.0
2022-08-31,516290,SH,269196900.0
2022-08-31,516300,SH,184102200.0
2022-08-31,516310,SH,202158500.0
2022-08-31,516320,SH,56589300.0
2022-08-31,516330,SH,64871300.0
2022-08-31,516350,SH,202415300.0
2022-08-31,516360,SH,116551800.0
2022-08-31,516380,SH,157449300.0
2022-08-31,516390,SH,330261000.0
2022-08-31,516480,SH,20146100.0
2022-08-31,516500,SH,116937200.0
2022-08-31,516510,SH,256890000.0
2022-08-31,516520,SH,177765500.0
2022-08-31,516530,SH,99302300.0
2022-08-31,516550,SH,121414400.0
2022-08-31,516560,SH,92758000.0
2022-08-31,516570,SH,36357600.0
2022-08-31,516580,SH,120124100.0
2022-08-31,516590,SH,127015000.0
2022-08-31,516600,SH,179332100.0
2022-08-31,516610,SH,114974800.0
2022-08-31,516620,SH,102267500.0
2022-08-31,516630,SH,98156000.0
2022-08-31,516640,SH,1074182800.0
2022-08-31,516650,SH,27464800.0
2022-08-31,516660,SH,334689000.0
2022-08-31,516670,SH,448266300.0
2022-08-31,516680,SH,26124100.0
2022-08-31,516690,SH,86243000.0
2022-08-31,516700,SH,32122000.0
2022-08-31,516710,SH,166272000.0
2022-08-31,516720,SH,69337800.0
2022-08-31,516730,SH,87380800.0
2022-08-31,516750,SH,84167300.0
2022-08-31,516760,SH,184215100.0
2022-08-31,516770,SH,135448000.0
2022-08-31,516780,SH,739549800.0
2022-08-31,516790,SH,213882200.0
2022-08-31,516800,SH,243154000.0
2022-08-31,516810,SH,197478900.0
2022-08-31,516820,SH,1554415200.0
2022-08-31,516830,SH,324676900.0
2022-08-31,516850,SH,45237000.0
2022-08-31,516860,SH,51522000.0
2022-08-31,516880,SH,701944100.0
2022-08-31,516890,SH,52311400.0
2022-08-31,516900,SH,44729000.0
2022-08-31,516910,SH,66141800.0
2022-08-31,516920,SH,558963000.0
2022-08-31,516930,SH,95639600.0
2022-08-31,516950,SH,1283821000.0
2022-08-31,516960,SH,80051100.0
2022-08-31,516970,SH,8653042500.0
2022-08-31,516980,SH,34516000.0
2022-08-31,517000,SH,727793000.0
2022-08-31,517010,SH,54144200.0
2022-08-31,517030,SH,42040300.0
2022-08-31,517050,SH,1009605000.0
2022-08-31,517060,SH,21767200.0
2022-08-31,517080,SH,709166000.0
2022-08-31,517090,SH,59075000.0
2022-08-31,517100,SH,503602100.0
2022-08-31,517110,SH,238098500.0
2022-08-31,517120,SH,520966400.0
2022-08-31,517160,SH,2274777500.0
2022-08-31,517170,SH,41131800.0
2022-08-31,517180,SH,32496300.0
2022-08-31,517200,SH,298782000.0
2022-08-31,517270,SH,36591600.0
2022-08-31,517280,SH,49552500.0
2022-08-31,517300,SH,3012434500.0
2022-08-31,517330,SH,2203169000.0
2022-08-31,517350,SH,188542000.0
2022-08-31,517360,SH,88083000.0
2022-08-31,517380,SH,308326300.0
2022-08-31,517390,SH,80112600.0
2022-08-31,517500,SH,20113000.0
2022-08-31,517550,SH,26417400.0
2022-08-31,517660,SH,48280700.0
2022-08-31,517760,SH,9552600.0
2022-08-31,517770,SH,38947800.0
2022-08-31,517780,SH,18451100.0
2022-08-31,517800,SH,74539700.0
2022-08-31,517850,SH,254185200.0
2022-08-31,517880,SH,61337100.0
2022-08-31,517900,SH,32993500.0
2022-08-31,517960,SH,218182000.0
2022-08-31,517990,SH,7987900.0
2022-08-31,518600,SH,34093600.0
2022-08-31,518660,SH,28352700.0
2022-08-31,518680,SH,41358000.0
2022-08-31,518800,SH,195719900.00000003
2022-08-31,518850,SH,35778700.0
2022-08-31,518860,SH,16059800.0
2022-08-31,518880,SH,2637640800.0
2022-08-31,518890,SH,17654800.0
2022-08-31,560000,SH,16022900.0
2022-08-31,560010,SH,7805538199.999999
2022-08-31,560050,SH,9201934400.0
2022-08-31,560060,SH,671090000.0
2022-08-31,560100,SH,133080300.0
2022-08-31,560110,SH,1900903500.0
2022-08-31,560500,SH,104339000.0
2022-08-31,560550,SH,1485597400.0
2022-08-31,560560,SH,143190100.0
2022-08-31,560600,SH,16705800.0
2022-08-31,560650,SH,46919200.0
2022-08-31,560660,SH,194969000.0
2022-08-31,560800,SH,777951100.0
2022-08-31,560880,SH,874732000.0
2022-08-31,560900,SH,208969100.0
2022-08-31,560990,SH,83687099.99999999
2022-08-31,561100,SH,291746900.0
2022-08-31,561120,SH,130159900.0
2022-08-31,561130,SH,305935200.0
2022-08-31,561150,SH,34486600.0
2022-08-31,561160,SH,779335000.0
2022-08-31,561190,SH,2096318000.0
2022-08-31,561300,SH,1036965000.0
2022-08-31,561310,SH,165916600.0
2022-08-31,561350,SH,208700000.0
2022-08-31,561500,SH,144600300.0
2022-08-31,561510,SH,215206000.0
2022-08-31,561550,SH,905989600.0
2022-08-31,561560,SH,65124200.0
2022-08-31,561600,SH,75274000.0
2022-08-31,561700,SH,190313600.0
2022-08-31,561800,SH,97577200.0
2022-08-31,561900,SH,80334400.0
2022-08-31,561910,SH,315076600.0
2022-08-31,561990,SH,541649200.0
2022-08-31,562000,SH,518368900.0
2022-08-31,562300,SH,138495000.0
2022-08-31,562350,SH,60410900.0
2022-08-31,562360,SH,97474000.0
2022-08-31,562390,SH,275429000.0
2022-08-31,562500,SH,185687300.0
2022-08-31,562510,SH,465095000.0
2022-08-31,562520,SH,34568000.0
2022-08-31,562530,SH,65144000.0
2022-08-31,562800,SH,894145000.0
2022-08-31,562880,SH,218899600.0
2022-08-31,562900,SH,65706300.0
2022-08-31,562910,SH,57227299.99999999
2022-08-31,562950,SH,108258300.0
2022-08-31,562990,SH,3334756000.0
2022-08-31,563000,SH,7558451100.0
2022-08-31,588000,SH,27490168200.0
2022-08-31,588050,SH,4131241300.0
2022-08-31,588060,SH,517140000.0
2022-08-31,588080,SH,12406628100.0
2022-08-31,588090,SH,2867072800.0000005
2022-08-31,588100,SH,364748700.0
2022-08-31,588150,SH,147932600.0
2022-08-31,588180,SH,2330853700.0
2022-08-31,588260,SH,178746000.0
2022-08-31,588280,SH,200121000.0
2022-08-31,588300,SH,2263210500.0
2022-08-31,588310,SH,85637500.0
2022-08-31,588330,SH,1737737800.0
2022-08-31,588360,SH,781881799.9999999
2022-08-31,588380,SH,2744770000.0
2022-08-31,588390,SH,428935900.0
2022-08-31,588400,SH,2784600600.0
2022-09-30,510010,SH,163524400.0
2022-09-30,510020,SH,36048000.0
2022-09-30,510030,SH,142729800.0
2022-09-30,510050,SH,23163966800.0
2022-09-30,510060,SH,40959200.0
2022-09-30,510090,SH,32081100.0
2022-09-30,510100,SH,1028234300.0
2022-09-30,510110,SH,5716799.999999999
2022-09-30,510120,SH,4192400.0
2022-09-30,510130,SH,40685100.0
2022-09-30,510150,SH,1889178600.0
2022-09-30,510160,SH,354057400.0
2022-09-30,510170,SH,218914800.0
2022-09-30,510180,SH,5600557700.0
2022-09-30,510190,SH,16150800.0
2022-09-30,510200,SH,72885500.0
2022-09-30,510210,SH,1028192600.0
2022-09-30,510220,SH,4729200.0
2022-09-30,510230,SH,3675808000.0
2022-09-30,510270,SH,8832100.0
2022-09-30,510290,SH,80448900.0
2022-09-30,510300,SH,13243987700.0
2022-09-30,510310,SH,6126307400.0
2022-09-30,510330,SH,5287749800.0
2022-09-30,510350,SH,640914700.0
2022-09-30,510360,SH,1100381200.0
2022-09-30,510370,SH,36258100.0
2022-09-30,510380,SH,1092802400.0
2022-09-30,510390,SH,130250000.0
2022-09-30,510410,SH,410258400.0
2022-09-30,510440,SH,20058300.0
2022-09-30,510500,SH,6777768600.0
2022-09-30,510510,SH,1387038299.9999998
2022-09-30,510530,SH,43979399.99999999
2022-09-30,510550,SH,13743300.0
2022-09-30,510560,SH,174318700.0
2022-09-30,510570,SH,10560600.0
2022-09-30,510580,SH,2794965200.0
2022-09-30,510590,SH,90386100.0
2022-09-30,510600,SH,14215100.0
2022-09-30,510630,SH,355361500.0
2022-09-30,510650,SH,28452500.0
2022-09-30,510660,SH,41379700.0
2022-09-30,510680,SH,12424700.0
2022-09-30,510710,SH,168518900.0
2022-09-30,510760,SH,281503700.0
2022-09-30,510770,SH,29110700.0
2022-09-30,510800,SH,582576000.0
2022-09-30,510810,SH,8485093700.0
2022-09-30,510850,SH,84498900.0
2022-09-30,510880,SH,4752175700.0
2022-09-30,510900,SH,11292021900.0
2022-09-30,510990,SH,74948600.0
2022-09-30,511010,SH,5736300.0
2022-09-30,511020,SH,11291700.0
2022-09-30,511030,SH,510407100.0
2022-09-30,511060,SH,5476300.0
2022-09-30,511180,SH,9859700.0
2022-09-30,511220,SH,14318100.0
2022-09-30,511260,SH,4836500.0
2022-09-30,511270,SH,6547500.0
2022-09-30,511310,SH,113000.0
2022-09-30,511360,SH,147574600.0
2022-09-30,511380,SH,106886700.0
2022-09-30,512000,SH,27575717700.0
2022-09-30,512010,SH,24938694900.000004
2022-09-30,512040,SH,171857900.0
2022-09-30,512070,SH,6981479700.0
2022-09-30,512090,SH,333592300.00000006
2022-09-30,512100,SH,4206217600.0
2022-09-30,512120,SH,619241900.0
2022-09-30,512150,SH,53073400.0
2022-09-30,512160,SH,333777800.0
2022-09-30,512170,SH,33662820500.0
2022-09-30,512180,SH,96048000.0
2022-09-30,512190,SH,29318400.0
2022-09-30,512200,SH,5531376000.0
2022-09-30,512220,SH,190467600.0
2022-09-30,512260,SH,78897700.0
2022-09-30,512280,SH,58005700.0
2022-09-30,512290,SH,3683820700.0
2022-09-30,512320,SH,35040800.0
2022-09-30,512330,SH,527688000.0
2022-09-30,512360,SH,57337700.00000001
2022-09-30,512380,SH,150805600.0
2022-09-30,512390,SH,228682000.0
2022-09-30,512400,SH,2535539000.0
2022-09-30,512480,SH,14931003600.000002
2022-09-30,512500,SH,1199208800.0
2022-09-30,512510,SH,326929800.0
2022-09-30,512520,SH,513056400.0
2022-09-30,512530,SH,41502000.0
2022-09-30,512550,SH,203906000.0
2022-09-30,512560,SH,929127000.0
2022-09-30,512570,SH,236806100.0
2022-09-30,512580,SH,1147471700.0
2022-09-30,512590,SH,33503400.0
2022-09-30,512600,SH,745756100.0
2022-09-30,512610,SH,8140599.999999999
2022-09-30,512640,SH,39740900.0
2022-09-30,512650,SH,478941600.00000006
2022-09-30,512660,SH,9747080000.0
2022-09-30,512670,SH,2396652600.0
2022-09-30,512680,SH,2757730100.0
2022-09-30,512690,SH,12404550200.0
2022-09-30,512700,SH,2249081000.0
2022-09-30,512710,SH,5398158400.0
2022-09-30,512720,SH,974453400.0
2022-09-30,512730,SH,166583900.0
2022-09-30,512750,SH,123054900.0
2022-09-30,512760,SH,12092322800.0
2022-09-30,512770,SH,179767800.0
2022-09-30,512780,SH,9586500.0
2022-09-30,512800,SH,8709440000.0
2022-09-30,512810,SH,323791700.0
2022-09-30,512820,SH,471401900.0
2022-09-30,512870,SH,32410600.0
2022-09-30,512880,SH,35397291500.0
2022-09-30,512890,SH,311110800.0
2022-09-30,512900,SH,9696406000.0
2022-09-30,512910,SH,354628800.0
2022-09-30,512920,SH,7092600.0
2022-09-30,512930,SH,189130300.0
2022-09-30,512950,SH,4250551000.0
2022-09-30,512960,SH,4578257300.0
2022-09-30,512970,SH,113987600.0
2022-09-30,512980,SH,8497424399.999999
2022-09-30,512990,SH,191015400.0
2022-09-30,513000,SH,59911400.0
2022-09-30,513010,SH,5423307000.0
2022-09-30,513020,SH,271145400.0
2022-09-30,513030,SH,650779000.0
2022-09-30,513050,SH,35565432700.0
2022-09-30,513060,SH,9697893300.0
2022-09-30,513070,SH,52760800.0
2022-09-30,513080,SH,55916000.0
2022-09-30,513090,SH,1133488000.0
2022-09-30,513100,SH,5874110600.000001
2022-09-30,513120,SH,146635400.0
2022-09-30,513130,SH,12962347000.0
2022-09-30,513150,SH,273559800.0
2022-09-30,513160,SH,65189300.0
2022-09-30,513180,SH,22277759500.0
2022-09-30,513200,SH,101282100.0
2022-09-30,513220,SH,126109400.0
2022-09-30,513230,SH,67422700.0
2022-09-30,513260,SH,95243000.0
2022-09-30,513280,SH,198114500.0
2022-09-30,513290,SH,66072100.0
2022-09-30,513300,SH,1130171000.0
2022-09-30,513320,SH,56010600.00000001
2022-09-30,513330,SH,51663480000.0
2022-09-30,513360,SH,1235713900.0
2022-09-30,513380,SH,124392500.0
2022-09-30,513500,SH,5943638600.0
2022-09-30,513520,SH,58887200.0
2022-09-30,513530,SH,86938700.00000001
2022-09-30,513550,SH,4098992000.0
2022-09-30,513580,SH,1373118000.0
2022-09-30,513590,SH,77718900.0
2022-09-30,513600,SH,324829500.0
2022-09-30,513660,SH,1002000100.0
2022-09-30,513680,SH,29746700.0
2022-09-30,513690,SH,451479900.0
2022-09-30,513700,SH,632846000.0
2022-09-30,513770,SH,562068900.0
2022-09-30,513800,SH,53044399.99999999
2022-09-30,513860,SH,851470600.0
2022-09-30,513880,SH,52970000.0
2022-09-30,513890,SH,251128000.0
2022-09-30,513900,SH,269978000.0
2022-09-30,513960,SH,72932300.0
2022-09-30,513980,SH,3086204000.0
2022-09-30,513990,SH,82000000.0
2022-09-30,515000,SH,2826289699.9999995
2022-09-30,515010,SH,914771600.0
2022-09-30,515020,SH,660845300.0
2022-09-30,515030,SH,5232384000.0
2022-09-30,515050,SH,10607068500.0
2022-09-30,515060,SH,442478100.0
2022-09-30,515070,SH,759470200.0
2022-09-30,515080,SH,592148900.0
2022-09-30,515090,SH,123801700.0
2022-09-30,515100,SH,111441500.0
2022-09-30,515110,SH,321295000.0
2022-09-30,515120,SH,2642993600.0
2022-09-30,515130,SH,55463200.0
2022-09-30,515150,SH,533703200.0
2022-09-30,515160,SH,515955100.0
2022-09-30,515170,SH,5419757900.0
2022-09-30,515180,SH,1335637000.0
2022-09-30,515190,SH,55466100.0
2022-09-30,515200,SH,124943200.0
2022-09-30,515210,SH,1098726100.0
2022-09-30,515220,SH,1821588500.0
2022-09-30,515230,SH,385690900.0
2022-09-30,515250,SH,784944500.0
2022-09-30,515260,SH,706284200.0
2022-09-30,515280,SH,59718600.0
2022-09-30,515290,SH,7819172900.0
2022-09-30,515300,SH,84175200.0
2022-09-30,515310,SH,27611200.0
2022-09-30,515320,SH,310309000.0
2022-09-30,515330,SH,6104709500.0
2022-09-30,515350,SH,26999200.0
2022-09-30,515360,SH,31279300.0
2022-09-30,515380,SH,873099800.0
2022-09-30,515390,SH,330683000.0
2022-09-30,515400,SH,332631400.0
2022-09-30,515450,SH,189335000.0
2022-09-30,515500,SH,33404800.0
2022-09-30,515510,SH,9534000.0
2022-09-30,515520,SH,23666800.0
2022-09-30,515530,SH,21042700.0
2022-09-30,515550,SH,27345700.0
2022-09-30,515560,SH,535883300.0
2022-09-30,515570,SH,38443900.0
2022-09-30,515580,SH,708031400.0
2022-09-30,515590,SH,26113700.0
2022-09-30,515600,SH,1339797400.0
2022-09-30,515630,SH,121717700.0
2022-09-30,515650,SH,1375184000.0
2022-09-30,515660,SH,480394200.0
2022-09-30,515670,SH,312322500.0
2022-09-30,515680,SH,1316264700.0
2022-09-30,515700,SH,2356510200.0
2022-09-30,515710,SH,1291099800.0
2022-09-30,515750,SH,502140500.0
2022-09-30,515760,SH,207888100.0
2022-09-30,515770,SH,99727300.0
2022-09-30,515780,SH,128785200.0
2022-09-30,515790,SH,8742494000.0
2022-09-30,515800,SH,1765437200.0
2022-09-30,515810,SH,86908799.99999999
2022-09-30,515820,SH,7026100.0
2022-09-30,515850,SH,168791000.0
2022-09-30,515860,SH,193878900.0
2022-09-30,515870,SH,33498900.0
2022-09-30,515880,SH,1499462300.0
2022-09-30,515890,SH,222443900.0
2022-09-30,515900,SH,3299646500.0
2022-09-30,515910,SH,458507000.0
2022-09-30,515920,SH,320905700.0
2022-09-30,515930,SH,12174700.0
2022-09-30,515950,SH,438200600.0
2022-09-30,515960,SH,345991900.0
2022-09-30,515980,SH,414064500.0
2022-09-30,515990,SH,82350200.0
2022-09-30,516000,SH,74855000.0
2022-09-30,516010,SH,549693000.0
2022-09-30,516020,SH,404326200.0
2022-09-30,516050,SH,864228000.0
2022-09-30,516060,SH,171237400.00000003
2022-09-30,516070,SH,600646000.0
2022-09-30,516080,SH,401554800.00000006
2022-09-30,516090,SH,562844800.0
2022-09-30,516100,SH,72759700.0
2022-09-30,516110,SH,591623100.0
2022-09-30,516120,SH,253082000.0
2022-09-30,516130,SH,110890000.0
2022-09-30,516150,SH,1749577000.0
2022-09-30,516160,SH,2157304000.0
2022-09-30,516180,SH,83987000.0
2022-09-30,516190,SH,17318500.0
2022-09-30,516200,SH,39604000.0
2022-09-30,516210,SH,61631000.0
2022-09-30,516220,SH,219170000.0
2022-09-30,516260,SH,153882600.0
2022-09-30,516270,SH,166409000.0
2022-09-30,516290,SH,283196900.0
2022-09-30,516300,SH,169102200.0
2022-09-30,516310,SH,186258500.0
2022-09-30,516320,SH,52589300.0
2022-09-30,516330,SH,61271300.0
2022-09-30,516350,SH,213415300.0
2022-09-30,516360,SH,116551800.0
2022-09-30,516380,SH,156449300.0
2022-09-30,516390,SH,387261000.0
2022-09-30,516480,SH,21146100.0
2022-09-30,516500,SH,121937200.0
2022-09-30,516510,SH,251890000.0
2022-09-30,516520,SH,183765500.0
2022-09-30,516530,SH,102302300.0
2022-09-30,516550,SH,137414400.0
2022-09-30,516560,SH,95758000.0
2022-09-30,516570,SH,40357600.0
2022-09-30,516580,SH,127124100.0
2022-09-30,516590,SH,132015000.0
2022-09-30,516600,SH,179332100.0
2022-09-30,516610,SH,124974800.0
2022-09-30,516620,SH,119267500.0
2022-09-30,516630,SH,96156000.0
2022-09-30,516640,SH,1232582800.0
2022-09-30,516650,SH,29464800.0
2022-09-30,516660,SH,434689000.0
2022-09-30,516670,SH,525266300.0
2022-09-30,516680,SH,19624100.0
2022-09-30,516690,SH,83243000.0
2022-09-30,516700,SH,33122000.0
2022-09-30,516710,SH,166272000.0
2022-09-30,516720,SH,63337800.0
2022-09-30,516730,SH,82380800.0
2022-09-30,516750,SH,97667300.0
2022-09-30,516760,SH,196215100.0
2022-09-30,516770,SH,143848000.0
2022-09-30,516780,SH,750049800.0
2022-09-30,516790,SH,221682200.0
2022-09-30,516800,SH,241154000.0
2022-09-30,516810,SH,209478900.0
2022-09-30,516820,SH,1669415200.0
2022-09-30,516830,SH,332176900.0
2022-09-30,516850,SH,47237000.0
2022-09-30,516860,SH,45522000.0
2022-09-30,516880,SH,739944100.0
2022-09-30,516890,SH,54311400.0
2022-09-30,516900,SH,65729000.0
2022-09-30,516910,SH,77141800.0
2022-09-30,516920,SH,581463000.0
2022-09-30,516930,SH,97139600.0
2022-09-30,516950,SH,1236821000.0
2022-09-30,516960,SH,82051100.0
2022-09-30,516970,SH,8647042500.0
2022-09-30,516980,SH,35016000.0
2022-09-30,517000,SH,717793000.0
2022-09-30,517010,SH,54144200.0
2022-09-30,517030,SH,42040300.0
2022-09-30,517050,SH,1051605000.0
2022-09-30,517060,SH,21767200.0
2022-09-30,517080,SH,713166000.0
2022-09-30,517090,SH,59075000.0
2022-09-30,517100,SH,490102100.0
2022-09-30,517110,SH,242098500.0
2022-09-30,517120,SH,548966400.0
2022-09-30,517160,SH,2276777500.0
2022-09-30,517170,SH,31131800.0
2022-09-30,517180,SH,34496300.0
2022-09-30,517200,SH,302782000.0
2022-09-30,517270,SH,45591600.0
2022-09-30,517280,SH,59552500.0
2022-09-30,517300,SH,3009434500.0
2022-09-30,517330,SH,2204169000.0
2022-09-30,517350,SH,194542000.0
2022-09-30,517360,SH,88083000.0
2022-09-30,517380,SH,344326300.0
2022-09-30,517390,SH,83112600.0
2022-09-30,517500,SH,66113000.0
2022-09-30,517550,SH,36917400.0
2022-09-30,517660,SH,48280700.0
2022-09-30,517760,SH,11052600.0
2022-09-30,517770,SH,45947800.0
2022-09-30,517780,SH,33451100.0
2022-09-30,517800,SH,74539700.0
2022-09-30,517850,SH,262185200.0
2022-09-30,517880,SH,61337100.0
2022-09-30,517900,SH,32993500.0
2022-09-30,517960,SH,218182000.0
2022-09-30,517990,SH,13987900.0
2022-09-30,518600,SH,29293600.0
2022-09-30,518660,SH,28352700.0
2022-09-30,518680,SH,44358000.0
2022-09-30,518800,SH,190319900.00000003
2022-09-30,518850,SH,37878700.0
2022-09-30,518860,SH,15159800.0
2022-09-30,518880,SH,2590540800.0
2022-09-30,518890,SH,19754800.0
2022-09-30,560000,SH,41022900.0
2022-09-30,560010,SH,2623621700.0
2022-09-30,560050,SH,8869934400.0
2022-09-30,560060,SH,651090000.0
2022-09-30,560100,SH,149580300.0
2022-09-30,560110,SH,1534903500.0
2022-09-30,560500,SH,107339000.0
2022-09-30,560550,SH,1453597400.0
2022-09-30,560560,SH,145190100.0
2022-09-30,560600,SH,37705800.0
2022-09-30,560650,SH,42419200.0
2022-09-30,560660,SH,189969000.0
2022-09-30,560800,SH,819951100.0
2022-09-30,560880,SH,886732000.0
2022-09-30,560900,SH,209969100.0
2022-09-30,560990,SH,86687099.99999999
2022-09-30,561100,SH,304746900.0
2022-09-30,561120,SH,143659900.0
2022-09-30,561130,SH,293935200.0
2022-09-30,561150,SH,37486600.0
2022-09-30,561160,SH,798835000.0
2022-09-30,561190,SH,2043318000.0
2022-09-30,561300,SH,1096965000.0
2022-09-30,561310,SH,171916600.0
2022-09-30,561350,SH,220700000.0
2022-09-30,561500,SH,140100300.0
2022-09-30,561510,SH,213206000.0
2022-09-30,561550,SH,920989600.0
2022-09-30,561560,SH,89124200.0
2022-09-30,561600,SH,80274000.0
2022-09-30,561700,SH,145813600.0
2022-09-30,561800,SH,101577200.0
2022-09-30,561900,SH,83334400.0
2022-09-30,561910,SH,328076600.00000006
2022-09-30,561990,SH,571649200.0
2022-09-30,562000,SH,490368900.0
2022-09-30,562300,SH,139495000.0
2022-09-30,562310,SH,2682572300.0
2022-09-30,562350,SH,50410900.0
2022-09-30,562360,SH,100474000.0
2022-09-30,562390,SH,260429000.0
2022-09-30,562500,SH,229187300.0
2022-09-30,562510,SH,455595000.0
2022-09-30,562520,SH,46568000.0
2022-09-30,562530,SH,60144000.0
2022-09-30,562800,SH,902695000.0
2022-09-30,562880,SH,239899600.0
2022-09-30,562900,SH,68706300.0
2022-09-30,562910,SH,59227299.99999999
2022-09-30,562950,SH,108258300.0
2022-09-30,562990,SH,3215756000.0
2022-09-30,563000,SH,7575951100.0
2022-09-30,588000,SH,29896168200.0
2022-09-30,588050,SH,4287241300.0
2022-09-30,588060,SH,553140000.0
2022-09-30,588080,SH,12772628100.0
2022-09-30,588090,SH,2906072800.0000005
2022-09-30,588100,SH,413748700.0
2022-09-30,588150,SH,150432600.0
2022-09-30,588180,SH,2421853700.0
2022-09-30,588260,SH,193746000.0
2022-09-30,588280,SH,208121000.0
2022-09-30,588300,SH,2290210500.0
2022-09-30,588310,SH,83437500.0
2022-09-30,588330,SH,1779737800.0
2022-09-30,588360,SH,818281799.9999999
2022-09-30,588380,SH,2915770000.0
2022-09-30,588390,SH,434935900.0
2022-09-30,588400,SH,2856600600.0
2022-10-31,510010,SH,163524400.0
2022-10-31,510020,SH,35948000.0
2022-10-31,510030,SH,143229800.0
2022-10-31,510050,SH,24327666800.0
2022-10-31,510060,SH,41959200.0
2022-10-31,510090,SH,32081100.0
2022-10-31,510100,SH,1152234300.0
2022-10-31,510110,SH,6016799.999999999
2022-10-31,510120,SH,3892400.0
2022-10-31,510130,SH,41485100.0
2022-10-31,510150,SH,1969178600.0
2022-10-31,510160,SH,352057400.0
2022-10-31,510170,SH,218914800.0
2022-10-31,510180,SH,5570557700.0
2022-10-31,510190,SH,16150800.0
2022-10-31,510200,SH,72885500.0
2022-10-31,510210,SH,1455692600.0
2022-10-31,510220,SH,4229200.0
2022-10-31,510230,SH,3724808000.0
2022-10-31,510270,SH,8832100.0
2022-10-31,510290,SH,80448900.0
2022-10-31,510300,SH,14361787700.0
2022-10-31,510310,SH,6700307400.0
2022-10-31,510330,SH,5384949800.0
2022-10-31,510350,SH,643614700.0
2022-10-31,510360,SH,1148381200.0
2022-10-31,510370,SH,36258100.0
2022-10-31,510380,SH,1095802400.0
2022-10-31,510390,SH,132950000.0
2022-10-31,510410,SH,410258400.0
2022-10-31,510440,SH,20058300.0
2022-10-31,510500,SH,7272568600.0
2022-10-31,510510,SH,1433038299.9999998
2022-10-31,510530,SH,43979399.99999999
2022-10-31,510550,SH,15743300.0
2022-10-31,510560,SH,174318700.0
2022-10-31,510570,SH,10560600.0
2022-10-31,510580,SH,2944965200.0
2022-10-31,510590,SH,91586100.0
2022-10-31,510600,SH,14515100.0
2022-10-31,510630,SH,369361500.0
2022-10-31,510650,SH,27452500.0
2022-10-31,510660,SH,39879700.0
2022-10-31,510680,SH,15124700.0
2022-10-31,510710,SH,178418900.0
2022-10-31,510760,SH,353503700.0
2022-10-31,510770,SH,29110700.0
2022-10-31,510800,SH,662576000.0
2022-10-31,510810,SH,8516093700.0
2022-10-31,510850,SH,85098900.0
2022-10-31,510880,SH,5075175700.0
2022-10-31,510900,SH,12438021900.0
2022-10-31,510990,SH,60948600.0
2022-10-31,511010,SH,5396300.0
2022-10-31,511020,SH,9911700.0
2022-10-31,511030,SH,510407100.0
2022-10-31,511060,SH,5476300.0
2022-10-31,511180,SH,9659700.0
2022-10-31,511220,SH,14318100.0
2022-10-31,511260,SH,4886500.0
2022-10-31,511270,SH,6547500.0
2022-10-31,511310,SH,103000.0
2022-10-31,511360,SH,154504600.0
2022-10-31,511380,SH,125686700.0
2022-10-31,511520,SH,76856500.0
2022-10-31,512000,SH,28028417700.0
2022-10-31,512010,SH,28193694900.000004
2022-10-31,512040,SH,168857900.0
2022-10-31,512070,SH,6804479700.0
2022-10-31,512090,SH,319592300.0
2022-10-31,512100,SH,4723217600.0
2022-10-31,512120,SH,578241900.0
2022-10-31,512150,SH,60073400.0
2022-10-31,512160,SH,303777800.0
2022-10-31,512170,SH,35282820500.0
2022-10-31,512180,SH,96048000.0
2022-10-31,512190,SH,30018400.0
2022-10-31,512200,SH,5869376000.0
2022-10-31,512220,SH,197967600.0
2022-10-31,512260,SH,78097700.0
2022-10-31,512280,SH,60005700.0
2022-10-31,512290,SH,3493820700.0
2022-10-31,512320,SH,35040800.0
2022-10-31,512330,SH,529188000.0
2022-10-31,512360,SH,57337700.00000001
2022-10-31,512380,SH,147805600.0
2022-10-31,512390,SH,231682000.0
2022-10-31,512400,SH,2483539000.0
2022-10-31,512480,SH,15377003600.000002
2022-10-31,512500,SH,1265608800.0
2022-10-31,512510,SH,328429800.00000006
2022-10-31,512520,SH,477056400.0
2022-10-31,512530,SH,44502000.0
2022-10-31,512550,SH,215906000.0
2022-10-31,512560,SH,900127000.0
2022-10-31,512570,SH,248806100.0
2022-10-31,512580,SH,1128871700.0
2022-10-31,512590,SH,20503400.0
2022-10-31,512600,SH,765256100.0
2022-10-31,512610,SH,7640599.999999999
2022-10-31,512640,SH,41240900.0
2022-10-31,512650,SH,472941600.00000006
2022-10-31,512660,SH,10233080000.0
2022-10-31,512670,SH,2516652600.0
2022-10-31,512680,SH,2681730100.0
2022-10-31,512690,SH,13964350200.0
2022-10-31,512700,SH,2190581000.0
2022-10-31,512710,SH,5237658400.0
2022-10-31,512720,SH,1056453400.0
2022-10-31,512730,SH,176083900.0
2022-10-31,512750,SH,123954900.0
2022-10-31,512760,SH,12354322800.0
2022-10-31,512770,SH,177767800.0
2022-10-31,512780,SH,5086500.0
2022-10-31,512800,SH,8179640000.0
2022-10-31,512810,SH,337791700.0
2022-10-31,512820,SH,476801900.0
2022-10-31,512870,SH,32410600.0
2022-10-31,512880,SH,35428291500.0
2022-10-31,512890,SH,321110800.0
2022-10-31,512900,SH,9657406000.0
2022-10-31,512910,SH,350128800.0
2022-10-31,512920,SH,7092600.0
2022-10-31,512930,SH,190130300.0
2022-10-31,512950,SH,4253551000.0
2022-10-31,512960,SH,4523257300.0
2022-10-31,512970,SH,113987600.0
2022-10-31,512980,SH,8446424399.999999
2022-10-31,512990,SH,197015400.0
2022-10-31,513000,SH,62411400.0
2022-10-31,513010,SH,9105307000.0
2022-10-31,513020,SH,409145400.0
2022-10-31,513030,SH,602279000.0
2022-10-31,513050,SH,35581432700.0
2022-10-31,513060,SH,11302893300.0
2022-10-31,513070,SH,52760800.0
2022-10-31,513080,SH,55416000.0
2022-10-31,513090,SH,1352488000.0
2022-10-31,513100,SH,6065110600.000001
2022-10-31,513120,SH,146635400.0
2022-10-31,513130,SH,18278347000.0
2022-10-31,513150,SH,299559800.0
2022-10-31,513160,SH,83189300.0
2022-10-31,513180,SH,31116759500.0
2022-10-31,513200,SH,98282100.0
2022-10-31,513220,SH,165109400.0
2022-10-31,513230,SH,69422700.0
2022-10-31,513260,SH,121243000.0
2022-10-31,513280,SH,202114500.0
2022-10-31,513290,SH,50072100.0
2022-10-31,513300,SH,1167671000.0
2022-10-31,513320,SH,56010600.00000001
2022-10-31,513330,SH,53263480000.0
2022-10-31,513360,SH,1153213900.0
2022-10-31,513380,SH,155892500.0
2022-10-31,513500,SH,6359638600.0
2022-10-31,513520,SH,57387200.0
2022-10-31,513530,SH,86938700.00000001
2022-10-31,513550,SH,4443992000.0
2022-10-31,513580,SH,1703118000.0
2022-10-31,513590,SH,85518900.0
2022-10-31,513600,SH,409829500.0
2022-10-31,513660,SH,1064000100.0
2022-10-31,513680,SH,38746700.0
2022-10-31,513690,SH,454479900.0
2022-10-31,513700,SH,640846000.0
2022-10-31,513770,SH,712068900.0
2022-10-31,513800,SH,55844399.99999999
2022-10-31,513860,SH,966470600.0
2022-10-31,513880,SH,53970000.0
2022-10-31,513890,SH,292128000.0
2022-10-31,513900,SH,317978000.0
2022-10-31,513960,SH,61932299.99999999
2022-10-31,513980,SH,3360204000.0
2022-10-31,513990,SH,97000000.0
2022-10-31,515000,SH,2793289699.9999995
2022-10-31,515010,SH,916271600.0
2022-10-31,515020,SH,545345300.0
2022-10-31,515030,SH,5317384000.0
2022-10-31,515050,SH,10541068500.0
2022-10-31,515060,SH,460478100.0
2022-10-31,515070,SH,744470200.0
2022-10-31,515080,SH,608148900.0
2022-10-31,515090,SH,124801700.0
2022-10-31,515100,SH,113441500.0
2022-10-31,515110,SH,310295000.0
2022-10-31,515120,SH,2528993600.0
2022-10-31,515130,SH,55463200.0
2022-10-31,515150,SH,531703200.0
2022-10-31,515160,SH,511955100.0
2022-10-31,515170,SH,6036257900.0
2022-10-31,515180,SH,1428637000.0
2022-10-31,515190,SH,55466100.0
2022-10-31,515200,SH,128943200.0
2022-10-31,515210,SH,1063726100.0
2022-10-31,515220,SH,2034088500.0
2022-10-31,515230,SH,701690900.0
2022-10-31,515250,SH,799944500.0
2022-10-31,515260,SH,734284200.0
2022-10-31,515280,SH,61218600.0
2022-10-31,515290,SH,7537812900.0
2022-10-31,515300,SH,85175200.0
2022-10-31,515310,SH,27611200.0
2022-10-31,515320,SH,310309000.0
2022-10-31,515330,SH,6455709500.0
2022-10-31,515350,SH,28799200.0
2022-10-31,515360,SH,31279300.0
2022-10-31,515380,SH,877599800.0
2022-10-31,515390,SH,350683000.0
2022-10-31,515400,SH,348631400.0
2022-10-31,515450,SH,173335000.0
2022-10-31,515500,SH,33404800.0
2022-10-31,515510,SH,9534000.0
2022-10-31,515520,SH,23666800.0
2022-10-31,515530,SH,21842700.0
2022-10-31,515550,SH,27345700.0
2022-10-31,515560,SH,543883300.0
2022-10-31,515570,SH,38443900.0
2022-10-31,515580,SH,814031400.0
2022-10-31,515590,SH,24113700.0
2022-10-31,515600,SH,1340797400.0
2022-10-31,515630,SH,115217700.0
2022-10-31,515650,SH,1437184000.0
2022-10-31,515660,SH,499294200.0
2022-10-31,515670,SH,115822500.0
2022-10-31,515680,SH,1314264700.0
2022-10-31,515700,SH,2436510200.0
2022-10-31,515710,SH,1471099800.0
2022-10-31,515750,SH,495140500.0
2022-10-31,515760,SH,208888100.0
2022-10-31,515770,SH,90727300.0
2022-10-31,515780,SH,92785200.0
2022-10-31,515790,SH,9223494000.0
2022-10-31,515800,SH,1761437200.0
2022-10-31,515810,SH,131908800.0
2022-10-31,515820,SH,7026100.0
2022-10-31,515850,SH,169791000.0
2022-10-31,515860,SH,191878900.0
2022-10-31,515870,SH,35498900.0
2022-10-31,515880,SH,1604462300.0
2022-10-31,515890,SH,232443900.0
2022-10-31,515900,SH,3293646500.0
2022-10-31,515910,SH,446507000.0
2022-10-31,515920,SH,320905700.0
2022-10-31,515930,SH,10374700.0
2022-10-31,515950,SH,408200600.0
2022-10-31,515960,SH,332991900.0
2022-10-31,515980,SH,412064500.0
2022-10-31,515990,SH,84350200.0
2022-10-31,516000,SH,84855000.0
2022-10-31,516010,SH,560693000.0
2022-10-31,516020,SH,462826200.0
2022-10-31,516050,SH,871228000.0
2022-10-31,516060,SH,164237400.00000003
2022-10-31,516070,SH,617646000.0
2022-10-31,516080,SH,390554800.00000006
2022-10-31,516090,SH,575844800.0
2022-10-31,516100,SH,71759700.0
2022-10-31,516110,SH,562623100.0
2022-10-31,516120,SH,260082000.0
2022-10-31,516130,SH,122890000.0
2022-10-31,516150,SH,1800577000.0
2022-10-31,516160,SH,2406304000.0
2022-10-31,516180,SH,85987000.0
2022-10-31,516190,SH,17618500.0
2022-10-31,516200,SH,39604000.0
2022-10-31,516210,SH,49031000.0
2022-10-31,516220,SH,235170000.0
2022-10-31,516260,SH,153882600.0
2022-10-31,516270,SH,178409000.0
2022-10-31,516290,SH,293196900.0
2022-10-31,516300,SH,189102200.0
2022-10-31,516310,SH,198258500.0
2022-10-31,516320,SH,54589300.0
2022-10-31,516330,SH,61271300.0
2022-10-31,516350,SH,237415300.0
2022-10-31,516360,SH,122551800.0
2022-10-31,516380,SH,156449300.0
2022-10-31,516390,SH,364261000.0
2022-10-31,516480,SH,22146100.0
2022-10-31,516500,SH,112937200.0
2022-10-31,516510,SH,255890000.0
2022-10-31,516520,SH,179765500.0
2022-10-31,516530,SH,100302300.0
2022-10-31,516550,SH,158414400.0
2022-10-31,516560,SH,98758000.0
2022-10-31,516570,SH,45357600.0
2022-10-31,516580,SH,128124100.0
2022-10-31,516590,SH,140015000.0
2022-10-31,516600,SH,179332100.0
2022-10-31,516610,SH,113974800.0
2022-10-31,516620,SH,126267500.0
2022-10-31,516630,SH,98156000.0
2022-10-31,516640,SH,1202882800.0
2022-10-31,516650,SH,43464799.99999999
2022-10-31,516660,SH,395689000.0
2022-10-31,516670,SH,599266300.0
2022-10-31,516680,SH,19624100.0
2022-10-31,516690,SH,83243000.0
2022-10-31,516700,SH,30622000.0
2022-10-31,516710,SH,172272000.0
2022-10-31,516720,SH,61837800.0
2022-10-31,516730,SH,83380800.0
2022-10-31,516750,SH,105167300.0
2022-10-31,516760,SH,217215100.0
2022-10-31,516770,SH,147448000.0
2022-10-31,516780,SH,760549800.0
2022-10-31,516790,SH,228182200.0
2022-10-31,516800,SH,251154000.0
2022-10-31,516810,SH,218478900.0
2022-10-31,516820,SH,1659415200.0
2022-10-31,516830,SH,322176900.0
2022-10-31,516850,SH,48237000.0
2022-10-31,516860,SH,56522000.0
2022-10-31,516880,SH,735944100.0
2022-10-31,516890,SH,59311400.0
2022-10-31,516900,SH,50729000.0
2022-10-31,516910,SH,79141800.0
2022-10-31,516920,SH,587463000.0
2022-10-31,516930,SH,94139600.0
2022-10-31,516950,SH,1197821000.0
2022-10-31,516960,SH,104051100.0
2022-10-31,516970,SH,8167042500.0
2022-10-31,516980,SH,36016000.0
2022-10-31,517000,SH,722793000.0
2022-10-31,517010,SH,54144200.0
2022-10-31,517030,SH,42040300.0
2022-10-31,517050,SH,1015605000.0
2022-10-31,517060,SH,21767200.0
2022-10-31,517080,SH,709166000.0
2022-10-31,517090,SH,59075000.0
2022-10-31,517100,SH,494602100.0
2022-10-31,517110,SH,233098500.0
2022-10-31,517120,SH,536966400.0
2022-10-31,517160,SH,2256777500.0
2022-10-31,517170,SH,36131800.0
2022-10-31,517180,SH,36496300.0
2022-10-31,517200,SH,310782000.0
2022-10-31,517270,SH,36591600.0
2022-10-31,517280,SH,61552500.0
2022-10-31,517300,SH,3006434500.0
2022-10-31,517330,SH,2195169000.0
2022-10-31,517350,SH,208042000.0
2022-10-31,517360,SH,89583000.0
2022-10-31,517380,SH,318326300.0
2022-10-31,517390,SH,77112600.0
2022-10-31,517500,SH,65113000.0
2022-10-31,517550,SH,21917400.0
2022-10-31,517660,SH,66280700.0
2022-10-31,517760,SH,9552600.0
2022-10-31,517770,SH,41947800.0
2022-10-31,517780,SH,21451100.0
2022-10-31,517800,SH,74539700.0
2022-10-31,517850,SH,260185200.0
2022-10-31,517880,SH,61337100.0
2022-10-31,517900,SH,32993500.0
2022-10-31,517960,SH,206182000.0
2022-10-31,517990,SH,10987900.0
2022-10-31,518600,SH,28993600.0
2022-10-31,518660,SH,28652700.0
2022-10-31,518680,SH,38358000.0
2022-10-31,518800,SH,189719900.00000003
2022-10-31,518850,SH,33678700.0
2022-10-31,518860,SH,13959800.0
2022-10-31,518880,SH,2214640800.0
2022-10-31,518890,SH,20654800.0
2022-10-31,560000,SH,22022900.0
2022-10-31,560010,SH,2479621700.0
2022-10-31,560050,SH,8387934399.999999
2022-10-31,560060,SH,643090000.0
2022-10-31,560080,SH,125265000.0
2022-10-31,560100,SH,164580300.0
2022-10-31,560110,SH,1099903500.0
2022-10-31,560500,SH,108339000.0
2022-10-31,560550,SH,1429597400.0
2022-10-31,560560,SH,145190100.0
2022-10-31,560600,SH,10705800.0
2022-10-31,560650,SH,40919200.0
2022-10-31,560660,SH,184969000.0
2022-10-31,560680,SH,212225600.0
2022-10-31,560800,SH,851951100.0
2022-10-31,560880,SH,891232000.0
2022-10-31,560900,SH,211969100.0
2022-10-31,560990,SH,82187099.99999999
2022-10-31,561100,SH,288746900.0
2022-10-31,561120,SH,146659900.0
2022-10-31,561130,SH,291935200.0
2022-10-31,561150,SH,13486600.0
2022-10-31,561160,SH,816835000.0
2022-10-31,561190,SH,1978318000.0
2022-10-31,561300,SH,1114965000.0
2022-10-31,561310,SH,176916600.0
2022-10-31,561350,SH,223700000.0
2022-10-31,561500,SH,140100300.0
2022-10-31,561510,SH,133206000.0
2022-10-31,561550,SH,949489600.0
2022-10-31,561560,SH,84624200.0
2022-10-31,561600,SH,77274000.0
2022-10-31,561700,SH,142813600.0
2022-10-31,561800,SH,103077200.0
2022-10-31,561900,SH,83334400.0
2022-10-31,561910,SH,373076600.00000006
2022-10-31,561990,SH,583649200.0
2022-10-31,562000,SH,996368900.0
2022-10-31,562300,SH,144495000.0
2022-10-31,562310,SH,2562572300.0
2022-10-31,562350,SH,51410900.0
2022-10-31,562360,SH,102474000.0
2022-10-31,562390,SH,131429000.0
2022-10-31,562500,SH,238187300.0
2022-10-31,562510,SH,424595000.0
2022-10-31,562520,SH,46568000.0
2022-10-31,562530,SH,56144000.0
2022-10-31,562800,SH,916645000.0
2022-10-31,562880,SH,244399600.0
2022-10-31,562900,SH,67706300.0
2022-10-31,562910,SH,69227300.0
2022-10-31,562950,SH,108258300.0
2022-10-31,562990,SH,3137756000.0
2022-10-31,563000,SH,7440951100.0
2022-10-31,588000,SH,33149668200.0
2022-10-31,588010,SH,117925800.0
2022-10-31,588050,SH,4923241300.0
2022-10-31,588060,SH,697140000.0
2022-10-31,588080,SH,13489628100.0
2022-10-31,588090,SH,3160872800.0000005
2022-10-31,588100,SH,557248700.0
2022-10-31,588150,SH,155432600.0
2022-10-31,588160,SH,287496000.0
2022-10-31,588180,SH,2523353700.0
2022-10-31,588200,SH,156894800.0
2022-10-31,588260,SH,208746000.0
2022-10-31,588280,SH,224121000.0
2022-10-31,588290,SH,81397000.0
2022-10-31,588300,SH,2299210500.0
2022-10-31,588310,SH,81237500.0
2022-10-31,588330,SH,1749737800.0
2022-10-31,588360,SH,809881799.9999999
2022-10-31,588380,SH,2882770000.0
2022-10-31,588390,SH,434935900.0
2022-10-31,588400,SH,2841600600.0
2022-11-30,510010,SH,163524400.0
2022-11-30,510020,SH,36348000.0
2022-11-30,510030,SH,145229800.0
2022-11-30,510050,SH,23588766800.0
2022-11-30,510060,SH,43959200.0
2022-11-30,510090,SH,32081100.0
2022-11-30,510100,SH,1157234300.0
2022-11-30,510110,SH,6316799.999999999
2022-11-30,510120,SH,3892400.0
2022-11-30,510130,SH,42685100.0
2022-11-30,510150,SH,1703178599.9999998
2022-11-30,510160,SH,352057400.0
2022-11-30,510170,SH,216914800.0
2022-11-30,510180,SH,5554557700.0
2022-11-30,510190,SH,16650800.0
2022-11-30,510200,SH,66385500.0
2022-11-30,510210,SH,1105692600.0
2022-11-30,510220,SH,3229200.0
2022-11-30,510230,SH,3792808000.0
2022-11-30,510270,SH,11832100.0
2022-11-30,510290,SH,82448900.0
2022-11-30,510300,SH,16609087700.0
2022-11-30,510310,SH,7024307400.0
2022-11-30,510330,SH,5608149800.0
2022-11-30,510350,SH,649014700.0
2022-11-30,510360,SH,1160381200.0
2022-11-30,510370,SH,48258100.00000001
2022-11-30,510380,SH,1047802400.0
2022-11-30,510390,SH,135650000.0
2022-11-30,510410,SH,395258400.0
2022-11-30,510440,SH,20058300.0
2022-11-30,510500,SH,9324968600.0
2022-11-30,510510,SH,1495038299.9999998
2022-11-30,510530,SH,44979399.99999999
2022-11-30,510550,SH,15743300.0
2022-11-30,510560,SH,174318700.0
2022-11-30,510570,SH,10560600.0
2022-11-30,510580,SH,2944965200.0
2022-11-30,510590,SH,95986100.0
2022-11-30,510600,SH,14515100.0
2022-11-30,510630,SH,361361500.0
2022-11-30,510650,SH,26452500.0
2022-11-30,510660,SH,40379700.0
2022-11-30,510680,SH,13024700.0
2022-11-30,510710,SH,179918900.0
2022-11-30,510760,SH,305503700.0
2022-11-30,510770,SH,30610700.0
2022-11-30,510800,SH,572576000.0
2022-11-30,510810,SH,8461093700.0
2022-11-30,510850,SH,80298900.0
2022-11-30,510880,SH,4868675700.0
2022-11-30,510900,SH,12324021900.0
2022-11-30,510990,SH,62948600.0
2022-11-30,511010,SH,5376300.0
2022-11-30,511020,SH,9251700.0
2022-11-30,511030,SH,510407100.0
2022-11-30,511060,SH,5676300.0
2022-11-30,511180,SH,11759700.0
2022-11-30,511220,SH,14318100.0
2022-11-30,511260,SH,5976500.0
2022-11-30,511270,SH,6557500.0
2022-11-30,511310,SH,93000.0
2022-11-30,511360,SH,93500600.0
2022-11-30,511380,SH,154286700.0
2022-11-30,511520,SH,50136500.0
2022-11-30,512000,SH,26187017700.0
2022-11-30,512010,SH,29987694900.000004
2022-11-30,512040,SH,173857900.0
2022-11-30,512070,SH,6961479700.0
2022-11-30,512090,SH,313592300.0
2022-11-30,512100,SH,4186217600.0
2022-11-30,512120,SH,526241900.0
2022-11-30,512150,SH,49073400.0
2022-11-30,512160,SH,297777800.0
2022-11-30,512170,SH,35918820500.0
2022-11-30,512180,SH,98048000.0
2022-11-30,512190,SH,30718400.0
2022-11-30,512200,SH,5276876000.0
2022-11-30,512220,SH,202467600.0
2022-11-30,512260,SH,75697700.0
2022-11-30,512280,SH,58005700.0
2022-11-30,512290,SH,3416820700.0
2022-11-30,512320,SH,62040800.0
2022-11-30,512330,SH,532188000.0
2022-11-30,512360,SH,57337700.00000001
2022-11-30,512380,SH,141805600.0
2022-11-30,512390,SH,228682000.0
2022-11-30,512400,SH,2598539000.0
2022-11-30,512480,SH,16401003600.000002
2022-11-30,512500,SH,1367208800.0
2022-11-30,512510,SH,331429800.00000006
2022-11-30,512520,SH,462056400.0
2022-11-30,512530,SH,44502000.0
2022-11-30,512550,SH,210906000.0
2022-11-30,512560,SH,973127000.0
2022-11-30,512570,SH,233806100.0
2022-11-30,512580,SH,1174471700.0
2022-11-30,512590,SH,17503400.0
2022-11-30,512600,SH,756156100.0
2022-11-30,512610,SH,7640599.999999999
2022-11-30,512640,SH,41240900.0
2022-11-30,512650,SH,466941600.00000006
2022-11-30,512660,SH,10110080000.0
2022-11-30,512670,SH,3261652600.0
2022-11-30,512680,SH,2757730100.0
2022-11-30,512690,SH,11744550200.0
2022-11-30,512700,SH,2142081000.0
2022-11-30,512710,SH,5926158400.0
2022-11-30,512720,SH,1186453400.0
2022-11-30,512730,SH,165583900.0
2022-11-30,512750,SH,121254900.0
2022-11-30,512760,SH,13046322800.0
2022-11-30,512770,SH,179767800.0
2022-11-30,512780,SH,5086500.0
2022-11-30,512800,SH,7291340000.0
2022-11-30,512810,SH,383791700.0
2022-11-30,512820,SH,526601900.0
2022-11-30,512870,SH,31410600.0
2022-11-30,512880,SH,33273291500.0
2022-11-30,512890,SH,300110800.0
2022-11-30,512900,SH,9033406000.0
2022-11-30,512910,SH,351628800.0
2022-11-30,512920,SH,7092600.0
2022-11-30,512930,SH,191130300.0
2022-11-30,512950,SH,4260551000.0
2022-11-30,512960,SH,4467257300.0
2022-11-30,512970,SH,113987600.0
2022-11-30,512980,SH,7849424399.999999
2022-11-30,512990,SH,193015400.0
2022-11-30,513000,SH,56911400.0
2022-11-30,513010,SH,8116307000.0
2022-11-30,513020,SH,412145400.0
2022-11-30,513030,SH,493279000.0
2022-11-30,513050,SH,35602432700.0
2022-11-30,513060,SH,12757893300.0
2022-11-30,513070,SH,50760800.0
2022-11-30,513080,SH,50916000.0
2022-11-30,513090,SH,1190988000.0
2022-11-30,513100,SH,6425110600.000001
2022-11-30,513120,SH,192635400.0
2022-11-30,513130,SH,18714347000.0
2022-11-30,513150,SH,237559800.0
2022-11-30,513160,SH,113189300.0
2022-11-30,513180,SH,33272759500.0
2022-11-30,513200,SH,160282100.0
2022-11-30,513220,SH,137109400.0
2022-11-30,513230,SH,72422700.0
2022-11-30,513260,SH,420243000.0
2022-11-30,513280,SH,160114500.0
2022-11-30,513290,SH,68072100.0
2022-11-30,513300,SH,1199171000.0
2022-11-30,513320,SH,46010600.00000001
2022-11-30,513330,SH,53573480000.0
2022-11-30,513360,SH,955213900.0
2022-11-30,513380,SH,119892500.0
2022-11-30,513500,SH,6233638600.0
2022-11-30,513520,SH,57887200.0
2022-11-30,513530,SH,62438700.0
2022-11-30,513550,SH,3592992000.0
2022-11-30,513580,SH,1714118000.0
2022-11-30,513590,SH,90318900.0
2022-11-30,513600,SH,372829500.0
2022-11-30,513660,SH,1139000100.0
2022-11-30,513680,SH,35746700.0
2022-11-30,513690,SH,736479900.0
2022-11-30,513700,SH,743846000.0
2022-11-30,513770,SH,734568900.0
2022-11-30,513800,SH,57444399.99999999
2022-11-30,513860,SH,950470600.0
2022-11-30,513880,SH,53970000.0
2022-11-30,513890,SH,305128000.0
2022-11-30,513900,SH,266978000.0
2022-11-30,513960,SH,57932299.99999999
2022-11-30,513980,SH,3860204000.0
2022-11-30,513990,SH,91000000.0
2022-11-30,515000,SH,2784289699.9999995
2022-11-30,515010,SH,877271600.0
2022-11-30,515020,SH,536845300.0
2022-11-30,515030,SH,5395384000.0
2022-11-30,515050,SH,10575068500.0
2022-11-30,515060,SH,456478100.0
2022-11-30,515070,SH,741470200.0
2022-11-30,515080,SH,628148900.0
2022-11-30,515090,SH,125801700.0
2022-11-30,515100,SH,104441500.0
2022-11-30,515110,SH,304295000.0
2022-11-30,515120,SH,2451993600.0
2022-11-30,515130,SH,58463200.0
2022-11-30,515150,SH,529703200.0
2022-11-30,515160,SH,509955100.0
2022-11-30,515170,SH,5611757900.0
2022-11-30,515180,SH,1333637000.0
2022-11-30,515190,SH,49466100.0
2022-11-30,515200,SH,128943200.0
2022-11-30,515210,SH,1039226100.0
2022-11-30,515220,SH,2326088500.0
2022-11-30,515230,SH,835690900.0
2022-11-30,515250,SH,886944500.0
2022-11-30,515260,SH,714284200.0
2022-11-30,515280,SH,58218600.0
2022-11-30,515290,SH,7114452900.0
2022-11-30,515300,SH,86675200.0
2022-11-30,515310,SH,27611200.0
2022-11-30,515320,SH,307309000.0
2022-11-30,515330,SH,6584709500.0
2022-11-30,515350,SH,28799200.0
2022-11-30,515360,SH,30779300.0
2022-11-30,515380,SH,868599800.0
2022-11-30,515390,SH,314683000.0
2022-11-30,515400,SH,463631400.0
2022-11-30,515450,SH,178335000.0
2022-11-30,515500,SH,34404800.0
2022-11-30,515510,SH,9534000.0
2022-11-30,515520,SH,22866800.0
2022-11-30,515530,SH,23442700.0
2022-11-30,515550,SH,27345700.0
2022-11-30,515560,SH,504883300.0
2022-11-30,515570,SH,38443900.0
2022-11-30,515580,SH,938031400.0
2022-11-30,515590,SH,24113700.0
2022-11-30,515600,SH,1343797400.0
2022-11-30,515630,SH,113717700.0
2022-11-30,515650,SH,1395184000.0
2022-11-30,515660,SH,496594200.0
2022-11-30,515670,SH,109822500.0
2022-11-30,515680,SH,1313264700.0
2022-11-30,515700,SH,2465510200.0
2022-11-30,515710,SH,1385599800.0
2022-11-30,515750,SH,502140500.0
2022-11-30,515760,SH,205888100.0
2022-11-30,515770,SH,96727300.0
2022-11-30,515780,SH,65785200.00000001
2022-11-30,515790,SH,9744494000.0
2022-11-30,515800,SH,1733437200.0
2022-11-30,515810,SH,110908800.0
2022-11-30,515820,SH,7026100.0
2022-11-30,515850,SH,147791000.0
2022-11-30,515860,SH,190878900.0
2022-11-30,515870,SH,33498900.0
2022-11-30,515880,SH,1612462300.0
2022-11-30,515890,SH,231443900.0
2022-11-30,515900,SH,3296646500.0
2022-11-30,515910,SH,446507000.0
2022-11-30,515920,SH,316405700.0
2022-11-30,515930,SH,8574700.0
2022-11-30,515950,SH,577200600.0
2022-11-30,515960,SH,316991900.0
2022-11-30,515980,SH,398064500.0
2022-11-30,515990,SH,84350200.0
2022-11-30,516000,SH,75855000.0
2022-11-30,516010,SH,578693000.0
2022-11-30,516020,SH,402326200.0
2022-11-30,516050,SH,857228000.0
2022-11-30,516060,SH,156237400.0
2022-11-30,516070,SH,666646000.0
2022-11-30,516080,SH,376554800.00000006
2022-11-30,516090,SH,662844800.0
2022-11-30,516100,SH,71759700.0
2022-11-30,516110,SH,726623100.0
2022-11-30,516120,SH,257082000.0
2022-11-30,516130,SH,115890000.0
2022-11-30,516150,SH,1832077000.0
2022-11-30,516160,SH,2802304000.0
2022-11-30,516180,SH,94987000.0
2022-11-30,516190,SH,21218500.0
2022-11-30,516200,SH,37604000.0
2022-11-30,516210,SH,44831000.0
2022-11-30,516220,SH,232170000.0
2022-11-30,516260,SH,153882600.0
2022-11-30,516270,SH,217409000.0
2022-11-30,516290,SH,287196900.0
2022-11-30,516300,SH,171602200.0
2022-11-30,516310,SH,181458500.0
2022-11-30,516320,SH,58589300.0
2022-11-30,516330,SH,61271300.0
2022-11-30,516350,SH,242415300.0
2022-11-30,516360,SH,132551800.0
2022-11-30,516380,SH,161449300.0
2022-11-30,516390,SH,407261000.0
2022-11-30,516480,SH,23146100.0
2022-11-30,516500,SH,106937200.0
2022-11-30,516510,SH,261890000.0
2022-11-30,516520,SH,179765500.0
2022-11-30,516530,SH,91802300.0
2022-11-30,516550,SH,156414400.0
2022-11-30,516560,SH,97758000.0
2022-11-30,516570,SH,42357600.0
2022-11-30,516580,SH,134124100.0
2022-11-30,516590,SH,133015000.0
2022-11-30,516600,SH,179332100.0
2022-11-30,516610,SH,112974800.0
2022-11-30,516620,SH,140267500.0
2022-11-30,516630,SH,87156000.0
2022-11-30,516640,SH,1282082800.0
2022-11-30,516650,SH,40464800.0
2022-11-30,516660,SH,427689000.0
2022-11-30,516670,SH,597266300.0
2022-11-30,516690,SH,79243000.0
2022-11-30,516700,SH,27622000.0
2022-11-30,516710,SH,162272000.0
2022-11-30,516720,SH,55837800.0
2022-11-30,516730,SH,80880800.0
2022-11-30,516750,SH,88667300.0
2022-11-30,516760,SH,193215100.0
2022-11-30,516770,SH,153448000.0
2022-11-30,516780,SH,773549800.0
2022-11-30,516790,SH,212582200.0
2022-11-30,516800,SH,249154000.0
2022-11-30,516810,SH,223478900.0
2022-11-30,516820,SH,1601415200.0
2022-11-30,516830,SH,312176900.0
2022-11-30,516850,SH,57237000.0
2022-11-30,516860,SH,33522000.0
2022-11-30,516880,SH,847944100.0
2022-11-30,516890,SH,61311400.0
2022-11-30,516900,SH,46229000.0
2022-11-30,516910,SH,78141800.0
2022-11-30,516920,SH,609963000.0
2022-11-30,516930,SH,91139600.0
2022-11-30,516950,SH,1096821000.0
2022-11-30,516960,SH,99051100.0
2022-11-30,516970,SH,7093542500.0
2022-11-30,516980,SH,31516000.0
2022-11-30,517000,SH,712793000.0
2022-11-30,517010,SH,54144200.0
2022-11-30,517030,SH,42040300.0
2022-11-30,517050,SH,981605000.0
2022-11-30,517080,SH,697166000.0
2022-11-30,517090,SH,59075000.0
2022-11-30,517100,SH,494602100.0
2022-11-30,517110,SH,224098500.0
2022-11-30,517120,SH,580966400.0
2022-11-30,517160,SH,2246777500.0
2022-11-30,517170,SH,31131800.0
2022-11-30,517180,SH,38496300.0
2022-11-30,517200,SH,296782000.0
2022-11-30,517270,SH,32091600.0
2022-11-30,517280,SH,51552500.0
2022-11-30,517300,SH,2991434500.0
2022-11-30,517330,SH,2191169000.0
2022-11-30,517350,SH,205042000.0
2022-11-30,517360,SH,86583000.0
2022-11-30,517380,SH,306326300.0
2022-11-30,517390,SH,72112600.0
2022-11-30,517500,SH,65113000.0
2022-11-30,517550,SH,26417400.0
2022-11-30,517660,SH,53080700.0
2022-11-30,517760,SH,9552600.0
2022-11-30,517770,SH,37947800.0
2022-11-30,517780,SH,6451100.0
2022-11-30,517800,SH,76539700.0
2022-11-30,517850,SH,254185200.0
2022-11-30,517880,SH,61337100.0
2022-11-30,517900,SH,32993500.0
2022-11-30,517960,SH,206182000.0
2022-11-30,517990,SH,14987900.0
2022-11-30,518600,SH,29293600.0
2022-11-30,518660,SH,28652700.0
2022-11-30,518680,SH,33058000.0
2022-11-30,518800,SH,209519900.00000003
2022-11-30,518850,SH,32478700.0
2022-11-30,518860,SH,14559800.0
2022-11-30,518880,SH,2321140800.0
2022-11-30,518890,SH,15854800.0
2022-11-30,560000,SH,19022900.0
2022-11-30,560010,SH,2227621700.0
2022-11-30,560050,SH,8325934399.999999
2022-11-30,560060,SH,600090000.0
2022-11-30,560080,SH,80765000.0
2022-11-30,560100,SH,148080300.0
2022-11-30,560110,SH,610903500.0
2022-11-30,560500,SH,990339000.0
2022-11-30,560550,SH,1349597400.0
2022-11-30,560560,SH,151190100.0
2022-11-30,560600,SH,9705800.0
2022-11-30,560650,SH,37919200.0
2022-11-30,560660,SH,181969000.0
2022-11-30,560680,SH,17225600.0
2022-11-30,560800,SH,885951100.0
2022-11-30,560880,SH,897232000.0
2022-11-30,560900,SH,210969100.0
2022-11-30,560980,SH,315022000.0
2022-11-30,560990,SH,80687100.0
2022-11-30,561100,SH,296746900.0
2022-11-30,561120,SH,142159900.0
2022-11-30,561130,SH,291935200.0
2022-11-30,561150,SH,4486600.0
2022-11-30,561160,SH,893335000.0
2022-11-30,561180,SH,1117609600.0
2022-11-30,561190,SH,1867318000.0
2022-11-30,561300,SH,1084965000.0
2022-11-30,561310,SH,176916600.0
2022-11-30,561330,SH,57696100.0
2022-11-30,561350,SH,220700000.0
2022-11-30,561500,SH,140100300.0
2022-11-30,561510,SH,124206000.0
2022-11-30,561550,SH,914989600.0
2022-11-30,561560,SH,93624200.0
2022-11-30,561600,SH,72274000.0
2022-11-30,561700,SH,141813600.0
2022-11-30,561710,SH,217596100.0
2022-11-30,561800,SH,115077200.0
2022-11-30,561900,SH,77334400.0
2022-11-30,561910,SH,423076600.00000006
2022-11-30,561990,SH,606149200.0
2022-11-30,562000,SH,958368900.0
2022-11-30,562300,SH,146495000.0
2022-11-30,562310,SH,2380572300.0
2022-11-30,562350,SH,49410900.0
2022-11-30,562360,SH,95474000.0
2022-11-30,562390,SH,73429000.0
2022-11-30,562500,SH,229187300.0
2022-11-30,562510,SH,400095000.0
2022-11-30,562520,SH,38568000.0
2022-11-30,562530,SH,49144000.0
2022-11-30,562800,SH,965695000.0
2022-11-30,562880,SH,257899600.0
2022-11-30,562900,SH,72706300.0
2022-11-30,562910,SH,123227300.0
2022-11-30,562950,SH,109258300.0
2022-11-30,562990,SH,2954756000.0
2022-11-30,563000,SH,7050951100.0
2022-11-30,588000,SH,42109168200.0
2022-11-30,588010,SH,92925800.0
2022-11-30,588050,SH,5217241300.0
2022-11-30,588060,SH,897140000.0
2022-11-30,588080,SH,15586628100.0
2022-11-30,588090,SH,3467672800.0000005
2022-11-30,588100,SH,522248700.0
2022-11-30,588150,SH,157932600.0
2022-11-30,588160,SH,105996000.0
2022-11-30,588180,SH,2771853700.0
2022-11-30,588200,SH,210894800.0
2022-11-30,588260,SH,265746000.0
2022-11-30,588280,SH,232121000.0
2022-11-30,588290,SH,91397000.0
2022-11-30,588300,SH,2413210500.0
2022-11-30,588310,SH,79037500.0
2022-11-30,588330,SH,1729737800.0
2022-11-30,588350,SH,310546000.0
2022-11-30,588360,SH,826681799.9999999
2022-11-30,588380,SH,2876770000.0
2022-11-30,588390,SH,437935900.0
2022-11-30,588400,SH,2886600600.0
2023-01-31,510010,SH,163524400.0
2023-01-31,510020,SH,36548000.0
2023-01-31,510030,SH,143729800.0
2023-01-31,510050,SH,21610566800.0
2023-01-31,510060,SH,46959200.0
2023-01-31,510090,SH,33081100.0
2023-01-31,510100,SH,1272234300.0
2023-01-31,510110,SH,6016799.999999999
2023-01-31,510120,SH,3892400.0
2023-01-31,510130,SH,41485100.0
2023-01-31,510150,SH,1805178600.0
2023-01-31,510160,SH,354057400.0
2023-01-31,510170,SH,208914800.0
2023-01-31,510180,SH,5663557700.0
2023-01-31,510190,SH,16650800.0
2023-01-31,510200,SH,61885500.0
2023-01-31,510210,SH,1000692600.0
2023-01-31,510230,SH,3746808000.0
2023-01-31,510270,SH,11832100.0
2023-01-31,510290,SH,82448900.0
2023-01-31,510300,SH,20893987700.0
2023-01-31,510310,SH,8780307400.0
2023-01-31,510330,SH,6781749800.0
2023-01-31,510350,SH,632814700.0
2023-01-31,510360,SH,1142381200.0
2023-01-31,510370,SH,33258100.0
2023-01-31,510380,SH,1044802400.0
2023-01-31,510390,SH,158150000.0
2023-01-31,510410,SH,363258400.0
2023-01-31,510500,SH,10883368600.000002
2023-01-31,510510,SH,1573038299.9999998
2023-01-31,510530,SH,42479399.99999999
2023-01-31,510550,SH,15743300.0
2023-01-31,510560,SH,138318700.0
2023-01-31,510570,SH,10560600.0
2023-01-31,510580,SH,2959965200.0
2023-01-31,510590,SH,96786100.0
2023-01-31,510600,SH,13915100.0
2023-01-31,510630,SH,365361500.0
2023-01-31,510650,SH,28952500.0
2023-01-31,510660,SH,38879700.0
2023-01-31,510680,SH,10624700.0
2023-01-31,510710,SH,176318900.0
2023-01-31,510760,SH,266503700.0
2023-01-31,510770,SH,47110700.0
2023-01-31,510800,SH,479576000.0
2023-01-31,510810,SH,8395093700.0
2023-01-31,510850,SH,85698900.0
2023-01-31,510880,SH,5399175699.999999
2023-01-31,510900,SH,12312021900.0
2023-01-31,510990,SH,66948600.0
2023-01-31,511010,SH,4556300.0
2023-01-31,511020,SH,9461700.0
2023-01-31,511030,SH,508907100.0
2023-01-31,511060,SH,5866300.0
2023-01-31,511180,SH,11959700.0
2023-01-31,511220,SH,143781400.0
2023-01-31,511260,SH,4516500.0
2023-01-31,511270,SH,6557500.0
2023-01-31,511310,SH,93000.0
2023-01-31,511360,SH,102870600.0
2023-01-31,511380,SH,202586700.0
2023-01-31,511520,SH,41536500.0
2023-01-31,511580,SH,5048800.0
2023-01-31,512000,SH,26690417700.0
2023-01-31,512010,SH,26380694900.000004
2023-01-31,512040,SH,218857900.0
2023-01-31,512070,SH,10676479700.0
2023-01-31,512090,SH,313592300.0
2023-01-31,512100,SH,5889217600.0
2023-01-31,512120,SH,476241900.0
2023-01-31,512150,SH,42073400.0
2023-01-31,512160,SH,321777800.0
2023-01-31,512170,SH,32942820500.0
2023-01-31,512180,SH,96048000.0
2023-01-31,512190,SH,32118400.0
2023-01-31,512200,SH,6375376000.0
2023-01-31,512220,SH,203967600.0
2023-01-31,512260,SH,65297700.00000001
2023-01-31,512280,SH,58005700.0
2023-01-31,512290,SH,3304820700.0
2023-01-31,512320,SH,35040800.0
2023-01-31,512330,SH,533688000.0
2023-01-31,512360,SH,57337700.00000001
2023-01-31,512380,SH,135805600.0
2023-01-31,512390,SH,192682000.0
2023-01-31,512400,SH,2759539000.0
2023-01-31,512480,SH,18795003600.0
2023-01-31,512500,SH,1318408800.0
2023-01-31,512510,SH,329929800.00000006
2023-01-31,512520,SH,456056400.0
2023-01-31,512530,SH,44502000.0
2023-01-31,512550,SH,205906000.0
2023-01-31,512560,SH,1049127000.0
2023-01-31,512570,SH,225806100.0
2023-01-31,512580,SH,1119271700.0
2023-01-31,512590,SH,10503400.0
2023-01-31,512600,SH,693756100.0
2023-01-31,512640,SH,42740900.0
2023-01-31,512650,SH,460941600.00000006
2023-01-31,512660,SH,10516080000.0
2023-01-31,512670,SH,3519652600.0
2023-01-31,512680,SH,3353730100.0
2023-01-31,512690,SH,11219850200.0
2023-01-31,512700,SH,1810081000.0
2023-01-31,512710,SH,7519658400.0
2023-01-31,512720,SH,1684453400.0
2023-01-31,512730,SH,156083900.0
2023-01-31,512750,SH,117654900.0
2023-01-31,512760,SH,14254322800.0
2023-01-31,512770,SH,177767800.0
2023-01-31,512800,SH,6592640000.0
2023-01-31,512810,SH,389791700.0
2023-01-31,512820,SH,442001900.0
2023-01-31,512870,SH,31410600.0
2023-01-31,512880,SH,33708291500.0
2023-01-31,512890,SH,319110800.0
2023-01-31,512900,SH,8150406000.0
2023-01-31,512910,SH,321628800.0
2023-01-31,512920,SH,7092600.0
2023-01-31,512930,SH,169130300.0
2023-01-31,512950,SH,4364551000.0
2023-01-31,512960,SH,4480257300.0
2023-01-31,512970,SH,64987600.0
2023-01-31,512980,SH,8102924399.999999
2023-01-31,512990,SH,259015400.0
2023-01-31,513000,SH,61911400.0
2023-01-31,513010,SH,7086307000.0
2023-01-31,513020,SH,353145400.0
2023-01-31,513030,SH,445279000.0
2023-01-31,513050,SH,35637432700.0
2023-01-31,513060,SH,10805393300.0
2023-01-31,513070,SH,126760800.0
2023-01-31,513080,SH,51416000.0
2023-01-31,513090,SH,1015488000.0
2023-01-31,513100,SH,6665110600.000001
2023-01-31,513120,SH,181635400.0
2023-01-31,513130,SH,15173347000.0
2023-01-31,513140,SH,87368000.0
2023-01-31,513150,SH,166559800.0
2023-01-31,513160,SH,105189300.0
2023-01-31,513180,SH,30226759500.0
2023-01-31,513200,SH,196282100.0
2023-01-31,513220,SH,81109400.0
2023-01-31,513230,SH,66422700.00000001
2023-01-31,513260,SH,394243000.0
2023-01-31,513280,SH,87114500.0
2023-01-31,513290,SH,76072100.0
2023-01-31,513300,SH,1373171000.0
2023-01-31,513310,SH,77427000.0
2023-01-31,513320,SH,48010600.00000001
2023-01-31,513330,SH,53323480000.0
2023-01-31,513360,SH,830713900.0
2023-01-31,513380,SH,86392500.0
2023-01-31,513500,SH,4861638600.0
2023-01-31,513520,SH,64387200.0
2023-01-31,513530,SH,58438700.0
2023-01-31,513550,SH,3161992000.0
2023-01-31,513580,SH,1643118000.0
2023-01-31,513590,SH,96918900.0
2023-01-31,513600,SH,285829500.0
2023-01-31,513660,SH,1355000100.0
2023-01-31,513680,SH,42746700.0
2023-01-31,513690,SH,674979900.0
2023-01-31,513700,SH,733846000.0
2023-01-31,513770,SH,718068900.0
2023-01-31,513800,SH,58244399.99999999
2023-01-31,513860,SH,839470600.0
2023-01-31,513880,SH,63970000.0
2023-01-31,513890,SH,276128000.0
2023-01-31,513900,SH,192978000.0
2023-01-31,513960,SH,59932299.99999999
2023-01-31,513980,SH,3947204000.0
2023-01-31,513990,SH,85000000.0
2023-01-31,515000,SH,3092289699.9999995
2023-01-31,515010,SH,829771600.0
2023-01-31,515020,SH,555845300.0
2023-01-31,515030,SH,6108384000.0
2023-01-31,515050,SH,10361068500.0
2023-01-31,515060,SH,495478100.0
2023-01-31,515070,SH,751970200.0
2023-01-31,515080,SH,766148900.0
2023-01-31,515090,SH,125801700.0
2023-01-31,515100,SH,128941500.0
2023-01-31,515110,SH,303295000.0
2023-01-31,515120,SH,2398993600.0
2023-01-31,515130,SH,64463200.0
2023-01-31,515150,SH,623703200.0
2023-01-31,515160,SH,669955100.0
2023-01-31,515170,SH,5112257900.0
2023-01-31,515180,SH,1219637000.0
2023-01-31,515190,SH,51466100.0
2023-01-31,515200,SH,120943200.0
2023-01-31,515210,SH,1102726100.0
2023-01-31,515220,SH,2013588500.0
2023-01-31,515230,SH,909690900.0
2023-01-31,515250,SH,863944500.0
2023-01-31,515260,SH,716284200.0
2023-01-31,515280,SH,54618600.0
2023-01-31,515290,SH,6331492900.0
2023-01-31,515300,SH,90675200.0
2023-01-31,515310,SH,38111200.0
2023-01-31,515320,SH,400309000.0
2023-01-31,515330,SH,6587709500.0
2023-01-31,515350,SH,26999200.0
2023-01-31,515360,SH,29279300.0
2023-01-31,515380,SH,880299800.0
2023-01-31,515390,SH,230683000.0
2023-01-31,515400,SH,772631400.0
2023-01-31,515450,SH,174335000.0
2023-01-31,515500,SH,23404800.0
2023-01-31,515510,SH,9534000.0
2023-01-31,515520,SH,20866800.0
2023-01-31,515530,SH,22642700.0
2023-01-31,515550,SH,27345700.0
2023-01-31,515560,SH,486883300.0
2023-01-31,515570,SH,38443900.0
2023-01-31,515580,SH,938031400.0
2023-01-31,515590,SH,24113700.0
2023-01-31,515600,SH,1355797400.0
2023-01-31,515630,SH,102717700.0
2023-01-31,515650,SH,1669184000.0
2023-01-31,515660,SH,475894200.0
2023-01-31,515670,SH,106822500.0
2023-01-31,515680,SH,1336264700.0
2023-01-31,515700,SH,2852510200.0
2023-01-31,515710,SH,1205599800.0
2023-01-31,515750,SH,496140500.0
2023-01-31,515760,SH,203888100.0
2023-01-31,515770,SH,90727300.0
2023-01-31,515780,SH,41785200.00000001
2023-01-31,515790,SH,10630494000.0
2023-01-31,515800,SH,1837437200.0
2023-01-31,515810,SH,122908800.0
2023-01-31,515820,SH,7026100.0
2023-01-31,515850,SH,173291000.0
2023-01-31,515860,SH,187878900.0
2023-01-31,515870,SH,31498900.0
2023-01-31,515880,SH,1607462300.0
2023-01-31,515890,SH,242443900.0
2023-01-31,515900,SH,3310646500.0
2023-01-31,515910,SH,428507000.0
2023-01-31,515920,SH,310405700.0
2023-01-31,515930,SH,7674700.0
2023-01-31,515950,SH,563200600.0
2023-01-31,515960,SH,306991900.0
2023-01-31,515980,SH,390064500.0
2023-01-31,515990,SH,84350200.0
2023-01-31,516000,SH,74855000.0
2023-01-31,516010,SH,570693000.0
2023-01-31,516020,SH,477826200.0
2023-01-31,516050,SH,854228000.0
2023-01-31,516060,SH,147237400.0
2023-01-31,516070,SH,632646000.0
2023-01-31,516080,SH,350554800.00000006
2023-01-31,516090,SH,684844800.0
2023-01-31,516100,SH,71759700.0
2023-01-31,516110,SH,1089623100.0
2023-01-31,516120,SH,376082000.0
2023-01-31,516130,SH,111890000.0
2023-01-31,516150,SH,1865577000.0
2023-01-31,516160,SH,2923804000.0
2023-01-31,516180,SH,82987000.0
2023-01-31,516190,SH,20318500.0
2023-01-31,516200,SH,35604000.0
2023-01-31,516210,SH,44531000.0
2023-01-31,516220,SH,224170000.0
2023-01-31,516260,SH,153882600.0
2023-01-31,516270,SH,214409000.0
2023-01-31,516290,SH,273196900.0
2023-01-31,516300,SH,151602200.0
2023-01-31,516310,SH,177258500.0
2023-01-31,516320,SH,58589300.0
2023-01-31,516330,SH,56471300.0
2023-01-31,516350,SH,270415300.0
2023-01-31,516360,SH,141551800.0
2023-01-31,516380,SH,160449300.0
2023-01-31,516390,SH,383261000.0
2023-01-31,516480,SH,22146100.0
2023-01-31,516500,SH,108937200.0
2023-01-31,516510,SH,276890000.0
2023-01-31,516520,SH,147765500.0
2023-01-31,516530,SH,96302300.0
2023-01-31,516550,SH,153414400.0
2023-01-31,516560,SH,88258000.0
2023-01-31,516570,SH,46357600.0
2023-01-31,516580,SH,136124100.0
2023-01-31,516590,SH,132015000.0
2023-01-31,516600,SH,173332100.0
2023-01-31,516610,SH,119974800.0
2023-01-31,516620,SH,82267500.0
2023-01-31,516630,SH,83156000.0
2023-01-31,516640,SH,1519682800.0
2023-01-31,516650,SH,43464799.99999999
2023-01-31,516660,SH,404689000.0
2023-01-31,516670,SH,673266300.0
2023-01-31,516690,SH,74243000.0
2023-01-31,516700,SH,30622000.0
2023-01-31,516710,SH,162272000.0
2023-01-31,516720,SH,54337800.0
2023-01-31,516730,SH,70880800.0
2023-01-31,516750,SH,81167300.0
2023-01-31,516760,SH,175215099.99999997
2023-01-31,516770,SH,131848000.0
2023-01-31,516780,SH,773549800.0
2023-01-31,516790,SH,200882200.0
2023-01-31,516800,SH,247154000.0
2023-01-31,516810,SH,222478900.0
2023-01-31,516820,SH,1572415200.0
2023-01-31,516830,SH,344676900.0
2023-01-31,516850,SH,68237000.0
2023-01-31,516860,SH,45522000.0
2023-01-31,516880,SH,841944100.0
2023-01-31,516890,SH,64311400.0
2023-01-31,516900,SH,41729000.0
2023-01-31,516910,SH,109141800.0
2023-01-31,516920,SH,624963000.0
2023-01-31,516930,SH,85139599.99999999
2023-01-31,516950,SH,1129821000.0
2023-01-31,516960,SH,96051100.0
2023-01-31,516970,SH,6838542500.0
2023-01-31,516980,SH,26016000.0
2023-01-31,517000,SH,687793000.0
2023-01-31,517010,SH,54144200.0
2023-01-31,517030,SH,42040300.0
2023-01-31,517050,SH,921605000.0
2023-01-31,517080,SH,677166000.0
2023-01-31,517090,SH,76075000.0
2023-01-31,517100,SH,494602100.0
2023-01-31,517110,SH,195098500.0
2023-01-31,517120,SH,524966400.0
2023-01-31,517160,SH,2212777500.0
2023-01-31,517170,SH,46131800.0
2023-01-31,517180,SH,34496300.0
2023-01-31,517200,SH,277782000.0
2023-01-31,517270,SH,32091600.0
2023-01-31,517280,SH,46552500.0
2023-01-31,517300,SH,2940434500.0
2023-01-31,517330,SH,2144169000.0
2023-01-31,517350,SH,199042000.0
2023-01-31,517360,SH,83583000.0
2023-01-31,517380,SH,286326300.0
2023-01-31,517390,SH,70112600.0
2023-01-31,517500,SH,61113000.0
2023-01-31,517550,SH,44417400.0
2023-01-31,517660,SH,42280700.0
2023-01-31,517760,SH,15552600.0
2023-01-31,517770,SH,39947800.0
2023-01-31,517780,SH,9451100.0
2023-01-31,517800,SH,76539700.0
2023-01-31,517850,SH,230185200.0
2023-01-31,517880,SH,57337100.0
2023-01-31,517900,SH,43993500.0
2023-01-31,517960,SH,208182000.0
2023-01-31,517990,SH,23987900.0
2023-01-31,518600,SH,25093600.0
2023-01-31,518660,SH,26852700.0
2023-01-31,518680,SH,27058000.0
2023-01-31,518800,SH,233819900.00000003
2023-01-31,518850,SH,34878700.0
2023-01-31,518860,SH,12159800.0
2023-01-31,518880,SH,2188840800.0
2023-01-31,518890,SH,13454800.0
2023-01-31,560000,SH,20022900.0
2023-01-31,560010,SH,2169621700.0
2023-01-31,560050,SH,10249934400.0
2023-01-31,560060,SH,546090000.0
2023-01-31,560080,SH,1527765000.0
2023-01-31,560100,SH,139080300.0
2023-01-31,560110,SH,616903500.0
2023-01-31,560500,SH,1018339000.0
2023-01-31,560550,SH,1207597400.0
2023-01-31,560560,SH,141190100.0
2023-01-31,560600,SH,8705800.0
2023-01-31,560650,SH,30419200.0
2023-01-31,560660,SH,175969000.0
2023-01-31,560680,SH,41225600.00000001
2023-01-31,560800,SH,905951100.0
2023-01-31,560880,SH,928732000.0
2023-01-31,560900,SH,209969100.0
2023-01-31,560960,SH,70598900.0
2023-01-31,560980,SH,109522000.0
2023-01-31,560990,SH,73187100.0
2023-01-31,561000,SH,147420000.0
2023-01-31,561100,SH,326746900.0
2023-01-31,561120,SH,149659900.0
2023-01-31,561130,SH,271935200.0
2023-01-31,561160,SH,816835000.0
2023-01-31,561180,SH,203609600.0
2023-01-31,561190,SH,1629318000.0
2023-01-31,561300,SH,1483965000.0
2023-01-31,561310,SH,166916600.0
2023-01-31,561320,SH,223369000.0
2023-01-31,561330,SH,46696100.0
2023-01-31,561350,SH,220700000.0
2023-01-31,561500,SH,126600300.0
2023-01-31,561510,SH,118206000.0
2023-01-31,561550,SH,850489600.0000001
2023-01-31,561560,SH,129124200.0
2023-01-31,561590,SH,128999600.0
2023-01-31,561600,SH,75274000.0
2023-01-31,561700,SH,153813600.0
2023-01-31,561710,SH,105596100.0
2023-01-31,561800,SH,118577200.0
2023-01-31,561900,SH,77334400.0
2023-01-31,561910,SH,393076600.00000006
2023-01-31,561990,SH,819149200.0
2023-01-31,562000,SH,844368900.0
2023-01-31,562010,SH,52298700.0
2023-01-31,562300,SH,144495000.0
2023-01-31,562310,SH,1624572300.0
2023-01-31,562320,SH,70295500.0
2023-01-31,562350,SH,40410900.0
2023-01-31,562360,SH,97474000.0
2023-01-31,562390,SH,71429000.0
2023-01-31,562500,SH,236687300.0
2023-01-31,562510,SH,475095000.0
2023-01-31,562520,SH,38568000.0
2023-01-31,562530,SH,34144000.0
2023-01-31,562800,SH,954445000.0
2023-01-31,562880,SH,248899600.0
2023-01-31,562900,SH,68706300.0
2023-01-31,562910,SH,123227300.0
2023-01-31,562950,SH,112258300.0
2023-01-31,562990,SH,2645756000.0
2023-01-31,563000,SH,8830951100.0
2023-01-31,588000,SH,51653668200.0
2023-01-31,588010,SH,62925800.0
2023-01-31,588050,SH,5339241300.0
2023-01-31,588060,SH,1121140000.0
2023-01-31,588080,SH,18289628100.0
2023-01-31,588090,SH,3636672800.000001
2023-01-31,588100,SH,466248700.0
2023-01-31,588150,SH,190432600.0
2023-01-31,588160,SH,89496000.0
2023-01-31,588180,SH,2890853700.0
2023-01-31,588200,SH,261894800.0
2023-01-31,588260,SH,199746000.0
2023-01-31,588280,SH,224121000.0
2023-01-31,588290,SH,93897000.0
2023-01-31,588300,SH,2302210500.0
2023-01-31,588310,SH,79037500.0
2023-01-31,588320,SH,14824600.0
2023-01-31,588330,SH,1617737800.0
2023-01-31,588350,SH,1930546000.0
2023-01-31,588360,SH,790281799.9999999
2023-01-31,588370,SH,335772000.0
2023-01-31,588380,SH,2780770000.0
2023-01-31,588390,SH,437935900.0
2023-01-31,588400,SH,2814600600.0
2023-01-31,588460,SH,474014000.0
2023-02-28,510010,SH,163524400.0
2023-02-28,510020,SH,36948000.0
2023-02-28,510030,SH,152729800.0
2023-02-28,510050,SH,20992266800.0
2023-02-28,510060,SH,43959200.0
2023-02-28,510090,SH,33081100.0
2023-02-28,510100,SH,1134619900.0
2023-02-28,510110,SH,6016799.999999999
2023-02-28,510120,SH,3892400.0
2023-02-28,510130,SH,41485100.0
2023-02-28,510150,SH,1755178599.9999998
2023-02-28,510160,SH,350057400.0
2023-02-28,510170,SH,210914800.0
2023-02-28,510180,SH,5639057700.0
2023-02-28,510190,SH,16650800.0
2023-02-28,510200,SH,66885500.0
2023-02-28,510210,SH,1133192600.0
2023-02-28,510230,SH,3665808000.0
2023-02-28,510270,SH,12832100.0
2023-02-28,510290,SH,82448900.0
2023-02-28,510300,SH,17242687700.0
2023-02-28,510310,SH,8272307400.0
2023-02-28,510330,SH,6161649800.0
2023-02-28,510350,SH,629214700.0
2023-02-28,510360,SH,1139381200.0
2023-02-28,510370,SH,51258100.00000001
2023-02-28,510380,SH,1074802400.0
2023-02-28,510390,SH,160850000.0
2023-02-28,510410,SH,354258399.99999994
2023-02-28,510500,SH,7742568600.0
2023-02-28,510510,SH,1555038299.9999998
2023-02-28,510530,SH,42479399.99999999
2023-02-28,510550,SH,15743300.0
2023-02-28,510560,SH,138318700.0
2023-02-28,510570,SH,10560600.0
2023-02-28,510580,SH,2908965200.0
2023-02-28,510590,SH,92386100.0
2023-02-28,510600,SH,13915100.0
2023-02-28,510630,SH,341361500.0
2023-02-28,510650,SH,28952500.0
2023-02-28,510660,SH,37879700.0
2023-02-28,510680,SH,11524700.0
2023-02-28,510710,SH,169718900.0
2023-02-28,510760,SH,242503700.0
2023-02-28,510770,SH,45610700.0
2023-02-28,510800,SH,480576000.0
2023-02-28,510810,SH,8396093700.0
2023-02-28,510850,SH,82698900.0
2023-02-28,510880,SH,5180675700.0
2023-02-28,510900,SH,11857021900.0
2023-02-28,510990,SH,58948600.0
2023-02-28,511010,SH,6086300.0
2023-02-28,511020,SH,9461700.0
2023-02-28,511030,SH,505907100.0
2023-02-28,511060,SH,5866300.0
2023-02-28,511180,SH,8859700.0
2023-02-28,511220,SH,142581400.0
2023-02-28,511260,SH,5146500.0
2023-02-28,511270,SH,6557500.0
2023-02-28,511310,SH,93000.0
2023-02-28,511360,SH,106100600.0
2023-02-28,511380,SH,199686700.0
2023-02-28,511520,SH,33636500.0
2023-02-28,511580,SH,4398800.0
2023-02-28,512000,SH,27240917700.0
2023-02-28,512010,SH,28012694900.000004
2023-02-28,512040,SH,198857900.0
2023-02-28,512070,SH,9449479700.0
2023-02-28,512090,SH,309592300.0
2023-02-28,512100,SH,3668217600.0
2023-02-28,512120,SH,475241900.0
2023-02-28,512150,SH,42073400.0
2023-02-28,512160,SH,317777800.0
2023-02-28,512170,SH,34319820500.0
2023-02-28,512180,SH,96048000.0
2023-02-28,512190,SH,32118400.0
2023-02-28,512200,SH,6400376000.0
2023-02-28,512220,SH,241467600.0
2023-02-28,512260,SH,64497700.00000001
2023-02-28,512280,SH,56005700.0
2023-02-28,512290,SH,3876820700.0
2023-02-28,512320,SH,32040800.0
2023-02-28,512330,SH,532188000.0
2023-02-28,512360,SH,57337700.00000001
2023-02-28,512380,SH,132805600.0
2023-02-28,512390,SH,192682000.0
2023-02-28,512400,SH,3437039000.0
2023-02-28,512480,SH,21745003600.0
2023-02-28,512500,SH,1123208800.0
2023-02-28,512510,SH,319429800.0
2023-02-28,512520,SH,105056400.0
2023-02-28,512530,SH,44502000.0
2023-02-28,512550,SH,196906000.0
2023-02-28,512560,SH,1063127000.0
2023-02-28,512570,SH,241806100.0
2023-02-28,512580,SH,1116871700.0
2023-02-28,512590,SH,10503400.0
2023-02-28,512600,SH,632656100.0
2023-02-28,512640,SH,42740900.0
2023-02-28,512650,SH,458941600.00000006
2023-02-28,512660,SH,10064080000.0
2023-02-28,512670,SH,3442652600.0
2023-02-28,512680,SH,3361730100.0
2023-02-28,512690,SH,11879850200.0
2023-02-28,512700,SH,1643081000.0
2023-02-28,512710,SH,7895658400.0
2023-02-28,512720,SH,1282453400.0
2023-02-28,512730,SH,155083900.0
2023-02-28,512750,SH,117654900.0
2023-02-28,512760,SH,15062322800.0
2023-02-28,512770,SH,179767800.0
2023-02-28,512800,SH,6270140000.0
2023-02-28,512810,SH,397791700.0
2023-02-28,512820,SH,385301900.0
2023-02-28,512870,SH,31410600.0
2023-02-28,512880,SH,33992291500.0
2023-02-28,512890,SH,336110800.0
2023-02-28,512900,SH,8204906000.0
2023-02-28,512910,SH,326128800.0
2023-02-28,512930,SH,173130300.0
2023-02-28,512950,SH,4261551000.0
2023-02-28,512960,SH,4371257300.0
2023-02-28,512970,SH,64987600.0
2023-02-28,512980,SH,6770924399.999999
2023-02-28,512990,SH,259015400.0
2023-02-28,513000,SH,61911400.0
2023-02-28,513010,SH,6929307000.0
2023-02-28,513020,SH,359145400.0
2023-02-28,513030,SH,421779000.0
2023-02-28,513050,SH,35655432700.0
2023-02-28,513060,SH,11217893300.0
2023-02-28,513070,SH,111760800.0
2023-02-28,513080,SH,51416000.0
2023-02-28,513090,SH,1076488000.0
2023-02-28,513100,SH,6703110600.000001
2023-02-28,513120,SH,279135400.0
2023-02-28,513130,SH,16582347000.0
2023-02-28,513140,SH,57368000.0
2023-02-28,513150,SH,181559800.0
2023-02-28,513160,SH,92189300.0
2023-02-28,513180,SH,30167759500.0
2023-02-28,513200,SH,234282100.0
2023-02-28,513220,SH,91109400.0
2023-02-28,513230,SH,58422700.00000001
2023-02-28,513260,SH,531243000.0
2023-02-28,513280,SH,79114500.0
2023-02-28,513290,SH,75072100.0
2023-02-28,513300,SH,1433171000.0
2023-02-28,513310,SH,58427000.0
2023-02-28,513320,SH,57010600.00000001
2023-02-28,513330,SH,56215480000.0
2023-02-28,513360,SH,805213900.0
2023-02-28,513380,SH,98892500.0
2023-02-28,513500,SH,4724638600.0
2023-02-28,513520,SH,64387200.0
2023-02-28,513530,SH,66438700.0
2023-02-28,513550,SH,3202992000.0
2023-02-28,513560,SH,435386000.0
2023-02-28,513580,SH,1883118000.0
2023-02-28,513590,SH,93018900.0
2023-02-28,513600,SH,269829500.0
2023-02-28,513660,SH,1212000100.0
2023-02-28,513680,SH,42746700.0
2023-02-28,513690,SH,623979900.0
2023-02-28,513700,SH,1032846000.0
2023-02-28,513770,SH,879568900.0
2023-02-28,513800,SH,58644399.99999999
2023-02-28,513860,SH,816470600.0
2023-02-28,513880,SH,59470000.0
2023-02-28,513890,SH,293128000.0
2023-02-28,513900,SH,179978000.0
2023-02-28,513960,SH,59932299.99999999
2023-02-28,513980,SH,4200204000.0
2023-02-28,513990,SH,82000000.0
2023-02-28,515000,SH,2750289699.9999995
2023-02-28,515010,SH,866271600.0
2023-02-28,515020,SH,565345300.0
2023-02-28,515030,SH,6405384000.0
2023-02-28,515050,SH,9975068500.0
2023-02-28,515060,SH,521478100.0
2023-02-28,515070,SH,847970200.0
2023-02-28,515080,SH,774148900.0
2023-02-28,515090,SH,113801700.0
2023-02-28,515100,SH,144441500.0
2023-02-28,515110,SH,302295000.0
2023-02-28,515120,SH,2693993600.0
2023-02-28,515130,SH,55463200.0
2023-02-28,515150,SH,624703200.0
2023-02-28,515160,SH,665955100.0
2023-02-28,515170,SH,4741757900.0
2023-02-28,515180,SH,1294637000.0
2023-02-28,515190,SH,49466100.0
2023-02-28,515200,SH,118943200.0
2023-02-28,515210,SH,1225726100.0
2023-02-28,515220,SH,1753088500.0
2023-02-28,515230,SH,843690900.0
2023-02-28,515250,SH,734944500.0
2023-02-28,515260,SH,701284200.0
2023-02-28,515280,SH,57918600.0
2023-02-28,515290,SH,5984852900.0
2023-02-28,515300,SH,92175200.0
2023-02-28,515310,SH,38111200.0
2023-02-28,515320,SH,392309000.0
2023-02-28,515330,SH,6557709500.0
2023-02-28,515350,SH,26099200.0
2023-02-28,515360,SH,29279300.0
2023-02-28,515380,SH,864099800.0
2023-02-28,515390,SH,194683000.0
2023-02-28,515400,SH,986631400.0
2023-02-28,515450,SH,119335000.0
2023-02-28,515500,SH,23404800.0
2023-02-28,515510,SH,9534000.0
2023-02-28,515520,SH,20466800.0
2023-02-28,515530,SH,26642700.0
2023-02-28,515550,SH,27345700.0
2023-02-28,515560,SH,490883300.0
2023-02-28,515570,SH,37443900.0
2023-02-28,515580,SH,488031400.0
2023-02-28,515590,SH,24113700.0
2023-02-28,515600,SH,1339797400.0
2023-02-28,515630,SH,102717700.0
2023-02-28,515650,SH,1667184000.0
2023-02-28,515660,SH,368794200.0
2023-02-28,515670,SH,106822500.0
2023-02-28,515680,SH,1342264700.0
2023-02-28,515700,SH,2798510200.0
2023-02-28,515710,SH,1073599800.0
2023-02-28,515750,SH,543140500.0
2023-02-28,515760,SH,203388100.0
2023-02-28,515770,SH,84727300.0
2023-02-28,515780,SH,35785200.0
2023-02-28,515790,SH,10800494000.0
2023-02-28,515800,SH,1837437200.0
2023-02-28,515810,SH,116908800.0
2023-02-28,515820,SH,7026100.0
2023-02-28,515850,SH,236791000.0
2023-02-28,515860,SH,185878900.0
2023-02-28,515870,SH,31498900.0
2023-02-28,515880,SH,1810462300.0
2023-02-28,515890,SH,249443900.0
2023-02-28,515900,SH,2967646500.0
2023-02-28,515910,SH,431507000.0
2023-02-28,515920,SH,305905700.0
2023-02-28,515930,SH,7674700.0
2023-02-28,515950,SH,580200600.0
2023-02-28,515960,SH,297991900.0
2023-02-28,515980,SH,551064500.0
2023-02-28,515990,SH,83350200.0
2023-02-28,516000,SH,75855000.0
2023-02-28,516010,SH,531693000.0
2023-02-28,516020,SH,588826200.0
2023-02-28,516050,SH,839228000.0
2023-02-28,516060,SH,148237400.0
2023-02-28,516070,SH,675646000.0
2023-02-28,516080,SH,354554800.00000006
2023-02-28,516090,SH,768844800.0
2023-02-28,516100,SH,66759700.0
2023-02-28,516110,SH,1127623100.0
2023-02-28,516120,SH,394082000.0
2023-02-28,516130,SH,98890000.0
2023-02-28,516150,SH,2003077000.0
2023-02-28,516160,SH,3276304000.0
2023-02-28,516180,SH,84987000.0
2023-02-28,516190,SH,22418500.0
2023-02-28,516200,SH,40604000.0
2023-02-28,516210,SH,42731000.0
2023-02-28,516220,SH,228170000.0
2023-02-28,516260,SH,153882600.0
2023-02-28,516270,SH,236909000.0
2023-02-28,516290,SH,275196900.0
2023-02-28,516300,SH,141602200.0
2023-02-28,516310,SH,179058500.0
2023-02-28,516320,SH,60589300.0
2023-02-28,516330,SH,55271300.0
2023-02-28,516350,SH,284415300.0
2023-02-28,516360,SH,135551800.0
2023-02-28,516380,SH,169449300.0
2023-02-28,516390,SH,428261000.0
2023-02-28,516480,SH,22146100.0
2023-02-28,516500,SH,111937200.0
2023-02-28,516510,SH,367890000.0
2023-02-28,516520,SH,137765500.0
2023-02-28,516530,SH,91302300.0
2023-02-28,516550,SH,150414400.0
2023-02-28,516560,SH,84258000.0
2023-02-28,516570,SH,45357600.0
2023-02-28,516580,SH,146124100.0
2023-02-28,516590,SH,120015000.0
2023-02-28,516600,SH,173332100.0
2023-02-28,516610,SH,116974800.0
2023-02-28,516620,SH,48267500.0
2023-02-28,516630,SH,79156000.0
2023-02-28,516640,SH,1564782800.0
2023-02-28,516650,SH,51464799.99999999
2023-02-28,516660,SH,435689000.0
2023-02-28,516670,SH,567266300.0
2023-02-28,516690,SH,73243000.0
2023-02-28,516700,SH,29622000.0
2023-02-28,516710,SH,154272000.0
2023-02-28,516720,SH,54337800.0
2023-02-28,516730,SH,69380800.0
2023-02-28,516750,SH,106667300.0
2023-02-28,516760,SH,169215099.99999997
2023-02-28,516770,SH,109048000.0
2023-02-28,516780,SH,764049800.0
2023-02-28,516790,SH,191782200.0
2023-02-28,516800,SH,249154000.0
2023-02-28,516810,SH,220478900.0
2023-02-28,516820,SH,1751415200.0
2023-02-28,516830,SH,337176900.0
2023-02-28,516850,SH,73237000.0
2023-02-28,516860,SH,85522000.0
2023-02-28,516880,SH,837944100.0
2023-02-28,516890,SH,63311400.0
2023-02-28,516900,SH,44729000.0
2023-02-28,516910,SH,86641800.0
2023-02-28,516920,SH,642963000.0
2023-02-28,516930,SH,85139599.99999999
2023-02-28,516950,SH,1036821000.0
2023-02-28,516960,SH,73051100.0
2023-02-28,516970,SH,6450042500.0
2023-02-28,516980,SH,26016000.0
2023-02-28,517000,SH,677793000.0
2023-02-28,517010,SH,54144200.0
2023-02-28,517030,SH,42040300.0
2023-02-28,517050,SH,925605000.0
2023-02-28,517080,SH,673166000.0
2023-02-28,517090,SH,77075000.0
2023-02-28,517100,SH,485602100.0
2023-02-28,517110,SH,196098500.0
2023-02-28,517120,SH,544966400.0
2023-02-28,517160,SH,2198777500.0
2023-02-28,517170,SH,56131800.0
2023-02-28,517180,SH,34496300.0
2023-02-28,517200,SH,273782000.0
2023-02-28,517270,SH,30591600.0
2023-02-28,517280,SH,49552500.0
2023-02-28,517300,SH,2943434500.0
2023-02-28,517330,SH,2134169000.0
2023-02-28,517350,SH,200542000.0
2023-02-28,517360,SH,80583000.0
2023-02-28,517380,SH,294326300.0
2023-02-28,517390,SH,63112600.0
2023-02-28,517500,SH,57113000.0
2023-02-28,517550,SH,45917400.0
2023-02-28,517660,SH,42280700.0
2023-02-28,517760,SH,8052600.0
2023-02-28,517770,SH,34947800.0
2023-02-28,517780,SH,9451100.0
2023-02-28,517800,SH,76539700.0
2023-02-28,517850,SH,226185200.0
2023-02-28,517880,SH,57337100.0
2023-02-28,517900,SH,43993500.0
2023-02-28,517960,SH,206182000.0
2023-02-28,517990,SH,23987900.0
2023-02-28,518600,SH,24493600.0
2023-02-28,518660,SH,26852700.0
2023-02-28,518680,SH,32258000.0
2023-02-28,518800,SH,237419900.00000003
2023-02-28,518850,SH,35778700.0
2023-02-28,518860,SH,12459800.0
2023-02-28,518880,SH,2123740800.0
2023-02-28,518890,SH,12554800.0
2023-02-28,560000,SH,24022900.0
2023-02-28,560010,SH,1456621700.0000002
2023-02-28,560050,SH,9341934400.0
2023-02-28,560060,SH,527090000.0
2023-02-28,560080,SH,1417765000.0
2023-02-28,560100,SH,130080300.0
2023-02-28,560110,SH,493903500.0
2023-02-28,560500,SH,994339000.0
2023-02-28,560550,SH,1173597400.0
2023-02-28,560560,SH,146190100.0
2023-02-28,560600,SH,9705800.0
2023-02-28,560650,SH,30419200.0
2023-02-28,560660,SH,166969000.0
2023-02-28,560680,SH,42725600.00000001
2023-02-28,560800,SH,1225951100.0
2023-02-28,560880,SH,864232000.0
2023-02-28,560900,SH,211969100.0
2023-02-28,560960,SH,61598900.0
2023-02-28,560980,SH,115522000.0
2023-02-28,560990,SH,70187100.0
2023-02-28,561000,SH,97420000.0
2023-02-28,561100,SH,322746900.0
2023-02-28,561120,SH,137659900.0
2023-02-28,561130,SH,281935200.0
2023-02-28,561160,SH,915835000.0
2023-02-28,561180,SH,143609600.0
2023-02-28,561190,SH,1583318000.0
2023-02-28,561300,SH,1471965000.0
2023-02-28,561310,SH,170916600.0
2023-02-28,561320,SH,203369000.0
2023-02-28,561330,SH,50696100.0
2023-02-28,561350,SH,157700000.0
2023-02-28,561500,SH,114600300.0
2023-02-28,561510,SH,99206000.0
2023-02-28,561550,SH,689989600.0000001
2023-02-28,561560,SH,106124200.0
2023-02-28,561590,SH,96499600.0
2023-02-28,561600,SH,85274000.0
2023-02-28,561700,SH,153813600.0
2023-02-28,561710,SH,99596100.0
2023-02-28,561800,SH,116077200.0
2023-02-28,561900,SH,74334400.0
2023-02-28,561910,SH,500076600.00000006
2023-02-28,561990,SH,817649200.0
2023-02-28,562000,SH,872368900.0
2023-02-28,562010,SH,48298700.0
2023-02-28,562300,SH,147495000.0
2023-02-28,562310,SH,1438572300.0
2023-02-28,562320,SH,55295500.0
2023-02-28,562350,SH,40410900.0
2023-02-28,562360,SH,88474000.0
2023-02-28,562390,SH,70429000.0
2023-02-28,562500,SH,277187300.0
2023-02-28,562510,SH,367595000.0
2023-02-28,562520,SH,38568000.0
2023-02-28,562530,SH,24144000.0
2023-02-28,562800,SH,953995000.0
2023-02-28,562860,SH,1404895000.0
2023-02-28,562880,SH,266899600.0
2023-02-28,562900,SH,68706300.0
2023-02-28,562910,SH,125227300.0
2023-02-28,562950,SH,115258300.0
2023-02-28,562990,SH,2566756000.0
2023-02-28,563000,SH,8190951100.0
2023-02-28,588000,SH,54191668200.0
2023-02-28,588010,SH,45425800.0
2023-02-28,588050,SH,5521241300.0
2023-02-28,588060,SH,1329140000.0
2023-02-28,588080,SH,18982628100.0
2023-02-28,588090,SH,3589872800.0000005
2023-02-28,588100,SH,385748700.0
2023-02-28,588150,SH,190432600.0
2023-02-28,588160,SH,80496000.0
2023-02-28,588180,SH,2918853700.0
2023-02-28,588200,SH,396894800.00000006
2023-02-28,588260,SH,175746000.0
2023-02-28,588280,SH,228121000.0
2023-02-28,588290,SH,113897000.0
2023-02-28,588300,SH,2662210500.0
2023-02-28,588310,SH,76837500.0
2023-02-28,588320,SH,14824600.0
2023-02-28,588330,SH,1727737800.0
2023-02-28,588350,SH,1930546000.0
2023-02-28,588360,SH,815481799.9999999
2023-02-28,588370,SH,268272000.0
2023-02-28,588380,SH,2942770000.0
2023-02-28,588390,SH,443935900.0
2023-02-28,588400,SH,2859600600.0
2023-02-28,588460,SH,489014000.0
2023-03-31,510010,SH,162524400.0
2023-03-31,510020,SH,36748000.0
2023-03-31,510030,SH,153229800.0
2023-03-31,510050,SH,20239866800.0
2023-03-31,510060,SH,48959200.0
2023-03-31,510090,SH,33581100.0
2023-03-31,510100,SH,1137019900.0
2023-03-31,510110,SH,5716799.999999999
2023-03-31,510120,SH,3892400.0
2023-03-31,510130,SH,41085100.0
2023-03-31,510150,SH,1835178600.0
2023-03-31,510160,SH,352057400.0
2023-03-31,510170,SH,214914800.0
2023-03-31,510180,SH,5674057700.0
2023-03-31,510190,SH,21650800.0
2023-03-31,510200,SH,67885500.0
2023-03-31,510210,SH,1138192600.0
2023-03-31,510230,SH,3636808000.0
2023-03-31,510270,SH,17832100.0
2023-03-31,510290,SH,82448900.0
2023-03-31,510300,SH,16576687700.0
2023-03-31,510310,SH,8332307400.0
2023-03-31,510330,SH,6094149800.0
2023-03-31,510350,SH,647214700.0
2023-03-31,510360,SH,1142381200.0
2023-03-31,510370,SH,51258100.00000001
2023-03-31,510380,SH,1038802400.0
2023-03-31,510390,SH,175250000.0
2023-03-31,510410,SH,333258399.99999994
2023-03-31,510500,SH,7849768600.0
2023-03-31,510510,SH,1603038299.9999998
2023-03-31,510530,SH,43479399.99999999
2023-03-31,510550,SH,15743300.0
2023-03-31,510560,SH,138318700.0
2023-03-31,510570,SH,48060600.00000001
2023-03-31,510580,SH,2884965200.0
2023-03-31,510590,SH,90786100.0
2023-03-31,510600,SH,13615100.0
2023-03-31,510630,SH,341361500.0
2023-03-31,510650,SH,28952500.0
2023-03-31,510660,SH,38879700.0
2023-03-31,510680,SH,11524700.0
2023-03-31,510710,SH,169718900.0
2023-03-31,510760,SH,254503700.0
2023-03-31,510770,SH,45610700.0
2023-03-31,510800,SH,510576000.0
2023-03-31,510810,SH,8453093700.0
2023-03-31,510850,SH,85098900.0
2023-03-31,510880,SH,4955175700.0
2023-03-31,510900,SH,12025021900.0
2023-03-31,510990,SH,72948600.0
2023-03-31,511010,SH,3866300.0
2023-03-31,511020,SH,8921700.0
2023-03-31,511030,SH,506907100.0
2023-03-31,511060,SH,6066300.0
2023-03-31,511180,SH,8759700.0
2023-03-31,511220,SH,141981400.0
2023-03-31,511260,SH,3996500.0
2023-03-31,511270,SH,6567500.0
2023-03-31,511360,SH,95416600.0
2023-03-31,511380,SH,208886700.0
2023-03-31,511520,SH,33836500.0
2023-03-31,511580,SH,1838800.0
2023-03-31,512000,SH,28063817700.0
2023-03-31,512010,SH,30957694900.000004
2023-03-31,512040,SH,191857900.0
2023-03-31,512070,SH,8512479700.0
2023-03-31,512090,SH,313592300.0
2023-03-31,512100,SH,3606217600.0
2023-03-31,512120,SH,505241900.0
2023-03-31,512150,SH,42073400.0
2023-03-31,512160,SH,355777800.0
2023-03-31,512170,SH,38418820500.0
2023-03-31,512180,SH,94048000.0
2023-03-31,512190,SH,37018400.0
2023-03-31,512200,SH,5948876000.0
2023-03-31,512220,SH,248967600.0
2023-03-31,512260,SH,62897700.00000001
2023-03-31,512280,SH,46005700.0
2023-03-31,512290,SH,4274820700.0
2023-03-31,512320,SH,32040800.0
2023-03-31,512330,SH,515688000.0
2023-03-31,512360,SH,57337700.00000001
2023-03-31,512380,SH,132805600.0
2023-03-31,512390,SH,192682000.0
2023-03-31,512400,SH,3471039000.0
2023-03-31,512480,SH,19923003600.0
2023-03-31,512500,SH,1093608800.0
2023-03-31,512510,SH,320929800.0
2023-03-31,512520,SH,105056400.0
2023-03-31,512530,SH,44502000.0
2023-03-31,512550,SH,199906000.0
2023-03-31,512560,SH,1069127000.0
2023-03-31,512570,SH,268806100.0
2023-03-31,512580,SH,1152271700.0
2023-03-31,512590,SH,10503400.0
2023-03-31,512600,SH,604056100.0
2023-03-31,512640,SH,41740900.0
2023-03-31,512650,SH,458941600.00000006
2023-03-31,512660,SH,10037080000.0
2023-03-31,512670,SH,3594652600.0
2023-03-31,512680,SH,3304130100.0
2023-03-31,512690,SH,13280150200.0
2023-03-31,512700,SH,1595081000.0
2023-03-31,512710,SH,8412658400.0
2023-03-31,512720,SH,1100453400.0
2023-03-31,512730,SH,150583900.0
2023-03-31,512750,SH,116754900.0
2023-03-31,512760,SH,14588322800.0
2023-03-31,512770,SH,182767800.0
2023-03-31,512800,SH,6219140000.0
2023-03-31,512810,SH,384791700.0
2023-03-31,512820,SH,386801900.0
2023-03-31,512870,SH,31410600.0
2023-03-31,512880,SH,35546291500.0
2023-03-31,512890,SH,413110800.0
2023-03-31,512900,SH,8344406000.0
2023-03-31,512910,SH,339628800.0
2023-03-31,512930,SH,173130300.0
2023-03-31,512950,SH,4187551000.0
2023-03-31,512960,SH,4268257300.0
2023-03-31,512970,SH,64987600.0
2023-03-31,512980,SH,5687924399.999999
2023-03-31,512990,SH,255015400.0
2023-03-31,513000,SH,62411400.0
2023-03-31,513010,SH,7565307000.0
2023-03-31,513020,SH,373145400.0
2023-03-31,513030,SH,315279000.0
2023-03-31,513050,SH,35678432700.0
2023-03-31,513060,SH,14797893300.0
2023-03-31,513070,SH,103760800.0
2023-03-31,513080,SH,51416000.0
2023-03-31,513090,SH,1015488000.0
2023-03-31,513100,SH,6738110600.000001
2023-03-31,513110,SH,301435000.0
2023-03-31,513120,SH,584635400.0
2023-03-31,513130,SH,20160347000.0
2023-03-31,513140,SH,49368000.0
2023-03-31,513150,SH,156559800.0
2023-03-31,513160,SH,86189300.0
2023-03-31,513180,SH,35213759500.0
2023-03-31,513200,SH,513282100.0
2023-03-31,513220,SH,78109400.0
2023-03-31,513230,SH,65422700.00000001
2023-03-31,513260,SH,581243000.0
2023-03-31,513280,SH,88114500.0
2023-03-31,513290,SH,96072100.0
2023-03-31,513300,SH,1475171000.0
2023-03-31,513310,SH,43427000.0
2023-03-31,513320,SH,59010600.00000001
2023-03-31,513330,SH,63843480000.0
2023-03-31,513360,SH,829213900.0
2023-03-31,513380,SH,1054892500.0
2023-03-31,513500,SH,4652638600.0
2023-03-31,513520,SH,63887200.0
2023-03-31,513530,SH,57438700.0
2023-03-31,513550,SH,2991992000.0
2023-03-31,513560,SH,323386000.0
2023-03-31,513580,SH,2617118000.0
2023-03-31,513590,SH,89418900.0
2023-03-31,513600,SH,285829500.0
2023-03-31,513660,SH,1382000100.0
2023-03-31,513690,SH,727479900.0
2023-03-31,513700,SH,1083846000.0
2023-03-31,513770,SH,937568900.0
2023-03-31,513800,SH,59044399.99999999
2023-03-31,513860,SH,809470600.0
2023-03-31,513880,SH,58470000.0
2023-03-31,513890,SH,305128000.0
2023-03-31,513900,SH,221978000.0
2023-03-31,513960,SH,54932299.99999999
2023-03-31,513980,SH,5236204000.0
2023-03-31,513990,SH,82000000.0
2023-03-31,515000,SH,2676289699.9999995
2023-03-31,515010,SH,884771600.0
2023-03-31,515020,SH,656345300.0
2023-03-31,515030,SH,7145384000.0
2023-03-31,515050,SH,9123068500.0
2023-03-31,515060,SH,537478100.0
2023-03-31,515070,SH,945470200.0
2023-03-31,515080,SH,1248148900.0
2023-03-31,515090,SH,51801700.0
2023-03-31,515100,SH,182441500.0
2023-03-31,515110,SH,320295000.0
2023-03-31,515120,SH,3273993600.0
2023-03-31,515130,SH,58463200.0
2023-03-31,515150,SH,655703200.0000001
2023-03-31,515160,SH,663955100.0
2023-03-31,515170,SH,4789757900.0
2023-03-31,515180,SH,1415637000.0
2023-03-31,515190,SH,49466100.0
2023-03-31,515200,SH,118943200.0
2023-03-31,515210,SH,1154226100.0
2023-03-31,515220,SH,1753088500.0
2023-03-31,515230,SH,963690900.0
2023-03-31,515250,SH,610944500.0
2023-03-31,515260,SH,658284200.0
2023-03-31,515280,SH,55218600.0
2023-03-31,515290,SH,5982772900.0
2023-03-31,515300,SH,96675200.0
2023-03-31,515310,SH,52111200.0
2023-03-31,515320,SH,351309000.0
2023-03-31,515330,SH,6563709500.0
2023-03-31,515350,SH,28799200.0
2023-03-31,515360,SH,29279300.0
2023-03-31,515380,SH,867699800.0
2023-03-31,515390,SH,206683000.0
2023-03-31,515400,SH,1030631400.0
2023-03-31,515450,SH,145335000.0
2023-03-31,515500,SH,23404800.0
2023-03-31,515510,SH,9534000.0
2023-03-31,515520,SH,20866800.0
2023-03-31,515530,SH,27442700.0
2023-03-31,515550,SH,27345700.0
2023-03-31,515560,SH,494883300.0
2023-03-31,515570,SH,36443900.0
2023-03-31,515580,SH,506031400.0
2023-03-31,515590,SH,26113700.0
2023-03-31,515600,SH,1482797400.0
2023-03-31,515630,SH,101217700.0
2023-03-31,515650,SH,1593184000.0
2023-03-31,515660,SH,290494200.0
2023-03-31,515670,SH,99322500.0
2023-03-31,515680,SH,1461264700.0
2023-03-31,515700,SH,2870510200.0
2023-03-31,515710,SH,1037599800.0
2023-03-31,515750,SH,542140500.0
2023-03-31,515760,SH,202388100.0
2023-03-31,515770,SH,87727300.0
2023-03-31,515780,SH,26785200.0
2023-03-31,515790,SH,12511494000.0
2023-03-31,515800,SH,1765437200.0
2023-03-31,515810,SH,116908800.0
2023-03-31,515850,SH,201791000.0
2023-03-31,515860,SH,180878900.0
2023-03-31,515880,SH,1822462300.0
2023-03-31,515890,SH,258443900.0
2023-03-31,515900,SH,3040646500.0
2023-03-31,515910,SH,431507000.0
2023-03-31,515920,SH,296905700.0
2023-03-31,515930,SH,7674700.0
2023-03-31,515950,SH,635200600.0
2023-03-31,515960,SH,303991900.0
2023-03-31,515980,SH,501064500.0
2023-03-31,515990,SH,85350200.0
2023-03-31,516000,SH,68855000.0
2023-03-31,516010,SH,499693000.0
2023-03-31,516020,SH,734326200.0
2023-03-31,516050,SH,781228000.0
2023-03-31,516060,SH,152237400.0
2023-03-31,516070,SH,720646000.0
2023-03-31,516080,SH,365554800.00000006
2023-03-31,516090,SH,942844800.0
2023-03-31,516100,SH,50759700.0
2023-03-31,516110,SH,986623100.0
2023-03-31,516120,SH,398082000.0
2023-03-31,516130,SH,96890000.0
2023-03-31,516150,SH,1809577000.0
2023-03-31,516160,SH,4225804000.0
2023-03-31,516180,SH,95987000.0
2023-03-31,516190,SH,14918500.0
2023-03-31,516200,SH,63604000.0
2023-03-31,516210,SH,61331000.0
2023-03-31,516220,SH,239170000.0
2023-03-31,516260,SH,147882600.0
2023-03-31,516270,SH,295409000.0
2023-03-31,516290,SH,311196900.0
2023-03-31,516300,SH,149102200.0
2023-03-31,516310,SH,183258500.0
2023-03-31,516320,SH,65589300.0
2023-03-31,516330,SH,54071300.0
2023-03-31,516350,SH,342415300.0
2023-03-31,516360,SH,180551800.0
2023-03-31,516380,SH,182449300.0
2023-03-31,516390,SH,526261000.0
2023-03-31,516480,SH,21146100.0
2023-03-31,516500,SH,135937200.0
2023-03-31,516510,SH,534890000.0
2023-03-31,516520,SH,125765500.0
2023-03-31,516530,SH,90802300.0
2023-03-31,516550,SH,170414400.0
2023-03-31,516560,SH,82258000.0
2023-03-31,516570,SH,44357600.0
2023-03-31,516580,SH,165124100.0
2023-03-31,516590,SH,130015000.0
2023-03-31,516600,SH,170332100.0
2023-03-31,516610,SH,113974800.0
2023-03-31,516620,SH,36267500.0
2023-03-31,516630,SH,75156000.0
2023-03-31,516640,SH,1198482800.0
2023-03-31,516650,SH,51464799.99999999
2023-03-31,516660,SH,482689000.0
2023-03-31,516670,SH,597266300.0
2023-03-31,516690,SH,72743000.0
2023-03-31,516700,SH,30622000.0
2023-03-31,516710,SH,160272000.0
2023-03-31,516720,SH,58837800.0
2023-03-31,516730,SH,189380800.00000003
2023-03-31,516750,SH,107667300.0
2023-03-31,516760,SH,162215100.0
2023-03-31,516770,SH,93448000.0
2023-03-31,516780,SH,772549800.0
2023-03-31,516790,SH,202182200.0
2023-03-31,516800,SH,239154000.0
2023-03-31,516810,SH,217478900.0
2023-03-31,516820,SH,1846415200.0
2023-03-31,516830,SH,329676900.0
2023-03-31,516850,SH,78237000.0
2023-03-31,516860,SH,43522000.0
2023-03-31,516880,SH,901944100.0
2023-03-31,516890,SH,56311400.0
2023-03-31,516900,SH,71729000.0
2023-03-31,516910,SH,97141800.0
2023-03-31,516920,SH,611463000.0
2023-03-31,516930,SH,86639599.99999999
2023-03-31,516950,SH,756821000.0
2023-03-31,516960,SH,81051100.0
2023-03-31,516970,SH,4936542500.0
2023-03-31,516980,SH,25516000.0
2023-03-31,517000,SH,677793000.0
2023-03-31,517010,SH,54144200.0
2023-03-31,517030,SH,45040300.0
2023-03-31,517050,SH,895605000.0
2023-03-31,517080,SH,677166000.0
2023-03-31,517090,SH,135075000.0
2023-03-31,517100,SH,485602100.0
2023-03-31,517110,SH,217098500.0
2023-03-31,517120,SH,570966400.0
2023-03-31,517160,SH,2186777500.0
2023-03-31,517170,SH,56131800.0
2023-03-31,517180,SH,108496300.0
2023-03-31,517200,SH,256782000.0
2023-03-31,517270,SH,27591600.0
2023-03-31,517280,SH,49552500.0
2023-03-31,517300,SH,2928434500.0
2023-03-31,517330,SH,2118169000.0
2023-03-31,517350,SH,205042000.0
2023-03-31,517360,SH,80583000.0
2023-03-31,517380,SH,354326300.0
2023-03-31,517390,SH,52112600.0
2023-03-31,517500,SH,22113000.0
2023-03-31,517550,SH,63917400.0
2023-03-31,517660,SH,35080700.0
2023-03-31,517760,SH,26052600.000000004
2023-03-31,517770,SH,30947800.000000004
2023-03-31,517780,SH,9451100.0
2023-03-31,517800,SH,112539700.0
2023-03-31,517850,SH,220185200.0
2023-03-31,517880,SH,57337100.0
2023-03-31,517900,SH,44993500.0
2023-03-31,517960,SH,206182000.0
2023-03-31,517990,SH,23987900.0
2023-03-31,518600,SH,22693600.0
2023-03-31,518660,SH,26852700.0
2023-03-31,518680,SH,35058000.0
2023-03-31,518800,SH,260519900.00000003
2023-03-31,518850,SH,38478700.0
2023-03-31,518860,SH,11559800.0
2023-03-31,518880,SH,2364040800.0
2023-03-31,518890,SH,12554800.0
2023-03-31,560000,SH,25022900.0
2023-03-31,560010,SH,1995621700.0
2023-03-31,560050,SH,8863934400.0
2023-03-31,560060,SH,540090000.0
2023-03-31,560080,SH,1398765000.0
2023-03-31,560090,SH,606865000.0
2023-03-31,560100,SH,130080300.0
2023-03-31,560110,SH,541903500.0
2023-03-31,560500,SH,996339000.0
2023-03-31,560550,SH,1173597400.0
2023-03-31,560560,SH,149190100.0
2023-03-31,560600,SH,13705800.0
2023-03-31,560650,SH,27419200.0
2023-03-31,560660,SH,98969000.0
2023-03-31,560680,SH,33725600.0
2023-03-31,560800,SH,1411951099.9999998
2023-03-31,560860,SH,854233000.0
2023-03-31,560880,SH,910732000.0
2023-03-31,560900,SH,211969100.0
2023-03-31,560960,SH,46598900.0
2023-03-31,560980,SH,133522000.0
2023-03-31,560990,SH,64187100.0
2023-03-31,561000,SH,79920000.0
2023-03-31,561100,SH,283746900.0
2023-03-31,561120,SH,197659900.00000003
2023-03-31,561130,SH,275935200.0
2023-03-31,561160,SH,1209835000.0
2023-03-31,561170,SH,548032700.0
2023-03-31,561180,SH,91609600.0
2023-03-31,561190,SH,1540318000.0
2023-03-31,561300,SH,1459965000.0
2023-03-31,561310,SH,157916600.0
2023-03-31,561320,SH,175369000.0
2023-03-31,561330,SH,43696100.0
2023-03-31,561350,SH,691700000.0
2023-03-31,561500,SH,113100300.0
2023-03-31,561510,SH,90206000.0
2023-03-31,561550,SH,685489600.0000001
2023-03-31,561560,SH,86124200.0
2023-03-31,561590,SH,96499600.0
2023-03-31,561600,SH,73274000.0
2023-03-31,561700,SH,144813600.0
2023-03-31,561710,SH,93596100.0
2023-03-31,561800,SH,143077200.0
2023-03-31,561900,SH,74334400.0
2023-03-31,561910,SH,625076600.0
2023-03-31,561920,SH,205692000.0
2023-03-31,561990,SH,1030649200.0
2023-03-31,562000,SH,894368900.0
2023-03-31,562010,SH,52298700.0
2023-03-31,562300,SH,154495000.0
2023-03-31,562310,SH,1410572300.0
2023-03-31,562320,SH,58295500.0
2023-03-31,562350,SH,35410900.0
2023-03-31,562360,SH,85474000.0
2023-03-31,562390,SH,65429000.0
2023-03-31,562500,SH,307187300.0
2023-03-31,562510,SH,438595000.0
2023-03-31,562520,SH,50568000.0
2023-03-31,562530,SH,53144000.0
2023-03-31,562550,SH,427919300.0
2023-03-31,562800,SH,1144345000.0
2023-03-31,562860,SH,1070895000.0
2023-03-31,562880,SH,311899600.0
2023-03-31,562900,SH,71706300.0
2023-03-31,562910,SH,142227300.0
2023-03-31,562950,SH,107258300.0
2023-03-31,562990,SH,2479756000.0
2023-03-31,563000,SH,7195951100.0
2023-03-31,563030,SH,821669000.0
2023-03-31,588000,SH,49867168200.0
2023-03-31,588010,SH,57925800.0
2023-03-31,588050,SH,5067241300.0
2023-03-31,588060,SH,1229140000.0
2023-03-31,588080,SH,18685628100.0
2023-03-31,588090,SH,3173872800.0000005
2023-03-31,588100,SH,448748700.0
2023-03-31,588150,SH,187932600.0
2023-03-31,588160,SH,87996000.0
2023-03-31,588180,SH,2943353700.0
2023-03-31,588200,SH,1125894800.0
2023-03-31,588260,SH,169746000.0
2023-03-31,588280,SH,204121000.0
2023-03-31,588290,SH,223897000.0
2023-03-31,588300,SH,2986210500.0
2023-03-31,588310,SH,72437500.0
2023-03-31,588320,SH,17824600.0
2023-03-31,588330,SH,1731737800.0
2023-03-31,588350,SH,1938546000.0
2023-03-31,588360,SH,891081799.9999999
2023-03-31,588370,SH,208272000.0
2023-03-31,588380,SH,3077770000.0
2023-03-31,588390,SH,500935900.0
2023-03-31,588400,SH,3159600600.0
2023-03-31,588460,SH,436514000.0
2023-05-31,510010,SH,163524400.0
2023-05-31,510020,SH,37248000.0
2023-05-31,510030,SH,191729800.0
2023-05-31,510050,SH,20917566800.0
2023-05-31,510060,SH,70959200.0
2023-05-31,510090,SH,33081100.0
2023-05-31,510100,SH,1206619900.0
2023-05-31,510110,SH,5716799.999999999
2023-05-31,510120,SH,5092400.0
2023-05-31,510130,SH,41085100.0
2023-05-31,510150,SH,2121178600.0
2023-05-31,510160,SH,346057400.0
2023-05-31,510170,SH,214914800.0
2023-05-31,510180,SH,5648057700.0
2023-05-31,510190,SH,19650800.0
2023-05-31,510200,SH,69885500.0
2023-05-31,510210,SH,3205692600.0
2023-05-31,510230,SH,3780808000.0
2023-05-31,510270,SH,20832100.0
2023-05-31,510290,SH,80448900.0
2023-05-31,510300,SH,17354287700.0
2023-05-31,510310,SH,8888307400.0
2023-05-31,510330,SH,6205749800.0
2023-05-31,510350,SH,622014700.0
2023-05-31,510360,SH,1388381200.0
2023-05-31,510370,SH,60258100.00000001
2023-05-31,510380,SH,1044802400.0
2023-05-31,510390,SH,155450000.0
2023-05-31,510410,SH,333258399.99999994
2023-05-31,510500,SH,7687368600.0
2023-05-31,510510,SH,1615038299.9999998
2023-05-31,510530,SH,43979399.99999999
2023-05-31,510550,SH,13743300.0
2023-05-31,510560,SH,140318700.0
2023-05-31,510570,SH,25560600.0
2023-05-31,510580,SH,2959965200.0
2023-05-31,510590,SH,120786100.0
2023-05-31,510600,SH,14515100.0
2023-05-31,510630,SH,331361500.0
2023-05-31,510650,SH,25952500.0
2023-05-31,510660,SH,43879700.0
2023-05-31,510680,SH,12124700.0
2023-05-31,510710,SH,172118900.0
2023-05-31,510760,SH,461503700.0
2023-05-31,510770,SH,42610700.0
2023-05-31,510800,SH,513576000.0
2023-05-31,510810,SH,8768093700.0
2023-05-31,510850,SH,73698900.0
2023-05-31,510880,SH,5016175700.0
2023-05-31,510900,SH,12025021900.0
2023-05-31,510990,SH,60948600.0
2023-05-31,511010,SH,8386300.0
2023-05-31,511020,SH,9572500.0
2023-05-31,511030,SH,513407100.0
2023-05-31,511060,SH,6066300.0
2023-05-31,511180,SH,15559700.0
2023-05-31,511220,SH,141281400.0
2023-05-31,511260,SH,4066500.0
2023-05-31,511270,SH,6767500.0
2023-05-31,511360,SH,186094600.0
2023-05-31,511380,SH,256386700.0
2023-05-31,511520,SH,25176500.0
2023-05-31,511580,SH,1818800.0
2023-05-31,512000,SH,26364017700.0
2023-05-31,512010,SH,42362694900.0
2023-05-31,512040,SH,165857900.0
2023-05-31,512070,SH,8583479700.0
2023-05-31,512090,SH,305592300.0
2023-05-31,512100,SH,3749217600.0
2023-05-31,512120,SH,626241900.0
2023-05-31,512150,SH,43073400.0
2023-05-31,512160,SH,307777800.0
2023-05-31,512170,SH,49487820500.0
2023-05-31,512180,SH,96048000.0
2023-05-31,512190,SH,48918400.0
2023-05-31,512200,SH,7466376000.0
2023-05-31,512220,SH,293967600.0
2023-05-31,512260,SH,61297700.00000001
2023-05-31,512280,SH,44005700.0
2023-05-31,512290,SH,4826820700.0
2023-05-31,512320,SH,35040800.0
2023-05-31,512330,SH,503688000.0
2023-05-31,512360,SH,54337700.00000001
2023-05-31,512380,SH,132805600.0
2023-05-31,512390,SH,192682000.0
2023-05-31,512400,SH,3463539000.0
2023-05-31,512480,SH,26581003600.0
2023-05-31,512500,SH,1452808800.0
2023-05-31,512510,SH,323929800.0
2023-05-31,512520,SH,96056400.0
2023-05-31,512530,SH,40502000.0
2023-05-31,512550,SH,188906000.0
2023-05-31,512560,SH,1037127000.0
2023-05-31,512570,SH,263806100.0
2023-05-31,512580,SH,1201471700.0
2023-05-31,512600,SH,575456100.0
2023-05-31,512640,SH,39240900.0
2023-05-31,512650,SH,454941600.00000006
2023-05-31,512660,SH,9212080000.0
2023-05-31,512670,SH,3961652600.0
2023-05-31,512680,SH,3570530100.0
2023-05-31,512690,SH,16552650200.0
2023-05-31,512700,SH,1438081000.0
2023-05-31,512710,SH,8866658400.0
2023-05-31,512720,SH,1870453400.0
2023-05-31,512730,SH,127083900.0
2023-05-31,512750,SH,105954900.0
2023-05-31,512760,SH,17270322800.0
2023-05-31,512770,SH,183767800.0
2023-05-31,512800,SH,6824240000.0
2023-05-31,512810,SH,406791700.0
2023-05-31,512820,SH,373301900.0
2023-05-31,512870,SH,31410600.0
2023-05-31,512880,SH,34819291500.0
2023-05-31,512890,SH,1186110800.0
2023-05-31,512900,SH,7577906000.0
2023-05-31,512910,SH,293128800.0
2023-05-31,512930,SH,220130300.0
2023-05-31,512950,SH,4489551000.0
2023-05-31,512960,SH,4331257300.0
2023-05-31,512970,SH,64987600.0
2023-05-31,512980,SH,5609924399.999999
2023-05-31,512990,SH,249015400.0
2023-05-31,513000,SH,141911400.0
2023-05-31,513010,SH,8599307000.0
2023-05-31,513020,SH,369145400.0
2023-05-31,513030,SH,317779000.0
2023-05-31,513050,SH,35713432700.0
2023-05-31,513060,SH,18322893300.0
2023-05-31,513070,SH,102760800.0
2023-05-31,513080,SH,60416000.0
2023-05-31,513090,SH,1287488000.0
2023-05-31,513100,SH,6665110600.000001
2023-05-31,513110,SH,291435000.0
2023-05-31,513120,SH,2662135400.0
2023-05-31,513130,SH,20834347000.0
2023-05-31,513140,SH,49368000.0
2023-05-31,513150,SH,156559800.0
2023-05-31,513160,SH,76189300.0
2023-05-31,513180,SH,37039759500.0
2023-05-31,513200,SH,874282100.0000001
2023-05-31,513220,SH,83109400.0
2023-05-31,513230,SH,71422700.0
2023-05-31,513260,SH,635243000.0
2023-05-31,513280,SH,86114500.0
2023-05-31,513290,SH,68072100.0
2023-05-31,513300,SH,1440671000.0
2023-05-31,513310,SH,61427000.0
2023-05-31,513320,SH,50010600.00000001
2023-05-31,513330,SH,70571480000.0
2023-05-31,513360,SH,791713900.0
2023-05-31,513380,SH,1724392500.0
2023-05-31,513390,SH,77379100.0
2023-05-31,513500,SH,4460638600.0
2023-05-31,513520,SH,178387200.0
2023-05-31,513530,SH,63438700.0
2023-05-31,513550,SH,3578992000.0
2023-05-31,513560,SH,287386000.0
2023-05-31,513580,SH,3354118000.0
2023-05-31,513590,SH,153018900.0
2023-05-31,513600,SH,286829500.0
2023-05-31,513650,SH,288734000.0
2023-05-31,513660,SH,1641000100.0
2023-05-31,513690,SH,1051479900.0
2023-05-31,513700,SH,1388846000.0
2023-05-31,513770,SH,1357068900.0000002
2023-05-31,513800,SH,81044400.0
2023-05-31,513860,SH,1016470600.0
2023-05-31,513880,SH,128470000.0
2023-05-31,513890,SH,321128000.0
2023-05-31,513900,SH,203978000.0
2023-05-31,513950,SH,102119000.0
2023-05-31,513960,SH,52932299.99999999
2023-05-31,513970,SH,558041000.0
2023-05-31,513980,SH,6333204000.0
2023-05-31,513990,SH,85000000.0
2023-05-31,515000,SH,2486289700.0
2023-05-31,515010,SH,849271600.0
2023-05-31,515020,SH,653845300.0
2023-05-31,515030,SH,7457384000.0
2023-05-31,515050,SH,8543068500.0
2023-05-31,515060,SH,637478100.0
2023-05-31,515070,SH,1282970200.0
2023-05-31,515080,SH,1510148900.0000002
2023-05-31,515090,SH,55801700.0
2023-05-31,515100,SH,402441500.0
2023-05-31,515110,SH,237295000.0
2023-05-31,515120,SH,5065993600.0
2023-05-31,515130,SH,67463200.0
2023-05-31,515150,SH,571703200.0
2023-05-31,515160,SH,653955100.0
2023-05-31,515170,SH,4809257900.0
2023-05-31,515180,SH,2100637000.0
2023-05-31,515190,SH,51466100.0
2023-05-31,515200,SH,112943200.0
2023-05-31,515210,SH,1059226100.0
2023-05-31,515220,SH,1675088500.0
2023-05-31,515230,SH,1505690900.0
2023-05-31,515250,SH,596944500.0
2023-05-31,515260,SH,648284200.0
2023-05-31,515280,SH,45018600.0
2023-05-31,515290,SH,5404932900.0
2023-05-31,515300,SH,141675200.0
2023-05-31,515310,SH,41611200.0
2023-05-31,515320,SH,336309000.0
2023-05-31,515330,SH,6569709500.0
2023-05-31,515350,SH,23399200.0
2023-05-31,515360,SH,31779300.0
2023-05-31,515380,SH,882099800.0
2023-05-31,515390,SH,214683000.0
2023-05-31,515400,SH,1617631400.0000002
2023-05-31,515450,SH,178335000.0
2023-05-31,515520,SH,26866800.0
2023-05-31,515530,SH,24242700.0
2023-05-31,515550,SH,25345700.0
2023-05-31,515560,SH,470883300.0
2023-05-31,515570,SH,38443900.0
2023-05-31,515580,SH,570031400.0
2023-05-31,515590,SH,26113700.0
2023-05-31,515600,SH,2017797400.0
2023-05-31,515630,SH,107217700.0
2023-05-31,515650,SH,1829184000.0
2023-05-31,515660,SH,177994199.99999997
2023-05-31,515670,SH,96322500.0
2023-05-31,515680,SH,1479264700.0
2023-05-31,515700,SH,2742510200.0
2023-05-31,515710,SH,1151599800.0
2023-05-31,515750,SH,489140500.0
2023-05-31,515760,SH,203388100.0
2023-05-31,515770,SH,84727300.0
2023-05-31,515780,SH,20785200.0
2023-05-31,515790,SH,12454494000.0
2023-05-31,515800,SH,1769437200.0
2023-05-31,515810,SH,107908800.0
2023-05-31,515850,SH,185791000.0
2023-05-31,515860,SH,172878900.0
2023-05-31,515880,SH,2910462300.0
2023-05-31,515890,SH,268443900.0
2023-05-31,515900,SH,3251646500.0
2023-05-31,515910,SH,449507000.0
2023-05-31,515920,SH,311905700.0
2023-05-31,515930,SH,4074700.000000001
2023-05-31,515950,SH,863200600.0
2023-05-31,515960,SH,328991900.0
2023-05-31,515980,SH,694064500.0
2023-05-31,515990,SH,106350200.0
2023-05-31,516000,SH,75855000.0
2023-05-31,516010,SH,1561693000.0
2023-05-31,516020,SH,837826200.0
2023-05-31,516050,SH,766228000.0
2023-05-31,516060,SH,215237400.00000003
2023-05-31,516070,SH,786646000.0
2023-05-31,516080,SH,438554800.00000006
2023-05-31,516090,SH,1361844800.0
2023-05-31,516100,SH,50759700.0
2023-05-31,516110,SH,1163623100.0
2023-05-31,516120,SH,360082000.0
2023-05-31,516130,SH,103890000.0
2023-05-31,516150,SH,2005077000.0
2023-05-31,516160,SH,7051804000.0
2023-05-31,516180,SH,107987000.0
2023-05-31,516190,SH,12818500.0
2023-05-31,516200,SH,34604000.0
2023-05-31,516210,SH,38231000.0
2023-05-31,516220,SH,289170000.0
2023-05-31,516260,SH,143882600.0
2023-05-31,516270,SH,424409000.0
2023-05-31,516290,SH,355196900.0
2023-05-31,516300,SH,156602200.0
2023-05-31,516310,SH,161658500.0
2023-05-31,516320,SH,75589300.0
2023-05-31,516330,SH,52871300.0
2023-05-31,516350,SH,359415300.0
2023-05-31,516360,SH,148551800.0
2023-05-31,516380,SH,187449300.0
2023-05-31,516390,SH,617261000.0
2023-05-31,516480,SH,22146100.0
2023-05-31,516500,SH,154937200.0
2023-05-31,516510,SH,1194890000.0
2023-05-31,516520,SH,125765500.0
2023-05-31,516530,SH,100802300.0
2023-05-31,516550,SH,286414400.0
2023-05-31,516560,SH,79258000.0
2023-05-31,516570,SH,41357600.0
2023-05-31,516580,SH,188124100.0
2023-05-31,516590,SH,127015000.0
2023-05-31,516600,SH,170332100.0
2023-05-31,516610,SH,113974800.0
2023-05-31,516620,SH,48267500.0
2023-05-31,516630,SH,75156000.0
2023-05-31,516640,SH,1658282800.0
2023-05-31,516650,SH,54464799.99999999
2023-05-31,516660,SH,515689000.0
2023-05-31,516670,SH,1209266300.0
2023-05-31,516690,SH,82243000.0
2023-05-31,516700,SH,65122000.0
2023-05-31,516710,SH,176272000.0
2023-05-31,516720,SH,54337800.0
2023-05-31,516730,SH,128880800.0
2023-05-31,516750,SH,132167300.0
2023-05-31,516760,SH,302215100.0
2023-05-31,516770,SH,107848000.0
2023-05-31,516780,SH,828549800.0
2023-05-31,516790,SH,215182200.0
2023-05-31,516800,SH,221154000.0
2023-05-31,516810,SH,241478900.0
2023-05-31,516820,SH,2641415200.0
2023-05-31,516830,SH,272176900.0
2023-05-31,516850,SH,90237000.0
2023-05-31,516860,SH,56522000.0
2023-05-31,516880,SH,1063944100.0
2023-05-31,516890,SH,59311400.0
2023-05-31,516900,SH,53729000.0
2023-05-31,516910,SH,124641800.0
2023-05-31,516920,SH,611463000.0
2023-05-31,516930,SH,86639599.99999999
2023-05-31,516950,SH,1248821000.0
2023-05-31,516960,SH,84051100.0
2023-05-31,516970,SH,5861042500.0
2023-05-31,516980,SH,26016000.0
2023-05-31,517000,SH,657793000.0
2023-05-31,517010,SH,57144200.0
2023-05-31,517030,SH,48040300.0
2023-05-31,517050,SH,859605000.0
2023-05-31,517080,SH,689166000.0
2023-05-31,517090,SH,1022075000.0
2023-05-31,517100,SH,490102100.0
2023-05-31,517110,SH,258098500.0
2023-05-31,517120,SH,612966400.0
2023-05-31,517160,SH,2190777500.0
2023-05-31,517170,SH,56131800.0
2023-05-31,517180,SH,898496300.0
2023-05-31,517200,SH,254782000.0
2023-05-31,517270,SH,30591600.0
2023-05-31,517280,SH,48552500.0
2023-05-31,517300,SH,2883434500.0
2023-05-31,517330,SH,2126169000.0
2023-05-31,517350,SH,200542000.0
2023-05-31,517360,SH,77583000.0
2023-05-31,517380,SH,414326300.0
2023-05-31,517390,SH,43112600.0
2023-05-31,517500,SH,13113000.0
2023-05-31,517550,SH,50417400.0
2023-05-31,517660,SH,36280700.0
2023-05-31,517760,SH,9552600.0
2023-05-31,517770,SH,25947800.000000004
2023-05-31,517780,SH,9451100.0
2023-05-31,517800,SH,105539700.0
2023-05-31,517850,SH,214185200.0
2023-05-31,517880,SH,59337100.0
2023-05-31,517900,SH,44993500.0
2023-05-31,517960,SH,206182000.0
2023-05-31,517990,SH,27987900.0
2023-05-31,518600,SH,18193600.0
2023-05-31,518660,SH,24452700.0
2023-05-31,518680,SH,32958000.0
2023-05-31,518800,SH,280319900.0
2023-05-31,518850,SH,33678700.0
2023-05-31,518860,SH,10359800.0
2023-05-31,518880,SH,2305840800.0
2023-05-31,518890,SH,10754800.0
2023-05-31,560000,SH,23022900.0
2023-05-31,560010,SH,1523621700.0000002
2023-05-31,560050,SH,8109934399.999999
2023-05-31,560060,SH,518090000.0
2023-05-31,560080,SH,1782265000.0
2023-05-31,560090,SH,1383865000.0
2023-05-31,560100,SH,133080300.0
2023-05-31,560110,SH,475903500.0
2023-05-31,560180,SH,260603000.0
2023-05-31,560330,SH,239130000.0
2023-05-31,560500,SH,906339000.0
2023-05-31,560550,SH,1083597400.0
2023-05-31,560560,SH,150190100.0
2023-05-31,560580,SH,31003000.0
2023-05-31,560600,SH,27705800.0
2023-05-31,560650,SH,21419200.0
2023-05-31,560660,SH,97969000.0
2023-05-31,560680,SH,45725600.00000001
2023-05-31,560800,SH,2031951100.0
2023-05-31,560860,SH,360233000.0
2023-05-31,560880,SH,867232000.0
2023-05-31,560900,SH,223969100.0
2023-05-31,560960,SH,42598900.0
2023-05-31,560980,SH,165022000.0
2023-05-31,560990,SH,62187100.0
2023-05-31,561000,SH,79920000.0
2023-05-31,561100,SH,328746900.0
2023-05-31,561120,SH,188659900.00000003
2023-05-31,561130,SH,273935200.0
2023-05-31,561160,SH,1730335000.0
2023-05-31,561170,SH,129032700.0
2023-05-31,561180,SH,65609600.0
2023-05-31,561190,SH,1492318000.0
2023-05-31,561300,SH,1435965000.0
2023-05-31,561310,SH,164916600.0
2023-05-31,561320,SH,132369000.0
2023-05-31,561330,SH,40696100.0
2023-05-31,561350,SH,370700000.0
2023-05-31,561500,SH,107100300.0
2023-05-31,561510,SH,106206000.0
2023-05-31,561550,SH,691489600.0000001
2023-05-31,561560,SH,259124200.0
2023-05-31,561580,SH,1582870700.0
2023-05-31,561590,SH,93999600.0
2023-05-31,561600,SH,80274000.0
2023-05-31,561700,SH,170813600.0
2023-05-31,561710,SH,89596100.0
2023-05-31,561800,SH,167577200.0
2023-05-31,561900,SH,77334400.0
2023-05-31,561910,SH,935076600.0
2023-05-31,561920,SH,48692000.0
2023-05-31,561950,SH,294156000.0
2023-05-31,561990,SH,826649200.0
2023-05-31,562000,SH,812368900.0
2023-05-31,562010,SH,55298700.0
2023-05-31,562300,SH,151495000.0
2023-05-31,562310,SH,1426572300.0
2023-05-31,562320,SH,55295500.0
2023-05-31,562330,SH,77018900.0
2023-05-31,562350,SH,35410900.0
2023-05-31,562360,SH,82474000.0
2023-05-31,562390,SH,63429000.0
2023-05-31,562500,SH,419687300.00000006
2023-05-31,562510,SH,760095000.0
2023-05-31,562520,SH,38568000.0
2023-05-31,562530,SH,21144000.0
2023-05-31,562550,SH,62919300.0
2023-05-31,562800,SH,1752295000.0
2023-05-31,562860,SH,878895000.0
2023-05-31,562880,SH,505399600.0
2023-05-31,562900,SH,98706300.0
2023-05-31,562910,SH,160227300.0
2023-05-31,562950,SH,112258300.0
2023-05-31,562960,SH,21891000.0
2023-05-31,562990,SH,2524756000.0
2023-05-31,563000,SH,6718451100.0
2023-05-31,563030,SH,407669000.0
2023-05-31,588000,SH,59312668200.0
2023-05-31,588010,SH,85425800.0
2023-05-31,588050,SH,5647241300.0
2023-05-31,588060,SH,1729140000.0
2023-05-31,588080,SH,21172628100.0
2023-05-31,588090,SH,3527472800.0000005
2023-05-31,588100,SH,781248700.0
2023-05-31,588150,SH,202932600.0
2023-05-31,588160,SH,111996000.0
2023-05-31,588180,SH,3118353700.0
2023-05-31,588200,SH,4203894800.0
2023-05-31,588260,SH,217746000.0
2023-05-31,588280,SH,224121000.0
2023-05-31,588290,SH,836397000.0
2023-05-31,588300,SH,2878210500.0
2023-05-31,588310,SH,72437500.0
2023-05-31,588320,SH,17824600.0
2023-05-31,588330,SH,1681737800.0
2023-05-31,588350,SH,1922546000.0
2023-05-31,588360,SH,905081800.0
2023-05-31,588370,SH,165772000.0
2023-05-31,588380,SH,3056770000.0
2023-05-31,588390,SH,482935900.0
2023-05-31,588400,SH,3114600600.0
2023-05-31,588460,SH,522014000.0
2023-06-30,510010,SH,162524400.0
2023-06-30,510020,SH,37548000.0
2023-06-30,510030,SH,204729800.0
2023-06-30,510050,SH,22686066800.0
2023-06-30,510060,SH,70959200.0
2023-06-30,510090,SH,33081100.0
2023-06-30,510100,SH,1302019900.0
2023-06-30,510110,SH,2716800.0
2023-06-30,510120,SH,1792400.0
2023-06-30,510130,SH,41085100.0
2023-06-30,510150,SH,2547178600.0
2023-06-30,510160,SH,354057400.0
2023-06-30,510170,SH,212914800.0
2023-06-30,510180,SH,5641057700.0
2023-06-30,510190,SH,22150800.0
2023-06-30,510200,SH,74385500.0
2023-06-30,510210,SH,5050692600.0
2023-06-30,510230,SH,3814808000.0
2023-06-30,510270,SH,18832100.0
2023-06-30,510290,SH,82448900.0
2023-06-30,510300,SH,18521587700.0
2023-06-30,510310,SH,9738307400.0
2023-06-30,510330,SH,6152649800.0
2023-06-30,510350,SH,622014700.0
2023-06-30,510360,SH,1415381200.0
2023-06-30,510370,SH,63258100.00000001
2023-06-30,510380,SH,1056802400.0
2023-06-30,510390,SH,150950000.0
2023-06-30,510410,SH,331258399.99999994
2023-06-30,510500,SH,7948968600.0
2023-06-30,510510,SH,1725038299.9999998
2023-06-30,510530,SH,41979399.99999999
2023-06-30,510550,SH,13743300.0
2023-06-30,510560,SH,140318700.0
2023-06-30,510570,SH,60560600.00000001
2023-06-30,510580,SH,3010965200.0
2023-06-30,510590,SH,122386100.0
2023-06-30,510600,SH,15715100.0
2023-06-30,510630,SH,291361500.0
2023-06-30,510650,SH,26452500.0
2023-06-30,510660,SH,43879700.0
2023-06-30,510680,SH,12424700.0
2023-06-30,510710,SH,172118900.0
2023-06-30,510760,SH,464503700.0
2023-06-30,510770,SH,42610700.0
2023-06-30,510800,SH,518576000.0
2023-06-30,510810,SH,8787093700.0
2023-06-30,510850,SH,76098900.0
2023-06-30,510880,SH,5423675699.999999
2023-06-30,510900,SH,11482021900.0
2023-06-30,510990,SH,70948600.0
2023-06-30,511010,SH,9816300.0
2023-06-30,511020,SH,9632500.0
2023-06-30,511030,SH,514407100.0
2023-06-30,511060,SH,5766300.0
2023-06-30,511090,SH,1228100.0
2023-06-30,511180,SH,19459700.0
2023-06-30,511220,SH,141281400.0
2023-06-30,511260,SH,4806500.0
2023-06-30,511270,SH,6767500.0
2023-06-30,511360,SH,180338600.0
2023-06-30,511380,SH,277786700.0
2023-06-30,511520,SH,36246500.0
2023-06-30,511580,SH,1768800.0
2023-06-30,512000,SH,28334417700.0
2023-06-30,512010,SH,43716694900.0
2023-06-30,512040,SH,158857900.0
2023-06-30,512070,SH,8496479700.0
2023-06-30,512090,SH,307592300.0
2023-06-30,512100,SH,3699217600.0
2023-06-30,512120,SH,651241900.0
2023-06-30,512150,SH,43073400.0
2023-06-30,512160,SH,305777800.0
2023-06-30,512170,SH,53803820500.0
2023-06-30,512180,SH,96048000.0
2023-06-30,512190,SH,45418400.0
2023-06-30,512200,SH,7211376000.0
2023-06-30,512220,SH,323967600.0
2023-06-30,512260,SH,58097700.00000001
2023-06-30,512280,SH,42005700.0
2023-06-30,512290,SH,5036820700.0
2023-06-30,512320,SH,32040800.0
2023-06-30,512330,SH,511188000.0
2023-06-30,512360,SH,54337700.00000001
2023-06-30,512380,SH,132805600.0
2023-06-30,512390,SH,192682000.0
2023-06-30,512400,SH,3859039000.0
2023-06-30,512480,SH,27683003600.0
2023-06-30,512500,SH,1576008800.0
2023-06-30,512510,SH,325429800.0
2023-06-30,512520,SH,96056400.0
2023-06-30,512530,SH,40502000.0
2023-06-30,512550,SH,191906000.0
2023-06-30,512560,SH,1037127000.0
2023-06-30,512570,SH,290806100.0
2023-06-30,512580,SH,1203871700.0
2023-06-30,512600,SH,568956100.0
2023-06-30,512640,SH,39240900.0
2023-06-30,512650,SH,462941600.00000006
2023-06-30,512660,SH,9183080000.0
2023-06-30,512670,SH,3793652600.0
2023-06-30,512680,SH,3840930100.0
2023-06-30,512690,SH,16618650200.0
2023-06-30,512700,SH,1440581000.0
2023-06-30,512710,SH,8380658400.0
2023-06-30,512720,SH,1434453400.0
2023-06-30,512730,SH,115583900.0
2023-06-30,512750,SH,107754900.0
2023-06-30,512760,SH,19238322800.0
2023-06-30,512770,SH,185767800.0
2023-06-30,512800,SH,7227740000.0
2023-06-30,512810,SH,412791700.0
2023-06-30,512820,SH,395501900.0
2023-06-30,512870,SH,31410600.0
2023-06-30,512880,SH,37488291500.0
2023-06-30,512890,SH,1378110799.9999998
2023-06-30,512900,SH,7995406000.0
2023-06-30,512910,SH,284128800.0
2023-06-30,512930,SH,221130300.0
2023-06-30,512950,SH,4476551000.0
2023-06-30,512960,SH,4320257300.0
2023-06-30,512970,SH,62987600.0
2023-06-30,512980,SH,5611424399.999999
2023-06-30,512990,SH,247015400.0
2023-06-30,513000,SH,234911400.0
2023-06-30,513010,SH,8394307000.0
2023-06-30,513020,SH,359145400.0
2023-06-30,513030,SH,342779000.0
2023-06-30,513040,SH,147841300.0
2023-06-30,513050,SH,35732432700.0
2023-06-30,513060,SH,20227893300.0
2023-06-30,513070,SH,100760800.0
2023-06-30,513080,SH,64416000.0
2023-06-30,513090,SH,1421488000.0
2023-06-30,513100,SH,7699110600.000001
2023-06-30,513110,SH,506435000.0
2023-06-30,513120,SH,3134635400.0
2023-06-30,513130,SH,17174347000.0
2023-06-30,513140,SH,44368000.0
2023-06-30,513150,SH,146559800.0
2023-06-30,513160,SH,75189300.0
2023-06-30,513180,SH,34814759500.0
2023-06-30,513200,SH,1120282100.0
2023-06-30,513220,SH,76109400.0
2023-06-30,513230,SH,67422700.0
2023-06-30,513260,SH,596243000.0
2023-06-30,513280,SH,96114500.0
2023-06-30,513290,SH,93072100.0
2023-06-30,513300,SH,1440671000.0
2023-06-30,513310,SH,89427000.0
2023-06-30,513320,SH,51010600.00000001
2023-06-30,513330,SH,70233480000.0
2023-06-30,513360,SH,683713900.0
2023-06-30,513380,SH,1920892500.0
2023-06-30,513390,SH,58379100.0
2023-06-30,513500,SH,4745638600.0
2023-06-30,513520,SH,346387200.0
2023-06-30,513530,SH,64438700.0
2023-06-30,513550,SH,5368992000.0
2023-06-30,513560,SH,241386000.0
2023-06-30,513580,SH,2615118000.0
2023-06-30,513590,SH,96318900.0
2023-06-30,513600,SH,266829500.0
2023-06-30,513650,SH,350734000.0
2023-06-30,513660,SH,2136000100.0
2023-06-30,513690,SH,1127979900.0
2023-06-30,513700,SH,1474846000.0
2023-06-30,513770,SH,2224068900.0
2023-06-30,513800,SH,82644400.0
2023-06-30,513860,SH,999470600.0
2023-06-30,513880,SH,168470000.0
2023-06-30,513890,SH,321128000.0
2023-06-30,513900,SH,203978000.0
2023-06-30,513950,SH,75119000.0
2023-06-30,513960,SH,52932299.99999999
2023-06-30,513970,SH,364041000.0
2023-06-30,513980,SH,8721204000.0
2023-06-30,513990,SH,76000000.0
2023-06-30,515000,SH,2360289700.0
2023-06-30,515010,SH,881771600.0
2023-06-30,515020,SH,541845300.0
2023-06-30,515030,SH,7584384000.0
2023-06-30,515050,SH,7589068500.0
2023-06-30,515060,SH,933478100.0
2023-06-30,515070,SH,1285970200.0
2023-06-30,515080,SH,1680148900.0000002
2023-06-30,515090,SH,53801700.0
2023-06-30,515100,SH,497441500.0
2023-06-30,515110,SH,237295000.0
2023-06-30,515120,SH,5256993600.0
2023-06-30,515130,SH,67463200.0
2023-06-30,515150,SH,577703200.0
2023-06-30,515160,SH,657955100.0
2023-06-30,515170,SH,5188757900.0
2023-06-30,515180,SH,2060637000.0
2023-06-30,515190,SH,51466100.0
2023-06-30,515200,SH,114943200.0
2023-06-30,515210,SH,1241226100.0
2023-06-30,515220,SH,1854088500.0
2023-06-30,515230,SH,1438690900.0
2023-06-30,515250,SH,820944500.0
2023-06-30,515260,SH,668284200.0
2023-06-30,515280,SH,44418600.0
2023-06-30,515290,SH,5296292900.0
2023-06-30,515300,SH,159175200.0
2023-06-30,515310,SH,52111200.0
2023-06-30,515320,SH,348309000.0
2023-06-30,515330,SH,6671709500.0
2023-06-30,515350,SH,23399200.0
2023-06-30,515360,SH,31279300.0
2023-06-30,515380,SH,876699800.0
2023-06-30,515390,SH,222683000.0
2023-06-30,515400,SH,1193631400.0
2023-06-30,515450,SH,216335000.0
2023-06-30,515530,SH,24242700.0
2023-06-30,515550,SH,25345700.0
2023-06-30,515560,SH,497883300.0
2023-06-30,515570,SH,38443900.0
2023-06-30,515580,SH,592031400.0
2023-06-30,515590,SH,26113700.0
2023-06-30,515600,SH,2028797400.0
2023-06-30,515630,SH,110217700.0
2023-06-30,515650,SH,1955184000.0
2023-06-30,515660,SH,177094199.99999997
2023-06-30,515670,SH,91822500.0
2023-06-30,515680,SH,1475264700.0
2023-06-30,515700,SH,2743510200.0
2023-06-30,515710,SH,1205599800.0
2023-06-30,515750,SH,472140500.0
2023-06-30,515760,SH,198888100.0
2023-06-30,515770,SH,84727300.0
2023-06-30,515780,SH,17785200.0
2023-06-30,515790,SH,13261494000.0
2023-06-30,515800,SH,1797437200.0
2023-06-30,515810,SH,143908800.0
2023-06-30,515850,SH,201291000.0
2023-06-30,515860,SH,171878900.0
2023-06-30,515880,SH,2508462300.0
2023-06-30,515890,SH,271443900.0
2023-06-30,515900,SH,3319646500.0
2023-06-30,515910,SH,461507000.0
2023-06-30,515920,SH,290905700.0
2023-06-30,515930,SH,4074700.000000001
2023-06-30,515950,SH,794200600.0
2023-06-30,515960,SH,332991900.0
2023-06-30,515980,SH,680064500.0
2023-06-30,515990,SH,105350200.0
2023-06-30,516000,SH,58855000.0
2023-06-30,516010,SH,1651693000.0
2023-06-30,516020,SH,825826200.0
2023-06-30,516050,SH,733228000.0
2023-06-30,516060,SH,215237400.00000003
2023-06-30,516070,SH,795646000.0
2023-06-30,516080,SH,458554800.00000006
2023-06-30,516090,SH,1360844800.0
2023-06-30,516100,SH,45759700.0
2023-06-30,516110,SH,1771623100.0
2023-06-30,516120,SH,293082000.0
2023-06-30,516130,SH,101890000.0
2023-06-30,516150,SH,2082077000.0
2023-06-30,516160,SH,7336804000.0
2023-06-30,516180,SH,104987000.0
2023-06-30,516190,SH,15518500.0
2023-06-30,516200,SH,452604000.0
2023-06-30,516210,SH,234731000.0
2023-06-30,516220,SH,292170000.0
2023-06-30,516260,SH,139882600.0
2023-06-30,516270,SH,425909000.0
2023-06-30,516290,SH,345196900.0
2023-06-30,516300,SH,114102200.0
2023-06-30,516310,SH,157458500.0
2023-06-30,516320,SH,81589300.0
2023-06-30,516330,SH,51671300.0
2023-06-30,516350,SH,420415300.0
2023-06-30,516360,SH,147551800.0
2023-06-30,516380,SH,182449300.0
2023-06-30,516390,SH,640261000.0
2023-06-30,516480,SH,22146100.0
2023-06-30,516500,SH,156937200.0
2023-06-30,516510,SH,1033890000.0
2023-06-30,516520,SH,123765500.0
2023-06-30,516530,SH,106802300.0
2023-06-30,516550,SH,296414400.0
2023-06-30,516560,SH,82758000.0
2023-06-30,516570,SH,41357600.0
2023-06-30,516580,SH,193124100.0
2023-06-30,516590,SH,119015000.0
2023-06-30,516600,SH,170332100.0
2023-06-30,516610,SH,112974800.0
2023-06-30,516620,SH,43267500.0
2023-06-30,516630,SH,59156000.0
2023-06-30,516640,SH,1693482800.0
2023-06-30,516650,SH,56464799.99999999
2023-06-30,516660,SH,483689000.0
2023-06-30,516670,SH,1224266300.0
2023-06-30,516690,SH,76743000.0
2023-06-30,516700,SH,36122000.0
2023-06-30,516710,SH,178272000.0
2023-06-30,516720,SH,61837800.0
2023-06-30,516730,SH,128880800.0
2023-06-30,516750,SH,109667300.0
2023-06-30,516760,SH,321215100.0
2023-06-30,516770,SH,127048000.0
2023-06-30,516780,SH,856549800.0
2023-06-30,516790,SH,222982200.0
2023-06-30,516800,SH,233154000.0
2023-06-30,516810,SH,241478900.0
2023-06-30,516820,SH,2920415200.0
2023-06-30,516830,SH,277176900.0
2023-06-30,516850,SH,92237000.0
2023-06-30,516860,SH,59522000.0
2023-06-30,516880,SH,1051944100.0
2023-06-30,516890,SH,59311400.0
2023-06-30,516900,SH,74729000.0
2023-06-30,516910,SH,131141800.0
2023-06-30,516920,SH,653463000.0
2023-06-30,516930,SH,86639599.99999999
2023-06-30,516950,SH,1076821000.0
2023-06-30,516960,SH,81051100.0
2023-06-30,516970,SH,5688542500.0
2023-06-30,516980,SH,26016000.0
2023-06-30,517000,SH,657793000.0
2023-06-30,517010,SH,57144200.0
2023-06-30,517030,SH,45040300.0
2023-06-30,517050,SH,887605000.0
2023-06-30,517080,SH,661166000.0
2023-06-30,517090,SH,949075000.0
2023-06-30,517100,SH,458602100.0
2023-06-30,517110,SH,271098500.0
2023-06-30,517120,SH,642966400.0
2023-06-30,517160,SH,2188777500.0
2023-06-30,517170,SH,51131800.0
2023-06-30,517180,SH,944496300.0
2023-06-30,517200,SH,249782000.0
2023-06-30,517270,SH,24591600.0
2023-06-30,517280,SH,44552500.0
2023-06-30,517300,SH,2880434500.0
2023-06-30,517330,SH,2120169000.0
2023-06-30,517350,SH,187042000.0
2023-06-30,517360,SH,73083000.0
2023-06-30,517380,SH,434326300.0
2023-06-30,517390,SH,30112600.000000004
2023-06-30,517500,SH,11113000.0
2023-06-30,517550,SH,50417400.0
2023-06-30,517660,SH,38680700.0
2023-06-30,517760,SH,8052600.0
2023-06-30,517770,SH,20947800.000000004
2023-06-30,517780,SH,9451100.0
2023-06-30,517800,SH,104539700.0
2023-06-30,517850,SH,212185200.0
2023-06-30,517880,SH,59337100.0
2023-06-30,517900,SH,46993500.0
2023-06-30,517960,SH,206182000.0
2023-06-30,517990,SH,28987900.0
2023-06-30,518600,SH,17293600.0
2023-06-30,518660,SH,24152700.0
2023-06-30,518680,SH,44758000.0
2023-06-30,518800,SH,275219900.0
2023-06-30,518850,SH,33678700.0
2023-06-30,518860,SH,11259800.0
2023-06-30,518880,SH,2392840800.0
2023-06-30,518890,SH,11054800.0
2023-06-30,560000,SH,71022900.0
2023-06-30,560010,SH,1658621700.0000002
2023-06-30,560050,SH,8001934399.999999
2023-06-30,560060,SH,509090000.0
2023-06-30,560070,SH,1560862300.0
2023-06-30,560080,SH,1687265000.0
2023-06-30,560090,SH,1485365000.0
2023-06-30,560100,SH,112080300.0
2023-06-30,560110,SH,541903500.0
2023-06-30,560180,SH,200603000.0
2023-06-30,560330,SH,161130000.0
2023-06-30,560500,SH,902339000.0
2023-06-30,560550,SH,1047597400.0
2023-06-30,560560,SH,151190100.0
2023-06-30,560580,SH,30003000.0
2023-06-30,560600,SH,28705800.0
2023-06-30,560650,SH,18419200.0
2023-06-30,560660,SH,59969000.0
2023-06-30,560680,SH,48725600.00000001
2023-06-30,560700,SH,1423536900.0
2023-06-30,560800,SH,1983951100.0
2023-06-30,560860,SH,356233000.0
2023-06-30,560880,SH,790732000.0
2023-06-30,560900,SH,229969100.0
2023-06-30,560960,SH,49598900.0
2023-06-30,560980,SH,159022000.0
2023-06-30,560990,SH,60187100.0
2023-06-30,561000,SH,239920000.0
2023-06-30,561100,SH,313746900.0
2023-06-30,561120,SH,190159900.00000003
2023-06-30,561130,SH,267935200.0
2023-06-30,561160,SH,1787335000.0
2023-06-30,561170,SH,473032700.0
2023-06-30,561180,SH,487609600.0
2023-06-30,561190,SH,1489318000.0
2023-06-30,561300,SH,1393965000.0
2023-06-30,561310,SH,159916600.0
2023-06-30,561320,SH,263369000.0
2023-06-30,561330,SH,164696100.0
2023-06-30,561350,SH,619700000.0
2023-06-30,561500,SH,107100300.0
2023-06-30,561510,SH,136206000.0
2023-06-30,561550,SH,671989600.0000001
2023-06-30,561560,SH,541624200.0
2023-06-30,561580,SH,1017870700.0
2023-06-30,561590,SH,506499600.0
2023-06-30,561600,SH,86274000.0
2023-06-30,561700,SH,217813600.0
2023-06-30,561710,SH,91596100.0
2023-06-30,561800,SH,161077200.0
2023-06-30,561900,SH,80334400.0
2023-06-30,561910,SH,1002076600.0
2023-06-30,561920,SH,43692000.0
2023-06-30,561950,SH,240156000.0
2023-06-30,561960,SH,866585200.0
2023-06-30,561990,SH,769649200.0
2023-06-30,562000,SH,816368900.0
2023-06-30,562010,SH,43298700.0
2023-06-30,562300,SH,157495000.0
2023-06-30,562310,SH,1524572300.0
2023-06-30,562320,SH,148295500.0
2023-06-30,562330,SH,76018900.0
2023-06-30,562350,SH,47410900.0
2023-06-30,562360,SH,81474000.0
2023-06-30,562390,SH,68429000.0
2023-06-30,562500,SH,635687300.0
2023-06-30,562510,SH,865095000.0
2023-06-30,562520,SH,52568000.0
2023-06-30,562530,SH,21144000.0
2023-06-30,562550,SH,65419300.0
2023-06-30,562800,SH,1739695000.0
2023-06-30,562860,SH,826895000.0
2023-06-30,562880,SH,505399600.0
2023-06-30,562900,SH,99706300.0
2023-06-30,562910,SH,163227300.0
2023-06-30,562920,SH,22069000.0
2023-06-30,562930,SH,22437000.0
2023-06-30,562950,SH,112258300.0
2023-06-30,562960,SH,20391000.0
2023-06-30,562990,SH,2451756000.0
2023-06-30,563000,SH,6563451100.0
2023-06-30,563030,SH,428669000.0
2023-06-30,588000,SH,63952168200.0
2023-06-30,588010,SH,90425800.0
2023-06-30,588050,SH,6155241300.0
2023-06-30,588060,SH,1985140000.0
2023-06-30,588080,SH,23026628100.0
2023-06-30,588090,SH,3787472800.000001
2023-06-30,588100,SH,833748700.0
2023-06-30,588150,SH,300432600.0
2023-06-30,588160,SH,111996000.0
2023-06-30,588180,SH,3380853700.0
2023-06-30,588200,SH,5067894800.0
2023-06-30,588260,SH,259746000.0
2023-06-30,588280,SH,232121000.0
2023-06-30,588290,SH,961397000.0
2023-06-30,588300,SH,2911210500.0
2023-06-30,588310,SH,70237500.0
2023-06-30,588320,SH,17824600.0
2023-06-30,588330,SH,1669737800.0
2023-06-30,588350,SH,2010546000.0
2023-06-30,588360,SH,921881800.0
2023-06-30,588370,SH,195772000.0
2023-06-30,588380,SH,3050770000.0
2023-06-30,588390,SH,485935900.0
2023-06-30,588400,SH,3171600600.0
2023-06-30,588460,SH,624014000.0
2023-07-31,510010,SH,162524400.0
2023-07-31,510020,SH,37448000.0
2023-07-31,510030,SH,173229800.0
2023-07-31,510050,SH,21154266800.0
2023-07-31,510060,SH,65959200.0
2023-07-31,510090,SH,34581100.0
2023-07-31,510100,SH,1373419900.0
2023-07-31,510110,SH,2416800.0
2023-07-31,510120,SH,1792400.0
2023-07-31,510130,SH,42685100.0
2023-07-31,510150,SH,2461178600.0
2023-07-31,510160,SH,354057400.0
2023-07-31,510170,SH,204914800.0
2023-07-31,510180,SH,5743557700.0
2023-07-31,510190,SH,23150800.0
2023-07-31,510200,SH,66885500.0
2023-07-31,510210,SH,5378192600.0
2023-07-31,510230,SH,3411808000.0
2023-07-31,510270,SH,17832100.0
2023-07-31,510290,SH,82448900.0
2023-07-31,510300,SH,22448287700.0
2023-07-31,510310,SH,11964307400.0
2023-07-31,510330,SH,6689949800.0
2023-07-31,510350,SH,624714700.0
2023-07-31,510360,SH,1403381200.0
2023-07-31,510370,SH,51258100.00000001
2023-07-31,510380,SH,1056802400.0
2023-07-31,510390,SH,151850000.0
2023-07-31,510410,SH,373258400.0
2023-07-31,510500,SH,7962168600.0
2023-07-31,510510,SH,1735038299.9999998
2023-07-31,510530,SH,43479399.99999999
2023-07-31,510550,SH,13743300.0
2023-07-31,510560,SH,140318700.0
2023-07-31,510570,SH,48060600.00000001
2023-07-31,510580,SH,3043965200.0
2023-07-31,510590,SH,121586100.0
2023-07-31,510600,SH,16915100.0
2023-07-31,510630,SH,300361500.0
2023-07-31,510650,SH,26452500.0
2023-07-31,510660,SH,49379700.0
2023-07-31,510680,SH,12724700.0
2023-07-31,510710,SH,173318900.0
2023-07-31,510760,SH,392503700.0
2023-07-31,510770,SH,42610700.0
2023-07-31,510800,SH,497576000.0
2023-07-31,510810,SH,8899093700.0
2023-07-31,510850,SH,80898900.0
2023-07-31,510880,SH,5281675699.999999
2023-07-31,510900,SH,11404021900.0
2023-07-31,510990,SH,60948600.0
2023-07-31,511010,SH,11566300.000000002
2023-07-31,511020,SH,9842500.0
2023-07-31,511030,SH,514407100.0
2023-07-31,511060,SH,5766300.0
2023-07-31,511090,SH,2768100.0
2023-07-31,511180,SH,20259700.0
2023-07-31,511220,SH,141481400.0
2023-07-31,511260,SH,4906500.0
2023-07-31,511270,SH,6767500.0
2023-07-31,511360,SH,200852600.0
2023-07-31,511380,SH,279686700.0
2023-07-31,511520,SH,37066500.0
2023-07-31,511580,SH,1778800.0
2023-07-31,512000,SH,25660817700.0
2023-07-31,512010,SH,44487694900.0
2023-07-31,512040,SH,175857900.0
2023-07-31,512070,SH,9869479700.0
2023-07-31,512090,SH,313592300.0
2023-07-31,512100,SH,4737217600.0
2023-07-31,512120,SH,689241900.0
2023-07-31,512150,SH,42073400.0
2023-07-31,512160,SH,299777800.0
2023-07-31,512170,SH,57965820500.0
2023-07-31,512180,SH,94048000.0
2023-07-31,512190,SH,44718400.0
2023-07-31,512200,SH,6920876000.0
2023-07-31,512220,SH,292467600.0
2023-07-31,512260,SH,56497700.00000001
2023-07-31,512280,SH,40005700.0
2023-07-31,512290,SH,5153820700.0
2023-07-31,512320,SH,32040800.0
2023-07-31,512330,SH,523188000.0
2023-07-31,512360,SH,51337700.00000001
2023-07-31,512380,SH,132805600.0
2023-07-31,512390,SH,192682000.0
2023-07-31,512400,SH,4268539000.0
2023-07-31,512480,SH,32025003600.0
2023-07-31,512500,SH,1609608800.0
2023-07-31,512510,SH,329929800.00000006
2023-07-31,512520,SH,96056400.0
2023-07-31,512530,SH,39502000.0
2023-07-31,512550,SH,188906000.0
2023-07-31,512560,SH,1117127000.0
2023-07-31,512570,SH,262806100.0
2023-07-31,512580,SH,1212871700.0
2023-07-31,512600,SH,566356100.0
2023-07-31,512640,SH,39740900.0
2023-07-31,512650,SH,460941600.00000006
2023-07-31,512660,SH,8894080000.0
2023-07-31,512670,SH,3909652600.0
2023-07-31,512680,SH,3769730100.0
2023-07-31,512690,SH,17798950200.0
2023-07-31,512700,SH,1360081000.0
2023-07-31,512710,SH,8854658400.0
2023-07-31,512720,SH,1406453400.0
2023-07-31,512730,SH,98083900.0
2023-07-31,512750,SH,163554900.0
2023-07-31,512760,SH,20312322800.0
2023-07-31,512770,SH,185767800.0
2023-07-31,512800,SH,6284840000.0
2023-07-31,512810,SH,502791700.0
2023-07-31,512820,SH,347201900.0
2023-07-31,512870,SH,31410600.0
2023-07-31,512880,SH,32818291500.0
2023-07-31,512890,SH,1679110799.9999998
2023-07-31,512900,SH,7051906000.0
2023-07-31,512910,SH,306628800.0
2023-07-31,512930,SH,254130300.0
2023-07-31,512950,SH,4588551000.0
2023-07-31,512960,SH,4408257300.0
2023-07-31,512970,SH,61987600.0
2023-07-31,512980,SH,5396924399.999999
2023-07-31,512990,SH,247015400.0
2023-07-31,513000,SH,267411400.0
2023-07-31,513010,SH,8291307000.0
2023-07-31,513020,SH,359145400.0
2023-07-31,513030,SH,401279000.0
2023-07-31,513040,SH,82841299.99999999
2023-07-31,513050,SH,35751432700.0
2023-07-31,513060,SH,22600393300.0
2023-07-31,513070,SH,82760800.0
2023-07-31,513080,SH,80916000.0
2023-07-31,513090,SH,1838988000.0
2023-07-31,513100,SH,8430110600.000001
2023-07-31,513110,SH,486435000.0
2023-07-31,513120,SH,4164635400.0
2023-07-31,513130,SH,18869347000.0
2023-07-31,513140,SH,51368000.0
2023-07-31,513150,SH,151559800.0
2023-07-31,513160,SH,75189300.0
2023-07-31,513180,SH,34231759500.0
2023-07-31,513200,SH,977282100.0
2023-07-31,513220,SH,75109400.0
2023-07-31,513230,SH,67422700.0
2023-07-31,513260,SH,607243000.0
2023-07-31,513280,SH,97114500.0
2023-07-31,513290,SH,121072100.0
2023-07-31,513300,SH,1575671000.0
2023-07-31,513310,SH,95427000.0
2023-07-31,513320,SH,51010600.00000001
2023-07-31,513330,SH,69881480000.0
2023-07-31,513360,SH,617713900.0
2023-07-31,513380,SH,1980392500.0
2023-07-31,513390,SH,68379100.0
2023-07-31,513500,SH,5136638600.0
2023-07-31,513520,SH,393387200.0
2023-07-31,513530,SH,85938700.00000001
2023-07-31,513550,SH,5785992000.0
2023-07-31,513560,SH,188386000.0
2023-07-31,513580,SH,2584118000.0
2023-07-31,513590,SH,89718900.0
2023-07-31,513600,SH,275829500.0
2023-07-31,513650,SH,365734000.0
2023-07-31,513660,SH,2258000100.0
2023-07-31,513690,SH,1211979900.0
2023-07-31,513700,SH,1482846000.0
2023-07-31,513770,SH,2208568900.0
2023-07-31,513800,SH,65844399.99999999
2023-07-31,513860,SH,1016470600.0
2023-07-31,513880,SH,151470000.0
2023-07-31,513890,SH,319128000.0
2023-07-31,513900,SH,190978000.0
2023-07-31,513950,SH,75119000.0
2023-07-31,513960,SH,52932299.99999999
2023-07-31,513970,SH,293041000.0
2023-07-31,513980,SH,10394204000.0
2023-07-31,513990,SH,73000000.0
2023-07-31,515000,SH,2427289700.0
2023-07-31,515010,SH,887271600.0
2023-07-31,515020,SH,598345300.0
2023-07-31,515030,SH,7849384000.0
2023-07-31,515050,SH,7647068500.0
2023-07-31,515060,SH,1059478100.0
2023-07-31,515070,SH,1435970200.0
2023-07-31,515080,SH,1924148900.0
2023-07-31,515090,SH,51801700.0
2023-07-31,515100,SH,581441500.0
2023-07-31,515110,SH,354295000.0
2023-07-31,515120,SH,5556993600.0
2023-07-31,515130,SH,64463200.0
2023-07-31,515150,SH,571703200.0
2023-07-31,515160,SH,649955100.0
2023-07-31,515170,SH,4978757900.0
2023-07-31,515180,SH,2368637000.0
2023-07-31,515190,SH,51466100.0
2023-07-31,515200,SH,112943200.0
2023-07-31,515210,SH,1292226100.0
2023-07-31,515220,SH,1531088500.0
2023-07-31,515230,SH,1410690900.0
2023-07-31,515250,SH,1140944500.0
2023-07-31,515260,SH,723284200.0
2023-07-31,515280,SH,41418600.0
2023-07-31,515290,SH,5291332900.0
2023-07-31,515300,SH,179675200.0
2023-07-31,515310,SH,48611200.0
2023-07-31,515320,SH,364309000.0
2023-07-31,515330,SH,6683709500.0
2023-07-31,515350,SH,23399200.0
2023-07-31,515360,SH,30779300.0
2023-07-31,515380,SH,914499800.0
2023-07-31,515390,SH,222683000.0
2023-07-31,515400,SH,1380631400.0000002
2023-07-31,515450,SH,272835000.0
2023-07-31,515530,SH,24242700.0
2023-07-31,515550,SH,25345700.0
2023-07-31,515560,SH,429883300.0
2023-07-31,515570,SH,36443900.0
2023-07-31,515580,SH,586031400.0
2023-07-31,515590,SH,26113700.0
2023-07-31,515600,SH,1951797400.0
2023-07-31,515630,SH,114217700.0
2023-07-31,515650,SH,2167184000.0
2023-07-31,515660,SH,158194200.0
2023-07-31,515670,SH,93322500.0
2023-07-31,515680,SH,1486264700.0
2023-07-31,515700,SH,2701510200.0
2023-07-31,515710,SH,1157599800.0
2023-07-31,515750,SH,461140500.0
2023-07-31,515760,SH,198388100.0
2023-07-31,515770,SH,81727300.0
2023-07-31,515780,SH,14785200.0
2023-07-31,515790,SH,13291494000.0
2023-07-31,515800,SH,2149437200.0
2023-07-31,515810,SH,146908800.0
2023-07-31,515850,SH,176791000.0
2023-07-31,515860,SH,170878900.0
2023-07-31,515880,SH,2216462300.0
2023-07-31,515890,SH,274443900.0
2023-07-31,515900,SH,3206646500.0
2023-07-31,515910,SH,455507000.0
2023-07-31,515920,SH,289405700.0
2023-07-31,515950,SH,894200600.0
2023-07-31,515960,SH,343991900.0
2023-07-31,515980,SH,833064500.0
2023-07-31,515990,SH,105350200.0
2023-07-31,516000,SH,77855000.0
2023-07-31,516010,SH,1691693000.0
2023-07-31,516020,SH,1052326200.0
2023-07-31,516050,SH,745228000.0
2023-07-31,516060,SH,219237400.00000003
2023-07-31,516070,SH,809646000.0
2023-07-31,516080,SH,463554800.00000006
2023-07-31,516090,SH,1513844800.0
2023-07-31,516100,SH,53759700.0
2023-07-31,516110,SH,2028623100.0
2023-07-31,516120,SH,352082000.0
2023-07-31,516130,SH,102890000.0
2023-07-31,516150,SH,2252577000.0
2023-07-31,516160,SH,7945804000.0
2023-07-31,516180,SH,111987000.0
2023-07-31,516190,SH,18218500.0
2023-07-31,516200,SH,442604000.0
2023-07-31,516210,SH,231131000.0
2023-07-31,516220,SH,296170000.0
2023-07-31,516260,SH,137882600.0
2023-07-31,516270,SH,463409000.0
2023-07-31,516290,SH,351196900.0
2023-07-31,516300,SH,111602200.0
2023-07-31,516310,SH,150558500.0
2023-07-31,516320,SH,78589300.0
2023-07-31,516330,SH,49271300.0
2023-07-31,516350,SH,439415300.0
2023-07-31,516360,SH,148551800.0
2023-07-31,516380,SH,178449300.0
2023-07-31,516390,SH,697261000.0
2023-07-31,516480,SH,20146100.0
2023-07-31,516500,SH,161937200.0
2023-07-31,516510,SH,1024890000.0
2023-07-31,516520,SH,153765500.0
2023-07-31,516530,SH,101302300.0
2023-07-31,516550,SH,297414400.0
2023-07-31,516560,SH,83258000.0
2023-07-31,516570,SH,38357600.0
2023-07-31,516580,SH,199124100.0
2023-07-31,516590,SH,121015000.0
2023-07-31,516600,SH,167332100.0
2023-07-31,516610,SH,117974800.0
2023-07-31,516620,SH,49267500.0
2023-07-31,516630,SH,76156000.0
2023-07-31,516640,SH,2076282800.0
2023-07-31,516650,SH,58464799.99999999
2023-07-31,516660,SH,479689000.0
2023-07-31,516670,SH,1146266300.0
2023-07-31,516690,SH,75743000.0
2023-07-31,516700,SH,34622000.0
2023-07-31,516710,SH,178272000.0
2023-07-31,516720,SH,54337800.0
2023-07-31,516730,SH,114380800.0
2023-07-31,516750,SH,112167300.0
2023-07-31,516760,SH,295215100.0
2023-07-31,516770,SH,147448000.0
2023-07-31,516780,SH,858549800.0
2023-07-31,516790,SH,219082200.0
2023-07-31,516800,SH,219154000.0
2023-07-31,516810,SH,234478900.0
2023-07-31,516820,SH,3036415200.0
2023-07-31,516830,SH,247176900.0
2023-07-31,516850,SH,100237000.0
2023-07-31,516860,SH,72522000.0
2023-07-31,516880,SH,1103944100.0
2023-07-31,516890,SH,65311400.0
2023-07-31,516900,SH,56729000.0
2023-07-31,516910,SH,132641800.0
2023-07-31,516920,SH,657963000.0
2023-07-31,516930,SH,88139599.99999999
2023-07-31,516950,SH,1361821000.0
2023-07-31,516960,SH,77051100.0
2023-07-31,516970,SH,5479542500.0
2023-07-31,516980,SH,32516000.0
2023-07-31,517000,SH,632793000.0
2023-07-31,517010,SH,54144200.0
2023-07-31,517030,SH,42040300.0
2023-07-31,517050,SH,839605000.0
2023-07-31,517080,SH,661166000.0
2023-07-31,517090,SH,953075000.0
2023-07-31,517100,SH,445102100.0
2023-07-31,517110,SH,271098500.0
2023-07-31,517120,SH,656966400.0
2023-07-31,517160,SH,2168777500.0
2023-07-31,517170,SH,46131800.0
2023-07-31,517180,SH,989496300.0
2023-07-31,517200,SH,248782000.0
2023-07-31,517270,SH,20091600.0
2023-07-31,517280,SH,48552500.0
2023-07-31,517300,SH,2868434500.0
2023-07-31,517330,SH,2146169000.0
2023-07-31,517350,SH,187042000.0
2023-07-31,517360,SH,71583000.0
2023-07-31,517380,SH,434326300.0
2023-07-31,517390,SH,36112600.0
2023-07-31,517500,SH,12113000.0
2023-07-31,517550,SH,48917400.0
2023-07-31,517660,SH,36280700.0
2023-07-31,517760,SH,6552600.0
2023-07-31,517770,SH,20947800.000000004
2023-07-31,517780,SH,9451100.0
2023-07-31,517800,SH,105539700.0
2023-07-31,517850,SH,204185200.0
2023-07-31,517880,SH,55337100.0
2023-07-31,517900,SH,44993500.0
2023-07-31,517960,SH,206182000.0
2023-07-31,517990,SH,29987900.0
2023-07-31,518600,SH,15793599.999999998
2023-07-31,518660,SH,25352700.0
2023-07-31,518680,SH,50958000.0
2023-07-31,518800,SH,295619900.0
2023-07-31,518850,SH,34878700.0
2023-07-31,518860,SH,10659800.0
2023-07-31,518880,SH,2373040800.0
2023-07-31,518890,SH,9254800.0
2023-07-31,560000,SH,22022900.0
2023-07-31,560010,SH,1797621700.0000002
2023-07-31,560030,SH,70432000.0
2023-07-31,560050,SH,8321934399.999999
2023-07-31,560060,SH,489090000.0
2023-07-31,560070,SH,1348062300.0
2023-07-31,560080,SH,1759265000.0
2023-07-31,560090,SH,1313365000.0
2023-07-31,560100,SH,122580300.0
2023-07-31,560110,SH,553903500.0
2023-07-31,560170,SH,1172995500.0
2023-07-31,560180,SH,135603000.0
2023-07-31,560330,SH,61130000.0
2023-07-31,560500,SH,899339000.0
2023-07-31,560550,SH,1005597400.0
2023-07-31,560560,SH,151190100.0
2023-07-31,560580,SH,53003000.0
2023-07-31,560600,SH,28705800.0
2023-07-31,560650,SH,16919200.0
2023-07-31,560660,SH,65969000.0
2023-07-31,560680,SH,48725600.00000001
2023-07-31,560700,SH,1212536900.0
2023-07-31,560800,SH,2165951100.0
2023-07-31,560860,SH,329233000.0
2023-07-31,560880,SH,703732000.0
2023-07-31,560900,SH,227969100.0
2023-07-31,560950,SH,661483000.0
2023-07-31,560960,SH,38598900.0
2023-07-31,560980,SH,186022000.0
2023-07-31,560990,SH,58187100.0
2023-07-31,561000,SH,92420000.0
2023-07-31,561100,SH,583746900.0
2023-07-31,561120,SH,160159900.0
2023-07-31,561130,SH,261935200.0
2023-07-31,561160,SH,1929835000.0
2023-07-31,561170,SH,384032700.0
2023-07-31,561180,SH,89609599.99999999
2023-07-31,561190,SH,1516318000.0
2023-07-31,561300,SH,1417965000.0
2023-07-31,561310,SH,164916600.0
2023-07-31,561320,SH,128369000.0
2023-07-31,561330,SH,38696100.0
2023-07-31,561350,SH,526700000.0
2023-07-31,561500,SH,108600300.0
2023-07-31,561510,SH,118206000.0
2023-07-31,561550,SH,793489600.0000001
2023-07-31,561560,SH,294624200.0
2023-07-31,561580,SH,668870700.0000001
2023-07-31,561590,SH,133999600.0
2023-07-31,561600,SH,92274000.0
2023-07-31,561700,SH,188813600.0
2023-07-31,561710,SH,93596100.0
2023-07-31,561800,SH,162077200.0
2023-07-31,561900,SH,77334400.0
2023-07-31,561910,SH,1102076600.0
2023-07-31,561920,SH,41692000.0
2023-07-31,561950,SH,201156000.0
2023-07-31,561960,SH,556985200.0
2023-07-31,561990,SH,796649200.0
2023-07-31,562000,SH,854368900.0
2023-07-31,562010,SH,36298700.0
2023-07-31,562300,SH,156495000.0
2023-07-31,562310,SH,1334572300.0
2023-07-31,562320,SH,61295500.0
2023-07-31,562330,SH,66018900.0
2023-07-31,562350,SH,37410900.0
2023-07-31,562360,SH,78474000.0
2023-07-31,562380,SH,726128900.0
2023-07-31,562390,SH,71429000.0
2023-07-31,562500,SH,715187300.0
2023-07-31,562510,SH,807095000.0
2023-07-31,562520,SH,54568000.0
2023-07-31,562530,SH,24144000.0
2023-07-31,562550,SH,74419300.0
2023-07-31,562800,SH,1832395000.0
2023-07-31,562860,SH,760895000.0
2023-07-31,562880,SH,527899600.0
2023-07-31,562900,SH,98706300.0
2023-07-31,562910,SH,164227300.0
2023-07-31,562920,SH,27069000.0
2023-07-31,562930,SH,31437000.0
2023-07-31,562950,SH,107258300.0
2023-07-31,562960,SH,18891000.0
2023-07-31,562990,SH,2431756000.0
2023-07-31,563000,SH,6608451100.0
2023-07-31,563010,SH,47189300.0
2023-07-31,563030,SH,346169000.0
2023-07-31,563050,SH,734208400.0
2023-07-31,588000,SH,75548668200.0
2023-07-31,588010,SH,107925800.0
2023-07-31,588050,SH,6955241300.0
2023-07-31,588060,SH,2465140000.0
2023-07-31,588080,SH,25756628100.0
2023-07-31,588090,SH,4492072800.0
2023-07-31,588100,SH,644748700.0
2023-07-31,588150,SH,347932600.0
2023-07-31,588160,SH,110496000.0
2023-07-31,588180,SH,3779853700.0
2023-07-31,588200,SH,5010894800.0
2023-07-31,588260,SH,208746000.0
2023-07-31,588280,SH,248121000.0
2023-07-31,588290,SH,1086397000.0
2023-07-31,588300,SH,2953210500.0
2023-07-31,588310,SH,69037500.0
2023-07-31,588320,SH,17824600.0
2023-07-31,588330,SH,1679737800.0
2023-07-31,588350,SH,1950546000.0
2023-07-31,588360,SH,963881800.0
2023-07-31,588370,SH,198272000.0
2023-07-31,588380,SH,3659770000.0
2023-07-31,588390,SH,485935900.0
2023-07-31,588400,SH,3297600600.0
2023-07-31,588460,SH,756014000.0
2023-08-31,510010,SH,162524400.0
2023-08-31,510020,SH,37348000.0
2023-08-31,510030,SH,174229800.0
2023-08-31,510050,SH,24747966800.0
2023-08-31,510060,SH,59959200.0
2023-08-31,510090,SH,33081100.0
2023-08-31,510100,SH,1737019900.0
2023-08-31,510130,SH,46685100.0
2023-08-31,510150,SH,2263178600.0
2023-08-31,510160,SH,356057400.0
2023-08-31,510170,SH,204914800.0
2023-08-31,510180,SH,5890557700.0
2023-08-31,510190,SH,27150800.0
2023-08-31,510200,SH,62385500.0
2023-08-31,510210,SH,7830692600.0
2023-08-31,510230,SH,3504808000.0
2023-08-31,510270,SH,16832100.0
2023-08-31,510290,SH,84448900.0
2023-08-31,510300,SH,31356487700.0
2023-08-31,510310,SH,15978307400.0
2023-08-31,510330,SH,8601549800.0
2023-08-31,510350,SH,620214700.0
2023-08-31,510360,SH,1772381200.0
2023-08-31,510370,SH,54258100.00000001
2023-08-31,510380,SH,1098802400.0
2023-08-31,510390,SH,150950000.0
2023-08-31,510410,SH,356258399.99999994
2023-08-31,510500,SH,9876168600.0
2023-08-31,510510,SH,1699038299.9999998
2023-08-31,510530,SH,42979399.99999999
2023-08-31,510550,SH,15743300.0
2023-08-31,510560,SH,140318700.0
2023-08-31,510570,SH,28060600.0
2023-08-31,510580,SH,3175965200.0
2023-08-31,510590,SH,122786100.0
2023-08-31,510600,SH,16315100.0
2023-08-31,510630,SH,326361500.0
2023-08-31,510650,SH,29452500.0
2023-08-31,510660,SH,53379700.0
2023-08-31,510680,SH,13924700.0
2023-08-31,510710,SH,177218900.0
2023-08-31,510760,SH,581503700.0
2023-08-31,510770,SH,45610700.0
2023-08-31,510800,SH,544576000.0
2023-08-31,510810,SH,8880093700.0
2023-08-31,510850,SH,88098900.0
2023-08-31,510880,SH,5372675699.999999
2023-08-31,510900,SH,11647021900.0
2023-08-31,510990,SH,58948600.0
2023-08-31,511010,SH,13166300.000000002
2023-08-31,511020,SH,10067500.0
2023-08-31,511030,SH,529407100.0
2023-08-31,511060,SH,5766300.0
2023-08-31,511090,SH,2438100.0
2023-08-31,511180,SH,31159700.0
2023-08-31,511220,SH,197781400.0
2023-08-31,511260,SH,5306500.0
2023-08-31,511270,SH,6767500.0
2023-08-31,511360,SH,246058600.0
2023-08-31,511380,SH,394886700.0
2023-08-31,511520,SH,48846500.0
2023-08-31,511580,SH,1758800.0
2023-08-31,512000,SH,23532317700.0
2023-08-31,512010,SH,48883694900.0
2023-08-31,512040,SH,194857900.0
2023-08-31,512070,SH,8617479700.0
2023-08-31,512090,SH,307592300.0
2023-08-31,512100,SH,5142217600.0
2023-08-31,512120,SH,734241900.0
2023-08-31,512150,SH,41073400.0
2023-08-31,512160,SH,295777800.0
2023-08-31,512170,SH,67245820500.0
2023-08-31,512180,SH,92048000.0
2023-08-31,512190,SH,44018400.0
2023-08-31,512200,SH,7787876000.0
2023-08-31,512220,SH,305967600.0
2023-08-31,512260,SH,55697700.00000001
2023-08-31,512280,SH,42005700.0
2023-08-31,512290,SH,4976820700.0
2023-08-31,512320,SH,29040800.0
2023-08-31,512330,SH,533688000.0
2023-08-31,512360,SH,54337700.00000001
2023-08-31,512380,SH,132805600.0
2023-08-31,512390,SH,168682000.0
2023-08-31,512400,SH,4590039000.0
2023-08-31,512480,SH,32565003600.0
2023-08-31,512500,SH,2012008800.0
2023-08-31,512510,SH,344929800.00000006
2023-08-31,512520,SH,96056400.0
2023-08-31,512530,SH,43502000.0
2023-08-31,512550,SH,189906000.0
2023-08-31,512560,SH,1361127000.0
2023-08-31,512570,SH,340806100.0
2023-08-31,512580,SH,1230871700.0
2023-08-31,512600,SH,561156100.0
2023-08-31,512640,SH,40740900.0
2023-08-31,512650,SH,460941600.00000006
2023-08-31,512660,SH,9846080000.0
2023-08-31,512670,SH,3954652600.0
2023-08-31,512680,SH,4368130100.0
2023-08-31,512690,SH,18828550200.0
2023-08-31,512700,SH,1228081000.0
2023-08-31,512710,SH,9148658400.0
2023-08-31,512720,SH,1531453400.0
2023-08-31,512730,SH,89083900.0
2023-08-31,512750,SH,153654900.0
2023-08-31,512760,SH,19927522800.0
2023-08-31,512770,SH,188767800.0
2023-08-31,512800,SH,5622740000.0
2023-08-31,512810,SH,497791700.0
2023-08-31,512820,SH,343001900.0
2023-08-31,512870,SH,32410600.0
2023-08-31,512880,SH,31480291500.0
2023-08-31,512890,SH,2108110800.0
2023-08-31,512900,SH,6254406000.0
2023-08-31,512910,SH,372628800.0
2023-08-31,512930,SH,280130300.0
2023-08-31,512950,SH,4659551000.0
2023-08-31,512960,SH,4404257300.0
2023-08-31,512970,SH,63987600.0
2023-08-31,512980,SH,6136424399.999999
2023-08-31,512990,SH,247015400.0
2023-08-31,513000,SH,270411400.0
2023-08-31,513010,SH,8287307000.0
2023-08-31,513020,SH,365145400.0
2023-08-31,513030,SH,421779000.0
2023-08-31,513040,SH,60841300.0
2023-08-31,513050,SH,35774432700.0
2023-08-31,513060,SH,28115393300.0
2023-08-31,513070,SH,82760800.0
2023-08-31,513080,SH,82916000.0
2023-08-31,513090,SH,2154488000.0
2023-08-31,513100,SH,8532110600.000001
2023-08-31,513110,SH,501435000.0
2023-08-31,513120,SH,4947135400.0
2023-08-31,513130,SH,24467347000.0
2023-08-31,513140,SH,49368000.0
2023-08-31,513150,SH,239559800.0
2023-08-31,513160,SH,84189300.0
2023-08-31,513180,SH,36269759500.0
2023-08-31,513200,SH,912282100.0
2023-08-31,513220,SH,72109400.0
2023-08-31,513230,SH,68422700.0
2023-08-31,513260,SH,650243000.0
2023-08-31,513280,SH,169114500.0
2023-08-31,513290,SH,160572100.0
2023-08-31,513300,SH,2366171000.0
2023-08-31,513310,SH,111427000.0
2023-08-31,513320,SH,52010600.00000001
2023-08-31,513330,SH,69867480000.0
2023-08-31,513360,SH,662713900.0
2023-08-31,513380,SH,2479892500.0
2023-08-31,513390,SH,72379100.0
2023-08-31,513500,SH,5111638600.0
2023-08-31,513520,SH,404387200.0
2023-08-31,513530,SH,114438700.0
2023-08-31,513550,SH,6366992000.0
2023-08-31,513560,SH,163386000.0
2023-08-31,513580,SH,2566118000.0
2023-08-31,513590,SH,108618900.0
2023-08-31,513600,SH,345829500.0
2023-08-31,513650,SH,481734000.0
2023-08-31,513660,SH,2653000100.0
2023-08-31,513690,SH,1321479900.0
2023-08-31,513700,SH,1416846000.0
2023-08-31,513770,SH,2329568900.0
2023-08-31,513800,SH,65844399.99999999
2023-08-31,513860,SH,1371470600.0
2023-08-31,513880,SH,149970000.0
2023-08-31,513890,SH,375128000.0
2023-08-31,513900,SH,209978000.0
2023-08-31,513950,SH,104119000.0
2023-08-31,513960,SH,54932299.99999999
2023-08-31,513970,SH,292041000.0
2023-08-31,513980,SH,10289204000.0
2023-08-31,513990,SH,94000000.0
2023-08-31,515000,SH,2552289700.0
2023-08-31,515010,SH,768271600.0
2023-08-31,515020,SH,604345300.0
2023-08-31,515030,SH,7772384000.0
2023-08-31,515050,SH,7979068500.0
2023-08-31,515060,SH,965478100.0
2023-08-31,515070,SH,1485470200.0
2023-08-31,515080,SH,2132148900.0
2023-08-31,515090,SH,49801700.0
2023-08-31,515100,SH,855441500.0
2023-08-31,515110,SH,242295000.0
2023-08-31,515120,SH,6031993600.0
2023-08-31,515130,SH,73463200.0
2023-08-31,515150,SH,568703200.0
2023-08-31,515160,SH,647955100.0
2023-08-31,515170,SH,5554757900.0
2023-08-31,515180,SH,2828637000.0
2023-08-31,515190,SH,53466100.0
2023-08-31,515200,SH,116943200.0
2023-08-31,515210,SH,1288726100.0
2023-08-31,515220,SH,1482588500.0
2023-08-31,515230,SH,1541690900.0
2023-08-31,515250,SH,1152944500.0
2023-08-31,515260,SH,734284200.0
2023-08-31,515280,SH,40518600.0
2023-08-31,515290,SH,5005412900.0
2023-08-31,515300,SH,294675200.0
2023-08-31,515310,SH,76611200.0
2023-08-31,515320,SH,373309000.0
2023-08-31,515330,SH,7532709500.0
2023-08-31,515350,SH,23399200.0
2023-08-31,515360,SH,31279300.0
2023-08-31,515380,SH,1012599800.0
2023-08-31,515390,SH,242683000.0
2023-08-31,515400,SH,1409631400.0000002
2023-08-31,515450,SH,346335000.0
2023-08-31,515530,SH,22642700.0
2023-08-31,515550,SH,25345700.0
2023-08-31,515560,SH,445883300.0
2023-08-31,515570,SH,36443900.0
2023-08-31,515580,SH,582031400.0
2023-08-31,515590,SH,26113700.0
2023-08-31,515600,SH,2016797400.0
2023-08-31,515630,SH,137217700.0
2023-08-31,515650,SH,2031184000.0
2023-08-31,515660,SH,112294200.0
2023-08-31,515670,SH,97822500.0
2023-08-31,515680,SH,1474264700.0
2023-08-31,515700,SH,2593510200.0
2023-08-31,515710,SH,1171099800.0
2023-08-31,515750,SH,469140500.0
2023-08-31,515760,SH,196888100.0
2023-08-31,515770,SH,81727300.0
2023-08-31,515780,SH,14785200.0
2023-08-31,515790,SH,13424494000.0
2023-08-31,515800,SH,4574937200.0
2023-08-31,515810,SH,179908800.0
2023-08-31,515850,SH,240791000.0
2023-08-31,515860,SH,170878900.0
2023-08-31,515880,SH,2291462300.0
2023-08-31,515890,SH,291443900.0
2023-08-31,515900,SH,3297646500.0
2023-08-31,515910,SH,473507000.0
2023-08-31,515920,SH,290905700.0
2023-08-31,515950,SH,1067200600.0
2023-08-31,515960,SH,366991900.0
2023-08-31,515980,SH,962064500.0
2023-08-31,515990,SH,105350200.0
2023-08-31,516000,SH,86855000.0
2023-08-31,516010,SH,1824693000.0
2023-08-31,516020,SH,984326200.0
2023-08-31,516050,SH,752228000.0
2023-08-31,516060,SH,233237400.00000003
2023-08-31,516070,SH,788646000.0
2023-08-31,516080,SH,486554800.00000006
2023-08-31,516090,SH,1712844800.0
2023-08-31,516100,SH,97759700.0
2023-08-31,516110,SH,1535623100.0
2023-08-31,516120,SH,296082000.0
2023-08-31,516130,SH,103890000.0
2023-08-31,516150,SH,2148077000.0
2023-08-31,516160,SH,8506804000.0
2023-08-31,516180,SH,113987000.0
2023-08-31,516190,SH,20918500.0
2023-08-31,516200,SH,417604000.0
2023-08-31,516210,SH,224831000.0
2023-08-31,516220,SH,271170000.0
2023-08-31,516260,SH,137882600.0
2023-08-31,516270,SH,482909000.0
2023-08-31,516290,SH,383196900.0
2023-08-31,516300,SH,121602200.0
2023-08-31,516310,SH,146958500.0
2023-08-31,516320,SH,83589300.0
2023-08-31,516330,SH,49271300.0
2023-08-31,516350,SH,466415300.0
2023-08-31,516360,SH,153551800.0
2023-08-31,516380,SH,181449300.0
2023-08-31,516390,SH,775261000.0
2023-08-31,516480,SH,20146100.0
2023-08-31,516500,SH,171937200.0
2023-08-31,516510,SH,1074890000.0
2023-08-31,516520,SH,151765500.0
2023-08-31,516530,SH,97802300.0
2023-08-31,516550,SH,345414400.0
2023-08-31,516560,SH,91758000.0
2023-08-31,516570,SH,40357600.0
2023-08-31,516580,SH,214124100.0
2023-08-31,516590,SH,122015000.0
2023-08-31,516600,SH,167332100.0
2023-08-31,516610,SH,148974800.0
2023-08-31,516620,SH,73267500.0
2023-08-31,516630,SH,84156000.0
2023-08-31,516640,SH,2211582800.0
2023-08-31,516650,SH,63464799.99999999
2023-08-31,516660,SH,526689000.0
2023-08-31,516670,SH,1245266300.0
2023-08-31,516690,SH,75743000.0
2023-08-31,516700,SH,72622000.0
2023-08-31,516710,SH,178272000.0
2023-08-31,516720,SH,54337800.0
2023-08-31,516730,SH,71880800.0
2023-08-31,516750,SH,170167300.0
2023-08-31,516760,SH,322215100.0
2023-08-31,516770,SH,139048000.0
2023-08-31,516780,SH,825549800.0
2023-08-31,516790,SH,241182200.0
2023-08-31,516800,SH,217154000.0
2023-08-31,516810,SH,207478900.0
2023-08-31,516820,SH,3479415200.0
2023-08-31,516830,SH,242176900.0
2023-08-31,516850,SH,106237000.0
2023-08-31,516860,SH,84522000.0
2023-08-31,516880,SH,1169944100.0
2023-08-31,516890,SH,63311400.0
2023-08-31,516900,SH,58229000.0
2023-08-31,516910,SH,123641800.0
2023-08-31,516920,SH,686463000.0
2023-08-31,516930,SH,92639600.0
2023-08-31,516950,SH,1120821000.0
2023-08-31,516960,SH,79051100.0
2023-08-31,516970,SH,5180542500.0
2023-08-31,516980,SH,35516000.0
2023-08-31,517000,SH,627793000.0
2023-08-31,517010,SH,54144200.0
2023-08-31,517030,SH,42040300.0
2023-08-31,517050,SH,843605000.0
2023-08-31,517080,SH,681166000.0
2023-08-31,517090,SH,842075000.0
2023-08-31,517100,SH,445102100.0
2023-08-31,517110,SH,274098500.0
2023-08-31,517120,SH,690966400.0
2023-08-31,517160,SH,2166777500.0
2023-08-31,517170,SH,46131800.0
2023-08-31,517180,SH,934496300.0
2023-08-31,517200,SH,247782000.0
2023-08-31,517270,SH,21591600.0
2023-08-31,517280,SH,52552500.0
2023-08-31,517300,SH,2868434500.0
2023-08-31,517330,SH,2146169000.0
2023-08-31,517350,SH,193042000.0
2023-08-31,517360,SH,73083000.0
2023-08-31,517380,SH,436326300.0
2023-08-31,517390,SH,38112600.0
2023-08-31,517500,SH,12113000.0
2023-08-31,517550,SH,48917400.0
2023-08-31,517660,SH,41080700.0
2023-08-31,517760,SH,11052600.0
2023-08-31,517770,SH,21947800.000000004
2023-08-31,517780,SH,9451100.0
2023-08-31,517800,SH,111539700.0
2023-08-31,517850,SH,206185200.0
2023-08-31,517880,SH,55337100.0
2023-08-31,517900,SH,44993500.0
2023-08-31,517960,SH,206182000.0
2023-08-31,517990,SH,33987900.0
2023-08-31,518600,SH,13093599.999999998
2023-08-31,518660,SH,25952700.0
2023-08-31,518680,SH,65258000.0
2023-08-31,518800,SH,336419900.0
2023-08-31,518850,SH,33678700.0
2023-08-31,518860,SH,12459800.0
2023-08-31,518880,SH,2655340800.0
2023-08-31,518890,SH,8954800.0
2023-08-31,560000,SH,19022900.0
2023-08-31,560010,SH,3696621700.0
2023-08-31,560030,SH,55432000.0
2023-08-31,560050,SH,8353934399.999999
2023-08-31,560060,SH,483090000.0
2023-08-31,560070,SH,1063862300.0
2023-08-31,560080,SH,1879265000.0
2023-08-31,560090,SH,1165865000.0
2023-08-31,560100,SH,112080300.0
2023-08-31,560110,SH,421903500.0
2023-08-31,560170,SH,1037995500.0
2023-08-31,560180,SH,120603000.0
2023-08-31,560330,SH,57130000.0
2023-08-31,560500,SH,909339000.0
2023-08-31,560550,SH,985597400.0
2023-08-31,560560,SH,152190100.0
2023-08-31,560580,SH,55003000.0
2023-08-31,560600,SH,34705800.0
2023-08-31,560650,SH,18419200.0
2023-08-31,560660,SH,68969000.0
2023-08-31,560680,SH,59225600.00000001
2023-08-31,560700,SH,971036900.0
2023-08-31,560800,SH,2177951100.0
2023-08-31,560860,SH,332233000.0
2023-08-31,560880,SH,697732000.0
2023-08-31,560900,SH,227969100.0
2023-08-31,560950,SH,107483000.0
2023-08-31,560960,SH,38598900.0
2023-08-31,560980,SH,214522000.0
2023-08-31,560990,SH,63187100.0
2023-08-31,561000,SH,72420000.0
2023-08-31,561100,SH,693746900.0
2023-08-31,561120,SH,194659900.00000003
2023-08-31,561130,SH,263935200.0
2023-08-31,561160,SH,1643335000.0
2023-08-31,561170,SH,359032699.99999994
2023-08-31,561180,SH,75609600.0
2023-08-31,561190,SH,1495318000.0
2023-08-31,561260,SH,968895200.0
2023-08-31,561300,SH,1468965000.0
2023-08-31,561310,SH,169916600.0
2023-08-31,561320,SH,142369000.0
2023-08-31,561330,SH,46696100.0
2023-08-31,561350,SH,466700000.0
2023-08-31,561500,SH,108600300.0
2023-08-31,561510,SH,102206000.0
2023-08-31,561550,SH,815989600.0000001
2023-08-31,561560,SH,234124200.0
2023-08-31,561580,SH,613370700.0
2023-08-31,561590,SH,121499600.0
2023-08-31,561600,SH,103274000.0
2023-08-31,561700,SH,160813600.0
2023-08-31,561710,SH,91596100.0
2023-08-31,561790,SH,981934000.0
2023-08-31,561800,SH,179577200.0
2023-08-31,561900,SH,74334400.0
2023-08-31,561910,SH,892076600.0
2023-08-31,561920,SH,40692000.0
2023-08-31,561950,SH,189156000.0
2023-08-31,561960,SH,487585200.0
2023-08-31,561990,SH,838649200.0
2023-08-31,562000,SH,882368900.0
2023-08-31,562010,SH,36298700.0
2023-08-31,562300,SH,170495000.0
2023-08-31,562310,SH,1318572300.0
2023-08-31,562320,SH,67295500.0
2023-08-31,562330,SH,58018900.0
2023-08-31,562350,SH,33410900.0
2023-08-31,562360,SH,82474000.0
2023-08-31,562380,SH,622628900.0
2023-08-31,562390,SH,80429000.0
2023-08-31,562500,SH,842687300.0
2023-08-31,562510,SH,954595000.0
2023-08-31,562520,SH,54568000.0
2023-08-31,562530,SH,61144000.0
2023-08-31,562550,SH,90919300.0
2023-08-31,562800,SH,2140645000.0
2023-08-31,562850,SH,1087981500.0
2023-08-31,562860,SH,756895000.0
2023-08-31,562880,SH,559399600.0
2023-08-31,562900,SH,103706300.0
2023-08-31,562910,SH,176227300.0
2023-08-31,562920,SH,27069000.0
2023-08-31,562930,SH,31437000.0
2023-08-31,562950,SH,111258300.0
2023-08-31,562960,SH,16391000.0
2023-08-31,562990,SH,2403756000.0
2023-08-31,563000,SH,6580951100.0
2023-08-31,563010,SH,37189300.0
2023-08-31,563030,SH,338669000.0
2023-08-31,563050,SH,657208400.0
2023-08-31,588000,SH,97657168200.0
2023-08-31,588010,SH,147925800.0
2023-08-31,588020,SH,500791000.0
2023-08-31,588050,SH,8531241300.0
2023-08-31,588060,SH,2977140000.0
2023-08-31,588080,SH,30421628100.0
2023-08-31,588090,SH,5443672800.0
2023-08-31,588100,SH,886248700.0
2023-08-31,588110,SH,628758000.0
2023-08-31,588150,SH,420432600.0
2023-08-31,588160,SH,120996000.0
2023-08-31,588180,SH,4010853700.0
2023-08-31,588200,SH,6243894800.0
2023-08-31,588260,SH,193746000.0
2023-08-31,588280,SH,296121000.0
2023-08-31,588290,SH,1081397000.0
2023-08-31,588300,SH,2989210500.0
2023-08-31,588310,SH,69037500.0
2023-08-31,588320,SH,17824600.0
2023-08-31,588330,SH,1723737800.0
2023-08-31,588350,SH,1938546000.0
2023-08-31,588360,SH,1003081800.0
2023-08-31,588370,SH,268272000.0
2023-08-31,588380,SH,3719770000.0
2023-08-31,588390,SH,488935900.0
2023-08-31,588400,SH,3486600600.0
2023-08-31,588460,SH,919514000.0
2023-10-31,510010,SH,162524400.0
2023-10-31,510020,SH,37848000.0
2023-10-31,510030,SH,185229800.0
2023-10-31,510050,SH,24521166800.0
2023-10-31,510060,SH,59959200.0
2023-10-31,510090,SH,33081100.0
2023-10-31,510100,SH,2111419900.0
2023-10-31,510130,SH,41885100.0
2023-10-31,510150,SH,2155178600.0
2023-10-31,510160,SH,350057400.0
2023-10-31,510170,SH,202914800.0
2023-10-31,510180,SH,5909557700.0
2023-10-31,510190,SH,32150800.0
2023-10-31,510200,SH,61385500.0
2023-10-31,510210,SH,9125692600.0
2023-10-31,510230,SH,3554808000.0
2023-10-31,510270,SH,14832100.0
2023-10-31,510290,SH,86448900.0
2023-10-31,510300,SH,33358987700.0
2023-10-31,510310,SH,21114307400.000004
2023-10-31,510330,SH,9200049800.0
2023-10-31,510350,SH,637314700.0
2023-10-31,510360,SH,1925381200.0
2023-10-31,510370,SH,66258100.00000001
2023-10-31,510380,SH,1119802400.0
2023-10-31,510390,SH,164450000.0
2023-10-31,510410,SH,385258400.0
2023-10-31,510500,SH,8577368600.0
2023-10-31,510510,SH,1775038299.9999998
2023-10-31,510530,SH,44479399.99999999
2023-10-31,510550,SH,13743300.0
2023-10-31,510560,SH,140318700.0
2023-10-31,510570,SH,28060600.0
2023-10-31,510580,SH,3409965200.0
2023-10-31,510590,SH,153586100.0
2023-10-31,510600,SH,15715100.0
2023-10-31,510630,SH,334361500.0
2023-10-31,510650,SH,26452500.0
2023-10-31,510660,SH,49379700.0
2023-10-31,510680,SH,14524700.0
2023-10-31,510710,SH,180518900.0
2023-10-31,510760,SH,680503700.0
2023-10-31,510770,SH,44110700.0
2023-10-31,510800,SH,582576000.0
2023-10-31,510810,SH,8843093700.0
2023-10-31,510850,SH,77298900.0
2023-10-31,510880,SH,5390675699.999999
2023-10-31,510900,SH,12414021900.0
2023-10-31,510990,SH,56948600.0
2023-10-31,511010,SH,11976300.000000002
2023-10-31,511020,SH,10067500.0
2023-10-31,511030,SH,543107100.0
2023-10-31,511060,SH,5766300.0
2023-10-31,511090,SH,2458100.0
2023-10-31,511180,SH,31059700.0
2023-10-31,511220,SH,214481400.0
2023-10-31,511260,SH,5206500.0
2023-10-31,511270,SH,6767500.0
2023-10-31,511360,SH,202854600.0
2023-10-31,511380,SH,561486700.0
2023-10-31,511520,SH,44496500.0
2023-10-31,511580,SH,1788800.0
2023-10-31,512000,SH,25187417700.0
2023-10-31,512010,SH,47941694900.0
2023-10-31,512040,SH,370715900.0
2023-10-31,512070,SH,10137479700.0
2023-10-31,512090,SH,317592300.0
2023-10-31,512100,SH,3649217600.0
2023-10-31,512120,SH,728241900.0
2023-10-31,512150,SH,47073400.0
2023-10-31,512160,SH,295777800.0
2023-10-31,512170,SH,67137820500.0
2023-10-31,512180,SH,94048000.0
2023-10-31,512190,SH,44018400.0
2023-10-31,512200,SH,7397876000.0
2023-10-31,512220,SH,304467600.0
2023-10-31,512260,SH,55697700.00000001
2023-10-31,512280,SH,44005700.0
2023-10-31,512290,SH,4479820700.0
2023-10-31,512320,SH,29040800.0
2023-10-31,512330,SH,542688000.0
2023-10-31,512360,SH,54337700.00000001
2023-10-31,512380,SH,132805600.0
2023-10-31,512390,SH,168682000.0
2023-10-31,512400,SH,4351039000.0
2023-10-31,512480,SH,31063003600.0
2023-10-31,512500,SH,2023208800.0
2023-10-31,512510,SH,379429800.00000006
2023-10-31,512520,SH,96056400.0
2023-10-31,512530,SH,46502000.0
2023-10-31,512550,SH,193906000.0
2023-10-31,512560,SH,1216127000.0
2023-10-31,512570,SH,359806100.0
2023-10-31,512580,SH,1257271700.0
2023-10-31,512600,SH,548156100.0
2023-10-31,512640,SH,40740900.0
2023-10-31,512650,SH,464941600.00000006
2023-10-31,512660,SH,10225080000.0
2023-10-31,512670,SH,4096652600.0
2023-10-31,512680,SH,4273730100.0
2023-10-31,512690,SH,16024650200.0
2023-10-31,512700,SH,1136581000.0
2023-10-31,512710,SH,10069658400.0
2023-10-31,512720,SH,1775453400.0
2023-10-31,512730,SH,89083900.0
2023-10-31,512750,SH,143754900.0
2023-10-31,512760,SH,19169122800.0
2023-10-31,512770,SH,187767800.0
2023-10-31,512800,SH,6007640000.0
2023-10-31,512810,SH,494791700.0
2023-10-31,512820,SH,346601900.0
2023-10-31,512870,SH,32410600.0
2023-10-31,512880,SH,34748291500.0
2023-10-31,512890,SH,2735110800.0
2023-10-31,512900,SH,6460406000.0
2023-10-31,512910,SH,888628800.0
2023-10-31,512930,SH,297130300.0
2023-10-31,512950,SH,4530551000.0
2023-10-31,512960,SH,4376257300.0
2023-10-31,512970,SH,62987600.0
2023-10-31,512980,SH,5642924399.999999
2023-10-31,512990,SH,251015400.0
2023-10-31,513000,SH,270911400.0
2023-10-31,513010,SH,9870307000.0
2023-10-31,513020,SH,468145400.0
2023-10-31,513030,SH,435279000.0
2023-10-31,513040,SH,50841300.0
2023-10-31,513050,SH,35806432700.0
2023-10-31,513060,SH,28107893300.0
2023-10-31,513070,SH,93760800.0
2023-10-31,513080,SH,83916000.0
2023-10-31,513090,SH,2220988000.0
2023-10-31,513100,SH,8559110600.000001
2023-10-31,513110,SH,433435000.0
2023-10-31,513120,SH,5756135400.0
2023-10-31,513130,SH,26167347000.0
2023-10-31,513140,SH,55368000.0
2023-10-31,513150,SH,181559800.0
2023-10-31,513160,SH,196189300.0
2023-10-31,513180,SH,44887759500.0
2023-10-31,513190,SH,83936000.0
2023-10-31,513200,SH,1036282100.0
2023-10-31,513220,SH,82109400.0
2023-10-31,513230,SH,62422700.00000001
2023-10-31,513260,SH,591243000.0
2023-10-31,513280,SH,126114500.0
2023-10-31,513290,SH,187072100.0
2023-10-31,513300,SH,2567171000.0
2023-10-31,513310,SH,107427000.0
2023-10-31,513320,SH,47010600.00000001
2023-10-31,513330,SH,76741480000.0
2023-10-31,513360,SH,608713900.0
2023-10-31,513380,SH,2445892500.0
2023-10-31,513390,SH,252379100.0
2023-10-31,513500,SH,5023638600.0
2023-10-31,513520,SH,432387200.0
2023-10-31,513530,SH,124438700.0
2023-10-31,513550,SH,6324992000.0
2023-10-31,513560,SH,147386000.0
2023-10-31,513580,SH,2853118000.0
2023-10-31,513590,SH,99318900.0
2023-10-31,513600,SH,557829500.0
2023-10-31,513650,SH,410734000.0
2023-10-31,513660,SH,2667000100.0
2023-10-31,513690,SH,1451979900.0
2023-10-31,513700,SH,1511846000.0
2023-10-31,513770,SH,2359068900.0
2023-10-31,513800,SH,59844399.99999999
2023-10-31,513810,SH,60992000.0
2023-10-31,513860,SH,1404470600.0
2023-10-31,513880,SH,140970000.0
2023-10-31,513890,SH,417128000.0
2023-10-31,513900,SH,243978000.0
2023-10-31,513950,SH,101119000.0
2023-10-31,513960,SH,77932300.0
2023-10-31,513970,SH,343041000.0
2023-10-31,513980,SH,10857204000.0
2023-10-31,513990,SH,103000000.0
2023-10-31,515000,SH,2588289700.0
2023-10-31,515010,SH,709271600.0
2023-10-31,515020,SH,586845300.0
2023-10-31,515030,SH,7392384000.0
2023-10-31,515050,SH,8195068500.0
2023-10-31,515060,SH,821478100.0
2023-10-31,515070,SH,1555970200.0
2023-10-31,515080,SH,2944148900.0
2023-10-31,515090,SH,50801700.0
2023-10-31,515100,SH,1219941500.0
2023-10-31,515110,SH,238295000.0
2023-10-31,515120,SH,6373993600.0
2023-10-31,515130,SH,70463200.0
2023-10-31,515150,SH,576703200.0
2023-10-31,515160,SH,639955100.0
2023-10-31,515170,SH,5167757900.0
2023-10-31,515180,SH,3468637000.0
2023-10-31,515190,SH,53466100.0
2023-10-31,515200,SH,116943200.0
2023-10-31,515210,SH,1102726100.0
2023-10-31,515220,SH,1064588500.0
2023-10-31,515230,SH,1539690900.0
2023-10-31,515250,SH,1064944500.0
2023-10-31,515260,SH,734284200.0
2023-10-31,515280,SH,43218600.0
2023-10-31,515290,SH,4886612900.0
2023-10-31,515300,SH,447675200.0
2023-10-31,515310,SH,108111200.0
2023-10-31,515320,SH,350309000.0
2023-10-31,515330,SH,8015709500.0
2023-10-31,515350,SH,22499200.0
2023-10-31,515360,SH,31279300.0
2023-10-31,515380,SH,1125999800.0
2023-10-31,515390,SH,274683000.0
2023-10-31,515400,SH,1540631400.0000002
2023-10-31,515450,SH,483835000.0
2023-10-31,515530,SH,21842700.0
2023-10-31,515550,SH,25345700.0
2023-10-31,515560,SH,463883300.0
2023-10-31,515570,SH,35443900.0
2023-10-31,515580,SH,586031400.0
2023-10-31,515590,SH,26113700.0
2023-10-31,515600,SH,1787797400.0
2023-10-31,515630,SH,136217700.0
2023-10-31,515650,SH,2027184000.0
2023-10-31,515660,SH,103294200.0
2023-10-31,515670,SH,90322500.0
2023-10-31,515680,SH,1581264700.0
2023-10-31,515700,SH,2644510200.0
2023-10-31,515710,SH,1175599800.0
2023-10-31,515750,SH,487140500.0
2023-10-31,515760,SH,196888100.0
2023-10-31,515770,SH,78727300.0
2023-10-31,515780,SH,14785200.0
2023-10-31,515790,SH,13418494000.0
2023-10-31,515800,SH,8328437200.0
2023-10-31,515810,SH,176908800.0
2023-10-31,515850,SH,227291000.0
2023-10-31,515860,SH,170878900.0
2023-10-31,515880,SH,2128462300.0
2023-10-31,515890,SH,460443900.0
2023-10-31,515900,SH,3313646500.0
2023-10-31,515910,SH,473507000.0
2023-10-31,515920,SH,286405700.0
2023-10-31,515950,SH,989200600.0
2023-10-31,515960,SH,335991900.0
2023-10-31,515980,SH,1130064500.0
2023-10-31,515990,SH,107350200.0
2023-10-31,516000,SH,98855000.0
2023-10-31,516010,SH,1805693000.0
2023-10-31,516020,SH,703326200.0
2023-10-31,516050,SH,742228000.0
2023-10-31,516060,SH,236237400.00000003
2023-10-31,516070,SH,824646000.0
2023-10-31,516080,SH,463554800.00000006
2023-10-31,516090,SH,2086844800.0
2023-10-31,516100,SH,77759700.0
2023-10-31,516110,SH,1482623100.0
2023-10-31,516120,SH,295082000.0
2023-10-31,516130,SH,106890000.0
2023-10-31,516150,SH,2128577000.0
2023-10-31,516160,SH,9481804000.0
2023-10-31,516180,SH,117987000.0
2023-10-31,516190,SH,21818500.0
2023-10-31,516200,SH,418604000.0
2023-10-31,516210,SH,236231000.0
2023-10-31,516220,SH,268170000.0
2023-10-31,516260,SH,137882600.0
2023-10-31,516270,SH,523409000.0
2023-10-31,516290,SH,401196900.0
2023-10-31,516300,SH,141602200.0
2023-10-31,516310,SH,146058500.0
2023-10-31,516320,SH,88589300.0
2023-10-31,516330,SH,50471300.0
2023-10-31,516350,SH,462415300.0
2023-10-31,516360,SH,154551800.0
2023-10-31,516380,SH,189449300.0
2023-10-31,516390,SH,712261000.0
2023-10-31,516480,SH,21146100.0
2023-10-31,516500,SH,159937200.0
2023-10-31,516510,SH,1105890000.0
2023-10-31,516520,SH,167765500.0
2023-10-31,516530,SH,95802300.0
2023-10-31,516550,SH,335414400.0
2023-10-31,516560,SH,94758000.0
2023-10-31,516570,SH,44357600.0
2023-10-31,516580,SH,227124100.0
2023-10-31,516590,SH,126015000.0
2023-10-31,516600,SH,167332100.0
2023-10-31,516610,SH,141974800.0
2023-10-31,516620,SH,72267500.0
2023-10-31,516630,SH,90156000.0
2023-10-31,516640,SH,2042182800.0
2023-10-31,516650,SH,66464799.99999999
2023-10-31,516660,SH,519689000.0
2023-10-31,516670,SH,1165266300.0
2023-10-31,516690,SH,69243000.0
2023-10-31,516700,SH,48622000.0
2023-10-31,516710,SH,182272000.0
2023-10-31,516720,SH,54337800.0
2023-10-31,516730,SH,74380800.0
2023-10-31,516750,SH,202167300.0
2023-10-31,516760,SH,292215100.0
2023-10-31,516770,SH,136648000.0
2023-10-31,516780,SH,782549800.0
2023-10-31,516790,SH,230782200.0
2023-10-31,516800,SH,221154000.0
2023-10-31,516810,SH,207478900.0
2023-10-31,516820,SH,2996415200.0
2023-10-31,516830,SH,239676900.0
2023-10-31,516850,SH,114237000.0
2023-10-31,516860,SH,102522000.0
2023-10-31,516880,SH,1201944100.0
2023-10-31,516890,SH,68311400.0
2023-10-31,516900,SH,56729000.0
2023-10-31,516910,SH,125641800.0
2023-10-31,516920,SH,663963000.0
2023-10-31,516930,SH,86639599.99999999
2023-10-31,516950,SH,948821000.0
2023-10-31,516960,SH,82051100.0
2023-10-31,516970,SH,4503542500.0
2023-10-31,516980,SH,32016000.0
2023-10-31,517000,SH,622793000.0
2023-10-31,517010,SH,54144200.0
2023-10-31,517030,SH,45040300.0
2023-10-31,517050,SH,845605000.0
2023-10-31,517080,SH,701166000.0
2023-10-31,517090,SH,668075000.0
2023-10-31,517100,SH,458602100.0
2023-10-31,517110,SH,269098500.0
2023-10-31,517120,SH,666966400.0
2023-10-31,517160,SH,2132777500.0
2023-10-31,517170,SH,46131800.0
2023-10-31,517180,SH,608496300.0
2023-10-31,517200,SH,245782000.0
2023-10-31,517270,SH,21591600.0
2023-10-31,517280,SH,52552500.0
2023-10-31,517300,SH,2868434500.0
2023-10-31,517330,SH,2066169000.0
2023-10-31,517350,SH,188542000.0
2023-10-31,517360,SH,79083000.0
2023-10-31,517380,SH,448326300.0
2023-10-31,517390,SH,50112600.0
2023-10-31,517500,SH,11113000.0
2023-10-31,517550,SH,50417400.0
2023-10-31,517660,SH,39880700.0
2023-10-31,517760,SH,6552600.0
2023-10-31,517770,SH,20947800.000000004
2023-10-31,517780,SH,9451100.0
2023-10-31,517800,SH,119539700.0
2023-10-31,517850,SH,206185200.0
2023-10-31,517880,SH,53337100.0
2023-10-31,517900,SH,45993500.0
2023-10-31,517960,SH,88182000.0
2023-10-31,517990,SH,33987900.0
2023-10-31,518600,SH,12493599.999999998
2023-10-31,518660,SH,27752700.0
2023-10-31,518680,SH,47558000.0
2023-10-31,518800,SH,427919900.0
2023-10-31,518850,SH,50778700.0
2023-10-31,518860,SH,15459800.0
2023-10-31,518880,SH,2726440800.0
2023-10-31,518890,SH,10454800.0
2023-10-31,560000,SH,21022900.0
2023-10-31,560010,SH,2273621700.0
2023-10-31,560020,SH,114562000.0
2023-10-31,560030,SH,47432000.0
2023-10-31,560050,SH,7835934399.999999
2023-10-31,560060,SH,472090000.0
2023-10-31,560070,SH,990262300.0
2023-10-31,560080,SH,1725265000.0
2023-10-31,560090,SH,1190365000.0
2023-10-31,560100,SH,112080300.0
2023-10-31,560110,SH,364903500.0
2023-10-31,560170,SH,972495500.0
2023-10-31,560180,SH,118103000.0
2023-10-31,560220,SH,69717000.0
2023-10-31,560260,SH,709664700.0
2023-10-31,560280,SH,232752000.0
2023-10-31,560330,SH,61130000.0
2023-10-31,560500,SH,898339000.0
2023-10-31,560550,SH,971597400.0
2023-10-31,560560,SH,155190100.0
2023-10-31,560580,SH,53003000.0
2023-10-31,560590,SH,49710000.0
2023-10-31,560600,SH,37705800.0
2023-10-31,560650,SH,21419200.0
2023-10-31,560660,SH,62969000.0
2023-10-31,560680,SH,59225600.00000001
2023-10-31,560700,SH,922536900.0
2023-10-31,560800,SH,2009951100.0
2023-10-31,560860,SH,319233000.0
2023-10-31,560880,SH,688732000.0
2023-10-31,560900,SH,227969100.0
2023-10-31,560950,SH,75483000.0
2023-10-31,560960,SH,40598900.0
2023-10-31,560980,SH,226522000.0
2023-10-31,560990,SH,65187100.0
2023-10-31,561000,SH,77420000.0
2023-10-31,561060,SH,85565000.0
2023-10-31,561100,SH,606746900.0
2023-10-31,561120,SH,167659900.00000003
2023-10-31,561130,SH,269935200.0
2023-10-31,561160,SH,1818835000.0
2023-10-31,561170,SH,271532700.0
2023-10-31,561180,SH,71609600.0
2023-10-31,561190,SH,1626318000.0
2023-10-31,561260,SH,753295200.0
2023-10-31,561280,SH,48847700.00000001
2023-10-31,561300,SH,1615965000.0
2023-10-31,561310,SH,163916600.0
2023-10-31,561320,SH,123369000.0
2023-10-31,561330,SH,45696100.0
2023-10-31,561350,SH,328700000.0
2023-10-31,561360,SH,124148000.0
2023-10-31,561370,SH,98356000.0
2023-10-31,561500,SH,114600300.0
2023-10-31,561510,SH,94206000.0
2023-10-31,561550,SH,817489600.0000001
2023-10-31,561560,SH,193624200.0
2023-10-31,561580,SH,573370700.0
2023-10-31,561590,SH,91499600.0
2023-10-31,561600,SH,113274000.0
2023-10-31,561700,SH,154813600.0
2023-10-31,561710,SH,77596100.0
2023-10-31,561790,SH,765934000.0
2023-10-31,561800,SH,181077200.0
2023-10-31,561900,SH,74334400.0
2023-10-31,561910,SH,917076600.0
2023-10-31,561920,SH,38692000.0
2023-10-31,561950,SH,166656000.0
2023-10-31,561960,SH,425585200.0
2023-10-31,561980,SH,36110000.0
2023-10-31,561990,SH,844649200.0
2023-10-31,562000,SH,836368900.0
2023-10-31,562010,SH,35298700.0
2023-10-31,562030,SH,104986900.0
2023-10-31,562300,SH,168495000.0
2023-10-31,562310,SH,1316572300.0
2023-10-31,562320,SH,64295500.0
2023-10-31,562330,SH,58018900.0
2023-10-31,562350,SH,33410900.0
2023-10-31,562360,SH,79474000.0
2023-10-31,562380,SH,533128900.0
2023-10-31,562390,SH,77429000.0
2023-10-31,562500,SH,872687300.0
2023-10-31,562510,SH,1115095000.0
2023-10-31,562520,SH,58568000.0
2023-10-31,562530,SH,54144000.0
2023-10-31,562550,SH,81419300.0
2023-10-31,562590,SH,46663000.0
2023-10-31,562660,SH,138874000.0
2023-10-31,562800,SH,2135245000.0
2023-10-31,562850,SH,954981500.0
2023-10-31,562860,SH,640895000.0
2023-10-31,562880,SH,538399600.0
2023-10-31,562900,SH,99706300.0
2023-10-31,562910,SH,181227300.0
2023-10-31,562920,SH,28069000.0
2023-10-31,562930,SH,40437000.0
2023-10-31,562950,SH,134258300.0
2023-10-31,562960,SH,26391000.0
2023-10-31,562990,SH,2350756000.0
2023-10-31,563000,SH,6573451100.0
2023-10-31,563010,SH,46189300.0
2023-10-31,563030,SH,313169000.0
2023-10-31,563050,SH,594208400.0
2023-10-31,563200,SH,317458800.0
2023-10-31,563300,SH,453674000.0
2023-10-31,588000,SH,103543168200.0
2023-10-31,588010,SH,145425800.0
2023-10-31,588020,SH,215791000.0
2023-10-31,588030,SH,3248838100.0
2023-10-31,588050,SH,9133241300.0
2023-10-31,588060,SH,4149140000.0
2023-10-31,588080,SH,34018628100.0
2023-10-31,588090,SH,5433272800.0
2023-10-31,588100,SH,739248700.0
2023-10-31,588110,SH,214758000.0
2023-10-31,588120,SH,1725811000.0
2023-10-31,588150,SH,432932600.0
2023-10-31,588160,SH,128496000.0
2023-10-31,588180,SH,4287353700.0
2023-10-31,588190,SH,1873618300.0
2023-10-31,588200,SH,6564894800.0
2023-10-31,588220,SH,2329197900.0
2023-10-31,588260,SH,160746000.0
2023-10-31,588280,SH,348121000.0
2023-10-31,588290,SH,1143897000.0
2023-10-31,588300,SH,3073210500.0
2023-10-31,588310,SH,73837500.0
2023-10-31,588320,SH,14824600.0
2023-10-31,588330,SH,1741737800.0
2023-10-31,588350,SH,1916546000.0
2023-10-31,588360,SH,1033881800.0
2023-10-31,588370,SH,268272000.0
2023-10-31,588380,SH,4001770000.0
2023-10-31,588390,SH,500935900.0
2023-10-31,588400,SH,3588600600.0
2023-10-31,588460,SH,913514000.0
2023-11-30,510010,SH,162524400.0
2023-11-30,510020,SH,38248000.0
2023-11-30,510030,SH,187229800.0
2023-11-30,510050,SH,29039166800.0
2023-11-30,510060,SH,58959200.0
2023-11-30,510090,SH,32081100.0
2023-11-30,510100,SH,2362819900.0
2023-11-30,510130,SH,41885100.0
2023-11-30,510150,SH,2083178600.0
2023-11-30,510160,SH,346057400.0
2023-11-30,510170,SH,204914800.0
2023-11-30,510180,SH,5910557700.0
2023-11-30,510190,SH,31650800.0
2023-11-30,510200,SH,63885500.0
2023-11-30,510210,SH,8203192600.0
2023-11-30,510230,SH,3433808000.0
2023-11-30,510270,SH,14832100.0
2023-11-30,510290,SH,86448900.0
2023-11-30,510300,SH,32105287700.0
2023-11-30,510310,SH,22454307400.000004
2023-11-30,510330,SH,9377349800.0
2023-11-30,510350,SH,625614700.0
2023-11-30,510360,SH,1895381200.0
2023-11-30,510370,SH,66258100.00000001
2023-11-30,510380,SH,1140802400.0
2023-11-30,510390,SH,158150000.0
2023-11-30,510410,SH,385258400.0
2023-11-30,510500,SH,7486568600.0
2023-11-30,510510,SH,1671038299.9999998
2023-11-30,510530,SH,41479399.99999999
2023-11-30,510550,SH,13743300.0
2023-11-30,510560,SH,138318700.0
2023-11-30,510570,SH,28060600.0
2023-11-30,510580,SH,3418965200.0
2023-11-30,510590,SH,263586100.0
2023-11-30,510600,SH,16315100.0
2023-11-30,510630,SH,326361500.0
2023-11-30,510650,SH,26452500.0
2023-11-30,510660,SH,47879700.0
2023-11-30,510680,SH,16324700.0
2023-11-30,510710,SH,181718900.0
2023-11-30,510760,SH,632503700.0
2023-11-30,510770,SH,39610700.0
2023-11-30,510800,SH,573576000.0
2023-11-30,510810,SH,8840093700.0
2023-11-30,510850,SH,78498900.0
2023-11-30,510880,SH,5382175699.999999
2023-11-30,510900,SH,13400021900.0
2023-11-30,510990,SH,56948600.0
2023-11-30,511010,SH,12076300.000000002
2023-11-30,511020,SH,10067500.0
2023-11-30,511030,SH,551307100.0
2023-11-30,511060,SH,5766300.0
2023-11-30,511090,SH,2428100.0
2023-11-30,511180,SH,31359700.0
2023-11-30,511220,SH,253581400.0
2023-11-30,511260,SH,5106500.0
2023-11-30,511270,SH,6767500.0
2023-11-30,511360,SH,195982600.0
2023-11-30,511380,SH,551086700.0
2023-11-30,511520,SH,40946500.0
2023-11-30,511580,SH,1798800.0
2023-11-30,512000,SH,24923417700.0
2023-11-30,512010,SH,47920694900.0
2023-11-30,512040,SH,349715899.99999994
2023-11-30,512070,SH,10014479700.0
2023-11-30,512090,SH,319592300.0
2023-11-30,512100,SH,3127217600.0
2023-11-30,512120,SH,742241900.0
2023-11-30,512150,SH,46073400.0
2023-11-30,512160,SH,297777800.0
2023-11-30,512170,SH,66106820500.0
2023-11-30,512180,SH,94048000.0
2023-11-30,512190,SH,43318400.0
2023-11-30,512200,SH,8330876000.0
2023-11-30,512220,SH,301467600.0
2023-11-30,512260,SH,54897700.00000001
2023-11-30,512280,SH,44005700.0
2023-11-30,512290,SH,4264820700.0
2023-11-30,512320,SH,29040800.0
2023-11-30,512330,SH,544188000.0
2023-11-30,512360,SH,54337700.00000001
2023-11-30,512380,SH,129805600.0
2023-11-30,512390,SH,168682000.0
2023-11-30,512400,SH,4270039000.0
2023-11-30,512480,SH,30765003600.0
2023-11-30,512500,SH,1608808800.0
2023-11-30,512510,SH,374929800.00000006
2023-11-30,512520,SH,96056400.0
2023-11-30,512530,SH,47502000.0
2023-11-30,512550,SH,197906000.0
2023-11-30,512560,SH,1130127000.0
2023-11-30,512570,SH,413806100.0
2023-11-30,512580,SH,1270471700.0
2023-11-30,512600,SH,548156100.0
2023-11-30,512640,SH,40240900.0
2023-11-30,512650,SH,458941600.00000006
2023-11-30,512660,SH,9864080000.0
2023-11-30,512670,SH,4045652600.0
2023-11-30,512680,SH,4006530100.0
2023-11-30,512690,SH,16218250200.0
2023-11-30,512700,SH,1109581000.0
2023-11-30,512710,SH,9820658400.0
2023-11-30,512720,SH,1839453400.0
2023-11-30,512730,SH,85583900.0
2023-11-30,512750,SH,143754900.0
2023-11-30,512760,SH,19273522800.0
2023-11-30,512770,SH,188767800.0
2023-11-30,512800,SH,5960240000.0
2023-11-30,512810,SH,542791700.0
2023-11-30,512820,SH,301301900.0
2023-11-30,512870,SH,32410600.0
2023-11-30,512880,SH,33693291500.0
2023-11-30,512890,SH,2657110800.0
2023-11-30,512900,SH,6560906000.0
2023-11-30,512910,SH,881128800.0
2023-11-30,512930,SH,299130300.0
2023-11-30,512950,SH,4324551000.0
2023-11-30,512960,SH,4341257300.0
2023-11-30,512970,SH,62987600.0
2023-11-30,512980,SH,5144924400.0
2023-11-30,512990,SH,247015400.0
2023-11-30,513000,SH,240911400.0
2023-11-30,513010,SH,10357307000.0
2023-11-30,513020,SH,429145400.0
2023-11-30,513030,SH,389779000.0
2023-11-30,513040,SH,50841300.0
2023-11-30,513050,SH,35827432700.0
2023-11-30,513060,SH,27965393300.0
2023-11-30,513070,SH,96760800.0
2023-11-30,513080,SH,72916000.0
2023-11-30,513090,SH,2209988000.0
2023-11-30,513100,SH,8520110600.000001
2023-11-30,513110,SH,388435000.0
2023-11-30,513120,SH,8435635400.0
2023-11-30,513130,SH,28691347000.0
2023-11-30,513140,SH,44368000.0
2023-11-30,513150,SH,171559800.0
2023-11-30,513160,SH,174189300.0
2023-11-30,513180,SH,45987759500.0
2023-11-30,513190,SH,28936000.0
2023-11-30,513200,SH,1546282100.0
2023-11-30,513220,SH,73109400.0
2023-11-30,513230,SH,63422700.00000001
2023-11-30,513260,SH,697243000.0
2023-11-30,513280,SH,126114500.0
2023-11-30,513290,SH,308072100.0
2023-11-30,513300,SH,2420171000.0
2023-11-30,513310,SH,138427000.0
2023-11-30,513320,SH,38010600.0
2023-11-30,513330,SH,80693480000.0
2023-11-30,513350,SH,147746000.0
2023-11-30,513360,SH,583213900.0
2023-11-30,513380,SH,2252392500.0
2023-11-30,513390,SH,296379100.0
2023-11-30,513500,SH,4989638600.0
2023-11-30,513520,SH,452887200.0
2023-11-30,513530,SH,109438700.0
2023-11-30,513550,SH,5852992000.0
2023-11-30,513560,SH,136386000.0
2023-11-30,513580,SH,2727118000.0
2023-11-30,513590,SH,108618900.0
2023-11-30,513600,SH,504829500.0
2023-11-30,513650,SH,283734000.0
2023-11-30,513660,SH,2523000100.0
2023-11-30,513690,SH,1238979900.0
2023-11-30,513700,SH,1563846000.0
2023-11-30,513750,SH,183338000.0
2023-11-30,513770,SH,2322568900.0
2023-11-30,513800,SH,59844399.99999999
2023-11-30,513810,SH,37992000.0
2023-11-30,513850,SH,37892600.0
2023-11-30,513860,SH,1494470600.0
2023-11-30,513870,SH,25671000.0
2023-11-30,513880,SH,128470000.0
2023-11-30,513890,SH,388128000.0
2023-11-30,513900,SH,215978000.0
2023-11-30,513950,SH,114119000.0
2023-11-30,513960,SH,75932300.0
2023-11-30,513970,SH,320041000.0
2023-11-30,513980,SH,12389204000.0
2023-11-30,513990,SH,79000000.0
2023-11-30,515000,SH,2591289700.0
2023-11-30,515010,SH,713271600.0
2023-11-30,515020,SH,461845300.0
2023-11-30,515030,SH,7375384000.0
2023-11-30,515050,SH,8127068500.0
2023-11-30,515060,SH,972478100.0
2023-11-30,515070,SH,1630970200.0
2023-11-30,515080,SH,2602148900.0
2023-11-30,515090,SH,53801700.0
2023-11-30,515100,SH,3242441500.0
2023-11-30,515110,SH,234295000.0
2023-11-30,515120,SH,6883993600.0
2023-11-30,515130,SH,70463200.0
2023-11-30,515150,SH,573703200.0
2023-11-30,515160,SH,639955100.0
2023-11-30,515170,SH,4911257900.0
2023-11-30,515180,SH,3126637000.0
2023-11-30,515190,SH,53466100.0
2023-11-30,515200,SH,119943200.0
2023-11-30,515210,SH,1133226100.0
2023-11-30,515220,SH,1008088500.0
2023-11-30,515230,SH,1314690900.0
2023-11-30,515250,SH,1063944500.0
2023-11-30,515260,SH,733284200.0
2023-11-30,515280,SH,36318600.0
2023-11-30,515290,SH,4919892900.0
2023-11-30,515300,SH,580175200.0
2023-11-30,515310,SH,111611200.0
2023-11-30,515320,SH,342309000.0
2023-11-30,515330,SH,8111709500.0
2023-11-30,515350,SH,22499200.0
2023-11-30,515360,SH,31779300.0
2023-11-30,515380,SH,1071099800.0
2023-11-30,515390,SH,278683000.0
2023-11-30,515400,SH,1609631400.0000002
2023-11-30,515450,SH,545335000.0
2023-11-30,515530,SH,21042700.0
2023-11-30,515550,SH,25345700.0
2023-11-30,515560,SH,471883300.0
2023-11-30,515570,SH,11443900.000000002
2023-11-30,515580,SH,598031400.0
2023-11-30,515590,SH,22113700.0
2023-11-30,515600,SH,1573797400.0
2023-11-30,515630,SH,113717700.0
2023-11-30,515650,SH,1979184000.0
2023-11-30,515660,SH,89794200.0
2023-11-30,515670,SH,88822500.0
2023-11-30,515680,SH,1517264700.0
2023-11-30,515700,SH,2693510200.0
2023-11-30,515710,SH,1214599800.0
2023-11-30,515750,SH,494140500.0
2023-11-30,515760,SH,195888100.0
2023-11-30,515770,SH,69727300.0
2023-11-30,515780,SH,14785200.0
2023-11-30,515790,SH,13579494000.0
2023-11-30,515800,SH,8518437200.0
2023-11-30,515810,SH,179908800.0
2023-11-30,515850,SH,234291000.0
2023-11-30,515860,SH,169878900.0
2023-11-30,515880,SH,1960462300.0
2023-11-30,515890,SH,435443900.0
2023-11-30,515900,SH,3169646500.0
2023-11-30,515910,SH,464507000.0
2023-11-30,515920,SH,278905700.0
2023-11-30,515950,SH,974200600.0
2023-11-30,515960,SH,332991900.0
2023-11-30,515980,SH,1099064500.0
2023-11-30,515990,SH,100350200.0
2023-11-30,516000,SH,113855000.0
2023-11-30,516010,SH,1744693000.0
2023-11-30,516020,SH,759326200.0
2023-11-30,516050,SH,739228000.0
2023-11-30,516060,SH,249237400.00000003
2023-11-30,516070,SH,844646000.0
2023-11-30,516080,SH,486554800.00000006
2023-11-30,516090,SH,2330844800.0
2023-11-30,516100,SH,65759700.0
2023-11-30,516110,SH,1299623100.0
2023-11-30,516120,SH,299082000.0
2023-11-30,516130,SH,103890000.0
2023-11-30,516150,SH,2028077000.0
2023-11-30,516160,SH,10269304000.0
2023-11-30,516180,SH,119987000.0
2023-11-30,516190,SH,19118500.0
2023-11-30,516200,SH,417604000.0
2023-11-30,516210,SH,223931000.0
2023-11-30,516220,SH,290170000.0
2023-11-30,516260,SH,149882600.0
2023-11-30,516270,SH,584909000.0
2023-11-30,516290,SH,423196900.0
2023-11-30,516300,SH,141602200.0
2023-11-30,516310,SH,143658500.0
2023-11-30,516320,SH,89589300.0
2023-11-30,516330,SH,50471300.0
2023-11-30,516350,SH,533415300.0
2023-11-30,516360,SH,158551800.0
2023-11-30,516380,SH,193449300.0
2023-11-30,516390,SH,742261000.0
2023-11-30,516480,SH,22146100.0
2023-11-30,516500,SH,157937200.0
2023-11-30,516510,SH,1100890000.0
2023-11-30,516520,SH,177765500.0
2023-11-30,516530,SH,93802300.0
2023-11-30,516550,SH,332414400.0
2023-11-30,516560,SH,93258000.0
2023-11-30,516570,SH,41357600.0
2023-11-30,516580,SH,233124100.0
2023-11-30,516590,SH,129015000.0
2023-11-30,516600,SH,167332100.0
2023-11-30,516610,SH,137974800.0
2023-11-30,516620,SH,47267500.0
2023-11-30,516630,SH,96156000.0
2023-11-30,516640,SH,2182982800.0
2023-11-30,516650,SH,63464799.99999999
2023-11-30,516660,SH,518689000.0
2023-11-30,516670,SH,1049266300.0
2023-11-30,516690,SH,72243000.0
2023-11-30,516700,SH,44622000.0
2023-11-30,516710,SH,188272000.0
2023-11-30,516720,SH,51337800.0
2023-11-30,516730,SH,73880800.0
2023-11-30,516750,SH,167667300.0
2023-11-30,516760,SH,290215100.0
2023-11-30,516770,SH,134248000.0
2023-11-30,516780,SH,754049800.0
2023-11-30,516790,SH,216482200.0
2023-11-30,516800,SH,225154000.0
2023-11-30,516810,SH,202478900.0
2023-11-30,516820,SH,2894415200.0
2023-11-30,516830,SH,239676900.0
2023-11-30,516850,SH,112237000.0
2023-11-30,516860,SH,116522000.0
2023-11-30,516880,SH,1217944100.0
2023-11-30,516890,SH,69311400.0
2023-11-30,516900,SH,50729000.0
2023-11-30,516910,SH,120141800.0
2023-11-30,516920,SH,674463000.0
2023-11-30,516930,SH,80639600.0
2023-11-30,516950,SH,949821000.0
2023-11-30,516960,SH,87051100.0
2023-11-30,516970,SH,4374042500.0
2023-11-30,516980,SH,30516000.0
2023-11-30,517000,SH,617793000.0
2023-11-30,517010,SH,54144200.0
2023-11-30,517030,SH,48040300.0
2023-11-30,517050,SH,835605000.0
2023-11-30,517080,SH,697166000.0
2023-11-30,517090,SH,440075000.0
2023-11-30,517100,SH,436102100.0
2023-11-30,517110,SH,281098500.0
2023-11-30,517120,SH,706966400.0
2023-11-30,517160,SH,2132777500.0
2023-11-30,517170,SH,46131800.0
2023-11-30,517180,SH,376496300.0
2023-11-30,517200,SH,243782000.0
2023-11-30,517270,SH,18591600.0
2023-11-30,517280,SH,43552500.0
2023-11-30,517300,SH,2862434500.0
2023-11-30,517330,SH,2064169000.0
2023-11-30,517350,SH,184042000.0
2023-11-30,517360,SH,77583000.0
2023-11-30,517380,SH,496326300.0
2023-11-30,517390,SH,51112600.0
2023-11-30,517500,SH,4113000.0
2023-11-30,517520,SH,119904000.0
2023-11-30,517550,SH,39917400.0
2023-11-30,517660,SH,36280700.0
2023-11-30,517760,SH,6552600.0
2023-11-30,517770,SH,20947800.000000004
2023-11-30,517800,SH,129539700.0
2023-11-30,517850,SH,204185200.0
2023-11-30,517880,SH,47337100.0
2023-11-30,517900,SH,47993500.0
2023-11-30,517960,SH,88182000.0
2023-11-30,517990,SH,32987900.0
2023-11-30,518600,SH,11593599.999999998
2023-11-30,518660,SH,21752700.0
2023-11-30,518680,SH,69358000.0
2023-11-30,518800,SH,404519900.0
2023-11-30,518850,SH,46878700.0
2023-11-30,518860,SH,14559800.0
2023-11-30,518880,SH,2698540800.0
2023-11-30,518890,SH,9554800.0
2023-11-30,560000,SH,21022900.0
2023-11-30,560010,SH,1879621700.0
2023-11-30,560020,SH,95562000.0
2023-11-30,560030,SH,60432000.0
2023-11-30,560050,SH,7751934399.999999
2023-11-30,560060,SH,467090000.0
2023-11-30,560070,SH,981062300.0
2023-11-30,560080,SH,1727265000.0
2023-11-30,560090,SH,1204365000.0
2023-11-30,560100,SH,113580300.0
2023-11-30,560110,SH,346903500.0
2023-11-30,560170,SH,924495500.0
2023-11-30,560180,SH,113103000.0
2023-11-30,560220,SH,18717000.0
2023-11-30,560260,SH,1191664700.0
2023-11-30,560280,SH,23752000.0
2023-11-30,560330,SH,68130000.0
2023-11-30,560500,SH,875339000.0
2023-11-30,560550,SH,935597400.0
2023-11-30,560560,SH,163190100.0
2023-11-30,560580,SH,54003000.0
2023-11-30,560590,SH,22710000.0
2023-11-30,560600,SH,29705800.0
2023-11-30,560650,SH,21419200.0
2023-11-30,560660,SH,66969000.0
2023-11-30,560680,SH,59225600.00000001
2023-11-30,560700,SH,868036900.0
2023-11-30,560800,SH,2015951100.0
2023-11-30,560860,SH,314233000.0
2023-11-30,560880,SH,670732000.0
2023-11-30,560900,SH,234969100.0
2023-11-30,560950,SH,57483000.0
2023-11-30,560960,SH,42598900.0
2023-11-30,560980,SH,265522000.0
2023-11-30,560990,SH,63187100.0
2023-11-30,561000,SH,69920000.0
2023-11-30,561060,SH,72065000.0
2023-11-30,561100,SH,756746900.0
2023-11-30,561120,SH,158659900.0
2023-11-30,561130,SH,285935200.0
2023-11-30,561160,SH,1928335000.0
2023-11-30,561170,SH,232032700.0
2023-11-30,561180,SH,65609600.0
2023-11-30,561190,SH,1601318000.0
2023-11-30,561260,SH,691095200.0
2023-11-30,561280,SH,27847700.0
2023-11-30,561300,SH,1564965000.0
2023-11-30,561310,SH,163916600.0
2023-11-30,561320,SH,121369000.0
2023-11-30,561330,SH,59696100.0
2023-11-30,561350,SH,286700000.0
2023-11-30,561360,SH,45148000.0
2023-11-30,561370,SH,28356000.0
2023-11-30,561500,SH,114600300.0
2023-11-30,561510,SH,94206000.0
2023-11-30,561550,SH,800989600.0000001
2023-11-30,561560,SH,176124199.99999997
2023-11-30,561580,SH,553370700.0
2023-11-30,561590,SH,83999599.99999999
2023-11-30,561600,SH,151274000.0
2023-11-30,561700,SH,144313600.0
2023-11-30,561710,SH,69596100.0
2023-11-30,561780,SH,44955800.0
2023-11-30,561790,SH,751934000.0
2023-11-30,561800,SH,180077200.0
2023-11-30,561900,SH,71334400.0
2023-11-30,561910,SH,944076600.0
2023-11-30,561920,SH,35692000.0
2023-11-30,561950,SH,148656000.0
2023-11-30,561960,SH,408585200.0
2023-11-30,561980,SH,43110000.0
2023-11-30,561990,SH,805649200.0
2023-11-30,562000,SH,832368900.0
2023-11-30,562010,SH,36298700.0
2023-11-30,562030,SH,51486899.99999999
2023-11-30,562300,SH,165495000.0
2023-11-30,562310,SH,1330572300.0
2023-11-30,562320,SH,55295500.0
2023-11-30,562330,SH,47018900.0
2023-11-30,562350,SH,33410900.0
2023-11-30,562360,SH,76474000.0
2023-11-30,562380,SH,520128900.0
2023-11-30,562390,SH,65429000.0
2023-11-30,562500,SH,961187300.0
2023-11-30,562510,SH,1043095000.0
2023-11-30,562520,SH,54568000.0
2023-11-30,562530,SH,54144000.0
2023-11-30,562550,SH,73919300.0
2023-11-30,562590,SH,26663000.0
2023-11-30,562660,SH,84874000.0
2023-11-30,562800,SH,2281945000.0
2023-11-30,562850,SH,916981500.0
2023-11-30,562860,SH,600895000.0
2023-11-30,562880,SH,526399600.0
2023-11-30,562900,SH,91706300.0
2023-11-30,562910,SH,179227300.0
2023-11-30,562920,SH,23069000.0
2023-11-30,562930,SH,38437000.0
2023-11-30,562950,SH,143258300.0
2023-11-30,562960,SH,28391000.0
2023-11-30,562990,SH,2333756000.0
2023-11-30,563000,SH,6505951100.0
2023-11-30,563010,SH,35189300.0
2023-11-30,563030,SH,311669000.0
2023-11-30,563050,SH,399208400.0
2023-11-30,563200,SH,67458800.0
2023-11-30,563300,SH,421174000.0
2023-11-30,563330,SH,167421000.0
2023-11-30,588000,SH,100901668200.0
2023-11-30,588010,SH,130425800.0
2023-11-30,588020,SH,167791000.0
2023-11-30,588030,SH,5498838100.000001
2023-11-30,588050,SH,8981241300.0
2023-11-30,588060,SH,4893140000.0
2023-11-30,588080,SH,34294628100.0
2023-11-30,588090,SH,5370872800.0
2023-11-30,588100,SH,585248700.0
2023-11-30,588110,SH,214758000.0
2023-11-30,588120,SH,2787811000.0
2023-11-30,588150,SH,410432600.0
2023-11-30,588160,SH,116496000.0
2023-11-30,588180,SH,4255853700.0
2023-11-30,588190,SH,2497618300.0
2023-11-30,588200,SH,5904894800.0
2023-11-30,588210,SH,345754000.0
2023-11-30,588220,SH,4975197900.0
2023-11-30,588260,SH,148746000.0
2023-11-30,588280,SH,360121000.0
2023-11-30,588290,SH,1171397000.0
2023-11-30,588300,SH,2995210500.0
2023-11-30,588310,SH,75037500.0
2023-11-30,588320,SH,14824600.0
2023-11-30,588330,SH,1731737800.0
2023-11-30,588350,SH,1914546000.0
2023-11-30,588360,SH,1011481800.0
2023-11-30,588370,SH,258272000.0
2023-11-30,588380,SH,4328770000.0
2023-11-30,588390,SH,500935900.0
2023-11-30,588400,SH,3507600600.0
2023-11-30,588460,SH,843014000.0
2023-11-30,588800,SH,6089877000.0
2023-11-30,588880,SH,669368000.0
2024-01-31,510010,SH,196524400.0
2024-01-31,510020,SH,40548000.0
2024-01-31,510030,SH,181729800.0
2024-01-31,510050,SH,41924466800.0
2024-01-31,510060,SH,89959200.0
2024-01-31,510090,SH,31581100.0
2024-01-31,510100,SH,3720019900.0
2024-01-31,510130,SH,43485100.0
2024-01-31,510150,SH,2085178600.0
2024-01-31,510160,SH,338057400.0
2024-01-31,510170,SH,222914800.0
2024-01-31,510180,SH,5923057700.0
2024-01-31,510190,SH,45150800.0
2024-01-31,510200,SH,63385500.0
2024-01-31,510210,SH,11222192600.0
2024-01-31,510230,SH,3446808000.0
2024-01-31,510270,SH,22832100.0
2024-01-31,510290,SH,94448900.0
2024-01-31,510300,SH,46926487699.99999
2024-01-31,510310,SH,53324307400.0
2024-01-31,510330,SH,18127149800.0
2024-01-31,510350,SH,746214700.0
2024-01-31,510360,SH,2138381200.0
2024-01-31,510370,SH,75258100.0
2024-01-31,510380,SH,1335802400.0
2024-01-31,510390,SH,160850000.0
2024-01-31,510410,SH,326258400.0
2024-01-31,510500,SH,8201368600.0
2024-01-31,510510,SH,1823038300.0
2024-01-31,510530,SH,43479399.99999999
2024-01-31,510550,SH,13743300.0
2024-01-31,510560,SH,140318700.0
2024-01-31,510570,SH,28060600.0
2024-01-31,510580,SH,3649965200.0
2024-01-31,510590,SH,205186100.0
2024-01-31,510600,SH,17815100.0
2024-01-31,510630,SH,311361500.0
2024-01-31,510650,SH,23952500.0
2024-01-31,510660,SH,48379700.0
2024-01-31,510680,SH,44824700.0
2024-01-31,510710,SH,199418900.0
2024-01-31,510760,SH,1307503700.0
2024-01-31,510770,SH,45610700.0
2024-01-31,510800,SH,661576000.0
2024-01-31,510810,SH,8958093700.0
2024-01-31,510850,SH,67698900.0
2024-01-31,510880,SH,6112675699.999999
2024-01-31,510900,SH,13459021900.0
2024-01-31,510980,SH,272798000.0
2024-01-31,510990,SH,62948600.0
2024-01-31,511010,SH,11806300.000000002
2024-01-31,511020,SH,9977500.0
2024-01-31,511030,SH,595807100.0
2024-01-31,511060,SH,5766300.0
2024-01-31,511090,SH,6828099.999999999
2024-01-31,511100,SH,5290500.0
2024-01-31,511180,SH,33459700.0
2024-01-31,511220,SH,408081400.0
2024-01-31,511260,SH,7046500.0
2024-01-31,511270,SH,6767500.0
2024-01-31,511360,SH,220370600.0
2024-01-31,511380,SH,635486700.0
2024-01-31,511520,SH,75476500.0
2024-01-31,511580,SH,1788800.0
2024-01-31,512000,SH,24762617700.0
2024-01-31,512010,SH,50493694900.0
2024-01-31,512040,SH,632715900.0
2024-01-31,512070,SH,10449479700.0
2024-01-31,512090,SH,323592300.0
2024-01-31,512100,SH,2998217600.0
2024-01-31,512120,SH,804241900.0
2024-01-31,512150,SH,52073400.0
2024-01-31,512160,SH,299777800.0
2024-01-31,512170,SH,68378820500.0
2024-01-31,512180,SH,90048000.0
2024-01-31,512190,SH,43318400.0
2024-01-31,512200,SH,6869376000.0
2024-01-31,512220,SH,307467600.0
2024-01-31,512260,SH,74897700.0
2024-01-31,512280,SH,42005700.0
2024-01-31,512290,SH,4062820700.0
2024-01-31,512320,SH,47040800.0
2024-01-31,512330,SH,554688000.0
2024-01-31,512360,SH,54337700.00000001
2024-01-31,512380,SH,126805600.0
2024-01-31,512390,SH,171682000.0
2024-01-31,512400,SH,3884539000.0
2024-01-31,512480,SH,32125003600.0
2024-01-31,512500,SH,2180808800.0
2024-01-31,512510,SH,401929800.00000006
2024-01-31,512520,SH,90056400.0
2024-01-31,512530,SH,51502000.0
2024-01-31,512550,SH,218906000.0
2024-01-31,512560,SH,1221127000.0
2024-01-31,512570,SH,413806100.0
2024-01-31,512580,SH,1625671700.0000002
2024-01-31,512600,SH,555956100.0
2024-01-31,512640,SH,36240900.0
2024-01-31,512650,SH,472941600.00000006
2024-01-31,512660,SH,9402080000.0
2024-01-31,512670,SH,4052652600.0
2024-01-31,512680,SH,3613730100.0
2024-01-31,512690,SH,15890450200.0
2024-01-31,512700,SH,975581000.0
2024-01-31,512710,SH,8865658400.0
2024-01-31,512720,SH,1860453400.0
2024-01-31,512730,SH,84583900.0
2024-01-31,512750,SH,145554900.0
2024-01-31,512760,SH,18075922800.0
2024-01-31,512770,SH,189767800.0
2024-01-31,512800,SH,5922740000.0
2024-01-31,512810,SH,396791700.0
2024-01-31,512820,SH,293201900.0
2024-01-31,512870,SH,32410600.0
2024-01-31,512880,SH,35559291500.0
2024-01-31,512890,SH,5286110800.0
2024-01-31,512900,SH,6726906000.0
2024-01-31,512910,SH,755128800.0
2024-01-31,512930,SH,403130300.0
2024-01-31,512950,SH,4330551000.0
2024-01-31,512960,SH,4331257300.0
2024-01-31,512970,SH,61987600.0
2024-01-31,512980,SH,5422424399.999999
2024-01-31,512990,SH,247015400.0
2024-01-31,513000,SH,378411400.0
2024-01-31,513010,SH,11499307000.0
2024-01-31,513020,SH,481145400.0
2024-01-31,513030,SH,601779000.0
2024-01-31,513040,SH,187841300.0
2024-01-31,513050,SH,36443432700.0
2024-01-31,513060,SH,29110393300.0
2024-01-31,513070,SH,94760800.0
2024-01-31,513080,SH,215416000.0
2024-01-31,513090,SH,2262488000.0
2024-01-31,513100,SH,8835110600.0
2024-01-31,513110,SH,516435000.0
2024-01-31,513120,SH,8389135400.0
2024-01-31,513130,SH,33496347000.0
2024-01-31,513140,SH,41368000.0
2024-01-31,513150,SH,190559800.0
2024-01-31,513160,SH,113189300.0
2024-01-31,513180,SH,49191759500.0
2024-01-31,513190,SH,69936000.0
2024-01-31,513200,SH,1497282100.0
2024-01-31,513220,SH,68109400.0
2024-01-31,513230,SH,67422700.0
2024-01-31,513260,SH,834243000.0
2024-01-31,513280,SH,188114500.0
2024-01-31,513290,SH,1249572100.0
2024-01-31,513300,SH,2438171000.0
2024-01-31,513310,SH,208427000.0
2024-01-31,513320,SH,39010600.0
2024-01-31,513330,SH,86277480000.0
2024-01-31,513350,SH,83746000.0
2024-01-31,513360,SH,622213900.0
2024-01-31,513380,SH,2660892500.0
2024-01-31,513390,SH,481379100.00000006
2024-01-31,513500,SH,6443638600.0
2024-01-31,513520,SH,541387200.0
2024-01-31,513530,SH,169438700.0
2024-01-31,513550,SH,5566992000.0
2024-01-31,513560,SH,161386000.0
2024-01-31,513580,SH,3445118000.0
2024-01-31,513590,SH,113118900.0
2024-01-31,513600,SH,461829500.0
2024-01-31,513630,SH,1012359000.0
2024-01-31,513650,SH,400734000.0
2024-01-31,513660,SH,2114000100.0
2024-01-31,513690,SH,1115979900.0
2024-01-31,513700,SH,1567846000.0
2024-01-31,513730,SH,1088355000.0
2024-01-31,513750,SH,137838000.0
2024-01-31,513770,SH,2165568900.0
2024-01-31,513800,SH,365844400.0
2024-01-31,513810,SH,37992000.0
2024-01-31,513850,SH,378892600.0
2024-01-31,513860,SH,1565470600.0
2024-01-31,513870,SH,450671000.0
2024-01-31,513880,SH,1081970000.0
2024-01-31,513890,SH,273128000.0
2024-01-31,513900,SH,224978000.0
2024-01-31,513920,SH,125731000.0
2024-01-31,513950,SH,191119000.0
2024-01-31,513960,SH,71932300.0
2024-01-31,513970,SH,314041000.0
2024-01-31,513980,SH,9796204000.0
2024-01-31,513990,SH,97000000.0
2024-01-31,515000,SH,2750289699.9999995
2024-01-31,515010,SH,723271600.0
2024-01-31,515020,SH,454845300.0
2024-01-31,515030,SH,6751384000.0
2024-01-31,515050,SH,8323068500.0
2024-01-31,515060,SH,667478100.0
2024-01-31,515070,SH,1920470200.0
2024-01-31,515080,SH,2654148900.0
2024-01-31,515090,SH,52801700.0
2024-01-31,515100,SH,5722441500.0
2024-01-31,515110,SH,229295000.0
2024-01-31,515120,SH,6301993600.0
2024-01-31,515130,SH,85463200.0
2024-01-31,515150,SH,559703200.0
2024-01-31,515160,SH,635955100.0
2024-01-31,515170,SH,4873757900.0
2024-01-31,515180,SH,3877637000.0
2024-01-31,515190,SH,57466100.0
2024-01-31,515200,SH,118943200.0
2024-01-31,515210,SH,986226100.0
2024-01-31,515220,SH,794588500.0
2024-01-31,515230,SH,1276690900.0
2024-01-31,515250,SH,1013944500.0
2024-01-31,515260,SH,738284200.0
2024-01-31,515280,SH,39018600.0
2024-01-31,515290,SH,4842692900.0
2024-01-31,515300,SH,758175200.0
2024-01-31,515310,SH,157111200.0
2024-01-31,515320,SH,356309000.0
2024-01-31,515330,SH,8936709500.0
2024-01-31,515350,SH,27899200.0
2024-01-31,515360,SH,32779300.0
2024-01-31,515380,SH,1076499800.0
2024-01-31,515390,SH,414683000.0
2024-01-31,515400,SH,1698631400.0000002
2024-01-31,515450,SH,830335000.0
2024-01-31,515530,SH,24242700.0
2024-01-31,515550,SH,25345700.0
2024-01-31,515560,SH,469883300.0
2024-01-31,515580,SH,608031400.0
2024-01-31,515590,SH,24113700.0
2024-01-31,515600,SH,1551797400.0
2024-01-31,515630,SH,105217700.0
2024-01-31,515650,SH,1863184000.0
2024-01-31,515660,SH,447094200.0
2024-01-31,515670,SH,40822500.0
2024-01-31,515680,SH,1473264700.0
2024-01-31,515700,SH,2863510200.0
2024-01-31,515710,SH,1325599800.0
2024-01-31,515750,SH,518140500.0
2024-01-31,515760,SH,201388100.0
2024-01-31,515770,SH,72727300.0
2024-01-31,515780,SH,14785200.0
2024-01-31,515790,SH,12716494000.0
2024-01-31,515800,SH,8328437200.0
2024-01-31,515810,SH,179908800.0
2024-01-31,515850,SH,198791000.0
2024-01-31,515860,SH,170878900.0
2024-01-31,515880,SH,2001462300.0
2024-01-31,515890,SH,504443900.0
2024-01-31,515900,SH,3998646500.0
2024-01-31,515910,SH,470507000.0
2024-01-31,515920,SH,287905700.0
2024-01-31,515950,SH,948200600.0
2024-01-31,515960,SH,341991900.0
2024-01-31,515980,SH,1499064500.0
2024-01-31,515990,SH,98350200.0
2024-01-31,516000,SH,148855000.0
2024-01-31,516010,SH,1932693000.0
2024-01-31,516020,SH,704326200.0
2024-01-31,516050,SH,761228000.0
2024-01-31,516060,SH,246237400.00000003
2024-01-31,516070,SH,805646000.0
2024-01-31,516080,SH,512554800.00000006
2024-01-31,516090,SH,2716844800.0
2024-01-31,516100,SH,71759700.0
2024-01-31,516110,SH,1116623100.0
2024-01-31,516120,SH,314082000.0
2024-01-31,516130,SH,98890000.0
2024-01-31,516150,SH,2008077000.0
2024-01-31,516160,SH,10477804000.0
2024-01-31,516180,SH,127987000.0
2024-01-31,516190,SH,20318500.0
2024-01-31,516200,SH,420604000.0
2024-01-31,516210,SH,216131000.0
2024-01-31,516220,SH,284170000.0
2024-01-31,516260,SH,151882600.0
2024-01-31,516270,SH,613409000.0
2024-01-31,516290,SH,391196900.0
2024-01-31,516300,SH,151602200.0
2024-01-31,516310,SH,141258500.0
2024-01-31,516320,SH,94589300.0
2024-01-31,516330,SH,50471300.0
2024-01-31,516350,SH,568415300.0
2024-01-31,516360,SH,155551800.0
2024-01-31,516380,SH,184449300.0
2024-01-31,516390,SH,749761000.0
2024-01-31,516480,SH,22146100.0
2024-01-31,516500,SH,154937200.0
2024-01-31,516510,SH,1378890000.0
2024-01-31,516520,SH,187765500.0
2024-01-31,516530,SH,91302300.0
2024-01-31,516550,SH,333414400.0
2024-01-31,516560,SH,97258000.0
2024-01-31,516570,SH,52357600.0
2024-01-31,516580,SH,259124100.0
2024-01-31,516590,SH,135015000.0
2024-01-31,516600,SH,167332100.0
2024-01-31,516610,SH,129974800.0
2024-01-31,516620,SH,50267500.0
2024-01-31,516630,SH,109156000.0
2024-01-31,516640,SH,2475582800.0
2024-01-31,516650,SH,61464799.99999999
2024-01-31,516660,SH,520689000.0
2024-01-31,516670,SH,1007266300.0
2024-01-31,516690,SH,76243000.0
2024-01-31,516700,SH,44122000.0
2024-01-31,516710,SH,190272000.0
2024-01-31,516720,SH,46837800.0
2024-01-31,516730,SH,70880800.0
2024-01-31,516750,SH,130667300.0
2024-01-31,516760,SH,278215100.0
2024-01-31,516770,SH,154648000.0
2024-01-31,516780,SH,767049800.0
2024-01-31,516790,SH,206082200.0
2024-01-31,516800,SH,235154000.0
2024-01-31,516810,SH,200478900.0
2024-01-31,516820,SH,3261415200.0
2024-01-31,516830,SH,317176900.0
2024-01-31,516850,SH,125237000.0
2024-01-31,516860,SH,118522000.0
2024-01-31,516880,SH,1227944100.0
2024-01-31,516890,SH,70311400.0
2024-01-31,516900,SH,49229000.0
2024-01-31,516910,SH,103641800.0
2024-01-31,516920,SH,737463000.0
2024-01-31,516930,SH,74639600.0
2024-01-31,516950,SH,855821000.0
2024-01-31,516960,SH,95051100.0
2024-01-31,516970,SH,4145542500.0
2024-01-31,516980,SH,30516000.0
2024-01-31,517000,SH,607793000.0
2024-01-31,517010,SH,69144200.0
2024-01-31,517030,SH,60040300.0
2024-01-31,517050,SH,853605000.0
2024-01-31,517080,SH,705166000.0
2024-01-31,517090,SH,592075000.0
2024-01-31,517100,SH,431602100.0
2024-01-31,517110,SH,285098500.0
2024-01-31,517120,SH,682966400.0
2024-01-31,517160,SH,2130777500.0
2024-01-31,517170,SH,46131800.0
2024-01-31,517180,SH,781496300.0
2024-01-31,517200,SH,258782000.0
2024-01-31,517270,SH,21591600.0
2024-01-31,517280,SH,51552500.0
2024-01-31,517300,SH,2880434500.0
2024-01-31,517330,SH,2110169000.0
2024-01-31,517350,SH,191542000.0
2024-01-31,517360,SH,89583000.0
2024-01-31,517380,SH,520326300.0
2024-01-31,517390,SH,58112600.0
2024-01-31,517520,SH,82404000.0
2024-01-31,517550,SH,47417400.0
2024-01-31,517660,SH,42280700.0
2024-01-31,517760,SH,6552600.0
2024-01-31,517770,SH,24947800.000000004
2024-01-31,517800,SH,173539700.0
2024-01-31,517850,SH,198185200.0
2024-01-31,517880,SH,49337100.0
2024-01-31,517900,SH,48993500.0
2024-01-31,517960,SH,88182000.0
2024-01-31,517990,SH,33987900.0
2024-01-31,518600,SH,12493599.999999998
2024-01-31,518660,SH,28952700.0
2024-01-31,518680,SH,83558000.0
2024-01-31,518800,SH,456419900.0
2024-01-31,518850,SH,55878700.0
2024-01-31,518860,SH,16959800.0
2024-01-31,518880,SH,2970640800.0
2024-01-31,518890,SH,9854800.0
2024-01-31,560000,SH,23022900.0
2024-01-31,560010,SH,2166621700.0
2024-01-31,560020,SH,68562000.0
2024-01-31,560030,SH,57432000.0
2024-01-31,560050,SH,7603934399.999999
2024-01-31,560060,SH,449090000.0
2024-01-31,560070,SH,882662300.0
2024-01-31,560080,SH,1726265000.0
2024-01-31,560090,SH,1253865000.0
2024-01-31,560100,SH,127080300.0
2024-01-31,560110,SH,346903500.0
2024-01-31,560170,SH,3017495500.0
2024-01-31,560180,SH,105603000.0
2024-01-31,560220,SH,51717000.0
2024-01-31,560260,SH,1846664700.0
2024-01-31,560280,SH,9752000.0
2024-01-31,560300,SH,65803400.0
2024-01-31,560330,SH,62130000.0
2024-01-31,560500,SH,835339000.0
2024-01-31,560550,SH,887597400.0
2024-01-31,560560,SH,165190099.99999997
2024-01-31,560580,SH,51003000.0
2024-01-31,560590,SH,22710000.0
2024-01-31,560650,SH,19919200.0
2024-01-31,560660,SH,69969000.0
2024-01-31,560680,SH,54725600.00000001
2024-01-31,560700,SH,1057036900.0
2024-01-31,560780,SH,96496000.0
2024-01-31,560800,SH,2199951100.0
2024-01-31,560860,SH,305233000.0
2024-01-31,560880,SH,558232000.0
2024-01-31,560900,SH,238969100.0
2024-01-31,560950,SH,53483000.0
2024-01-31,560960,SH,45598900.0
2024-01-31,560980,SH,414022000.0
2024-01-31,560990,SH,64187100.0
2024-01-31,561000,SH,77420000.0
2024-01-31,561010,SH,61356000.0
2024-01-31,561060,SH,64065000.0
2024-01-31,561100,SH,642746900.0
2024-01-31,561120,SH,139159900.0
2024-01-31,561130,SH,289935200.0
2024-01-31,561160,SH,2034835000.0
2024-01-31,561170,SH,202532700.0
2024-01-31,561180,SH,59609600.0
2024-01-31,561190,SH,1539318000.0
2024-01-31,561200,SH,69470500.0
2024-01-31,561260,SH,591095200.0
2024-01-31,561280,SH,27847700.0
2024-01-31,561300,SH,2257965000.0
2024-01-31,561310,SH,164916600.0
2024-01-31,561320,SH,111369000.0
2024-01-31,561330,SH,58696100.0
2024-01-31,561350,SH,271700000.0
2024-01-31,561360,SH,39148000.0
2024-01-31,561370,SH,22356000.0
2024-01-31,561500,SH,113100300.0
2024-01-31,561510,SH,101206000.0
2024-01-31,561550,SH,877489600.0000001
2024-01-31,561560,SH,126624200.0
2024-01-31,561580,SH,626370700.0
2024-01-31,561590,SH,83999599.99999999
2024-01-31,561600,SH,154274000.0
2024-01-31,561700,SH,117313600.0
2024-01-31,561710,SH,71596100.0
2024-01-31,561780,SH,26955800.0
2024-01-31,561790,SH,769934000.0
2024-01-31,561800,SH,184577200.0
2024-01-31,561900,SH,74334400.0
2024-01-31,561910,SH,987076600.0
2024-01-31,561920,SH,35692000.0
2024-01-31,561950,SH,127656000.0
2024-01-31,561960,SH,420985200.0
2024-01-31,561980,SH,81110000.0
2024-01-31,561990,SH,733649200.0
2024-01-31,562000,SH,994368900.0
2024-01-31,562010,SH,85298700.00000001
2024-01-31,562030,SH,56986899.99999999
2024-01-31,562060,SH,293396300.0
2024-01-31,562300,SH,159495000.0
2024-01-31,562310,SH,1358572300.0
2024-01-31,562320,SH,52295500.0
2024-01-31,562330,SH,47018900.0
2024-01-31,562350,SH,30410900.0
2024-01-31,562360,SH,78474000.0
2024-01-31,562380,SH,515128900.0
2024-01-31,562390,SH,64429000.0
2024-01-31,562500,SH,1124687300.0
2024-01-31,562510,SH,1065095000.0
2024-01-31,562520,SH,52568000.0
2024-01-31,562530,SH,54144000.0
2024-01-31,562550,SH,66919300.0
2024-01-31,562590,SH,40663000.0
2024-01-31,562600,SH,89937400.0
2024-01-31,562660,SH,90874000.0
2024-01-31,562800,SH,2185195000.0
2024-01-31,562850,SH,458981500.0
2024-01-31,562860,SH,578895000.0
2024-01-31,562880,SH,482899600.0
2024-01-31,562900,SH,90706300.0
2024-01-31,562910,SH,204227300.0
2024-01-31,562920,SH,23069000.0
2024-01-31,562930,SH,40437000.0
2024-01-31,562950,SH,141258300.0
2024-01-31,562960,SH,26891000.0
2024-01-31,562990,SH,2223756000.0
2024-01-31,563000,SH,6553451100.0
2024-01-31,563010,SH,37189300.0
2024-01-31,563020,SH,72910000.0
2024-01-31,563030,SH,301169000.0
2024-01-31,563050,SH,421208400.0
2024-01-31,563200,SH,69458800.0
2024-01-31,563300,SH,471174000.0
2024-01-31,563330,SH,263421000.0
2024-01-31,588000,SH,108178168200.0
2024-01-31,588010,SH,157925800.0
2024-01-31,588020,SH,219791000.0
2024-01-31,588030,SH,8402838100.000001
2024-01-31,588050,SH,9975241300.0
2024-01-31,588060,SH,8281140000.0
2024-01-31,588080,SH,37639628100.0
2024-01-31,588090,SH,5599672800.0
2024-01-31,588100,SH,553748700.0
2024-01-31,588110,SH,217758000.0
2024-01-31,588120,SH,3666811000.0
2024-01-31,588150,SH,422932600.0
2024-01-31,588160,SH,132996000.0
2024-01-31,588180,SH,4672353700.0
2024-01-31,588190,SH,3046618300.0
2024-01-31,588200,SH,5775894800.0
2024-01-31,588210,SH,370754000.0
2024-01-31,588220,SH,7470697900.0
2024-01-31,588260,SH,160746000.0
2024-01-31,588280,SH,488121000.0
2024-01-31,588290,SH,1051397000.0
2024-01-31,588300,SH,3154210500.0
2024-01-31,588310,SH,76237500.0
2024-01-31,588320,SH,17824600.0
2024-01-31,588330,SH,1817737800.0
2024-01-31,588350,SH,1908546000.0
2024-01-31,588360,SH,1056281800.0
2024-01-31,588370,SH,280772000.0
2024-01-31,588380,SH,4499770000.0
2024-01-31,588390,SH,533935900.0
2024-01-31,588400,SH,3855600600.0
2024-01-31,588460,SH,732014000.0
2024-01-31,588700,SH,137836200.0
2024-01-31,588800,SH,7042377000.0
2024-01-31,588880,SH,564368000.0
2024-01-31,588900,SH,625783000.0
2024-02-29,510010,SH,265524400.0
2024-02-29,510020,SH,41248000.0
2024-02-29,510030,SH,179229800.0
2024-02-29,510050,SH,45990666800.0
2024-02-29,510060,SH,69959200.0
2024-02-29,510090,SH,31581100.0
2024-02-29,510100,SH,3835219900.0
2024-02-29,510130,SH,42285100.0
2024-02-29,510150,SH,1971178600.0
2024-02-29,510160,SH,336057400.0
2024-02-29,510170,SH,218914800.0
2024-02-29,510180,SH,5907057700.0
2024-02-29,510190,SH,44150800.0
2024-02-29,510200,SH,64385500.0
2024-02-29,510210,SH,9974192600.0
2024-02-29,510230,SH,3515808000.0
2024-02-29,510270,SH,19832100.0
2024-02-29,510290,SH,94448900.0
2024-02-29,510300,SH,53536087699.99999
2024-02-29,510310,SH,68402307400.0
2024-02-29,510330,SH,26084049800.0
2024-02-29,510350,SH,865014700.0
2024-02-29,510360,SH,2327381200.0
2024-02-29,510370,SH,75258100.0
2024-02-29,510380,SH,1344802400.0
2024-02-29,510390,SH,160850000.0
2024-02-29,510410,SH,302258400.0
2024-02-29,510500,SH,14136968600.000002
2024-02-29,510510,SH,1821038300.0
2024-02-29,510530,SH,44479399.99999999
2024-02-29,510550,SH,15743300.0
2024-02-29,510560,SH,140318700.0
2024-02-29,510570,SH,28060600.0
2024-02-29,510580,SH,3925965200.0
2024-02-29,510590,SH,137986100.0
2024-02-29,510600,SH,17815100.0
2024-02-29,510630,SH,291361500.0
2024-02-29,510650,SH,22452500.0
2024-02-29,510660,SH,49379700.0
2024-02-29,510680,SH,46324700.0
2024-02-29,510710,SH,192818900.0
2024-02-29,510760,SH,1331503700.0
2024-02-29,510770,SH,45610700.0
2024-02-29,510800,SH,649576000.0
2024-02-29,510810,SH,8938093700.0
2024-02-29,510850,SH,63498900.0
2024-02-29,510880,SH,5856175699.999999
2024-02-29,510900,SH,13366021900.0
2024-02-29,510980,SH,212798000.0
2024-02-29,510990,SH,62948600.0
2024-02-29,511010,SH,12206300.000000002
2024-02-29,511020,SH,9977500.0
2024-02-29,511030,SH,600307100.0
2024-02-29,511060,SH,5966300.0
2024-02-29,511090,SH,12338100.0
2024-02-29,511100,SH,4710500.0
2024-02-29,511180,SH,38659700.0
2024-02-29,511220,SH,474081400.0
2024-02-29,511260,SH,8056500.0
2024-02-29,511270,SH,6967500.0
2024-02-29,511360,SH,230432600.0
2024-02-29,511380,SH,695886700.0
2024-02-29,511520,SH,88746500.0
2024-02-29,511580,SH,1798800.0
2024-02-29,512000,SH,23972717700.0
2024-02-29,512010,SH,48109694900.0
2024-02-29,512040,SH,652715900.0
2024-02-29,512070,SH,11065479700.0
2024-02-29,512090,SH,321592300.0
2024-02-29,512100,SH,11123217600.0
2024-02-29,512120,SH,809241900.0
2024-02-29,512150,SH,53073400.0
2024-02-29,512160,SH,301777800.0
2024-02-29,512170,SH,66348820500.0
2024-02-29,512180,SH,90048000.0
2024-02-29,512190,SH,42618400.0
2024-02-29,512200,SH,6752876000.0
2024-02-29,512220,SH,310467600.0
2024-02-29,512260,SH,78097700.0
2024-02-29,512280,SH,46005700.0
2024-02-29,512290,SH,4082820700.0
2024-02-29,512320,SH,23040800.0
2024-02-29,512330,SH,581688000.0
2024-02-29,512360,SH,54337700.00000001
2024-02-29,512380,SH,123805600.0
2024-02-29,512390,SH,171682000.0
2024-02-29,512400,SH,3607539000.0
2024-02-29,512480,SH,28399003600.0
2024-02-29,512500,SH,4181608800.0
2024-02-29,512510,SH,397429800.00000006
2024-02-29,512520,SH,87056400.0
2024-02-29,512530,SH,71502000.0
2024-02-29,512550,SH,218906000.0
2024-02-29,512560,SH,1133127000.0
2024-02-29,512570,SH,380806100.0
2024-02-29,512580,SH,1599871700.0000002
2024-02-29,512600,SH,548156100.0
2024-02-29,512640,SH,35240900.0
2024-02-29,512650,SH,470941600.00000006
2024-02-29,512660,SH,8674080000.0
2024-02-29,512670,SH,3639652600.0
2024-02-29,512680,SH,3628930100.0
2024-02-29,512690,SH,15184250200.0
2024-02-29,512700,SH,957581000.0
2024-02-29,512710,SH,8483658400.0
2024-02-29,512720,SH,1739453400.0
2024-02-29,512730,SH,81083900.0
2024-02-29,512750,SH,133854900.0
2024-02-29,512760,SH,16615522800.0
2024-02-29,512770,SH,185767800.0
2024-02-29,512800,SH,5342240000.0
2024-02-29,512810,SH,513791700.0
2024-02-29,512820,SH,271301900.0
2024-02-29,512870,SH,32410600.0
2024-02-29,512880,SH,34078291500.0
2024-02-29,512890,SH,6225110800.0
2024-02-29,512900,SH,6456406000.0
2024-02-29,512910,SH,795628800.0
2024-02-29,512930,SH,520130300.0
2024-02-29,512950,SH,4339551000.0
2024-02-29,512960,SH,4333257300.0
2024-02-29,512970,SH,62987600.0
2024-02-29,512980,SH,5333924399.999999
2024-02-29,512990,SH,247015400.0
2024-02-29,513000,SH,495411400.0
2024-02-29,513010,SH,11352307000.0
2024-02-29,513020,SH,482145400.0
2024-02-29,513030,SH,664279000.0
2024-02-29,513040,SH,219841300.0
2024-02-29,513050,SH,36591432700.0
2024-02-29,513060,SH,29040393300.0
2024-02-29,513070,SH,95760800.0
2024-02-29,513080,SH,210916000.0
2024-02-29,513090,SH,2457988000.0
2024-02-29,513100,SH,9056110600.0
2024-02-29,513110,SH,545435000.0
2024-02-29,513120,SH,8002135400.0
2024-02-29,513130,SH,34146347000.0
2024-02-29,513140,SH,42368000.0
2024-02-29,513150,SH,194559800.0
2024-02-29,513160,SH,138189300.0
2024-02-29,513180,SH,46658759500.0
2024-02-29,513190,SH,70936000.0
2024-02-29,513200,SH,1581282100.0
2024-02-29,513220,SH,95109400.0
2024-02-29,513230,SH,70422700.0
2024-02-29,513260,SH,842243000.0
2024-02-29,513280,SH,195114500.0
2024-02-29,513290,SH,1210572100.0
2024-02-29,513300,SH,2448671000.0
2024-02-29,513310,SH,167427000.0
2024-02-29,513320,SH,39010600.0
2024-02-29,513330,SH,86395480000.0
2024-02-29,513350,SH,83746000.0
2024-02-29,513360,SH,821713900.0
2024-02-29,513380,SH,2718892500.0
2024-02-29,513390,SH,727379100.0
2024-02-29,513400,SH,369062000.0
2024-02-29,513500,SH,6573638600.0
2024-02-29,513520,SH,600887200.0
2024-02-29,513530,SH,219438700.0
2024-02-29,513550,SH,4277992000.0
2024-02-29,513560,SH,160386000.0
2024-02-29,513580,SH,3450118000.0
2024-02-29,513590,SH,102618900.0
2024-02-29,513600,SH,590829500.0
2024-02-29,513630,SH,1201359000.0
2024-02-29,513650,SH,507734000.0
2024-02-29,513660,SH,1891000100.0
2024-02-29,513690,SH,1601979900.0
2024-02-29,513700,SH,1575846000.0
2024-02-29,513730,SH,804355000.0
2024-02-29,513750,SH,197338000.0
2024-02-29,513770,SH,1978068900.0
2024-02-29,513800,SH,420244400.0
2024-02-29,513810,SH,34992000.0
2024-02-29,513850,SH,660892600.0
2024-02-29,513860,SH,1614470600.0
2024-02-29,513870,SH,412671000.0
2024-02-29,513880,SH,1274470000.0
2024-02-29,513890,SH,288128000.0
2024-02-29,513900,SH,207978000.0
2024-02-29,513920,SH,117231000.0
2024-02-29,513950,SH,207119000.0
2024-02-29,513960,SH,72932300.0
2024-02-29,513970,SH,313041000.0
2024-02-29,513980,SH,8239204000.0
2024-02-29,513990,SH,88000000.0
2024-02-29,515000,SH,2662289699.9999995
2024-02-29,515010,SH,714271600.0
2024-02-29,515020,SH,420345300.0
2024-02-29,515030,SH,6293384000.0
2024-02-29,515050,SH,7981068500.0
2024-02-29,515060,SH,673478100.0
2024-02-29,515070,SH,2260970200.0
2024-02-29,515080,SH,3292148900.0
2024-02-29,515090,SH,52801700.0
2024-02-29,515100,SH,6422441500.0
2024-02-29,515110,SH,230295000.0
2024-02-29,515120,SH,5924993600.0
2024-02-29,515130,SH,88463200.0
2024-02-29,515150,SH,557703200.0
2024-02-29,515160,SH,631955100.0
2024-02-29,515170,SH,4713257900.0
2024-02-29,515180,SH,4523637000.0
2024-02-29,515190,SH,63466100.0
2024-02-29,515200,SH,117943200.0
2024-02-29,515210,SH,880726100.0
2024-02-29,515220,SH,891588500.0
2024-02-29,515230,SH,1209690900.0
2024-02-29,515250,SH,860944500.0
2024-02-29,515260,SH,705284200.0
2024-02-29,515280,SH,37218600.0
2024-02-29,515290,SH,4732932900.0
2024-02-29,515300,SH,974175200.0
2024-02-29,515310,SH,318111200.0
2024-02-29,515320,SH,353309000.0
2024-02-29,515330,SH,9218709500.0
2024-02-29,515350,SH,26099200.0
2024-02-29,515360,SH,32279300.0
2024-02-29,515380,SH,1066599800.0
2024-02-29,515390,SH,414683000.0
2024-02-29,515400,SH,1900631400.0
2024-02-29,515450,SH,1202835000.0
2024-02-29,515530,SH,22642700.0
2024-02-29,515550,SH,27345700.0
2024-02-29,515560,SH,485883300.0
2024-02-29,515580,SH,606031400.0
2024-02-29,515590,SH,20113700.0
2024-02-29,515600,SH,1693797400.0
2024-02-29,515630,SH,102717700.0
2024-02-29,515650,SH,1839184000.0
2024-02-29,515660,SH,1176094200.0
2024-02-29,515670,SH,39322500.0
2024-02-29,515680,SH,1578264700.0
2024-02-29,515700,SH,2724510200.0
2024-02-29,515710,SH,1250599800.0
2024-02-29,515750,SH,513140500.0
2024-02-29,515760,SH,198888100.0
2024-02-29,515770,SH,72727300.0
2024-02-29,515780,SH,14785200.0
2024-02-29,515790,SH,11843494000.0
2024-02-29,515800,SH,8252437200.0
2024-02-29,515810,SH,215908800.0
2024-02-29,515850,SH,208791000.0
2024-02-29,515860,SH,169878900.0
2024-02-29,515880,SH,2301462300.0
2024-02-29,515890,SH,604443900.0
2024-02-29,515900,SH,3946646500.0
2024-02-29,515910,SH,482507000.0
2024-02-29,515920,SH,284905700.0
2024-02-29,515950,SH,942200600.0
2024-02-29,515960,SH,337991900.0
2024-02-29,515980,SH,1763064500.0
2024-02-29,515990,SH,95350200.0
2024-02-29,516000,SH,162855000.0
2024-02-29,516010,SH,2011693000.0
2024-02-29,516020,SH,634326200.0
2024-02-29,516050,SH,748228000.0
2024-02-29,516060,SH,242237400.00000003
2024-02-29,516070,SH,782646000.0
2024-02-29,516080,SH,513554800.00000006
2024-02-29,516090,SH,2485844800.0
2024-02-29,516100,SH,63759700.0
2024-02-29,516110,SH,966623100.0
2024-02-29,516120,SH,310082000.0
2024-02-29,516130,SH,96890000.0
2024-02-29,516150,SH,1928577000.0
2024-02-29,516160,SH,9703804000.0
2024-02-29,516180,SH,123987000.0
2024-02-29,516190,SH,17918500.0
2024-02-29,516200,SH,415604000.0
2024-02-29,516210,SH,210431000.0
2024-02-29,516220,SH,263170000.0
2024-02-29,516260,SH,145882600.0
2024-02-29,516270,SH,580409000.0
2024-02-29,516290,SH,369196900.0
2024-02-29,516300,SH,181602200.0
2024-02-29,516310,SH,125358500.0
2024-02-29,516320,SH,93589300.0
2024-02-29,516330,SH,50471300.0
2024-02-29,516350,SH,536415300.0
2024-02-29,516360,SH,151551800.0
2024-02-29,516380,SH,177449300.0
2024-02-29,516390,SH,712261000.0
2024-02-29,516480,SH,24146100.0
2024-02-29,516500,SH,162937200.0
2024-02-29,516510,SH,1418890000.0
2024-02-29,516520,SH,177765500.0
2024-02-29,516530,SH,91802300.0
2024-02-29,516550,SH,314414400.0
2024-02-29,516560,SH,99258000.0
2024-02-29,516570,SH,50357600.0
2024-02-29,516580,SH,252124100.0
2024-02-29,516590,SH,128015000.0
2024-02-29,516600,SH,164332100.0
2024-02-29,516610,SH,125974800.0
2024-02-29,516620,SH,57267500.0
2024-02-29,516630,SH,148156000.0
2024-02-29,516640,SH,2245682800.0
2024-02-29,516650,SH,62464799.99999999
2024-02-29,516660,SH,506689000.0
2024-02-29,516670,SH,925266300.0
2024-02-29,516690,SH,72743000.0
2024-02-29,516700,SH,50622000.0
2024-02-29,516710,SH,186272000.0
2024-02-29,516720,SH,46837800.0
2024-02-29,516730,SH,62880800.0
2024-02-29,516750,SH,125667300.0
2024-02-29,516760,SH,251215100.0
2024-02-29,516770,SH,149848000.0
2024-02-29,516780,SH,736549800.0
2024-02-29,516790,SH,200882200.0
2024-02-29,516800,SH,235154000.0
2024-02-29,516810,SH,192478900.0
2024-02-29,516820,SH,2946415200.0
2024-02-29,516830,SH,312176900.0
2024-02-29,516850,SH,121237000.0
2024-02-29,516860,SH,122522000.0
2024-02-29,516880,SH,1177944100.0
2024-02-29,516890,SH,67311400.0
2024-02-29,516900,SH,50729000.0
2024-02-29,516910,SH,96641800.0
2024-02-29,516920,SH,704463000.0
2024-02-29,516930,SH,70139600.0
2024-02-29,516950,SH,800821000.0
2024-02-29,516960,SH,89051100.0
2024-02-29,516970,SH,3857042500.0
2024-02-29,516980,SH,29516000.0
2024-02-29,517000,SH,607793000.0
2024-02-29,517010,SH,69144200.0
2024-02-29,517030,SH,63040300.0
2024-02-29,517050,SH,841605000.0
2024-02-29,517080,SH,701166000.0
2024-02-29,517090,SH,534075000.0
2024-02-29,517100,SH,418102100.0
2024-02-29,517110,SH,282098500.0
2024-02-29,517120,SH,674966400.0
2024-02-29,517160,SH,2106777500.0
2024-02-29,517170,SH,46131800.0
2024-02-29,517180,SH,1011496300.0
2024-02-29,517200,SH,255782000.0
2024-02-29,517270,SH,17091600.0
2024-02-29,517280,SH,51552500.0
2024-02-29,517300,SH,2859434500.0
2024-02-29,517330,SH,2103169000.0
2024-02-29,517350,SH,187042000.0
2024-02-29,517360,SH,89583000.0
2024-02-29,517380,SH,500326300.0
2024-02-29,517390,SH,53112600.0
2024-02-29,517520,SH,80904000.0
2024-02-29,517550,SH,45917400.0
2024-02-29,517660,SH,38680700.0
2024-02-29,517760,SH,3552600.0
2024-02-29,517770,SH,24947800.000000004
2024-02-29,517800,SH,221539700.0
2024-02-29,517850,SH,184185200.0
2024-02-29,517880,SH,49337100.0
2024-02-29,517900,SH,50993500.0
2024-02-29,517960,SH,88182000.0
2024-02-29,517990,SH,35987900.0
2024-02-29,518600,SH,14293599.999999998
2024-02-29,518660,SH,30752700.0
2024-02-29,518680,SH,76258000.0
2024-02-29,518800,SH,484619900.0
2024-02-29,518850,SH,53178700.0
2024-02-29,518860,SH,16959800.0
2024-02-29,518880,SH,3078640800.0
2024-02-29,518890,SH,9854800.0
2024-02-29,560000,SH,21022900.0
2024-02-29,560010,SH,5838621700.0
2024-02-29,560020,SH,65562000.0
2024-02-29,560030,SH,56432000.0
2024-02-29,560050,SH,7555934399.999999
2024-02-29,560060,SH,437090000.0
2024-02-29,560070,SH,703862300.0
2024-02-29,560080,SH,1624765000.0
2024-02-29,560090,SH,1217365000.0
2024-02-29,560100,SH,139080300.0
2024-02-29,560110,SH,457903500.0
2024-02-29,560170,SH,2725495500.0
2024-02-29,560180,SH,100603000.0
2024-02-29,560220,SH,63717000.0
2024-02-29,560260,SH,1776664700.0
2024-02-29,560280,SH,9252000.0
2024-02-29,560300,SH,28803400.0
2024-02-29,560330,SH,55130000.0
2024-02-29,560500,SH,818339000.0
2024-02-29,560550,SH,851597400.0
2024-02-29,560560,SH,159190100.0
2024-02-29,560580,SH,48003000.0
2024-02-29,560590,SH,19710000.0
2024-02-29,560650,SH,18419200.0
2024-02-29,560660,SH,103969000.0
2024-02-29,560680,SH,54725600.00000001
2024-02-29,560700,SH,1082036900.0
2024-02-29,560780,SH,89496000.0
2024-02-29,560800,SH,1947951100.0
2024-02-29,560860,SH,290233000.0
2024-02-29,560880,SH,541732000.0
2024-02-29,560900,SH,237969100.0
2024-02-29,560950,SH,55483000.0
2024-02-29,560960,SH,45598900.0
2024-02-29,560980,SH,316522000.0
2024-02-29,560990,SH,63187100.0
2024-02-29,561000,SH,72420000.0
2024-02-29,561010,SH,53356000.0
2024-02-29,561060,SH,71565000.0
2024-02-29,561100,SH,651746900.0
2024-02-29,561120,SH,131659900.0
2024-02-29,561130,SH,289935200.0
2024-02-29,561160,SH,1791835000.0
2024-02-29,561170,SH,175032700.0
2024-02-29,561180,SH,59609600.0
2024-02-29,561190,SH,1499318000.0
2024-02-29,561200,SH,25470500.0
2024-02-29,561260,SH,381095200.0
2024-02-29,561280,SH,54847700.00000001
2024-02-29,561300,SH,2392965000.0
2024-02-29,561310,SH,160916600.0
2024-02-29,561320,SH,106369000.0
2024-02-29,561330,SH,56696100.0
2024-02-29,561350,SH,286700000.0
2024-02-29,561360,SH,33148000.0
2024-02-29,561370,SH,28356000.0
2024-02-29,561500,SH,114600300.0
2024-02-29,561510,SH,97206000.0
2024-02-29,561550,SH,857989600.0000001
2024-02-29,561560,SH,110624200.0
2024-02-29,561580,SH,679870700.0000001
2024-02-29,561590,SH,83999599.99999999
2024-02-29,561600,SH,138274000.0
2024-02-29,561700,SH,110313600.0
2024-02-29,561710,SH,75596100.0
2024-02-29,561780,SH,36955800.0
2024-02-29,561790,SH,293934000.0
2024-02-29,561800,SH,177077200.0
2024-02-29,561900,SH,77334400.0
2024-02-29,561910,SH,885076600.0
2024-02-29,561920,SH,37692000.0
2024-02-29,561950,SH,123156000.0
2024-02-29,561960,SH,204585200.0
2024-02-29,561980,SH,87110000.0
2024-02-29,561990,SH,643649200.0
2024-02-29,562000,SH,1048368900.0
2024-02-29,562010,SH,35298700.0
2024-02-29,562030,SH,53486899.99999999
2024-02-29,562060,SH,286896300.0
2024-02-29,562300,SH,157495000.0
2024-02-29,562310,SH,1336572300.0
2024-02-29,562320,SH,46295500.0
2024-02-29,562330,SH,45018900.0
2024-02-29,562350,SH,26410900.0
2024-02-29,562360,SH,84474000.0
2024-02-29,562380,SH,531128900.0
2024-02-29,562390,SH,64429000.0
2024-02-29,562500,SH,1385687300.0
2024-02-29,562510,SH,979595000.0
2024-02-29,562520,SH,44568000.0
2024-02-29,562530,SH,57144000.0
2024-02-29,562550,SH,60919300.0
2024-02-29,562590,SH,50663000.0
2024-02-29,562600,SH,82937400.0
2024-02-29,562660,SH,152874000.0
2024-02-29,562800,SH,2021845000.0
2024-02-29,562850,SH,201981500.0
2024-02-29,562860,SH,552895000.0
2024-02-29,562880,SH,469399600.0
2024-02-29,562900,SH,84706299.99999999
2024-02-29,562910,SH,167227300.0
2024-02-29,562920,SH,31069000.0
2024-02-29,562930,SH,42437000.0
2024-02-29,562950,SH,138258300.0
2024-02-29,562960,SH,26891000.0
2024-02-29,562990,SH,2203756000.0
2024-02-29,563000,SH,6448451100.0
2024-02-29,563010,SH,38189300.0
2024-02-29,563020,SH,89910000.0
2024-02-29,563030,SH,295169000.0
2024-02-29,563050,SH,429208400.0
2024-02-29,563200,SH,129458800.0
2024-02-29,563300,SH,4108674000.0
2024-02-29,563330,SH,227421000.0
2024-02-29,588000,SH,97220668200.0
2024-02-29,588010,SH,160425800.0
2024-02-29,588020,SH,193791000.0
2024-02-29,588030,SH,8570838100.000001
2024-02-29,588050,SH,10161241300.0
2024-02-29,588060,SH,7927140000.0
2024-02-29,588080,SH,43933628099.99999
2024-02-29,588090,SH,5261672800.0
2024-02-29,588100,SH,452248700.0
2024-02-29,588110,SH,202758000.0
2024-02-29,588120,SH,3567811000.0
2024-02-29,588150,SH,385432600.0
2024-02-29,588160,SH,120996000.0
2024-02-29,588180,SH,5536853700.0
2024-02-29,588190,SH,3145618300.0
2024-02-29,588200,SH,4986894800.0
2024-02-29,588210,SH,378254000.0
2024-02-29,588220,SH,7568697900.0
2024-02-29,588260,SH,139746000.0
2024-02-29,588280,SH,456121000.0
2024-02-29,588290,SH,1033897000.0
2024-02-29,588300,SH,3019210500.0
2024-02-29,588310,SH,71437500.0
2024-02-29,588320,SH,20824600.0
2024-02-29,588330,SH,1747737800.0
2024-02-29,588350,SH,1902546000.0
2024-02-29,588360,SH,980681800.0
2024-02-29,588370,SH,248272000.0
2024-02-29,588380,SH,4343770000.0
2024-02-29,588390,SH,503935900.0
2024-02-29,588400,SH,3603600600.0
2024-02-29,588460,SH,636014000.0
2024-02-29,588700,SH,107836200.0
2024-02-29,588800,SH,7059877000.0
2024-02-29,588880,SH,555368000.0
2024-02-29,588900,SH,505783000.0
2024-04-30,510010,SH,177524400.0
2024-04-30,510020,SH,40148000.0
2024-04-30,510030,SH,158729800.0
2024-04-30,510050,SH,46339866800.0
2024-04-30,510060,SH,59959200.0
2024-04-30,510090,SH,31581100.0
2024-04-30,510100,SH,3802819900.0
2024-04-30,510130,SH,49485100.0
2024-04-30,510150,SH,1773178599.9999998
2024-04-30,510160,SH,328057400.0
2024-04-30,510170,SH,266914800.0
2024-04-30,510180,SH,5838557700.0
2024-04-30,510190,SH,41650800.0
2024-04-30,510200,SH,73385500.0
2024-04-30,510210,SH,8387192600.0
2024-04-30,510230,SH,3337808000.0
2024-04-30,510270,SH,15832100.0
2024-04-30,510290,SH,94448900.0
2024-04-30,510300,SH,57444787699.99999
2024-04-30,510310,SH,78956307400.0
2024-04-30,510330,SH,27045249800.0
2024-04-30,510350,SH,853314700.0
2024-04-30,510360,SH,2690381200.0
2024-04-30,510370,SH,84258100.0
2024-04-30,510380,SH,1416802400.0
2024-04-30,510390,SH,145550000.0
2024-04-30,510410,SH,513258400.0
2024-04-30,510500,SH,14742968600.000002
2024-04-30,510510,SH,1983038300.0
2024-04-30,510530,SH,47479399.99999999
2024-04-30,510550,SH,13743300.0
2024-04-30,510560,SH,132318700.0
2024-04-30,510570,SH,28060600.0
2024-04-30,510580,SH,3904965200.0
2024-04-30,510590,SH,145586100.0
2024-04-30,510600,SH,16015100.0
2024-04-30,510630,SH,256361500.0
2024-04-30,510650,SH,19452500.0
2024-04-30,510660,SH,47879700.0
2024-04-30,510680,SH,50224700.0
2024-04-30,510710,SH,188318900.0
2024-04-30,510760,SH,1184503700.0
2024-04-30,510770,SH,42610700.0
2024-04-30,510800,SH,564576000.0
2024-04-30,510810,SH,8837093700.0
2024-04-30,510850,SH,67098900.0
2024-04-30,510880,SH,5791675699.999999
2024-04-30,510900,SH,13340021900.0
2024-04-30,510980,SH,104798000.0
2024-04-30,510990,SH,56948600.0
2024-04-30,511010,SH,13236300.000000002
2024-04-30,511020,SH,9737500.0
2024-04-30,511030,SH,900007100.0000001
2024-04-30,511060,SH,6506300.0
2024-04-30,511090,SH,18238100.0
2024-04-30,511100,SH,3880500.0
2024-04-30,511130,SH,23021700.0
2024-04-30,511180,SH,47059700.0
2024-04-30,511220,SH,682881400.0
2024-04-30,511260,SH,10196500.0
2024-04-30,511270,SH,8927500.0
2024-04-30,511360,SH,270682600.0
2024-04-30,511380,SH,730786700.0
2024-04-30,511520,SH,145996500.0
2024-04-30,511580,SH,1734800.0
2024-04-30,512000,SH,24259517700.0
2024-04-30,512010,SH,48468694900.0
2024-04-30,512040,SH,1066715900.0
2024-04-30,512070,SH,8815479700.0
2024-04-30,512090,SH,317592300.0
2024-04-30,512100,SH,12725217600.0
2024-04-30,512120,SH,814241900.0
2024-04-30,512150,SH,48073400.0
2024-04-30,512160,SH,291777800.0
2024-04-30,512170,SH,68856820500.0
2024-04-30,512180,SH,88048000.0
2024-04-30,512190,SH,39118400.0
2024-04-30,512200,SH,8035376000.0
2024-04-30,512220,SH,266967600.0
2024-04-30,512260,SH,61297700.00000001
2024-04-30,512280,SH,44005700.0
2024-04-30,512290,SH,4018820700.0
2024-04-30,512330,SH,572688000.0
2024-04-30,512360,SH,54337700.00000001
2024-04-30,512380,SH,117805600.0
2024-04-30,512390,SH,171682000.0
2024-04-30,512400,SH,3936539000.0
2024-04-30,512480,SH,27759003600.0
2024-04-30,512500,SH,4828808800.0
2024-04-30,512510,SH,392929800.00000006
2024-04-30,512520,SH,84056400.0
2024-04-30,512530,SH,61502000.0
2024-04-30,512550,SH,208906000.0
2024-04-30,512560,SH,1014127000.0
2024-04-30,512570,SH,422806100.0
2024-04-30,512580,SH,1500271700.0000002
2024-04-30,512600,SH,515656100.0
2024-04-30,512640,SH,33240900.0
2024-04-30,512650,SH,448941600.00000006
2024-04-30,512660,SH,8353080000.0
2024-04-30,512670,SH,3437652600.0
2024-04-30,512680,SH,3365730100.0
2024-04-30,512690,SH,12950150200.0
2024-04-30,512700,SH,953081000.0
2024-04-30,512710,SH,8438658400.0
2024-04-30,512720,SH,1524453400.0
2024-04-30,512730,SH,63583900.0
2024-04-30,512750,SH,118554900.0
2024-04-30,512760,SH,15607522800.0
2024-04-30,512770,SH,198767800.0
2024-04-30,512800,SH,4802240000.0
2024-04-30,512810,SH,503791700.0
2024-04-30,512820,SH,250301900.0
2024-04-30,512870,SH,32410600.0
2024-04-30,512880,SH,35205291500.0
2024-04-30,512890,SH,7093110800.0
2024-04-30,512900,SH,6842906000.0
2024-04-30,512910,SH,699628800.0
2024-04-30,512930,SH,744130300.0
2024-04-30,512950,SH,4369551000.0
2024-04-30,512960,SH,4305257300.0
2024-04-30,512970,SH,62987600.0
2024-04-30,512980,SH,5768924399.999999
2024-04-30,512990,SH,241015400.0
2024-04-30,513000,SH,529411400.0
2024-04-30,513010,SH,11375307000.0
2024-04-30,513020,SH,452145400.0
2024-04-30,513030,SH,697779000.0
2024-04-30,513040,SH,121341300.0
2024-04-30,513050,SH,36762432700.0
2024-04-30,513060,SH,30705393300.0
2024-04-30,513070,SH,88760800.0
2024-04-30,513080,SH,203416000.0
2024-04-30,513090,SH,3146488000.0
2024-04-30,513100,SH,9134110600.0
2024-04-30,513110,SH,547435000.0
2024-04-30,513120,SH,8902635400.0
2024-04-30,513130,SH,33219347000.0
2024-04-30,513140,SH,45368000.0
2024-04-30,513150,SH,194559800.0
2024-04-30,513160,SH,138189300.0
2024-04-30,513170,SH,129573000.0
2024-04-30,513180,SH,46216759500.0
2024-04-30,513190,SH,54936000.0
2024-04-30,513200,SH,1939282100.0
2024-04-30,513210,SH,113942000.0
2024-04-30,513220,SH,88109400.0
2024-04-30,513230,SH,78422700.0
2024-04-30,513260,SH,870243000.0
2024-04-30,513280,SH,302114500.0
2024-04-30,513290,SH,1084072100.0
2024-04-30,513300,SH,2467421000.0
2024-04-30,513310,SH,307427000.0
2024-04-30,513320,SH,37010600.0
2024-04-30,513330,SH,82895480000.0
2024-04-30,513350,SH,83746000.0
2024-04-30,513360,SH,1054213900.0
2024-04-30,513380,SH,2790892500.0
2024-04-30,513390,SH,970379100.0
2024-04-30,513400,SH,567062000.0
2024-04-30,513500,SH,7235638600.0
2024-04-30,513520,SH,630887200.0
2024-04-30,513530,SH,225938700.0
2024-04-30,513550,SH,3958992000.0
2024-04-30,513560,SH,163386000.0
2024-04-30,513580,SH,2887118000.0
2024-04-30,513590,SH,98718900.0
2024-04-30,513600,SH,539829500.0
2024-04-30,513630,SH,1492359000.0
2024-04-30,513650,SH,676734000.0
2024-04-30,513660,SH,1764000100.0
2024-04-30,513690,SH,1607979900.0
2024-04-30,513700,SH,1734846000.0
2024-04-30,513730,SH,419355000.0
2024-04-30,513750,SH,158838000.0
2024-04-30,513770,SH,1930568900.0
2024-04-30,513800,SH,831844400.0
2024-04-30,513810,SH,34992000.0
2024-04-30,513850,SH,683892600.0
2024-04-30,513860,SH,1729470600.0
2024-04-30,513870,SH,232671000.0
2024-04-30,513880,SH,1574470000.0
2024-04-30,513890,SH,225128000.0
2024-04-30,513900,SH,209978000.0
2024-04-30,513910,SH,110276000.0
2024-04-30,513920,SH,125731000.0
2024-04-30,513950,SH,289119000.0
2024-04-30,513960,SH,65932299.99999999
2024-04-30,513970,SH,275041000.0
2024-04-30,513980,SH,7159204000.0
2024-04-30,513990,SH,73000000.0
2024-04-30,515000,SH,2531289700.0
2024-04-30,515010,SH,741271600.0
2024-04-30,515020,SH,382845300.0
2024-04-30,515030,SH,5534384000.0
2024-04-30,515050,SH,7747068500.0
2024-04-30,515060,SH,690478100.0
2024-04-30,515070,SH,2623970200.0
2024-04-30,515080,SH,3326148900.0
2024-04-30,515090,SH,43801700.0
2024-04-30,515100,SH,5888941500.0
2024-04-30,515110,SH,226295000.0
2024-04-30,515120,SH,6047993600.0
2024-04-30,515130,SH,91463200.0
2024-04-30,515150,SH,586703200.0
2024-04-30,515160,SH,621955100.0
2024-04-30,515170,SH,4651757900.0
2024-04-30,515180,SH,4452637000.0
2024-04-30,515190,SH,57466100.0
2024-04-30,515200,SH,114943200.0
2024-04-30,515210,SH,912726100.0
2024-04-30,515220,SH,2642676900.0
2024-04-30,515230,SH,1199690900.0
2024-04-30,515250,SH,781944500.0
2024-04-30,515260,SH,761284200.0
2024-04-30,515280,SH,27618600.0
2024-04-30,515290,SH,3969252900.0
2024-04-30,515300,SH,1054175200.0
2024-04-30,515310,SH,286611200.0
2024-04-30,515320,SH,340309000.0
2024-04-30,515330,SH,8342709500.0
2024-04-30,515350,SH,22499200.0
2024-04-30,515360,SH,29779300.0
2024-04-30,515380,SH,884799800.0
2024-04-30,515390,SH,378683000.0
2024-04-30,515400,SH,2056631400.0
2024-04-30,515450,SH,1320335000.0
2024-04-30,515530,SH,23442700.0
2024-04-30,515550,SH,29345700.0
2024-04-30,515560,SH,520883300.0
2024-04-30,515580,SH,582031400.0
2024-04-30,515590,SH,20113700.0
2024-04-30,515600,SH,1713797400.0
2024-04-30,515630,SH,103717700.0
2024-04-30,515650,SH,1739184000.0
2024-04-30,515660,SH,1295794200.0
2024-04-30,515670,SH,37822500.0
2024-04-30,515680,SH,1584264700.0
2024-04-30,515700,SH,2325510200.0
2024-04-30,515710,SH,1244599800.0
2024-04-30,515750,SH,524140500.0
2024-04-30,515760,SH,192388100.0
2024-04-30,515770,SH,72727300.0
2024-04-30,515780,SH,14785200.0
2024-04-30,515790,SH,11821494000.0
2024-04-30,515800,SH,7525687200.0
2024-04-30,515810,SH,182908800.0
2024-04-30,515850,SH,210791000.0
2024-04-30,515860,SH,164878900.0
2024-04-30,515880,SH,2700462300.0
2024-04-30,515890,SH,670443900.0
2024-04-30,515900,SH,3881646500.0
2024-04-30,515910,SH,479507000.0
2024-04-30,515920,SH,275905700.0
2024-04-30,515950,SH,903200600.0
2024-04-30,515960,SH,338991900.0
2024-04-30,515980,SH,1985064500.0
2024-04-30,515990,SH,93350200.0
2024-04-30,516000,SH,200855000.0
2024-04-30,516010,SH,2446693000.0
2024-04-30,516020,SH,717826200.0
2024-04-30,516050,SH,721228000.0
2024-04-30,516060,SH,260237400.00000003
2024-04-30,516070,SH,722646000.0
2024-04-30,516080,SH,526554800.00000006
2024-04-30,516090,SH,2162844800.0
2024-04-30,516100,SH,59759700.0
2024-04-30,516110,SH,1062623100.0
2024-04-30,516120,SH,319082000.0
2024-04-30,516130,SH,89890000.0
2024-04-30,516150,SH,1731577000.0
2024-04-30,516160,SH,9420304000.0
2024-04-30,516180,SH,120987000.0
2024-04-30,516190,SH,17018500.0
2024-04-30,516200,SH,415604000.0
2024-04-30,516210,SH,184031000.0
2024-04-30,516220,SH,253170000.0
2024-04-30,516260,SH,141882600.0
2024-04-30,516270,SH,548909000.0
2024-04-30,516290,SH,355196900.0
2024-04-30,516300,SH,136602200.0
2024-04-30,516310,SH,110358500.0
2024-04-30,516320,SH,90589300.0
2024-04-30,516330,SH,52871300.0
2024-04-30,516350,SH,565415300.0
2024-04-30,516360,SH,143551800.0
2024-04-30,516380,SH,188449300.0
2024-04-30,516390,SH,686761000.0
2024-04-30,516480,SH,27146100.0
2024-04-30,516500,SH,162937200.0
2024-04-30,516510,SH,1615890000.0
2024-04-30,516520,SH,177765500.0
2024-04-30,516530,SH,89302300.0
2024-04-30,516550,SH,294414400.0
2024-04-30,516560,SH,94258000.0
2024-04-30,516570,SH,48357600.0
2024-04-30,516580,SH,246124100.0
2024-04-30,516590,SH,147015000.0
2024-04-30,516600,SH,161332100.0
2024-04-30,516610,SH,116974800.0
2024-04-30,516620,SH,78267500.0
2024-04-30,516630,SH,176156000.0
2024-04-30,516640,SH,2046582800.0
2024-04-30,516650,SH,107464800.0
2024-04-30,516660,SH,466689000.0
2024-04-30,516670,SH,948266300.0
2024-04-30,516690,SH,63743000.0
2024-04-30,516700,SH,60622000.0
2024-04-30,516710,SH,178272000.0
2024-04-30,516720,SH,45337800.0
2024-04-30,516730,SH,68880800.0
2024-04-30,516750,SH,107167300.0
2024-04-30,516760,SH,250215100.0
2024-04-30,516770,SH,161848000.0
2024-04-30,516780,SH,713549800.0
2024-04-30,516790,SH,199582200.0
2024-04-30,516800,SH,243154000.0
2024-04-30,516810,SH,193478900.0
2024-04-30,516820,SH,3288415200.0
2024-04-30,516830,SH,229676900.0
2024-04-30,516850,SH,121237000.0
2024-04-30,516860,SH,154522000.0
2024-04-30,516880,SH,1191944100.0
2024-04-30,516890,SH,62311400.0
2024-04-30,516900,SH,47729000.0
2024-04-30,516910,SH,89641800.0
2024-04-30,516920,SH,678963000.0
2024-04-30,516930,SH,74639600.0
2024-04-30,516950,SH,732821000.0
2024-04-30,516960,SH,86051100.0
2024-04-30,516970,SH,3406042500.0
2024-04-30,516980,SH,30016000.0
2024-04-30,517000,SH,577793000.0
2024-04-30,517010,SH,66144200.0
2024-04-30,517030,SH,60040300.0
2024-04-30,517050,SH,819605000.0
2024-04-30,517080,SH,677166000.0
2024-04-30,517090,SH,641075000.0
2024-04-30,517100,SH,422602100.0
2024-04-30,517110,SH,317098500.0
2024-04-30,517120,SH,680966400.0
2024-04-30,517160,SH,2040777500.0
2024-04-30,517170,SH,41131800.0
2024-04-30,517180,SH,1041496300.0
2024-04-30,517200,SH,237782000.0
2024-04-30,517270,SH,17091600.0
2024-04-30,517280,SH,45552500.0
2024-04-30,517300,SH,2865434500.0
2024-04-30,517330,SH,1997169000.0
2024-04-30,517350,SH,175042000.0
2024-04-30,517360,SH,86583000.0
2024-04-30,517380,SH,516326300.0
2024-04-30,517390,SH,61112600.0
2024-04-30,517520,SH,578404000.0
2024-04-30,517550,SH,38417400.0
2024-04-30,517660,SH,51880700.0
2024-04-30,517760,SH,3552600.0
2024-04-30,517770,SH,27947800.000000004
2024-04-30,517800,SH,194539700.0
2024-04-30,517850,SH,162185200.0
2024-04-30,517880,SH,49337100.0
2024-04-30,517900,SH,49993500.0
2024-04-30,517960,SH,88182000.0
2024-04-30,517990,SH,37987900.0
2024-04-30,518600,SH,27193600.0
2024-04-30,518660,SH,40052700.0
2024-04-30,518680,SH,79958000.0
2024-04-30,518800,SH,742619900.0
2024-04-30,518850,SH,82578700.00000001
2024-04-30,518860,SH,23559800.0
2024-04-30,518880,SH,3609040800.0
2024-04-30,518890,SH,11054800.0
2024-04-30,560000,SH,21022900.0
2024-04-30,560010,SH,6093621700.0
2024-04-30,560020,SH,48562000.0
2024-04-30,560030,SH,41432000.0
2024-04-30,560050,SH,7861934399.999999
2024-04-30,560060,SH,411090000.0
2024-04-30,560070,SH,733462300.0
2024-04-30,560080,SH,1755765000.0
2024-04-30,560090,SH,1267865000.0
2024-04-30,560100,SH,113580300.0
2024-04-30,560110,SH,403903500.0
2024-04-30,560150,SH,556279300.0
2024-04-30,560170,SH,2558495500.0
2024-04-30,560180,SH,95603000.0
2024-04-30,560220,SH,54717000.0
2024-04-30,560260,SH,1818664700.0
2024-04-30,560280,SH,69752000.0
2024-04-30,560300,SH,24803400.0
2024-04-30,560330,SH,51130000.0
2024-04-30,560350,SH,2701532100.0
2024-04-30,560500,SH,712339000.0
2024-04-30,560520,SH,66751000.0
2024-04-30,560550,SH,803597400.0
2024-04-30,560560,SH,149190100.0
2024-04-30,560580,SH,23003000.0
2024-04-30,560590,SH,46710000.0
2024-04-30,560650,SH,16919200.0
2024-04-30,560660,SH,113969000.0
2024-04-30,560680,SH,53225600.00000001
2024-04-30,560690,SH,85639000.0
2024-04-30,560700,SH,832536900.0
2024-04-30,560780,SH,98496000.0
2024-04-30,560800,SH,1651951099.9999998
2024-04-30,560850,SH,89164000.0
2024-04-30,560860,SH,332233000.0
2024-04-30,560880,SH,516232000.0
2024-04-30,560900,SH,232969100.0
2024-04-30,560950,SH,43483000.0
2024-04-30,560960,SH,74598900.0
2024-04-30,560980,SH,301522000.0
2024-04-30,560990,SH,63187100.0
2024-04-30,561000,SH,62420000.0
2024-04-30,561010,SH,55356000.0
2024-04-30,561060,SH,33065000.0
2024-04-30,561100,SH,535746900.0
2024-04-30,561120,SH,128659900.0
2024-04-30,561130,SH,307935200.0
2024-04-30,561160,SH,1688335000.0
2024-04-30,561170,SH,177532700.0
2024-04-30,561180,SH,45609600.0
2024-04-30,561190,SH,1307318000.0
2024-04-30,561200,SH,55470500.0
2024-04-30,561230,SH,656477800.0
2024-04-30,561260,SH,184495200.0
2024-04-30,561280,SH,48847700.00000001
2024-04-30,561300,SH,2389965000.0
2024-04-30,561310,SH,152916600.0
2024-04-30,561320,SH,98369000.0
2024-04-30,561330,SH,56696100.0
2024-04-30,561350,SH,247700000.0
2024-04-30,561360,SH,86148000.0
2024-04-30,561370,SH,50356000.0
2024-04-30,561500,SH,113100300.0
2024-04-30,561510,SH,92206000.0
2024-04-30,561550,SH,1070989600.0
2024-04-30,561560,SH,160124200.0
2024-04-30,561580,SH,450870700.0
2024-04-30,561590,SH,63999600.0
2024-04-30,561600,SH,132274000.0
2024-04-30,561700,SH,105313600.0
2024-04-30,561710,SH,65596100.0
2024-04-30,561760,SH,105195000.0
2024-04-30,561780,SH,24955800.0
2024-04-30,561790,SH,71934000.0
2024-04-30,561800,SH,170577200.0
2024-04-30,561900,SH,74334400.0
2024-04-30,561910,SH,875076600.0
2024-04-30,561920,SH,34692000.0
2024-04-30,561950,SH,100656000.0
2024-04-30,561960,SH,151785200.0
2024-04-30,561980,SH,122110000.0
2024-04-30,561990,SH,604649200.0
2024-04-30,562000,SH,784368900.0
2024-04-30,562010,SH,34298700.0
2024-04-30,562030,SH,54486899.99999999
2024-04-30,562060,SH,305396300.0
2024-04-30,562300,SH,152495000.0
2024-04-30,562310,SH,1402572300.0
2024-04-30,562320,SH,46295500.0
2024-04-30,562330,SH,36018900.0
2024-04-30,562350,SH,26410900.0
2024-04-30,562360,SH,85474000.0
2024-04-30,562380,SH,259128900.0
2024-04-30,562390,SH,65429000.0
2024-04-30,562500,SH,1438187300.0
2024-04-30,562510,SH,1071595000.0
2024-04-30,562520,SH,58568000.0
2024-04-30,562530,SH,59144000.0
2024-04-30,562550,SH,51919300.0
2024-04-30,562560,SH,69265500.0
2024-04-30,562570,SH,144281000.0
2024-04-30,562580,SH,31723300.0
2024-04-30,562590,SH,50663000.0
2024-04-30,562600,SH,71937400.0
2024-04-30,562660,SH,86874000.0
2024-04-30,562800,SH,1838695000.0
2024-04-30,562820,SH,122136000.0
2024-04-30,562850,SH,180981500.0
2024-04-30,562860,SH,520895000.0
2024-04-30,562880,SH,517399600.0
2024-04-30,562890,SH,681551000.0
2024-04-30,562900,SH,76706300.0
2024-04-30,562910,SH,157227300.0
2024-04-30,562920,SH,25069000.0
2024-04-30,562930,SH,40437000.0
2024-04-30,562950,SH,134258300.0
2024-04-30,562960,SH,36391000.0
2024-04-30,562990,SH,1997756000.0
2024-04-30,563000,SH,6333451100.0
2024-04-30,563010,SH,32189300.0
2024-04-30,563020,SH,382910000.0
2024-04-30,563030,SH,269669000.0
2024-04-30,563050,SH,433208400.0
2024-04-30,563080,SH,1752588400.0
2024-04-30,563200,SH,55458800.0
2024-04-30,563280,SH,36206600.0
2024-04-30,563300,SH,1118674000.0
2024-04-30,563330,SH,167421000.0
2024-04-30,563350,SH,959997600.0
2024-04-30,588000,SH,92077168200.0
2024-04-30,588010,SH,147925800.0
2024-04-30,588020,SH,183791000.0
2024-04-30,588030,SH,6551838100.000001
2024-04-30,588050,SH,9733241300.0
2024-04-30,588060,SH,8851140000.0
2024-04-30,588080,SH,45316628099.99999
2024-04-30,588090,SH,5173272800.0
2024-04-30,588100,SH,308748700.0
2024-04-30,588110,SH,175758000.0
2024-04-30,588120,SH,1869811000.0
2024-04-30,588150,SH,297932600.0
2024-04-30,588160,SH,135996000.0
2024-04-30,588180,SH,5634853700.0
2024-04-30,588190,SH,2107618300.0
2024-04-30,588200,SH,4953894800.0
2024-04-30,588210,SH,260754000.0
2024-04-30,588220,SH,5734697900.0
2024-04-30,588260,SH,106746000.0
2024-04-30,588280,SH,428121000.0
2024-04-30,588290,SH,948897000.0
2024-04-30,588300,SH,2647210500.0
2024-04-30,588310,SH,67837500.0
2024-04-30,588320,SH,17824600.0
2024-04-30,588330,SH,1913737800.0
2024-04-30,588350,SH,1826546000.0
2024-04-30,588360,SH,983481800.0
2024-04-30,588370,SH,193272000.0
2024-04-30,588380,SH,4070770000.0
2024-04-30,588390,SH,488935900.0
2024-04-30,588400,SH,3483600600.0
2024-04-30,588460,SH,565514000.0
2024-04-30,588700,SH,85336200.00000001
2024-04-30,588800,SH,4742377000.0
2024-04-30,588880,SH,471368000.0
2024-04-30,588890,SH,23810000.0
2024-04-30,588900,SH,394783000.0
2024-05-31,510010,SH,207524400.0
2024-05-31,510020,SH,37448000.0
2024-05-31,510030,SH,162229800.0
2024-05-31,510050,SH,45282366800.0
2024-05-31,510060,SH,54959200.0
2024-05-31,510090,SH,31081100.0
2024-05-31,510100,SH,2875219900.0
2024-05-31,510130,SH,49885100.0
2024-05-31,510150,SH,1737178599.9999998
2024-05-31,510160,SH,324057400.0
2024-05-31,510170,SH,252914800.0
2024-05-31,510180,SH,5815057700.0
2024-05-31,510190,SH,41650800.0
2024-05-31,510200,SH,71385500.0
2024-05-31,510210,SH,7937192600.0
2024-05-31,510230,SH,3258808000.0
2024-05-31,510270,SH,15832100.0
2024-05-31,510290,SH,88448900.0
2024-05-31,510300,SH,56018287699.99999
2024-05-31,510310,SH,77580307400.0
2024-05-31,510330,SH,26620449800.0
2024-05-31,510350,SH,892914700.0
2024-05-31,510360,SH,2690381200.0
2024-05-31,510370,SH,96258100.0
2024-05-31,510380,SH,1422802400.0
2024-05-31,510390,SH,141950000.0
2024-05-31,510410,SH,497258400.0
2024-05-31,510500,SH,13589368600.000002
2024-05-31,510510,SH,1885038300.0
2024-05-31,510530,SH,46979399.99999999
2024-05-31,510550,SH,15743300.0
2024-05-31,510560,SH,130318700.0
2024-05-31,510570,SH,28060600.0
2024-05-31,510580,SH,4159965200.0
2024-05-31,510590,SH,145186100.0
2024-05-31,510600,SH,15115100.0
2024-05-31,510630,SH,245361500.0
2024-05-31,510650,SH,18452500.0
2024-05-31,510660,SH,45379700.0
2024-05-31,510680,SH,84124700.0
2024-05-31,510710,SH,178418900.0
2024-05-31,510720,SH,194766000.0
2024-05-31,510760,SH,1769503700.0
2024-05-31,510770,SH,42610700.0
2024-05-31,510800,SH,562576000.0
2024-05-31,510810,SH,8793093700.0
2024-05-31,510850,SH,63498900.0
2024-05-31,510880,SH,5612675699.999999
2024-05-31,510900,SH,12818021900.0
2024-05-31,510950,SH,88200000.0
2024-05-31,510980,SH,113798000.0
2024-05-31,510990,SH,52948600.0
2024-05-31,511010,SH,13436300.000000002
2024-05-31,511020,SH,10052500.0
2024-05-31,511030,SH,1069407100.0
2024-05-31,511060,SH,6706300.0
2024-05-31,511090,SH,18628100.0
2024-05-31,511100,SH,2090500.0
2024-05-31,511130,SH,18119700.0
2024-05-31,511180,SH,67659700.0
2024-05-31,511220,SH,830481400.0
2024-05-31,511260,SH,10256500.0
2024-05-31,511270,SH,9127500.0
2024-05-31,511360,SH,295266600.0
2024-05-31,511380,SH,846386700.0
2024-05-31,511520,SH,137806500.0
2024-05-31,511580,SH,1716800.0
2024-05-31,512000,SH,25026917700.0
2024-05-31,512010,SH,49381694900.0
2024-05-31,512040,SH,2035715900.0
2024-05-31,512070,SH,9031479700.0
2024-05-31,512090,SH,309592300.0
2024-05-31,512100,SH,11317217600.0
2024-05-31,512120,SH,822241900.0
2024-05-31,512150,SH,47073400.0
2024-05-31,512160,SH,285777800.0
2024-05-31,512170,SH,68888820500.0
2024-05-31,512180,SH,86048000.0
2024-05-31,512190,SH,38418400.0
2024-05-31,512200,SH,8847876000.0
2024-05-31,512220,SH,257967600.0
2024-05-31,512260,SH,55697700.00000001
2024-05-31,512280,SH,36005700.0
2024-05-31,512290,SH,4119820700.0
2024-05-31,512330,SH,568188000.0
2024-05-31,512360,SH,54337700.00000001
2024-05-31,512380,SH,117805600.0
2024-05-31,512390,SH,168682000.0
2024-05-31,512400,SH,4279539000.0
2024-05-31,512480,SH,30021003600.0
2024-05-31,512500,SH,4561608800.0
2024-05-31,512510,SH,380929800.00000006
2024-05-31,512520,SH,78056400.0
2024-05-31,512530,SH,65502000.0
2024-05-31,512550,SH,207906000.0
2024-05-31,512560,SH,1084127000.0
2024-05-31,512570,SH,463806100.0
2024-05-31,512580,SH,1479871700.0000002
2024-05-31,512600,SH,501356100.0
2024-05-31,512640,SH,33240900.0
2024-05-31,512650,SH,428941600.00000006
2024-05-31,512660,SH,8643080000.0
2024-05-31,512670,SH,3474652600.0
2024-05-31,512680,SH,3426530100.0
2024-05-31,512690,SH,13830150200.0
2024-05-31,512700,SH,877081000.0
2024-05-31,512710,SH,8450658400.0
2024-05-31,512720,SH,1475453400.0
2024-05-31,512730,SH,64583900.0
2024-05-31,512750,SH,103254900.0
2024-05-31,512760,SH,15690322800.0
2024-05-31,512770,SH,186767800.0
2024-05-31,512800,SH,4903340000.0
2024-05-31,512810,SH,495791700.0
2024-05-31,512820,SH,235001900.0
2024-05-31,512870,SH,32410600.0
2024-05-31,512880,SH,35568291500.0
2024-05-31,512890,SH,7931110800.0
2024-05-31,512900,SH,6930906000.0
2024-05-31,512910,SH,696628800.0
2024-05-31,512930,SH,908130300.0
2024-05-31,512950,SH,4407551000.0
2024-05-31,512960,SH,4278257300.0
2024-05-31,512970,SH,62987600.0
2024-05-31,512980,SH,5846924399.999999
2024-05-31,512990,SH,239015400.0
2024-05-31,513000,SH,591411400.0
2024-05-31,513010,SH,10300307000.0
2024-05-31,513020,SH,418145400.0
2024-05-31,513030,SH,655779000.0
2024-05-31,513040,SH,132841300.0
2024-05-31,513050,SH,35154432700.0
2024-05-31,513060,SH,30532893300.0
2024-05-31,513070,SH,84760800.0
2024-05-31,513080,SH,200916000.0
2024-05-31,513090,SH,3313488000.0
2024-05-31,513100,SH,9163110600.0
2024-05-31,513110,SH,474435000.0
2024-05-31,513120,SH,8168635400.0
2024-05-31,513130,SH,29361347000.0
2024-05-31,513140,SH,45368000.0
2024-05-31,513150,SH,197559800.0
2024-05-31,513160,SH,106189300.0
2024-05-31,513170,SH,229573000.0
2024-05-31,513180,SH,42445759500.0
2024-05-31,513190,SH,171936000.0
2024-05-31,513200,SH,2262282100.0
2024-05-31,513210,SH,65942000.0
2024-05-31,513220,SH,96109400.0
2024-05-31,513230,SH,79422700.0
2024-05-31,513260,SH,877243000.0
2024-05-31,513280,SH,289114500.0
2024-05-31,513290,SH,731572100.0000001
2024-05-31,513300,SH,2456171000.0
2024-05-31,513310,SH,325427000.0
2024-05-31,513320,SH,70010600.0
2024-05-31,513330,SH,77039480000.0
2024-05-31,513350,SH,62746000.0
2024-05-31,513360,SH,1112713900.0
2024-05-31,513380,SH,2731892500.0
2024-05-31,513390,SH,970379100.0
2024-05-31,513400,SH,651062000.0
2024-05-31,513500,SH,7254638600.0
2024-05-31,513520,SH,640387200.0
2024-05-31,513530,SH,326438700.0
2024-05-31,513550,SH,3679992000.0
2024-05-31,513560,SH,143386000.0
2024-05-31,513580,SH,2589118000.0
2024-05-31,513590,SH,102618900.0
2024-05-31,513600,SH,564829500.0
2024-05-31,513630,SH,1719359000.0
2024-05-31,513650,SH,650734000.0
2024-05-31,513660,SH,1793000100.0
2024-05-31,513690,SH,1886979900.0
2024-05-31,513700,SH,1782846000.0
2024-05-31,513730,SH,330355000.0
2024-05-31,513750,SH,381338000.0
2024-05-31,513770,SH,1939068900.0
2024-05-31,513800,SH,829044400.0
2024-05-31,513810,SH,33992000.0
2024-05-31,513820,SH,197669000.0
2024-05-31,513850,SH,613892600.0
2024-05-31,513860,SH,1755470600.0
2024-05-31,513870,SH,154671000.0
2024-05-31,513880,SH,1659470000.0
2024-05-31,513890,SH,217128000.0
2024-05-31,513900,SH,205978000.0
2024-05-31,513910,SH,179276000.0
2024-05-31,513920,SH,167731000.0
2024-05-31,513950,SH,352119000.0
2024-05-31,513960,SH,61932299.99999999
2024-05-31,513970,SH,273041000.0
2024-05-31,513980,SH,7094204000.0
2024-05-31,513990,SH,70000000.0
2024-05-31,515000,SH,2545289700.0
2024-05-31,515010,SH,782271600.0
2024-05-31,515020,SH,383345300.0
2024-05-31,515030,SH,5376384000.0
2024-05-31,515050,SH,7631068500.0
2024-05-31,515060,SH,802478100.0
2024-05-31,515070,SH,2653970200.0
2024-05-31,515080,SH,3396148900.0
2024-05-31,515090,SH,39801700.0
2024-05-31,515100,SH,5430941500.0
2024-05-31,515110,SH,221295000.0
2024-05-31,515120,SH,5826993600.0
2024-05-31,515130,SH,88463200.0
2024-05-31,515150,SH,563703200.0
2024-05-31,515160,SH,617955100.0
2024-05-31,515170,SH,4818257900.0
2024-05-31,515180,SH,4450637000.0
2024-05-31,515190,SH,57466100.0
2024-05-31,515200,SH,115943200.0
2024-05-31,515210,SH,891226100.0
2024-05-31,515220,SH,2171676900.0
2024-05-31,515230,SH,1303690900.0
2024-05-31,515250,SH,784944500.0
2024-05-31,515260,SH,775284200.0
2024-05-31,515280,SH,27018600.0
2024-05-31,515290,SH,3793972900.0
2024-05-31,515300,SH,1426175200.0
2024-05-31,515310,SH,272611200.0
2024-05-31,515320,SH,338309000.0
2024-05-31,515330,SH,8786709500.0
2024-05-31,515350,SH,22499200.0
2024-05-31,515360,SH,28279300.0
2024-05-31,515380,SH,860499800.0
2024-05-31,515390,SH,374683000.0
2024-05-31,515400,SH,1700631400.0000002
2024-05-31,515450,SH,1623835000.0
2024-05-31,515530,SH,21842700.0
2024-05-31,515550,SH,29345700.0
2024-05-31,515560,SH,517883300.0
2024-05-31,515580,SH,600031400.0
2024-05-31,515590,SH,20113700.0
2024-05-31,515600,SH,1615797400.0
2024-05-31,515630,SH,105217700.0
2024-05-31,515650,SH,1381184000.0
2024-05-31,515660,SH,1315594200.0000002
2024-05-31,515670,SH,37822500.0
2024-05-31,515680,SH,1527264700.0
2024-05-31,515700,SH,2314510200.0
2024-05-31,515710,SH,1168099800.0
2024-05-31,515750,SH,556140500.0
2024-05-31,515760,SH,190388100.0
2024-05-31,515770,SH,72727300.0
2024-05-31,515780,SH,14785200.0
2024-05-31,515790,SH,12583494000.0
2024-05-31,515800,SH,7668187200.0
2024-05-31,515810,SH,173908800.0
2024-05-31,515850,SH,138791000.0
2024-05-31,515860,SH,162878900.0
2024-05-31,515880,SH,2687462300.0
2024-05-31,515890,SH,908443900.0
2024-05-31,515900,SH,3366646500.0
2024-05-31,515910,SH,479507000.0
2024-05-31,515920,SH,260905700.0
2024-05-31,515950,SH,828200600.0
2024-05-31,515960,SH,328991900.0
2024-05-31,515980,SH,2235064500.0
2024-05-31,515990,SH,90350200.0
2024-05-31,516000,SH,210855000.0
2024-05-31,516010,SH,2809693000.0
2024-05-31,516020,SH,726326200.0
2024-05-31,516050,SH,716228000.0
2024-05-31,516060,SH,266237400.00000003
2024-05-31,516070,SH,718646000.0
2024-05-31,516080,SH,535554800.00000006
2024-05-31,516090,SH,2134844800.0
2024-05-31,516100,SH,66759700.0
2024-05-31,516110,SH,650623100.0
2024-05-31,516120,SH,328082000.0
2024-05-31,516130,SH,90890000.0
2024-05-31,516150,SH,1729077000.0
2024-05-31,516160,SH,9342304000.0
2024-05-31,516180,SH,115987000.0
2024-05-31,516190,SH,17618500.0
2024-05-31,516200,SH,415604000.0
2024-05-31,516210,SH,152531000.0
2024-05-31,516220,SH,258170000.0
2024-05-31,516260,SH,139882600.0
2024-05-31,516270,SH,560909000.0
2024-05-31,516290,SH,365196900.0
2024-05-31,516300,SH,121602200.0
2024-05-31,516310,SH,100458500.0
2024-05-31,516320,SH,88589300.0
2024-05-31,516330,SH,51671300.0
2024-05-31,516350,SH,606415300.0
2024-05-31,516360,SH,142551800.0
2024-05-31,516380,SH,183449300.0
2024-05-31,516390,SH,661261000.0
2024-05-31,516480,SH,24146100.0
2024-05-31,516500,SH,161937200.0
2024-05-31,516510,SH,1582890000.0
2024-05-31,516520,SH,181765500.0
2024-05-31,516530,SH,85302300.0
2024-05-31,516550,SH,264414400.0
2024-05-31,516560,SH,92258000.0
2024-05-31,516570,SH,47357600.0
2024-05-31,516580,SH,247124100.0
2024-05-31,516590,SH,145015000.0
2024-05-31,516600,SH,155332100.0
2024-05-31,516610,SH,111974800.0
2024-05-31,516620,SH,80267500.0
2024-05-31,516630,SH,181156000.0
2024-05-31,516640,SH,2056482800.0
2024-05-31,516650,SH,108464800.0
2024-05-31,516660,SH,455689000.0
2024-05-31,516670,SH,935266300.0
2024-05-31,516690,SH,53743000.0
2024-05-31,516700,SH,64122000.0
2024-05-31,516710,SH,176272000.0
2024-05-31,516720,SH,42337800.0
2024-05-31,516730,SH,73880800.0
2024-05-31,516750,SH,108667300.0
2024-05-31,516760,SH,229215100.0
2024-05-31,516770,SH,189448000.0
2024-05-31,516780,SH,758549800.0
2024-05-31,516790,SH,198282200.0
2024-05-31,516800,SH,243154000.0
2024-05-31,516810,SH,188478900.0
2024-05-31,516820,SH,3385415200.0
2024-05-31,516830,SH,234676900.0
2024-05-31,516850,SH,121237000.0
2024-05-31,516860,SH,145522000.0
2024-05-31,516880,SH,1203944100.0
2024-05-31,516890,SH,62311400.0
2024-05-31,516900,SH,40229000.0
2024-05-31,516910,SH,111141800.0
2024-05-31,516920,SH,698463000.0
2024-05-31,516930,SH,74639600.0
2024-05-31,516950,SH,642821000.0
2024-05-31,516960,SH,77051100.0
2024-05-31,516970,SH,3261542500.0
2024-05-31,516980,SH,30516000.0
2024-05-31,517000,SH,562793000.0
2024-05-31,517010,SH,66144200.0
2024-05-31,517030,SH,66040300.0
2024-05-31,517050,SH,803605000.0
2024-05-31,517080,SH,617166000.0
2024-05-31,517090,SH,574075000.0
2024-05-31,517100,SH,449602100.0
2024-05-31,517110,SH,305098500.0
2024-05-31,517120,SH,668966400.0
2024-05-31,517160,SH,2034777500.0
2024-05-31,517170,SH,41131800.0
2024-05-31,517180,SH,797496300.0
2024-05-31,517200,SH,242782000.0
2024-05-31,517280,SH,33552500.0
2024-05-31,517300,SH,2835434500.0
2024-05-31,517330,SH,1999169000.0
2024-05-31,517350,SH,176542000.0
2024-05-31,517360,SH,82083000.0
2024-05-31,517380,SH,514326300.0
2024-05-31,517390,SH,60112600.0
2024-05-31,517400,SH,58792000.0
2024-05-31,517520,SH,837404000.0
2024-05-31,517550,SH,38417400.0
2024-05-31,517660,SH,50680700.0
2024-05-31,517770,SH,28947800.000000004
2024-05-31,517800,SH,187539700.0
2024-05-31,517850,SH,160185200.0
2024-05-31,517880,SH,47337100.0
2024-05-31,517900,SH,45993500.0
2024-05-31,517960,SH,88182000.0
2024-05-31,517990,SH,38987900.0
2024-05-31,518600,SH,36493600.0
2024-05-31,518660,SH,48452700.00000001
2024-05-31,518680,SH,88658000.0
2024-05-31,518800,SH,729119900.0
2024-05-31,518850,SH,86778700.00000001
2024-05-31,518860,SH,20859800.0
2024-05-31,518880,SH,3949840800.0
2024-05-31,518890,SH,10454800.0
2024-05-31,560000,SH,20022900.0
2024-05-31,560010,SH,5577621700.0
2024-05-31,560020,SH,65562000.0
2024-05-31,560030,SH,37432000.0
2024-05-31,560050,SH,7845934399.999999
2024-05-31,560060,SH,399090000.0
2024-05-31,560070,SH,703662300.0
2024-05-31,560080,SH,1765765000.0
2024-05-31,560090,SH,1280365000.0
2024-05-31,560100,SH,109080300.0
2024-05-31,560110,SH,370903500.0
2024-05-31,560150,SH,543279300.0
2024-05-31,560170,SH,2445995500.0
2024-05-31,560180,SH,93103000.0
2024-05-31,560220,SH,48717000.0
2024-05-31,560260,SH,1803664700.0
2024-05-31,560280,SH,114752000.0
2024-05-31,560300,SH,25803400.0
2024-05-31,560330,SH,37130000.0
2024-05-31,560350,SH,3649532100.0
2024-05-31,560500,SH,810339000.0
2024-05-31,560520,SH,15751000.0
2024-05-31,560550,SH,783597400.0
2024-05-31,560560,SH,144190100.0
2024-05-31,560580,SH,20003000.0
2024-05-31,560590,SH,37710000.0
2024-05-31,560650,SH,15419200.0
2024-05-31,560660,SH,110969000.0
2024-05-31,560680,SH,41225600.00000001
2024-05-31,560690,SH,23389000.0
2024-05-31,560700,SH,720036900.0
2024-05-31,560780,SH,105496000.0
2024-05-31,560800,SH,1663951099.9999998
2024-05-31,560850,SH,47164000.0
2024-05-31,560860,SH,317233000.0
2024-05-31,560880,SH,501232000.0
2024-05-31,560900,SH,232969100.0
2024-05-31,560950,SH,43483000.0
2024-05-31,560960,SH,70598900.0
2024-05-31,560980,SH,337522000.0
2024-05-31,560990,SH,48187100.0
2024-05-31,561000,SH,59920000.0
2024-05-31,561010,SH,55356000.0
2024-05-31,561060,SH,33565000.0
2024-05-31,561100,SH,404746900.0
2024-05-31,561120,SH,137659900.0
2024-05-31,561130,SH,295935200.0
2024-05-31,561160,SH,1686835000.0
2024-05-31,561170,SH,126032700.0
2024-05-31,561180,SH,39609600.0
2024-05-31,561190,SH,1238318000.0
2024-05-31,561200,SH,35470500.0
2024-05-31,561230,SH,820477800.0
2024-05-31,561260,SH,168095200.0
2024-05-31,561280,SH,42847700.00000001
2024-05-31,561300,SH,2296965000.0
2024-05-31,561310,SH,152916600.0
2024-05-31,561320,SH,102369000.0
2024-05-31,561330,SH,55696100.0
2024-05-31,561350,SH,199700000.0
2024-05-31,561360,SH,77148000.0
2024-05-31,561370,SH,34356000.0
2024-05-31,561500,SH,113100300.0
2024-05-31,561510,SH,86206000.0
2024-05-31,561550,SH,1064989600.0
2024-05-31,561560,SH,171624199.99999997
2024-05-31,561580,SH,402370700.0
2024-05-31,561590,SH,58999600.0
2024-05-31,561600,SH,130274000.0
2024-05-31,561700,SH,114813600.0
2024-05-31,561710,SH,65596100.0
2024-05-31,561760,SH,24195000.0
2024-05-31,561780,SH,22955800.0
2024-05-31,561790,SH,64934000.0
2024-05-31,561800,SH,170577200.0
2024-05-31,561900,SH,71334400.0
2024-05-31,561910,SH,930076600.0
2024-05-31,561920,SH,31692000.0
2024-05-31,561950,SH,97656000.0
2024-05-31,561960,SH,138985200.0
2024-05-31,561980,SH,159110000.0
2024-05-31,561990,SH,577649200.0
2024-05-31,562000,SH,762368900.0
2024-05-31,562010,SH,31298700.0
2024-05-31,562030,SH,55486899.99999999
2024-05-31,562060,SH,280396300.0
2024-05-31,562260,SH,116331500.0
2024-05-31,562300,SH,149495000.0
2024-05-31,562310,SH,1350572300.0
2024-05-31,562320,SH,40295500.0
2024-05-31,562330,SH,51018900.0
2024-05-31,562340,SH,75144300.0
2024-05-31,562350,SH,39410900.0
2024-05-31,562360,SH,84474000.0
2024-05-31,562380,SH,238128900.0
2024-05-31,562390,SH,65429000.0
2024-05-31,562500,SH,1349687300.0
2024-05-31,562510,SH,1222595000.0
2024-05-31,562520,SH,54568000.0
2024-05-31,562530,SH,59144000.0
2024-05-31,562550,SH,74419300.0
2024-05-31,562560,SH,49765500.0
2024-05-31,562570,SH,64281000.0
2024-05-31,562580,SH,19723300.0
2024-05-31,562590,SH,56663000.0
2024-05-31,562600,SH,77937400.0
2024-05-31,562660,SH,84874000.0
2024-05-31,562700,SH,72750000.0
2024-05-31,562800,SH,1850845000.0
2024-05-31,562820,SH,30136000.0
2024-05-31,562850,SH,164981500.0
2024-05-31,562860,SH,518895000.0
2024-05-31,562880,SH,568399600.0
2024-05-31,562890,SH,657551000.0
2024-05-31,562900,SH,72706300.0
2024-05-31,562910,SH,160227300.0
2024-05-31,562920,SH,26069000.0
2024-05-31,562930,SH,42437000.0
2024-05-31,562950,SH,134258300.0
2024-05-31,562960,SH,61891000.0
2024-05-31,562990,SH,1944756000.0
2024-05-31,563000,SH,6578451100.0
2024-05-31,563010,SH,33189300.0
2024-05-31,563020,SH,430910000.0
2024-05-31,563030,SH,260669000.0
2024-05-31,563050,SH,428208400.0
2024-05-31,563080,SH,2610588400.0
2024-05-31,563150,SH,192399000.0
2024-05-31,563180,SH,48420000.0
2024-05-31,563200,SH,41458800.0
2024-05-31,563280,SH,16206600.0
2024-05-31,563300,SH,863674000.0
2024-05-31,563330,SH,143421000.0
2024-05-31,563350,SH,1879997600.0
2024-05-31,588000,SH,91906168200.0
2024-05-31,588010,SH,147925800.0
2024-05-31,588020,SH,181791000.0
2024-05-31,588030,SH,6485838100.000001
2024-05-31,588050,SH,10055241300.0
2024-05-31,588060,SH,9445140000.0
2024-05-31,588080,SH,45292628099.99999
2024-05-31,588090,SH,5126472800.0
2024-05-31,588100,SH,315748700.0
2024-05-31,588110,SH,175758000.0
2024-05-31,588120,SH,1914811000.0
2024-05-31,588150,SH,305432600.0
2024-05-31,588160,SH,132996000.0
2024-05-31,588180,SH,5666353700.0
2024-05-31,588190,SH,2146618300.0
2024-05-31,588200,SH,5382894800.0
2024-05-31,588210,SH,303254000.0
2024-05-31,588220,SH,5766197900.0
2024-05-31,588260,SH,100746000.0
2024-05-31,588280,SH,444121000.0
2024-05-31,588290,SH,878897000.0
2024-05-31,588300,SH,2656210500.0
2024-05-31,588310,SH,66637500.0
2024-05-31,588320,SH,17824600.0
2024-05-31,588330,SH,1887737800.0
2024-05-31,588350,SH,1816546000.0
2024-05-31,588360,SH,969481800.0
2024-05-31,588370,SH,203272000.0
2024-05-31,588380,SH,3902770000.0
2024-05-31,588390,SH,473935900.0
2024-05-31,588400,SH,3492600600.0
2024-05-31,588450,SH,165568700.0
2024-05-31,588460,SH,567014000.0
2024-05-31,588700,SH,82836200.00000001
2024-05-31,588800,SH,4412377000.0
2024-05-31,588880,SH,468368000.0
2024-05-31,588890,SH,11810000.0
2024-05-31,588900,SH,364783000.0
2024-07-31,510010,SH,220524400.0
2024-07-31,510020,SH,38248000.0
2024-07-31,510030,SH,161729800.0
2024-07-31,510050,SH,50531166800.0
2024-07-31,510060,SH,54959200.0
2024-07-31,510090,SH,30081100.0
2024-07-31,510100,SH,2998219900.0
2024-07-31,510130,SH,50685100.0
2024-07-31,510150,SH,1827178600.0
2024-07-31,510160,SH,316057400.0
2024-07-31,510170,SH,232914800.0
2024-07-31,510180,SH,5806057700.0
2024-07-31,510190,SH,42150800.0
2024-07-31,510200,SH,72385500.0
2024-07-31,510210,SH,11444192600.0
2024-07-31,510230,SH,3203808000.0
2024-07-31,510270,SH,13832100.0
2024-07-31,510290,SH,90448900.0
2024-07-31,510300,SH,75285487700.0
2024-07-31,510310,SH,101676307400.0
2024-07-31,510330,SH,34384749800.0
2024-07-31,510350,SH,1155714700.0
2024-07-31,510360,SH,3617381200.0
2024-07-31,510370,SH,96258100.0
2024-07-31,510380,SH,1587802400.0
2024-07-31,510390,SH,142850000.0
2024-07-31,510410,SH,408258400.0
2024-07-31,510500,SH,17186968600.0
2024-07-31,510510,SH,1879038300.0
2024-07-31,510530,SH,45479399.99999999
2024-07-31,510550,SH,15743300.0
2024-07-31,510560,SH,130318700.0
2024-07-31,510570,SH,33060600.0
2024-07-31,510580,SH,4144965200.0
2024-07-31,510590,SH,147586100.0
2024-07-31,510600,SH,15715100.0
2024-07-31,510630,SH,253361500.0
2024-07-31,510650,SH,17452500.0
2024-07-31,510660,SH,46879700.0
2024-07-31,510680,SH,62524700.0
2024-07-31,510710,SH,183218900.0
2024-07-31,510720,SH,421766000.0
2024-07-31,510760,SH,3134503700.0
2024-07-31,510770,SH,42610700.0
2024-07-31,510800,SH,580576000.0
2024-07-31,510810,SH,8927093700.0
2024-07-31,510850,SH,74298900.0
2024-07-31,510880,SH,5672675699.999999
2024-07-31,510900,SH,13498021900.0
2024-07-31,510950,SH,91200000.0
2024-07-31,510980,SH,209798000.0
2024-07-31,510990,SH,52948600.0
2024-07-31,511010,SH,11946300.000000002
2024-07-31,511020,SH,10952500.0
2024-07-31,511030,SH,1089507100.0
2024-07-31,511060,SH,7196300.0
2024-07-31,511090,SH,19068100.0
2024-07-31,511100,SH,2060500.0
2024-07-31,511130,SH,15697700.0
2024-07-31,511180,SH,127859700.0
2024-07-31,511220,SH,1066481400.0
2024-07-31,511260,SH,12906500.0
2024-07-31,511270,SH,10327500.0
2024-07-31,511360,SH,299700600.0
2024-07-31,511380,SH,1502686700.0000002
2024-07-31,511520,SH,232576500.0
2024-07-31,511580,SH,1966800.0
2024-07-31,512000,SH,24816917700.0
2024-07-31,512010,SH,51788694900.0
2024-07-31,512040,SH,2474715900.0
2024-07-31,512070,SH,9204479700.0
2024-07-31,512090,SH,307592300.0
2024-07-31,512100,SH,18167217600.0
2024-07-31,512120,SH,863241900.0
2024-07-31,512150,SH,46073400.0
2024-07-31,512160,SH,279777800.0
2024-07-31,512170,SH,74339820500.0
2024-07-31,512180,SH,82048000.0
2024-07-31,512190,SH,32118400.0
2024-07-31,512200,SH,9711876000.0
2024-07-31,512220,SH,241467600.0
2024-07-31,512260,SH,50097700.00000001
2024-07-31,512280,SH,40005700.0
2024-07-31,512290,SH,4202820700.0
2024-07-31,512330,SH,566688000.0
2024-07-31,512360,SH,51337700.00000001
2024-07-31,512380,SH,120805600.0
2024-07-31,512390,SH,180682000.0
2024-07-31,512400,SH,4177039000.0
2024-07-31,512480,SH,29493003600.0
2024-07-31,512500,SH,4576808800.0
2024-07-31,512510,SH,394429800.00000006
2024-07-31,512520,SH,78056400.0
2024-07-31,512530,SH,74502000.0
2024-07-31,512550,SH,215906000.0
2024-07-31,512560,SH,1106127000.0
2024-07-31,512570,SH,481806100.0
2024-07-31,512580,SH,1451671700.0000002
2024-07-31,512600,SH,509156100.0
2024-07-31,512640,SH,34240900.0
2024-07-31,512650,SH,410941600.00000006
2024-07-31,512660,SH,8947080000.0
2024-07-31,512670,SH,3431652600.0
2024-07-31,512680,SH,3625730100.0
2024-07-31,512690,SH,14544050200.0
2024-07-31,512700,SH,772081000.0
2024-07-31,512710,SH,8079658400.0
2024-07-31,512720,SH,1422453400.0
2024-07-31,512730,SH,62083900.0
2024-07-31,512750,SH,98754900.0
2024-07-31,512760,SH,15109522800.0
2024-07-31,512770,SH,174767800.0
2024-07-31,512800,SH,3580640000.0
2024-07-31,512810,SH,455791700.0
2024-07-31,512820,SH,223001900.0
2024-07-31,512870,SH,32410600.0
2024-07-31,512880,SH,34706291500.0
2024-07-31,512890,SH,8241110800.0
2024-07-31,512900,SH,7399906000.0
2024-07-31,512910,SH,696628800.0
2024-07-31,512930,SH,796130300.0
2024-07-31,512950,SH,4343551000.0
2024-07-31,512960,SH,4063257300.0
2024-07-31,512970,SH,60987600.0
2024-07-31,512980,SH,5804924399.999999
2024-07-31,512990,SH,237015400.0
2024-07-31,513000,SH,659911400.0
2024-07-31,513010,SH,11758307000.0
2024-07-31,513020,SH,416145400.0
2024-07-31,513030,SH,800279000.0
2024-07-31,513040,SH,157341300.0
2024-07-31,513050,SH,34416432700.0
2024-07-31,513060,SH,31337893300.0
2024-07-31,513070,SH,84760800.0
2024-07-31,513080,SH,368916000.0
2024-07-31,513090,SH,3378988000.0
2024-07-31,513100,SH,9352110600.0
2024-07-31,513110,SH,1135435000.0
2024-07-31,513120,SH,8521635400.0
2024-07-31,513130,SH,31119347000.0
2024-07-31,513140,SH,56368000.0
2024-07-31,513150,SH,180559800.0
2024-07-31,513160,SH,111189300.0
2024-07-31,513170,SH,334573000.0
2024-07-31,513180,SH,42988759500.0
2024-07-31,513190,SH,183936000.0
2024-07-31,513200,SH,2433282100.0
2024-07-31,513210,SH,47942000.0
2024-07-31,513220,SH,96109400.0
2024-07-31,513230,SH,76422700.0
2024-07-31,513260,SH,973243000.0
2024-07-31,513280,SH,299114500.0
2024-07-31,513290,SH,950572100.0
2024-07-31,513300,SH,2486171000.0
2024-07-31,513310,SH,612427000.0
2024-07-31,513320,SH,51010600.00000001
2024-07-31,513330,SH,77577480000.0
2024-07-31,513350,SH,142746000.0
2024-07-31,513360,SH,1048213900.0
2024-07-31,513380,SH,2792392500.0
2024-07-31,513390,SH,1145379100.0
2024-07-31,513400,SH,1030062000.0
2024-07-31,513500,SH,7451638600.0
2024-07-31,513520,SH,660887200.0
2024-07-31,513530,SH,483438700.0
2024-07-31,513550,SH,3232992000.0
2024-07-31,513560,SH,137386000.0
2024-07-31,513580,SH,3246118000.0
2024-07-31,513590,SH,119718900.0
2024-07-31,513600,SH,637829500.0
2024-07-31,513630,SH,2143359000.0
2024-07-31,513650,SH,1012734000.0
2024-07-31,513660,SH,1858000100.0
2024-07-31,513690,SH,2404479900.0
2024-07-31,513700,SH,1716846000.0
2024-07-31,513730,SH,659355000.0
2024-07-31,513750,SH,330838000.0
2024-07-31,513770,SH,2108568900.0
2024-07-31,513800,SH,869444400.0
2024-07-31,513810,SH,33992000.0
2024-07-31,513820,SH,519669000.0
2024-07-31,513850,SH,832892600.0
2024-07-31,513860,SH,1710470600.0
2024-07-31,513870,SH,686671000.0
2024-07-31,513880,SH,1696470000.0
2024-07-31,513890,SH,244128000.0
2024-07-31,513900,SH,193978000.0
2024-07-31,513910,SH,279276000.0
2024-07-31,513920,SH,243731000.0
2024-07-31,513950,SH,389619000.0
2024-07-31,513960,SH,35932300.0
2024-07-31,513970,SH,247041000.0
2024-07-31,513980,SH,7208204000.0
2024-07-31,513990,SH,64000000.0
2024-07-31,515000,SH,2502289700.0
2024-07-31,515010,SH,778271600.0
2024-07-31,515020,SH,266845300.0
2024-07-31,515030,SH,4979384000.0
2024-07-31,515050,SH,7273068500.0
2024-07-31,515060,SH,734478100.0
2024-07-31,515070,SH,2491970200.0
2024-07-31,515080,SH,3972148900.0
2024-07-31,515090,SH,38801700.0
2024-07-31,515100,SH,5693441500.0
2024-07-31,515110,SH,217295000.0
2024-07-31,515120,SH,5915993600.0
2024-07-31,515130,SH,64463200.0
2024-07-31,515150,SH,563703200.0
2024-07-31,515160,SH,615955100.0
2024-07-31,515170,SH,4651757900.0
2024-07-31,515180,SH,4944637000.0
2024-07-31,515190,SH,57466100.0
2024-07-31,515200,SH,115943200.0
2024-07-31,515210,SH,859226100.0
2024-07-31,515220,SH,2330176900.0
2024-07-31,515230,SH,1452690900.0
2024-07-31,515250,SH,879944500.0
2024-07-31,515260,SH,767284200.0
2024-07-31,515280,SH,24318600.0
2024-07-31,515290,SH,3596272900.0
2024-07-31,515300,SH,2263675200.0
2024-07-31,515310,SH,283111200.0
2024-07-31,515320,SH,275309000.0
2024-07-31,515330,SH,9053709500.0
2024-07-31,515350,SH,21599200.0
2024-07-31,515360,SH,27279300.0
2024-07-31,515380,SH,862299800.0
2024-07-31,515390,SH,418683000.0
2024-07-31,515400,SH,1713631400.0000002
2024-07-31,515450,SH,1639835000.0
2024-07-31,515530,SH,23442700.0
2024-07-31,515550,SH,29345700.0
2024-07-31,515560,SH,502883300.0
2024-07-31,515580,SH,610031400.0
2024-07-31,515590,SH,26113700.0
2024-07-31,515600,SH,1595797400.0
2024-07-31,515630,SH,102717700.0
2024-07-31,515650,SH,1361184000.0
2024-07-31,515660,SH,1285894200.0
2024-07-31,515680,SH,1569264700.0
2024-07-31,515700,SH,2285510200.0
2024-07-31,515710,SH,1300099800.0
2024-07-31,515750,SH,539140500.0
2024-07-31,515760,SH,189388100.0
2024-07-31,515770,SH,69727300.0
2024-07-31,515780,SH,11785200.0
2024-07-31,515790,SH,11147494000.0
2024-07-31,515800,SH,7193187200.0
2024-07-31,515810,SH,179908800.0
2024-07-31,515850,SH,130291000.0
2024-07-31,515860,SH,162878900.0
2024-07-31,515880,SH,2396462300.0
2024-07-31,515890,SH,926443900.0
2024-07-31,515900,SH,2932646500.0
2024-07-31,515910,SH,485507000.0
2024-07-31,515920,SH,254905700.0
2024-07-31,515950,SH,883200600.0
2024-07-31,515960,SH,328991900.0
2024-07-31,515980,SH,2120064500.0
2024-07-31,515990,SH,91350200.0
2024-07-31,516000,SH,207855000.0
2024-07-31,516010,SH,2930693000.0
2024-07-31,516020,SH,691326200.0
2024-07-31,516050,SH,678228000.0
2024-07-31,516060,SH,266237400.00000003
2024-07-31,516070,SH,735646000.0
2024-07-31,516080,SH,549554800.0
2024-07-31,516090,SH,2207844800.0
2024-07-31,516100,SH,71759700.0
2024-07-31,516110,SH,551623100.0
2024-07-31,516120,SH,307082000.0
2024-07-31,516130,SH,93890000.0
2024-07-31,516150,SH,1769577000.0
2024-07-31,516160,SH,9195304000.0
2024-07-31,516180,SH,117987000.0
2024-07-31,516190,SH,32918500.0
2024-07-31,516200,SH,430604000.0
2024-07-31,516210,SH,140231000.0
2024-07-31,516220,SH,204170000.0
2024-07-31,516260,SH,141882600.0
2024-07-31,516270,SH,574409000.0
2024-07-31,516290,SH,373196900.0
2024-07-31,516300,SH,166602200.0
2024-07-31,516310,SH,943158500.0
2024-07-31,516320,SH,103589300.0
2024-07-31,516330,SH,50471300.0
2024-07-31,516350,SH,666415300.0
2024-07-31,516360,SH,143551800.0
2024-07-31,516380,SH,172449300.0
2024-07-31,516390,SH,655261000.0
2024-07-31,516480,SH,23146100.0
2024-07-31,516500,SH,167937200.0
2024-07-31,516510,SH,1345890000.0
2024-07-31,516520,SH,215765500.0
2024-07-31,516530,SH,84302300.0
2024-07-31,516550,SH,282414400.0
2024-07-31,516560,SH,109258000.0
2024-07-31,516570,SH,46357600.0
2024-07-31,516580,SH,246124100.0
2024-07-31,516590,SH,113015000.0
2024-07-31,516600,SH,152332100.0
2024-07-31,516610,SH,117974800.0
2024-07-31,516620,SH,89267500.0
2024-07-31,516630,SH,172156000.0
2024-07-31,516640,SH,2034482800.0
2024-07-31,516650,SH,108464800.0
2024-07-31,516660,SH,436689000.0
2024-07-31,516670,SH,1320266300.0
2024-07-31,516690,SH,40243000.0
2024-07-31,516700,SH,65122000.0
2024-07-31,516710,SH,176272000.0
2024-07-31,516720,SH,39337800.0
2024-07-31,516730,SH,74880800.0
2024-07-31,516750,SH,102167300.0
2024-07-31,516760,SH,274215100.0
2024-07-31,516770,SH,205048000.0
2024-07-31,516780,SH,784049800.0
2024-07-31,516790,SH,199582200.0
2024-07-31,516800,SH,239154000.0
2024-07-31,516810,SH,197478900.0
2024-07-31,516820,SH,3766415200.0
2024-07-31,516830,SH,227176900.0
2024-07-31,516850,SH,120237000.0
2024-07-31,516860,SH,146522000.0
2024-07-31,516880,SH,1203944100.0
2024-07-31,516890,SH,63311400.0
2024-07-31,516900,SH,46229000.0
2024-07-31,516910,SH,76141800.0
2024-07-31,516920,SH,785463000.0
2024-07-31,516930,SH,73139600.0
2024-07-31,516950,SH,542821000.0
2024-07-31,516960,SH,43051100.0
2024-07-31,516970,SH,2949542500.0
2024-07-31,516980,SH,30516000.0
2024-07-31,517000,SH,552793000.0
2024-07-31,517010,SH,66144200.0
2024-07-31,517030,SH,66040300.0
2024-07-31,517050,SH,795605000.0
2024-07-31,517080,SH,605166000.0
2024-07-31,517090,SH,387075000.0
2024-07-31,517100,SH,386602100.0
2024-07-31,517110,SH,313098500.0
2024-07-31,517120,SH,652966400.0
2024-07-31,517160,SH,1984777500.0
2024-07-31,517170,SH,41131800.0
2024-07-31,517180,SH,1036496300.0
2024-07-31,517200,SH,245782000.0
2024-07-31,517280,SH,14552500.0
2024-07-31,517300,SH,2856434500.0
2024-07-31,517330,SH,1950169000.0
2024-07-31,517350,SH,172042000.0
2024-07-31,517360,SH,79083000.0
2024-07-31,517380,SH,508326300.0
2024-07-31,517390,SH,61112600.0
2024-07-31,517400,SH,53792000.0
2024-07-31,517520,SH,1190404000.0
2024-07-31,517550,SH,30917400.0
2024-07-31,517660,SH,48280700.0
2024-07-31,517770,SH,28947800.000000004
2024-07-31,517800,SH,185539700.0
2024-07-31,517850,SH,90185200.0
2024-07-31,517880,SH,47337100.0
2024-07-31,517900,SH,40993500.0
2024-07-31,517960,SH,58182000.0
2024-07-31,517990,SH,36987900.0
2024-07-31,518600,SH,49393600.0
2024-07-31,518660,SH,61352700.00000001
2024-07-31,518680,SH,94758000.0
2024-07-31,518800,SH,769619900.0
2024-07-31,518850,SH,91278700.0
2024-07-31,518860,SH,24459800.0
2024-07-31,518880,SH,4572640800.0
2024-07-31,518890,SH,14954800.0
2024-07-31,520660,SH,1121485500.0
2024-07-31,520830,SH,932619000.0
2024-07-31,520900,SH,1316175000.0
2024-07-31,520990,SH,1089470500.0
2024-07-31,560000,SH,17022900.0
2024-07-31,560010,SH,8283621700.0
2024-07-31,560020,SH,61562000.0
2024-07-31,560030,SH,33432000.0
2024-07-31,560050,SH,7955934399.999999
2024-07-31,560060,SH,382090000.0
2024-07-31,560070,SH,682262300.0
2024-07-31,560080,SH,2005265000.0
2024-07-31,560090,SH,1309365000.0
2024-07-31,560100,SH,107580300.0
2024-07-31,560110,SH,406903500.0
2024-07-31,560150,SH,538279300.0
2024-07-31,560170,SH,2505495500.0
2024-07-31,560180,SH,85603000.0
2024-07-31,560220,SH,45717000.0
2024-07-31,560260,SH,1876664700.0
2024-07-31,560280,SH,103252000.0
2024-07-31,560300,SH,24803400.0
2024-07-31,560330,SH,32130000.0
2024-07-31,560350,SH,3943532100.0
2024-07-31,560360,SH,169345000.0
2024-07-31,560500,SH,650339000.0
2024-07-31,560520,SH,14751000.0
2024-07-31,560550,SH,747597400.0
2024-07-31,560560,SH,145190100.0
2024-07-31,560580,SH,29003000.0
2024-07-31,560590,SH,19710000.0
2024-07-31,560650,SH,13919200.0
2024-07-31,560660,SH,103969000.0
2024-07-31,560680,SH,44225600.00000001
2024-07-31,560690,SH,11389000.0
2024-07-31,560700,SH,668536900.0
2024-07-31,560780,SH,102496000.0
2024-07-31,560800,SH,1571951099.9999998
2024-07-31,560850,SH,59164000.0
2024-07-31,560860,SH,400233000.0
2024-07-31,560880,SH,492232000.0
2024-07-31,560900,SH,235969100.0
2024-07-31,560950,SH,61483000.0
2024-07-31,560960,SH,41598900.0
2024-07-31,560980,SH,324022000.0
2024-07-31,560990,SH,42187100.0
2024-07-31,561000,SH,69920000.0
2024-07-31,561010,SH,57356000.0
2024-07-31,561060,SH,34565000.0
2024-07-31,561100,SH,585746900.0
2024-07-31,561120,SH,118159900.0
2024-07-31,561130,SH,281935200.0
2024-07-31,561160,SH,1571335000.0
2024-07-31,561170,SH,116532700.0
2024-07-31,561180,SH,181609600.0
2024-07-31,561190,SH,1182318000.0
2024-07-31,561200,SH,35470500.0
2024-07-31,561230,SH,2306477800.0
2024-07-31,561260,SH,139895200.0
2024-07-31,561280,SH,51847700.00000001
2024-07-31,561300,SH,2461965000.0
2024-07-31,561310,SH,167916600.0
2024-07-31,561320,SH,85369000.0
2024-07-31,561330,SH,58696100.0
2024-07-31,561350,SH,232700000.0
2024-07-31,561360,SH,67148000.0
2024-07-31,561370,SH,28356000.0
2024-07-31,561500,SH,114600300.0
2024-07-31,561510,SH,93206000.0
2024-07-31,561550,SH,1087489600.0
2024-07-31,561560,SH,204124200.0
2024-07-31,561580,SH,421870700.0
2024-07-31,561590,SH,58999600.0
2024-07-31,561600,SH,128274000.0
2024-07-31,561700,SH,132813600.0
2024-07-31,561710,SH,37596100.0
2024-07-31,561760,SH,18195000.0
2024-07-31,561780,SH,38955800.0
2024-07-31,561790,SH,45934000.0
2024-07-31,561800,SH,197077200.0
2024-07-31,561900,SH,74334400.0
2024-07-31,561910,SH,909076600.0
2024-07-31,561920,SH,32692000.0
2024-07-31,561950,SH,109656000.0
2024-07-31,561960,SH,121785200.0
2024-07-31,561980,SH,208110000.0
2024-07-31,561990,SH,715649200.0
2024-07-31,562000,SH,1332368900.0000002
2024-07-31,562010,SH,29298700.0
2024-07-31,562030,SH,53486899.99999999
2024-07-31,562060,SH,316396300.0
2024-07-31,562260,SH,98331500.0
2024-07-31,562300,SH,141495000.0
2024-07-31,562310,SH,1338572300.0
2024-07-31,562320,SH,43295500.0
2024-07-31,562330,SH,50018900.0
2024-07-31,562340,SH,63144300.0
2024-07-31,562350,SH,18410900.0
2024-07-31,562360,SH,90474000.0
2024-07-31,562380,SH,229628900.0
2024-07-31,562390,SH,80429000.0
2024-07-31,562500,SH,1537187300.0
2024-07-31,562510,SH,1316595000.0
2024-07-31,562520,SH,50568000.0
2024-07-31,562530,SH,64144000.0
2024-07-31,562550,SH,73419300.0
2024-07-31,562560,SH,15265500.0
2024-07-31,562570,SH,55281000.0
2024-07-31,562580,SH,27223300.0
2024-07-31,562590,SH,77663000.0
2024-07-31,562600,SH,79937400.0
2024-07-31,562660,SH,112874000.0
2024-07-31,562700,SH,52750000.0
2024-07-31,562800,SH,1987645000.0
2024-07-31,562820,SH,30136000.0
2024-07-31,562850,SH,163981500.0
2024-07-31,562860,SH,522895000.0
2024-07-31,562880,SH,559399600.0
2024-07-31,562890,SH,623051000.0
2024-07-31,562900,SH,75706300.0
2024-07-31,562910,SH,158227300.0
2024-07-31,562920,SH,31069000.0
2024-07-31,562930,SH,46437000.0
2024-07-31,562950,SH,135258300.0
2024-07-31,562960,SH,69391000.0
2024-07-31,562990,SH,1870756000.0
2024-07-31,563000,SH,6553451100.0
2024-07-31,563010,SH,27189300.0
2024-07-31,563020,SH,399910000.0
2024-07-31,563030,SH,259169000.0
2024-07-31,563050,SH,395208400.0
2024-07-31,563080,SH,3996588400.000001
2024-07-31,563090,SH,191848000.0
2024-07-31,563150,SH,118399000.0
2024-07-31,563180,SH,29420000.0
2024-07-31,563200,SH,43458800.0
2024-07-31,563280,SH,12206600.0
2024-07-31,563300,SH,1476174000.0
2024-07-31,563330,SH,131421000.0
2024-07-31,563350,SH,2061997600.0
2024-07-31,588000,SH,92432668200.0
2024-07-31,588010,SH,160425800.0
2024-07-31,588020,SH,193791000.0
2024-07-31,588030,SH,6830838100.000001
2024-07-31,588050,SH,11375241299.999998
2024-07-31,588060,SH,8305140000.0
2024-07-31,588080,SH,52168628099.99999
2024-07-31,588090,SH,4965272800.0
2024-07-31,588100,SH,305248700.0
2024-07-31,588110,SH,178758000.0
2024-07-31,588120,SH,2001811000.0
2024-07-31,588150,SH,300432600.0
2024-07-31,588160,SH,134496000.0
2024-07-31,588180,SH,5673353700.0
2024-07-31,588190,SH,2449618300.0
2024-07-31,588200,SH,6972894800.0
2024-07-31,588210,SH,295754000.0
2024-07-31,588220,SH,6347197900.0
2024-07-31,588260,SH,106746000.0
2024-07-31,588280,SH,460121000.0
2024-07-31,588290,SH,873897000.0
2024-07-31,588300,SH,2620210500.0
2024-07-31,588310,SH,64237500.0
2024-07-31,588320,SH,14824600.0
2024-07-31,588330,SH,1855737800.0
2024-07-31,588350,SH,1816546000.0
2024-07-31,588360,SH,919081800.0
2024-07-31,588370,SH,198272000.0
2024-07-31,588380,SH,4001770000.0
2024-07-31,588390,SH,476935900.0
2024-07-31,588400,SH,3501600600.0
2024-07-31,588450,SH,99568700.0
2024-07-31,588460,SH,549014000.0
2024-07-31,588500,SH,58647000.0
2024-07-31,588680,SH,59361000.0
2024-07-31,588700,SH,107836200.0
2024-07-31,588800,SH,4299877000.0
2024-07-31,588880,SH,489368000.0
2024-07-31,588890,SH,44810000.0
2024-07-31,588900,SH,382783000.0
2024-09-30,510010,SH,231524400.0
2024-09-30,510020,SH,39448000.0
2024-09-30,510030,SH,166729800.0
2024-09-30,510050,SH,57571866800.0
2024-09-30,510060,SH,53959200.0
2024-09-30,510090,SH,33081100.0
2024-09-30,510100,SH,2706619900.0
2024-09-30,510130,SH,49085100.0
2024-09-30,510150,SH,3497178600.0
2024-09-30,510160,SH,314057400.0
2024-09-30,510170,SH,230914800.0
2024-09-30,510180,SH,5795057700.0
2024-09-30,510190,SH,59650800.0
2024-09-30,510200,SH,128385500.0
2024-09-30,510210,SH,11903192600.0
2024-09-30,510230,SH,3194808000.0
2024-09-30,510270,SH,18832100.0
2024-09-30,510290,SH,96448900.0
2024-09-30,510300,SH,96922387700.0
2024-09-30,510310,SH,65192144000.0
2024-09-30,510330,SH,39811749800.0
2024-09-30,510350,SH,1296114700.0
2024-09-30,510360,SH,5888381200.0
2024-09-30,510370,SH,165258100.0
2024-09-30,510380,SH,1779802400.0
2024-09-30,510390,SH,148250000.0
2024-09-30,510410,SH,388258400.0
2024-09-30,510500,SH,21214968600.0
2024-09-30,510510,SH,1739038299.9999998
2024-09-30,510530,SH,47979399.99999999
2024-09-30,510550,SH,23743300.0
2024-09-30,510560,SH,128318700.0
2024-09-30,510570,SH,40560600.0
2024-09-30,510580,SH,1141368300.0
2024-09-30,510590,SH,143186100.0
2024-09-30,510600,SH,17815100.0
2024-09-30,510630,SH,392361500.0
2024-09-30,510650,SH,16452500.0
2024-09-30,510660,SH,46879700.0
2024-09-30,510680,SH,83524700.0
2024-09-30,510710,SH,191018900.0
2024-09-30,510720,SH,411766000.0
2024-09-30,510760,SH,3476503700.0
2024-09-30,510770,SH,30610700.0
2024-09-30,510800,SH,604576000.0
2024-09-30,510810,SH,8591093700.0
2024-09-30,510850,SH,77898900.0
2024-09-30,510880,SH,5294175699.999999
2024-09-30,510900,SH,13850021900.0
2024-09-30,510950,SH,98700000.0
2024-09-30,510980,SH,569798000.0
2024-09-30,510990,SH,54948600.0
2024-09-30,511010,SH,13906300.000000002
2024-09-30,511020,SH,12677500.0
2024-09-30,511030,SH,1011007100.0
2024-09-30,511060,SH,7696300.0
2024-09-30,511090,SH,36328100.0
2024-09-30,511100,SH,2370500.0
2024-09-30,511130,SH,24839700.0
2024-09-30,511180,SH,307459700.0
2024-09-30,511220,SH,1165381400.0
2024-09-30,511260,SH,16656500.0
2024-09-30,511270,SH,10627500.0
2024-09-30,511360,SH,214226600.0
2024-09-30,511380,SH,2411486700.0
2024-09-30,511520,SH,252336500.0
2024-09-30,511580,SH,3270800.0
2024-09-30,512000,SH,24122117700.0
2024-09-30,512010,SH,53993694900.0
2024-09-30,512040,SH,2641715900.0000005
2024-09-30,512070,SH,10853479700.0
2024-09-30,512090,SH,307592300.0
2024-09-30,512100,SH,30209217600.0
2024-09-30,512120,SH,888241900.0
2024-09-30,512150,SH,97073400.0
2024-09-30,512160,SH,277777800.0
2024-09-30,512170,SH,76486820500.0
2024-09-30,512180,SH,82048000.0
2024-09-30,512190,SH,32118400.0
2024-09-30,512200,SH,4572847900.0
2024-09-30,512220,SH,256467600.0
2024-09-30,512260,SH,53297700.00000001
2024-09-30,512280,SH,40005700.0
2024-09-30,512290,SH,4150820700.0
2024-09-30,512330,SH,566688000.0
2024-09-30,512360,SH,51337700.00000001
2024-09-30,512380,SH,117805600.0
2024-09-30,512390,SH,180682000.0
2024-09-30,512400,SH,4172039000.0
2024-09-30,512480,SH,31919003600.0
2024-09-30,512500,SH,4803208800.0
2024-09-30,512510,SH,460429800.00000006
2024-09-30,512520,SH,78056400.0
2024-09-30,512530,SH,123502000.0
2024-09-30,512550,SH,236906000.0
2024-09-30,512560,SH,1000127000.0
2024-09-30,512570,SH,459806100.0
2024-09-30,512580,SH,1410871700.0000002
2024-09-30,512600,SH,605356100.0
2024-09-30,512640,SH,32740900.0
2024-09-30,512650,SH,424941600.00000006
2024-09-30,512660,SH,9662080000.0
2024-09-30,512670,SH,3483652600.0
2024-09-30,512680,SH,3860130100.0
2024-09-30,512690,SH,16295250200.0
2024-09-30,512700,SH,667081000.0
2024-09-30,512710,SH,8494658400.0
2024-09-30,512720,SH,1367453400.0
2024-09-30,512730,SH,54583900.0
2024-09-30,512750,SH,93354900.0
2024-09-30,512760,SH,15827122800.0
2024-09-30,512770,SH,171767800.0
2024-09-30,512800,SH,3497840000.0
2024-09-30,512810,SH,471791700.0
2024-09-30,512820,SH,726401900.0
2024-09-30,512870,SH,30410600.0
2024-09-30,512880,SH,31411291500.0
2024-09-30,512890,SH,7700110800.0
2024-09-30,512900,SH,6873406000.0
2024-09-30,512910,SH,699628800.0
2024-09-30,512930,SH,802130300.0
2024-09-30,512950,SH,4742551000.0
2024-09-30,512960,SH,4110257300.0
2024-09-30,512970,SH,61987600.0
2024-09-30,512980,SH,5455424399.999999
2024-09-30,512990,SH,175015400.0
2024-09-30,513000,SH,558911400.0
2024-09-30,513010,SH,12397307000.0
2024-09-30,513020,SH,436145400.0
2024-09-30,513030,SH,688779000.0
2024-09-30,513040,SH,177841300.0
2024-09-30,513050,SH,34458432700.0
2024-09-30,513060,SH,30082893300.0
2024-09-30,513070,SH,124760800.0
2024-09-30,513080,SH,330916000.0
2024-09-30,513090,SH,4397988000.0
2024-09-30,513100,SH,9383110600.0
2024-09-30,513110,SH,1170435000.0
2024-09-30,513120,SH,8470635400.0
2024-09-30,513130,SH,29152347000.0
2024-09-30,513140,SH,70368000.0
2024-09-30,513150,SH,116559800.0
2024-09-30,513160,SH,80189300.0
2024-09-30,513170,SH,323573000.0
2024-09-30,513180,SH,41300759500.0
2024-09-30,513190,SH,184936000.0
2024-09-30,513200,SH,2408282100.0
2024-09-30,513210,SH,83942000.0
2024-09-30,513220,SH,214109400.0
2024-09-30,513230,SH,81422700.0
2024-09-30,513260,SH,1103243000.0
2024-09-30,513280,SH,289114500.0
2024-09-30,513290,SH,1116072100.0
2024-09-30,513300,SH,2516171000.0
2024-09-30,513310,SH,492427000.0
2024-09-30,513320,SH,68010600.0
2024-09-30,513330,SH,77785480000.0
2024-09-30,513350,SH,123746000.0
2024-09-30,513360,SH,1084213900.0
2024-09-30,513380,SH,2844892500.0
2024-09-30,513390,SH,1093379100.0
2024-09-30,513400,SH,1203062000.0
2024-09-30,513500,SH,7477638600.0
2024-09-30,513520,SH,680387200.0
2024-09-30,513530,SH,623438700.0
2024-09-30,513550,SH,3139992000.0
2024-09-30,513560,SH,137386000.0
2024-09-30,513580,SH,3353118000.0
2024-09-30,513590,SH,297618900.0
2024-09-30,513600,SH,820829500.0
2024-09-30,513630,SH,2339359000.0
2024-09-30,513650,SH,1222734000.0
2024-09-30,513660,SH,1948000100.0
2024-09-30,513690,SH,2545479900.0
2024-09-30,513700,SH,1616846000.0
2024-09-30,513730,SH,598355000.0
2024-09-30,513750,SH,455338000.0
2024-09-30,513770,SH,2381068900.0
2024-09-30,513800,SH,686644400.0
2024-09-30,513810,SH,36992000.0
2024-09-30,513820,SH,751669000.0
2024-09-30,513850,SH,865892600.0
2024-09-30,513860,SH,1594470600.0
2024-09-30,513870,SH,637671000.0
2024-09-30,513880,SH,1347970000.0
2024-09-30,513890,SH,237128000.0
2024-09-30,513900,SH,162978000.0
2024-09-30,513910,SH,308276000.0
2024-09-30,513920,SH,220731000.0
2024-09-30,513950,SH,367119000.0
2024-09-30,513960,SH,15932300.0
2024-09-30,513970,SH,571041000.0
2024-09-30,513980,SH,7957204000.0
2024-09-30,513990,SH,64000000.0
2024-09-30,515000,SH,2603289700.0
2024-09-30,515010,SH,801271600.0
2024-09-30,515020,SH,232345300.0
2024-09-30,515030,SH,4779384000.0
2024-09-30,515050,SH,7163068500.0
2024-09-30,515060,SH,1001478100.0
2024-09-30,515070,SH,2410970200.0
2024-09-30,515080,SH,3460148900.0
2024-09-30,515090,SH,36801700.0
2024-09-30,515100,SH,4817941500.0
2024-09-30,515110,SH,260295000.0
2024-09-30,515120,SH,6131993600.0
2024-09-30,515130,SH,85463200.0
2024-09-30,515150,SH,606703200.0
2024-09-30,515160,SH,447955100.0
2024-09-30,515170,SH,4818257900.0
2024-09-30,515180,SH,4733637000.0
2024-09-30,515190,SH,69466100.0
2024-09-30,515200,SH,118943200.0
2024-09-30,515210,SH,978226100.0
2024-09-30,515220,SH,2639176900.0
2024-09-30,515230,SH,1309690900.0
2024-09-30,515250,SH,807944500.0
2024-09-30,515260,SH,769284200.0
2024-09-30,515290,SH,3248872900.0
2024-09-30,515300,SH,2570675200.0
2024-09-30,515310,SH,335611200.0
2024-09-30,515320,SH,281309000.0
2024-09-30,515330,SH,10508709500.0
2024-09-30,515350,SH,23399200.0
2024-09-30,515360,SH,27279300.0
2024-09-30,515380,SH,908199800.0
2024-09-30,515390,SH,570683000.0
2024-09-30,515400,SH,1608631400.0000002
2024-09-30,515450,SH,1652835000.0
2024-09-30,515530,SH,28242700.0
2024-09-30,515550,SH,29345700.0
2024-09-30,515560,SH,346883300.0
2024-09-30,515580,SH,616031400.0
2024-09-30,515590,SH,22113700.0
2024-09-30,515600,SH,1574797400.0
2024-09-30,515630,SH,137217700.0
2024-09-30,515650,SH,1427184000.0
2024-09-30,515660,SH,1215694200.0
2024-09-30,515680,SH,1402264700.0
2024-09-30,515700,SH,2218510200.0
2024-09-30,515710,SH,1268599800.0
2024-09-30,515750,SH,562140500.0
2024-09-30,515760,SH,189388100.0
2024-09-30,515770,SH,66727299.99999999
2024-09-30,515780,SH,11785200.0
2024-09-30,515790,SH,11113494000.0
2024-09-30,515800,SH,6708687200.0
2024-09-30,515810,SH,179908800.0
2024-09-30,515850,SH,128791000.0
2024-09-30,515860,SH,161878900.0
2024-09-30,515880,SH,2119462300.0
2024-09-30,515890,SH,731443900.0
2024-09-30,515900,SH,2801646500.0
2024-09-30,515910,SH,479507000.0
2024-09-30,515920,SH,251905700.0
2024-09-30,515950,SH,853200600.0
2024-09-30,515960,SH,331991900.0
2024-09-30,515980,SH,2053064500.0
2024-09-30,515990,SH,133350200.0
2024-09-30,516000,SH,200855000.0
2024-09-30,516010,SH,2877693000.0
2024-09-30,516020,SH,711826200.0
2024-09-30,516050,SH,680228000.0
2024-09-30,516060,SH,270237400.0
2024-09-30,516070,SH,674646000.0
2024-09-30,516080,SH,554554800.0
2024-09-30,516090,SH,2118844800.0
2024-09-30,516100,SH,120759700.0
2024-09-30,516110,SH,660623100.0
2024-09-30,516120,SH,300082000.0
2024-09-30,516130,SH,110890000.0
2024-09-30,516150,SH,1702077000.0
2024-09-30,516160,SH,2674142000.0
2024-09-30,516180,SH,110987000.0
2024-09-30,516190,SH,26618500.0
2024-09-30,516200,SH,417604000.0
2024-09-30,516210,SH,135431000.0
2024-09-30,516220,SH,191170000.0
2024-09-30,516260,SH,137882600.0
2024-09-30,516270,SH,686909000.0
2024-09-30,516290,SH,367196900.0
2024-09-30,516300,SH,211602200.0
2024-09-30,516310,SH,854358500.0
2024-09-30,516320,SH,98589300.0
2024-09-30,516330,SH,49271300.0
2024-09-30,516350,SH,772415300.0
2024-09-30,516360,SH,141551800.0
2024-09-30,516380,SH,169449300.0
2024-09-30,516390,SH,644761000.0
2024-09-30,516480,SH,23146100.0
2024-09-30,516500,SH,163937200.0
2024-09-30,516510,SH,1275890000.0
2024-09-30,516520,SH,219765500.0
2024-09-30,516530,SH,83302300.0
2024-09-30,516550,SH,275414400.0
2024-09-30,516560,SH,106258000.0
2024-09-30,516570,SH,75357600.0
2024-09-30,516580,SH,248124100.0
2024-09-30,516590,SH,113015000.0
2024-09-30,516600,SH,143332100.0
2024-09-30,516610,SH,145974800.0
2024-09-30,516620,SH,76267500.0
2024-09-30,516630,SH,157156000.0
2024-09-30,516640,SH,2028482800.0
2024-09-30,516650,SH,103464800.0
2024-09-30,516660,SH,407689000.0
2024-09-30,516670,SH,1331266300.0
2024-09-30,516700,SH,62122000.0
2024-09-30,516710,SH,178272000.0
2024-09-30,516720,SH,39337800.0
2024-09-30,516730,SH,100880800.0
2024-09-30,516750,SH,102167300.0
2024-09-30,516760,SH,273215100.0
2024-09-30,516770,SH,178648000.0
2024-09-30,516780,SH,769049800.0
2024-09-30,516790,SH,196982200.0
2024-09-30,516800,SH,215154000.0
2024-09-30,516810,SH,200478900.0
2024-09-30,516820,SH,3863415200.0
2024-09-30,516830,SH,224676900.0
2024-09-30,516850,SH,126237000.0
2024-09-30,516860,SH,175522000.0
2024-09-30,516880,SH,1165944100.0
2024-09-30,516890,SH,58311400.0
2024-09-30,516900,SH,47729000.0
2024-09-30,516910,SH,66141800.0
2024-09-30,516920,SH,780963000.0
2024-09-30,516930,SH,71639600.0
2024-09-30,516950,SH,485821000.0
2024-09-30,516960,SH,29051100.0
2024-09-30,516970,SH,2884542500.0
2024-09-30,516980,SH,31516000.0
2024-09-30,517000,SH,552793000.0
2024-09-30,517010,SH,72144200.0
2024-09-30,517030,SH,69040300.0
2024-09-30,517050,SH,775605000.0
2024-09-30,517080,SH,593166000.0
2024-09-30,517090,SH,340075000.0
2024-09-30,517100,SH,386602100.0
2024-09-30,517110,SH,330098500.0
2024-09-30,517120,SH,662966400.0
2024-09-30,517160,SH,1982777500.0
2024-09-30,517170,SH,46131800.0
2024-09-30,517180,SH,964496300.0
2024-09-30,517200,SH,228782000.0
2024-09-30,517300,SH,3261434500.0
2024-09-30,517330,SH,1947169000.0
2024-09-30,517350,SH,149542000.0
2024-09-30,517360,SH,79083000.0
2024-09-30,517380,SH,490326300.0
2024-09-30,517390,SH,60112600.0
2024-09-30,517400,SH,54792000.0
2024-09-30,517520,SH,1432904000.0
2024-09-30,517550,SH,38417400.0
2024-09-30,517660,SH,49480700.0
2024-09-30,517770,SH,36947800.0
2024-09-30,517800,SH,191539700.0
2024-09-30,517850,SH,76185200.0
2024-09-30,517880,SH,45337100.0
2024-09-30,517900,SH,43993500.0
2024-09-30,517990,SH,35987900.0
2024-09-30,518600,SH,60493600.0
2024-09-30,518660,SH,81752700.0
2024-09-30,518680,SH,80358000.0
2024-09-30,518800,SH,894119900.0
2024-09-30,518850,SH,83478700.00000001
2024-09-30,518860,SH,46059799.99999999
2024-09-30,518880,SH,4114240800.0
2024-09-30,518890,SH,25154800.0
2024-09-30,520660,SH,982485500.0
2024-09-30,520830,SH,506119000.0
2024-09-30,520890,SH,122508000.0
2024-09-30,520900,SH,1701675000.0
2024-09-30,520990,SH,1510470500.0
2024-09-30,530000,SH,388029400.0
2024-09-30,560000,SH,16022900.0
2024-09-30,560010,SH,10899621700.0
2024-09-30,560020,SH,50562000.0
2024-09-30,560030,SH,52432000.0
2024-09-30,560050,SH,7701934399.999999
2024-09-30,560060,SH,377090000.0
2024-09-30,560070,SH,595662300.0
2024-09-30,560080,SH,2010765000.0
2024-09-30,560090,SH,1374365000.0
2024-09-30,560100,SH,121080300.0
2024-09-30,560110,SH,496903500.0
2024-09-30,560150,SH,533279300.0
2024-09-30,560170,SH,2455995500.0
2024-09-30,560180,SH,78103000.0
2024-09-30,560220,SH,45717000.0
2024-09-30,560260,SH,1865664700.0
2024-09-30,560280,SH,108752000.0
2024-09-30,560300,SH,19803400.0
2024-09-30,560330,SH,26130000.0
2024-09-30,560350,SH,4785532100.0
2024-09-30,560360,SH,82345000.0
2024-09-30,560500,SH,842339000.0
2024-09-30,560520,SH,10751000.0
2024-09-30,560550,SH,717597400.0
2024-09-30,560560,SH,134190100.0
2024-09-30,560580,SH,28003000.0
2024-09-30,560590,SH,25710000.0
2024-09-30,560650,SH,12419200.0
2024-09-30,560660,SH,98969000.0
2024-09-30,560680,SH,96725600.0
2024-09-30,560690,SH,7639000.0
2024-09-30,560700,SH,676536900.0
2024-09-30,560780,SH,99496000.0
2024-09-30,560800,SH,1549951099.9999998
2024-09-30,560850,SH,56164000.0
2024-09-30,560860,SH,428233000.0
2024-09-30,560880,SH,511732000.0
2024-09-30,560890,SH,94981200.0
2024-09-30,560900,SH,236969100.0
2024-09-30,560950,SH,59483000.0
2024-09-30,560960,SH,69598900.0
2024-09-30,560980,SH,298522000.0
2024-09-30,560990,SH,43187100.0
2024-09-30,561000,SH,159920000.0
2024-09-30,561010,SH,55356000.0
2024-09-30,561060,SH,34065000.0
2024-09-30,561100,SH,498746900.0
2024-09-30,561120,SH,131659900.0
2024-09-30,561130,SH,281935200.0
2024-09-30,561160,SH,1485835000.0
2024-09-30,561170,SH,84532700.0
2024-09-30,561180,SH,163609600.0
2024-09-30,561190,SH,1091318000.0
2024-09-30,561200,SH,53470500.0
2024-09-30,561230,SH,1982477800.0
2024-09-30,561260,SH,111095200.0
2024-09-30,561280,SH,60847700.00000001
2024-09-30,561300,SH,3367965000.0
2024-09-30,561310,SH,167916600.0
2024-09-30,561320,SH,89369000.0
2024-09-30,561330,SH,61696100.0
2024-09-30,561350,SH,241700000.0
2024-09-30,561360,SH,66148000.0
2024-09-30,561370,SH,34356000.0
2024-09-30,561500,SH,111600300.0
2024-09-30,561510,SH,97206000.0
2024-09-30,561550,SH,1013989600.0
2024-09-30,561560,SH,221624200.0
2024-09-30,561580,SH,331870700.0
2024-09-30,561590,SH,66499600.0
2024-09-30,561600,SH,149274000.0
2024-09-30,561700,SH,108813600.0
2024-09-30,561760,SH,46695000.0
2024-09-30,561780,SH,22955800.0
2024-09-30,561790,SH,40934000.0
2024-09-30,561800,SH,191577200.0
2024-09-30,561900,SH,74334400.0
2024-09-30,561910,SH,885076600.0
2024-09-30,561920,SH,29692000.0
2024-09-30,561930,SH,541260600.0
2024-09-30,561950,SH,114156000.0
2024-09-30,561960,SH,113585200.0
2024-09-30,561980,SH,216110000.0
2024-09-30,561990,SH,1111649200.0
2024-09-30,562000,SH,3226368900.0
2024-09-30,562010,SH,25298700.0
2024-09-30,562030,SH,47486899.99999999
2024-09-30,562060,SH,268396300.0
2024-09-30,562260,SH,68331500.0
2024-09-30,562300,SH,136495000.0
2024-09-30,562310,SH,1434572300.0
2024-09-30,562320,SH,40295500.0
2024-09-30,562330,SH,54018900.0
2024-09-30,562340,SH,59144300.0
2024-09-30,562350,SH,22410900.0
2024-09-30,562360,SH,90474000.0
2024-09-30,562380,SH,237628900.0
2024-09-30,562390,SH,77429000.0
2024-09-30,562500,SH,1705187300.0
2024-09-30,562510,SH,1150595000.0
2024-09-30,562520,SH,54568000.0
2024-09-30,562530,SH,63144000.0
2024-09-30,562550,SH,69419300.0
2024-09-30,562560,SH,13765500.0
2024-09-30,562570,SH,49281000.0
2024-09-30,562580,SH,27223300.0
2024-09-30,562590,SH,88663000.0
2024-09-30,562600,SH,74937400.0
2024-09-30,562660,SH,140874000.0
2024-09-30,562700,SH,34750000.0
2024-09-30,562800,SH,1949845000.0
2024-09-30,562820,SH,30136000.0
2024-09-30,562850,SH,156981500.0
2024-09-30,562860,SH,514895000.0
2024-09-30,562880,SH,547399600.0
2024-09-30,562890,SH,476051000.0
2024-09-30,562900,SH,76706300.0
2024-09-30,562910,SH,149227300.0
2024-09-30,562920,SH,28069000.0
2024-09-30,562930,SH,52437000.0
2024-09-30,562950,SH,164258300.00000003
2024-09-30,562960,SH,54891000.0
2024-09-30,562990,SH,1830756000.0
2024-09-30,563000,SH,6235951100.0
2024-09-30,563010,SH,56189300.0
2024-09-30,563020,SH,422910000.0
2024-09-30,563030,SH,257669000.0
2024-09-30,563050,SH,380208400.0
2024-09-30,563080,SH,5120588400.0
2024-09-30,563090,SH,140848000.0
2024-09-30,563150,SH,91399000.0
2024-09-30,563180,SH,52420000.0
2024-09-30,563200,SH,55458800.0
2024-09-30,563280,SH,12206600.0
2024-09-30,563300,SH,3498674000.0
2024-09-30,563330,SH,131421000.0
2024-09-30,563350,SH,2165997600.0
2024-09-30,588000,SH,100982668200.0
2024-09-30,588010,SH,210425800.00000003
2024-09-30,588020,SH,237791000.0
2024-09-30,588030,SH,8609838100.0
2024-09-30,588050,SH,12929241299.999998
2024-09-30,588060,SH,10345140000.0
2024-09-30,588080,SH,63322628099.99999
2024-09-30,588090,SH,5675072800.0
2024-09-30,588100,SH,284248700.0
2024-09-30,588110,SH,202758000.0
2024-09-30,588120,SH,2193811000.0
2024-09-30,588150,SH,325432600.0
2024-09-30,588160,SH,135996000.0
2024-09-30,588180,SH,5960353700.0
2024-09-30,588190,SH,3724618300.0
2024-09-30,588200,SH,7866894800.0
2024-09-30,588210,SH,308254000.0
2024-09-30,588220,SH,6784697900.0
2024-09-30,588260,SH,139746000.0
2024-09-30,588280,SH,576121000.0
2024-09-30,588290,SH,1018897000.0
2024-09-30,588300,SH,2683210500.0
2024-09-30,588310,SH,133837500.0
2024-09-30,588320,SH,26824600.0
2024-09-30,588330,SH,1701737800.0
2024-09-30,588350,SH,1812546000.0
2024-09-30,588360,SH,893881799.9999999
2024-09-30,588370,SH,215772000.0
2024-09-30,588380,SH,3884770000.0
2024-09-30,588390,SH,521935900.0
2024-09-30,588400,SH,3567600600.0
2024-09-30,588450,SH,81568700.0
2024-09-30,588460,SH,585014000.0
2024-09-30,588500,SH,442647000.0
2024-09-30,588680,SH,53361000.0
2024-09-30,588700,SH,115336200.0
2024-09-30,588800,SH,4652377000.0
2024-09-30,588830,SH,61847900.0
2024-09-30,588860,SH,78444700.0
2024-09-30,588880,SH,519368000.0
2024-09-30,588890,SH,110810000.0
2024-09-30,588900,SH,361783000.0
2024-09-30,588990,SH,73745400.0
2024-10-31,510010,SH,208524400.0
2024-10-31,510020,SH,40548000.0
2024-10-31,510030,SH,188729800.0
2024-10-31,510050,SH,56260566800.0
2024-10-31,510060,SH,65959200.0
2024-10-31,510090,SH,34081100.0
2024-10-31,510100,SH,2778619900.0
2024-10-31,510130,SH,50685100.0
2024-10-31,510150,SH,3583178600.0
2024-10-31,510160,SH,306057400.0
2024-10-31,510170,SH,212914800.0
2024-10-31,510180,SH,5688557700.0
2024-10-31,510190,SH,68650800.0
2024-10-31,510200,SH,167385500.0
2024-10-31,510210,SH,11720192600.0
2024-10-31,510230,SH,3395808000.0
2024-10-31,510270,SH,33832100.0
2024-10-31,510290,SH,102448900.0
2024-10-31,510300,SH,94764187700.0
2024-10-31,510310,SH,64698944000.0
2024-10-31,510330,SH,39906249800.0
2024-10-31,510350,SH,1234914700.0
2024-10-31,510360,SH,6878381200.0
2024-10-31,510370,SH,183258100.0
2024-10-31,510380,SH,1740802400.0
2024-10-31,510390,SH,151850000.0
2024-10-31,510410,SH,369258400.0
2024-10-31,510500,SH,18862568600.0
2024-10-31,510510,SH,1719038299.9999998
2024-10-31,510530,SH,57979399.99999999
2024-10-31,510550,SH,25743300.0
2024-10-31,510560,SH,130318700.0
2024-10-31,510570,SH,33060600.0
2024-10-31,510580,SH,1219768300.0
2024-10-31,510590,SH,129986100.0
2024-10-31,510600,SH,18715100.0
2024-10-31,510630,SH,423361500.0
2024-10-31,510650,SH,16452500.0
2024-10-31,510660,SH,49379700.0
2024-10-31,510680,SH,63724700.0
2024-10-31,510710,SH,188918900.0
2024-10-31,510720,SH,634766000.0
2024-10-31,510760,SH,3254503700.0
2024-10-31,510770,SH,35110700.0
2024-10-31,510800,SH,576576000.0
2024-10-31,510810,SH,8605093700.0
2024-10-31,510850,SH,81498900.0
2024-10-31,510880,SH,5354175699.999999
2024-10-31,510900,SH,11994021900.0
2024-10-31,510950,SH,103200000.0
2024-10-31,510980,SH,578798000.0
2024-10-31,510990,SH,56948600.0
2024-10-31,511010,SH,14216300.000000002
2024-10-31,511020,SH,12947500.0
2024-10-31,511030,SH,1021307100.0
2024-10-31,511060,SH,7696300.0
2024-10-31,511090,SH,60848100.00000001
2024-10-31,511100,SH,3450500.0
2024-10-31,511130,SH,31501700.0
2024-10-31,511180,SH,357259700.0
2024-10-31,511220,SH,1188181400.0
2024-10-31,511260,SH,16656500.0
2024-10-31,511270,SH,10827500.0
2024-10-31,511360,SH,183964600.0
2024-10-31,511380,SH,2864586700.0
2024-10-31,511520,SH,239876500.0
2024-10-31,511580,SH,2570800.0
2024-10-31,512000,SH,20342417700.0
2024-10-31,512010,SH,60466694900.0
2024-10-31,512040,SH,2272715900.0
2024-10-31,512070,SH,10286479700.0
2024-10-31,512090,SH,297592300.0
2024-10-31,512100,SH,24071217600.0
2024-10-31,512120,SH,941241900.0
2024-10-31,512150,SH,109073400.0
2024-10-31,512160,SH,271777800.0
2024-10-31,512170,SH,75285820500.0
2024-10-31,512180,SH,72048000.0
2024-10-31,512190,SH,31418400.0
2024-10-31,512200,SH,3598847900.0
2024-10-31,512220,SH,242967600.0
2024-10-31,512260,SH,54097700.00000001
2024-10-31,512280,SH,40005700.0
2024-10-31,512290,SH,4397820700.0
2024-10-31,512330,SH,571188000.0
2024-10-31,512360,SH,48337700.00000001
2024-10-31,512380,SH,117805600.0
2024-10-31,512390,SH,180682000.0
2024-10-31,512400,SH,4237539000.0
2024-10-31,512480,SH,25933003600.0
2024-10-31,512500,SH,4804008800.0
2024-10-31,512510,SH,680929800.0
2024-10-31,512520,SH,78056400.0
2024-10-31,512530,SH,139502000.0
2024-10-31,512550,SH,292906000.0
2024-10-31,512560,SH,1283127000.0
2024-10-31,512570,SH,789806100.0
2024-10-31,512580,SH,1324471700.0000002
2024-10-31,512600,SH,645656100.0
2024-10-31,512640,SH,33740900.0
2024-10-31,512650,SH,408941600.00000006
2024-10-31,512660,SH,10501080000.0
2024-10-31,512670,SH,3925652600.0
2024-10-31,512680,SH,3770530100.0
2024-10-31,512690,SH,19267450200.0
2024-10-31,512700,SH,768081000.0
2024-10-31,512710,SH,9726658400.0
2024-10-31,512720,SH,1287453400.0
2024-10-31,512730,SH,52583900.0
2024-10-31,512750,SH,88854900.0
2024-10-31,512760,SH,12657922800.0
2024-10-31,512770,SH,171767800.0
2024-10-31,512800,SH,4163840000.0
2024-10-31,512810,SH,488791700.0
2024-10-31,512820,SH,1131401900.0
2024-10-31,512870,SH,31410600.0
2024-10-31,512880,SH,23817291500.0
2024-10-31,512890,SH,7198110800.0
2024-10-31,512900,SH,6975906000.0
2024-10-31,512910,SH,434128800.0
2024-10-31,512930,SH,749130300.0
2024-10-31,512950,SH,4696551000.0
2024-10-31,512960,SH,4076257300.0
2024-10-31,512970,SH,60987600.0
2024-10-31,512980,SH,4654424400.0
2024-10-31,512990,SH,165015400.0
2024-10-31,513000,SH,525411400.0
2024-10-31,513010,SH,12275307000.0
2024-10-31,513020,SH,524145400.0
2024-10-31,513030,SH,627279000.0
2024-10-31,513040,SH,164341300.0
2024-10-31,513050,SH,32900432700.0
2024-10-31,513060,SH,31342893300.0
2024-10-31,513070,SH,125760800.0
2024-10-31,513080,SH,347916000.0
2024-10-31,513090,SH,3310488000.0
2024-10-31,513100,SH,9421110600.0
2024-10-31,513110,SH,930435000.0
2024-10-31,513120,SH,9104135400.0
2024-10-31,513130,SH,31722347000.0
2024-10-31,513140,SH,45368000.0
2024-10-31,513150,SH,128559800.0
2024-10-31,513160,SH,132189300.0
2024-10-31,513170,SH,389573000.0
2024-10-31,513180,SH,39117759500.0
2024-10-31,513190,SH,184936000.0
2024-10-31,513200,SH,3036282100.0
2024-10-31,513210,SH,68942000.0
2024-10-31,513220,SH,218109400.0
2024-10-31,513230,SH,188422700.0
2024-10-31,513260,SH,1252243000.0
2024-10-31,513280,SH,321114500.0
2024-10-31,513290,SH,1080072100.0
2024-10-31,513300,SH,2529671000.0
2024-10-31,513310,SH,584427000.0
2024-10-31,513320,SH,69010600.0
2024-10-31,513330,SH,65203480000.0
2024-10-31,513350,SH,110746000.0
2024-10-31,513360,SH,926713900.0
2024-10-31,513380,SH,3231392500.0
2024-10-31,513390,SH,996379100.0
2024-10-31,513400,SH,1212062000.0
2024-10-31,513500,SH,7632638600.0
2024-10-31,513520,SH,687387200.0
2024-10-31,513530,SH,676438700.0
2024-10-31,513550,SH,2978992000.0
2024-10-31,513560,SH,107386000.0
2024-10-31,513580,SH,3513118000.0
2024-10-31,513590,SH,280818900.0
2024-10-31,513600,SH,763829500.0
2024-10-31,513630,SH,2763359000.0
2024-10-31,513650,SH,1594734000.0
2024-10-31,513660,SH,1906000100.0
2024-10-31,513690,SH,2890479900.0
2024-10-31,513700,SH,2072846000.0
2024-10-31,513730,SH,713355000.0
2024-10-31,513750,SH,484838000.0
2024-10-31,513770,SH,3516068900.0
2024-10-31,513780,SH,179657000.0
2024-10-31,513800,SH,667444400.0
2024-10-31,513810,SH,39992000.0
2024-10-31,513820,SH,1016169000.0
2024-10-31,513850,SH,995892600.0
2024-10-31,513860,SH,1851470600.0
2024-10-31,513870,SH,501671000.0
2024-10-31,513880,SH,1184470000.0
2024-10-31,513890,SH,346128000.0
2024-10-31,513900,SH,160978000.0
2024-10-31,513910,SH,623276000.0
2024-10-31,513920,SH,459231000.0
2024-10-31,513950,SH,514119000.0
2024-10-31,513960,SH,15932300.0
2024-10-31,513970,SH,623041000.0
2024-10-31,513980,SH,10266204000.0
2024-10-31,513990,SH,85000000.0
2024-10-31,515000,SH,2978289699.9999995
2024-10-31,515010,SH,914271600.0
2024-10-31,515020,SH,222345300.0
2024-10-31,515030,SH,4401384000.0
2024-10-31,515050,SH,6387068500.0
2024-10-31,515060,SH,893478100.0
2024-10-31,515070,SH,2356970200.0
2024-10-31,515080,SH,3305148900.0
2024-10-31,515090,SH,36801700.0
2024-10-31,515100,SH,4014941500.0
2024-10-31,515110,SH,254295000.0
2024-10-31,515120,SH,6552993600.0
2024-10-31,515130,SH,94463200.0
2024-10-31,515150,SH,610703200.0
2024-10-31,515160,SH,429955100.0
2024-10-31,515170,SH,5712257900.0
2024-10-31,515180,SH,4377637000.0
2024-10-31,515190,SH,73466100.0
2024-10-31,515200,SH,116943200.0
2024-10-31,515210,SH,1089226100.0
2024-10-31,515220,SH,2870176900.0
2024-10-31,515230,SH,1412690900.0
2024-10-31,515250,SH,732944500.0
2024-10-31,515260,SH,684284200.0
2024-10-31,515290,SH,3043972900.0
2024-10-31,515300,SH,2959175200.0
2024-10-31,515310,SH,398611200.0
2024-10-31,515320,SH,250309000.0
2024-10-31,515330,SH,11447709500.0
2024-10-31,515350,SH,24299200.0
2024-10-31,515360,SH,27779300.0
2024-10-31,515380,SH,910899800.0
2024-10-31,515390,SH,790683000.0
2024-10-31,515400,SH,1178631400.0
2024-10-31,515450,SH,1714835000.0
2024-10-31,515530,SH,35442700.0
2024-10-31,515550,SH,31345700.0
2024-10-31,515560,SH,282883300.0
2024-10-31,515580,SH,540031400.0
2024-10-31,515590,SH,22113700.0
2024-10-31,515600,SH,1541797400.0
2024-10-31,515630,SH,127217700.0
2024-10-31,515650,SH,1569184000.0
2024-10-31,515660,SH,1193194200.0
2024-10-31,515680,SH,1371264700.0
2024-10-31,515700,SH,2075510200.0
2024-10-31,515710,SH,1270099800.0
2024-10-31,515750,SH,591140500.0
2024-10-31,515760,SH,193388100.0
2024-10-31,515770,SH,75727300.0
2024-10-31,515780,SH,11785200.0
2024-10-31,515790,SH,11247494000.0
2024-10-31,515800,SH,5696937200.0
2024-10-31,515810,SH,191908800.0
2024-10-31,515850,SH,110291000.0
2024-10-31,515860,SH,172878900.0
2024-10-31,515880,SH,1748462300.0
2024-10-31,515890,SH,526443900.0
2024-10-31,515900,SH,2491646500.0
2024-10-31,515910,SH,473507000.0
2024-10-31,515920,SH,242905700.0
2024-10-31,515950,SH,849200600.0
2024-10-31,515960,SH,328991900.0
2024-10-31,515980,SH,1851064500.0
2024-10-31,515990,SH,136350200.0
2024-10-31,516000,SH,183855000.0
2024-10-31,516010,SH,1658693000.0
2024-10-31,516020,SH,689326200.0
2024-10-31,516050,SH,718228000.0
2024-10-31,516060,SH,298237400.0
2024-10-31,516070,SH,668646000.0
2024-10-31,516080,SH,586554800.0
2024-10-31,516090,SH,1978844800.0
2024-10-31,516100,SH,147759700.0
2024-10-31,516110,SH,532623100.0
2024-10-31,516120,SH,296082000.0
2024-10-31,516130,SH,118890000.0
2024-10-31,516150,SH,1598577000.0
2024-10-31,516160,SH,2405642000.0
2024-10-31,516180,SH,105987000.0
2024-10-31,516190,SH,23618500.0
2024-10-31,516200,SH,406604000.0
2024-10-31,516210,SH,103631000.0
2024-10-31,516220,SH,198170000.0
2024-10-31,516260,SH,131882600.0
2024-10-31,516270,SH,643409000.0
2024-10-31,516290,SH,437196900.0
2024-10-31,516300,SH,77012600.0
2024-10-31,516310,SH,895158500.0
2024-10-31,516320,SH,129589300.0
2024-10-31,516330,SH,48071300.0
2024-10-31,516350,SH,1371415300.0
2024-10-31,516360,SH,101551800.0
2024-10-31,516380,SH,158449300.0
2024-10-31,516390,SH,683761000.0
2024-10-31,516480,SH,24146100.0
2024-10-31,516500,SH,180937200.0
2024-10-31,516510,SH,844890000.0
2024-10-31,516520,SH,297765500.0
2024-10-31,516530,SH,97302300.0
2024-10-31,516550,SH,249414400.0
2024-10-31,516560,SH,111258000.0
2024-10-31,516570,SH,75357600.0
2024-10-31,516580,SH,224124100.0
2024-10-31,516590,SH,111015000.0
2024-10-31,516600,SH,152332100.0
2024-10-31,516610,SH,150974800.0
2024-10-31,516620,SH,55267500.0
2024-10-31,516630,SH,133156000.0
2024-10-31,516640,SH,1664482800.0
2024-10-31,516650,SH,92464800.0
2024-10-31,516660,SH,492689000.0
2024-10-31,516670,SH,1152266300.0
2024-10-31,516700,SH,62122000.0
2024-10-31,516710,SH,162272000.0
2024-10-31,516720,SH,34837800.0
2024-10-31,516730,SH,107380800.0
2024-10-31,516750,SH,96167300.0
2024-10-31,516760,SH,259215100.0
2024-10-31,516770,SH,142648000.0
2024-10-31,516780,SH,816049800.0
2024-10-31,516790,SH,235982200.0
2024-10-31,516800,SH,185154000.0
2024-10-31,516810,SH,197478900.0
2024-10-31,516820,SH,4142415200.0
2024-10-31,516830,SH,209676900.0
2024-10-31,516850,SH,142237000.0
2024-10-31,516860,SH,247522000.0
2024-10-31,516880,SH,1177944100.0
2024-10-31,516890,SH,54311400.0
2024-10-31,516900,SH,49229000.0
2024-10-31,516910,SH,69141800.0
2024-10-31,516920,SH,759963000.0
2024-10-31,516930,SH,74639600.0
2024-10-31,516950,SH,782821000.0
2024-10-31,516960,SH,26051100.0
2024-10-31,516970,SH,2970042500.0
2024-10-31,516980,SH,33016000.0
2024-10-31,517000,SH,542793000.0
2024-10-31,517010,SH,81144200.0
2024-10-31,517030,SH,72040300.0
2024-10-31,517050,SH,751605000.0
2024-10-31,517080,SH,573166000.0
2024-10-31,517090,SH,461075000.0
2024-10-31,517100,SH,391102100.0
2024-10-31,517110,SH,397098500.0
2024-10-31,517120,SH,656966400.0
2024-10-31,517160,SH,1970777500.0
2024-10-31,517170,SH,61131800.0
2024-10-31,517180,SH,737496300.0
2024-10-31,517200,SH,224782000.0
2024-10-31,517300,SH,3402434500.0
2024-10-31,517330,SH,1892169000.0
2024-10-31,517350,SH,142042000.0
2024-10-31,517360,SH,77583000.0
2024-10-31,517380,SH,450326300.0
2024-10-31,517390,SH,53112600.0
2024-10-31,517400,SH,51792000.0
2024-10-31,517520,SH,1311904000.0
2024-10-31,517550,SH,45917400.0
2024-10-31,517660,SH,48280700.0
2024-10-31,517770,SH,38947800.0
2024-10-31,517800,SH,238539700.0
2024-10-31,517850,SH,74185200.0
2024-10-31,517880,SH,45337100.0
2024-10-31,517900,SH,47993500.0
2024-10-31,517990,SH,42987900.0
2024-10-31,518600,SH,78493600.0
2024-10-31,518660,SH,166652700.0
2024-10-31,518680,SH,105358000.0
2024-10-31,518800,SH,1233119900.0
2024-10-31,518850,SH,177378700.0
2024-10-31,518860,SH,70059800.0
2024-10-31,518880,SH,4727440800.0
2024-10-31,518890,SH,56354799.99999999
2024-10-31,520660,SH,991485500.0
2024-10-31,520700,SH,148076000.0
2024-10-31,520830,SH,500619000.0
2024-10-31,520890,SH,61508000.0
2024-10-31,520900,SH,1929175000.0
2024-10-31,520990,SH,2144470500.0
2024-10-31,530000,SH,932029400.0
2024-10-31,560000,SH,17022900.0
2024-10-31,560010,SH,10167621700.0
2024-10-31,560020,SH,53562000.0
2024-10-31,560030,SH,37432000.0
2024-10-31,560050,SH,7437934399.999999
2024-10-31,560060,SH,364090000.0
2024-10-31,560070,SH,579662300.0
2024-10-31,560080,SH,1819265000.0
2024-10-31,560090,SH,1335365000.0
2024-10-31,560100,SH,130080300.0
2024-10-31,560110,SH,373903500.0
2024-10-31,560150,SH,532279300.0
2024-10-31,560170,SH,1912995500.0
2024-10-31,560180,SH,60603000.0
2024-10-31,560220,SH,42717000.0
2024-10-31,560260,SH,1934664700.0
2024-10-31,560280,SH,82752000.0
2024-10-31,560300,SH,26803400.0
2024-10-31,560330,SH,27130000.0
2024-10-31,560350,SH,4181532100.0
2024-10-31,560360,SH,56345000.0
2024-10-31,560500,SH,828339000.0
2024-10-31,560510,SH,3491026900.0
2024-10-31,560520,SH,7751000.0
2024-10-31,560530,SH,6097623700.0
2024-10-31,560550,SH,679597400.0
2024-10-31,560560,SH,131190100.0
2024-10-31,560580,SH,28003000.0
2024-10-31,560590,SH,22710000.0
2024-10-31,560610,SH,5596988400.0
2024-10-31,560620,SH,157367000.0
2024-10-31,560650,SH,15419200.0
2024-10-31,560660,SH,58969000.0
2024-10-31,560680,SH,120725600.0
2024-10-31,560690,SH,15139000.0
2024-10-31,560700,SH,695036900.0
2024-10-31,560780,SH,75496000.0
2024-10-31,560800,SH,1269951100.0
2024-10-31,560850,SH,57164000.0
2024-10-31,560860,SH,430233000.0
2024-10-31,560880,SH,417232000.0
2024-10-31,560890,SH,92981200.0
2024-10-31,560900,SH,242969100.0
2024-10-31,560950,SH,57483000.0
2024-10-31,560960,SH,65598900.0
2024-10-31,560980,SH,294022000.0
2024-10-31,560990,SH,42187100.0
2024-10-31,561000,SH,182420000.0
2024-10-31,561010,SH,77356000.0
2024-10-31,561060,SH,67565000.0
2024-10-31,561100,SH,378746900.0
2024-10-31,561120,SH,109159900.0
2024-10-31,561130,SH,229935200.0
2024-10-31,561160,SH,1322335000.0
2024-10-31,561170,SH,76032700.0
2024-10-31,561180,SH,157609600.0
2024-10-31,561190,SH,1037318000.0
2024-10-31,561200,SH,37470500.0
2024-10-31,561230,SH,2260477800.0
2024-10-31,561260,SH,105895200.0
2024-10-31,561280,SH,48847700.00000001
2024-10-31,561300,SH,3169965000.0
2024-10-31,561310,SH,139916600.0
2024-10-31,561320,SH,86369000.0
2024-10-31,561330,SH,55696100.0
2024-10-31,561350,SH,142700000.0
2024-10-31,561360,SH,88148000.0
2024-10-31,561370,SH,20356000.0
2024-10-31,561500,SH,116100300.0
2024-10-31,561510,SH,101206000.0
2024-10-31,561550,SH,1033489600.0
2024-10-31,561560,SH,233624200.0
2024-10-31,561570,SH,12147000.0
2024-10-31,561580,SH,402370700.0
2024-10-31,561590,SH,71499600.0
2024-10-31,561600,SH,169274000.0
2024-10-31,561700,SH,94313600.0
2024-10-31,561760,SH,25695000.0
2024-10-31,561780,SH,18955800.0
2024-10-31,561790,SH,37934000.0
2024-10-31,561800,SH,171577200.0
2024-10-31,561900,SH,80334400.0
2024-10-31,561910,SH,961076600.0
2024-10-31,561920,SH,33692000.0
2024-10-31,561930,SH,721260600.0
2024-10-31,561950,SH,93156000.0
2024-10-31,561960,SH,108785200.0
2024-10-31,561980,SH,513110000.0
2024-10-31,561990,SH,1321649200.0000002
2024-10-31,562000,SH,4688368900.0
2024-10-31,562010,SH,24298700.0
2024-10-31,562030,SH,53486899.99999999
2024-10-31,562060,SH,264896300.0
2024-10-31,562260,SH,30331500.0
2024-10-31,562300,SH,129495000.0
2024-10-31,562310,SH,1428572300.0
2024-10-31,562320,SH,55295500.0
2024-10-31,562330,SH,57018900.0
2024-10-31,562340,SH,38144300.0
2024-10-31,562350,SH,32410900.0
2024-10-31,562360,SH,99474000.0
2024-10-31,562380,SH,308628900.0
2024-10-31,562390,SH,74429000.0
2024-10-31,562500,SH,1438187300.0
2024-10-31,562510,SH,1046595000.0
2024-10-31,562520,SH,56568000.0
2024-10-31,562530,SH,59144000.0
2024-10-31,562550,SH,72919300.0
2024-10-31,562560,SH,40765500.0
2024-10-31,562570,SH,50281000.0
2024-10-31,562580,SH,27223300.0
2024-10-31,562590,SH,156663000.0
2024-10-31,562600,SH,68937400.0
2024-10-31,562660,SH,126874000.0
2024-10-31,562700,SH,18750000.0
2024-10-31,562800,SH,1795495000.0
2024-10-31,562820,SH,36136000.0
2024-10-31,562850,SH,182981500.0
2024-10-31,562860,SH,496895000.0
2024-10-31,562880,SH,562399600.0
2024-10-31,562890,SH,458051000.0
2024-10-31,562900,SH,75706300.0
2024-10-31,562910,SH,176227300.0
2024-10-31,562920,SH,71069000.0
2024-10-31,562930,SH,86437000.0
2024-10-31,562950,SH,181258300.00000003
2024-10-31,562960,SH,51891000.0
2024-10-31,562990,SH,1715756000.0
2024-10-31,563000,SH,5845951100.0
2024-10-31,563010,SH,54189300.0
2024-10-31,563020,SH,391910000.0
2024-10-31,563030,SH,323669000.0
2024-10-31,563050,SH,370208400.0
2024-10-31,563080,SH,5166588400.0
2024-10-31,563090,SH,98848000.0
2024-10-31,563150,SH,58399000.0
2024-10-31,563180,SH,92420000.0
2024-10-31,563200,SH,35458800.0
2024-10-31,563220,SH,6392013700.0
2024-10-31,563280,SH,14206600.0
2024-10-31,563300,SH,3323674000.0
2024-10-31,563330,SH,45060600.00000001
2024-10-31,563350,SH,1685997600.0
2024-10-31,563360,SH,5071987400.0
2024-10-31,588000,SH,108061168200.0
2024-10-31,588010,SH,975425800.0
2024-10-31,588020,SH,329791000.0
2024-10-31,588030,SH,9407838100.0
2024-10-31,588050,SH,13547241299.999998
2024-10-31,588060,SH,11173140000.0
2024-10-31,588080,SH,64291628099.99999
2024-10-31,588090,SH,5989672800.0
2024-10-31,588100,SH,343748700.0
2024-10-31,588110,SH,259758000.0
2024-10-31,588120,SH,2205811000.0
2024-10-31,588150,SH,747932600.0
2024-10-31,588160,SH,269496000.0
2024-10-31,588180,SH,6100353700.0
2024-10-31,588190,SH,6313618300.0
2024-10-31,588200,SH,19419894800.0
2024-10-31,588210,SH,360754000.0
2024-10-31,588220,SH,8338697900.0
2024-10-31,588260,SH,196746000.0
2024-10-31,588280,SH,1184121000.0
2024-10-31,588290,SH,2043897000.0
2024-10-31,588300,SH,3754210500.0
2024-10-31,588310,SH,198637500.0
2024-10-31,588320,SH,86824599.99999999
2024-10-31,588330,SH,2983737800.0000005
2024-10-31,588350,SH,1888546000.0
2024-10-31,588360,SH,966681800.0
2024-10-31,588370,SH,240772000.0
2024-10-31,588380,SH,4388770000.0
2024-10-31,588390,SH,593935900.0
2024-10-31,588400,SH,3657600600.0
2024-10-31,588450,SH,144568700.0
2024-10-31,588460,SH,744014000.0
2024-10-31,588500,SH,378647000.0
2024-10-31,588680,SH,62361000.0
2024-10-31,588700,SH,380336200.0
2024-10-31,588800,SH,6324877000.0
2024-10-31,588830,SH,408847900.0
2024-10-31,588860,SH,490444700.0
2024-10-31,588880,SH,519368000.0
2024-10-31,588890,SH,293810000.0
2024-10-31,588900,SH,406783000.0
2024-10-31,588990,SH,343745400.0
2024-12-31,510010,SH,203524400.0
2024-12-31,510020,SH,42648000.0
2024-12-31,510030,SH,213729800.0
2024-12-31,510050,SH,55332666800.0
2024-12-31,510060,SH,61959200.0
2024-12-31,510090,SH,33081100.0
2024-12-31,510100,SH,2593219900.0
2024-12-31,510130,SH,48685100.0
2024-12-31,510150,SH,3795178600.0
2024-12-31,510160,SH,300057400.0
2024-12-31,510170,SH,194914800.0
2024-12-31,510180,SH,5862557700.0
2024-12-31,510190,SH,59150800.0
2024-12-31,510200,SH,145385500.0
2024-12-31,510210,SH,7766192600.0
2024-12-31,510230,SH,3583808000.0
2024-12-31,510270,SH,27832100.0
2024-12-31,510290,SH,94448900.0
2024-12-31,510300,SH,89386687700.0
2024-12-31,510310,SH,63734144000.0
2024-12-31,510330,SH,39827949800.0
2024-12-31,510350,SH,1229514700.0
2024-12-31,510360,SH,6971381200.0
2024-12-31,510370,SH,138258100.0
2024-12-31,510380,SH,1599802400.0
2024-12-31,510390,SH,141050000.0
2024-12-31,510410,SH,350258399.99999994
2024-12-31,510500,SH,17492568600.0
2024-12-31,510510,SH,1237038300.0
2024-12-31,510530,SH,56979399.99999999
2024-12-31,510550,SH,23743300.0
2024-12-31,510560,SH,128318700.0
2024-12-31,510570,SH,30560600.0
2024-12-31,510580,SH,1102968300.0
2024-12-31,510590,SH,119186100.0
2024-12-31,510600,SH,15715100.0
2024-12-31,510630,SH,532361500.0
2024-12-31,510650,SH,17452500.0
2024-12-31,510660,SH,44879700.0
2024-12-31,510680,SH,72724700.0
2024-12-31,510710,SH,187118900.0
2024-12-31,510720,SH,753766000.0
2024-12-31,510760,SH,2828503700.0
2024-12-31,510770,SH,39610700.0
2024-12-31,510800,SH,491576000.0
2024-12-31,510810,SH,8699093700.0
2024-12-31,510850,SH,79098900.0
2024-12-31,510880,SH,6995175699.999999
2024-12-31,510900,SH,11504021900.0
2024-12-31,510950,SH,99450000.0
2024-12-31,510980,SH,383798000.0
2024-12-31,510990,SH,60948600.0
2024-12-31,511010,SH,15426300.000000002
2024-12-31,511020,SH,14732500.0
2024-12-31,511030,SH,1037507100.0
2024-12-31,511060,SH,7896300.0
2024-12-31,511090,SH,48418100.00000001
2024-12-31,511100,SH,3410500.0
2024-12-31,511130,SH,26291700.0
2024-12-31,511180,SH,475059700.0
2024-12-31,511220,SH,1336881400.0000002
2024-12-31,511260,SH,19326500.0
2024-12-31,511270,SH,12437500.0
2024-12-31,511360,SH,264048600.0
2024-12-31,511380,SH,3320886700.0
2024-12-31,511520,SH,323636500.0
2024-12-31,511580,SH,5664800.0
2024-12-31,512000,SH,21182717700.0
2024-12-31,512010,SH,64167694900.0
2024-12-31,512020,SH,3764012700.0
2024-12-31,512040,SH,2049715900.0
2024-12-31,512050,SH,19396992200.0
2024-12-31,512070,SH,10224479700.0
2024-12-31,512090,SH,281592300.0
2024-12-31,512100,SH,22253217600.0
2024-12-31,512120,SH,886241900.0
2024-12-31,512150,SH,102073400.0
2024-12-31,512160,SH,263777800.0
2024-12-31,512170,SH,76769820500.0
2024-12-31,512180,SH,70048000.0
2024-12-31,512190,SH,35618400.0
2024-12-31,512200,SH,2939347900.0
2024-12-31,512220,SH,232467600.0
2024-12-31,512260,SH,42897700.00000001
2024-12-31,512280,SH,36005700.0
2024-12-31,512290,SH,4436820700.0
2024-12-31,512330,SH,571188000.0
2024-12-31,512360,SH,45337700.00000001
2024-12-31,512380,SH,108805600.0
2024-12-31,512390,SH,171682000.0
2024-12-31,512400,SH,4490039000.0
2024-12-31,512480,SH,23663003600.0
2024-12-31,512500,SH,4347208800.0
2024-12-31,512510,SH,770929800.0
2024-12-31,512520,SH,69056400.0
2024-12-31,512530,SH,138502000.0
2024-12-31,512550,SH,288906000.0
2024-12-31,512560,SH,1123127000.0
2024-12-31,512570,SH,709806100.0
2024-12-31,512580,SH,1298671700.0
2024-12-31,512600,SH,711956100.0
2024-12-31,512640,SH,36240900.0
2024-12-31,512650,SH,394941600.00000006
2024-12-31,512660,SH,9594080000.0
2024-12-31,512670,SH,4267652600.0
2024-12-31,512680,SH,3406530100.0
2024-12-31,512690,SH,20382850200.0
2024-12-31,512700,SH,1046581000.0
2024-12-31,512710,SH,9392658400.0
2024-12-31,512720,SH,969453400.0
2024-12-31,512730,SH,55083900.0
2024-12-31,512750,SH,78054900.0
2024-12-31,512760,SH,11346322800.0
2024-12-31,512770,SH,164767800.0
2024-12-31,512800,SH,5044340000.0
2024-12-31,512810,SH,458791700.0
2024-12-31,512820,SH,1646501900.0
2024-12-31,512870,SH,32410600.0
2024-12-31,512880,SH,24257291500.0
2024-12-31,512890,SH,12262110800.0
2024-12-31,512900,SH,6274906000.0
2024-12-31,512910,SH,335128800.0
2024-12-31,512930,SH,866130300.0
2024-12-31,512950,SH,4547551000.0
2024-12-31,512960,SH,4052257300.0
2024-12-31,512970,SH,58987600.0
2024-12-31,512980,SH,3752924400.0
2024-12-31,512990,SH,161015400.0
2024-12-31,513000,SH,431911400.0
2024-12-31,513010,SH,11952307000.0
2024-12-31,513020,SH,420145400.0
2024-12-31,513030,SH,607279000.0
2024-12-31,513040,SH,165841300.0
2024-12-31,513050,SH,31365432700.0
2024-12-31,513060,SH,36845393300.0
2024-12-31,513070,SH,164760800.00000003
2024-12-31,513080,SH,412916000.0
2024-12-31,513090,SH,5834488000.0
2024-12-31,513100,SH,9499110600.0
2024-12-31,513110,SH,1328435000.0
2024-12-31,513120,SH,10920635400.0
2024-12-31,513130,SH,33043347000.0
2024-12-31,513140,SH,34368000.0
2024-12-31,513150,SH,121559800.0
2024-12-31,513160,SH,155189300.0
2024-12-31,513170,SH,420573000.0
2024-12-31,513180,SH,37583759500.0
2024-12-31,513190,SH,205936000.0
2024-12-31,513200,SH,3683282100.0
2024-12-31,513210,SH,74942000.0
2024-12-31,513220,SH,175109400.0
2024-12-31,513230,SH,191422700.0
2024-12-31,513260,SH,1333243000.0
2024-12-31,513280,SH,307114500.0
2024-12-31,513290,SH,1350572100.0
2024-12-31,513300,SH,2655671000.0
2024-12-31,513310,SH,461427000.0
2024-12-31,513320,SH,80010600.0
2024-12-31,513330,SH,64987480000.0
2024-12-31,513350,SH,210746000.0
2024-12-31,513360,SH,751213900.0
2024-12-31,513380,SH,3190392500.0
2024-12-31,513390,SH,1019379100.0
2024-12-31,513400,SH,1554062000.0
2024-12-31,513500,SH,7928638600.0
2024-12-31,513520,SH,707887200.0
2024-12-31,513530,SH,878438700.0
2024-12-31,513550,SH,3015992000.0
2024-12-31,513560,SH,83386000.0
2024-12-31,513580,SH,3545118000.0
2024-12-31,513590,SH,259818900.0
2024-12-31,513600,SH,813829500.0
2024-12-31,513630,SH,4666359000.0
2024-12-31,513650,SH,2551734000.0
2024-12-31,513660,SH,1980000100.0
2024-12-31,513690,SH,3749979900.0
2024-12-31,513700,SH,2201846000.0
2024-12-31,513730,SH,1995355000.0
2024-12-31,513750,SH,703838000.0
2024-12-31,513770,SH,3709568900.0
2024-12-31,513780,SH,132157000.0
2024-12-31,513800,SH,561844400.0
2024-12-31,513810,SH,34992000.0
2024-12-31,513820,SH,1413669000.0
2024-12-31,513850,SH,1359892600.0
2024-12-31,513860,SH,1843470600.0
2024-12-31,513870,SH,976671000.0
2024-12-31,513880,SH,1032970000.0
2024-12-31,513890,SH,350128000.0
2024-12-31,513900,SH,174978000.0
2024-12-31,513910,SH,1323276000.0
2024-12-31,513920,SH,1197731000.0
2024-12-31,513950,SH,652119000.0
2024-12-31,513970,SH,493041000.0
2024-12-31,513980,SH,10575204000.0
2024-12-31,513990,SH,97000000.0
2024-12-31,515000,SH,2547289700.0
2024-12-31,515010,SH,901271600.0
2024-12-31,515020,SH,214845300.0
2024-12-31,515030,SH,4074384000.0
2024-12-31,515050,SH,6067068500.0
2024-12-31,515060,SH,805478100.0
2024-12-31,515070,SH,2556470200.0
2024-12-31,515080,SH,4227148900.0
2024-12-31,515090,SH,11801700.0
2024-12-31,515100,SH,4540441500.0
2024-12-31,515110,SH,223295000.0
2024-12-31,515120,SH,6790993600.0
2024-12-31,515130,SH,160463200.0
2024-12-31,515150,SH,576703200.0
2024-12-31,515160,SH,409955100.0
2024-12-31,515170,SH,5640257900.0
2024-12-31,515180,SH,6545637000.0
2024-12-31,515190,SH,75466100.0
2024-12-31,515200,SH,110943200.0
2024-12-31,515210,SH,738226100.0
2024-12-31,515220,SH,2527676900.0
2024-12-31,515230,SH,1429690900.0
2024-12-31,515250,SH,662944500.0
2024-12-31,515260,SH,581284200.0
2024-12-31,515290,SH,2962072900.0
2024-12-31,515300,SH,3570175200.0
2024-12-31,515310,SH,251611200.0
2024-12-31,515320,SH,243309000.0
2024-12-31,515330,SH,11069709500.0
2024-12-31,515350,SH,23399200.0
2024-12-31,515360,SH,26279300.0
2024-12-31,515380,SH,959499800.0
2024-12-31,515390,SH,718683000.0
2024-12-31,515400,SH,1342631400.0000002
2024-12-31,515450,SH,3628835000.0
2024-12-31,515530,SH,30642700.0
2024-12-31,515550,SH,59345700.0
2024-12-31,515560,SH,248883300.00000003
2024-12-31,515580,SH,536031400.0
2024-12-31,515590,SH,40113700.0
2024-12-31,515600,SH,1380797400.0
2024-12-31,515630,SH,190717700.0
2024-12-31,515650,SH,1969184000.0
2024-12-31,515660,SH,984394200.0
2024-12-31,515680,SH,1328264700.0
2024-12-31,515700,SH,1668510200.0
2024-12-31,515710,SH,1352599800.0
2024-12-31,515750,SH,525140500.0
2024-12-31,515760,SH,180388100.0
2024-12-31,515770,SH,75727300.0
2024-12-31,515780,SH,8785200.0
2024-12-31,515790,SH,11917494000.0
2024-12-31,515800,SH,6148187200.0
2024-12-31,515810,SH,248908800.0
2024-12-31,515850,SH,137291000.0
2024-12-31,515860,SH,167878900.0
2024-12-31,515880,SH,1815462300.0
2024-12-31,515890,SH,512443900.0
2024-12-31,515900,SH,2492646500.0
2024-12-31,515910,SH,470507000.0
2024-12-31,515920,SH,230905700.0
2024-12-31,515950,SH,824200600.0
2024-12-31,515960,SH,331991900.0
2024-12-31,515980,SH,1974064500.0
2024-12-31,515990,SH,106350200.0
2024-12-31,516000,SH,258855000.0
2024-12-31,516010,SH,1506693000.0
2024-12-31,516020,SH,672326200.0
2024-12-31,516050,SH,660228000.0
2024-12-31,516060,SH,299237400.0
2024-12-31,516070,SH,623646000.0
2024-12-31,516080,SH,646554800.0
2024-12-31,516090,SH,1785844800.0
2024-12-31,516100,SH,327759700.0
2024-12-31,516110,SH,412623100.0
2024-12-31,516120,SH,283082000.0
2024-12-31,516130,SH,138890000.0
2024-12-31,516150,SH,1593077000.0
2024-12-31,516160,SH,2371642000.0
2024-12-31,516180,SH,104987000.0
2024-12-31,516190,SH,35618500.0
2024-12-31,516200,SH,378604000.0
2024-12-31,516210,SH,98231000.0
2024-12-31,516220,SH,200170000.0
2024-12-31,516260,SH,127882600.0
2024-12-31,516270,SH,460409000.0
2024-12-31,516290,SH,461196900.0
2024-12-31,516300,SH,73012600.0
2024-12-31,516310,SH,976458500.0
2024-12-31,516320,SH,114589300.0
2024-12-31,516330,SH,48071300.0
2024-12-31,516350,SH,1412415300.0
2024-12-31,516360,SH,97551800.0
2024-12-31,516380,SH,140449300.0
2024-12-31,516390,SH,616261000.0
2024-12-31,516480,SH,24146100.0
2024-12-31,516500,SH,185937200.0
2024-12-31,516510,SH,889890000.0
2024-12-31,516520,SH,233765500.0
2024-12-31,516530,SH,79802300.0
2024-12-31,516550,SH,272414400.0
2024-12-31,516560,SH,135758000.0
2024-12-31,516570,SH,80357600.0
2024-12-31,516580,SH,232124100.0
2024-12-31,516590,SH,98015000.0
2024-12-31,516600,SH,155332100.0
2024-12-31,516610,SH,146974800.0
2024-12-31,516620,SH,69267500.0
2024-12-31,516630,SH,145156000.0
2024-12-31,516640,SH,1654482800.0
2024-12-31,516650,SH,107464800.0
2024-12-31,516660,SH,476689000.0
2024-12-31,516670,SH,1081266300.0
2024-12-31,516700,SH,78622000.0
2024-12-31,516710,SH,166272000.0
2024-12-31,516720,SH,33337800.000000004
2024-12-31,516730,SH,92880800.0
2024-12-31,516750,SH,95667300.0
2024-12-31,516760,SH,237215100.0
2024-12-31,516770,SH,152248000.0
2024-12-31,516780,SH,881549800.0
2024-12-31,516790,SH,243782200.0
2024-12-31,516800,SH,169154000.0
2024-12-31,516810,SH,220478900.0
2024-12-31,516820,SH,4953415200.0
2024-12-31,516830,SH,202176900.0
2024-12-31,516850,SH,150237000.0
2024-12-31,516860,SH,875522000.0
2024-12-31,516880,SH,1199944100.0
2024-12-31,516890,SH,51311400.0
2024-12-31,516900,SH,62729000.0
2024-12-31,516910,SH,65141800.0
2024-12-31,516920,SH,707463000.0
2024-12-31,516930,SH,73139600.0
2024-12-31,516950,SH,586821000.0
2024-12-31,516960,SH,23051100.0
2024-12-31,516970,SH,2704542500.0
2024-12-31,516980,SH,35016000.0
2024-12-31,517000,SH,487793000.0
2024-12-31,517010,SH,75144200.0
2024-12-31,517030,SH,69040300.0
2024-12-31,517050,SH,671605000.0
2024-12-31,517080,SH,541166000.0
2024-12-31,517090,SH,415075000.0
2024-12-31,517100,SH,386602100.0
2024-12-31,517110,SH,492098500.0
2024-12-31,517120,SH,652966400.0
2024-12-31,517160,SH,1844777500.0
2024-12-31,517170,SH,56131800.0
2024-12-31,517180,SH,870496300.0
2024-12-31,517200,SH,199782000.0
2024-12-31,517300,SH,3390434500.0
2024-12-31,517330,SH,1832169000.0
2024-12-31,517350,SH,131542000.0
2024-12-31,517360,SH,76083000.0
2024-12-31,517380,SH,452326300.0
2024-12-31,517390,SH,48112600.0
2024-12-31,517400,SH,74792000.0
2024-12-31,517520,SH,1549904000.0
2024-12-31,517550,SH,77417400.0
2024-12-31,517660,SH,48280700.0
2024-12-31,517770,SH,37947800.0
2024-12-31,517800,SH,225539700.0
2024-12-31,517850,SH,72185200.0
2024-12-31,517880,SH,53337100.0
2024-12-31,517900,SH,81993500.0
2024-12-31,517990,SH,57987900.0
2024-12-31,518600,SH,123493600.0
2024-12-31,518660,SH,170252700.0
2024-12-31,518680,SH,130958000.0
2024-12-31,518800,SH,1222619900.0
2024-12-31,518850,SH,242478700.0
2024-12-31,518860,SH,81459800.0
2024-12-31,518880,SH,4849840800.0
2024-12-31,518890,SH,80054800.0
2024-12-31,520500,SH,122305000.0
2024-12-31,520520,SH,66606000.0
2024-12-31,520600,SH,177368000.0
2024-12-31,520660,SH,1302485500.0
2024-12-31,520700,SH,107076000.0
2024-12-31,520830,SH,276119000.0
2024-12-31,520890,SH,123008000.0
2024-12-31,520900,SH,2505675000.0
2024-12-31,520990,SH,3746470500.0
2024-12-31,530000,SH,1758029400.0
2024-12-31,530050,SH,216813000.0
2024-12-31,530180,SH,167952000.0
2024-12-31,530880,SH,172336000.0
2024-12-31,560000,SH,18022900.0
2024-12-31,560010,SH,9276621700.0
2024-12-31,560020,SH,60562000.0
2024-12-31,560030,SH,33432000.0
2024-12-31,560050,SH,6939934399.999999
2024-12-31,560060,SH,342090000.0
2024-12-31,560070,SH,352862300.00000006
2024-12-31,560080,SH,1770265000.0
2024-12-31,560090,SH,1490865000.0
2024-12-31,560100,SH,104580300.0
2024-12-31,560110,SH,313903500.0
2024-12-31,560150,SH,534279300.0
2024-12-31,560170,SH,1692995500.0
2024-12-31,560180,SH,45603000.0
2024-12-31,560220,SH,51717000.0
2024-12-31,560260,SH,1964664700.0
2024-12-31,560280,SH,84252000.0
2024-12-31,560300,SH,36803400.0
2024-12-31,560330,SH,24130000.0
2024-12-31,560350,SH,3507532100.0
2024-12-31,560360,SH,63345000.0
2024-12-31,560380,SH,208861000.0
2024-12-31,560500,SH,642339000.0
2024-12-31,560510,SH,8645026900.0
2024-12-31,560520,SH,6751000.0
2024-12-31,560530,SH,11599623700.000002
2024-12-31,560550,SH,631597400.0
2024-12-31,560560,SH,130190100.0
2024-12-31,560580,SH,28003000.0
2024-12-31,560590,SH,16710000.0
2024-12-31,560610,SH,14476988400.0
2024-12-31,560620,SH,107367000.0
2024-12-31,560650,SH,13919200.0
2024-12-31,560660,SH,52969000.0
2024-12-31,560680,SH,183725600.0
2024-12-31,560690,SH,11389000.0
2024-12-31,560700,SH,1029036900.0
2024-12-31,560780,SH,211496000.0
2024-12-31,560800,SH,1145951100.0
2024-12-31,560810,SH,557116000.0
2024-12-31,560850,SH,136164000.0
2024-12-31,560860,SH,434233000.0
2024-12-31,560880,SH,364732000.0
2024-12-31,560890,SH,96981200.0
2024-12-31,560900,SH,39969100.0
2024-12-31,560950,SH,47483000.0
2024-12-31,560960,SH,65598900.0
2024-12-31,560980,SH,295522000.0
2024-12-31,560990,SH,41187100.0
2024-12-31,561000,SH,157420000.0
2024-12-31,561010,SH,102356000.0
2024-12-31,561060,SH,57065000.0
2024-12-31,561100,SH,528746900.0
2024-12-31,561120,SH,109159900.0
2024-12-31,561130,SH,227935200.0
2024-12-31,561160,SH,1370335000.0
2024-12-31,561170,SH,88532700.0
2024-12-31,561180,SH,131609600.0
2024-12-31,561190,SH,979318000.0
2024-12-31,561200,SH,41470500.0
2024-12-31,561230,SH,2298477800.0
2024-12-31,561260,SH,86095200.0
2024-12-31,561280,SH,42847700.00000001
2024-12-31,561300,SH,2542965000.0
2024-12-31,561310,SH,143916600.0
2024-12-31,561320,SH,84369000.0
2024-12-31,561330,SH,57696100.0
2024-12-31,561350,SH,142700000.0
2024-12-31,561360,SH,77148000.0
2024-12-31,561370,SH,18356000.0
2024-12-31,561380,SH,117413600.0
2024-12-31,561500,SH,108600300.0
2024-12-31,561510,SH,96206000.0
2024-12-31,561550,SH,887989600.0000001
2024-12-31,561560,SH,205124200.0
2024-12-31,561570,SH,8147000.0
2024-12-31,561580,SH,528370700.0
2024-12-31,561590,SH,56499600.0
2024-12-31,561600,SH,181274000.0
2024-12-31,561700,SH,101313600.0
2024-12-31,561760,SH,24195000.0
2024-12-31,561780,SH,12955800.0
2024-12-31,561790,SH,50934000.0
2024-12-31,561800,SH,158577200.0
2024-12-31,561900,SH,68334400.0
2024-12-31,561910,SH,1108076600.0
2024-12-31,561920,SH,32692000.0
2024-12-31,561930,SH,730260600.0
2024-12-31,561950,SH,67656000.0
2024-12-31,561960,SH,101785200.0
2024-12-31,561980,SH,728110000.0
2024-12-31,561990,SH,1087649200.0
2024-12-31,562000,SH,3436368900.0
2024-12-31,562010,SH,25298700.0
2024-12-31,562030,SH,58486899.99999999
2024-12-31,562060,SH,1635396300.0
2024-12-31,562260,SH,13331500.0
2024-12-31,562300,SH,121495000.0
2024-12-31,562310,SH,1344572300.0
2024-12-31,562320,SH,91295500.0
2024-12-31,562330,SH,19018900.0
2024-12-31,562340,SH,43144300.0
2024-12-31,562350,SH,29410900.0
2024-12-31,562360,SH,217474000.0
2024-12-31,562380,SH,304628900.0
2024-12-31,562390,SH,59429000.0
2024-12-31,562500,SH,5323187300.0
2024-12-31,562510,SH,911595000.0
2024-12-31,562520,SH,50568000.0
2024-12-31,562530,SH,54144000.0
2024-12-31,562550,SH,82919300.0
2024-12-31,562560,SH,34765500.0
2024-12-31,562570,SH,96281000.0
2024-12-31,562580,SH,28723300.0
2024-12-31,562590,SH,370663000.0
2024-12-31,562600,SH,63937400.0
2024-12-31,562660,SH,144874000.0
2024-12-31,562700,SH,25750000.0
2024-12-31,562800,SH,1828795000.0
2024-12-31,562820,SH,42136000.0
2024-12-31,562850,SH,158981500.0
2024-12-31,562860,SH,480895000.0
2024-12-31,562880,SH,650899600.0
2024-12-31,562890,SH,455051000.0
2024-12-31,562900,SH,87706299.99999999
2024-12-31,562910,SH,171227300.0
2024-12-31,562920,SH,75069000.0
2024-12-31,562930,SH,114437000.0
2024-12-31,562950,SH,224258300.00000003
2024-12-31,562960,SH,57891000.0
2024-12-31,562970,SH,153448000.0
2024-12-31,562990,SH,1628756000.0
2024-12-31,563000,SH,5430951100.0
2024-12-31,563010,SH,88189300.0
2024-12-31,563020,SH,834910000.0
2024-12-31,563030,SH,185669000.0
2024-12-31,563050,SH,343208399.99999994
2024-12-31,563080,SH,4740588400.0
2024-12-31,563090,SH,72848000.0
2024-12-31,563150,SH,32399000.0
2024-12-31,563180,SH,277420000.0
2024-12-31,563200,SH,35458800.0
2024-12-31,563220,SH,16628013700.000002
2024-12-31,563280,SH,10206600.0
2024-12-31,563300,SH,2883674000.0
2024-12-31,563330,SH,38560600.0
2024-12-31,563350,SH,1117997600.0
2024-12-31,563360,SH,17284987400.0
2024-12-31,563500,SH,1972979400.0
2024-12-31,563520,SH,1324065000.0
2024-12-31,563800,SH,21910978100.0
2024-12-31,563880,SH,9289996400.0
2024-12-31,588000,SH,89111668200.0
2024-12-31,588010,SH,702925800.0
2024-12-31,588020,SH,255791000.0
2024-12-31,588030,SH,8384838100.000001
2024-12-31,588050,SH,13487241299.999998
2024-12-31,588060,SH,10171140000.0
2024-12-31,588070,SH,98437000.0
2024-12-31,588080,SH,58135628099.99999
2024-12-31,588090,SH,4767672800.0
2024-12-31,588100,SH,270248700.0
2024-12-31,588110,SH,175758000.0
2024-12-31,588120,SH,1665811000.0
2024-12-31,588150,SH,462932600.0
2024-12-31,588160,SH,305496000.0
2024-12-31,588180,SH,5470353700.0
2024-12-31,588190,SH,5353618300.0
2024-12-31,588200,SH,15567894800.0
2024-12-31,588210,SH,358254000.0
2024-12-31,588220,SH,6868697900.0
2024-12-31,588230,SH,341939000.0
2024-12-31,588260,SH,127746000.0
2024-12-31,588280,SH,804121000.0
2024-12-31,588290,SH,1718897000.0
2024-12-31,588300,SH,3253210500.0
2024-12-31,588310,SH,153037500.0
2024-12-31,588320,SH,68824600.0
2024-12-31,588330,SH,2413737800.0
2024-12-31,588350,SH,1812546000.0
2024-12-31,588360,SH,821081799.9999999
2024-12-31,588370,SH,163272000.0
2024-12-31,588380,SH,4601770000.0
2024-12-31,588390,SH,443935900.0
2024-12-31,588400,SH,3444600600.0
2024-12-31,588450,SH,117568700.0
2024-12-31,588460,SH,559514000.0
2024-12-31,588500,SH,199647000.0
2024-12-31,588680,SH,50361000.0
2024-12-31,588700,SH,365336200.0
2024-12-31,588750,SH,1333228000.0
2024-12-31,588780,SH,115951000.0
2024-12-31,588800,SH,5417377000.0
2024-12-31,588830,SH,317847900.0
2024-12-31,588860,SH,476444700.0
2024-12-31,588880,SH,468368000.0
2024-12-31,588890,SH,230810000.0
2024-12-31,588900,SH,400783000.0
2024-12-31,588990,SH,153745400.0
2025-02-28,510010,SH,163524400.0
2025-02-28,510020,SH,42048000.0
2025-02-28,510030,SH,207729800.0
2025-02-28,510040,SH,268480000.0
2025-02-28,510050,SH,52889166800.0
2025-02-28,510060,SH,56959200.0
2025-02-28,510090,SH,31581100.0
2025-02-28,510100,SH,2901619900.0
2025-02-28,510130,SH,40285100.0
2025-02-28,510150,SH,3415178600.0
2025-02-28,510160,SH,290057400.0
2025-02-28,510170,SH,194914800.0
2025-02-28,510180,SH,5865557700.0
2025-02-28,510190,SH,54150800.0
2025-02-28,510200,SH,139885500.0
2025-02-28,510210,SH,6824192600.0
2025-02-28,510230,SH,3569808000.0
2025-02-28,510270,SH,23832100.0
2025-02-28,510290,SH,86448900.0
2025-02-28,510300,SH,87088987700.0
2025-02-28,510310,SH,62659544000.0
2025-02-28,510330,SH,40718049800.0
2025-02-28,510350,SH,1321314700.0
2025-02-28,510360,SH,6872381200.0
2025-02-28,510370,SH,132258100.0
2025-02-28,510380,SH,1524802400.0
2025-02-28,510390,SH,140150000.0
2025-02-28,510410,SH,330258399.99999994
2025-02-28,510500,SH,16453768600.000002
2025-02-28,510510,SH,1115038300.0
2025-02-28,510530,SH,57479399.99999999
2025-02-28,510550,SH,21743300.0
2025-02-28,510560,SH,128318700.0
2025-02-28,510570,SH,25560600.0
2025-02-28,510580,SH,1066968300.0
2025-02-28,510590,SH,117186100.0
2025-02-28,510600,SH,15115100.0
2025-02-28,510630,SH,543361500.0
2025-02-28,510650,SH,14952500.0
2025-02-28,510660,SH,42879700.0
2025-02-28,510680,SH,45424700.0
2025-02-28,510710,SH,175118900.0
2025-02-28,510720,SH,1691766000.0
2025-02-28,510760,SH,2468503700.0
2025-02-28,510770,SH,32110700.0
2025-02-28,510800,SH,451576000.0
2025-02-28,510810,SH,9233593700.0
2025-02-28,510850,SH,78498900.0
2025-02-28,510880,SH,7553175699.999999
2025-02-28,510900,SH,9278021900.0
2025-02-28,510950,SH,90450000.0
2025-02-28,510980,SH,329798000.0
2025-02-28,510990,SH,52948600.0
2025-02-28,511010,SH,17556300.0
2025-02-28,511020,SH,11072500.0
2025-02-28,511030,SH,1053307100.0
2025-02-28,511060,SH,7896300.0
2025-02-28,511070,SH,26751000.0
2025-02-28,511090,SH,103808100.0
2025-02-28,511100,SH,3710500.0
2025-02-28,511110,SH,33599600.0
2025-02-28,511130,SH,36973700.0
2025-02-28,511160,SH,32800900.0
2025-02-28,511180,SH,528659700.0
2025-02-28,511190,SH,29914300.0
2025-02-28,511200,SH,26407500.0
2025-02-28,511220,SH,1420681400.0000002
2025-02-28,511260,SH,20926500.0
2025-02-28,511270,SH,14137500.0
2025-02-28,511360,SH,227754600.0
2025-02-28,511380,SH,3341886700.0
2025-02-28,511520,SH,357406500.0
2025-02-28,511580,SH,5290800.0
2025-02-28,512000,SH,23678117700.0
2025-02-28,512010,SH,63281694900.0
2025-02-28,512020,SH,4250012700.0
2025-02-28,512040,SH,2261715900.0
2025-02-28,512050,SH,21316992200.000004
2025-02-28,512070,SH,10556479700.0
2025-02-28,512080,SH,1475186099.9999998
2025-02-28,512090,SH,275592300.0
2025-02-28,512100,SH,21555217600.0
2025-02-28,512120,SH,856241900.0
2025-02-28,512150,SH,91073400.0
2025-02-28,512160,SH,251777800.0
2025-02-28,512170,SH,73425820500.0
2025-02-28,512180,SH,68048000.0
2025-02-28,512190,SH,31418400.0
2025-02-28,512200,SH,3851847900.0
2025-02-28,512220,SH,227967600.0
2025-02-28,512260,SH,39697700.0
2025-02-28,512280,SH,34005700.0
2025-02-28,512290,SH,4101820700.0
2025-02-28,512330,SH,545688000.0
2025-02-28,512360,SH,45337700.00000001
2025-02-28,512380,SH,102805600.0
2025-02-28,512390,SH,168682000.0
2025-02-28,512400,SH,5513539000.0
2025-02-28,512480,SH,19201003600.0
2025-02-28,512500,SH,4388808800.0
2025-02-28,512510,SH,677929800.0
2025-02-28,512520,SH,66056400.0
2025-02-28,512530,SH,139502000.0
2025-02-28,512550,SH,285906000.0
2025-02-28,512560,SH,1307127000.0
2025-02-28,512570,SH,726806100.0
2025-02-28,512580,SH,1286071700.0
2025-02-28,512600,SH,719756100.0
2025-02-28,512640,SH,32740900.0
2025-02-28,512650,SH,382941600.00000006
2025-02-28,512660,SH,10545080000.0
2025-02-28,512670,SH,4416652600.0
2025-02-28,512680,SH,3347330100.0
2025-02-28,512690,SH,20845950200.0
2025-02-28,512700,SH,861581000.0
2025-02-28,512710,SH,10804658400.0
2025-02-28,512720,SH,852453400.0
2025-02-28,512730,SH,63583900.0
2025-02-28,512750,SH,76254900.0
2025-02-28,512760,SH,9365122800.0
2025-02-28,512770,SH,157767800.0
2025-02-28,512800,SH,5381540000.0
2025-02-28,512810,SH,545791700.0
2025-02-28,512820,SH,1772801900.0
2025-02-28,512870,SH,32410600.0
2025-02-28,512880,SH,27558291500.0
2025-02-28,512890,SH,12669110800.0
2025-02-28,512900,SH,6294906000.0
2025-02-28,512910,SH,317128800.0
2025-02-28,512930,SH,1199130300.0
2025-02-28,512950,SH,4401551000.0
2025-02-28,512960,SH,4042257300.0
2025-02-28,512970,SH,58987600.0
2025-02-28,512980,SH,2953424400.0
2025-02-28,512990,SH,157015400.0
2025-02-28,513000,SH,757911400.0
2025-02-28,513010,SH,12262307000.0
2025-02-28,513020,SH,443145400.0
2025-02-28,513030,SH,735279000.0
2025-02-28,513040,SH,313841300.0
2025-02-28,513050,SH,25631432700.0
2025-02-28,513060,SH,33632893300.0
2025-02-28,513070,SH,179760800.00000003
2025-02-28,513080,SH,540916000.0
2025-02-28,513090,SH,4765988000.0
2025-02-28,513100,SH,9499110600.0
2025-02-28,513110,SH,1969435000.0
2025-02-28,513120,SH,15562135400.0
2025-02-28,513130,SH,29654347000.0
2025-02-28,513140,SH,88368000.0
2025-02-28,513150,SH,148559800.0
2025-02-28,513160,SH,753189299.9999999
2025-02-28,513170,SH,340573000.0
2025-02-28,513180,SH,31798759500.0
2025-02-28,513190,SH,336936000.0
2025-02-28,513200,SH,3870282100.0
2025-02-28,513210,SH,37942000.0
2025-02-28,513220,SH,199109400.0
2025-02-28,513230,SH,236422700.0
2025-02-28,513260,SH,1666243000.0
2025-02-28,513280,SH,267114500.0
2025-02-28,513290,SH,1226572100.0
2025-02-28,513300,SH,3054671000.0
2025-02-28,513310,SH,381427000.0
2025-02-28,513320,SH,188010600.0
2025-02-28,513330,SH,45625480000.0
2025-02-28,513350,SH,283746000.0
2025-02-28,513360,SH,964213900.0
2025-02-28,513380,SH,2358392500.0
2025-02-28,513390,SH,1019379100.0
2025-02-28,513400,SH,1750062000.0
2025-02-28,513500,SH,8143638600.0
2025-02-28,513520,SH,771887200.0
2025-02-28,513530,SH,1006938700.0
2025-02-28,513550,SH,2601992000.0
2025-02-28,513560,SH,446386000.0
2025-02-28,513580,SH,2618118000.0
2025-02-28,513590,SH,635718900.0
2025-02-28,513600,SH,534829500.0
2025-02-28,513630,SH,6882359000.0
2025-02-28,513650,SH,2589734000.0
2025-02-28,513660,SH,1530000100.0
2025-02-28,513690,SH,3890979900.0
2025-02-28,513700,SH,1959846000.0
2025-02-28,513730,SH,1906355000.0
2025-02-28,513750,SH,775338000.0
2025-02-28,513770,SH,3527568900.0
2025-02-28,513780,SH,161157000.0
2025-02-28,513800,SH,583044400.0
2025-02-28,513810,SH,32992000.0
2025-02-28,513820,SH,1816669000.0
2025-02-28,513850,SH,1625892600.0
2025-02-28,513860,SH,1665470600.0
2025-02-28,513870,SH,1108671000.0
2025-02-28,513880,SH,1063970000.0
2025-02-28,513890,SH,302128000.0
2025-02-28,513900,SH,156978000.0
2025-02-28,513910,SH,1904276000.0
2025-02-28,513920,SH,2377731000.0
2025-02-28,513950,SH,852619000.0
2025-02-28,513970,SH,670041000.0
2025-02-28,513980,SH,11269204000.0
2025-02-28,513990,SH,91000000.0
2025-02-28,515000,SH,2341289700.0
2025-02-28,515010,SH,845271600.0
2025-02-28,515020,SH,228345300.0
2025-02-28,515030,SH,3856384000.0
2025-02-28,515050,SH,5499068500.0
2025-02-28,515060,SH,989478100.0
2025-02-28,515070,SH,3796970200.0
2025-02-28,515080,SH,5269148900.0
2025-02-28,515090,SH,7801700.0
2025-02-28,515100,SH,4680941500.0
2025-02-28,515110,SH,211295000.0
2025-02-28,515120,SH,7072993600.0
2025-02-28,515130,SH,280463200.0
2025-02-28,515150,SH,552703200.0
2025-02-28,515160,SH,397955100.0
2025-02-28,515170,SH,5670257900.0
2025-02-28,515180,SH,7123637000.0
2025-02-28,515190,SH,77466100.0
2025-02-28,515200,SH,103943200.0
2025-02-28,515210,SH,929726100.0
2025-02-28,515220,SH,3464176900.0
2025-02-28,515230,SH,1429690900.0
2025-02-28,515250,SH,869944500.0
2025-02-28,515260,SH,523284200.0
2025-02-28,515290,SH,2893372900.0
2025-02-28,515300,SH,3901675200.0
2025-02-28,515310,SH,255111200.0
2025-02-28,515320,SH,221309000.0
2025-02-28,515330,SH,10904709500.0
2025-02-28,515350,SH,24299200.0
2025-02-28,515360,SH,37779300.0
2025-02-28,515380,SH,997299800.0
2025-02-28,515390,SH,658683000.0
2025-02-28,515400,SH,2093631400.0
2025-02-28,515450,SH,4726335000.0
2025-02-28,515530,SH,25042700.0
2025-02-28,515550,SH,59345700.0
2025-02-28,515560,SH,237883300.00000003
2025-02-28,515580,SH,526031400.0
2025-02-28,515590,SH,38113700.0
2025-02-28,515600,SH,1314797400.0
2025-02-28,515630,SH,220717700.0
2025-02-28,515650,SH,1973184000.0
2025-02-28,515660,SH,965494200.0
2025-02-28,515680,SH,1290264700.0
2025-02-28,515700,SH,1449510200.0
2025-02-28,515710,SH,1472599800.0
2025-02-28,515750,SH,471140500.0
2025-02-28,515760,SH,151388100.0
2025-02-28,515770,SH,72727300.0
2025-02-28,515780,SH,5785200.0
2025-02-28,515790,SH,14179494000.0
2025-02-28,515800,SH,5283687200.0
2025-02-28,515810,SH,230908800.0
2025-02-28,515850,SH,172291000.0
2025-02-28,515860,SH,156878900.0
2025-02-28,515880,SH,2350462300.0
2025-02-28,515890,SH,515443900.0
2025-02-28,515900,SH,2480646500.0
2025-02-28,515910,SH,461507000.0
2025-02-28,515920,SH,223405700.0
2025-02-28,515950,SH,780200600.0
2025-02-28,515960,SH,320991900.0
2025-02-28,515980,SH,2432564500.0
2025-02-28,515990,SH,80350200.0
2025-02-28,516000,SH,483855000.0
2025-02-28,516010,SH,931693000.0
2025-02-28,516020,SH,672326200.0
2025-02-28,516050,SH,601228000.0
2025-02-28,516060,SH,247237400.00000003
2025-02-28,516070,SH,595646000.0
2025-02-28,516080,SH,743554800.0
2025-02-28,516090,SH,1803844800.0
2025-02-28,516100,SH,228759700.0
2025-02-28,516110,SH,504623100.0
2025-02-28,516120,SH,277082000.0
2025-02-28,516130,SH,132890000.0
2025-02-28,516150,SH,1487077000.0
2025-02-28,516160,SH,2463642000.0
2025-02-28,516180,SH,108987000.0
2025-02-28,516190,SH,18218500.0
2025-02-28,516200,SH,377604000.0
2025-02-28,516210,SH,95831000.0
2025-02-28,516220,SH,185170000.0
2025-02-28,516260,SH,115882600.0
2025-02-28,516270,SH,461909000.0
2025-02-28,516290,SH,521196900.0
2025-02-28,516300,SH,53012600.0
2025-02-28,516310,SH,978558500.0
2025-02-28,516320,SH,113589300.0
2025-02-28,516330,SH,44471300.0
2025-02-28,516350,SH,1105415300.0
2025-02-28,516360,SH,88551800.0
2025-02-28,516380,SH,128449300.0
2025-02-28,516390,SH,535261000.0
2025-02-28,516480,SH,19146100.0
2025-02-28,516500,SH,187937200.0
2025-02-28,516510,SH,2826890000.0
2025-02-28,516520,SH,349765500.0
2025-02-28,516530,SH,80802300.0
2025-02-28,516550,SH,370414400.0
2025-02-28,516560,SH,142258000.0
2025-02-28,516570,SH,80357600.0
2025-02-28,516580,SH,227124100.0
2025-02-28,516590,SH,99015000.0
2025-02-28,516600,SH,155332100.0
2025-02-28,516610,SH,174974800.0
2025-02-28,516620,SH,59267500.0
2025-02-28,516630,SH,725156000.0
2025-02-28,516640,SH,1536482800.0
2025-02-28,516650,SH,98464800.0
2025-02-28,516660,SH,449689000.0
2025-02-28,516670,SH,1087266300.0
2025-02-28,516700,SH,113622000.0
2025-02-28,516710,SH,88272000.0
2025-02-28,516720,SH,28837800.000000004
2025-02-28,516730,SH,91380800.0
2025-02-28,516750,SH,99667300.0
2025-02-28,516760,SH,250215100.0
2025-02-28,516770,SH,91048000.0
2025-02-28,516780,SH,713049800.0
2025-02-28,516790,SH,206082200.0
2025-02-28,516800,SH,145154000.0
2025-02-28,516810,SH,257478900.0
2025-02-28,516820,SH,5205415200.0
2025-02-28,516830,SH,194676900.0
2025-02-28,516850,SH,171237000.0
2025-02-28,516860,SH,711522000.0
2025-02-28,516880,SH,1215944100.0
2025-02-28,516890,SH,47311400.0
2025-02-28,516900,SH,91229000.0
2025-02-28,516910,SH,55141800.0
2025-02-28,516920,SH,614463000.0
2025-02-28,516930,SH,73139600.0
2025-02-28,516950,SH,598821000.0
2025-02-28,516960,SH,24051100.0
2025-02-28,516970,SH,2501542500.0
2025-02-28,516980,SH,35016000.0
2025-02-28,517000,SH,442793000.0
2025-02-28,517010,SH,72144200.0
2025-02-28,517030,SH,69040300.0
2025-02-28,517050,SH,547605000.0
2025-02-28,517080,SH,489166000.0
2025-02-28,517090,SH,347075000.0
2025-02-28,517100,SH,350602100.0
2025-02-28,517110,SH,502098500.0
2025-02-28,517120,SH,606966400.0
2025-02-28,517160,SH,1844777500.0
2025-02-28,517170,SH,51131800.0
2025-02-28,517180,SH,801496300.0
2025-02-28,517200,SH,180782000.0
2025-02-28,517300,SH,3345434500.0
2025-02-28,517330,SH,1832169000.0
2025-02-28,517350,SH,121042000.0
2025-02-28,517360,SH,55083000.0
2025-02-28,517380,SH,422326300.0
2025-02-28,517390,SH,285112600.0
2025-02-28,517400,SH,292792000.0
2025-02-28,517520,SH,1911404000.0
2025-02-28,517550,SH,48917400.0
2025-02-28,517660,SH,44680700.0
2025-02-28,517770,SH,28947800.000000004
2025-02-28,517800,SH,331539700.0
2025-02-28,517850,SH,70185200.0
2025-02-28,517880,SH,45337100.0
2025-02-28,517900,SH,79993500.0
2025-02-28,517990,SH,48987900.0
2025-02-28,518600,SH,137893600.0
2025-02-28,518660,SH,241052700.0
2025-02-28,518680,SH,152858000.0
2025-02-28,518800,SH,1582019900.0
2025-02-28,518850,SH,341778700.0
2025-02-28,518860,SH,148659800.0
2025-02-28,518880,SH,5328040800.0
2025-02-28,518890,SH,146354800.0
2025-02-28,520500,SH,140305000.0
2025-02-28,520520,SH,64606000.0
2025-02-28,520550,SH,174524000.0
2025-02-28,520580,SH,782983900.0
2025-02-28,520600,SH,546368000.0
2025-02-28,520660,SH,1213485500.0
2025-02-28,520700,SH,89076000.0
2025-02-28,520830,SH,536119000.0
2025-02-28,520890,SH,62008000.0
2025-02-28,520900,SH,3043175000.0
2025-02-28,520990,SH,5219470500.0
2025-02-28,530000,SH,1602029400.0
2025-02-28,530050,SH,195813000.0
2025-02-28,530080,SH,86917000.0
2025-02-28,530180,SH,249952000.0
2025-02-28,530280,SH,16434000.0
2025-02-28,530300,SH,259643000.0
2025-02-28,530580,SH,667149000.0
2025-02-28,530680,SH,790891900.0
2025-02-28,530800,SH,76201800.0
2025-02-28,530880,SH,157836000.0
2025-02-28,560000,SH,14022900.0
2025-02-28,560010,SH,9684621700.0
2025-02-28,560020,SH,67562000.0
2025-02-28,560030,SH,32432000.0
2025-02-28,560050,SH,6153934399.999999
2025-02-28,560060,SH,328090000.0
2025-02-28,560070,SH,331662300.00000006
2025-02-28,560080,SH,1957765000.0
2025-02-28,560090,SH,1546865000.0
2025-02-28,560100,SH,97080300.0
2025-02-28,560110,SH,265903500.0
2025-02-28,560150,SH,758279299.9999999
2025-02-28,560170,SH,1488995500.0
2025-02-28,560180,SH,33103000.0
2025-02-28,560190,SH,104334000.0
2025-02-28,560220,SH,48717000.0
2025-02-28,560260,SH,2011664700.0
2025-02-28,560280,SH,79752000.0
2025-02-28,560300,SH,56803400.0
2025-02-28,560330,SH,240130000.0
2025-02-28,560350,SH,3191532100.0
2025-02-28,560360,SH,118345000.0
2025-02-28,560380,SH,206861000.0
2025-02-28,560500,SH,637339000.0
2025-02-28,560510,SH,7943026899.999999
2025-02-28,560520,SH,5751000.0
2025-02-28,560530,SH,10822623700.000002
2025-02-28,560550,SH,595597400.0
2025-02-28,560560,SH,129190100.0
2025-02-28,560580,SH,36003000.0
2025-02-28,560590,SH,13710000.0
2025-02-28,560610,SH,12625988400.0
2025-02-28,560620,SH,75867000.0
2025-02-28,560650,SH,13919200.0
2025-02-28,560660,SH,67969000.0
2025-02-28,560680,SH,170225600.0
2025-02-28,560690,SH,24889000.0
2025-02-28,560700,SH,1013536900.0
2025-02-28,560750,SH,231554800.0
2025-02-28,560780,SH,162496000.0
2025-02-28,560800,SH,911951100.0
2025-02-28,560810,SH,530116000.0
2025-02-28,560850,SH,206164000.0
2025-02-28,560860,SH,562233000.0
2025-02-28,560880,SH,318232000.0
2025-02-28,560890,SH,99981200.0
2025-02-28,560900,SH,47969100.0
2025-02-28,560950,SH,43483000.0
2025-02-28,560960,SH,32598900.0
2025-02-28,560980,SH,318022000.0
2025-02-28,560990,SH,35187100.0
2025-02-28,561000,SH,127420000.0
2025-02-28,561010,SH,94356000.0
2025-02-28,561060,SH,55065000.0
2025-02-28,561100,SH,538746900.0
2025-02-28,561120,SH,91159900.0
2025-02-28,561130,SH,213935200.0
2025-02-28,561160,SH,1251835000.0
2025-02-28,561170,SH,108532700.0
2025-02-28,561180,SH,123609600.0
2025-02-28,561190,SH,922318000.0
2025-02-28,561200,SH,41470500.0
2025-02-28,561230,SH,2126477800.0
2025-02-28,561260,SH,79295200.0
2025-02-28,561280,SH,39847700.0
2025-02-28,561300,SH,2314965000.0
2025-02-28,561310,SH,87916600.0
2025-02-28,561320,SH,77369000.0
2025-02-28,561330,SH,57696100.0
2025-02-28,561350,SH,130700000.0
2025-02-28,561360,SH,88148000.0
2025-02-28,561370,SH,12356000.0
2025-02-28,561380,SH,90413600.0
2025-02-28,561500,SH,107100300.0
2025-02-28,561510,SH,89206000.0
2025-02-28,561550,SH,769489600.0000001
2025-02-28,561560,SH,446124200.0
2025-02-28,561570,SH,8147000.0
2025-02-28,561580,SH,484870700.0
2025-02-28,561590,SH,33999600.0
2025-02-28,561600,SH,194274000.0
2025-02-28,561700,SH,130313600.0
2025-02-28,561760,SH,25695000.0
2025-02-28,561780,SH,12955800.0
2025-02-28,561790,SH,47934000.0
2025-02-28,561800,SH,150577200.0
2025-02-28,561880,SH,368389000.0
2025-02-28,561900,SH,62334399.99999999
2025-02-28,561910,SH,1211076600.0
2025-02-28,561920,SH,31692000.0
2025-02-28,561930,SH,655260600.0
2025-02-28,561950,SH,67656000.0
2025-02-28,561960,SH,99985200.0
2025-02-28,561980,SH,596110000.0
2025-02-28,561990,SH,943649200.0
2025-02-28,562000,SH,3116368900.0
2025-02-28,562010,SH,24298700.0
2025-02-28,562030,SH,55486899.99999999
2025-02-28,562060,SH,1425396300.0
2025-02-28,562260,SH,11331500.0
2025-02-28,562300,SH,117495000.0
2025-02-28,562310,SH,1252572300.0
2025-02-28,562320,SH,178295500.0
2025-02-28,562330,SH,17018900.0
2025-02-28,562340,SH,19144300.0
2025-02-28,562350,SH,44410900.0
2025-02-28,562360,SH,377474000.0
2025-02-28,562380,SH,285628900.0
2025-02-28,562390,SH,70429000.0
2025-02-28,562500,SH,11255687300.0
2025-02-28,562510,SH,1045095000.0
2025-02-28,562520,SH,52568000.0
2025-02-28,562530,SH,54144000.0
2025-02-28,562550,SH,95419300.0
2025-02-28,562560,SH,27265500.0
2025-02-28,562570,SH,296281000.0
2025-02-28,562580,SH,24223300.0
2025-02-28,562590,SH,297663000.0
2025-02-28,562600,SH,74937400.0
2025-02-28,562660,SH,122874000.0
2025-02-28,562700,SH,27750000.0
2025-02-28,562800,SH,1939045000.0
2025-02-28,562820,SH,40136000.0
2025-02-28,562850,SH,136981500.0
2025-02-28,562860,SH,458895000.0
2025-02-28,562880,SH,656899600.0000001
2025-02-28,562890,SH,378551000.0
2025-02-28,562900,SH,118706300.0
2025-02-28,562910,SH,162227300.0
2025-02-28,562920,SH,65069000.0
2025-02-28,562930,SH,163437000.0
2025-02-28,562950,SH,312258300.0
2025-02-28,562960,SH,69891000.0
2025-02-28,562970,SH,162448000.0
2025-02-28,562990,SH,1511756000.0
2025-02-28,563000,SH,5333451100.0
2025-02-28,563010,SH,127189300.0
2025-02-28,563020,SH,1011910000.0
2025-02-28,563030,SH,149669000.0
2025-02-28,563050,SH,336208399.99999994
2025-02-28,563080,SH,4582588400.0
2025-02-28,563090,SH,61848000.0
2025-02-28,563150,SH,31399000.0
2025-02-28,563180,SH,306420000.0
2025-02-28,563200,SH,19458800.0
2025-02-28,563210,SH,36567000.0
2025-02-28,563220,SH,19475013700.0
2025-02-28,563280,SH,11206600.0
2025-02-28,563300,SH,2516174000.0
2025-02-28,563330,SH,35960600.0
2025-02-28,563350,SH,925997600.0
2025-02-28,563360,SH,16417987400.0
2025-02-28,563500,SH,1972979400.0
2025-02-28,563520,SH,1483065000.0
2025-02-28,563800,SH,21664978100.0
2025-02-28,563860,SH,1127844300.0
2025-02-28,563880,SH,9205996400.0
2025-02-28,588000,SH,71903668200.0
2025-02-28,588010,SH,497925800.0
2025-02-28,588020,SH,235791000.0
2025-02-28,588030,SH,7193838100.000001
2025-02-28,588050,SH,11633241299.999998
2025-02-28,588060,SH,8413140000.0
2025-02-28,588070,SH,40437000.0
2025-02-28,588080,SH,53776628099.99999
2025-02-28,588090,SH,4089072800.000001
2025-02-28,588100,SH,217748700.0
2025-02-28,588110,SH,187758000.0
2025-02-28,588120,SH,1143811000.0
2025-02-28,588150,SH,387932600.0
2025-02-28,588160,SH,255996000.0
2025-02-28,588180,SH,4805353700.0
2025-02-28,588190,SH,4351618300.0
2025-02-28,588200,SH,12792894800.0
2025-02-28,588210,SH,295754000.0
2025-02-28,588220,SH,5706697900.0
2025-02-28,588230,SH,254939000.0
2025-02-28,588240,SH,203633000.0
2025-02-28,588260,SH,103746000.0
2025-02-28,588280,SH,564121000.0
2025-02-28,588290,SH,1501397000.0
2025-02-28,588300,SH,2962210500.0
2025-02-28,588310,SH,118237500.0
2025-02-28,588320,SH,29824600.0
2025-02-28,588330,SH,2023737800.0
2025-02-28,588350,SH,1720546000.0
2025-02-28,588360,SH,737081799.9999999
2025-02-28,588370,SH,130772000.0
2025-02-28,588380,SH,4091770000.0
2025-02-28,588390,SH,404935900.0
2025-02-28,588400,SH,3090600600.0
2025-02-28,588450,SH,78568700.0
2025-02-28,588460,SH,499514000.0
2025-02-28,588500,SH,106647000.0
2025-02-28,588680,SH,29361000.0
2025-02-28,588700,SH,375336200.0
2025-02-28,588730,SH,266396300.0
2025-02-28,588750,SH,1129228000.0
2025-02-28,588760,SH,1636532000.0
2025-02-28,588780,SH,113951000.0
2025-02-28,588790,SH,1296692000.0
2025-02-28,588800,SH,3917377000.0
2025-02-28,588810,SH,75324000.0
2025-02-28,588820,SH,31400000.0
2025-02-28,588830,SH,398847900.0
2025-02-28,588860,SH,438444700.0
2025-02-28,588870,SH,110552000.0
2025-02-28,588880,SH,291368000.0
2025-02-28,588890,SH,251810000.0
2025-02-28,588900,SH,304783000.0
2025-02-28,588930,SH,447329000.0
2025-02-28,588950,SH,197729700.0
2025-02-28,588960,SH,44579799.99999999
2025-02-28,588990,SH,131745400.0
2025-02-28,589880,SH,1424996000.0
2025-03-31,510010,SH,149524400.0
2025-03-31,510020,SH,42348000.0
2025-03-31,510030,SH,187729800.0
2025-03-31,510040,SH,130480000.0
2025-03-31,510050,SH,53490366800.0
2025-03-31,510060,SH,55959200.0
2025-03-31,510090,SH,31581100.0
2025-03-31,510100,SH,1439606800.0
2025-03-31,510130,SH,38685100.0
2025-03-31,510150,SH,3465178600.0
2025-03-31,510160,SH,288057400.0
2025-03-31,510170,SH,184914800.0
2025-03-31,510180,SH,5844057700.0
2025-03-31,510190,SH,49650800.0
2025-03-31,510200,SH,138885500.0
2025-03-31,510210,SH,5900192600.0
2025-03-31,510230,SH,3536808000.0
2025-03-31,510270,SH,20832100.0
2025-03-31,510290,SH,84448900.0
2025-03-31,510300,SH,85060387700.0
2025-03-31,510310,SH,61076444000.0
2025-03-31,510330,SH,39640749800.0
2025-03-31,510350,SH,1038714700.0
2025-03-31,510360,SH,5885381200.0
2025-03-31,510370,SH,129258100.0
2025-03-31,510380,SH,1461802400.0
2025-03-31,510390,SH,136550000.0
2025-03-31,510410,SH,336258399.99999994
2025-03-31,510500,SH,16206168600.000002
2025-03-31,510510,SH,1071038300.0
2025-03-31,510530,SH,57479399.99999999
2025-03-31,510550,SH,19743300.0
2025-03-31,510560,SH,126318700.0
2025-03-31,510570,SH,25560600.0
2025-03-31,510580,SH,1062968300.0
2025-03-31,510590,SH,88386100.0
2025-03-31,510600,SH,15715100.0
2025-03-31,510630,SH,552361500.0
2025-03-31,510650,SH,18452500.0
2025-03-31,510660,SH,40879700.0
2025-03-31,510680,SH,43924700.0
2025-03-31,510710,SH,170618900.0
2025-03-31,510720,SH,1582766000.0
2025-03-31,510760,SH,2081503700.0
2025-03-31,510770,SH,32110700.0
2025-03-31,510800,SH,425576000.0
2025-03-31,510810,SH,9197193700.0
2025-03-31,510850,SH,76098900.0
2025-03-31,510880,SH,7312175699.999999
2025-03-31,510900,SH,8401021899.999999
2025-03-31,510950,SH,91200000.0
2025-03-31,510980,SH,296798000.0
2025-03-31,510990,SH,50948600.0
2025-03-31,511010,SH,18926300.0
2025-03-31,511020,SH,12212500.0
2025-03-31,511030,SH,111090700.0
2025-03-31,511060,SH,7996300.0
2025-03-31,511070,SH,46351000.0
2025-03-31,511090,SH,145608100.0
2025-03-31,511100,SH,4520500.0
2025-03-31,511110,SH,50389600.0
2025-03-31,511130,SH,59355700.0
2025-03-31,511160,SH,48260900.0
2025-03-31,511180,SH,506959700.0
2025-03-31,511190,SH,36054300.0
2025-03-31,511200,SH,27607500.0
2025-03-31,511220,SH,1462981400.0000002
2025-03-31,511260,SH,24266500.0
2025-03-31,511270,SH,14637500.0
2025-03-31,511360,SH,221374600.0
2025-03-31,511380,SH,3145986700.0
2025-03-31,511520,SH,346826500.0
2025-03-31,511580,SH,5274800.0
2025-03-31,512000,SH,24507917700.0
2025-03-31,512010,SH,61607694900.0
2025-03-31,512020,SH,4058012700.0
2025-03-31,512040,SH,2320715900.0
2025-03-31,512050,SH,19822992200.0
2025-03-31,512070,SH,9464479700.0
2025-03-31,512080,SH,1886186100.0
2025-03-31,512090,SH,257592300.0
2025-03-31,512100,SH,20645217600.0
2025-03-31,512120,SH,848241900.0
2025-03-31,512150,SH,84073400.0
2025-03-31,512160,SH,243777800.0
2025-03-31,512170,SH,76593820500.0
2025-03-31,512180,SH,68048000.0
2025-03-31,512190,SH,30718400.0
2025-03-31,512200,SH,4627097900.0
2025-03-31,512220,SH,226467600.0
2025-03-31,512260,SH,38097700.0
2025-03-31,512280,SH,34005700.0
2025-03-31,512290,SH,4132820700.0
2025-03-31,512330,SH,565188000.0
2025-03-31,512360,SH,42337700.00000001
2025-03-31,512380,SH,99805600.0
2025-03-31,512390,SH,168682000.0
2025-03-31,512400,SH,5116039000.0
2025-03-31,512480,SH,20319003600.0
2025-03-31,512500,SH,3889608800.0
2025-03-31,512510,SH,644929800.0
2025-03-31,512520,SH,63056400.0
2025-03-31,512530,SH,155502000.0
2025-03-31,512550,SH,240906000.0
2025-03-31,512560,SH,1130127000.0
2025-03-31,512570,SH,766806100.0
2025-03-31,512580,SH,1307071700.0
2025-03-31,512600,SH,756156100.0
2025-03-31,512640,SH,31740900.0
2025-03-31,512650,SH,392941600.00000006
2025-03-31,512660,SH,11431080000.0
2025-03-31,512670,SH,4560652600.0
2025-03-31,512680,SH,3245730100.0
2025-03-31,512690,SH,19871350200.0
2025-03-31,512700,SH,797081000.0
2025-03-31,512710,SH,11102658400.0
2025-03-31,512720,SH,857453400.0
2025-03-31,512730,SH,51083900.0
2025-03-31,512750,SH,72654900.0
2025-03-31,512760,SH,9243922800.0
2025-03-31,512770,SH,155767800.0
2025-03-31,512800,SH,5321540000.0
2025-03-31,512810,SH,448791700.0
2025-03-31,512820,SH,1521401900.0
2025-03-31,512870,SH,32410600.0
2025-03-31,512880,SH,28485291500.0
2025-03-31,512890,SH,13367110800.0
2025-03-31,512900,SH,6407406000.0
2025-03-31,512910,SH,297628800.0
2025-03-31,512930,SH,1418130300.0
2025-03-31,512950,SH,4327551000.0
2025-03-31,512960,SH,4041257300.0
2025-03-31,512970,SH,57987600.0
2025-03-31,512980,SH,2900924400.0
2025-03-31,512990,SH,151015400.0
2025-03-31,513000,SH,957911400.0
2025-03-31,513010,SH,14655307000.0
2025-03-31,513020,SH,620145400.0
2025-03-31,513030,SH,738279000.0
2025-03-31,513040,SH,424841300.0
2025-03-31,513050,SH,25829432700.0
2025-03-31,513060,SH,27417893300.0
2025-03-31,513070,SH,328760800.0
2025-03-31,513080,SH,543916000.0
2025-03-31,513090,SH,4754988000.0
2025-03-31,513100,SH,9499110600.0
2025-03-31,513110,SH,2189435000.0
2025-03-31,513120,SH,11385135400.0
2025-03-31,513130,SH,34189347000.0
2025-03-31,513140,SH,93868000.0
2025-03-31,513150,SH,142559800.0
2025-03-31,513160,SH,1064189300.0
2025-03-31,513170,SH,462573000.0
2025-03-31,513180,SH,32140759500.0
2025-03-31,513190,SH,411936000.0
2025-03-31,513200,SH,4290282100.0
2025-03-31,513210,SH,37942000.0
2025-03-31,513220,SH,215109400.0
2025-03-31,513230,SH,274422700.0
2025-03-31,513260,SH,2549243000.0
2025-03-31,513280,SH,305114500.0
2025-03-31,513290,SH,1208072100.0
2025-03-31,513300,SH,3623171000.0
2025-03-31,513310,SH,361427000.0
2025-03-31,513320,SH,188010600.0
2025-03-31,513330,SH,46171480000.0
2025-03-31,513350,SH,728746000.0
2025-03-31,513360,SH,965713900.0
2025-03-31,513380,SH,6443784900.0
2025-03-31,513390,SH,1179379100.0
2025-03-31,513400,SH,1905062000.0
2025-03-31,513500,SH,8658638600.0
2025-03-31,513520,SH,851887200.0
2025-03-31,513530,SH,982938700.0
2025-03-31,513550,SH,2659992000.0
2025-03-31,513560,SH,353386000.0
2025-03-31,513580,SH,3651118000.0
2025-03-31,513590,SH,584418900.0
2025-03-31,513600,SH,549829500.0
2025-03-31,513630,SH,7157359000.0
2025-03-31,513650,SH,2609734000.0
2025-03-31,513660,SH,1345000100.0
2025-03-31,513690,SH,4079979900.0
2025-03-31,513700,SH,1864846000.0
2025-03-31,513730,SH,1765355000.0
2025-03-31,513750,SH,1177838000.0
2025-03-31,513770,SH,3989068900.0
2025-03-31,513780,SH,151157000.0
2025-03-31,513800,SH,590244400.0
2025-03-31,513810,SH,34992000.0
2025-03-31,513820,SH,1914169000.0
2025-03-31,513830,SH,482311000.0
2025-03-31,513850,SH,1616892600.0
2025-03-31,513860,SH,1929470600.0
2025-03-31,513870,SH,1163671000.0
2025-03-31,513880,SH,1066970000.0
2025-03-31,513890,SH,342128000.0
2025-03-31,513900,SH,154978000.0
2025-03-31,513910,SH,2004276000.0
2025-03-31,513920,SH,2532731000.0
2025-03-31,513950,SH,960619000.0
2025-03-31,513970,SH,1517041000.0
2025-03-31,513980,SH,15905204000.0
2025-03-31,513990,SH,97000000.0
2025-03-31,515000,SH,2431289700.0
2025-03-31,515010,SH,853271600.0
2025-03-31,515020,SH,222845300.0
2025-03-31,515030,SH,3597384000.0
2025-03-31,515050,SH,5809068500.0
2025-03-31,515060,SH,1081478100.0
2025-03-31,515070,SH,4390970200.0
2025-03-31,515080,SH,5042148900.0
2025-03-31,515090,SH,5801700.0
2025-03-31,515100,SH,4636941500.0
2025-03-31,515110,SH,213295000.0
2025-03-31,515120,SH,7124993600.0
2025-03-31,515130,SH,193463200.0
2025-03-31,515150,SH,552703200.0
2025-03-31,515160,SH,385955100.0
2025-03-31,515170,SH,5812757900.0
2025-03-31,515180,SH,6957637000.0
2025-03-31,515190,SH,73466100.0
2025-03-31,515200,SH,105943200.0
2025-03-31,515210,SH,1312226099.9999998
2025-03-31,515220,SH,4000176900.0
2025-03-31,515230,SH,1638690900.0
2025-03-31,515250,SH,857944500.0
2025-03-31,515260,SH,527284200.0
2025-03-31,515290,SH,2786272900.0
2025-03-31,515300,SH,3860675200.0
2025-03-31,515310,SH,234111200.0
2025-03-31,515320,SH,226309000.0
2025-03-31,515330,SH,9710709500.0
2025-03-31,515350,SH,21599200.0
2025-03-31,515360,SH,37779300.0
2025-03-31,515380,SH,869499800.0
2025-03-31,515390,SH,566683000.0
2025-03-31,515400,SH,2151631400.0
2025-03-31,515450,SH,4984335000.0
2025-03-31,515530,SH,28242700.0
2025-03-31,515550,SH,51345700.0
2025-03-31,515560,SH,234883300.00000003
2025-03-31,515580,SH,504031400.0
2025-03-31,515590,SH,36113700.0
2025-03-31,515600,SH,1295797400.0
2025-03-31,515630,SH,230717700.0
2025-03-31,515650,SH,2159184000.0
2025-03-31,515660,SH,920494200.0
2025-03-31,515680,SH,1274264700.0
2025-03-31,515700,SH,1404510200.0
2025-03-31,515710,SH,1484599800.0
2025-03-31,515750,SH,476140500.0
2025-03-31,515760,SH,137888100.0
2025-03-31,515770,SH,72727300.0
2025-03-31,515780,SH,5785200.0
2025-03-31,515790,SH,14935494000.0
2025-03-31,515800,SH,4808687200.0
2025-03-31,515810,SH,215908800.0
2025-03-31,515850,SH,195291000.0
2025-03-31,515860,SH,152878900.0
2025-03-31,515880,SH,2452462300.0
2025-03-31,515890,SH,506443900.0
2025-03-31,515900,SH,2368646500.0
2025-03-31,515910,SH,461507000.0
2025-03-31,515920,SH,211405700.0
2025-03-31,515950,SH,853200600.0
2025-03-31,515960,SH,307991900.0
2025-03-31,515980,SH,2998064500.0
2025-03-31,515990,SH,81350200.0
2025-03-31,516000,SH,471855000.0
2025-03-31,516010,SH,1482693000.0
2025-03-31,516020,SH,768826200.0
2025-03-31,516050,SH,613228000.0
2025-03-31,516060,SH,230237400.00000003
2025-03-31,516070,SH,593646000.0
2025-03-31,516080,SH,732554800.0
2025-03-31,516090,SH,1889844800.0
2025-03-31,516100,SH,228759700.0
2025-03-31,516110,SH,450623100.0
2025-03-31,516120,SH,313082000.0
2025-03-31,516130,SH,139890000.0
2025-03-31,516150,SH,1558577000.0
2025-03-31,516160,SH,2501142000.0
2025-03-31,516180,SH,108987000.0
2025-03-31,516190,SH,20918500.0
2025-03-31,516200,SH,382604000.0
2025-03-31,516210,SH,89531000.0
2025-03-31,516220,SH,186170000.0
2025-03-31,516260,SH,115882600.0
2025-03-31,516270,SH,479909000.0
2025-03-31,516290,SH,549196900.0
2025-03-31,516300,SH,55012600.0
2025-03-31,516310,SH,988158500.0
2025-03-31,516320,SH,106589300.0
2025-03-31,516330,SH,43271300.0
2025-03-31,516350,SH,1164415300.0
2025-03-31,516360,SH,84551800.0
2025-03-31,516380,SH,122449300.0
2025-03-31,516390,SH,499261000.0
2025-03-31,516480,SH,21146100.0
2025-03-31,516500,SH,177937200.0
2025-03-31,516510,SH,2944890000.0
2025-03-31,516520,SH,343765500.0
2025-03-31,516530,SH,82302300.0
2025-03-31,516550,SH,326414400.0
2025-03-31,516560,SH,134758000.0
2025-03-31,516570,SH,81357600.0
2025-03-31,516580,SH,218124100.0
2025-03-31,516590,SH,97015000.0
2025-03-31,516600,SH,152332100.0
2025-03-31,516610,SH,173974800.0
2025-03-31,516620,SH,55267500.0
2025-03-31,516630,SH,599156000.0
2025-03-31,516640,SH,1680482800.0
2025-03-31,516650,SH,118464800.0
2025-03-31,516660,SH,437689000.0
2025-03-31,516670,SH,1072266300.0
2025-03-31,516700,SH,128122000.0
2025-03-31,516710,SH,90272000.0
2025-03-31,516720,SH,27337800.000000004
2025-03-31,516730,SH,98380800.0
2025-03-31,516750,SH,93667300.0
2025-03-31,516760,SH,244215100.0
2025-03-31,516770,SH,117048000.0
2025-03-31,516780,SH,689549800.0
2025-03-31,516790,SH,203482200.0
2025-03-31,516800,SH,145154000.0
2025-03-31,516810,SH,253478900.0
2025-03-31,516820,SH,5020415200.0
2025-03-31,516830,SH,189676900.0
2025-03-31,516850,SH,179237000.0
2025-03-31,516860,SH,754522000.0
2025-03-31,516880,SH,1271944100.0
2025-03-31,516890,SH,47311400.0
2025-03-31,516900,SH,161729000.0
2025-03-31,516910,SH,56141800.0
2025-03-31,516920,SH,647463000.0
2025-03-31,516930,SH,71639600.0
2025-03-31,516950,SH,566821000.0
2025-03-31,516960,SH,26051100.0
2025-03-31,516970,SH,2425042500.0
2025-03-31,516980,SH,34516000.0
2025-03-31,517000,SH,422793000.0
2025-03-31,517010,SH,75144200.0
2025-03-31,517030,SH,69040300.0
2025-03-31,517050,SH,549605000.0
2025-03-31,517080,SH,461166000.0
2025-03-31,517090,SH,312075000.0
2025-03-31,517100,SH,337102100.0
2025-03-31,517110,SH,497098500.0
2025-03-31,517120,SH,536966400.0
2025-03-31,517160,SH,1838777500.0
2025-03-31,517170,SH,46131800.0
2025-03-31,517180,SH,725496300.0
2025-03-31,517200,SH,165782000.0
2025-03-31,517300,SH,3321434500.0
2025-03-31,517330,SH,1830169000.0
2025-03-31,517350,SH,118042000.0
2025-03-31,517360,SH,40083000.0
2025-03-31,517380,SH,642326300.0
2025-03-31,517390,SH,286112600.0
2025-03-31,517400,SH,152792000.0
2025-03-31,517520,SH,2290404000.0
2025-03-31,517550,SH,69917400.0
2025-03-31,517660,SH,42280700.0
2025-03-31,517770,SH,28947800.000000004
2025-03-31,517800,SH,392539700.0
2025-03-31,517850,SH,68185200.0
2025-03-31,517880,SH,39337100.0
2025-03-31,517900,SH,121993500.0
2025-03-31,517990,SH,49987900.0
2025-03-31,518600,SH,142393600.0
2025-03-31,518660,SH,274952700.0
2025-03-31,518680,SH,159358000.0
2025-03-31,518800,SH,1705319900.0
2025-03-31,518850,SH,360678700.0
2025-03-31,518860,SH,163059800.0
2025-03-31,518880,SH,5929540800.0
2025-03-31,518890,SH,143654800.0
2025-03-31,520500,SH,194805000.0
2025-03-31,520520,SH,92606000.0
2025-03-31,520550,SH,213024000.0
2025-03-31,520580,SH,608983900.0
2025-03-31,520600,SH,600868000.0
2025-03-31,520660,SH,1170485500.0
2025-03-31,520700,SH,129076000.0
2025-03-31,520830,SH,696119000.0
2025-03-31,520890,SH,58008000.0
2025-03-31,520900,SH,3035675000.0
2025-03-31,520990,SH,5200470500.0
2025-03-31,530000,SH,1646029400.0
2025-03-31,530050,SH,193813000.0
2025-03-31,530080,SH,50917000.0
2025-03-31,530180,SH,173952000.0
2025-03-31,530280,SH,44934000.0
2025-03-31,530300,SH,181643000.0
2025-03-31,530580,SH,315149000.0
2025-03-31,530680,SH,666891900.0
2025-03-31,530800,SH,50201800.0
2025-03-31,530880,SH,141336000.0
2025-03-31,560000,SH,15022900.0
2025-03-31,560010,SH,9240621700.0
2025-03-31,560020,SH,63562000.0
2025-03-31,560030,SH,28432000.0
2025-03-31,560050,SH,6067434399.999999
2025-03-31,560060,SH,312090000.0
2025-03-31,560070,SH,318862300.0
2025-03-31,560080,SH,2070765000.0
2025-03-31,560090,SH,1645365000.0
2025-03-31,560100,SH,86580300.0
2025-03-31,560110,SH,253903500.0
2025-03-31,560150,SH,715279299.9999999
2025-03-31,560170,SH,1609995500.0
2025-03-31,560180,SH,28103000.0
2025-03-31,560190,SH,86834000.0
2025-03-31,560220,SH,45717000.0
2025-03-31,560260,SH,2008664700.0
2025-03-31,560280,SH,117252000.0
2025-03-31,560300,SH,64803400.0
2025-03-31,560330,SH,136130000.0
2025-03-31,560350,SH,2867532100.0
2025-03-31,560360,SH,123345000.0
2025-03-31,560380,SH,192861000.0
2025-03-31,560500,SH,565339000.0
2025-03-31,560510,SH,7427026899.999999
2025-03-31,560520,SH,3751000.0
2025-03-31,560530,SH,9391623700.0
2025-03-31,560550,SH,571597400.0
2025-03-31,560560,SH,127190100.0
2025-03-31,560580,SH,55003000.0
2025-03-31,560590,SH,13710000.0
2025-03-31,560610,SH,13834988400.0
2025-03-31,560620,SH,70367000.0
2025-03-31,560650,SH,12419200.0
2025-03-31,560660,SH,66969000.0
2025-03-31,560680,SH,174725600.0
2025-03-31,560690,SH,22639000.0
2025-03-31,560700,SH,995536900.0
2025-03-31,560750,SH,186554800.0
2025-03-31,560780,SH,150496000.0
2025-03-31,560800,SH,961951100.0
2025-03-31,560810,SH,522116000.0
2025-03-31,560850,SH,202164000.0
2025-03-31,560860,SH,698233000.0
2025-03-31,560880,SH,309232000.0
2025-03-31,560890,SH,54981200.0
2025-03-31,560900,SH,46969100.0
2025-03-31,560950,SH,35483000.0
2025-03-31,560960,SH,30598900.0
2025-03-31,560980,SH,345022000.0
2025-03-31,560990,SH,35187100.0
2025-03-31,561000,SH,122420000.0
2025-03-31,561010,SH,103356000.0
2025-03-31,561060,SH,51565000.0
2025-03-31,561100,SH,578746900.0
2025-03-31,561120,SH,100159900.0
2025-03-31,561130,SH,219935200.0
2025-03-31,561160,SH,1269835000.0
2025-03-31,561170,SH,153532700.0
2025-03-31,561180,SH,111609600.0
2025-03-31,561190,SH,886318000.0
2025-03-31,561200,SH,41470500.0
2025-03-31,561230,SH,1988477800.0
2025-03-31,561260,SH,79095200.0
2025-03-31,561280,SH,36847700.0
2025-03-31,561300,SH,2557965000.0
2025-03-31,561310,SH,86916600.0
2025-03-31,561320,SH,77369000.0
2025-03-31,561330,SH,75696100.0
2025-03-31,561350,SH,130700000.0
2025-03-31,561360,SH,98148000.0
2025-03-31,561370,SH,12356000.0
2025-03-31,561380,SH,86413600.0
2025-03-31,561500,SH,104100300.0
2025-03-31,561510,SH,89206000.0
2025-03-31,561550,SH,727489600.0000001
2025-03-31,561560,SH,496124200.0
2025-03-31,561570,SH,7147000.0
2025-03-31,561580,SH,488870700.0
2025-03-31,561590,SH,31499600.0
2025-03-31,561600,SH,214274000.0
2025-03-31,561700,SH,147313600.0
2025-03-31,561760,SH,28695000.0
2025-03-31,561780,SH,10955800.0
2025-03-31,561790,SH,48934000.0
2025-03-31,561800,SH,168577200.0
2025-03-31,561880,SH,446389000.0
2025-03-31,561900,SH,59334399.99999999
2025-03-31,561910,SH,1251076600.0
2025-03-31,561920,SH,30692000.0
2025-03-31,561930,SH,559260600.0
2025-03-31,561950,SH,69156000.0
2025-03-31,561960,SH,88385200.0
2025-03-31,561980,SH,627110000.0
2025-03-31,561990,SH,979649200.0
2025-03-31,562000,SH,2696368900.0
2025-03-31,562010,SH,21298700.0
2025-03-31,562030,SH,60486899.99999999
2025-03-31,562060,SH,1402896300.0
2025-03-31,562260,SH,11331500.0
2025-03-31,562300,SH,116495000.0
2025-03-31,562310,SH,1150572300.0
2025-03-31,562320,SH,130295500.0
2025-03-31,562330,SH,15018900.000000002
2025-03-31,562340,SH,15144300.0
2025-03-31,562350,SH,52410900.0
2025-03-31,562360,SH,445474000.0
2025-03-31,562380,SH,273628900.0
2025-03-31,562390,SH,69429000.0
2025-03-31,562500,SH,13328687300.0
2025-03-31,562510,SH,1052095000.0
2025-03-31,562520,SH,46568000.0
2025-03-31,562530,SH,48144000.0
2025-03-31,562550,SH,118419300.0
2025-03-31,562560,SH,25765500.0
2025-03-31,562570,SH,337281000.0
2025-03-31,562580,SH,25723300.0
2025-03-31,562590,SH,314663000.0
2025-03-31,562600,SH,74937400.0
2025-03-31,562660,SH,100874000.0
2025-03-31,562700,SH,30750000.0
2025-03-31,562800,SH,2083495000.0
2025-03-31,562810,SH,150451000.0
2025-03-31,562820,SH,38136000.0
2025-03-31,562850,SH,132981500.0
2025-03-31,562860,SH,444895000.0
2025-03-31,562880,SH,667399600.0000001
2025-03-31,562890,SH,462551000.0
2025-03-31,562900,SH,110706300.0
2025-03-31,562910,SH,161227300.0
2025-03-31,562920,SH,66069000.0
2025-03-31,562930,SH,168437000.0
2025-03-31,562950,SH,342258300.0
2025-03-31,562960,SH,81891000.0
2025-03-31,562970,SH,170448000.0
2025-03-31,562990,SH,1448756000.0
2025-03-31,563000,SH,5095951100.0
2025-03-31,563010,SH,153189300.0
2025-03-31,563020,SH,1142910000.0
2025-03-31,563030,SH,124169000.0
2025-03-31,563050,SH,293208400.0
2025-03-31,563080,SH,3540588400.0000005
2025-03-31,563090,SH,55848000.0
2025-03-31,563150,SH,30399000.0
2025-03-31,563180,SH,278420000.0
2025-03-31,563200,SH,19458800.0
2025-03-31,563210,SH,32067000.0
2025-03-31,563220,SH,18131013700.0
2025-03-31,563280,SH,9706600.0
2025-03-31,563300,SH,1721174000.0
2025-03-31,563330,SH,34660600.0
2025-03-31,563350,SH,889997600.0
2025-03-31,563360,SH,14497987400.0
2025-03-31,563500,SH,1579979400.0
2025-03-31,563520,SH,1264065000.0
2025-03-31,563800,SH,21463978100.0
2025-03-31,563860,SH,1187844300.0
2025-03-31,563880,SH,7414996400.0
2025-03-31,588000,SH,76790668200.0
2025-03-31,588010,SH,442925800.0
2025-03-31,588020,SH,249791000.0
2025-03-31,588030,SH,6332838100.000001
2025-03-31,588050,SH,11377241299.999998
2025-03-31,588060,SH,8617140000.0
2025-03-31,588070,SH,36437000.0
2025-03-31,588080,SH,55270628099.99999
2025-03-31,588090,SH,4200072800.000001
2025-03-31,588100,SH,203748700.0
2025-03-31,588110,SH,169758000.0
2025-03-31,588120,SH,1062811000.0
2025-03-31,588150,SH,390932600.0
2025-03-31,588160,SH,246996000.0
2025-03-31,588180,SH,5106353700.0
2025-03-31,588190,SH,3496618300.0
2025-03-31,588200,SH,15057894800.0
2025-03-31,588210,SH,273254000.0
2025-03-31,588220,SH,5003197900.0
2025-03-31,588230,SH,209939000.0
2025-03-31,588240,SH,110633000.0
2025-03-31,588250,SH,433675000.0
2025-03-31,588260,SH,103746000.0
2025-03-31,588280,SH,584121000.0
2025-03-31,588290,SH,1561397000.0
2025-03-31,588300,SH,3184210500.0
2025-03-31,588310,SH,117037500.0
2025-03-31,588320,SH,29824600.0
2025-03-31,588330,SH,2057737800.0
2025-03-31,588350,SH,1730546000.0
2025-03-31,588360,SH,751081799.9999999
2025-03-31,588370,SH,110772000.0
2025-03-31,588380,SH,4211770000.0
2025-03-31,588390,SH,413935900.0
2025-03-31,588400,SH,3219600600.0
2025-03-31,588450,SH,72568700.0
2025-03-31,588460,SH,568514000.0
2025-03-31,588500,SH,101647000.0
2025-03-31,588660,SH,442344000.0
2025-03-31,588680,SH,29361000.0
2025-03-31,588700,SH,380336200.0
2025-03-31,588730,SH,425396300.0
2025-03-31,588750,SH,1267228000.0
2025-03-31,588760,SH,2272532000.0
2025-03-31,588770,SH,416597100.0
2025-03-31,588780,SH,169951000.0
2025-03-31,588790,SH,4294384000.0
2025-03-31,588800,SH,3529877000.0
2025-03-31,588810,SH,81324000.0
2025-03-31,588820,SH,28400000.0
2025-03-31,588830,SH,419847900.0
2025-03-31,588840,SH,223236000.0
2025-03-31,588860,SH,338444700.0
2025-03-31,588870,SH,143552000.0
2025-03-31,588880,SH,249368000.0
2025-03-31,588890,SH,332810000.0
2025-03-31,588900,SH,301783000.0
2025-03-31,588930,SH,603329000.0
2025-03-31,588950,SH,182729700.0
2025-03-31,588960,SH,22579800.0
2025-03-31,588990,SH,151745400.0
2025-03-31,589000,SH,839507800.0
2025-03-31,589060,SH,287137900.0
2025-03-31,589080,SH,633061000.0
2025-03-31,589500,SH,480064000.0
2025-03-31,589520,SH,280552300.0
2025-03-31,589600,SH,1470535000.0
2025-03-31,589630,SH,1458629000.0
2025-03-31,589660,SH,557530000.0
2025-03-31,589680,SH,1569943700.0
2025-03-31,589770,SH,403569200.0
2025-03-31,589800,SH,1327988200.0
2025-03-31,589860,SH,942224000.0
2025-03-31,589880,SH,929996000.0
2025-03-31,589890,SH,684987000.0
2025-03-31,589900,SH,1128908200.0
2025-03-31,589990,SH,450090000.0
2025-04-30,510010,SH,148524400.0
2025-04-30,510020,SH,43948000.0
2025-04-30,510030,SH,167729800.0
2025-04-30,510040,SH,124480000.0
2025-04-30,510050,SH,60204366800.0
2025-04-30,510060,SH,56959200.0
2025-04-30,510090,SH,32081100.0
2025-04-30,510100,SH,1703306800.0
2025-04-30,510130,SH,38685100.0
2025-04-30,510150,SH,3465178600.0
2025-04-30,510160,SH,284057400.0
2025-04-30,510170,SH,178914800.0
2025-04-30,510180,SH,5836057700.0
2025-04-30,510190,SH,48650800.0
2025-04-30,510200,SH,130385500.0
2025-04-30,510210,SH,6017192600.0
2025-04-30,510230,SH,3529808000.0
2025-04-30,510270,SH,19832100.0
2025-04-30,510290,SH,82448900.0
2025-04-30,510300,SH,96456187700.0
2025-04-30,510310,SH,69698444000.0
2025-04-30,510320,SH,631068500.0
2025-04-30,510330,SH,48812649800.00001
2025-04-30,510350,SH,1014414700.0
2025-04-30,510360,SH,5762381200.0
2025-04-30,510370,SH,132258100.0
2025-04-30,510380,SH,1455802400.0
2025-04-30,510390,SH,135650000.0
2025-04-30,510410,SH,294258400.0
2025-04-30,510500,SH,19400568600.0
2025-04-30,510510,SH,1049038300.0
2025-04-30,510530,SH,57979399.99999999
2025-04-30,510550,SH,19743300.0
2025-04-30,510560,SH,126318700.0
2025-04-30,510570,SH,25560600.0
2025-04-30,510580,SH,1008568300.0
2025-04-30,510590,SH,89986100.0
2025-04-30,510600,SH,17815100.0
2025-04-30,510630,SH,514361500.0
2025-04-30,510650,SH,14952500.0
2025-04-30,510660,SH,39879700.0
2025-04-30,510680,SH,38524700.0
2025-04-30,510710,SH,166718900.0
2025-04-30,510720,SH,1977766000.0
2025-04-30,510760,SH,2087503700.0
2025-04-30,510770,SH,32110700.0
2025-04-30,510800,SH,418576000.0
2025-04-30,510810,SH,9203693700.0
2025-04-30,510850,SH,68298900.0
2025-04-30,510880,SH,7198675699.999999
2025-04-30,510900,SH,8709021900.0
2025-04-30,510950,SH,74700000.0
2025-04-30,510980,SH,311798000.0
2025-04-30,510990,SH,50948600.0
2025-04-30,511010,SH,19326300.0
2025-04-30,511020,SH,12512500.0
2025-04-30,511030,SH,126560700.0
2025-04-30,511060,SH,9246300.0
2025-04-30,511070,SH,63451000.0
2025-04-30,511090,SH,132678100.0
2025-04-30,511100,SH,4570500.0
2025-04-30,511110,SH,75919600.0
2025-04-30,511130,SH,57709700.0
2025-04-30,511160,SH,39680900.0
2025-04-30,511180,SH,521059700.0
2025-04-30,511190,SH,49644300.0
2025-04-30,511200,SH,36597500.0
2025-04-30,511220,SH,1596081400.0000002
2025-04-30,511260,SH,24976500.0
2025-04-30,511270,SH,17237500.0
2025-04-30,511360,SH,331814600.0
2025-04-30,511380,SH,2979986700.0
2025-04-30,511520,SH,395226500.0
2025-04-30,511580,SH,5492800.0
2025-04-30,512000,SH,23244317700.0
2025-04-30,512010,SH,62172694900.0
2025-04-30,512020,SH,3926012700.0
2025-04-30,512040,SH,2085715900.0
2025-04-30,512050,SH,17617992200.0
2025-04-30,512070,SH,8650479700.0
2025-04-30,512080,SH,1508186099.9999998
2025-04-30,512090,SH,253592300.0
2025-04-30,512100,SH,26267217600.0
2025-04-30,512120,SH,836241900.0
2025-04-30,512150,SH,81073400.0
2025-04-30,512160,SH,237777800.0
2025-04-30,512170,SH,81136820500.0
2025-04-30,512180,SH,66048000.0
2025-04-30,512190,SH,31418400.0
2025-04-30,512200,SH,4749347900.0
2025-04-30,512220,SH,227967600.0
2025-04-30,512240,SH,176186000.0
2025-04-30,512250,SH,20600100.000000004
2025-04-30,512260,SH,38097700.0
2025-04-30,512280,SH,34005700.0
2025-04-30,512290,SH,4193820700.0
2025-04-30,512330,SH,553188000.0
2025-04-30,512360,SH,42337700.00000001
2025-04-30,512380,SH,99805600.0
2025-04-30,512390,SH,165682000.0
2025-04-30,512400,SH,4365539000.0
2025-04-30,512480,SH,20005003600.0
2025-04-30,512500,SH,3810408800.0
2025-04-30,512510,SH,641929800.0
2025-04-30,512520,SH,63056400.0
2025-04-30,512530,SH,147502000.0
2025-04-30,512550,SH,236906000.0
2025-04-30,512560,SH,1207127000.0
2025-04-30,512570,SH,729806100.0
2025-04-30,512580,SH,1310671700.0
2025-04-30,512600,SH,749656100.0
2025-04-30,512640,SH,31740900.0
2025-04-30,512650,SH,378941600.00000006
2025-04-30,512660,SH,12999080000.0
2025-04-30,512670,SH,5313652600.0
2025-04-30,512680,SH,3541730100.0
2025-04-30,512690,SH,18474350200.0
2025-04-30,512700,SH,848581000.0
2025-04-30,512710,SH,13019658400.0
2025-04-30,512720,SH,1042453400.0
2025-04-30,512730,SH,47583900.0
2025-04-30,512750,SH,73554900.0
2025-04-30,512760,SH,9153922800.0
2025-04-30,512770,SH,154767800.0
2025-04-30,512800,SH,4937540000.0
2025-04-30,512810,SH,535791700.0
2025-04-30,512820,SH,1125701900.0
2025-04-30,512870,SH,32410600.0
2025-04-30,512880,SH,26950291500.0
2025-04-30,512890,SH,14299110800.0
2025-04-30,512900,SH,6346406000.0
2025-04-30,512910,SH,291628800.0
2025-04-30,512930,SH,1430130300.0
2025-04-30,512950,SH,4286551000.0
2025-04-30,512960,SH,4028257300.0
2025-04-30,512970,SH,56987600.0
2025-04-30,512980,SH,3380924400.0
2025-04-30,512990,SH,151015400.0
2025-04-30,513000,SH,1035911400.0
2025-04-30,513010,SH,17132307000.0
2025-04-30,513020,SH,1028145400.0
2025-04-30,513030,SH,729779000.0
2025-04-30,513040,SH,483841300.0
2025-04-30,513050,SH,25507432700.0
2025-04-30,513060,SH,21367893300.0
2025-04-30,513070,SH,414760800.0
2025-04-30,513080,SH,535916000.0
2025-04-30,513090,SH,4897988000.0
2025-04-30,513100,SH,9499110600.0
2025-04-30,513110,SH,2398435000.0
2025-04-30,513120,SH,11608135400.0
2025-04-30,513130,SH,35997347000.0
2025-04-30,513140,SH,56368000.0
2025-04-30,513150,SH,125559800.0
2025-04-30,513160,SH,1195189300.0
2025-04-30,513170,SH,491573000.0
2025-04-30,513180,SH,38628759500.0
2025-04-30,513190,SH,462936000.0
2025-04-30,513200,SH,4155282100.0
2025-04-30,513210,SH,54942000.0
2025-04-30,513220,SH,267109400.0
2025-04-30,513230,SH,304422700.0
2025-04-30,513260,SH,3193243000.0
2025-04-30,513280,SH,305114500.0
2025-04-30,513290,SH,1135072100.0
2025-04-30,513300,SH,4373171000.0
2025-04-30,513310,SH,347427000.0
2025-04-30,513320,SH,184010600.0
2025-04-30,513330,SH,51397480000.0
2025-04-30,513350,SH,728746000.0
2025-04-30,513360,SH,1280713900.0
2025-04-30,513380,SH,7737784900.0
2025-04-30,513390,SH,1713379100.0
2025-04-30,513400,SH,1650062000.0
2025-04-30,513500,SH,9354638600.0
2025-04-30,513520,SH,931887200.0
2025-04-30,513530,SH,1045938700.0
2025-04-30,513550,SH,2561992000.0
2025-04-30,513560,SH,368386000.0
2025-04-30,513580,SH,3815118000.0
2025-04-30,513590,SH,487518900.0
2025-04-30,513600,SH,653829500.0
2025-04-30,513630,SH,7510359000.0
2025-04-30,513650,SH,2467734000.0
2025-04-30,513660,SH,1397000100.0
2025-04-30,513690,SH,4094979900.0
2025-04-30,513700,SH,1797846000.0
2025-04-30,513730,SH,1590355000.0
2025-04-30,513750,SH,1276838000.0
2025-04-30,513770,SH,4724068900.0
2025-04-30,513780,SH,464657000.0
2025-04-30,513800,SH,594244400.0
2025-04-30,513810,SH,66992000.0
2025-04-30,513820,SH,2250169000.0
2025-04-30,513830,SH,381311000.0
2025-04-30,513850,SH,1683892600.0
2025-04-30,513860,SH,2686470600.0
2025-04-30,513870,SH,1224671000.0
2025-04-30,513880,SH,1066970000.0
2025-04-30,513890,SH,390128000.0
2025-04-30,513900,SH,179978000.0
2025-04-30,513910,SH,1991276000.0
2025-04-30,513920,SH,2696231000.0
2025-04-30,513950,SH,1019619000.0
2025-04-30,513970,SH,1957041000.0
2025-04-30,513980,SH,21186204000.0
2025-04-30,513990,SH,132000000.0
2025-04-30,515000,SH,2445289700.0
2025-04-30,515010,SH,825271600.0
2025-04-30,515020,SH,215345300.0
2025-04-30,515030,SH,3596384000.0
2025-04-30,515050,SH,6105068500.0
2025-04-30,515060,SH,1027478100.0
2025-04-30,515070,SH,4318970200.0
2025-04-30,515080,SH,5028148900.0
2025-04-30,515090,SH,5801700.0
2025-04-30,515100,SH,4420441500.0
2025-04-30,515110,SH,211295000.0
2025-04-30,515120,SH,7047993600.0
2025-04-30,515130,SH,190463200.0
2025-04-30,515150,SH,554703200.0
2025-04-30,515160,SH,381955100.0
2025-04-30,515170,SH,5692757900.0
2025-04-30,515180,SH,6938637000.0
2025-04-30,515190,SH,71466100.0
2025-04-30,515200,SH,100943200.0
2025-04-30,515210,SH,1572226099.9999998
2025-04-30,515220,SH,3621676900.0
2025-04-30,515230,SH,1633690900.0
2025-04-30,515250,SH,760944500.0
2025-04-30,515260,SH,512284200.0
2025-04-30,515290,SH,2829472900.0
2025-04-30,515300,SH,3973175200.0
2025-04-30,515310,SH,244611200.0
2025-04-30,515320,SH,219309000.0
2025-04-30,515330,SH,9302709500.0
2025-04-30,515350,SH,22499200.0
2025-04-30,515360,SH,37279300.0
2025-04-30,515380,SH,828999800.0
2025-04-30,515390,SH,570683000.0
2025-04-30,515400,SH,2135631400.0
2025-04-30,515450,SH,5769335000.0
2025-04-30,515530,SH,29042700.0
2025-04-30,515550,SH,51345700.0
2025-04-30,515560,SH,231883300.00000003
2025-04-30,515580,SH,506031400.0
2025-04-30,515590,SH,36113700.0
2025-04-30,515600,SH,1279797400.0
2025-04-30,515630,SH,219217700.0
2025-04-30,515650,SH,2179184000.0
2025-04-30,515660,SH,892594200.0
2025-04-30,515680,SH,1288264700.0
2025-04-30,515700,SH,1390510200.0
2025-04-30,515710,SH,1418599800.0
2025-04-30,515750,SH,485140500.0
2025-04-30,515760,SH,137388100.0
2025-04-30,515770,SH,69727300.0
2025-04-30,515780,SH,5785200.0
2025-04-30,515790,SH,13747494000.0
2025-04-30,515800,SH,4637687200.0
2025-04-30,515810,SH,188908800.0
2025-04-30,515850,SH,197791000.0
2025-04-30,515860,SH,153878900.0
2025-04-30,515880,SH,2638462300.0
2025-04-30,515890,SH,503443900.0
2025-04-30,515900,SH,2350646500.0
2025-04-30,515910,SH,458507000.0
2025-04-30,515920,SH,215905700.0
2025-04-30,515950,SH,772200600.0
2025-04-30,515960,SH,305991900.0
2025-04-30,515980,SH,3514064500.0
2025-04-30,515990,SH,80350200.0
2025-04-30,516000,SH,435855000.0
2025-04-30,516010,SH,1466693000.0
2025-04-30,516020,SH,756826200.0
2025-04-30,516050,SH,618228000.0
2025-04-30,516060,SH,195237400.00000003
2025-04-30,516070,SH,582646000.0
2025-04-30,516080,SH,758554800.0
2025-04-30,516090,SH,1907844800.0
2025-04-30,516100,SH,225759700.0
2025-04-30,516110,SH,339623100.0
2025-04-30,516120,SH,306082000.0
2025-04-30,516130,SH,138890000.0
2025-04-30,516150,SH,1544577000.0
2025-04-30,516160,SH,2517142000.0
2025-04-30,516180,SH,109987000.0
2025-04-30,516190,SH,18518500.0
2025-04-30,516200,SH,379604000.0
2025-04-30,516210,SH,90731000.0
2025-04-30,516220,SH,187170000.0
2025-04-30,516260,SH,115882600.0
2025-04-30,516270,SH,493409000.0
2025-04-30,516290,SH,601196900.0
2025-04-30,516300,SH,43012600.0
2025-04-30,516310,SH,957258500.0
2025-04-30,516320,SH,106589300.0
2025-04-30,516330,SH,27671300.0
2025-04-30,516350,SH,1156415300.0
2025-04-30,516360,SH,83551800.0
2025-04-30,516380,SH,126449300.0
2025-04-30,516390,SH,509761000.0
2025-04-30,516460,SH,186693000.0
2025-04-30,516480,SH,23146100.0
2025-04-30,516500,SH,187937200.0
2025-04-30,516510,SH,3166890000.0
2025-04-30,516520,SH,317765500.0
2025-04-30,516530,SH,80802300.0
2025-04-30,516550,SH,364414400.0
2025-04-30,516560,SH,134758000.0
2025-04-30,516570,SH,86357600.0
2025-04-30,516580,SH,216124100.0
2025-04-30,516590,SH,95015000.0
2025-04-30,516600,SH,143332100.0
2025-04-30,516610,SH,189974800.0
2025-04-30,516620,SH,54267500.0
2025-04-30,516630,SH,535156000.0
2025-04-30,516640,SH,1530482800.0
2025-04-30,516650,SH,106464800.0
2025-04-30,516660,SH,414689000.0
2025-04-30,516670,SH,991266300.0
2025-04-30,516700,SH,124122000.0
2025-04-30,516710,SH,86272000.0
2025-04-30,516720,SH,27337800.000000004
2025-04-30,516730,SH,80880800.0
2025-04-30,516750,SH,91667300.0
2025-04-30,516760,SH,223215100.0
2025-04-30,516770,SH,122048000.0
2025-04-30,516780,SH,858549800.0
2025-04-30,516790,SH,200882200.0
2025-04-30,516800,SH,147154000.0
2025-04-30,516810,SH,273478900.0
2025-04-30,516820,SH,4913415200.0
2025-04-30,516830,SH,242176900.0
2025-04-30,516850,SH,177237000.0
2025-04-30,516860,SH,729522000.0
2025-04-30,516880,SH,1351944100.0
2025-04-30,516890,SH,49311400.0
2025-04-30,516900,SH,143729000.0
2025-04-30,516910,SH,55641800.0
2025-04-30,516920,SH,635463000.0
2025-04-30,516930,SH,68639600.0
2025-04-30,516950,SH,551821000.0
2025-04-30,516960,SH,24051100.0
2025-04-30,516970,SH,2373042500.0
2025-04-30,516980,SH,34016000.0
2025-04-30,517000,SH,417793000.0
2025-04-30,517010,SH,72144200.0
2025-04-30,517030,SH,69040300.0
2025-04-30,517050,SH,549605000.0
2025-04-30,517080,SH,457166000.0
2025-04-30,517090,SH,302075000.0
2025-04-30,517100,SH,332602100.0
2025-04-30,517110,SH,442098500.0
2025-04-30,517120,SH,508966400.0
2025-04-30,517160,SH,1838777500.0
2025-04-30,517170,SH,41131800.0
2025-04-30,517180,SH,610496300.0
2025-04-30,517200,SH,165782000.0
2025-04-30,517300,SH,3288434500.0
2025-04-30,517330,SH,1828169000.0
2025-04-30,517350,SH,118042000.0
2025-04-30,517360,SH,35583000.0
2025-04-30,517380,SH,658326300.0
2025-04-30,517390,SH,265112600.0
2025-04-30,517400,SH,121792000.0
2025-04-30,517520,SH,2650904000.0
2025-04-30,517550,SH,72917400.0
2025-04-30,517660,SH,54280700.0
2025-04-30,517770,SH,33947800.0
2025-04-30,517800,SH,381539700.0
2025-04-30,517850,SH,42185200.00000001
2025-04-30,517880,SH,39337100.0
2025-04-30,517900,SH,127993500.0
2025-04-30,517990,SH,45987900.0
2025-04-30,518600,SH,273793600.0
2025-04-30,518660,SH,533852700.0
2025-04-30,518680,SH,320769500.0
2025-04-30,518800,SH,2640419900.0
2025-04-30,518850,SH,598278700.0
2025-04-30,518860,SH,318159800.0
2025-04-30,518880,SH,7969540800.0
2025-04-30,518890,SH,312254800.0
2025-04-30,520500,SH,300305000.0
2025-04-30,520520,SH,77606000.0
2025-04-30,520550,SH,255024000.0
2025-04-30,520580,SH,553983900.0
2025-04-30,520600,SH,514868000.0
2025-04-30,520660,SH,1175485500.0
2025-04-30,520700,SH,204076000.0
2025-04-30,520830,SH,800619000.0
2025-04-30,520890,SH,59508000.0
2025-04-30,520900,SH,2561175000.0
2025-04-30,520990,SH,5275470500.0
2025-04-30,530000,SH,1649029400.0
2025-04-30,530050,SH,188813000.0
2025-04-30,530080,SH,44917000.0
2025-04-30,530180,SH,163952000.0
2025-04-30,530280,SH,116934000.0
2025-04-30,530300,SH,173643000.0
2025-04-30,530580,SH,311149000.0
2025-04-30,530680,SH,646891900.0
2025-04-30,530800,SH,44201800.0
2025-04-30,530880,SH,135836000.0
2025-04-30,560000,SH,15022900.0
2025-04-30,560010,SH,11700621700.0
2025-04-30,560020,SH,61562000.0
2025-04-30,560030,SH,28432000.0
2025-04-30,560050,SH,5877434399.999999
2025-04-30,560060,SH,305090000.0
2025-04-30,560070,SH,340262300.00000006
2025-04-30,560080,SH,1960265000.0
2025-04-30,560090,SH,1620865000.0
2025-04-30,560100,SH,88080300.0
2025-04-30,560110,SH,292903500.0
2025-04-30,560150,SH,710279299.9999999
2025-04-30,560170,SH,1799995500.0
2025-04-30,560180,SH,25603000.0
2025-04-30,560190,SH,72834000.0
2025-04-30,560220,SH,45717000.0
2025-04-30,560260,SH,2034664700.0
2025-04-30,560280,SH,98752000.0
2025-04-30,560300,SH,57803400.0
2025-04-30,560330,SH,127130000.0
2025-04-30,560350,SH,2789532100.0
2025-04-30,560360,SH,111345000.0
2025-04-30,560380,SH,192861000.0
2025-04-30,560500,SH,570339000.0
2025-04-30,560510,SH,7376026899.999999
2025-04-30,560520,SH,3751000.0
2025-04-30,560530,SH,8833623700.0
2025-04-30,560550,SH,563597400.0
2025-04-30,560560,SH,124190100.0
2025-04-30,560580,SH,56003000.0
2025-04-30,560590,SH,10710000.0
2025-04-30,560610,SH,11611988400.0
2025-04-30,560620,SH,63867000.0
2025-04-30,560630,SH,531394000.0
2025-04-30,560650,SH,12419200.0
2025-04-30,560660,SH,69969000.0
2025-04-30,560680,SH,156725600.0
2025-04-30,560690,SH,21889000.0
2025-04-30,560700,SH,885536900.0
2025-04-30,560750,SH,129554800.0
2025-04-30,560780,SH,146496000.0
2025-04-30,560800,SH,975951100.0
2025-04-30,560810,SH,527116000.0
2025-04-30,560820,SH,51926000.0
2025-04-30,560850,SH,222164000.0
2025-04-30,560860,SH,481233000.0
2025-04-30,560880,SH,304732000.0
2025-04-30,560890,SH,63981200.0
2025-04-30,560900,SH,46969100.0
2025-04-30,560950,SH,43483000.0
2025-04-30,560960,SH,15598900.000000002
2025-04-30,560980,SH,342022000.0
2025-04-30,560990,SH,36187100.0
2025-04-30,561000,SH,114920000.0
2025-04-30,561010,SH,105356000.0
2025-04-30,561060,SH,50065000.0
2025-04-30,561080,SH,420250000.0
2025-04-30,561100,SH,524746900.0
2025-04-30,561120,SH,110659900.0
2025-04-30,561130,SH,201935200.0
2025-04-30,561160,SH,1292335000.0
2025-04-30,561170,SH,123532700.0
2025-04-30,561180,SH,107609600.0
2025-04-30,561190,SH,873318000.0
2025-04-30,561200,SH,41470500.0
2025-04-30,561230,SH,1976477800.0
2025-04-30,561260,SH,55695200.00000001
2025-04-30,561280,SH,36847700.0
2025-04-30,561300,SH,2560965000.0
2025-04-30,561310,SH,76916600.0
2025-04-30,561320,SH,69369000.0
2025-04-30,561330,SH,74696100.0
2025-04-30,561350,SH,145700000.0
2025-04-30,561360,SH,110148000.0
2025-04-30,561370,SH,16356000.0
2025-04-30,561380,SH,87413600.0
2025-04-30,561500,SH,87600300.0
2025-04-30,561510,SH,86206000.0
2025-04-30,561550,SH,728989600.0000001
2025-04-30,561560,SH,500624200.0
2025-04-30,561570,SH,12147000.0
2025-04-30,561580,SH,510870700.0
2025-04-30,561590,SH,31499600.0
2025-04-30,561600,SH,220274000.0
2025-04-30,561700,SH,156813600.0
2025-04-30,561760,SH,27195000.0
2025-04-30,561780,SH,10955800.0
2025-04-30,561790,SH,45934000.0
2025-04-30,561800,SH,168077200.0
2025-04-30,561880,SH,402389000.0
2025-04-30,561900,SH,59334399.99999999
2025-04-30,561910,SH,1277076600.0
2025-04-30,561920,SH,28692000.0
2025-04-30,561930,SH,505260600.0
2025-04-30,561950,SH,72156000.0
2025-04-30,561960,SH,86985200.0
2025-04-30,561980,SH,594110000.0
2025-04-30,561990,SH,904649200.0
2025-04-30,562000,SH,2684368900.0
2025-04-30,562010,SH,20298700.0
2025-04-30,562030,SH,60986899.99999999
2025-04-30,562060,SH,1380896300.0
2025-04-30,562080,SH,162378600.0
2025-04-30,562260,SH,10331500.0
2025-04-30,562300,SH,114495000.0
2025-04-30,562310,SH,1128572300.0
2025-04-30,562320,SH,121295500.0
2025-04-30,562330,SH,16018900.000000002
2025-04-30,562340,SH,15144300.0
2025-04-30,562350,SH,59410900.0
2025-04-30,562360,SH,465474000.0
2025-04-30,562380,SH,263128900.0
2025-04-30,562390,SH,64429000.0
2025-04-30,562500,SH,15974687300.0
2025-04-30,562510,SH,1144095000.0
2025-04-30,562520,SH,46568000.0
2025-04-30,562530,SH,48144000.0
2025-04-30,562550,SH,210419300.0
2025-04-30,562560,SH,25765500.0
2025-04-30,562570,SH,335281000.0
2025-04-30,562580,SH,28723300.0
2025-04-30,562590,SH,287663000.0
2025-04-30,562600,SH,70937400.0
2025-04-30,562660,SH,134874000.0
2025-04-30,562700,SH,32750000.0
2025-04-30,562800,SH,1822945000.0
2025-04-30,562810,SH,122951000.0
2025-04-30,562820,SH,38136000.0
2025-04-30,562850,SH,121981500.0
2025-04-30,562860,SH,426895000.0
2025-04-30,562880,SH,680899600.0000001
2025-04-30,562890,SH,416051000.0
2025-04-30,562900,SH,118706300.0
2025-04-30,562910,SH,156227300.0
2025-04-30,562920,SH,65069000.0
2025-04-30,562930,SH,167437000.0
2025-04-30,562950,SH,339258300.0
2025-04-30,562960,SH,87391000.0
2025-04-30,562970,SH,169448000.0
2025-04-30,562990,SH,1429756000.0
2025-04-30,563000,SH,4913451100.0
2025-04-30,563010,SH,122189300.0
2025-04-30,563020,SH,1315910000.0
2025-04-30,563030,SH,133169000.0
2025-04-30,563050,SH,299208400.0
2025-04-30,563080,SH,3316588400.0000005
2025-04-30,563090,SH,54848000.0
2025-04-30,563150,SH,30399000.0
2025-04-30,563180,SH,258420000.0
2025-04-30,563200,SH,21458800.0
2025-04-30,563210,SH,27567000.0
2025-04-30,563220,SH,17069013700.000002
2025-04-30,563280,SH,9706600.0
2025-04-30,563300,SH,2256174000.0
2025-04-30,563330,SH,22960600.0
2025-04-30,563350,SH,655997600.0
2025-04-30,563360,SH,10165987400.0
2025-04-30,563390,SH,973344000.0
2025-04-30,563500,SH,1474979400.0
2025-04-30,563520,SH,1228065000.0
2025-04-30,563650,SH,293909000.0
2025-04-30,563660,SH,342085199.99999994
2025-04-30,563700,SH,264150000.0
2025-04-30,563800,SH,20443978100.0
2025-04-30,563860,SH,965844300.0
2025-04-30,563880,SH,5923996400.0
2025-04-30,563990,SH,676573000.0
2025-04-30,588000,SH,72664168200.0
2025-04-30,588010,SH,445425800.0
2025-04-30,588020,SH,277791000.0
2025-04-30,588030,SH,6401838100.000001
2025-04-30,588040,SH,29889000.0
2025-04-30,588050,SH,11055241299.999998
2025-04-30,588060,SH,8635140000.0
2025-04-30,588070,SH,28437000.0
2025-04-30,588080,SH,59023628099.99999
2025-04-30,588090,SH,4179072800.000001
2025-04-30,588100,SH,196748700.0
2025-04-30,588110,SH,172758000.0
2025-04-30,588120,SH,1017811000.0
2025-04-30,588150,SH,380432600.0
2025-04-30,588160,SH,267996000.0
2025-04-30,588170,SH,235149000.0
2025-04-30,588180,SH,5025853700.0
2025-04-30,588190,SH,3589618300.0
2025-04-30,588200,SH,15672894800.0
2025-04-30,588210,SH,340754000.0
2025-04-30,588220,SH,5027697900.0
2025-04-30,588230,SH,242939000.0
2025-04-30,588240,SH,104633000.0
2025-04-30,588250,SH,187675000.0
2025-04-30,588260,SH,100746000.0
2025-04-30,588280,SH,592121000.0
2025-04-30,588290,SH,1536397000.0
2025-04-30,588300,SH,3196210500.0
2025-04-30,588310,SH,118237500.0
2025-04-30,588320,SH,26824600.0
2025-04-30,588330,SH,2041737800.0
2025-04-30,588350,SH,1766546000.0
2025-04-30,588360,SH,765081799.9999999
2025-04-30,588370,SH,108272000.0
2025-04-30,588380,SH,4226770000.0
2025-04-30,588390,SH,425935900.0
2025-04-30,588400,SH,3258600600.0
2025-04-30,588450,SH,72568700.0
2025-04-30,588460,SH,522014000.0
2025-04-30,588500,SH,97647000.0
2025-04-30,588660,SH,394344000.0
2025-04-30,588680,SH,29361000.0
2025-04-30,588700,SH,262836200.0
2025-04-30,588720,SH,402241800.0
2025-04-30,588730,SH,471396300.0
2025-04-30,588750,SH,1354228000.0
2025-04-30,588760,SH,2434532000.0
2025-04-30,588770,SH,359597100.0
2025-04-30,588780,SH,223951000.0
2025-04-30,588790,SH,4597384000.0
2025-04-30,588800,SH,3549877000.0
2025-04-30,588810,SH,93324000.0
2025-04-30,588820,SH,22400000.0
2025-04-30,588830,SH,450847900.0
2025-04-30,588840,SH,202236000.0
2025-04-30,588850,SH,64779000.0
2025-04-30,588860,SH,262444700.0
2025-04-30,588870,SH,152552000.0
2025-04-30,588880,SH,246368000.0
2025-04-30,588890,SH,320810000.0
2025-04-30,588900,SH,304783000.0
2025-04-30,588910,SH,1108049100.0
2025-04-30,588930,SH,627329000.0
2025-04-30,588950,SH,176729700.0
2025-04-30,588960,SH,24579800.0
2025-04-30,588990,SH,149745400.0
2025-04-30,589000,SH,4123507800.000001
2025-04-30,589010,SH,117793000.0
2025-04-30,589060,SH,237137900.0
2025-04-30,589080,SH,583061000.0
2025-04-30,589100,SH,125777000.0
2025-04-30,589300,SH,169582500.0
2025-04-30,589500,SH,570064000.0
2025-04-30,589520,SH,273052300.0
2025-04-30,589600,SH,1909535000.0
2025-04-30,589630,SH,1272629000.0
2025-04-30,589660,SH,837530000.0
2025-04-30,589680,SH,2499943700.0
2025-04-30,589770,SH,1043569200.0
2025-04-30,589800,SH,3883988200.0
2025-04-30,589860,SH,870224000.0
2025-04-30,589880,SH,894996000.0
2025-04-30,589890,SH,944987000.0
2025-04-30,589900,SH,1703908200.0
2025-04-30,589990,SH,494090000.0
2025-06-30,510010,SH,144524400.0
2025-06-30,510020,SH,44948000.0
2025-06-30,510030,SH,159729800.0
2025-06-30,510040,SH,82480000.0
2025-06-30,510050,SH,58952466800.0
2025-06-30,510060,SH,48959200.0
2025-06-30,510090,SH,31581100.0
2025-06-30,510100,SH,1596206800.0
2025-06-30,510130,SH,38685100.0
2025-06-30,510150,SH,3129178600.0
2025-06-30,510160,SH,270057400.0
2025-06-30,510170,SH,168914800.0
2025-06-30,510180,SH,5756557700.0
2025-06-30,510190,SH,43650800.0
2025-06-30,510200,SH,111885500.0
2025-06-30,510210,SH,4046192600.0
2025-06-30,510230,SH,3584808000.0
2025-06-30,510270,SH,15832100.0
2025-06-30,510290,SH,80448900.0
2025-06-30,510300,SH,94042387700.0
2025-06-30,510310,SH,68268344000.0
2025-06-30,510320,SH,466068500.0
2025-06-30,510330,SH,47965749800.00001
2025-06-30,510350,SH,888414700.0
2025-06-30,510360,SH,4409381200.0
2025-06-30,510370,SH,120258100.0
2025-06-30,510380,SH,1419802400.0
2025-06-30,510390,SH,128450000.0
2025-06-30,510410,SH,264258400.0
2025-06-30,510500,SH,19012168600.0
2025-06-30,510510,SH,1045038300.0
2025-06-30,510530,SH,61479399.99999999
2025-06-30,510550,SH,17743300.0
2025-06-30,510560,SH,126318700.0
2025-06-30,510570,SH,23060600.0
2025-06-30,510580,SH,954168300.0
2025-06-30,510590,SH,88786100.0
2025-06-30,510600,SH,14515100.0
2025-06-30,510630,SH,466361500.0
2025-06-30,510650,SH,12952500.0
2025-06-30,510660,SH,36879700.0
2025-06-30,510680,SH,29224700.0
2025-06-30,510710,SH,153218900.0
2025-06-30,510720,SH,1631766000.0
2025-06-30,510760,SH,1793503700.0
2025-06-30,510770,SH,29110700.0
2025-06-30,510800,SH,385576000.0
2025-06-30,510810,SH,9411693700.0
2025-06-30,510850,SH,70098900.0
2025-06-30,510880,SH,6059675699.999999
2025-06-30,510900,SH,8078021899.999999
2025-06-30,510950,SH,72450000.0
2025-06-30,510980,SH,221798000.0
2025-06-30,510990,SH,48948600.0
2025-06-30,511010,SH,21026300.0
2025-06-30,511020,SH,12722500.0
2025-06-30,511030,SH,205720700.0
2025-06-30,511060,SH,8346300.0
2025-06-30,511070,SH,214421000.0
2025-06-30,511090,SH,128798100.0
2025-06-30,511100,SH,3630500.0
2025-06-30,511110,SH,210759600.0
2025-06-30,511130,SH,64849700.0
2025-06-30,511160,SH,82610900.0
2025-06-30,511180,SH,526159700.0
2025-06-30,511190,SH,134574300.0
2025-06-30,511200,SH,213717500.0
2025-06-30,511220,SH,2048681400.0
2025-06-30,511260,SH,101196500.0
2025-06-30,511270,SH,19907500.0
2025-06-30,511360,SH,437476600.00000006
2025-06-30,511380,SH,2977186700.0
2025-06-30,511520,SH,449766500.0
2025-06-30,511580,SH,3568800.0
2025-06-30,512000,SH,21285317700.0
2025-06-30,512010,SH,55945694900.0
2025-06-30,512020,SH,3539012700.0
2025-06-30,512040,SH,1448715900.0
2025-06-30,512050,SH,16537992200.0
2025-06-30,512070,SH,9313479700.0
2025-06-30,512080,SH,1460186099.9999998
2025-06-30,512090,SH,245592300.0
2025-06-30,512100,SH,25343217600.0
2025-06-30,512120,SH,801241900.0
2025-06-30,512150,SH,72073400.0
2025-06-30,512160,SH,233777800.0
2025-06-30,512170,SH,78960820500.0
2025-06-30,512180,SH,66048000.0
2025-06-30,512190,SH,29318400.0
2025-06-30,512200,SH,4584847900.0
2025-06-30,512220,SH,230967600.0
2025-06-30,512240,SH,41186000.0
2025-06-30,512250,SH,10100100.0
2025-06-30,512260,SH,37297700.0
2025-06-30,512280,SH,22005700.0
2025-06-30,512290,SH,3648820700.0
2025-06-30,512330,SH,544188000.0
2025-06-30,512360,SH,42337700.00000001
2025-06-30,512380,SH,96805600.0
2025-06-30,512390,SH,165682000.0
2025-06-30,512400,SH,4128539000.0
2025-06-30,512480,SH,22643003600.0
2025-06-30,512500,SH,4017608800.0
2025-06-30,512510,SH,604429800.0
2025-06-30,512520,SH,60056400.0
2025-06-30,512530,SH,126502000.0
2025-06-30,512550,SH,202906000.0
2025-06-30,512560,SH,953127000.0
2025-06-30,512570,SH,1104806100.0
2025-06-30,512580,SH,1261471700.0
2025-06-30,512600,SH,709356100.0
2025-06-30,512640,SH,30240900.0
2025-06-30,512650,SH,376941600.00000006
2025-06-30,512660,SH,13633080000.0
2025-06-30,512670,SH,7297652600.0
2025-06-30,512680,SH,4838530100.0
2025-06-30,512690,SH,22763250200.0
2025-06-30,512700,SH,942581000.0
2025-06-30,512710,SH,17213658400.0
2025-06-30,512720,SH,1223453400.0
2025-06-30,512730,SH,55083900.0
2025-06-30,512750,SH,65454900.0
2025-06-30,512760,SH,9909922800.0
2025-06-30,512770,SH,151767800.0
2025-06-30,512800,SH,6991640000.0
2025-06-30,512810,SH,1127583500.0
2025-06-30,512820,SH,632801900.0
2025-06-30,512870,SH,32410600.0
2025-06-30,512880,SH,26270291500.0
2025-06-30,512890,SH,15814110800.0
2025-06-30,512900,SH,5793406000.0
2025-06-30,512910,SH,287128800.0
2025-06-30,512930,SH,1486130300.0
2025-06-30,512950,SH,4177551000.0
2025-06-30,512960,SH,4022257300.0
2025-06-30,512970,SH,56987600.0
2025-06-30,512980,SH,2989424400.0
2025-06-30,512990,SH,149015400.0
2025-06-30,513000,SH,799411400.0
2025-06-30,513010,SH,15618307000.0
2025-06-30,513020,SH,1161145400.0
2025-06-30,513030,SH,729779000.0
2025-06-30,513040,SH,509841300.0
2025-06-30,513050,SH,24487432700.0
2025-06-30,513060,SH,14257893300.0
2025-06-30,513070,SH,483760800.0
2025-06-30,513080,SH,521916000.0
2025-06-30,513090,SH,5305988000.0
2025-06-30,513100,SH,9499110600.0
2025-06-30,513110,SH,1969435000.0
2025-06-30,513120,SH,11848635400.0
2025-06-30,513130,SH,37123347000.0
2025-06-30,513140,SH,70368000.0
2025-06-30,513150,SH,123559800.0
2025-06-30,513160,SH,945189300.0
2025-06-30,513170,SH,379573000.0
2025-06-30,513180,SH,39973759500.0
2025-06-30,513190,SH,1136936000.0
2025-06-30,513200,SH,2304282100.0
2025-06-30,513210,SH,33942000.0
2025-06-30,513220,SH,227109400.0
2025-06-30,513230,SH,343422699.99999994
2025-06-30,513260,SH,3200243000.0
2025-06-30,513280,SH,341114500.0
2025-06-30,513290,SH,1156072100.0
2025-06-30,513300,SH,4733171000.0
2025-06-30,513310,SH,335427000.0
2025-06-30,513320,SH,122010600.0
2025-06-30,513330,SH,47383480000.0
2025-06-30,513350,SH,712746000.0
2025-06-30,513360,SH,973213900.0
2025-06-30,513380,SH,7761784900.0
2025-06-30,513390,SH,1684379100.0
2025-06-30,513400,SH,1359062000.0
2025-06-30,513500,SH,9527638600.0
2025-06-30,513520,SH,929387200.0
2025-06-30,513530,SH,1673938700.0
2025-06-30,513550,SH,2157992000.0
2025-06-30,513560,SH,408386000.0
2025-06-30,513580,SH,3298118000.0
2025-06-30,513590,SH,390618900.0
2025-06-30,513600,SH,559829500.0
2025-06-30,513630,SH,7774359000.0
2025-06-30,513650,SH,2179734000.0
2025-06-30,513660,SH,1416000100.0
2025-06-30,513690,SH,4075479900.0
2025-06-30,513700,SH,1707846000.0
2025-06-30,513730,SH,1295355000.0
2025-06-30,513750,SH,3070338000.0
2025-06-30,513770,SH,4930068900.0
2025-06-30,513780,SH,756157000.0
2025-06-30,513800,SH,497444400.0
2025-06-30,513810,SH,63992000.0
2025-06-30,513820,SH,2529169000.0
2025-06-30,513830,SH,184811000.0
2025-06-30,513850,SH,1237892600.0
2025-06-30,513860,SH,2411470600.0
2025-06-30,513870,SH,1017671000.0
2025-06-30,513880,SH,1065470000.0
2025-06-30,513890,SH,418128000.0
2025-06-30,513900,SH,140978000.0
2025-06-30,513910,SH,2032276000.0
2025-06-30,513920,SH,2109231000.0
2025-06-30,513950,SH,1490619000.0
2025-06-30,513970,SH,1728041000.0
2025-06-30,513980,SH,20425204000.0
2025-06-30,513990,SH,85000000.0
2025-06-30,515000,SH,2346289700.0
2025-06-30,515010,SH,1008771600.0
2025-06-30,515020,SH,263345300.0
2025-06-30,515030,SH,3358384000.0
2025-06-30,515050,SH,5715068500.0
2025-06-30,515060,SH,993478100.0
2025-06-30,515070,SH,4528970200.0
2025-06-30,515080,SH,4494148900.0
2025-06-30,515090,SH,5801700.0
2025-06-30,515100,SH,3771441500.0
2025-06-30,515110,SH,208295000.0
2025-06-30,515120,SH,5704993600.0
2025-06-30,515130,SH,112463200.0
2025-06-30,515150,SH,547703200.0
2025-06-30,515160,SH,373955100.0
2025-06-30,515170,SH,5643257900.0
2025-06-30,515180,SH,6034637000.0
2025-06-30,515190,SH,71466100.0
2025-06-30,515200,SH,99943200.0
2025-06-30,515210,SH,959726100.0
2025-06-30,515220,SH,4257676900.0
2025-06-30,515230,SH,1721690900.0
2025-06-30,515250,SH,740944500.0
2025-06-30,515260,SH,510284200.0
2025-06-30,515290,SH,3436072900.0
2025-06-30,515300,SH,3966675200.0
2025-06-30,515310,SH,234111200.0
2025-06-30,515320,SH,179309000.0
2025-06-30,515330,SH,9002709500.0
2025-06-30,515350,SH,23399200.0
2025-06-30,515360,SH,37779300.0
2025-06-30,515380,SH,767799800.0
2025-06-30,515390,SH,474683000.0
2025-06-30,515400,SH,2637631400.0
2025-06-30,515450,SH,6915335000.0
2025-06-30,515530,SH,25042700.0
2025-06-30,515550,SH,55345700.0
2025-06-30,515560,SH,211883300.00000003
2025-06-30,515580,SH,486031400.0
2025-06-30,515590,SH,34113700.0
2025-06-30,515600,SH,1223797400.0
2025-06-30,515630,SH,189217700.0
2025-06-30,515650,SH,1925184000.0
2025-06-30,515660,SH,889894200.0
2025-06-30,515680,SH,1248264700.0
2025-06-30,515700,SH,1342510200.0
2025-06-30,515710,SH,1501099800.0
2025-06-30,515750,SH,470140500.0
2025-06-30,515760,SH,136888100.0
2025-06-30,515770,SH,69727300.0
2025-06-30,515790,SH,14833494000.0
2025-06-30,515800,SH,4699437200.0
2025-06-30,515810,SH,185908800.0
2025-06-30,515850,SH,166291000.0
2025-06-30,515860,SH,150878900.0
2025-06-30,515880,SH,1857462300.0
2025-06-30,515890,SH,430443900.0
2025-06-30,515900,SH,2303646500.0
2025-06-30,515910,SH,446507000.0
2025-06-30,515920,SH,205405700.0
2025-06-30,515950,SH,663200600.0
2025-06-30,515960,SH,283991900.0
2025-06-30,515980,SH,3421064500.0
2025-06-30,515990,SH,75350200.0
2025-06-30,516000,SH,442855000.0
2025-06-30,516010,SH,1678693000.0
2025-06-30,516020,SH,722826200.0
2025-06-30,516050,SH,596228000.0
2025-06-30,516060,SH,170237400.00000003
2025-06-30,516070,SH,566646000.0
2025-06-30,516080,SH,712554800.0
2025-06-30,516090,SH,1746844800.0
2025-06-30,516100,SH,382759700.0
2025-06-30,516110,SH,308623100.0
2025-06-30,516120,SH,294082000.0
2025-06-30,516130,SH,136890000.0
2025-06-30,516150,SH,2043077000.0
2025-06-30,516160,SH,2305642000.0
2025-06-30,516180,SH,112987000.0
2025-06-30,516190,SH,16418500.0
2025-06-30,516200,SH,351604000.0
2025-06-30,516210,SH,96131000.0
2025-06-30,516220,SH,185170000.0
2025-06-30,516260,SH,115882600.0
2025-06-30,516270,SH,454409000.0
2025-06-30,516290,SH,657196900.0
2025-06-30,516300,SH,31012600.000000004
2025-06-30,516310,SH,1407858500.0
2025-06-30,516320,SH,97589300.0
2025-06-30,516330,SH,13271300.000000002
2025-06-30,516350,SH,1208415300.0
2025-06-30,516360,SH,81551800.0
2025-06-30,516380,SH,121449300.0
2025-06-30,516390,SH,463261000.0
2025-06-30,516460,SH,18693000.0
2025-06-30,516480,SH,21146100.0
2025-06-30,516500,SH,169937200.0
2025-06-30,516510,SH,2720890000.0
2025-06-30,516520,SH,325765500.0
2025-06-30,516530,SH,76302300.0
2025-06-30,516550,SH,293414400.0
2025-06-30,516560,SH,123258000.0
2025-06-30,516570,SH,86357600.0
2025-06-30,516580,SH,203124100.0
2025-06-30,516590,SH,93015000.0
2025-06-30,516600,SH,131332100.0
2025-06-30,516610,SH,173974800.0
2025-06-30,516620,SH,50267500.0
2025-06-30,516630,SH,508156000.0
2025-06-30,516640,SH,1534482800.0
2025-06-30,516650,SH,108464800.0
2025-06-30,516660,SH,399689000.0
2025-06-30,516670,SH,941266300.0
2025-06-30,516700,SH,132622000.0
2025-06-30,516710,SH,76272000.0
2025-06-30,516720,SH,25837800.000000004
2025-06-30,516730,SH,71880800.0
2025-06-30,516750,SH,83167300.0
2025-06-30,516760,SH,210215100.0
2025-06-30,516770,SH,118048000.0
2025-06-30,516780,SH,976549800.0
2025-06-30,516790,SH,198282200.0
2025-06-30,516800,SH,145154000.0
2025-06-30,516810,SH,239478900.0
2025-06-30,516820,SH,4259415200.0
2025-06-30,516830,SH,247176900.0
2025-06-30,516850,SH,165237000.0
2025-06-30,516860,SH,607522000.0
2025-06-30,516880,SH,1519944100.0
2025-06-30,516890,SH,47311400.0
2025-06-30,516900,SH,131729000.0
2025-06-30,516910,SH,49141800.0
2025-06-30,516920,SH,636963000.0
2025-06-30,516930,SH,68639600.0
2025-06-30,516950,SH,434821000.0
2025-06-30,516960,SH,19051100.0
2025-06-30,516970,SH,2090042500.0
2025-06-30,516980,SH,29016000.0
2025-06-30,517000,SH,402793000.0
2025-06-30,517010,SH,75144200.0
2025-06-30,517030,SH,69040300.0
2025-06-30,517050,SH,499605000.0
2025-06-30,517080,SH,433166000.0
2025-06-30,517090,SH,172075000.0
2025-06-30,517100,SH,328102100.0
2025-06-30,517110,SH,379098500.0
2025-06-30,517120,SH,442966400.0
2025-06-30,517160,SH,1838777500.0
2025-06-30,517170,SH,41131800.0
2025-06-30,517180,SH,422496300.0
2025-06-30,517200,SH,154782000.0
2025-06-30,517300,SH,3378434500.0
2025-06-30,517330,SH,1826169000.0
2025-06-30,517350,SH,112042000.0
2025-06-30,517360,SH,32583000.0
2025-06-30,517380,SH,804326300.0
2025-06-30,517390,SH,253112600.0
2025-06-30,517400,SH,132792000.0
2025-06-30,517520,SH,3217404000.0
2025-06-30,517550,SH,62417400.0
2025-06-30,517660,SH,48280700.0
2025-06-30,517770,SH,34947800.0
2025-06-30,517800,SH,357539700.0
2025-06-30,517850,SH,58185200.00000001
2025-06-30,517880,SH,39337100.0
2025-06-30,517900,SH,418993500.0
2025-06-30,517990,SH,40987900.0
2025-06-30,518600,SH,264616300.0
2025-06-30,518660,SH,478652700.0
2025-06-30,518680,SH,360069500.0
2025-06-30,518800,SH,2504219900.0
2025-06-30,518850,SH,654978700.0
2025-06-30,518860,SH,281559800.0
2025-06-30,518880,SH,8164240800.0
2025-06-30,518890,SH,269954800.0
2025-06-30,520500,SH,434805000.0
2025-06-30,520520,SH,79606000.0
2025-06-30,520550,SH,502024000.0
2025-06-30,520580,SH,471983900.0
2025-06-30,520600,SH,538868000.0
2025-06-30,520660,SH,1119485500.0
2025-06-30,520700,SH,347076000.0
2025-06-30,520830,SH,950619000.0
2025-06-30,520890,SH,45508000.0
2025-06-30,520900,SH,2019675000.0
2025-06-30,520940,SH,146297000.0
2025-06-30,520990,SH,4850470500.0
2025-06-30,530000,SH,1441029400.0
2025-06-30,530050,SH,196813000.0
2025-06-30,530080,SH,36917000.0
2025-06-30,530180,SH,123952000.0
2025-06-30,530280,SH,175434000.0
2025-06-30,530300,SH,131643000.0
2025-06-30,530580,SH,189149000.0
2025-06-30,530680,SH,468891900.0
2025-06-30,530800,SH,38201800.0
2025-06-30,530880,SH,95336000.0
2025-06-30,560000,SH,15022900.0
2025-06-30,560010,SH,11796621700.0
2025-06-30,560020,SH,67562000.0
2025-06-30,560030,SH,24432000.0
2025-06-30,560050,SH,5277434399.999999
2025-06-30,560060,SH,288090000.0
2025-06-30,560070,SH,312462300.0
2025-06-30,560080,SH,1726265000.0
2025-06-30,560090,SH,2028865000.0
2025-06-30,560100,SH,80580300.0
2025-06-30,560110,SH,259903500.0
2025-06-30,560150,SH,695279299.9999999
2025-06-30,560170,SH,1634495500.0
2025-06-30,560180,SH,25603000.0
2025-06-30,560190,SH,49834000.0
2025-06-30,560220,SH,42717000.0
2025-06-30,560260,SH,1948664700.0
2025-06-30,560280,SH,99252000.0
2025-06-30,560300,SH,45803400.0
2025-06-30,560330,SH,49130000.0
2025-06-30,560350,SH,2309532100.0
2025-06-30,560360,SH,105345000.0
2025-06-30,560380,SH,188861000.0
2025-06-30,560500,SH,528339000.0
2025-06-30,560510,SH,6452026899.999999
2025-06-30,560520,SH,9751000.0
2025-06-30,560530,SH,7405623700.0
2025-06-30,560550,SH,535597400.0
2025-06-30,560560,SH,116190100.0
2025-06-30,560580,SH,50003000.0
2025-06-30,560590,SH,13710000.0
2025-06-30,560610,SH,9034988400.0
2025-06-30,560620,SH,79867000.0
2025-06-30,560630,SH,520394000.0
2025-06-30,560650,SH,12419200.0
2025-06-30,560660,SH,62969000.0
2025-06-30,560680,SH,138725600.0
2025-06-30,560690,SH,17389000.0
2025-06-30,560700,SH,714036900.0
2025-06-30,560750,SH,99554800.0
2025-06-30,560780,SH,164496000.0
2025-06-30,560800,SH,979951100.0
2025-06-30,560810,SH,511116000.0
2025-06-30,560820,SH,12926000.0
2025-06-30,560850,SH,275164000.0
2025-06-30,560860,SH,484233000.0
2025-06-30,560880,SH,285232000.0
2025-06-30,560890,SH,56981200.0
2025-06-30,560900,SH,40969100.0
2025-06-30,560950,SH,47483000.0
2025-06-30,560980,SH,352522000.0
2025-06-30,560990,SH,34187100.0
2025-06-30,561000,SH,109920000.0
2025-06-30,561010,SH,104356000.0
2025-06-30,561060,SH,43065000.0
2025-06-30,561080,SH,47250000.0
2025-06-30,561100,SH,520746900.0
2025-06-30,561120,SH,77659900.0
2025-06-30,561130,SH,201935200.0
2025-06-30,561160,SH,1185835000.0
2025-06-30,561170,SH,106532700.0
2025-06-30,561180,SH,103609600.0
2025-06-30,561190,SH,828318000.0
2025-06-30,561200,SH,27470500.0
2025-06-30,561220,SH,443553000.0
2025-06-30,561230,SH,1398477800.0
2025-06-30,561260,SH,37095200.0
2025-06-30,561280,SH,30847700.0
2025-06-30,561300,SH,1750965000.0
2025-06-30,561310,SH,75916600.0
2025-06-30,561320,SH,60369000.0
2025-06-30,561330,SH,74696100.0
2025-06-30,561350,SH,109700000.0
2025-06-30,561360,SH,185148000.0
2025-06-30,561370,SH,8356000.0
2025-06-30,561380,SH,62413600.0
2025-06-30,561500,SH,83100300.0
2025-06-30,561510,SH,75206000.0
2025-06-30,561550,SH,746989600.0000001
2025-06-30,561560,SH,479624200.0
2025-06-30,561570,SH,24147000.0
2025-06-30,561580,SH,428370700.0
2025-06-30,561590,SH,28999600.0
2025-06-30,561600,SH,202274000.0
2025-06-30,561700,SH,143813600.0
2025-06-30,561750,SH,184496000.0
2025-06-30,561760,SH,51195000.0
2025-06-30,561770,SH,217550000.0
2025-06-30,561780,SH,10955800.0
2025-06-30,561790,SH,42934000.0
2025-06-30,561800,SH,151577200.0
2025-06-30,561870,SH,150765000.0
2025-06-30,561880,SH,330389000.0
2025-06-30,561900,SH,44334399.99999999
2025-06-30,561910,SH,1346076600.0
2025-06-30,561920,SH,25692000.0
2025-06-30,561930,SH,316260600.0
2025-06-30,561950,SH,72156000.0
2025-06-30,561960,SH,77585200.0
2025-06-30,561980,SH,655110000.0
2025-06-30,561990,SH,775649200.0
2025-06-30,562000,SH,1754368900.0000002
2025-06-30,562010,SH,18298700.0
2025-06-30,562030,SH,181986900.0
2025-06-30,562050,SH,198468000.0
2025-06-30,562060,SH,1281396300.0
2025-06-30,562080,SH,165378600.0
2025-06-30,562260,SH,10331500.0
2025-06-30,562300,SH,105495000.0
2025-06-30,562310,SH,1094572300.0
2025-06-30,562320,SH,121295500.0
2025-06-30,562330,SH,15018900.000000002
2025-06-30,562340,SH,11144300.0
2025-06-30,562350,SH,46410900.0
2025-06-30,562360,SH,468474000.0
2025-06-30,562380,SH,214628900.0
2025-06-30,562390,SH,53429000.0
2025-06-30,562500,SH,17008187300.0
2025-06-30,562510,SH,1032595000.0
2025-06-30,562520,SH,40568000.0
2025-06-30,562530,SH,42144000.0
2025-06-30,562550,SH,128419300.0
2025-06-30,562560,SH,28765500.0
2025-06-30,562570,SH,685281000.0
2025-06-30,562580,SH,30223300.0
2025-06-30,562590,SH,293663000.0
2025-06-30,562600,SH,65937400.0
2025-06-30,562660,SH,138874000.0
2025-06-30,562700,SH,45750000.0
2025-06-30,562800,SH,1618645000.0
2025-06-30,562810,SH,50451000.0
2025-06-30,562820,SH,42136000.0
2025-06-30,562850,SH,88981500.0
2025-06-30,562860,SH,378895000.0
2025-06-30,562880,SH,605899600.0
2025-06-30,562890,SH,359051000.0
2025-06-30,562900,SH,92706300.0
2025-06-30,562910,SH,153227300.0
2025-06-30,562920,SH,63069000.0
2025-06-30,562930,SH,191437000.0
2025-06-30,562950,SH,354258300.0
2025-06-30,562960,SH,73891000.0
2025-06-30,562970,SH,188448000.0
2025-06-30,562990,SH,1373756000.0
2025-06-30,563000,SH,4665951100.0
2025-06-30,563010,SH,101189300.0
2025-06-30,563020,SH,1698910000.0
2025-06-30,563030,SH,119669000.0
2025-06-30,563050,SH,260208400.0
2025-06-30,563060,SH,27527000.0
2025-06-30,563080,SH,2718588400.0000005
2025-06-30,563090,SH,47848000.0
2025-06-30,563150,SH,27399000.0
2025-06-30,563180,SH,412420000.0
2025-06-30,563200,SH,17458800.0
2025-06-30,563210,SH,32067000.0
2025-06-30,563220,SH,13895013700.000002
2025-06-30,563280,SH,8206600.0
2025-06-30,563300,SH,1716174000.0
2025-06-30,563330,SH,17760600.0
2025-06-30,563350,SH,505997600.0
2025-06-30,563360,SH,22087987400.000004
2025-06-30,563390,SH,245844000.0
2025-06-30,563500,SH,1255979400.0
2025-06-30,563520,SH,997065000.0
2025-06-30,563550,SH,322559000.0
2025-06-30,563650,SH,254909000.0
2025-06-30,563660,SH,243085200.0
2025-06-30,563680,SH,31959000.0
2025-06-30,563700,SH,53150000.0
2025-06-30,563760,SH,103913200.0
2025-06-30,563770,SH,40807000.0
2025-06-30,563780,SH,83027099.99999999
2025-06-30,563800,SH,19132978100.0
2025-06-30,563830,SH,44896000.0
2025-06-30,563860,SH,908844300.0
2025-06-30,563880,SH,5767996400.0
2025-06-30,563900,SH,132965700.0
2025-06-30,563990,SH,86573000.0
2025-06-30,588000,SH,78964168200.0
2025-06-30,588010,SH,402925800.0
2025-06-30,588020,SH,267791000.0
2025-06-30,588030,SH,6227838100.000001
2025-06-30,588040,SH,17889000.0
2025-06-30,588050,SH,11271241299.999998
2025-06-30,588060,SH,9031140000.0
2025-06-30,588070,SH,28437000.0
2025-06-30,588080,SH,60931628099.99999
2025-06-30,588090,SH,4272072800.000001
2025-06-30,588100,SH,193248700.0
2025-06-30,588110,SH,166758000.0
2025-06-30,588120,SH,963811000.0
2025-06-30,588130,SH,35582600.0
2025-06-30,588150,SH,387432600.0
2025-06-30,588160,SH,320496000.0
2025-06-30,588170,SH,245149000.0
2025-06-30,588180,SH,4952353700.0
2025-06-30,588190,SH,3112618300.0
2025-06-30,588200,SH,17928894800.0
2025-06-30,588210,SH,358254000.0
2025-06-30,588220,SH,5360197900.0
2025-06-30,588230,SH,182939000.0
2025-06-30,588240,SH,140633000.0
2025-06-30,588250,SH,93675000.0
2025-06-30,588260,SH,94746000.0
2025-06-30,588270,SH,46410000.0
2025-06-30,588280,SH,576121000.0
2025-06-30,588290,SH,1641397000.0
2025-06-30,588300,SH,3034210500.0
2025-06-30,588310,SH,106237500.0
2025-06-30,588320,SH,23824600.0
2025-06-30,588330,SH,1951737800.0
2025-06-30,588350,SH,1686546000.0
2025-06-30,588360,SH,723081799.9999999
2025-06-30,588370,SH,95772000.0
2025-06-30,588380,SH,4043770000.0
2025-06-30,588390,SH,419935900.0
2025-06-30,588400,SH,3105600600.0
2025-06-30,588450,SH,75568700.0
2025-06-30,588460,SH,531014000.0
2025-06-30,588500,SH,94647000.0
2025-06-30,588660,SH,333344000.0
2025-06-30,588670,SH,235792000.0
2025-06-30,588680,SH,44361000.0
2025-06-30,588700,SH,200336200.0
2025-06-30,588710,SH,62295000.0
2025-06-30,588720,SH,347241800.0
2025-06-30,588730,SH,710396300.0
2025-06-30,588750,SH,1480228000.0
2025-06-30,588760,SH,2581532000.0
2025-06-30,588770,SH,326597100.0
2025-06-30,588780,SH,227951000.0
2025-06-30,588790,SH,7255384000.0
2025-06-30,588800,SH,3399877000.0
2025-06-30,588810,SH,72324000.0
2025-06-30,588820,SH,16400000.0
2025-06-30,588830,SH,417847900.0
2025-06-30,588840,SH,196236000.0
2025-06-30,588850,SH,14779000.0
2025-06-30,588860,SH,142444700.0
2025-06-30,588870,SH,242552000.0
2025-06-30,588880,SH,231368000.0
2025-06-30,588890,SH,320810000.0
2025-06-30,588900,SH,337783000.0
2025-06-30,588910,SH,799049100.0
2025-06-30,588930,SH,863329000.0
2025-06-30,588940,SH,205420000.0
2025-06-30,588950,SH,176729700.0
2025-06-30,588960,SH,58579799.99999999
2025-06-30,588990,SH,143745400.0
2025-06-30,589000,SH,2031507800.0
2025-06-30,589010,SH,83793000.0
2025-06-30,589060,SH,157137900.0
2025-06-30,589080,SH,643061000.0
2025-06-30,589100,SH,110777000.0
2025-06-30,589180,SH,47318000.0
2025-06-30,589300,SH,129582500.0
2025-06-30,589500,SH,625064000.0
2025-06-30,589520,SH,267052300.0
2025-06-30,589580,SH,78354800.0
2025-06-30,589600,SH,1545535000.0
2025-06-30,589630,SH,1164629000.0
2025-06-30,589660,SH,749530000.0
2025-06-30,589680,SH,2209943700.0
2025-06-30,589700,SH,38291000.0
2025-06-30,589770,SH,708569200.0
2025-06-30,589800,SH,2475988200.0
2025-06-30,589860,SH,810224000.0
2025-06-30,589880,SH,1269996000.0
2025-06-30,589890,SH,829987000.0
2025-06-30,589900,SH,1248908200.0
2025-06-30,589980,SH,312122000.0
2025-06-30,589990,SH,534090000.0
2025-07-31,510010,SH,142524400.0
2025-07-31,510020,SH,41548000.0
2025-07-31,510030,SH,161729800.0
2025-07-31,510040,SH,44480000.0
2025-07-31,510050,SH,57850866800.0
2025-07-31,510060,SH,45959200.0
2025-07-31,510090,SH,31081100.0
2025-07-31,510100,SH,1440506800.0
2025-07-31,510130,SH,38285100.0
2025-07-31,510150,SH,2721178600.0
2025-07-31,510160,SH,260057400.00000003
2025-07-31,510170,SH,174914800.0
2025-07-31,510180,SH,5560557700.0
2025-07-31,510190,SH,41150800.0
2025-07-31,510200,SH,112385500.0
2025-07-31,510210,SH,4121192600.0
2025-07-31,510230,SH,3543808000.0
2025-07-31,510270,SH,14832100.0
2025-07-31,510290,SH,76448900.0
2025-07-31,510300,SH,91676287700.0
2025-07-31,510310,SH,67315244000.0
2025-07-31,510320,SH,541068500.0
2025-07-31,510330,SH,47513949800.00001
2025-07-31,510350,SH,856014700.0
2025-07-31,510360,SH,3815381200.0
2025-07-31,510370,SH,102258100.0
2025-07-31,510380,SH,1338802400.0
2025-07-31,510390,SH,123050000.0
2025-07-31,510410,SH,361258400.0
2025-07-31,510500,SH,18616568600.0
2025-07-31,510510,SH,989038300.0
2025-07-31,510530,SH,52479399.99999999
2025-07-31,510550,SH,15743300.0
2025-07-31,510560,SH,124318700.0
2025-07-31,510570,SH,23060600.0
2025-07-31,510580,SH,866168300.0
2025-07-31,510590,SH,83986100.0
2025-07-31,510600,SH,14215100.0
2025-07-31,510630,SH,491361500.0
2025-07-31,510650,SH,10452500.0
2025-07-31,510660,SH,33379700.0
2025-07-31,510680,SH,31024700.0
2025-07-31,510710,SH,142718900.0
2025-07-31,510720,SH,1943766000.0
2025-07-31,510760,SH,1823503700.0
2025-07-31,510770,SH,24610700.0
2025-07-31,510800,SH,334576000.0
2025-07-31,510810,SH,9286893700.0
2025-07-31,510850,SH,62898900.0
2025-07-31,510880,SH,5614175699.999999
2025-07-31,510900,SH,7649021899.999999
2025-07-31,510950,SH,70200000.0
2025-07-31,510980,SH,251798000.0
2025-07-31,510990,SH,50948600.0
2025-07-31,511010,SH,18846300.0
2025-07-31,511020,SH,12407500.0
2025-07-31,511030,SH,210280700.0
2025-07-31,511060,SH,9026300.0
2025-07-31,511070,SH,208931000.0
2025-07-31,511090,SH,188818100.0
2025-07-31,511100,SH,3200500.0
2025-07-31,511110,SH,221739600.0
2025-07-31,511120,SH,55940600.00000001
2025-07-31,511130,SH,138689700.0
2025-07-31,511160,SH,50100900.0
2025-07-31,511180,SH,636159700.0
2025-07-31,511190,SH,144644300.0
2025-07-31,511200,SH,203517500.0
2025-07-31,511220,SH,2243381400.0
2025-07-31,511260,SH,112916500.0
2025-07-31,511270,SH,22127500.0
2025-07-31,511360,SH,452846600.00000006
2025-07-31,511380,SH,3548986700.0
2025-07-31,511520,SH,442026500.0
2025-07-31,511580,SH,3748800.0
2025-07-31,512000,SH,21509417700.0
2025-07-31,512010,SH,48087694900.0
2025-07-31,512020,SH,2894012700.0
2025-07-31,512040,SH,1276715900.0
2025-07-31,512050,SH,13540992200.0
2025-07-31,512060,SH,94928000.0
2025-07-31,512070,SH,10725479700.0
2025-07-31,512080,SH,1055186100.0
2025-07-31,512090,SH,241592300.0
2025-07-31,512100,SH,24879217600.0
2025-07-31,512120,SH,758241900.0
2025-07-31,512130,SH,40895000.0
2025-07-31,512150,SH,62073400.0
2025-07-31,512160,SH,223777800.0
2025-07-31,512170,SH,72836820500.0
2025-07-31,512180,SH,64048000.0
2025-07-31,512190,SH,27918400.0
2025-07-31,512200,SH,4346347900.0
2025-07-31,512220,SH,223467600.0
2025-07-31,512240,SH,21686000.0
2025-07-31,512250,SH,10100100.0
2025-07-31,512260,SH,32497700.0
2025-07-31,512280,SH,22005700.0
2025-07-31,512290,SH,3116820700.0
2025-07-31,512330,SH,506688000.0
2025-07-31,512360,SH,42337700.00000001
2025-07-31,512380,SH,84805600.0
2025-07-31,512390,SH,168682000.0
2025-07-31,512400,SH,4905039000.0
2025-07-31,512480,SH,23415003600.0
2025-07-31,512500,SH,4198408800.0
2025-07-31,512510,SH,508429800.00000006
2025-07-31,512520,SH,60056400.0
2025-07-31,512530,SH,128502000.0
2025-07-31,512550,SH,183906000.0
2025-07-31,512560,SH,1010127000.0
2025-07-31,512570,SH,1151806100.0
2025-07-31,512580,SH,1205071700.0
2025-07-31,512600,SH,767856100.0
2025-07-31,512640,SH,28740900.0
2025-07-31,512650,SH,374941600.00000006
2025-07-31,512660,SH,14322080000.0
2025-07-31,512670,SH,8258652600.0
2025-07-31,512680,SH,5136930100.0
2025-07-31,512690,SH,26446750200.0
2025-07-31,512700,SH,842081000.0
2025-07-31,512710,SH,19763658400.0
2025-07-31,512720,SH,1351453400.0
2025-07-31,512730,SH,68583900.0
2025-07-31,512750,SH,60954900.0
2025-07-31,512760,SH,9749122800.0
2025-07-31,512770,SH,142767800.0
2025-07-31,512800,SH,16979079900.0
2025-07-31,512810,SH,1317583500.0
2025-07-31,512820,SH,685601900.0
2025-07-31,512870,SH,30410600.0
2025-07-31,512880,SH,27709291500.0
2025-07-31,512890,SH,18125110800.0
2025-07-31,512900,SH,5437906000.0
2025-07-31,512910,SH,246628800.0
2025-07-31,512930,SH,1174130300.0
2025-07-31,512950,SH,4156551000.0
2025-07-31,512960,SH,4014257300.0
2025-07-31,512970,SH,56987600.0
2025-07-31,512980,SH,3259424400.0
2025-07-31,512990,SH,143015400.0
2025-07-31,513000,SH,852411400.0
2025-07-31,513010,SH,17392307000.0
2025-07-31,513020,SH,1986145400.0
2025-07-31,513030,SH,816779000.0
2025-07-31,513040,SH,584341300.0
2025-07-31,513050,SH,24051432700.0
2025-07-31,513060,SH,11185393300.0
2025-07-31,513070,SH,489760800.0
2025-07-31,513080,SH,506916000.0
2025-07-31,513090,SH,10323488000.0
2025-07-31,513100,SH,9467110600.0
2025-07-31,513110,SH,1769435000.0
2025-07-31,513120,SH,11046135400.0
2025-07-31,513130,SH,40521347000.0
2025-07-31,513140,SH,97868000.0
2025-07-31,513150,SH,89559800.0
2025-07-31,513160,SH,1392189300.0
2025-07-31,513170,SH,345573000.0
2025-07-31,513180,SH,44271759500.0
2025-07-31,513190,SH,1899936000.0
2025-07-31,513200,SH,1918282100.0
2025-07-31,513210,SH,33942000.0
2025-07-31,513220,SH,217109400.0
2025-07-31,513230,SH,323422700.0
2025-07-31,513260,SH,3604243000.0
2025-07-31,513280,SH,350114500.0
2025-07-31,513290,SH,1083572100.0
2025-07-31,513300,SH,4609421000.0
2025-07-31,513310,SH,344427000.0
2025-07-31,513320,SH,113010600.0
2025-07-31,513330,SH,48227480000.0
2025-07-31,513350,SH,606746000.0
2025-07-31,513360,SH,925213900.0
2025-07-31,513380,SH,9151784900.0
2025-07-31,513390,SH,1754379100.0
2025-07-31,513400,SH,1279062000.0
2025-07-31,513500,SH,9791638600.0
2025-07-31,513520,SH,948387200.0
2025-07-31,513530,SH,1715438700.0
2025-07-31,513550,SH,2502992000.0
2025-07-31,513560,SH,418386000.0
2025-07-31,513580,SH,3544118000.0
2025-07-31,513590,SH,357318900.0
2025-07-31,513600,SH,613829500.0
2025-07-31,513630,SH,7945359000.0
2025-07-31,513650,SH,2061734000.0
2025-07-31,513660,SH,1431000100.0
2025-07-31,513690,SH,4514979900.0
2025-07-31,513700,SH,1412846000.0
2025-07-31,513730,SH,1270355000.0
2025-07-31,513750,SH,7688838000.0
2025-07-31,513770,SH,6592068900.0
2025-07-31,513780,SH,899657000.0
2025-07-31,513800,SH,491444400.0
2025-07-31,513810,SH,59992000.0
2025-07-31,513820,SH,2561169000.0
2025-07-31,513830,SH,142311000.0
2025-07-31,513850,SH,1012892600.0
2025-07-31,513860,SH,3480470600.0
2025-07-31,513870,SH,902671000.0
2025-07-31,513880,SH,1077470000.0
2025-07-31,513890,SH,460128000.0
2025-07-31,513900,SH,128978000.0
2025-07-31,513910,SH,2128276000.0
2025-07-31,513920,SH,2167731000.0
2025-07-31,513950,SH,2225619000.0
2025-07-31,513970,SH,1646041000.0
2025-07-31,513980,SH,22869204000.0
2025-07-31,513990,SH,87000000.0
2025-07-31,515000,SH,2051289700.0
2025-07-31,515010,SH,957271600.0
2025-07-31,515020,SH,350345300.0
2025-07-31,515030,SH,3190384000.0
2025-07-31,515050,SH,5007068500.0
2025-07-31,515060,SH,963478100.0
2025-07-31,515070,SH,3997970200.0
2025-07-31,515080,SH,4452148900.0
2025-07-31,515090,SH,8801700.0
2025-07-31,515100,SH,3494941500.0
2025-07-31,515110,SH,212295000.0
2025-07-31,515120,SH,5522993600.0
2025-07-31,515130,SH,91463200.0
2025-07-31,515150,SH,554703200.0
2025-07-31,515160,SH,353955100.0
2025-07-31,515170,SH,5998757900.0
2025-07-31,515180,SH,6275637000.0
2025-07-31,515190,SH,87466100.0
2025-07-31,515200,SH,93943200.0
2025-07-31,515210,SH,2163226100.0
2025-07-31,515220,SH,6692676899.999999
2025-07-31,515230,SH,2124690900.0
2025-07-31,515250,SH,863944500.0
2025-07-31,515260,SH,447284200.0
2025-07-31,515290,SH,3741472900.0
2025-07-31,515300,SH,4082175200.0
2025-07-31,515310,SH,241111200.0
2025-07-31,515320,SH,171309000.0
2025-07-31,515330,SH,7538709500.0
2025-07-31,515350,SH,19799200.0
2025-07-31,515360,SH,36779300.0
2025-07-31,515380,SH,755199800.0
2025-07-31,515390,SH,414683000.0
2025-07-31,515400,SH,2227631400.0
2025-07-31,515450,SH,9267835000.0
2025-07-31,515530,SH,20242700.0
2025-07-31,515550,SH,21345700.0
2025-07-31,515560,SH,199883300.00000003
2025-07-31,515580,SH,456031400.0
2025-07-31,515590,SH,76113700.0
2025-07-31,515600,SH,1204797400.0
2025-07-31,515630,SH,206717700.0
2025-07-31,515650,SH,1977184000.0
2025-07-31,515660,SH,885394200.0
2025-07-31,515680,SH,1218264700.0
2025-07-31,515700,SH,1279510200.0
2025-07-31,515710,SH,1631599800.0
2025-07-31,515750,SH,449140500.0
2025-07-31,515760,SH,136388100.0
2025-07-31,515770,SH,69727300.0
2025-07-31,515790,SH,17035494000.0
2025-07-31,515800,SH,4974937200.0
2025-07-31,515810,SH,182908800.0
2025-07-31,515850,SH,148291000.0
2025-07-31,515860,SH,141878900.0
2025-07-31,515880,SH,1733462300.0
2025-07-31,515890,SH,392443900.0
2025-07-31,515900,SH,2278646500.0
2025-07-31,515910,SH,407507000.0
2025-07-31,515920,SH,191905700.0
2025-07-31,515950,SH,559200600.0
2025-07-31,515960,SH,263991900.0
2025-07-31,515980,SH,2827064500.0
2025-07-31,515990,SH,74350200.0
2025-07-31,516000,SH,416855000.0
2025-07-31,516010,SH,1853693000.0
2025-07-31,516020,SH,1161826200.0
2025-07-31,516050,SH,549228000.0
2025-07-31,516060,SH,157237400.0
2025-07-31,516070,SH,535646000.0
2025-07-31,516080,SH,694554800.0
2025-07-31,516090,SH,1687844800.0
2025-07-31,516100,SH,663759700.0
2025-07-31,516110,SH,393623100.0
2025-07-31,516120,SH,344082000.0
2025-07-31,516130,SH,138890000.0
2025-07-31,516150,SH,3031577000.0
2025-07-31,516160,SH,2120142000.0
2025-07-31,516180,SH,118987000.0
2025-07-31,516190,SH,21818500.0
2025-07-31,516200,SH,333604000.0
2025-07-31,516210,SH,124331000.0
2025-07-31,516220,SH,196170000.0
2025-07-31,516260,SH,109882600.0
2025-07-31,516270,SH,434909000.0
2025-07-31,516290,SH,907196900.0
2025-07-31,516300,SH,25012600.000000004
2025-07-31,516310,SH,1406958500.0
2025-07-31,516320,SH,85589300.0
2025-07-31,516330,SH,13271300.000000002
2025-07-31,516350,SH,1154415300.0
2025-07-31,516360,SH,81551800.0
2025-07-31,516380,SH,113449300.0
2025-07-31,516390,SH,430261000.0
2025-07-31,516460,SH,88693000.0
2025-07-31,516480,SH,18146100.0
2025-07-31,516500,SH,154937200.0
2025-07-31,516510,SH,2225890000.0
2025-07-31,516520,SH,359765500.0
2025-07-31,516530,SH,75302300.0
2025-07-31,516550,SH,265414400.0
2025-07-31,516560,SH,118758000.0
2025-07-31,516570,SH,84357600.0
2025-07-31,516580,SH,191124100.0
2025-07-31,516590,SH,90015000.0
2025-07-31,516600,SH,125332100.0
2025-07-31,516610,SH,153974800.0
2025-07-31,516620,SH,65267500.0
2025-07-31,516630,SH,421156000.0
2025-07-31,516640,SH,1698482800.0
2025-07-31,516650,SH,140464800.0
2025-07-31,516660,SH,376689000.0
2025-07-31,516670,SH,1244266300.0
2025-07-31,516700,SH,118622000.0
2025-07-31,516710,SH,68272000.0
2025-07-31,516720,SH,25837800.000000004
2025-07-31,516730,SH,63880800.0
2025-07-31,516750,SH,599167300.0
2025-07-31,516760,SH,191215100.0
2025-07-31,516770,SH,132048000.0
2025-07-31,516780,SH,1339549800.0
2025-07-31,516790,SH,182682200.0
2025-07-31,516800,SH,137154000.0
2025-07-31,516810,SH,232478900.0
2025-07-31,516820,SH,3928415200.0
2025-07-31,516830,SH,242176900.0
2025-07-31,516850,SH,156237000.0
2025-07-31,516860,SH,1097522000.0
2025-07-31,516880,SH,2229944100.0
2025-07-31,516890,SH,46311400.0
2025-07-31,516900,SH,161729000.0
2025-07-31,516910,SH,50141800.0
2025-07-31,516920,SH,650463000.0
2025-07-31,516930,SH,64139600.0
2025-07-31,516950,SH,741821000.0
2025-07-31,516960,SH,21051100.0
2025-07-31,516970,SH,3109542500.0
2025-07-31,516980,SH,24016000.0
2025-07-31,517000,SH,382793000.0
2025-07-31,517010,SH,123144200.0
2025-07-31,517030,SH,69040300.0
2025-07-31,517050,SH,469605000.0
2025-07-31,517080,SH,417166000.0
2025-07-31,517090,SH,150075000.0
2025-07-31,517100,SH,292102100.0
2025-07-31,517110,SH,422098500.0
2025-07-31,517120,SH,422966400.0
2025-07-31,517160,SH,1830777500.0
2025-07-31,517170,SH,41131800.0
2025-07-31,517180,SH,287496300.0
2025-07-31,517200,SH,151782000.0
2025-07-31,517300,SH,3375434500.0
2025-07-31,517330,SH,1827169000.0
2025-07-31,517350,SH,106042000.0
2025-07-31,517360,SH,28083000.0
2025-07-31,517380,SH,882326300.0
2025-07-31,517390,SH,219112600.0
2025-07-31,517400,SH,99792000.0
2025-07-31,517520,SH,3134904000.0
2025-07-31,517550,SH,63917400.0
2025-07-31,517660,SH,48280700.0
2025-07-31,517770,SH,33947800.0
2025-07-31,517800,SH,324539700.0
2025-07-31,517850,SH,44185200.00000001
2025-07-31,517880,SH,35337100.0
2025-07-31,517900,SH,578993500.0
2025-07-31,517990,SH,40987900.0
2025-07-31,518600,SH,283216300.0
2025-07-31,518660,SH,471752700.0
2025-07-31,518680,SH,379069500.0
2025-07-31,518800,SH,2475419900.0
2025-07-31,518850,SH,637878700.0
2025-07-31,518860,SH,278259800.0
2025-07-31,518880,SH,7942540800.0
2025-07-31,518890,SH,263354800.0
2025-07-31,520500,SH,546305000.0
2025-07-31,520520,SH,79606000.0
2025-07-31,520550,SH,956024000.0
2025-07-31,520580,SH,412983900.0
2025-07-31,520600,SH,506368000.0
2025-07-31,520660,SH,1137485500.0
2025-07-31,520700,SH,361076000.0
2025-07-31,520830,SH,1299119000.0
2025-07-31,520860,SH,1078195000.0
2025-07-31,520880,SH,805809000.0
2025-07-31,520890,SH,55508000.0
2025-07-31,520900,SH,1941175000.0
2025-07-31,520940,SH,102297000.0
2025-07-31,520980,SH,2031387000.0
2025-07-31,520990,SH,5319470500.0
2025-07-31,530000,SH,1335029400.0
2025-07-31,530050,SH,172813000.0
2025-07-31,530080,SH,32917000.0
2025-07-31,530180,SH,87952000.0
2025-07-31,530280,SH,103434000.0
2025-07-31,530300,SH,73643000.0
2025-07-31,530580,SH,97149000.0
2025-07-31,530680,SH,318891900.0
2025-07-31,530800,SH,36201800.0
2025-07-31,530880,SH,69336000.0
2025-07-31,551000,SH,95754100.0
2025-07-31,551030,SH,135160000.0
2025-07-31,551500,SH,108370000.0
2025-07-31,551550,SH,153178200.0
2025-07-31,551900,SH,105901700.0
2025-07-31,560000,SH,13022900.0
2025-07-31,560010,SH,11541621700.0
2025-07-31,560020,SH,65562000.0
2025-07-31,560030,SH,24432000.0
2025-07-31,560050,SH,4967434400.0
2025-07-31,560060,SH,270090000.0
2025-07-31,560070,SH,329862300.00000006
2025-07-31,560080,SH,1745265000.0
2025-07-31,560090,SH,1947865000.0
2025-07-31,560100,SH,62580300.0
2025-07-31,560110,SH,211903500.0
2025-07-31,560150,SH,745279299.9999999
2025-07-31,560170,SH,1514495500.0
2025-07-31,560180,SH,20603000.0
2025-07-31,560190,SH,31334000.0
2025-07-31,560220,SH,42717000.0
2025-07-31,560260,SH,1822664700.0
2025-07-31,560280,SH,174252000.0
2025-07-31,560300,SH,33803400.0
2025-07-31,560330,SH,42130000.0
2025-07-31,560350,SH,2011532100.0
2025-07-31,560360,SH,101345000.0
2025-07-31,560380,SH,178861000.0
2025-07-31,560500,SH,440339000.0
2025-07-31,560510,SH,4187026900.0
2025-07-31,560520,SH,3751000.0
2025-07-31,560530,SH,6112623700.0
2025-07-31,560550,SH,501597400.0
2025-07-31,560560,SH,110190100.0
2025-07-31,560580,SH,56003000.0
2025-07-31,560590,SH,7710000.0
2025-07-31,560610,SH,6196988400.0
2025-07-31,560620,SH,124867000.0
2025-07-31,560630,SH,463394000.0
2025-07-31,560650,SH,10919200.0
2025-07-31,560660,SH,50969000.0
2025-07-31,560680,SH,131225600.0
2025-07-31,560690,SH,9889000.0
2025-07-31,560700,SH,558036900.0
2025-07-31,560750,SH,75554800.0
2025-07-31,560780,SH,175496000.0
2025-07-31,560800,SH,949951100.0
2025-07-31,560810,SH,477116000.0
2025-07-31,560820,SH,6926000.0
2025-07-31,560850,SH,212164000.0
2025-07-31,560860,SH,1050233000.0
2025-07-31,560880,SH,297232000.0
2025-07-31,560890,SH,48981200.0
2025-07-31,560900,SH,72969100.0
2025-07-31,560950,SH,19483000.0
2025-07-31,560980,SH,358522000.0
2025-07-31,560990,SH,31187100.0
2025-07-31,561000,SH,107420000.0
2025-07-31,561010,SH,114356000.0
2025-07-31,561060,SH,51065000.0
2025-07-31,561080,SH,38250000.0
2025-07-31,561090,SH,56974000.0
2025-07-31,561100,SH,540746900.0
2025-07-31,561120,SH,88159900.0
2025-07-31,561130,SH,191935200.0
2025-07-31,561160,SH,1197835000.0
2025-07-31,561170,SH,117032700.0
2025-07-31,561180,SH,93609600.0
2025-07-31,561190,SH,764318000.0
2025-07-31,561200,SH,27470500.0
2025-07-31,561220,SH,269553000.0
2025-07-31,561230,SH,1062477800.0
2025-07-31,561260,SH,34895200.0
2025-07-31,561280,SH,36847700.0
2025-07-31,561300,SH,1540965000.0
2025-07-31,561310,SH,77916600.0
2025-07-31,561320,SH,60369000.0
2025-07-31,561330,SH,81696100.0
2025-07-31,561350,SH,91700000.0
2025-07-31,561360,SH,124148000.0
2025-07-31,561370,SH,22356000.0
2025-07-31,561380,SH,65413600.0
2025-07-31,561500,SH,77100300.0
2025-07-31,561510,SH,74206000.0
2025-07-31,561550,SH,752989600.0000001
2025-07-31,561560,SH,494624200.0
2025-07-31,561570,SH,20147000.0
2025-07-31,561580,SH,389370700.0
2025-07-31,561590,SH,26499600.0
2025-07-31,561600,SH,220274000.0
2025-07-31,561700,SH,141313600.0
2025-07-31,561750,SH,115496000.0
2025-07-31,561760,SH,31695000.0
2025-07-31,561770,SH,111550000.0
2025-07-31,561780,SH,10955800.0
2025-07-31,561790,SH,43934000.0
2025-07-31,561800,SH,153577200.0
2025-07-31,561870,SH,137765000.0
2025-07-31,561880,SH,164389000.0
2025-07-31,561900,SH,44334399.99999999
2025-07-31,561910,SH,1564076600.0
2025-07-31,561920,SH,26692000.0
2025-07-31,561930,SH,268260600.0
2025-07-31,561950,SH,81156000.0
2025-07-31,561960,SH,65385200.00000001
2025-07-31,561980,SH,677110000.0
2025-07-31,561990,SH,685649200.0
2025-07-31,562000,SH,1608368900.0000002
2025-07-31,562010,SH,18298700.0
2025-07-31,562030,SH,105986900.0
2025-07-31,562050,SH,91468000.0
2025-07-31,562060,SH,1382896300.0
2025-07-31,562080,SH,536378600.0
2025-07-31,562300,SH,102495000.0
2025-07-31,562310,SH,1046572300.0
2025-07-31,562320,SH,103295500.0
2025-07-31,562330,SH,14018900.000000002
2025-07-31,562340,SH,9144300.0
2025-07-31,562350,SH,35410900.0
2025-07-31,562360,SH,438474000.0
2025-07-31,562380,SH,155628900.0
2025-07-31,562390,SH,54429000.0
2025-07-31,562500,SH,17401187300.0
2025-07-31,562510,SH,896595000.0
2025-07-31,562520,SH,38568000.0
2025-07-31,562530,SH,41144000.0
2025-07-31,562550,SH,134919300.0
2025-07-31,562560,SH,24265500.0
2025-07-31,562570,SH,475281000.0
2025-07-31,562580,SH,28723300.0
2025-07-31,562590,SH,321663000.0
2025-07-31,562600,SH,98937400.0
2025-07-31,562660,SH,170874000.0
2025-07-31,562700,SH,56750000.0
2025-07-31,562800,SH,1981795000.0
2025-07-31,562810,SH,45451000.0
2025-07-31,562820,SH,40136000.0
2025-07-31,562850,SH,78981500.0
2025-07-31,562860,SH,360895000.0
2025-07-31,562870,SH,315505200.0
2025-07-31,562880,SH,568399600.0
2025-07-31,562890,SH,389051000.0
2025-07-31,562900,SH,80706300.0
2025-07-31,562910,SH,142227300.0
2025-07-31,562920,SH,62069000.0
2025-07-31,562930,SH,179437000.0
2025-07-31,562950,SH,467258300.0
2025-07-31,562960,SH,93891000.0
2025-07-31,562970,SH,335448000.0
2025-07-31,562990,SH,1282756000.0
2025-07-31,563000,SH,4395951100.0
2025-07-31,563010,SH,94189300.0
2025-07-31,563020,SH,2072910000.0
2025-07-31,563030,SH,118169000.0
2025-07-31,563050,SH,227208400.0
2025-07-31,563060,SH,17527000.0
2025-07-31,563080,SH,2292588400.0
2025-07-31,563090,SH,42848000.0
2025-07-31,563150,SH,24399000.0
2025-07-31,563180,SH,187420000.0
2025-07-31,563200,SH,17458800.0
2025-07-31,563210,SH,32067000.0
2025-07-31,563220,SH,9686013700.0
2025-07-31,563280,SH,8206600.0
2025-07-31,563300,SH,1691174000.0
2025-07-31,563330,SH,21660600.0
2025-07-31,563350,SH,461997600.0
2025-07-31,563360,SH,17197987400.0
2025-07-31,563390,SH,424344000.0
2025-07-31,563500,SH,970979400.0
2025-07-31,563520,SH,832065000.0
2025-07-31,563550,SH,151559000.0
2025-07-31,563580,SH,353648000.0
2025-07-31,563630,SH,43947100.0
2025-07-31,563650,SH,140909000.0
2025-07-31,563660,SH,225085200.0
2025-07-31,563680,SH,22959000.0
2025-07-31,563700,SH,131150000.0
2025-07-31,563760,SH,39913200.0
2025-07-31,563770,SH,36307000.0
2025-07-31,563780,SH,47027100.0
2025-07-31,563800,SH,16309978100.0
2025-07-31,563830,SH,22896000.0
2025-07-31,563860,SH,791844299.9999999
2025-07-31,563880,SH,4291996400.0
2025-07-31,563900,SH,478965700.0
2025-07-31,563990,SH,47573000.0
2025-07-31,588000,SH,80008168200.0
2025-07-31,588010,SH,360425800.0
2025-07-31,588020,SH,243791000.0
2025-07-31,588030,SH,5696838100.000001
2025-07-31,588040,SH,37889000.0
2025-07-31,588050,SH,11059241299.999998
2025-07-31,588060,SH,9487140000.0
2025-07-31,588070,SH,24437000.0
2025-07-31,588080,SH,61915628099.99999
2025-07-31,588090,SH,4887072800.0
2025-07-31,588100,SH,168748700.0
2025-07-31,588110,SH,169758000.0
2025-07-31,588120,SH,915811000.0
2025-07-31,588130,SH,31082600.000000004
2025-07-31,588150,SH,366432600.0
2025-07-31,588160,SH,368496000.0
2025-07-31,588170,SH,383149000.0
2025-07-31,588180,SH,5064353700.0
2025-07-31,588190,SH,2761618300.0
2025-07-31,588200,SH,19740894800.0
2025-07-31,588210,SH,368254000.0
2025-07-31,588220,SH,5045197900.0
2025-07-31,588230,SH,278939000.0
2025-07-31,588240,SH,146633000.0
2025-07-31,588250,SH,69675000.0
2025-07-31,588260,SH,88746000.0
2025-07-31,588270,SH,28410000.0
2025-07-31,588280,SH,544121000.0
2025-07-31,588290,SH,1638897000.0
2025-07-31,588300,SH,2626210500.0
2025-07-31,588310,SH,88237500.0
2025-07-31,588320,SH,20824600.0
2025-07-31,588330,SH,1709737800.0
2025-07-31,588350,SH,1650546000.0
2025-07-31,588360,SH,641881800.0
2025-07-31,588370,SH,90772000.0
2025-07-31,588380,SH,3746770000.0
2025-07-31,588390,SH,386935900.0
2025-07-31,588400,SH,2781600600.0
2025-07-31,588450,SH,87568700.00000001
2025-07-31,588460,SH,579014000.0
2025-07-31,588500,SH,76647000.0
2025-07-31,588520,SH,36957000.0
2025-07-31,588660,SH,158344000.0
2025-07-31,588670,SH,65792000.0
2025-07-31,588680,SH,38361000.0
2025-07-31,588700,SH,185336200.0
2025-07-31,588710,SH,94295000.0
2025-07-31,588720,SH,267241800.0
2025-07-31,588730,SH,795396300.0
2025-07-31,588750,SH,1642228000.0
2025-07-31,588760,SH,2287532000.0
2025-07-31,588770,SH,200597100.0
2025-07-31,588780,SH,233951000.0
2025-07-31,588790,SH,9355384000.0
2025-07-31,588800,SH,2682377000.0
2025-07-31,588810,SH,78324000.0
2025-07-31,588820,SH,19400000.0
2025-07-31,588830,SH,400847900.0
2025-07-31,588840,SH,190236000.0
2025-07-31,588850,SH,12779000.0
2025-07-31,588860,SH,118444700.0
2025-07-31,588870,SH,314552000.0
2025-07-31,588880,SH,210368000.0
2025-07-31,588890,SH,320810000.0
2025-07-31,588900,SH,406783000.0
2025-07-31,588910,SH,334049100.00000006
2025-07-31,588920,SH,408438000.0
2025-07-31,588930,SH,795329000.0
2025-07-31,588940,SH,232420000.0
2025-07-31,588950,SH,179729700.0
2025-07-31,588960,SH,100579800.0
2025-07-31,588990,SH,121745400.0
2025-07-31,589000,SH,1451507800.0
2025-07-31,589010,SH,63793000.0
2025-07-31,589060,SH,112137900.0
2025-07-31,589080,SH,438061000.0
2025-07-31,589100,SH,89777000.0
2025-07-31,589180,SH,17318000.0
2025-07-31,589300,SH,105582500.0
2025-07-31,589380,SH,77694300.0
2025-07-31,589500,SH,300064000.0
2025-07-31,589520,SH,336052300.00000006
2025-07-31,589550,SH,92295500.0
2025-07-31,589580,SH,18354800.0
2025-07-31,589600,SH,865535000.0
2025-07-31,589630,SH,618629000.0
2025-07-31,589660,SH,537530000.0
2025-07-31,589680,SH,1679943700.0
2025-07-31,589700,SH,22291000.0
2025-07-31,589770,SH,473569200.0
2025-07-31,589800,SH,1939988200.0
2025-07-31,589860,SH,510224000.0
2025-07-31,589880,SH,744996000.0
2025-07-31,589890,SH,579987000.0
2025-07-31,589900,SH,803908200.0000001
2025-07-31,589980,SH,237122000.0
2025-07-31,589990,SH,306090000.0
2025-09-30,510010,SH,132524400.0
2025-09-30,510020,SH,39848000.0
2025-09-30,510030,SH,157229800.0
2025-09-30,510040,SH,36480000.0
2025-09-30,510050,SH,57723966800.0
2025-09-30,510060,SH,45959200.0
2025-09-30,510090,SH,29081100.0
2025-09-30,510100,SH,1471106800.0
2025-09-30,510130,SH,36685100.0
2025-09-30,510150,SH,3001178600.0
2025-09-30,510160,SH,240057400.00000003
2025-09-30,510170,SH,178914800.0
2025-09-30,510180,SH,5674557700.0
2025-09-30,510190,SH,37650800.0
2025-09-30,510200,SH,146385500.0
2025-09-30,510210,SH,4640192600.0
2025-09-30,510230,SH,3385808000.0
2025-09-30,510270,SH,14832100.0
2025-09-30,510290,SH,70448900.0
2025-09-30,510300,SH,89716087700.0
2025-09-30,510310,SH,66728444000.0
2025-09-30,510320,SH,469068500.0
2025-09-30,510330,SH,47394249800.00001
2025-09-30,510350,SH,811014700.0
2025-09-30,510360,SH,2543381200.0
2025-09-30,510370,SH,135258100.0
2025-09-30,510380,SH,1326802400.0
2025-09-30,510390,SH,107750000.0
2025-09-30,510410,SH,354258399.99999994
2025-09-30,510500,SH,18644568600.0
2025-09-30,510510,SH,897038300.0
2025-09-30,510530,SH,44979399.99999999
2025-09-30,510550,SH,13743300.0
2025-09-30,510560,SH,120318700.0
2025-09-30,510570,SH,23060600.0
2025-09-30,510580,SH,778968300.0
2025-09-30,510590,SH,69186100.0
2025-09-30,510600,SH,12415100.0
2025-09-30,510630,SH,524361500.0
2025-09-30,510650,SH,9452500.0
2025-09-30,510660,SH,31879700.0
2025-09-30,510680,SH,30124700.0
2025-09-30,510710,SH,125918900.0
2025-09-30,510720,SH,3174766000.0
2025-09-30,510760,SH,1523503700.0
2025-09-30,510770,SH,21610700.0
2025-09-30,510800,SH,271576000.0
2025-09-30,510810,SH,8227393700.0
2025-09-30,510850,SH,71898900.0
2025-09-30,510880,SH,6384175699.999999
2025-09-30,510900,SH,7018021899.999999
2025-09-30,510950,SH,67950000.0
2025-09-30,510980,SH,254798000.0
2025-09-30,510990,SH,42948600.0
2025-09-30,511010,SH,16226300.000000002
2025-09-30,511020,SH,12887500.0
2025-09-30,511030,SH,215850700.0
2025-09-30,511060,SH,9326300.0
2025-09-30,511070,SH,206931000.0
2025-09-30,511090,SH,259588100.0
2025-09-30,511100,SH,57050500.0
2025-09-30,511110,SH,218399600.0
2025-09-30,511120,SH,113490600.0
2025-09-30,511130,SH,176799700.0
2025-09-30,511150,SH,35890900.0
2025-09-30,511160,SH,52000900.0
2025-09-30,511180,SH,760359700.0
2025-09-30,511190,SH,140644300.0
2025-09-30,511200,SH,198237500.0
2025-09-30,511220,SH,2440881400.0
2025-09-30,511260,SH,111906500.0
2025-09-30,511270,SH,23627500.0
2025-09-30,511360,SH,561848600.0
2025-09-30,511380,SH,4483586700.0
2025-09-30,511520,SH,382956500.0
2025-09-30,511580,SH,2406800.0
2025-09-30,512000,SH,59365235400.0
2025-09-30,512010,SH,42617694900.0
2025-09-30,512020,SH,2666012700.0
2025-09-30,512030,SH,27240000.0
2025-09-30,512040,SH,1517715900.0
2025-09-30,512050,SH,15601992200.0
2025-09-30,512060,SH,24928000.0
2025-09-30,512070,SH,14056479700.0
2025-09-30,512080,SH,1043186100.0
2025-09-30,512090,SH,315592300.0
2025-09-30,512100,SH,25009217600.0
2025-09-30,512120,SH,764241900.0
2025-09-30,512130,SH,21895000.0
2025-09-30,512150,SH,45073400.0
2025-09-30,512160,SH,177777800.0
2025-09-30,512170,SH,67451820500.0
2025-09-30,512180,SH,56048000.0
2025-09-30,512190,SH,27218400.0
2025-09-30,512200,SH,4505847900.0
2025-09-30,512220,SH,200967600.0
2025-09-30,512240,SH,12686000.0
2025-09-30,512250,SH,14600100.0
2025-09-30,512260,SH,29297700.0
2025-09-30,512290,SH,2800820700.0
2025-09-30,512330,SH,434688000.0
2025-09-30,512360,SH,39337700.0
2025-09-30,512370,SH,83313000.0
2025-09-30,512380,SH,84805600.0
2025-09-30,512390,SH,165682000.0
2025-09-30,512400,SH,8678039000.0
2025-09-30,512480,SH,14637003600.000002
2025-09-30,512500,SH,4159208800.0
2025-09-30,512510,SH,460429800.00000006
2025-09-30,512520,SH,54056400.0
2025-09-30,512530,SH,124502000.0
2025-09-30,512550,SH,153906000.0
2025-09-30,512560,SH,902127000.0
2025-09-30,512570,SH,1483806099.9999998
2025-09-30,512580,SH,1040071700.0
2025-09-30,512600,SH,1036956100.0
2025-09-30,512640,SH,22240900.0
2025-09-30,512650,SH,178941600.0
2025-09-30,512660,SH,11450080000.0
2025-09-30,512670,SH,8295652600.0
2025-09-30,512680,SH,6164930100.0
2025-09-30,512690,SH,34467550200.0
2025-09-30,512700,SH,1143581000.0
2025-09-30,512710,SH,20224658400.0
2025-09-30,512720,SH,1019453400.0
2025-09-30,512730,SH,82583900.0
2025-09-30,512750,SH,54654900.0
2025-09-30,512760,SH,6037522800.0
2025-09-30,512770,SH,139767800.0
2025-09-30,512800,SH,17905479900.0
2025-09-30,512810,SH,1583583500.0
2025-09-30,512820,SH,796001900.0
2025-09-30,512870,SH,28410600.0
2025-09-30,512880,SH,43784291500.0
2025-09-30,512890,SH,17708110800.0
2025-09-30,512900,SH,6264906000.0
2025-09-30,512910,SH,213628800.0
2025-09-30,512930,SH,1445130300.0
2025-09-30,512950,SH,4082551000.0
2025-09-30,512960,SH,4001257300.0
2025-09-30,512970,SH,57987600.0
2025-09-30,512980,SH,2822924400.0
2025-09-30,512990,SH,129015400.0
2025-09-30,513000,SH,859911400.0
2025-09-30,513010,SH,25106307000.0
2025-09-30,513020,SH,3378145400.0
2025-09-30,513030,SH,979779000.0
2025-09-30,513040,SH,2839841300.0
2025-09-30,513050,SH,24757432700.0
2025-09-30,513060,SH,10065393300.0
2025-09-30,513070,SH,583760800.0
2025-09-30,513080,SH,546916000.0
2025-09-30,513090,SH,14658988000.0
2025-09-30,513100,SH,9466110600.0
2025-09-30,513110,SH,1837435000.0
2025-09-30,513120,SH,16219135400.0
2025-09-30,513130,SH,48392347000.0
2025-09-30,513140,SH,89868000.0
2025-09-30,513150,SH,90559800.0
2025-09-30,513160,SH,3608189300.0
2025-09-30,513170,SH,239573000.0
2025-09-30,513180,SH,51810759500.0
2025-09-30,513190,SH,1563936000.0
2025-09-30,513200,SH,1775282100.0
2025-09-30,513210,SH,37942000.0
2025-09-30,513220,SH,254109400.0
2025-09-30,513230,SH,368422700.0
2025-09-30,513260,SH,4485243000.0
2025-09-30,513280,SH,371114500.0
2025-09-30,513290,SH,1049572100.0
2025-09-30,513300,SH,5057921000.0
2025-09-30,513310,SH,830427000.0
2025-09-30,513320,SH,115010600.0
2025-09-30,513330,SH,57643480000.0
2025-09-30,513350,SH,630746000.0
2025-09-30,513360,SH,697213900.0
2025-09-30,513380,SH,12904784900.0
2025-09-30,513390,SH,1770379100.0
2025-09-30,513400,SH,1191062000.0
2025-09-30,513500,SH,9810638600.0
2025-09-30,513520,SH,969387200.0
2025-09-30,513530,SH,1245438700.0
2025-09-30,513550,SH,2461992000.0
2025-09-30,513560,SH,538386000.0
2025-09-30,513580,SH,5671118000.0
2025-09-30,513590,SH,291918900.0
2025-09-30,513600,SH,898829500.0
2025-09-30,513630,SH,8262359000.0
2025-09-30,513650,SH,2121734000.0
2025-09-30,513660,SH,1508000100.0
2025-09-30,513690,SH,4969479900.0
2025-09-30,513700,SH,1300846000.0
2025-09-30,513730,SH,1028355000.0
2025-09-30,513750,SH,11972338000.0
2025-09-30,513770,SH,17975137900.0
2025-09-30,513780,SH,1853657000.0
2025-09-30,513800,SH,562244400.0
2025-09-30,513810,SH,52992000.0
2025-09-30,513820,SH,2560169000.0
2025-09-30,513830,SH,115311000.0
2025-09-30,513850,SH,1000892600.0
2025-09-30,513860,SH,5520470600.000001
2025-09-30,513870,SH,1008671000.0
2025-09-30,513880,SH,1149970000.0
2025-09-30,513890,SH,618128000.0
2025-09-30,513900,SH,116978000.0
2025-09-30,513910,SH,2233276000.0
2025-09-30,513920,SH,2129231000.0
2025-09-30,513950,SH,1915619000.0
2025-09-30,513970,SH,2443041000.0
2025-09-30,513980,SH,28830204000.0
2025-09-30,513990,SH,70000000.0
2025-09-30,515000,SH,3450579300.0
2025-09-30,515010,SH,1234271600.0
2025-09-30,515020,SH,441845300.0
2025-09-30,515030,SH,3147384000.0
2025-09-30,515050,SH,4541068500.0
2025-09-30,515060,SH,1041478100.0
2025-09-30,515070,SH,4908470200.0
2025-09-30,515080,SH,4903148900.0
2025-09-30,515090,SH,5801700.0
2025-09-30,515100,SH,3093941500.0
2025-09-30,515110,SH,210295000.0
2025-09-30,515120,SH,8023993600.0
2025-09-30,515130,SH,82463200.0
2025-09-30,515150,SH,542703200.0
2025-09-30,515160,SH,319955100.0
2025-09-30,515170,SH,8748257900.0
2025-09-30,515180,SH,6415637000.0
2025-09-30,515190,SH,253466100.0
2025-09-30,515200,SH,69943200.0
2025-09-30,515210,SH,2571226100.0
2025-09-30,515220,SH,10678176900.0
2025-09-30,515230,SH,1959690900.0
2025-09-30,515250,SH,607944500.0
2025-09-30,515260,SH,1338568400.0
2025-09-30,515290,SH,4192372900.0
2025-09-30,515300,SH,3495675200.0
2025-09-30,515310,SH,230611200.0
2025-09-30,515320,SH,108309000.0
2025-09-30,515330,SH,6905709500.0
2025-09-30,515350,SH,15299200.0
2025-09-30,515360,SH,36779300.0
2025-09-30,515380,SH,740799800.0
2025-09-30,515390,SH,386683000.0
2025-09-30,515400,SH,1293631400.0
2025-09-30,515450,SH,9179835000.0
2025-09-30,515530,SH,16242700.0
2025-09-30,515550,SH,9345700.0
2025-09-30,515560,SH,176883300.00000003
2025-09-30,515580,SH,430031400.0
2025-09-30,515590,SH,46113700.0
2025-09-30,515600,SH,1166797400.0
2025-09-30,515630,SH,395717700.0
2025-09-30,515650,SH,2601184000.0
2025-09-30,515660,SH,829594200.0
2025-09-30,515680,SH,1183264700.0
2025-09-30,515700,SH,985510200.0
2025-09-30,515710,SH,2080099800.0
2025-09-30,515750,SH,405140500.0
2025-09-30,515760,SH,107388100.0
2025-09-30,515770,SH,51727299.99999999
2025-09-30,515790,SH,14653494000.0
2025-09-30,515800,SH,4252937200.0
2025-09-30,515810,SH,206908800.0
2025-09-30,515850,SH,292791000.0
2025-09-30,515860,SH,137878900.0
2025-09-30,515880,SH,4318462300.0
2025-09-30,515890,SH,320443900.0
2025-09-30,515900,SH,2233646500.0
2025-09-30,515910,SH,353507000.0
2025-09-30,515920,SH,116905700.0
2025-09-30,515950,SH,439200600.0
2025-09-30,515960,SH,273991900.0
2025-09-30,515980,SH,8894129000.0
2025-09-30,515990,SH,62350200.00000001
2025-09-30,516000,SH,307855000.0
2025-09-30,516010,SH,1886693000.0
2025-09-30,516020,SH,3528326200.0
2025-09-30,516050,SH,357228000.0
2025-09-30,516060,SH,200237400.00000003
2025-09-30,516070,SH,429646000.0
2025-09-30,516080,SH,1014554800.0
2025-09-30,516090,SH,1826844800.0
2025-09-30,516100,SH,1097759700.0
2025-09-30,516110,SH,575623100.0
2025-09-30,516120,SH,1615082000.0
2025-09-30,516130,SH,177890000.0
2025-09-30,516150,SH,4352577000.0
2025-09-30,516160,SH,2166642000.0
2025-09-30,516180,SH,103987000.0
2025-09-30,516190,SH,17918500.0
2025-09-30,516200,SH,331604000.0
2025-09-30,516210,SH,109631000.0
2025-09-30,516220,SH,309170000.0
2025-09-30,516260,SH,63882600.0
2025-09-30,516270,SH,440909000.0
2025-09-30,516290,SH,881196900.0
2025-09-30,516300,SH,23012600.000000004
2025-09-30,516310,SH,1635858500.0
2025-09-30,516320,SH,81589300.0
2025-09-30,516330,SH,12071300.000000002
2025-09-30,516350,SH,1044415300.0
2025-09-30,516360,SH,85551800.0
2025-09-30,516380,SH,109449300.0
2025-09-30,516390,SH,359761000.0
2025-09-30,516460,SH,354693000.0
2025-09-30,516480,SH,18146100.0
2025-09-30,516500,SH,165937200.0
2025-09-30,516510,SH,1524890000.0
2025-09-30,516520,SH,281765500.0
2025-09-30,516530,SH,84802300.0
2025-09-30,516550,SH,233414400.0
2025-09-30,516560,SH,134258000.0
2025-09-30,516570,SH,95357600.0
2025-09-30,516580,SH,196124100.0
2025-09-30,516590,SH,78015000.0
2025-09-30,516600,SH,131332100.0
2025-09-30,516610,SH,172974800.0
2025-09-30,516620,SH,68267500.0
2025-09-30,516630,SH,401156000.0
2025-09-30,516640,SH,1300482800.0
2025-09-30,516650,SH,573464800.0
2025-09-30,516660,SH,341689000.0
2025-09-30,516670,SH,1219266300.0
2025-09-30,516700,SH,100122000.0
2025-09-30,516710,SH,80272000.0
2025-09-30,516720,SH,19837800.0
2025-09-30,516730,SH,105880800.0
2025-09-30,516750,SH,220667300.0
2025-09-30,516760,SH,256215100.0
2025-09-30,516770,SH,158048000.0
2025-09-30,516780,SH,1943549800.0
2025-09-30,516790,SH,228182200.0
2025-09-30,516800,SH,266308000.0
2025-09-30,516810,SH,278478900.0
2025-09-30,516820,SH,3683415200.0
2025-09-30,516830,SH,204676900.0
2025-09-30,516850,SH,172237000.0
2025-09-30,516860,SH,1609522000.0
2025-09-30,516880,SH,2391944100.0
2025-09-30,516890,SH,47311400.0
2025-09-30,516900,SH,242729000.0
2025-09-30,516910,SH,62641800.0
2025-09-30,516920,SH,601963000.0
2025-09-30,516930,SH,100139600.0
2025-09-30,516950,SH,347821000.0
2025-09-30,516960,SH,19051100.0
2025-09-30,516970,SH,2216042500.0
2025-09-30,516980,SH,40516000.0
2025-09-30,517000,SH,262793000.0
2025-09-30,517010,SH,78144200.0
2025-09-30,517030,SH,75040300.0
2025-09-30,517050,SH,387605000.0
2025-09-30,517080,SH,305166000.0
2025-09-30,517090,SH,119075000.0
2025-09-30,517100,SH,224602100.0
2025-09-30,517110,SH,526098500.0
2025-09-30,517120,SH,434966400.0
2025-09-30,517160,SH,1822777500.0
2025-09-30,517170,SH,36131800.0
2025-09-30,517180,SH,175496300.0
2025-09-30,517200,SH,120782000.0
2025-09-30,517300,SH,3204434500.0
2025-09-30,517330,SH,1825169000.0
2025-09-30,517350,SH,94042000.0
2025-09-30,517360,SH,22083000.0
2025-09-30,517380,SH,1676326300.0
2025-09-30,517390,SH,300112600.0
2025-09-30,517400,SH,214792000.0
2025-09-30,517520,SH,5865404000.0
2025-09-30,517550,SH,84917400.0
2025-09-30,517660,SH,44680700.0
2025-09-30,517770,SH,58947800.0
2025-09-30,517800,SH,314539700.0
2025-09-30,517850,SH,52185200.00000001
2025-09-30,517880,SH,35337100.0
2025-09-30,517900,SH,699993500.0
2025-09-30,517990,SH,41987900.0
2025-09-30,518600,SH,294916300.0
2025-09-30,518660,SH,473252700.0
2025-09-30,518680,SH,449669500.0
2025-09-30,518800,SH,2428719900.0
2025-09-30,518850,SH,694278700.0
2025-09-30,518860,SH,253959800.0
2025-09-30,518880,SH,8181240800.0
2025-09-30,518890,SH,222854800.0
2025-09-30,520500,SH,814305000.0
2025-09-30,520510,SH,232728000.0
2025-09-30,520520,SH,74606000.0
2025-09-30,520550,SH,873024000.0
2025-09-30,520580,SH,310983900.0
2025-09-30,520600,SH,452368000.0
2025-09-30,520620,SH,384409000.0
2025-09-30,520660,SH,1996485500.0
2025-09-30,520670,SH,205928100.0
2025-09-30,520690,SH,428454000.0
2025-09-30,520700,SH,525076000.0
2025-09-30,520720,SH,200942000.0
2025-09-30,520830,SH,1705119000.0
2025-09-30,520840,SH,828549000.0
2025-09-30,520860,SH,689195000.0
2025-09-30,520880,SH,2857618000.0
2025-09-30,520890,SH,64008000.0
2025-09-30,520900,SH,1591675000.0
2025-09-30,520920,SH,1420019000.0
2025-09-30,520940,SH,73297000.0
2025-09-30,520970,SH,984358000.0
2025-09-30,520980,SH,3988387000.0
2025-09-30,520990,SH,4371470500.0
2025-09-30,530000,SH,1182029400.0
2025-09-30,530050,SH,149813000.0
2025-09-30,530080,SH,42917000.0
2025-09-30,530180,SH,71952000.0
2025-09-30,530280,SH,61434000.0
2025-09-30,530300,SH,51643000.0
2025-09-30,530380,SH,350705000.0
2025-09-30,530530,SH,152460000.0
2025-09-30,530580,SH,85149000.0
2025-09-30,530680,SH,252891900.0
2025-09-30,530800,SH,20201800.0
2025-09-30,530880,SH,65836000.0
2025-09-30,551000,SH,103120100.0
2025-09-30,551030,SH,192380000.0
2025-09-30,551060,SH,101311000.0
2025-09-30,551300,SH,65277500.0
2025-09-30,551500,SH,131070000.0
2025-09-30,551510,SH,102676100.0
2025-09-30,551520,SH,113031600.0
2025-09-30,551550,SH,153768200.0
2025-09-30,551560,SH,136318800.0
2025-09-30,551580,SH,64666800.0
2025-09-30,551800,SH,109871400.0
2025-09-30,551900,SH,189171700.0
2025-09-30,560000,SH,13022900.0
2025-09-30,560010,SH,11340621700.0
2025-09-30,560020,SH,66562000.0
2025-09-30,560030,SH,24432000.0
2025-09-30,560050,SH,4314934400.0
2025-09-30,560060,SH,220090000.0
2025-09-30,560070,SH,285462300.0
2025-09-30,560080,SH,2322265000.0
2025-09-30,560090,SH,2529365000.0
2025-09-30,560100,SH,58080300.0
2025-09-30,560110,SH,175903500.0
2025-09-30,560120,SH,49689000.0
2025-09-30,560150,SH,744279299.9999999
2025-09-30,560170,SH,1349995500.0
2025-09-30,560180,SH,20603000.0
2025-09-30,560190,SH,38334000.0
2025-09-30,560220,SH,45717000.0
2025-09-30,560260,SH,1667664700.0
2025-09-30,560280,SH,227752000.0
2025-09-30,560300,SH,32803400.0
2025-09-30,560330,SH,27130000.0
2025-09-30,560350,SH,1681532100.0
2025-09-30,560360,SH,124345000.0
2025-09-30,560380,SH,162861000.0
2025-09-30,560500,SH,436339000.0
2025-09-30,560510,SH,3194026900.0
2025-09-30,560520,SH,3751000.0
2025-09-30,560530,SH,4960623700.0
2025-09-30,560550,SH,371597400.0
2025-09-30,560560,SH,100190100.0
2025-09-30,560570,SH,1362541200.0
2025-09-30,560580,SH,66003000.0
2025-09-30,560590,SH,16710000.0
2025-09-30,560610,SH,5218988400.0
2025-09-30,560620,SH,90867000.0
2025-09-30,560630,SH,233394000.0
2025-09-30,560650,SH,9419200.0
2025-09-30,560660,SH,106969000.0
2025-09-30,560680,SH,302225600.0
2025-09-30,560690,SH,28639000.0
2025-09-30,560700,SH,510036900.0
2025-09-30,560750,SH,345554800.00000006
2025-09-30,560770,SH,1414633000.0
2025-09-30,560780,SH,812496000.0
2025-09-30,560800,SH,661951100.0
2025-09-30,560810,SH,609116000.0
2025-09-30,560820,SH,18926000.0
2025-09-30,560850,SH,124164000.0
2025-09-30,560860,SH,2706233000.0
2025-09-30,560880,SH,445732000.0
2025-09-30,560890,SH,22981200.0
2025-09-30,560900,SH,96969100.0
2025-09-30,560950,SH,15483000.0
2025-09-30,560980,SH,489022000.0
2025-09-30,560990,SH,24187100.0
2025-09-30,561000,SH,89920000.0
2025-09-30,561010,SH,114356000.0
2025-09-30,561060,SH,48065000.0
2025-09-30,561080,SH,27250000.0
2025-09-30,561090,SH,206974000.0
2025-09-30,561100,SH,820746900.0
2025-09-30,561120,SH,89659900.0
2025-09-30,561130,SH,175935200.0
2025-09-30,561160,SH,2624335000.0
2025-09-30,561170,SH,118032700.0
2025-09-30,561180,SH,59609600.0
2025-09-30,561190,SH,560318000.0
2025-09-30,561200,SH,29470500.0
2025-09-30,561220,SH,239553000.0
2025-09-30,561230,SH,796477800.0
2025-09-30,561260,SH,40695200.0
2025-09-30,561280,SH,48847700.00000001
2025-09-30,561300,SH,970965000.0
2025-09-30,561310,SH,49916600.0
2025-09-30,561320,SH,88369000.0
2025-09-30,561330,SH,177696100.0
2025-09-30,561350,SH,91700000.0
2025-09-30,561360,SH,118148000.0
2025-09-30,561370,SH,24356000.0
2025-09-30,561380,SH,86413600.0
2025-09-30,561500,SH,71100300.0
2025-09-30,561510,SH,70206000.0
2025-09-30,561550,SH,1309489600.0
2025-09-30,561560,SH,455624200.0
2025-09-30,561570,SH,20147000.0
2025-09-30,561580,SH,365370700.0
2025-09-30,561590,SH,28999600.0
2025-09-30,561600,SH,345274000.0
2025-09-30,561680,SH,509169000.0
2025-09-30,561700,SH,125313600.0
2025-09-30,561750,SH,98996000.0
2025-09-30,561760,SH,27195000.0
2025-09-30,561770,SH,73550000.0
2025-09-30,561780,SH,12555800.0
2025-09-30,561790,SH,36934000.0
2025-09-30,561800,SH,225077200.0
2025-09-30,561870,SH,265765000.0
2025-09-30,561880,SH,136389000.0
2025-09-30,561900,SH,35334400.0
2025-09-30,561910,SH,6493076600.0
2025-09-30,561920,SH,27692000.0
2025-09-30,561930,SH,217260600.0
2025-09-30,561950,SH,174156000.0
2025-09-30,561960,SH,60585200.00000001
2025-09-30,561980,SH,1097110000.0
2025-09-30,561990,SH,580649200.0
2025-09-30,562000,SH,720368900.0
2025-09-30,562010,SH,21298700.0
2025-09-30,562030,SH,156973900.0
2025-09-30,562050,SH,94468000.0
2025-09-30,562060,SH,2749792600.0
2025-09-30,562080,SH,902378600.0
2025-09-30,562300,SH,91495000.0
2025-09-30,562310,SH,1092572300.0
2025-09-30,562320,SH,94295500.0
2025-09-30,562330,SH,10018900.0
2025-09-30,562340,SH,9144300.0
2025-09-30,562350,SH,30410900.0
2025-09-30,562360,SH,467474000.0
2025-09-30,562380,SH,94128900.0
2025-09-30,562390,SH,77429000.0
2025-09-30,562500,SH,20863187300.0
2025-09-30,562510,SH,1513595000.0
2025-09-30,562520,SH,48568000.0
2025-09-30,562530,SH,38144000.0
2025-09-30,562550,SH,154419300.0
2025-09-30,562560,SH,24265500.0
2025-09-30,562570,SH,290281000.0
2025-09-30,562580,SH,25723300.0
2025-09-30,562590,SH,536663000.0
2025-09-30,562600,SH,218937400.00000003
2025-09-30,562660,SH,140874000.0
2025-09-30,562700,SH,150750000.0
2025-09-30,562800,SH,3049195000.0
2025-09-30,562810,SH,50451000.0
2025-09-30,562820,SH,52136000.0
2025-09-30,562850,SH,52981500.0
2025-09-30,562860,SH,326895000.0
2025-09-30,562870,SH,478505200.0
2025-09-30,562880,SH,1660399600.0
2025-09-30,562890,SH,182051000.0
2025-09-30,562900,SH,100706300.0
2025-09-30,562910,SH,164227300.0
2025-09-30,562920,SH,59069000.0
2025-09-30,562930,SH,223437000.0
2025-09-30,562950,SH,1217258300.0
2025-09-30,562960,SH,101391000.0
2025-09-30,562970,SH,579448000.0
2025-09-30,562990,SH,935756000.0
2025-09-30,563000,SH,3058451100.0
2025-09-30,563010,SH,84189300.0
2025-09-30,563020,SH,2492910000.0
2025-09-30,563030,SH,86669000.0
2025-09-30,563050,SH,151208400.0
2025-09-30,563060,SH,47527000.0
2025-09-30,563080,SH,1576588400.0
2025-09-30,563090,SH,38848000.0
2025-09-30,563150,SH,18399000.0
2025-09-30,563180,SH,178420000.0
2025-09-30,563200,SH,19458800.0
2025-09-30,563210,SH,59067000.0
2025-09-30,563220,SH,15710013700.000002
2025-09-30,563230,SH,227237000.0
2025-09-30,563280,SH,11206600.0
2025-09-30,563300,SH,1661174000.0
2025-09-30,563320,SH,882892000.0
2025-09-30,563330,SH,22960600.0
2025-09-30,563350,SH,281997600.0
2025-09-30,563360,SH,22681987400.000004
2025-09-30,563390,SH,481344000.0
2025-09-30,563500,SH,631979400.0
2025-09-30,563520,SH,757065000.0
2025-09-30,563550,SH,100559000.0
2025-09-30,563580,SH,982648000.0
2025-09-30,563600,SH,162483000.0
2025-09-30,563620,SH,107049000.0
2025-09-30,563630,SH,41947100.0
2025-09-30,563650,SH,116909000.0
2025-09-30,563660,SH,141085200.0
2025-09-30,563680,SH,546959000.0
2025-09-30,563700,SH,760150000.0
2025-09-30,563760,SH,219913200.0
2025-09-30,563770,SH,37807000.0
2025-09-30,563780,SH,424027100.0
2025-09-30,563800,SH,14455978100.0
2025-09-30,563830,SH,137896000.0
2025-09-30,563860,SH,416844300.0
2025-09-30,563880,SH,3295996400.0
2025-09-30,563900,SH,458965700.0
2025-09-30,563990,SH,760573000.0
2025-09-30,588000,SH,48175168200.0
2025-09-30,588010,SH,332925800.0
2025-09-30,588020,SH,345791000.0
2025-09-30,588030,SH,5039838100.0
2025-09-30,588040,SH,77889000.0
2025-09-30,588050,SH,8017241300.0
2025-09-30,588060,SH,7285140000.0
2025-09-30,588070,SH,44437000.0
2025-09-30,588080,SH,49993628099.99999
2025-09-30,588090,SH,3651072800.000001
2025-09-30,588100,SH,165248700.0
2025-09-30,588110,SH,205758000.0
2025-09-30,588120,SH,855811000.0
2025-09-30,588130,SH,32582600.000000004
2025-09-30,588150,SH,282432600.0
2025-09-30,588160,SH,186996000.0
2025-09-30,588170,SH,1845149000.0
2025-09-30,588180,SH,2883853700.0
2025-09-30,588190,SH,2746618300.0
2025-09-30,588200,SH,15756894800.0
2025-09-30,588210,SH,353254000.0
2025-09-30,588220,SH,5314697900.0
2025-09-30,588230,SH,566939000.0
2025-09-30,588240,SH,206633000.0
2025-09-30,588250,SH,163675000.0
2025-09-30,588260,SH,70746000.0
2025-09-30,588270,SH,130410000.0
2025-09-30,588280,SH,408121000.0
2025-09-30,588290,SH,1513897000.0
2025-09-30,588300,SH,2080210500.0
2025-09-30,588310,SH,67837500.0
2025-09-30,588320,SH,38824600.0
2025-09-30,588330,SH,1305737800.0
2025-09-30,588350,SH,1416546000.0
2025-09-30,588360,SH,465481800.0
2025-09-30,588370,SH,70772000.0
2025-09-30,588380,SH,3101770000.0
2025-09-30,588390,SH,314935900.0
2025-09-30,588400,SH,1884600600.0
2025-09-30,588450,SH,81568700.0
2025-09-30,588460,SH,463514000.0
2025-09-30,588500,SH,65647000.0
2025-09-30,588520,SH,24957000.0
2025-09-30,588550,SH,287290000.0
2025-09-30,588660,SH,71344000.0
2025-09-30,588670,SH,71792000.0
2025-09-30,588680,SH,41361000.0
2025-09-30,588690,SH,227636000.0
2025-09-30,588700,SH,225336200.0
2025-09-30,588710,SH,740295000.0
2025-09-30,588720,SH,137241800.0
2025-09-30,588730,SH,1090396300.0
2025-09-30,588750,SH,3262228000.0
2025-09-30,588760,SH,2995532000.0
2025-09-30,588770,SH,68597100.0
2025-09-30,588780,SH,447951000.0
2025-09-30,588790,SH,8035384000.0
2025-09-30,588800,SH,2067377000.0
2025-09-30,588810,SH,339324000.0
2025-09-30,588820,SH,295400000.0
2025-09-30,588830,SH,575847900.0
2025-09-30,588840,SH,82236000.0
2025-09-30,588850,SH,22779000.0
2025-09-30,588860,SH,128444700.0
2025-09-30,588870,SH,386552000.0
2025-09-30,588880,SH,156368000.0
2025-09-30,588890,SH,827810000.0
2025-09-30,588900,SH,574783000.0
2025-09-30,588910,SH,196049100.0
2025-09-30,588920,SH,263438000.0
2025-09-30,588930,SH,1353329000.0
2025-09-30,588940,SH,307420000.0
2025-09-30,588950,SH,194729700.0
2025-09-30,588960,SH,97579800.0
2025-09-30,588980,SH,34420000.0
2025-09-30,588990,SH,255745400.0
2025-09-30,589000,SH,1183507800.0
2025-09-30,589010,SH,476793000.0
2025-09-30,589020,SH,414219000.0
2025-09-30,589050,SH,30968000.0
2025-09-30,589060,SH,62137900.0
2025-09-30,589080,SH,248061000.0
2025-09-30,589090,SH,216931000.0
2025-09-30,589100,SH,404777000.0
2025-09-30,589120,SH,363620000.0
2025-09-30,589180,SH,14318000.0
2025-09-30,589200,SH,73507000.0
2025-09-30,589300,SH,69582500.0
2025-09-30,589380,SH,147694300.0
2025-09-30,589500,SH,180064000.0
2025-09-30,589520,SH,873104600.0000001
2025-09-30,589550,SH,43295500.0
2025-09-30,589560,SH,489355000.0
2025-09-30,589580,SH,10354800.0
2025-09-30,589600,SH,393535000.0
2025-09-30,589630,SH,324629000.0
2025-09-30,589660,SH,417530000.0
2025-09-30,589680,SH,1154943700.0
2025-09-30,589700,SH,20291000.0
2025-09-30,589720,SH,415823000.0
2025-09-30,589770,SH,288569200.0
2025-09-30,589780,SH,327215000.0
2025-09-30,589800,SH,1343988200.0
2025-09-30,589820,SH,180720200.0
2025-09-30,589850,SH,295057000.0
2025-09-30,589860,SH,258224000.0
2025-09-30,589880,SH,514996000.0
2025-09-30,589890,SH,484987000.0
2025-09-30,589900,SH,523908200.0
2025-09-30,589960,SH,446316000.0
2025-09-30,589980,SH,360122000.0
2025-09-30,589990,SH,186090000.0
2025-10-31,510010,SH,130524400.0
2025-10-31,510020,SH,40848000.0
2025-10-31,510030,SH,152729800.0
2025-10-31,510040,SH,36480000.0
2025-10-31,510050,SH,58621266800.0
2025-10-31,510060,SH,43959200.0
2025-10-31,510090,SH,28581100.0
2025-10-31,510100,SH,1398206800.0
2025-10-31,510130,SH,36685100.0
2025-10-31,510150,SH,2953178600.0
2025-10-31,510160,SH,232057400.00000003
2025-10-31,510170,SH,244914800.0
2025-10-31,510180,SH,5682057700.0
2025-10-31,510190,SH,37150800.0
2025-10-31,510200,SH,160885500.0
2025-10-31,510210,SH,4910192600.0
2025-10-31,510230,SH,3459808000.0
2025-10-31,510270,SH,16832100.0
2025-10-31,510290,SH,68448900.0
2025-10-31,510300,SH,90507187700.0
2025-10-31,510310,SH,66971444000.0
2025-10-31,510320,SH,436068500.0
2025-10-31,510330,SH,47507649800.00001
2025-10-31,510350,SH,815514700.0
2025-10-31,510360,SH,2561381200.0
2025-10-31,510370,SH,135258100.0
2025-10-31,510380,SH,1320802400.0
2025-10-31,510390,SH,104150000.0
2025-10-31,510410,SH,369258400.0
2025-10-31,510500,SH,18399368600.0
2025-10-31,510510,SH,873038300.0
2025-10-31,510530,SH,46479399.99999999
2025-10-31,510550,SH,19743300.0
2025-10-31,510560,SH,120318700.0
2025-10-31,510570,SH,20560600.0
2025-10-31,510580,SH,775768300.0
2025-10-31,510590,SH,117186100.0
2025-10-31,510600,SH,11815100.0
2025-10-31,510630,SH,547361500.0
2025-10-31,510650,SH,9452500.0
2025-10-31,510660,SH,33879700.0
2025-10-31,510670,SH,105493000.0
2025-10-31,510680,SH,20524700.0
2025-10-31,510710,SH,121418900.0
2025-10-31,510720,SH,2084766000.0
2025-10-31,510760,SH,1571503700.0
2025-10-31,510770,SH,20110700.0
2025-10-31,510800,SH,261576000.0
2025-10-31,510810,SH,8025893700.0
2025-10-31,510850,SH,63498900.0
2025-10-31,510880,SH,5613675699.999999
2025-10-31,510900,SH,6801021899.999999
2025-10-31,510950,SH,80700000.0
2025-10-31,510980,SH,299798000.0
2025-10-31,510990,SH,42948600.0
2025-10-31,511010,SH,16596300.000000002
2025-10-31,511020,SH,13682500.0
2025-10-31,511030,SH,220020700.0
2025-10-31,511060,SH,9326300.0
2025-10-31,511070,SH,206931000.0
2025-10-31,511090,SH,268108100.0
2025-10-31,511100,SH,54840500.0
2025-10-31,511110,SH,217699600.0
2025-10-31,511120,SH,103690600.0
2025-10-31,511130,SH,166869700.0
2025-10-31,511150,SH,35790900.0
2025-10-31,511160,SH,29080900.0
2025-10-31,511180,SH,730159700.0
2025-10-31,511190,SH,137994300.0
2025-10-31,511200,SH,196637500.0
2025-10-31,511220,SH,2607681400.0
2025-10-31,511260,SH,109906500.0
2025-10-31,511270,SH,24327500.0
2025-10-31,511360,SH,590808600.0
2025-10-31,511380,SH,4341686700.0
2025-10-31,511520,SH,379426500.0
2025-10-31,511580,SH,2268800.0
2025-10-31,512000,SH,66203435400.0
2025-10-31,512010,SH,41701694900.0
2025-10-31,512020,SH,2729012700.0
2025-10-31,512030,SH,25240000.0
2025-10-31,512040,SH,1757715900.0
2025-10-31,512050,SH,16168992200.0
2025-10-31,512060,SH,20928000.0
2025-10-31,512070,SH,16943479700.0
2025-10-31,512080,SH,848186100.0
2025-10-31,512090,SH,361592300.00000006
2025-10-31,512100,SH,24911217600.0
2025-10-31,512120,SH,762241900.0
2025-10-31,512130,SH,20895000.0
2025-10-31,512150,SH,46073400.0
2025-10-31,512160,SH,173777800.0
2025-10-31,512170,SH,69212820500.0
2025-10-31,512180,SH,56048000.0
2025-10-31,512190,SH,27918400.0
2025-10-31,512200,SH,4134347900.0
2025-10-31,512220,SH,194967600.0
2025-10-31,512240,SH,14186000.0
2025-10-31,512250,SH,7100100.0
2025-10-31,512260,SH,29297700.0
2025-10-31,512290,SH,3002820700.0
2025-10-31,512330,SH,431688000.0
2025-10-31,512360,SH,33337700.0
2025-10-31,512370,SH,71313000.0
2025-10-31,512380,SH,81805600.0
2025-10-31,512390,SH,165682000.0
2025-10-31,512400,SH,10098039000.0
2025-10-31,512480,SH,15807003600.000002
2025-10-31,512500,SH,4166408800.0
2025-10-31,512510,SH,457429800.00000006
2025-10-31,512520,SH,51056400.0
2025-10-31,512530,SH,127502000.0
2025-10-31,512550,SH,148906000.0
2025-10-31,512560,SH,1019127000.0
2025-10-31,512570,SH,1691806099.9999998
2025-10-31,512580,SH,1004071700.0
2025-10-31,512600,SH,1062956100.0
2025-10-31,512630,SH,963426000.0
2025-10-31,512640,SH,22740900.0
2025-10-31,512650,SH,38941600.0
2025-10-31,512660,SH,12145080000.0
2025-10-31,512670,SH,7472652600.0
2025-10-31,512680,SH,6245730100.0
2025-10-31,512690,SH,35086750200.0
2025-10-31,512700,SH,1137081000.0
2025-10-31,512710,SH,19748658400.0
2025-10-31,512720,SH,886453400.0
2025-10-31,512730,SH,79083900.0
2025-10-31,512750,SH,54654900.0
2025-10-31,512760,SH,6630322800.0
2025-10-31,512770,SH,132767800.0
2025-10-31,512800,SH,22835679900.000004
2025-10-31,512810,SH,1557583500.0
2025-10-31,512820,SH,769301900.0
2025-10-31,512870,SH,28410600.0
2025-10-31,512880,SH,48916291500.0
2025-10-31,512890,SH,20748110800.0
2025-10-31,512900,SH,6448406000.0
2025-10-31,512910,SH,210628800.0
2025-10-31,512930,SH,1316130300.0
2025-10-31,512950,SH,4084551000.0
2025-10-31,512960,SH,4001257300.0
2025-10-31,512970,SH,57987600.0
2025-10-31,512980,SH,2752424400.0
2025-10-31,512990,SH,127015400.0
2025-10-31,513000,SH,876411400.0
2025-10-31,513010,SH,28623307000.0
2025-10-31,513020,SH,3742145400.0
2025-10-31,513030,SH,932779000.0
2025-10-31,513040,SH,4079841300.0
2025-10-31,513050,SH,24099432700.0
2025-10-31,513060,SH,10465393300.0
2025-10-31,513070,SH,560760800.0
2025-10-31,513080,SH,560416000.0
2025-10-31,513090,SH,14998988000.0
2025-10-31,513100,SH,9466110600.0
2025-10-31,513110,SH,1945435000.0
2025-10-31,513120,SH,17303135400.0
2025-10-31,513130,SH,52428347000.0
2025-10-31,513140,SH,86868000.0
2025-10-31,513150,SH,97559800.0
2025-10-31,513160,SH,4065189300.0
2025-10-31,513170,SH,204573000.0
2025-10-31,513180,SH,56661759500.0
2025-10-31,513190,SH,1495936000.0
2025-10-31,513200,SH,1802282100.0
2025-10-31,513210,SH,40942000.0
2025-10-31,513220,SH,273109400.0
2025-10-31,513230,SH,317422700.0
2025-10-31,513260,SH,4680243000.0
2025-10-31,513280,SH,396114500.0
2025-10-31,513290,SH,1019572100.0
2025-10-31,513300,SH,5077421000.0
2025-10-31,513310,SH,1290427000.0
2025-10-31,513320,SH,113010600.0
2025-10-31,513330,SH,60545480000.0
2025-10-31,513350,SH,632746000.0
2025-10-31,513360,SH,634213900.0
2025-10-31,513380,SH,14910784900.0
2025-10-31,513390,SH,1772379100.0
2025-10-31,513400,SH,1539062000.0
2025-10-31,513500,SH,9810638600.0
2025-10-31,513520,SH,980387200.0
2025-10-31,513530,SH,1287438700.0
2025-10-31,513550,SH,2419992000.0
2025-10-31,513560,SH,594386000.0
2025-10-31,513580,SH,6342118000.0
2025-10-31,513590,SH,277218900.0
2025-10-31,513600,SH,867829500.0
2025-10-31,513630,SH,9232359000.0
2025-10-31,513650,SH,2449734000.0
2025-10-31,513660,SH,1497000100.0
2025-10-31,513690,SH,5294979900.0
2025-10-31,513700,SH,1467846000.0
2025-10-31,513730,SH,962355000.0
2025-10-31,513750,SH,13102338000.0
2025-10-31,513770,SH,19522137900.0
2025-10-31,513780,SH,1813657000.0
2025-10-31,513800,SH,787844400.0
2025-10-31,513810,SH,49992000.0
2025-10-31,513820,SH,2714669000.0
2025-10-31,513830,SH,108311000.0
2025-10-31,513850,SH,1018892600.0
2025-10-31,513860,SH,5602470600.000001
2025-10-31,513870,SH,1090671000.0
2025-10-31,513880,SH,1200470000.0
2025-10-31,513890,SH,709128000.0
2025-10-31,513900,SH,116978000.0
2025-10-31,513910,SH,2488276000.0
2025-10-31,513920,SH,2767731000.0
2025-10-31,513950,SH,1862619000.0
2025-10-31,513970,SH,2789041000.0
2025-10-31,513980,SH,29739204000.0
2025-10-31,513990,SH,68000000.0
2025-10-31,515000,SH,3660579300.0
2025-10-31,515010,SH,1389271600.0
2025-10-31,515020,SH,686845300.0
2025-10-31,515030,SH,2887384000.0
2025-10-31,515050,SH,4157068500.0
2025-10-31,515060,SH,846478100.0
2025-10-31,515070,SH,5028470200.0
2025-10-31,515080,SH,4772148900.0
2025-10-31,515090,SH,4801700.0
2025-10-31,515100,SH,3323441500.0
2025-10-31,515110,SH,215295000.0
2025-10-31,515120,SH,10019993600.0
2025-10-31,515130,SH,88463200.0
2025-10-31,515150,SH,552703200.0
2025-10-31,515160,SH,309955100.0
2025-10-31,515170,SH,10837757900.0
2025-10-31,515180,SH,7637637000.0
2025-10-31,515190,SH,389466100.0
2025-10-31,515200,SH,65943200.0
2025-10-31,515210,SH,2535726100.0
2025-10-31,515220,SH,11047176900.0
2025-10-31,515230,SH,2520690900.0
2025-10-31,515250,SH,520944500.0
2025-10-31,515260,SH,1044568400.0
2025-10-31,515290,SH,4486672900.0
2025-10-31,515300,SH,3523675200.0
2025-10-31,515310,SH,248111200.0
2025-10-31,515320,SH,107309000.0
2025-10-31,515330,SH,6692709500.0
2025-10-31,515350,SH,15299200.0
2025-10-31,515360,SH,37279300.0
2025-10-31,515380,SH,739899800.0
2025-10-31,515390,SH,398683000.0
2025-10-31,515400,SH,1248631400.0
2025-10-31,515450,SH,8985335000.0
2025-10-31,515530,SH,16242700.0
2025-10-31,515550,SH,13345700.0
2025-10-31,515560,SH,184883300.00000003
2025-10-31,515580,SH,426031400.0
2025-10-31,515590,SH,46113700.0
2025-10-31,515600,SH,1215797400.0
2025-10-31,515630,SH,427717700.0
2025-10-31,515650,SH,2593184000.0
2025-10-31,515660,SH,813394200.0
2025-10-31,515680,SH,1172264700.0
2025-10-31,515700,SH,946510200.0
2025-10-31,515710,SH,2377099800.0
2025-10-31,515720,SH,708611000.0
2025-10-31,515750,SH,432140500.0
2025-10-31,515760,SH,106388100.0
2025-10-31,515770,SH,48727299.99999999
2025-10-31,515790,SH,13825494000.0
2025-10-31,515800,SH,4224437200.0
2025-10-31,515810,SH,227908800.0
2025-10-31,515850,SH,297291000.0
2025-10-31,515860,SH,129878900.0
2025-10-31,515880,SH,4330462300.0
2025-10-31,515890,SH,318443900.0
2025-10-31,515900,SH,2248646500.0
2025-10-31,515910,SH,338507000.0
2025-10-31,515920,SH,112405700.0
2025-10-31,515950,SH,457200600.0
2025-10-31,515960,SH,261991900.0
2025-10-31,515980,SH,9326129000.0
2025-10-31,515990,SH,61350200.00000001
2025-10-31,516000,SH,301855000.0
2025-10-31,516010,SH,2266693000.0
2025-10-31,516020,SH,3439326200.0
2025-10-31,516050,SH,342228000.0
2025-10-31,516060,SH,245237400.00000003
2025-10-31,516070,SH,407646000.0
2025-10-31,516080,SH,1268554800.0
2025-10-31,516090,SH,1810844800.0
2025-10-31,516100,SH,988759700.0
2025-10-31,516110,SH,397623100.0
2025-10-31,516120,SH,1436082000.0
2025-10-31,516130,SH,183890000.0
2025-10-31,516150,SH,5301077000.0
2025-10-31,516160,SH,2112642000.0
2025-10-31,516180,SH,108987000.0
2025-10-31,516190,SH,30218500.0
2025-10-31,516200,SH,336604000.0
2025-10-31,516210,SH,112931000.0
2025-10-31,516220,SH,290170000.0
2025-10-31,516260,SH,63882600.0
2025-10-31,516270,SH,431909000.0
2025-10-31,516290,SH,955196900.0
2025-10-31,516300,SH,23012600.000000004
2025-10-31,516310,SH,2343258500.0
2025-10-31,516320,SH,87589300.0
2025-10-31,516330,SH,9671300.0
2025-10-31,516350,SH,1188415300.0
2025-10-31,516360,SH,87551800.0
2025-10-31,516380,SH,99449300.0
2025-10-31,516390,SH,340261000.0
2025-10-31,516460,SH,286693000.0
2025-10-31,516500,SH,183937200.0
2025-10-31,516510,SH,1264890000.0
2025-10-31,516520,SH,311765500.0
2025-10-31,516530,SH,99302300.0
2025-10-31,516550,SH,228414400.0
2025-10-31,516560,SH,141258000.0
2025-10-31,516570,SH,106357600.0
2025-10-31,516580,SH,188124100.0
2025-10-31,516590,SH,78015000.0
2025-10-31,516600,SH,128332100.0
2025-10-31,516610,SH,168974800.0
2025-10-31,516620,SH,59267500.0
2025-10-31,516630,SH,319156000.0
2025-10-31,516640,SH,1470482800.0
2025-10-31,516650,SH,1025464800.0
2025-10-31,516660,SH,306689000.0
2025-10-31,516670,SH,1947266300.0
2025-10-31,516700,SH,93122000.0
2025-10-31,516710,SH,84272000.0
2025-10-31,516720,SH,16837800.0
2025-10-31,516730,SH,106880800.0
2025-10-31,516750,SH,167167300.0
2025-10-31,516760,SH,275215100.0
2025-10-31,516770,SH,205048000.0
2025-10-31,516780,SH,2121549800.0
2025-10-31,516790,SH,183982200.0
2025-10-31,516800,SH,278308000.0
2025-10-31,516810,SH,614478900.0
2025-10-31,516820,SH,4096415200.0
2025-10-31,516830,SH,164676900.0
2025-10-31,516850,SH,200237000.0
2025-10-31,516860,SH,1610522000.0
2025-10-31,516880,SH,2313944100.0
2025-10-31,516890,SH,50311400.0
2025-10-31,516900,SH,299729000.0
2025-10-31,516910,SH,68141800.0
2025-10-31,516920,SH,829463000.0
2025-10-31,516930,SH,104639600.0
2025-10-31,516950,SH,289821000.0
2025-10-31,516960,SH,18051100.0
2025-10-31,516970,SH,2220542500.0
2025-10-31,516980,SH,48016000.0
2025-10-31,517000,SH,237793000.0
2025-10-31,517010,SH,78144200.0
2025-10-31,517030,SH,75040300.0
2025-10-31,517050,SH,373605000.0
2025-10-31,517080,SH,285166000.0
2025-10-31,517090,SH,113075000.0
2025-10-31,517100,SH,206602100.0
2025-10-31,517110,SH,542098500.0
2025-10-31,517120,SH,426966400.0
2025-10-31,517160,SH,1820777500.0
2025-10-31,517170,SH,36131800.0
2025-10-31,517180,SH,165496300.0
2025-10-31,517200,SH,121782000.0
2025-10-31,517300,SH,3186434500.0
2025-10-31,517330,SH,1824169000.0
2025-10-31,517350,SH,89542000.0
2025-10-31,517360,SH,23583000.0
2025-10-31,517380,SH,1686326300.0
2025-10-31,517390,SH,254112600.0
2025-10-31,517400,SH,290792000.0
2025-10-31,517520,SH,6741904000.0
2025-10-31,517550,SH,86417400.0
2025-10-31,517660,SH,44680700.0
2025-10-31,517770,SH,61947800.0
2025-10-31,517800,SH,311539700.0
2025-10-31,517850,SH,52185200.00000001
2025-10-31,517880,SH,35337100.0
2025-10-31,517900,SH,764993500.0
2025-10-31,517990,SH,46987900.0
2025-10-31,518600,SH,391816300.0
2025-10-31,518660,SH,602552700.0
2025-10-31,518680,SH,558069500.0
2025-10-31,518800,SH,2906819900.0
2025-10-31,518850,SH,930078700.0
2025-10-31,518860,SH,339159800.00000006
2025-10-31,518880,SH,9227240800.0
2025-10-31,518890,SH,286754800.0
2025-10-31,520500,SH,979305000.0
2025-10-31,520510,SH,217728000.0
2025-10-31,520520,SH,74606000.0
2025-10-31,520550,SH,868524000.0
2025-10-31,520560,SH,712419000.0
2025-10-31,520580,SH,385983900.0
2025-10-31,520600,SH,442368000.0
2025-10-31,520620,SH,567409000.0
2025-10-31,520660,SH,2519485500.0
2025-10-31,520670,SH,184928100.0
2025-10-31,520690,SH,598454000.0
2025-10-31,520700,SH,539076000.0
2025-10-31,520720,SH,151942000.0
2025-10-31,520830,SH,1497119000.0
2025-10-31,520840,SH,965049000.0
2025-10-31,520860,SH,783195000.0
2025-10-31,520880,SH,3529618000.0
2025-10-31,520890,SH,74008000.0
2025-10-31,520900,SH,1603175000.0
2025-10-31,520920,SH,4619019000.0
2025-10-31,520940,SH,61297000.0
2025-10-31,520960,SH,283603400.0
2025-10-31,520970,SH,1032358000.0
2025-10-31,520980,SH,4408387000.0
2025-10-31,520990,SH,4863470500.0
2025-10-31,530000,SH,1139029400.0
2025-10-31,530050,SH,150813000.0
2025-10-31,530080,SH,38917000.0
2025-10-31,530100,SH,68696000.0
2025-10-31,530180,SH,67952000.0
2025-10-31,530280,SH,56934000.0
2025-10-31,530300,SH,49643000.0
2025-10-31,530380,SH,194705000.0
2025-10-31,530530,SH,116460000.0
2025-10-31,530580,SH,83149000.0
2025-10-31,530680,SH,232891900.0
2025-10-31,530800,SH,18201800.0
2025-10-31,530880,SH,52836000.0
2025-10-31,551000,SH,101726100.0
2025-10-31,551030,SH,192980000.0
2025-10-31,551060,SH,101331000.0
2025-10-31,551300,SH,65277500.0
2025-10-31,551500,SH,131570000.0
2025-10-31,551510,SH,102676100.0
2025-10-31,551520,SH,114531600.0
2025-10-31,551550,SH,154468200.0
2025-10-31,551560,SH,136528800.0
2025-10-31,551580,SH,87146800.0
2025-10-31,551800,SH,102761400.0
2025-10-31,551900,SH,191671700.0
2025-10-31,560000,SH,14022900.0
2025-10-31,560010,SH,11190621700.0
2025-10-31,560020,SH,68562000.0
2025-10-31,560030,SH,24432000.0
2025-10-31,560050,SH,4094934400.0
2025-10-31,560060,SH,177090000.0
2025-10-31,560070,SH,281062300.0
2025-10-31,560080,SH,2652265000.0
2025-10-31,560090,SH,2761365000.0
2025-10-31,560100,SH,62580300.0
2025-10-31,560110,SH,160903500.0
2025-10-31,560120,SH,40689000.0
2025-10-31,560150,SH,755279299.9999999
2025-10-31,560170,SH,1325495500.0
2025-10-31,560180,SH,15603000.0
2025-10-31,560190,SH,24334000.0
2025-10-31,560220,SH,42717000.0
2025-10-31,560260,SH,1661664700.0
2025-10-31,560280,SH,226752000.0
2025-10-31,560300,SH,30803400.0
2025-10-31,560330,SH,24130000.0
2025-10-31,560350,SH,1673532100.0
2025-10-31,560360,SH,174345000.0
2025-10-31,560380,SH,160861000.0
2025-10-31,560500,SH,421339000.0
2025-10-31,560510,SH,3143026900.0
2025-10-31,560520,SH,3751000.0
2025-10-31,560530,SH,4852623700.0
2025-10-31,560550,SH,303597400.0
2025-10-31,560560,SH,95190100.0
2025-10-31,560570,SH,1283541200.0
2025-10-31,560580,SH,114003000.0
2025-10-31,560590,SH,16710000.0
2025-10-31,560610,SH,4645988400.0
2025-10-31,560620,SH,76867000.0
2025-10-31,560630,SH,251394000.0
2025-10-31,560650,SH,10919200.0
2025-10-31,560660,SH,95969000.0
2025-10-31,560680,SH,312725600.0
2025-10-31,560690,SH,27139000.0
2025-10-31,560700,SH,496036900.0
2025-10-31,560750,SH,246554800.0
2025-10-31,560770,SH,2326633000.0
2025-10-31,560780,SH,1092496000.0
2025-10-31,560800,SH,653951100.0
2025-10-31,560810,SH,803116000.0
2025-10-31,560820,SH,44926000.0
2025-10-31,560850,SH,118164000.0
2025-10-31,560860,SH,3813233000.0
2025-10-31,560880,SH,438232000.0
2025-10-31,560890,SH,21981200.0
2025-10-31,560900,SH,118969100.0
2025-10-31,560950,SH,15483000.0
2025-10-31,560980,SH,490522000.0
2025-10-31,560990,SH,24187100.0
2025-10-31,561000,SH,89920000.0
2025-10-31,561010,SH,126356000.0
2025-10-31,561060,SH,52565000.0
2025-10-31,561080,SH,23250000.0
2025-10-31,561090,SH,212974000.0
2025-10-31,561100,SH,684746900.0
2025-10-31,561120,SH,88159900.0
2025-10-31,561130,SH,159935200.0
2025-10-31,561160,SH,2651335000.0
2025-10-31,561170,SH,155032700.0
2025-10-31,561180,SH,59609600.0
2025-10-31,561190,SH,442318000.0
2025-10-31,561200,SH,31470500.0
2025-10-31,561220,SH,232053000.0
2025-10-31,561230,SH,776477800.0
2025-10-31,561260,SH,31295200.0
2025-10-31,561280,SH,54847700.00000001
2025-10-31,561300,SH,688965000.0
2025-10-31,561310,SH,51916600.0
2025-10-31,561320,SH,78369000.0
2025-10-31,561330,SH,441696100.0
2025-10-31,561350,SH,82700000.0
2025-10-31,561360,SH,158148000.0
2025-10-31,561370,SH,24356000.0
2025-10-31,561380,SH,136413600.0
2025-10-31,561500,SH,69600300.0
2025-10-31,561510,SH,69206000.0
2025-10-31,561550,SH,1454989600.0
2025-10-31,561560,SH,540624200.0
2025-10-31,561570,SH,23147000.0
2025-10-31,561580,SH,415870700.0
2025-10-31,561590,SH,31499600.0
2025-10-31,561600,SH,310274000.0
2025-10-31,561680,SH,231169000.0
2025-10-31,561700,SH,131813600.0
2025-10-31,561750,SH,101996000.0
2025-10-31,561760,SH,31695000.0
2025-10-31,561770,SH,69550000.0
2025-10-31,561780,SH,10155800.0
2025-10-31,561790,SH,46934000.0
2025-10-31,561800,SH,242577200.0
2025-10-31,561870,SH,188765000.0
2025-10-31,561880,SH,130389000.0
2025-10-31,561900,SH,35334400.0
2025-10-31,561910,SH,7096076600.0
2025-10-31,561920,SH,35692000.0
2025-10-31,561930,SH,205260600.0
2025-10-31,561950,SH,153156000.0
2025-10-31,561960,SH,57785200.00000001
2025-10-31,561980,SH,1293110000.0
2025-10-31,561990,SH,637649200.0
2025-10-31,562000,SH,586368900.0
2025-10-31,562010,SH,24298700.0
2025-10-31,562030,SH,170973900.0
2025-10-31,562050,SH,101468000.0
2025-10-31,562060,SH,2859792600.0
2025-10-31,562080,SH,672378600.0
2025-10-31,562300,SH,86495000.0
2025-10-31,562310,SH,874572300.0
2025-10-31,562320,SH,94295500.0
2025-10-31,562330,SH,12018900.000000002
2025-10-31,562340,SH,8144299.999999999
2025-10-31,562350,SH,31410900.0
2025-10-31,562360,SH,484474000.0
2025-10-31,562380,SH,86128900.0
2025-10-31,562390,SH,85429000.0
2025-10-31,562500,SH,22508687300.0
2025-10-31,562510,SH,1011095000.0
2025-10-31,562520,SH,40568000.0
2025-10-31,562530,SH,37144000.0
2025-10-31,562550,SH,201919300.0
2025-10-31,562560,SH,22765500.0
2025-10-31,562570,SH,325281000.0
2025-10-31,562580,SH,24223300.0
2025-10-31,562590,SH,575663000.0
2025-10-31,562600,SH,229937400.00000003
2025-10-31,562660,SH,132874000.0
2025-10-31,562700,SH,148750000.0
2025-10-31,562800,SH,4476145000.0
2025-10-31,562810,SH,52951000.0
2025-10-31,562820,SH,54136000.0
2025-10-31,562850,SH,54981500.0
2025-10-31,562860,SH,340895000.0
2025-10-31,562870,SH,500005200.0
2025-10-31,562880,SH,1700899600.0
2025-10-31,562890,SH,182051000.0
2025-10-31,562900,SH,105706300.0
2025-10-31,562910,SH,189227300.0
2025-10-31,562920,SH,58069000.0
2025-10-31,562930,SH,262437000.0
2025-10-31,562950,SH,987258300.0
2025-10-31,562960,SH,136391000.0
2025-10-31,562970,SH,532448000.0
2025-10-31,562990,SH,763756000.0
2025-10-31,563000,SH,2833451100.0
2025-10-31,563010,SH,76189300.0
2025-10-31,563020,SH,2652910000.0
2025-10-31,563030,SH,85169000.0
2025-10-31,563050,SH,153208400.0
2025-10-31,563060,SH,45527000.0
2025-10-31,563080,SH,1566588400.0
2025-10-31,563090,SH,30848000.0
2025-10-31,563150,SH,11399000.0
2025-10-31,563180,SH,154420000.0
2025-10-31,563200,SH,17458800.0
2025-10-31,563210,SH,82067000.0
2025-10-31,563220,SH,11588013700.000002
2025-10-31,563230,SH,249237000.0
2025-10-31,563280,SH,12706600.0
2025-10-31,563300,SH,2008674000.0
2025-10-31,563320,SH,912892000.0
2025-10-31,563330,SH,26860600.0
2025-10-31,563350,SH,281997600.0
2025-10-31,563360,SH,20179987400.0
2025-10-31,563390,SH,466344000.0
2025-10-31,563500,SH,1251958700.0
2025-10-31,563520,SH,805065000.0
2025-10-31,563550,SH,97559000.0
2025-10-31,563580,SH,554648000.0
2025-10-31,563600,SH,96483000.0
2025-10-31,563620,SH,101049000.0
2025-10-31,563630,SH,41947100.0
2025-10-31,563650,SH,113909000.0
2025-10-31,563660,SH,141085200.0
2025-10-31,563670,SH,476987000.0
2025-10-31,563680,SH,402959000.0
2025-10-31,563690,SH,88882000.0
2025-10-31,563700,SH,591150000.0
2025-10-31,563750,SH,207237000.0
2025-10-31,563760,SH,641913200.0
2025-10-31,563770,SH,37807000.0
2025-10-31,563780,SH,266027100.0
2025-10-31,563800,SH,12655978100.0
2025-10-31,563830,SH,116896000.0
2025-10-31,563860,SH,413844300.0
2025-10-31,563880,SH,3190996400.0
2025-10-31,563890,SH,111336000.0
2025-10-31,563900,SH,433965700.0
2025-10-31,563990,SH,509573000.0
2025-10-31,588000,SH,50272168200.0
2025-10-31,588010,SH,302925800.0
2025-10-31,588020,SH,347791000.0
2025-10-31,588030,SH,4367838100.0
2025-10-31,588040,SH,85889000.0
2025-10-31,588050,SH,8173241300.0
2025-10-31,588060,SH,8227140000.0
2025-10-31,588070,SH,48437000.0
2025-10-31,588080,SH,50542628099.99999
2025-10-31,588090,SH,3594072800.0000005
2025-10-31,588100,SH,123248700.0
2025-10-31,588110,SH,226758000.0
2025-10-31,588120,SH,852811000.0
2025-10-31,588130,SH,41582600.0
2025-10-31,588140,SH,862751000.0
2025-10-31,588150,SH,275432600.0
2025-10-31,588160,SH,201996000.0
2025-10-31,588170,SH,2779149000.0
2025-10-31,588180,SH,2341353700.0
2025-10-31,588190,SH,2689618300.0
2025-10-31,588200,SH,17364894800.0
2025-10-31,588210,SH,410754000.0
2025-10-31,588220,SH,4891197900.0
2025-10-31,588230,SH,443939000.0
2025-10-31,588240,SH,188633000.0
2025-10-31,588250,SH,185675000.0
2025-10-31,588260,SH,70746000.0
2025-10-31,588270,SH,1036410000.0
2025-10-31,588280,SH,432121000.0
2025-10-31,588290,SH,1448897000.0
2025-10-31,588300,SH,2098210500.0
2025-10-31,588310,SH,78637500.0
2025-10-31,588320,SH,47824600.0
2025-10-31,588330,SH,1271737800.0
2025-10-31,588350,SH,1262546000.0
2025-10-31,588360,SH,448681800.0
2025-10-31,588370,SH,73272000.0
2025-10-31,588380,SH,3305770000.0
2025-10-31,588390,SH,287935900.0
2025-10-31,588400,SH,1827600600.0
2025-10-31,588450,SH,81568700.0
2025-10-31,588460,SH,549014000.0
2025-10-31,588500,SH,63647000.0
2025-10-31,588520,SH,24957000.0
2025-10-31,588550,SH,247290000.0
2025-10-31,588660,SH,68344000.0
2025-10-31,588670,SH,69792000.0
2025-10-31,588680,SH,44361000.0
2025-10-31,588690,SH,187636000.0
2025-10-31,588700,SH,247836200.0
2025-10-31,588710,SH,636295000.0
2025-10-31,588720,SH,147241800.0
2025-10-31,588730,SH,1122396300.0
2025-10-31,588750,SH,3955228000.0
2025-10-31,588760,SH,3448532000.0
2025-10-31,588770,SH,65597100.0
2025-10-31,588780,SH,503951000.0
2025-10-31,588790,SH,7555384000.0
2025-10-31,588800,SH,1992377000.0
2025-10-31,588810,SH,411324000.0
2025-10-31,588820,SH,649400000.0
2025-10-31,588830,SH,545847900.0
2025-10-31,588840,SH,91236000.0
2025-10-31,588850,SH,54779000.0
2025-10-31,588860,SH,284889400.0
2025-10-31,588870,SH,533552000.0
2025-10-31,588880,SH,162368000.0
2025-10-31,588890,SH,986810000.0
2025-10-31,588900,SH,565783000.0
2025-10-31,588910,SH,199049100.0
2025-10-31,588920,SH,363438000.0
2025-10-31,588930,SH,1293329000.0
2025-10-31,588940,SH,346420000.0
2025-10-31,588950,SH,236729700.0
2025-10-31,588960,SH,162579800.0
2025-10-31,588980,SH,36920000.0
2025-10-31,588990,SH,285745400.0
2025-10-31,589000,SH,1135507800.0
2025-10-31,589010,SH,1505793000.0
2025-10-31,589020,SH,400219000.0
2025-10-31,589050,SH,22968000.0
2025-10-31,589060,SH,67137900.0
2025-10-31,589080,SH,248061000.0
2025-10-31,589090,SH,234431000.0
2025-10-31,589100,SH,503777000.0
2025-10-31,589110,SH,309413000.0
2025-10-31,589120,SH,451620000.0
2025-10-31,589180,SH,17318000.0
2025-10-31,589200,SH,64507000.0
2025-10-31,589300,SH,77582500.0
2025-10-31,589380,SH,145694300.0
2025-10-31,589500,SH,175064000.0
2025-10-31,589520,SH,924104600.0
2025-10-31,589550,SH,40295500.0
2025-10-31,589560,SH,531355000.0
2025-10-31,589580,SH,10354800.0
2025-10-31,589600,SH,373535000.0
2025-10-31,589630,SH,291629000.0
2025-10-31,589660,SH,389530000.0
2025-10-31,589680,SH,834943700.0
2025-10-31,589700,SH,20291000.0
2025-10-31,589720,SH,703823000.0
2025-10-31,589770,SH,273569200.0
2025-10-31,589780,SH,231215000.0
2025-10-31,589800,SH,1267988200.0
2025-10-31,589820,SH,648720200.0
2025-10-31,589850,SH,529057000.0
2025-10-31,589860,SH,258224000.0
2025-10-31,589880,SH,494996000.0
2025-10-31,589890,SH,354987000.0
2025-10-31,589900,SH,433908200.0
2025-10-31,589950,SH,441873000.0
2025-10-31,589960,SH,356316000.0
2025-10-31,589980,SH,297122000.0
2025-10-31,589990,SH,178090000.0
2025-12-31,510010,SH,142524400.0
2025-12-31,510020,SH,38848000.0
2025-12-31,510030,SH,160729800.0
2025-12-31,510040,SH,38480000.0
2025-12-31,510050,SH,56664666800.0
2025-12-31,510060,SH,41959200.0
2025-12-31,510090,SH,27581100.0
2025-12-31,510100,SH,1572806800.0
2025-12-31,510130,SH,35885100.0
2025-12-31,510150,SH,3227178600.0
2025-12-31,510160,SH,216057400.00000003
2025-12-31,510170,SH,258914800.0
2025-12-31,510180,SH,5691057700.0
2025-12-31,510190,SH,34150800.0
2025-12-31,510200,SH,148885500.0
2025-12-31,510210,SH,5924192600.0
2025-12-31,510230,SH,3303808000.0
2025-12-31,510270,SH,14832100.0
2025-12-31,510290,SH,66448900.0
2025-12-31,510300,SH,88829587700.0
2025-12-31,510310,SH,65853644000.0
2025-12-31,510320,SH,415068500.0
2025-12-31,510330,SH,47424849800.00001
2025-12-31,510350,SH,844314700.0
2025-12-31,510360,SH,2192381200.0
2025-12-31,510370,SH,114258100.0
2025-12-31,510380,SH,1680802400.0
2025-12-31,510390,SH,96050000.0
2025-12-31,510410,SH,365258400.0
2025-12-31,510500,SH,19064568600.0
2025-12-31,510510,SH,881038300.0
2025-12-31,510530,SH,46479399.99999999
2025-12-31,510550,SH,19743300.0
2025-12-31,510560,SH,120318700.0
2025-12-31,510570,SH,20560600.0
2025-12-31,510580,SH,755768300.0
2025-12-31,510590,SH,139186100.0
2025-12-31,510600,SH,12115100.0
2025-12-31,510630,SH,540361500.0
2025-12-31,510650,SH,11452500.0
2025-12-31,510660,SH,33379700.0
2025-12-31,510670,SH,410493000.0
2025-12-31,510680,SH,26524700.0
2025-12-31,510710,SH,117518900.0
2025-12-31,510720,SH,2918766000.0
2025-12-31,510760,SH,1580503700.0
2025-12-31,510770,SH,20110700.0
2025-12-31,510800,SH,229576000.0
2025-12-31,510810,SH,7241993700.0
2025-12-31,510850,SH,103698900.0
2025-12-31,510880,SH,6055675699.999999
2025-12-31,510900,SH,6859021899.999999
2025-12-31,510950,SH,67950000.0
2025-12-31,510980,SH,287798000.0
2025-12-31,510990,SH,40948600.0
2025-12-31,511010,SH,21576300.0
2025-12-31,511020,SH,17372500.0
2025-12-31,511030,SH,315820700.0
2025-12-31,511060,SH,13086300.000000002
2025-12-31,511070,SH,257571000.0
2025-12-31,511090,SH,215058100.0
2025-12-31,511100,SH,106760500.0
2025-12-31,511110,SH,243099600.0
2025-12-31,511120,SH,110520600.0
2025-12-31,511130,SH,136479700.0
2025-12-31,511150,SH,37590900.0
2025-12-31,511160,SH,62100900.0
2025-12-31,511180,SH,716859700.0
2025-12-31,511190,SH,119924300.0
2025-12-31,511200,SH,170557500.0
2025-12-31,511220,SH,2790681400.0
2025-12-31,511260,SH,121986500.0
2025-12-31,511270,SH,32097500.0
2025-12-31,511360,SH,622352600.0
2025-12-31,511380,SH,3794286700.0
2025-12-31,511520,SH,354666500.0
2025-12-31,511580,SH,51682800.0
2025-12-31,512000,SH,68652035400.0
2025-12-31,512010,SH,44834694900.0
2025-12-31,512020,SH,1772012700.0
2025-12-31,512030,SH,46240000.0
2025-12-31,512040,SH,1893715900.0
2025-12-31,512050,SH,35419992200.0
2025-12-31,512060,SH,18928000.0
2025-12-31,512070,SH,19072479700.0
2025-12-31,512080,SH,914186100.0
2025-12-31,512090,SH,345592300.00000006
2025-12-31,512100,SH,25651217600.0
2025-12-31,512120,SH,786241900.0
2025-12-31,512130,SH,15895000.0
2025-12-31,512150,SH,44073400.0
2025-12-31,512160,SH,143777800.0
2025-12-31,512170,SH,74423820500.0
2025-12-31,512180,SH,54048000.0
2025-12-31,512190,SH,66418400.0
2025-12-31,512200,SH,3125347900.0
2025-12-31,512220,SH,196467600.0
2025-12-31,512240,SH,12686000.0
2025-12-31,512250,SH,571100100.0
2025-12-31,512260,SH,28497700.0
2025-12-31,512290,SH,3251820700.0
2025-12-31,512330,SH,406188000.0
2025-12-31,512360,SH,33337700.0
2025-12-31,512370,SH,59313000.0
2025-12-31,512380,SH,87805600.0
2025-12-31,512390,SH,168682000.0
2025-12-31,512400,SH,10687539000.0
2025-12-31,512480,SH,13781003600.000002
2025-12-31,512500,SH,4340008800.0
2025-12-31,512510,SH,425929800.00000006
2025-12-31,512520,SH,51056400.0
2025-12-31,512530,SH,102502000.0
2025-12-31,512550,SH,140906000.0
2025-12-31,512560,SH,784127000.0
2025-12-31,512570,SH,1886806100.0
2025-12-31,512580,SH,999871700.0
2025-12-31,512600,SH,1827356100.0
2025-12-31,512620,SH,424666000.0
2025-12-31,512630,SH,495426000.0
2025-12-31,512640,SH,21240900.0
2025-12-31,512650,SH,36941600.0
2025-12-31,512660,SH,7766080000.0
2025-12-31,512670,SH,4128652600.0
2025-12-31,512680,SH,4252130100.0
2025-12-31,512690,SH,35218150200.0
2025-12-31,512700,SH,875581000.0
2025-12-31,512710,SH,12871658400.0
2025-12-31,512720,SH,670453400.0
2025-12-31,512730,SH,74583900.0
2025-12-31,512750,SH,52854900.0
2025-12-31,512760,SH,6059122800.0
2025-12-31,512770,SH,124767800.0
2025-12-31,512800,SH,15527679900.0
2025-12-31,512810,SH,947583500.0
2025-12-31,512820,SH,619901900.0
2025-12-31,512870,SH,28410600.0
2025-12-31,512880,SH,47035291500.0
2025-12-31,512890,SH,22780110800.0
2025-12-31,512900,SH,6170406000.0
2025-12-31,512910,SH,195628800.0
2025-12-31,512930,SH,1227130300.0
2025-12-31,512950,SH,4259551000.0
2025-12-31,512960,SH,4000257300.0
2025-12-31,512970,SH,57987600.0
2025-12-31,512980,SH,2657924400.0
2025-12-31,512990,SH,119015400.0
2025-12-31,513000,SH,925911400.0
2025-12-31,513010,SH,35986307000.0
2025-12-31,513020,SH,4109145400.0
2025-12-31,513030,SH,952279000.0
2025-12-31,513040,SH,5685841300.0
2025-12-31,513050,SH,27031432700.0
2025-12-31,513060,SH,10722893300.0
2025-12-31,513070,SH,634760800.0
2025-12-31,513080,SH,580916000.0
2025-12-31,513090,SH,14818488000.0
2025-12-31,513100,SH,9466110600.0
2025-12-31,513110,SH,2039435000.0
2025-12-31,513120,SH,19474635400.0
2025-12-31,513130,SH,59063347000.0
2025-12-31,513140,SH,96868000.0
2025-12-31,513150,SH,107559800.0
2025-12-31,513160,SH,4878189300.0
2025-12-31,513170,SH,234573000.0
2025-12-31,513180,SH,66607759500.0
2025-12-31,513190,SH,1427936000.0
2025-12-31,513200,SH,1722282100.0
2025-12-31,513210,SH,47942000.0
2025-12-31,513220,SH,320109400.0
2025-12-31,513230,SH,318422700.0
2025-12-31,513260,SH,5115243000.0
2025-12-31,513280,SH,413114500.0
2025-12-31,513290,SH,1035072100.0
2025-12-31,513300,SH,5108171000.0
2025-12-31,513310,SH,1446427000.0
2025-12-31,513320,SH,113010600.0
2025-12-31,513330,SH,66869480000.0
2025-12-31,513350,SH,640746000.0
2025-12-31,513360,SH,689713900.0
2025-12-31,513380,SH,17920784900.0
2025-12-31,513390,SH,1790379100.0
2025-12-31,513400,SH,1928062000.0
2025-12-31,513500,SH,9810638600.0
2025-12-31,513520,SH,1000387200.0
2025-12-31,513530,SH,2281938700.0
2025-12-31,513550,SH,2305992000.0
2025-12-31,513560,SH,693386000.0
2025-12-31,513580,SH,7148118000.0
2025-12-31,513590,SH,252018900.0
2025-12-31,513600,SH,842829500.0
2025-12-31,513630,SH,10325359000.0
2025-12-31,513650,SH,2700734000.0
2025-12-31,513660,SH,1473000100.0
2025-12-31,513690,SH,5123979900.0
2025-12-31,513700,SH,1387846000.0
2025-12-31,513730,SH,919355000.0
2025-12-31,513750,SH,15778338000.0
2025-12-31,513770,SH,23612137900.0
2025-12-31,513780,SH,1869657000.0
2025-12-31,513800,SH,969844400.0
2025-12-31,513810,SH,50992000.0
2025-12-31,513820,SH,3756669000.0
2025-12-31,513830,SH,122811000.0
2025-12-31,513850,SH,1088892600.0
2025-12-31,513860,SH,6311470600.000001
2025-12-31,513870,SH,1197671000.0
2025-12-31,513880,SH,1220470000.0
2025-12-31,513890,SH,786128000.0
2025-12-31,513900,SH,109978000.0
2025-12-31,513910,SH,3138276000.0
2025-12-31,513920,SH,3876731000.0
2025-12-31,513950,SH,2366619000.0
2025-12-31,513970,SH,3189041000.0
2025-12-31,513980,SH,31342204000.0
2025-12-31,513990,SH,68000000.0
2025-12-31,515000,SH,3366579300.0
2025-12-31,515010,SH,1413771600.0
2025-12-31,515020,SH,535845300.0
2025-12-31,515030,SH,2370384000.0
2025-12-31,515050,SH,3431068500.0
2025-12-31,515060,SH,760478100.0
2025-12-31,515070,SH,4567970200.0
2025-12-31,515080,SH,5610148900.0
2025-12-31,515090,SH,4801700.0
2025-12-31,515100,SH,4038441500.0
2025-12-31,515110,SH,217295000.0
2025-12-31,515120,SH,11472993600.000002
2025-12-31,515130,SH,88463200.0
2025-12-31,515150,SH,545703200.0
2025-12-31,515160,SH,299955100.0
2025-12-31,515170,SH,10348757900.0
2025-12-31,515180,SH,8622637000.0
2025-12-31,515190,SH,525466100.0
2025-12-31,515200,SH,59943200.0
2025-12-31,515210,SH,2743726100.0
2025-12-31,515220,SH,8409176899.999999
2025-12-31,515230,SH,3559690900.0000005
2025-12-31,515250,SH,587944500.0
2025-12-31,515260,SH,894568400.0
2025-12-31,515290,SH,3741772900.0
2025-12-31,515300,SH,3597675200.0
2025-12-31,515310,SH,244611200.0
2025-12-31,515320,SH,98309000.0
2025-12-31,515330,SH,6155709500.0
2025-12-31,515350,SH,14399200.0
2025-12-31,515360,SH,36779300.0
2025-12-31,515370,SH,1661713000.0
2025-12-31,515380,SH,682299800.0
2025-12-31,515390,SH,378683000.0
2025-12-31,515400,SH,1205631400.0
2025-12-31,515450,SH,10739835000.0
2025-12-31,515530,SH,15442700.0
2025-12-31,515550,SH,10345700.0
2025-12-31,515560,SH,194883300.00000003
2025-12-31,515580,SH,414031400.0
2025-12-31,515590,SH,38113700.0
2025-12-31,515600,SH,1138797400.0
2025-12-31,515630,SH,357217699.99999994
2025-12-31,515650,SH,2825184000.0
2025-12-31,515660,SH,618994200.0
2025-12-31,515680,SH,1141264700.0
2025-12-31,515700,SH,912510200.0
2025-12-31,515710,SH,2582599800.0
2025-12-31,515720,SH,666611000.0
2025-12-31,515730,SH,80892000.0
2025-12-31,515750,SH,411140500.0
2025-12-31,515760,SH,104388100.0
2025-12-31,515770,SH,48727299.99999999
2025-12-31,515790,SH,11697494000.0
2025-12-31,515800,SH,4290437200.0
2025-12-31,515810,SH,368908800.0
2025-12-31,515850,SH,247791000.0
2025-12-31,515860,SH,126878900.0
2025-12-31,515880,SH,4424462300.0
2025-12-31,515890,SH,321443900.0
2025-12-31,515900,SH,2290646500.0
2025-12-31,515910,SH,329507000.0
2025-12-31,515920,SH,101905700.0
2025-12-31,515950,SH,497200600.0
2025-12-31,515960,SH,247991900.0
2025-12-31,515980,SH,8129129000.0
2025-12-31,515990,SH,59350200.00000001
2025-12-31,516000,SH,302855000.0
2025-12-31,516010,SH,2275693000.0
2025-12-31,516020,SH,4338826200.0
2025-12-31,516050,SH,299228000.0
2025-12-31,516060,SH,273237400.0
2025-12-31,516070,SH,382646000.0
2025-12-31,516080,SH,1465554800.0
2025-12-31,516090,SH,2258844800.0
2025-12-31,516100,SH,980759700.0
2025-12-31,516110,SH,413623100.0
2025-12-31,516120,SH,1769582000.0
2025-12-31,516130,SH,224890000.0
2025-12-31,516150,SH,4258577000.0
2025-12-31,516160,SH,2386142000.0
2025-12-31,516180,SH,114987000.0
2025-12-31,516190,SH,37718500.0
2025-12-31,516200,SH,326604000.0
2025-12-31,516210,SH,106631000.0
2025-12-31,516220,SH,345170000.0
2025-12-31,516250,SH,145878000.0
2025-12-31,516260,SH,63882600.0
2025-12-31,516270,SH,382409000.0
2025-12-31,516290,SH,1069196900.0
2025-12-31,516300,SH,21012600.000000004
2025-12-31,516310,SH,1932858500.0
2025-12-31,516320,SH,82589300.0
2025-12-31,516330,SH,8471300.0
2025-12-31,516350,SH,1092415300.0
2025-12-31,516360,SH,77551800.0
2025-12-31,516380,SH,93449300.0
2025-12-31,516390,SH,271261000.0
2025-12-31,516460,SH,247693000.0
2025-12-31,516500,SH,207937200.0
2025-12-31,516510,SH,1032890000.0
2025-12-31,516520,SH,501765500.0
2025-12-31,516530,SH,83802300.0
2025-12-31,516550,SH,207414400.0
2025-12-31,516560,SH,152758000.0
2025-12-31,516570,SH,204357600.0
2025-12-31,516580,SH,172124100.0
2025-12-31,516590,SH,70015000.0
2025-12-31,516600,SH,128332100.0
2025-12-31,516610,SH,177974800.0
2025-12-31,516620,SH,57267500.0
2025-12-31,516630,SH,250156000.0
2025-12-31,516640,SH,1314482800.0
2025-12-31,516650,SH,3482464800.0
2025-12-31,516660,SH,256689000.0
2025-12-31,516670,SH,1929266300.0
2025-12-31,516700,SH,86122000.0
2025-12-31,516710,SH,76272000.0
2025-12-31,516720,SH,15337800.0
2025-12-31,516730,SH,98380800.0
2025-12-31,516750,SH,120667300.0
2025-12-31,516760,SH,231215100.0
2025-12-31,516770,SH,258048000.0
2025-12-31,516780,SH,1471549800.0
2025-12-31,516790,SH,170982200.0
2025-12-31,516800,SH,270308000.0
2025-12-31,516810,SH,274478900.0
2025-12-31,516820,SH,4462415200.0
2025-12-31,516830,SH,157176900.0
2025-12-31,516850,SH,121237000.0
2025-12-31,516860,SH,1491522000.0
2025-12-31,516880,SH,2463944100.0
2025-12-31,516890,SH,40311400.0
2025-12-31,516900,SH,302729000.0
2025-12-31,516910,SH,59641800.0
2025-12-31,516920,SH,714463000.0
2025-12-31,516930,SH,112139600.0
2025-12-31,516950,SH,242821000.0
2025-12-31,516960,SH,14051099.999999998
2025-12-31,516970,SH,1669042500.0
2025-12-31,516980,SH,41516000.0
2025-12-31,517000,SH,212793000.0
2025-12-31,517010,SH,87144200.0
2025-12-31,517030,SH,90040300.0
2025-12-31,517050,SH,375605000.0
2025-12-31,517080,SH,265166000.0
2025-12-31,517090,SH,92075000.0
2025-12-31,517100,SH,193102100.0
2025-12-31,517110,SH,573098500.0
2025-12-31,517120,SH,406966400.0
2025-12-31,517160,SH,1818777500.0
2025-12-31,517170,SH,21131800.0
2025-12-31,517180,SH,146496300.0
2025-12-31,517200,SH,121782000.0
2025-12-31,517300,SH,3231434500.0
2025-12-31,517330,SH,1823169000.0
2025-12-31,517350,SH,86542000.0
2025-12-31,517360,SH,31083000.0
2025-12-31,517380,SH,1842326300.0
2025-12-31,517390,SH,178112599.99999997
2025-12-31,517400,SH,281792000.0
2025-12-31,517520,SH,6118404000.0
2025-12-31,517550,SH,90917400.0
2025-12-31,517660,SH,44680700.0
2025-12-31,517770,SH,71947800.0
2025-12-31,517800,SH,289539700.0
2025-12-31,517850,SH,54185200.00000001
2025-12-31,517880,SH,35337100.0
2025-12-31,517900,SH,732993500.0
2025-12-31,517950,SH,138623200.0
2025-12-31,517990,SH,45987900.0
2025-12-31,518600,SH,510916300.0
2025-12-31,518660,SH,708752700.0
2025-12-31,518680,SH,606469500.0
2025-12-31,518800,SH,3204119900.0
2025-12-31,518850,SH,1239378700.0
2025-12-31,518860,SH,380259800.00000006
2025-12-31,518880,SH,10089340800.0
2025-12-31,518890,SH,309254800.0
2025-12-31,520500,SH,1251805000.0
2025-12-31,520510,SH,229728000.0
2025-12-31,520520,SH,74606000.0
2025-12-31,520530,SH,253776000.0
2025-12-31,520550,SH,1122024000.0
2025-12-31,520560,SH,881419000.0
2025-12-31,520570,SH,2099876000.0
2025-12-31,520580,SH,378983900.0
2025-12-31,520590,SH,207235000.0
2025-12-31,520600,SH,437868000.0
2025-12-31,520620,SH,514409000.0
2025-12-31,520630,SH,339110000.0
2025-12-31,520650,SH,278755000.0
2025-12-31,520660,SH,2718485500.0
2025-12-31,520670,SH,285928100.0
2025-12-31,520690,SH,600454000.0
2025-12-31,520700,SH,595076000.0
2025-12-31,520720,SH,130942000.0
2025-12-31,520780,SH,166460000.0
2025-12-31,520820,SH,259682000.0
2025-12-31,520830,SH,1462119000.0
2025-12-31,520840,SH,1155549000.0
2025-12-31,520860,SH,786195000.0
2025-12-31,520870,SH,480977200.0
2025-12-31,520880,SH,4199618000.0
2025-12-31,520890,SH,95008000.0
2025-12-31,520900,SH,1874675000.0
2025-12-31,520920,SH,12419019000.0
2025-12-31,520940,SH,46297000.0
2025-12-31,520950,SH,680421000.0
2025-12-31,520960,SH,149603400.0
2025-12-31,520970,SH,1215358000.0
2025-12-31,520980,SH,4487387000.0
2025-12-31,520990,SH,5681470500.0
2025-12-31,530000,SH,1089029400.0
2025-12-31,530050,SH,141813000.0
2025-12-31,530080,SH,30917000.0
2025-12-31,530100,SH,440696000.0
2025-12-31,530180,SH,69952000.0
2025-12-31,530280,SH,50934000.0
2025-12-31,530300,SH,45643000.0
2025-12-31,530380,SH,666705000.0
2025-12-31,530530,SH,617460000.0
2025-12-31,530580,SH,71149000.0
2025-12-31,530680,SH,222891900.0
2025-12-31,530800,SH,18201800.0
2025-12-31,530880,SH,55336000.0
2025-12-31,551000,SH,107426100.0
2025-12-31,551030,SH,249790000.0
2025-12-31,551060,SH,100431000.0
2025-12-31,551300,SH,67217500.0
2025-12-31,551500,SH,130070000.0
2025-12-31,551510,SH,108176100.0
2025-12-31,551520,SH,242621600.0
2025-12-31,551550,SH,151458200.0
2025-12-31,551560,SH,173948800.0
2025-12-31,551580,SH,125396800.0
2025-12-31,551800,SH,148541400.0
2025-12-31,551900,SH,240461700.0
2025-12-31,560000,SH,11022900.0
2025-12-31,560010,SH,11484621700.0
2025-12-31,560020,SH,89562000.0
2025-12-31,560030,SH,26432000.0
2025-12-31,560050,SH,3824934400.0
2025-12-31,560060,SH,142090000.0
2025-12-31,560070,SH,140862300.0
2025-12-31,560080,SH,2347765000.0
2025-12-31,560090,SH,2695865000.0
2025-12-31,560100,SH,67080300.0
2025-12-31,560110,SH,151903500.0
2025-12-31,560120,SH,33689000.0
2025-12-31,560150,SH,750279299.9999999
2025-12-31,560170,SH,1298995500.0
2025-12-31,560180,SH,15603000.0
2025-12-31,560190,SH,28334000.0
2025-12-31,560220,SH,45717000.0
2025-12-31,560260,SH,1774664700.0
2025-12-31,560280,SH,544752000.0
2025-12-31,560300,SH,27803400.0
2025-12-31,560330,SH,21130000.0
2025-12-31,560350,SH,1609532100.0
2025-12-31,560360,SH,119345000.0
2025-12-31,560380,SH,158861000.0
2025-12-31,560500,SH,392339000.0
2025-12-31,560510,SH,2999026900.0
2025-12-31,560520,SH,10751000.0
2025-12-31,560530,SH,3796623700.0
2025-12-31,560550,SH,237597400.00000003
2025-12-31,560560,SH,91190100.0
2025-12-31,560570,SH,1645541200.0
2025-12-31,560580,SH,136003000.0
2025-12-31,560590,SH,13710000.0
2025-12-31,560610,SH,4831988400.0
2025-12-31,560620,SH,62867000.0
2025-12-31,560630,SH,246394000.0
2025-12-31,560650,SH,7919200.0
2025-12-31,560660,SH,58969000.0
2025-12-31,560680,SH,354725600.0
2025-12-31,560690,SH,19639000.0
2025-12-31,560700,SH,424536900.0
2025-12-31,560750,SH,228554800.0
2025-12-31,560770,SH,2311633000.0
2025-12-31,560780,SH,873496000.0
2025-12-31,560800,SH,627951100.0
2025-12-31,560810,SH,816116000.0
2025-12-31,560820,SH,41926000.0
2025-12-31,560850,SH,116164000.0
2025-12-31,560860,SH,5518233000.0
2025-12-31,560880,SH,393232000.0
2025-12-31,560890,SH,15981199.999999998
2025-12-31,560900,SH,131969100.0
2025-12-31,560950,SH,15483000.0
2025-12-31,560980,SH,675022000.0
2025-12-31,560990,SH,24187100.0
2025-12-31,561000,SH,72420000.0
2025-12-31,561010,SH,129356000.0
2025-12-31,561060,SH,52065000.0
2025-12-31,561080,SH,29250000.0
2025-12-31,561090,SH,185974000.0
2025-12-31,561100,SH,630746900.0
2025-12-31,561120,SH,68659900.0
2025-12-31,561130,SH,143935200.0
2025-12-31,561160,SH,2631835000.0
2025-12-31,561170,SH,154032700.0
2025-12-31,561180,SH,57609600.0
2025-12-31,561190,SH,343318000.0
2025-12-31,561200,SH,33470500.0
2025-12-31,561220,SH,146553000.0
2025-12-31,561230,SH,682477800.0
2025-12-31,561260,SH,26095200.0
2025-12-31,561280,SH,54847700.00000001
2025-12-31,561300,SH,652965000.0
2025-12-31,561310,SH,45916600.0
2025-12-31,561320,SH,73369000.0
2025-12-31,561330,SH,640696100.0
2025-12-31,561350,SH,94700000.0
2025-12-31,561360,SH,207148000.0
2025-12-31,561370,SH,22356000.0
2025-12-31,561380,SH,335413600.0
2025-12-31,561500,SH,66600300.0
2025-12-31,561510,SH,64206000.0
2025-12-31,561550,SH,1322989600.0
2025-12-31,561560,SH,588124200.0
2025-12-31,561570,SH,21147000.0
2025-12-31,561580,SH,819870700.0000001
2025-12-31,561590,SH,28999600.0
2025-12-31,561600,SH,396274000.0
2025-12-31,561660,SH,50710000.0
2025-12-31,561680,SH,140169000.0
2025-12-31,561700,SH,193813600.0
2025-12-31,561750,SH,100496000.0
2025-12-31,561760,SH,30195000.0
2025-12-31,561770,SH,61550000.0
2025-12-31,561780,SH,11755800.0
2025-12-31,561790,SH,45934000.0
2025-12-31,561800,SH,165577200.0
2025-12-31,561870,SH,161765000.0
2025-12-31,561880,SH,122389000.0
2025-12-31,561900,SH,35334400.0
2025-12-31,561910,SH,6711076600.0
2025-12-31,561920,SH,31692000.0
2025-12-31,561930,SH,196260600.0
2025-12-31,561950,SH,129156000.0
2025-12-31,561960,SH,55985200.00000001
2025-12-31,561980,SH,1250110000.0
2025-12-31,561990,SH,601649200.0
2025-12-31,562000,SH,944737900.0
2025-12-31,562010,SH,21298700.0
2025-12-31,562030,SH,157973900.0
2025-12-31,562050,SH,94468000.0
2025-12-31,562060,SH,4019792600.0
2025-12-31,562070,SH,177542000.0
2025-12-31,562080,SH,1510757200.0
2025-12-31,562300,SH,80495000.0
2025-12-31,562310,SH,738572300.0
2025-12-31,562320,SH,109295500.0
2025-12-31,562330,SH,19018900.0
2025-12-31,562340,SH,9144300.0
2025-12-31,562350,SH,37410900.0
2025-12-31,562360,SH,458474000.0
2025-12-31,562380,SH,158128900.0
2025-12-31,562390,SH,81429000.0
2025-12-31,562500,SH,25988687300.0
2025-12-31,562510,SH,843095000.0
2025-12-31,562520,SH,40568000.0
2025-12-31,562530,SH,38144000.0
2025-12-31,562550,SH,261919300.0
2025-12-31,562560,SH,22765500.0
2025-12-31,562570,SH,304281000.0
2025-12-31,562580,SH,28723300.0
2025-12-31,562590,SH,489663000.0
2025-12-31,562600,SH,383937400.0
2025-12-31,562660,SH,176874000.0
2025-12-31,562700,SH,155750000.0
2025-12-31,562800,SH,4001845000.0
2025-12-31,562810,SH,45451000.0
2025-12-31,562820,SH,50136000.0
2025-12-31,562850,SH,54981500.0
2025-12-31,562860,SH,336895000.0
2025-12-31,562870,SH,391005200.0
2025-12-31,562880,SH,1697899600.0
2025-12-31,562890,SH,245051000.0
2025-12-31,562900,SH,96706300.0
2025-12-31,562910,SH,183227300.0
2025-12-31,562920,SH,69069000.0
2025-12-31,562930,SH,296437000.0
2025-12-31,562950,SH,892258300.0
2025-12-31,562960,SH,194391000.0
2025-12-31,562970,SH,554448000.0
2025-12-31,562990,SH,604756000.0
2025-12-31,563000,SH,2440951100.0
2025-12-31,563010,SH,79189300.0
2025-12-31,563020,SH,3958910000.0
2025-12-31,563030,SH,95669000.0
2025-12-31,563050,SH,143208400.0
2025-12-31,563060,SH,327527000.0
2025-12-31,563080,SH,1482588400.0
2025-12-31,563090,SH,44848000.0
2025-12-31,563150,SH,11399000.0
2025-12-31,563180,SH,140420000.0
2025-12-31,563200,SH,17458800.0
2025-12-31,563210,SH,66067000.0
2025-12-31,563220,SH,11498013700.000002
2025-12-31,563230,SH,565237000.0
2025-12-31,563280,SH,8206600.0
2025-12-31,563300,SH,1958674000.0
2025-12-31,563320,SH,301892000.0
2025-12-31,563330,SH,28160600.0
2025-12-31,563350,SH,253997600.0
2025-12-31,563360,SH,39229987400.0
2025-12-31,563380,SH,145950000.0
2025-12-31,563390,SH,527844000.0
2025-12-31,563500,SH,993958700.0
2025-12-31,563510,SH,380537000.0
2025-12-31,563520,SH,424065000.0
2025-12-31,563530,SH,313748000.0
2025-12-31,563550,SH,91559000.0
2025-12-31,563570,SH,347374000.0
2025-12-31,563580,SH,478648000.0
2025-12-31,563590,SH,163944400.0
2025-12-31,563600,SH,60483000.0
2025-12-31,563620,SH,73049000.0
2025-12-31,563630,SH,51947100.0
2025-12-31,563650,SH,107909000.0
2025-12-31,563660,SH,129085200.0
2025-12-31,563670,SH,423987000.0
2025-12-31,563680,SH,251959000.0
2025-12-31,563690,SH,65882000.0
2025-12-31,563700,SH,549150000.0
2025-12-31,563750,SH,409737000.0
2025-12-31,563760,SH,967913200.0
2025-12-31,563770,SH,33307000.0
2025-12-31,563780,SH,363027100.0
2025-12-31,563800,SH,18175978100.0
2025-12-31,563830,SH,118896000.0
2025-12-31,563850,SH,89681700.0
2025-12-31,563860,SH,323844300.0
2025-12-31,563880,SH,2662996400.0
2025-12-31,563890,SH,59836000.0
2025-12-31,563900,SH,384965700.0
2025-12-31,563980,SH,512967000.0
2025-12-31,563990,SH,493573000.0
2025-12-31,588000,SH,53710168200.0
2025-12-31,588010,SH,265425800.00000003
2025-12-31,588020,SH,397791000.0
2025-12-31,588030,SH,4871838100.0
2025-12-31,588040,SH,91889000.0
2025-12-31,588050,SH,8235241300.0
2025-12-31,588060,SH,9781140000.0
2025-12-31,588070,SH,34437000.0
2025-12-31,588080,SH,51511628099.99999
2025-12-31,588090,SH,3588072800.0000005
2025-12-31,588100,SH,109248700.0
2025-12-31,588110,SH,181758000.0
2025-12-31,588120,SH,753811000.0
2025-12-31,588130,SH,41582600.0
2025-12-31,588140,SH,580751000.0
2025-12-31,588150,SH,275432600.0
2025-12-31,588160,SH,171996000.0
2025-12-31,588170,SH,2447149000.0
2025-12-31,588180,SH,2204853700.0
2025-12-31,588190,SH,2773618300.0
2025-12-31,588200,SH,16938894800.0
2025-12-31,588210,SH,333254000.0
2025-12-31,588220,SH,6536197900.0
2025-12-31,588230,SH,344939000.0
2025-12-31,588240,SH,128633000.0
2025-12-31,588250,SH,191675000.0
2025-12-31,588260,SH,67746000.0
2025-12-31,588270,SH,676410000.0
2025-12-31,588280,SH,432121000.0
2025-12-31,588290,SH,1561397000.0
2025-12-31,588300,SH,2011210500.0
2025-12-31,588310,SH,61837500.0
2025-12-31,588320,SH,41824600.0
2025-12-31,588330,SH,1125737800.0
2025-12-31,588350,SH,1128546000.0
2025-12-31,588360,SH,367481800.0
2025-12-31,588370,SH,65772000.0
2025-12-31,588380,SH,3248770000.0
2025-12-31,588390,SH,257935900.0
2025-12-31,588400,SH,1839600600.0
2025-12-31,588430,SH,330458000.0
2025-12-31,588450,SH,69568700.0
2025-12-31,588460,SH,708014000.0
2025-12-31,588500,SH,52647000.0
2025-12-31,588520,SH,20957000.0
2025-12-31,588550,SH,147290000.0
2025-12-31,588660,SH,59344000.0
2025-12-31,588670,SH,55792000.0
2025-12-31,588680,SH,62361000.0
2025-12-31,588690,SH,127636000.0
2025-12-31,588700,SH,240336200.0
2025-12-31,588710,SH,570295000.0
2025-12-31,588720,SH,164741800.0
2025-12-31,588730,SH,1052396300.0
2025-12-31,588750,SH,3394228000.0
2025-12-31,588760,SH,3475532000.0
2025-12-31,588770,SH,53597100.0
2025-12-31,588780,SH,485951000.0
2025-12-31,588790,SH,7186384000.0
2025-12-31,588800,SH,1919877000.0
2025-12-31,588810,SH,381324000.0
2025-12-31,588820,SH,445400000.0
2025-12-31,588830,SH,789847899.9999999
2025-12-31,588840,SH,70236000.0
2025-12-31,588850,SH,46779000.0
2025-12-31,588860,SH,296889400.0
2025-12-31,588870,SH,518552000.0
2025-12-31,588880,SH,141368000.0
2025-12-31,588890,SH,719810000.0
2025-12-31,588900,SH,475783000.0
2025-12-31,588910,SH,166049100.0
2025-12-31,588920,SH,273438000.0
2025-12-31,588930,SH,1095329000.0
2025-12-31,588940,SH,340420000.0
2025-12-31,588950,SH,212729700.0
2025-12-31,588960,SH,147579800.0
2025-12-31,588980,SH,24420000.0
2025-12-31,588990,SH,237745400.0
2025-12-31,589000,SH,1075507800.0
2025-12-31,589010,SH,2651793000.0
2025-12-31,589020,SH,244219000.0
2025-12-31,589050,SH,98968000.0
2025-12-31,589060,SH,187137900.0
2025-12-31,589080,SH,213061000.0
2025-12-31,589090,SH,226931000.0
2025-12-31,589100,SH,422777000.0
2025-12-31,589110,SH,309413000.0
2025-12-31,589120,SH,530620000.0
2025-12-31,589180,SH,14318000.0
2025-12-31,589200,SH,43507000.0
2025-12-31,589210,SH,84469000.0
2025-12-31,589300,SH,77582500.0
2025-12-31,589380,SH,131694300.0
2025-12-31,589500,SH,140064000.0
2025-12-31,589520,SH,891104600.0000001
2025-12-31,589550,SH,34295500.0
2025-12-31,589560,SH,547355000.0
2025-12-31,589580,SH,10354800.0
2025-12-31,589600,SH,337535000.0
2025-12-31,589630,SH,243629000.0
2025-12-31,589660,SH,353530000.0
2025-12-31,589680,SH,1159943700.0
2025-12-31,589700,SH,16291000.0
2025-12-31,589720,SH,790823000.0
2025-12-31,589770,SH,258569200.0
2025-12-31,589780,SH,108215000.0
2025-12-31,589800,SH,1227988200.0
2025-12-31,589820,SH,426720200.0
2025-12-31,589850,SH,502057000.0
2025-12-31,589860,SH,230224000.0
2025-12-31,589880,SH,459996000.0
2025-12-31,589890,SH,329987000.0
2025-12-31,589900,SH,293908200.0
2025-12-31,589950,SH,477873000.0
2025-12-31,589960,SH,247316000.0
2025-12-31,589980,SH,252122000.0
2025-12-31,589990,SH,162090000.0
2026-03-31,510010,SH,139524400.0
2026-03-31,510020,SH,36848000.0
2026-03-31,510030,SH,166729800.0
2026-03-31,510040,SH,32480000.0
2026-03-31,510050,SH,23022666800.0
2026-03-31,510060,SH,38959200.0
2026-03-31,510090,SH,27081100.0
2026-03-31,510100,SH,1102106800.0
2026-03-31,510130,SH,33885100.0
2026-03-31,510150,SH,3279178600.0
2026-03-31,510160,SH,204057400.00000003
2026-03-31,510170,SH,452914800.00000006
2026-03-31,510180,SH,5564557700.0
2026-03-31,510190,SH,29650800.0
2026-03-31,510200,SH,158885500.0
2026-03-31,510210,SH,9077192600.0
2026-03-31,510230,SH,3281808000.0
2026-03-31,510270,SH,18832100.0
2026-03-31,510290,SH,62448900.0
2026-03-31,510300,SH,44828587699.99999
2026-03-31,510310,SH,31699544000.0
2026-03-31,510320,SH,784068500.0
2026-03-31,510330,SH,19437549800.0
2026-03-31,510350,SH,697614700.0
2026-03-31,510360,SH,1721381200.0
2026-03-31,510370,SH,87258100.0
2026-03-31,510380,SH,1092802400.0
2026-03-31,510390,SH,92450000.0
2026-03-31,510410,SH,496258400.0
2026-03-31,510500,SH,9436568600.0
2026-03-31,510510,SH,907038300.0
2026-03-31,510530,SH,51479399.99999999
2026-03-31,510550,SH,23743300.0
2026-03-31,510560,SH,80318700.0
2026-03-31,510570,SH,23060600.0
2026-03-31,510580,SH,973368300.0
2026-03-31,510590,SH,139586100.0
2026-03-31,510600,SH,12415100.0
2026-03-31,510630,SH,494361500.0
2026-03-31,510650,SH,10952500.0
2026-03-31,510660,SH,36379700.0
2026-03-31,510670,SH,360493000.0
2026-03-31,510680,SH,26824700.0
2026-03-31,510710,SH,114218900.0
2026-03-31,510720,SH,1801766000.0
2026-03-31,510760,SH,2165503700.0
2026-03-31,510770,SH,20110700.0
2026-03-31,510800,SH,209576000.0
2026-03-31,510810,SH,5910793700.0
2026-03-31,510850,SH,65298900.0
2026-03-31,510880,SH,5279175699.999999
2026-03-31,510900,SH,4180021900.0
2026-03-31,510950,SH,94950000.0
2026-03-31,510980,SH,431798000.0
2026-03-31,510990,SH,40948600.0
2026-03-31,511010,SH,27146300.0
2026-03-31,511020,SH,6962500.0
2026-03-31,511030,SH,341510700.0
2026-03-31,511060,SH,13416300.000000002
2026-03-31,511070,SH,185721000.0
2026-03-31,511090,SH,171378100.0
2026-03-31,511100,SH,100330500.0
2026-03-31,511110,SH,205299600.0
2026-03-31,511120,SH,89740600.0
2026-03-31,511130,SH,116309700.0
2026-03-31,511150,SH,50690900.0
2026-03-31,511160,SH,38400900.0
2026-03-31,511180,SH,946259700.0
2026-03-31,511190,SH,89004300.0
2026-03-31,511200,SH,141317500.0
2026-03-31,511220,SH,3894381400.0
2026-03-31,511260,SH,110436500.0
2026-03-31,511270,SH,29727500.0
2026-03-31,511360,SH,802642600.0
2026-03-31,511380,SH,4404786700.0
2026-03-31,511520,SH,281666500.0
2026-03-31,511580,SH,49244799.99999999
2026-03-31,512000,SH,71227235400.0
2026-03-31,512010,SH,47353694900.0
2026-03-31,512020,SH,1187012700.0
2026-03-31,512030,SH,40240000.0
2026-03-31,512040,SH,2589715900.0
2026-03-31,512050,SH,22435992200.000004
2026-03-31,512060,SH,12928000.0
2026-03-31,512070,SH,19506479700.0
2026-03-31,512080,SH,611186100.0
2026-03-31,512090,SH,321592300.0
2026-03-31,512100,SH,7565217600.0
2026-03-31,512120,SH,819241900.0
2026-03-31,512130,SH,19895000.0
2026-03-31,512150,SH,30073400.0
2026-03-31,512160,SH,135777800.0
2026-03-31,512170,SH,84974820500.0
2026-03-31,512180,SH,52048000.0
2026-03-31,512190,SH,107718400.0
2026-03-31,512200,SH,4365347900.0
2026-03-31,512220,SH,178467599.99999997
2026-03-31,512240,SH,21686000.0
2026-03-31,512250,SH,350600100.0
2026-03-31,512260,SH,24497700.0
2026-03-31,512290,SH,3843820700.0
2026-03-31,512330,SH,401688000.0
2026-03-31,512360,SH,30337700.0
2026-03-31,512370,SH,77313000.0
2026-03-31,512380,SH,75805600.0
2026-03-31,512390,SH,18682000.0
2026-03-31,512400,SH,13938539000.0
2026-03-31,512460,SH,340823000.0
2026-03-31,512480,SH,14079003600.000002
2026-03-31,512500,SH,3227208800.0
2026-03-31,512510,SH,464929800.00000006
2026-03-31,512520,SH,48056400.0
2026-03-31,512530,SH,94502000.0
2026-03-31,512550,SH,131906000.0
2026-03-31,512560,SH,949127000.0
2026-03-31,512570,SH,2281806100.0
2026-03-31,512580,SH,715471700.0
2026-03-31,512600,SH,1502356099.9999998
2026-03-31,512620,SH,1063666000.0
2026-03-31,512630,SH,1244426000.0
2026-03-31,512640,SH,22740900.0
2026-03-31,512650,SH,32941600.0
2026-03-31,512660,SH,7224080000.0
2026-03-31,512670,SH,3185652600.0
2026-03-31,512680,SH,3962530100.0
2026-03-31,512690,SH,35610550200.0
2026-03-31,512700,SH,717081000.0
2026-03-31,512710,SH,12673658400.0
2026-03-31,512720,SH,592453400.0
2026-03-31,512730,SH,72583900.0
2026-03-31,512750,SH,50154900.0
2026-03-31,512760,SH,11351445500.0
2026-03-31,512770,SH,110267800.0
2026-03-31,512800,SH,14954679900.0
2026-03-31,512810,SH,1001583500.0
2026-03-31,512820,SH,534701900.0
2026-03-31,512870,SH,26410600.0
2026-03-31,512880,SH,50207291500.0
2026-03-31,512890,SH,26070110800.0
2026-03-31,512900,SH,6302406000.0
2026-03-31,512910,SH,159628800.0
2026-03-31,512930,SH,1518130300.0
2026-03-31,512940,SH,1027705000.0
2026-03-31,512950,SH,4054551000.0
2026-03-31,512960,SH,3995257300.0
2026-03-31,512970,SH,11987600.0
2026-03-31,512980,SH,5294924399.999999
2026-03-31,512990,SH,109015400.0
2026-03-31,513000,SH,952411400.0
2026-03-31,513010,SH,47728307000.0
2026-03-31,513020,SH,4456145400.0
2026-03-31,513030,SH,979279000.0
2026-03-31,513040,SH,7457841300.0
2026-03-31,513050,SH,33676432700.0
2026-03-31,513060,SH,10932893300.0
2026-03-31,513070,SH,1647760799.9999998
2026-03-31,513080,SH,608916000.0
2026-03-31,513090,SH,12664488000.0
2026-03-31,513100,SH,9466110600.0
2026-03-31,513110,SH,2100435000.0
2026-03-31,513120,SH,20405135400.0
2026-03-31,513130,SH,80220347000.0
2026-03-31,513140,SH,95868000.0
2026-03-31,513150,SH,136059800.0
2026-03-31,513160,SH,5244189300.000001
2026-03-31,513170,SH,239573000.0
2026-03-31,513180,SH,82548759500.0
2026-03-31,513190,SH,1297936000.0
2026-03-31,513200,SH,1482282100.0
2026-03-31,513210,SH,41942000.0
2026-03-31,513220,SH,678109400.0
2026-03-31,513230,SH,488422700.0
2026-03-31,513260,SH,5918243000.0
2026-03-31,513280,SH,437114500.0
2026-03-31,513290,SH,1029072100.0
2026-03-31,513300,SH,5149421000.0
2026-03-31,513310,SH,1851427000.0
2026-03-31,513320,SH,130010600.0
2026-03-31,513330,SH,80399480000.0
2026-03-31,513350,SH,776746000.0
2026-03-31,513360,SH,604213900.0
2026-03-31,513380,SH,21862784900.000004
2026-03-31,513390,SH,1790379100.0
2026-03-31,513400,SH,2059062000.0
2026-03-31,513500,SH,9810638600.0
2026-03-31,513520,SH,1026887200.0
2026-03-31,513530,SH,2009938700.0
2026-03-31,513550,SH,2532992000.0
2026-03-31,513560,SH,751386000.0
2026-03-31,513580,SH,7547118000.0
2026-03-31,513590,SH,173418900.0
2026-03-31,513600,SH,746829500.0
2026-03-31,513630,SH,9557359000.0
2026-03-31,513650,SH,2810734000.0
2026-03-31,513660,SH,1466000100.0
2026-03-31,513690,SH,4408479900.0
2026-03-31,513700,SH,1164846000.0
2026-03-31,513720,SH,172859000.0
2026-03-31,513730,SH,889355000.0
2026-03-31,513750,SH,18433838000.0
2026-03-31,513770,SH,25193137900.0
2026-03-31,513780,SH,1761157000.0
2026-03-31,513800,SH,1041844400.0
2026-03-31,513810,SH,38992000.0
2026-03-31,513820,SH,2522669000.0
2026-03-31,513830,SH,73811000.0
2026-03-31,513850,SH,1143892600.0
2026-03-31,513860,SH,5713470600.000001
2026-03-31,513870,SH,1232671000.0
2026-03-31,513880,SH,1243970000.0
2026-03-31,513890,SH,961128000.0
2026-03-31,513900,SH,98978000.0
2026-03-31,513910,SH,2942276000.0
2026-03-31,513920,SH,3649731000.0
2026-03-31,513930,SH,150908000.0
2026-03-31,513950,SH,2259619000.0
2026-03-31,513970,SH,2965041000.0
2026-03-31,513980,SH,30074204000.0
2026-03-31,513990,SH,70000000.0
2026-03-31,515000,SH,3168579300.0
2026-03-31,515010,SH,1418271600.0
2026-03-31,515020,SH,487345300.0
2026-03-31,515030,SH,2448384000.0
2026-03-31,515050,SH,3381068500.0
2026-03-31,515060,SH,949478100.0
2026-03-31,515070,SH,5365970200.0
2026-03-31,515080,SH,5546148900.0
2026-03-31,515090,SH,6801700.0
2026-03-31,515100,SH,4239941500.0
2026-03-31,515110,SH,232295000.0
2026-03-31,515120,SH,14362993600.000002
2026-03-31,515130,SH,76463200.0
2026-03-31,515150,SH,551703200.0
2026-03-31,515160,SH,273955100.0
2026-03-31,515170,SH,9357257900.0
2026-03-31,515180,SH,8722637000.0
2026-03-31,515190,SH,411466100.0
2026-03-31,515200,SH,49943200.0
2026-03-31,515210,SH,2244726100.0
2026-03-31,515220,SH,8297676899.999999
2026-03-31,515230,SH,5677690900.0
2026-03-31,515250,SH,515944500.0
2026-03-31,515260,SH,728568400.0
2026-03-31,515290,SH,3365572900.0
2026-03-31,515300,SH,4161675200.0
2026-03-31,515310,SH,248111200.0
2026-03-31,515320,SH,84309000.0
2026-03-31,515330,SH,6509709500.0
2026-03-31,515350,SH,11699200.0
2026-03-31,515360,SH,37779300.0
2026-03-31,515370,SH,1383713000.0
2026-03-31,515380,SH,668799800.0
2026-03-31,515390,SH,398683000.0
2026-03-31,515400,SH,1602631400.0000002
2026-03-31,515450,SH,11179335000.0
2026-03-31,515460,SH,403091000.0
2026-03-31,515530,SH,11442700.0
2026-03-31,515550,SH,15345700.0
2026-03-31,515560,SH,197883300.00000003
2026-03-31,515580,SH,390031400.0
2026-03-31,515590,SH,38113700.0
2026-03-31,515600,SH,1079797400.0
2026-03-31,515630,SH,674217700.0
2026-03-31,515650,SH,3147184000.0
2026-03-31,515660,SH,469594200.0
2026-03-31,515680,SH,1118264700.0
2026-03-31,515700,SH,753510200.0
2026-03-31,515710,SH,2504599800.0
2026-03-31,515720,SH,451611000.0
2026-03-31,515730,SH,39892000.0
2026-03-31,515750,SH,375140500.0
2026-03-31,515760,SH,95388100.0
2026-03-31,515770,SH,42727299.99999999
2026-03-31,515790,SH,10309494000.0
2026-03-31,515800,SH,4182437200.0
2026-03-31,515810,SH,347908800.0
2026-03-31,515850,SH,261791000.0
2026-03-31,515860,SH,113878900.0
2026-03-31,515880,SH,13549387000.0
2026-03-31,515890,SH,308443900.0
2026-03-31,515900,SH,2264446500.0
2026-03-31,515910,SH,287507000.0
2026-03-31,515920,SH,82405700.0
2026-03-31,515950,SH,575200600.0
2026-03-31,515960,SH,244991900.0
2026-03-31,515970,SH,804088000.0
2026-03-31,515980,SH,10655129000.0
2026-03-31,515990,SH,59350200.00000001
2026-03-31,516000,SH,343855000.0
2026-03-31,516010,SH,1817693000.0
2026-03-31,516020,SH,6585826200.0
2026-03-31,516050,SH,233228000.0
2026-03-31,516060,SH,284237400.0
2026-03-31,516070,SH,342646000.0
2026-03-31,516080,SH,1924554800.0
2026-03-31,516090,SH,2106844800.0
2026-03-31,516100,SH,993759700.0
2026-03-31,516110,SH,446623100.0
2026-03-31,516120,SH,8076082000.0
2026-03-31,516130,SH,1431890000.0
2026-03-31,516150,SH,4447577000.0
2026-03-31,516160,SH,2558142000.0
2026-03-31,516180,SH,236987000.0
2026-03-31,516190,SH,96818500.0
2026-03-31,516200,SH,354604000.0
2026-03-31,516210,SH,97031000.0
2026-03-31,516220,SH,469170000.0
2026-03-31,516230,SH,86921000.0
2026-03-31,516250,SH,98878000.0
2026-03-31,516260,SH,49882600.0
2026-03-31,516270,SH,407909000.0
2026-03-31,516290,SH,1017196900.0
2026-03-31,516300,SH,23012600.000000004
2026-03-31,516310,SH,1636758500.0
2026-03-31,516320,SH,77589300.0
2026-03-31,516330,SH,7271300.0
2026-03-31,516350,SH,1208415300.0
2026-03-31,516360,SH,66551800.0
2026-03-31,516380,SH,93449300.0
2026-03-31,516390,SH,217261000.0
2026-03-31,516460,SH,628693000.0
2026-03-31,516500,SH,255937200.0
2026-03-31,516510,SH,1426890000.0
2026-03-31,516520,SH,871765500.0
2026-03-31,516530,SH,18302300.0
2026-03-31,516550,SH,272414400.0
2026-03-31,516560,SH,187258000.0
2026-03-31,516570,SH,2156357600.0
2026-03-31,516580,SH,159124100.0
2026-03-31,516590,SH,61015000.0
2026-03-31,516600,SH,125332100.0
2026-03-31,516610,SH,196974800.0
2026-03-31,516620,SH,259767500.0
2026-03-31,516630,SH,385156000.0
2026-03-31,516640,SH,1288482800.0
2026-03-31,516650,SH,6660464800.0
2026-03-31,516660,SH,227689000.0
2026-03-31,516670,SH,2000266300.0
2026-03-31,516700,SH,110622000.0
2026-03-31,516710,SH,60272000.0
2026-03-31,516720,SH,12337800.0
2026-03-31,516730,SH,102880800.0
2026-03-31,516750,SH,155667300.0
2026-03-31,516760,SH,231215100.0
2026-03-31,516770,SH,236048000.0
2026-03-31,516780,SH,1589049800.0
2026-03-31,516790,SH,168382200.0
2026-03-31,516800,SH,250308000.0
2026-03-31,516810,SH,454478900.0
2026-03-31,516820,SH,5010415200.0
2026-03-31,516830,SH,104676900.0
2026-03-31,516850,SH,135237000.0
2026-03-31,516860,SH,1193522000.0
2026-03-31,516880,SH,1361944100.0
2026-03-31,516890,SH,37311400.0
2026-03-31,516900,SH,341729000.0
2026-03-31,516910,SH,93141800.0
2026-03-31,516920,SH,636963000.0
2026-03-31,516930,SH,116639600.0
2026-03-31,516950,SH,140821000.0
2026-03-31,516960,SH,16051099.999999998
2026-03-31,516970,SH,1526042500.0
2026-03-31,516980,SH,49516000.0
2026-03-31,517000,SH,167793000.0
2026-03-31,517010,SH,87144200.0
2026-03-31,517030,SH,93040300.0
2026-03-31,517050,SH,359605000.0
2026-03-31,517080,SH,217166000.0
2026-03-31,517090,SH,79075000.0
2026-03-31,517100,SH,175102100.0
2026-03-31,517110,SH,681098500.0
2026-03-31,517120,SH,418966400.0
2026-03-31,517160,SH,1814777500.0
2026-03-31,517170,SH,16131800.0
2026-03-31,517180,SH,118496300.0
2026-03-31,517200,SH,141782000.0
2026-03-31,517300,SH,1929434500.0
2026-03-31,517330,SH,1823169000.0
2026-03-31,517350,SH,76042000.0
2026-03-31,517360,SH,28083000.0
2026-03-31,517380,SH,2506326300.0
2026-03-31,517390,SH,186112600.0
2026-03-31,517400,SH,806792000.0
2026-03-31,517520,SH,5696404000.0
2026-03-31,517550,SH,98417400.0
2026-03-31,517660,SH,43480700.0
2026-03-31,517770,SH,165947800.0
2026-03-31,517800,SH,457539700.0
2026-03-31,517850,SH,40185200.0
2026-03-31,517880,SH,47337100.0
2026-03-31,517900,SH,638993500.0
2026-03-31,517950,SH,122123200.0
2026-03-31,517990,SH,47987900.0
2026-03-31,518600,SH,752416300.0
2026-03-31,518660,SH,949652700.0
2026-03-31,518680,SH,800469500.0
2026-03-31,518800,SH,4205919900.0
2026-03-31,518850,SH,1714278700.0
2026-03-31,518860,SH,498759800.00000006
2026-03-31,518880,SH,11709440800.0
2026-03-31,518890,SH,413954800.00000006
2026-03-31,520500,SH,1366805000.0
2026-03-31,520510,SH,236728000.0
2026-03-31,520520,SH,91606000.0
2026-03-31,520530,SH,273776000.0
2026-03-31,520550,SH,1014024000.0
2026-03-31,520560,SH,797419000.0
2026-03-31,520570,SH,3644876000.0
2026-03-31,520580,SH,268983900.0
2026-03-31,520590,SH,320235000.0
2026-03-31,520600,SH,568368000.0
2026-03-31,520610,SH,389963000.0
2026-03-31,520620,SH,483409000.0
2026-03-31,520630,SH,409110000.0
2026-03-31,520650,SH,706755000.0
2026-03-31,520660,SH,2474485500.0
2026-03-31,520670,SH,301928100.0
2026-03-31,520680,SH,157369000.0
2026-03-31,520690,SH,645454000.0
2026-03-31,520700,SH,559076000.0
2026-03-31,520720,SH,254942000.0
2026-03-31,520760,SH,363466000.0
2026-03-31,520770,SH,444373800.0
2026-03-31,520780,SH,62460000.0
2026-03-31,520790,SH,299075000.0
2026-03-31,520810,SH,265360000.0
2026-03-31,520820,SH,86682000.0
2026-03-31,520830,SH,1388119000.0
2026-03-31,520840,SH,1541049000.0
2026-03-31,520850,SH,170249600.0
2026-03-31,520860,SH,615195000.0
2026-03-31,520870,SH,463477200.0
2026-03-31,520880,SH,4593618000.0
2026-03-31,520890,SH,90008000.0
2026-03-31,520900,SH,1459175000.0
2026-03-31,520910,SH,782445000.0
2026-03-31,520920,SH,21014019000.0
2026-03-31,520930,SH,202733000.0
2026-03-31,520940,SH,30297000.0
2026-03-31,520950,SH,486421000.0
2026-03-31,520960,SH,89603400.0
2026-03-31,520970,SH,1253358000.0
2026-03-31,520980,SH,5388387000.0
2026-03-31,520990,SH,4656470500.0
2026-03-31,530000,SH,1049029400.0
2026-03-31,530050,SH,150813000.0
2026-03-31,530060,SH,153193000.0
2026-03-31,530080,SH,28917000.0
2026-03-31,530100,SH,180696000.0
2026-03-31,530180,SH,61952000.0
2026-03-31,530280,SH,43434000.0
2026-03-31,530300,SH,39643000.0
2026-03-31,530380,SH,242705000.0
2026-03-31,530530,SH,236460000.0
2026-03-31,530580,SH,61149000.0
2026-03-31,530680,SH,192891900.0
2026-03-31,530800,SH,16201800.0
2026-03-31,530880,SH,46336000.0
2026-03-31,551000,SH,74924100.0
2026-03-31,551030,SH,189810000.0
2026-03-31,551060,SH,102601000.0
2026-03-31,551300,SH,66217500.0
2026-03-31,551500,SH,99570000.0
2026-03-31,551510,SH,101176100.0
2026-03-31,551520,SH,165771600.0
2026-03-31,551550,SH,150348200.0
2026-03-31,551560,SH,166348800.0
2026-03-31,551580,SH,101466800.0
2026-03-31,551800,SH,116111400.0
2026-03-31,551900,SH,147761700.0
2026-03-31,560000,SH,9022900.0
2026-03-31,560010,SH,2020621700.0
2026-03-31,560020,SH,85562000.0
2026-03-31,560030,SH,25432000.0
2026-03-31,560050,SH,3227434400.0
2026-03-31,560060,SH,84090000.0
2026-03-31,560070,SH,134862300.0
2026-03-31,560080,SH,2485265000.0
2026-03-31,560090,SH,2785365000.0
2026-03-31,560100,SH,55080300.0
2026-03-31,560110,SH,196903500.0
2026-03-31,560120,SH,811689000.0
2026-03-31,560130,SH,98776200.0
2026-03-31,560150,SH,681279299.9999999
2026-03-31,560160,SH,153706000.0
2026-03-31,560170,SH,353495500.0
2026-03-31,560180,SH,13103000.0
2026-03-31,560190,SH,21334000.0
2026-03-31,560210,SH,738522000.0
2026-03-31,560220,SH,45717000.0
2026-03-31,560230,SH,95889000.0
2026-03-31,560260,SH,1858664700.0
2026-03-31,560270,SH,180439000.0
2026-03-31,560280,SH,1952752000.0
2026-03-31,560290,SH,288694000.0
2026-03-31,560300,SH,28803400.0
2026-03-31,560310,SH,231122000.0
2026-03-31,560330,SH,19130000.0
2026-03-31,560350,SH,1233532100.0
2026-03-31,560360,SH,236345000.0
2026-03-31,560370,SH,117084000.0
2026-03-31,560380,SH,150861000.0
2026-03-31,560390,SH,1724258000.0
2026-03-31,560400,SH,273493000.0
2026-03-31,560500,SH,319339000.0
2026-03-31,560510,SH,2732026900.0
2026-03-31,560520,SH,9751000.0
2026-03-31,560530,SH,2800623700.0
2026-03-31,560550,SH,163597400.0
2026-03-31,560560,SH,80190100.0
2026-03-31,560570,SH,1455541200.0
2026-03-31,560580,SH,261003000.0
2026-03-31,560590,SH,19710000.0
2026-03-31,560610,SH,4462988400.0
2026-03-31,560620,SH,32867000.0
2026-03-31,560630,SH,178394000.0
2026-03-31,560650,SH,9419200.0
2026-03-31,560660,SH,71969000.0
2026-03-31,560680,SH,315725600.0
2026-03-31,560690,SH,20389000.0
2026-03-31,560700,SH,355036900.0
2026-03-31,560710,SH,1667580000.0
2026-03-31,560750,SH,141554800.0
2026-03-31,560770,SH,2074633000.0
2026-03-31,560780,SH,1867496000.0
2026-03-31,560800,SH,481951100.0
2026-03-31,560810,SH,417116000.0
2026-03-31,560820,SH,42926000.0
2026-03-31,560850,SH,92164000.0
2026-03-31,560860,SH,6297233000.0
2026-03-31,560880,SH,375232000.0
2026-03-31,560900,SH,163969100.0
2026-03-31,560950,SH,15483000.0
2026-03-31,560980,SH,618022000.0
2026-03-31,560990,SH,20187100.0
2026-03-31,561000,SH,52420000.0
2026-03-31,561010,SH,218356000.0
2026-03-31,561060,SH,53565000.0
2026-03-31,561080,SH,43250000.0
2026-03-31,561090,SH,212974000.0
2026-03-31,561100,SH,438746900.0
2026-03-31,561120,SH,55159900.0
2026-03-31,561130,SH,117935200.0
2026-03-31,561160,SH,2253835000.0
2026-03-31,561170,SH,353032699.99999994
2026-03-31,561180,SH,51609600.0
2026-03-31,561190,SH,235318000.0
2026-03-31,561200,SH,31470500.0
2026-03-31,561220,SH,59553000.0
2026-03-31,561230,SH,566477800.0
2026-03-31,561260,SH,33695200.0
2026-03-31,561280,SH,102847700.0
2026-03-31,561300,SH,607965000.0
2026-03-31,561310,SH,39916600.0
2026-03-31,561320,SH,63369000.0
2026-03-31,561330,SH,1307696100.0
2026-03-31,561350,SH,76700000.0
2026-03-31,561360,SH,3012148000.0
2026-03-31,561370,SH,22356000.0
2026-03-31,561380,SH,2943413600.0
2026-03-31,561500,SH,62100300.0
2026-03-31,561510,SH,65206000.0
2026-03-31,561550,SH,1171489600.0
2026-03-31,561560,SH,2141624200.0
2026-03-31,561570,SH,145147000.0
2026-03-31,561580,SH,1210870700.0
2026-03-31,561590,SH,41499600.0
2026-03-31,561600,SH,212274000.0
2026-03-31,561660,SH,66710000.0
2026-03-31,561680,SH,80169000.0
2026-03-31,561700,SH,300313600.0
2026-03-31,561750,SH,88496000.0
2026-03-31,561760,SH,370695000.0
2026-03-31,561770,SH,47550000.0
2026-03-31,561780,SH,21355800.0
2026-03-31,561790,SH,59634000.0
2026-03-31,561800,SH,256577200.0
2026-03-31,561870,SH,161765000.0
2026-03-31,561880,SH,98389000.0
2026-03-31,561900,SH,32334400.0
2026-03-31,561910,SH,5191076600.0
2026-03-31,561920,SH,51692000.0
2026-03-31,561930,SH,130260600.0
2026-03-31,561950,SH,112656000.0
2026-03-31,561960,SH,58585200.00000001
2026-03-31,561980,SH,1595110000.0
2026-03-31,561990,SH,418649200.0
2026-03-31,562000,SH,764737899.9999999
2026-03-31,562010,SH,31298700.0
2026-03-31,562030,SH,180973900.0
2026-03-31,562050,SH,102468000.0
2026-03-31,562060,SH,6832792600.0
2026-03-31,562070,SH,669542000.0
2026-03-31,562080,SH,946757200.0
2026-03-31,562300,SH,67495000.0
2026-03-31,562310,SH,678572300.0
2026-03-31,562320,SH,79295500.0
2026-03-31,562330,SH,13018900.000000002
2026-03-31,562340,SH,9144300.0
2026-03-31,562350,SH,68410900.0
2026-03-31,562360,SH,354474000.0
2026-03-31,562380,SH,81628900.0
2026-03-31,562390,SH,83429000.0
2026-03-31,562500,SH,22835687300.0
2026-03-31,562510,SH,730095000.0
2026-03-31,562520,SH,42568000.0
2026-03-31,562530,SH,38144000.0
2026-03-31,562550,SH,997419300.0
2026-03-31,562560,SH,21265500.0
2026-03-31,562570,SH,387281000.0
2026-03-31,562580,SH,33223300.0
2026-03-31,562590,SH,1440663000.0
2026-03-31,562600,SH,581937400.0
2026-03-31,562660,SH,250874000.0
2026-03-31,562700,SH,133750000.0
2026-03-31,562800,SH,6874195000.0
2026-03-31,562810,SH,42951000.0
2026-03-31,562820,SH,80136000.0
2026-03-31,562850,SH,330981500.0
2026-03-31,562860,SH,334895000.0
2026-03-31,562870,SH,448005200.0
2026-03-31,562880,SH,926899600.0
2026-03-31,562890,SH,278051000.0
2026-03-31,562900,SH,175706300.0
2026-03-31,562910,SH,208227300.0
2026-03-31,562920,SH,80069000.0
2026-03-31,562930,SH,1045437000.0
2026-03-31,562950,SH,603258300.0
2026-03-31,562960,SH,670891000.0
2026-03-31,562970,SH,588448000.0
2026-03-31,562990,SH,446756000.0
2026-03-31,563000,SH,2070951100.0
2026-03-31,563010,SH,98189300.0
2026-03-31,563020,SH,6227910000.0
2026-03-31,563030,SH,94169000.0
2026-03-31,563050,SH,130208400.0
2026-03-31,563060,SH,231527000.0
2026-03-31,563080,SH,1228588400.0
2026-03-31,563090,SH,47848000.0
2026-03-31,563150,SH,100399000.0
2026-03-31,563180,SH,117420000.0
2026-03-31,563200,SH,23458800.0
2026-03-31,563210,SH,104067000.0
2026-03-31,563220,SH,7709013700.0
2026-03-31,563230,SH,3201237000.0
2026-03-31,563280,SH,6706600.0
2026-03-31,563300,SH,2521174000.0
2026-03-31,563320,SH,189892000.0
2026-03-31,563330,SH,33360600.0
2026-03-31,563350,SH,221997600.0
2026-03-31,563360,SH,30919987400.000004
2026-03-31,563380,SH,742950000.0
2026-03-31,563390,SH,2723844000.0
2026-03-31,563500,SH,783958700.0
2026-03-31,563510,SH,239537000.0
2026-03-31,563520,SH,397065000.0
2026-03-31,563530,SH,936748000.0
2026-03-31,563550,SH,82559000.0
2026-03-31,563560,SH,289769000.0
2026-03-31,563570,SH,111374000.0
2026-03-31,563580,SH,409648000.0
2026-03-31,563590,SH,91944400.0
2026-03-31,563600,SH,51483000.0
2026-03-31,563620,SH,67049000.0
2026-03-31,563630,SH,37947100.0
2026-03-31,563650,SH,92909000.0
2026-03-31,563660,SH,75085200.0
2026-03-31,563670,SH,204987000.0
2026-03-31,563680,SH,164959000.0
2026-03-31,563690,SH,44882000.0
2026-03-31,563700,SH,414150000.0
2026-03-31,563750,SH,362237000.0
2026-03-31,563760,SH,919913200.0
2026-03-31,563770,SH,30307000.0
2026-03-31,563780,SH,332027100.0
2026-03-31,563790,SH,1046447000.0
2026-03-31,563800,SH,9997978100.0
2026-03-31,563830,SH,153896000.0
2026-03-31,563850,SH,80081700.0
2026-03-31,563860,SH,200844300.0
2026-03-31,563870,SH,113303900.0
2026-03-31,563880,SH,1642996400.0000002
2026-03-31,563890,SH,30336000.0
2026-03-31,563900,SH,495965700.0
2026-03-31,563930,SH,58592000.0
2026-03-31,563960,SH,307512000.0
2026-03-31,563980,SH,225967000.0
2026-03-31,563990,SH,491573000.0
2026-03-31,588000,SH,51788668200.0
2026-03-31,588010,SH,227925800.00000003
2026-03-31,588020,SH,461791000.0
2026-03-31,588030,SH,4373838100.0
2026-03-31,588040,SH,81889000.0
2026-03-31,588050,SH,6445241300.0
2026-03-31,588060,SH,8479140000.0
2026-03-31,588070,SH,32437000.0
2026-03-31,588080,SH,29068628100.0
2026-03-31,588090,SH,3171072800.0000005
2026-03-31,588100,SH,91748700.0
2026-03-31,588110,SH,178758000.0
2026-03-31,588120,SH,690811000.0
2026-03-31,588130,SH,58082600.0
2026-03-31,588140,SH,337751000.0
2026-03-31,588150,SH,534432600.0
2026-03-31,588160,SH,182496000.0
2026-03-31,588170,SH,5113149000.0
2026-03-31,588180,SH,1557353700.0
2026-03-31,588190,SH,2398618300.0
2026-03-31,588200,SH,16851894800.0
2026-03-31,588210,SH,318254000.0
2026-03-31,588220,SH,5906197900.0
2026-03-31,588230,SH,707939000.0
2026-03-31,588240,SH,209633000.0
2026-03-31,588250,SH,247675000.0
2026-03-31,588260,SH,58746000.0
2026-03-31,588270,SH,442410000.0
2026-03-31,588280,SH,400121000.0
2026-03-31,588290,SH,1603897000.0
2026-03-31,588300,SH,1672210500.0
2026-03-31,588310,SH,42637500.0
2026-03-31,588320,SH,29824600.0
2026-03-31,588330,SH,1029737800.0
2026-03-31,588350,SH,914546000.0
2026-03-31,588360,SH,283481800.0
2026-03-31,588370,SH,65772000.0
2026-03-31,588380,SH,2831770000.0
2026-03-31,588390,SH,215935900.0
2026-03-31,588400,SH,1587600600.0
2026-03-31,588410,SH,199250000.0
2026-03-31,588420,SH,355648000.0
2026-03-31,588430,SH,214458000.0
2026-03-31,588450,SH,57568700.0
2026-03-31,588460,SH,700514000.0
2026-03-31,588500,SH,52647000.0
2026-03-31,588520,SH,16957000.0
2026-03-31,588550,SH,83290000.0
2026-03-31,588660,SH,44344000.0
2026-03-31,588670,SH,51792000.0
2026-03-31,588680,SH,53361000.0
2026-03-31,588690,SH,79636000.0
2026-03-31,588700,SH,277836200.0
2026-03-31,588710,SH,914295000.0
2026-03-31,588720,SH,129741800.0
2026-03-31,588730,SH,1042396300.0
2026-03-31,588750,SH,2992228000.0
2026-03-31,588760,SH,3205532000.0
2026-03-31,588770,SH,857597100.0000001
2026-03-31,588780,SH,1103902000.0
2026-03-31,588790,SH,6115384000.0
2026-03-31,588800,SH,1909877000.0
2026-03-31,588810,SH,321324000.0
2026-03-31,588820,SH,232400000.0
2026-03-31,588830,SH,920847900.0
2026-03-31,588840,SH,49236000.0
2026-03-31,588850,SH,44779000.0
2026-03-31,588860,SH,404889400.0
2026-03-31,588870,SH,377552000.0
2026-03-31,588880,SH,129368000.0
2026-03-31,588890,SH,647810000.0
2026-03-31,588900,SH,499783000.0
2026-03-31,588910,SH,133049100.0
2026-03-31,588920,SH,198438000.0
2026-03-31,588930,SH,919329000.0
2026-03-31,588940,SH,388420000.0
2026-03-31,588950,SH,215729700.0
2026-03-31,588960,SH,264579800.0
2026-03-31,588980,SH,19420000.0
2026-03-31,588990,SH,201745400.0
2026-03-31,589000,SH,1043507800.0
2026-03-31,589010,SH,1655793000.0
2026-03-31,589020,SH,398219000.0
2026-03-31,589030,SH,559077000.0
2026-03-31,589050,SH,78968000.0
2026-03-31,589060,SH,112137900.0
2026-03-31,589070,SH,733293000.0
2026-03-31,589080,SH,173061000.0
2026-03-31,589090,SH,236931000.0
2026-03-31,589100,SH,347777000.0
2026-03-31,589110,SH,804413000.0
2026-03-31,589120,SH,626620000.0
2026-03-31,589130,SH,2141780000.0
2026-03-31,589150,SH,101437200.0
2026-03-31,589160,SH,542296000.0
2026-03-31,589170,SH,393909000.0
2026-03-31,589180,SH,14318000.0
2026-03-31,589190,SH,1302781000.0
2026-03-31,589200,SH,37507000.0
2026-03-31,589210,SH,72469000.0
2026-03-31,589220,SH,511495800.0
2026-03-31,589230,SH,558553000.0
2026-03-31,589300,SH,61582500.0
2026-03-31,589380,SH,131694300.0
2026-03-31,589500,SH,110064000.0
2026-03-31,589520,SH,1143104600.0
2026-03-31,589550,SH,31295500.0
2026-03-31,589560,SH,448355000.0
2026-03-31,589580,SH,10354800.0
2026-03-31,589600,SH,293535000.0
2026-03-31,589630,SH,201629000.0
2026-03-31,589660,SH,329530000.0
2026-03-31,589680,SH,649943700.0
2026-03-31,589700,SH,16291000.0
2026-03-31,589720,SH,1418823000.0
2026-03-31,589770,SH,208569200.0
2026-03-31,589780,SH,81215000.0
2026-03-31,589800,SH,1111988200.0
2026-03-31,589820,SH,201720200.0
2026-03-31,589850,SH,508057000.0
2026-03-31,589860,SH,202224000.0
2026-03-31,589880,SH,524996000.0
2026-03-31,589890,SH,314987000.0
2026-03-31,589900,SH,248908200.0
2026-03-31,589950,SH,438873000.0
2026-03-31,589960,SH,159316000.0
2026-03-31,589980,SH,174122000.0
2026-03-31,589990,SH,146090000.0
2026-04-30,510010,SH,137524400.0
2026-04-30,510020,SH,38848000.0
2026-04-30,510030,SH,165229800.0
2026-04-30,510040,SH,26480000.0
2026-04-30,510050,SH,17234766800.0
2026-04-30,510060,SH,37959200.0
2026-04-30,510090,SH,26581100.0
2026-04-30,510100,SH,991406800.0
2026-04-30,510130,SH,32285100.000000004
2026-04-30,510150,SH,3053178600.0
2026-04-30,510160,SH,202057400.00000003
2026-04-30,510170,SH,412914800.00000006
2026-04-30,510180,SH,5521557700.0
2026-04-30,510190,SH,29150800.0
2026-04-30,510200,SH,157385500.0
2026-04-30,510210,SH,6584192600.0
2026-04-30,510230,SH,3247808000.0
2026-04-30,510270,SH,15832100.0
2026-04-30,510290,SH,62448900.0
2026-04-30,510300,SH,38204587700.0
2026-04-30,510310,SH,29693444000.0
2026-04-30,510320,SH,580068500.0
2026-04-30,510330,SH,18551949800.0
2026-04-30,510350,SH,693114700.0
2026-04-30,510360,SH,1604381200.0
2026-04-30,510370,SH,84258100.0
2026-04-30,510380,SH,1257802400.0
2026-04-30,510390,SH,108650000.0
2026-04-30,510410,SH,486258400.0
2026-04-30,510500,SH,7476568600.0
2026-04-30,510510,SH,903038300.0
2026-04-30,510530,SH,50479399.99999999
2026-04-30,510550,SH,23743300.0
2026-04-30,510560,SH,80318700.0
2026-04-30,510570,SH,48060600.00000001
2026-04-30,510580,SH,963768300.0
2026-04-30,510590,SH,150386100.0
2026-04-30,510600,SH,11815100.0
2026-04-30,510630,SH,508361500.0
2026-04-30,510650,SH,10452500.0
2026-04-30,510660,SH,39379700.0
2026-04-30,510670,SH,337993000.0
2026-04-30,510680,SH,20824700.0
2026-04-30,510710,SH,111218900.0
2026-04-30,510720,SH,1821766000.0
2026-04-30,510760,SH,1709503700.0
2026-04-30,510770,SH,20110700.0
2026-04-30,510800,SH,205576000.0
2026-04-30,510810,SH,5910793700.0
2026-04-30,510850,SH,64098900.0
2026-04-30,510880,SH,5614175699.999999
2026-04-30,510900,SH,3891021900.0
2026-04-30,510950,SH,98320800.0
2026-04-30,510980,SH,284798000.0
2026-04-30,510990,SH,40948600.0
2026-04-30,511010,SH,30076300.0
2026-04-30,511020,SH,7037500.0
2026-04-30,511030,SH,357920700.0
2026-04-30,511060,SH,13426300.000000002
2026-04-30,511070,SH,186711000.0
2026-04-30,511090,SH,230138100.0
2026-04-30,511100,SH,103130500.0
2026-04-30,511110,SH,229699600.0
2026-04-30,511120,SH,91740600.0
2026-04-30,511130,SH,145349700.0
2026-04-30,511150,SH,94770900.0
2026-04-30,511160,SH,30370900.0
2026-04-30,511180,SH,890159700.0
2026-04-30,511190,SH,97204300.0
2026-04-30,511200,SH,152627500.0
2026-04-30,511220,SH,4771281400.0
2026-04-30,511260,SH,140426500.0
2026-04-30,511270,SH,66847500.0
2026-04-30,511360,SH,888486600.0
2026-04-30,511380,SH,4241086700.0
2026-04-30,511520,SH,321886500.0
2026-04-30,511580,SH,69166800.0
2026-04-30,512000,SH,68556635400.0
2026-04-30,512010,SH,46349694900.0
2026-04-30,512020,SH,1151012700.0
2026-04-30,512030,SH,40240000.0
2026-04-30,512040,SH,3324715900.0000005
2026-04-30,512050,SH,17245992200.0
2026-04-30,512060,SH,12928000.0
2026-04-30,512070,SH,16517479700.0
2026-04-30,512080,SH,545186100.0
2026-04-30,512090,SH,301592300.0
2026-04-30,512100,SH,4321217600.0
2026-04-30,512120,SH,802241900.0
2026-04-30,512130,SH,17895000.0
2026-04-30,512150,SH,22073400.0
2026-04-30,512160,SH,125777800.0
2026-04-30,512170,SH,82082820500.0
2026-04-30,512180,SH,50048000.0
2026-04-30,512190,SH,132918400.0
2026-04-30,512200,SH,3581847900.0
2026-04-30,512220,SH,163467600.0
2026-04-30,512240,SH,18686000.0
2026-04-30,512250,SH,232100100.0
2026-04-30,512260,SH,23697700.0
2026-04-30,512290,SH,3766820700.0
2026-04-30,512330,SH,389688000.0
2026-04-30,512360,SH,30337700.0
2026-04-30,512370,SH,242313000.0
2026-04-30,512380,SH,75805600.0
2026-04-30,512390,SH,18682000.0
2026-04-30,512400,SH,13219039000.0
2026-04-30,512430,SH,172720000.0
2026-04-30,512450,SH,96867000.0
2026-04-30,512460,SH,160823000.0
2026-04-30,512480,SH,10715003600.000002
2026-04-30,512500,SH,2168808800.0
2026-04-30,512510,SH,451429800.00000006
2026-04-30,512520,SH,45056400.0
2026-04-30,512530,SH,101502000.0
2026-04-30,512550,SH,119906000.0
2026-04-30,512560,SH,970127000.0
2026-04-30,512570,SH,2561806100.0
2026-04-30,512580,SH,646471700.0
2026-04-30,512600,SH,1504956099.9999998
2026-04-30,512620,SH,1199666000.0
2026-04-30,512630,SH,1361426000.0
2026-04-30,512640,SH,23740900.0
2026-04-30,512650,SH,32941600.0
2026-04-30,512660,SH,6995080000.0
2026-04-30,512670,SH,3031652600.0
2026-04-30,512680,SH,3908930100.0
2026-04-30,512690,SH,34634950200.0
2026-04-30,512700,SH,696081000.0
2026-04-30,512710,SH,12247658400.0
2026-04-30,512720,SH,512453400.0
2026-04-30,512730,SH,70583900.0
2026-04-30,512750,SH,50154900.0
2026-04-30,512760,SH,10133445500.0
2026-04-30,512770,SH,104267800.0
2026-04-30,512800,SH,13270479900.0
2026-04-30,512810,SH,939583500.0
2026-04-30,512820,SH,466001900.0
2026-04-30,512870,SH,25410600.0
2026-04-30,512880,SH,49777291500.0
2026-04-30,512890,SH,25556110800.0
2026-04-30,512900,SH,6428906000.0
2026-04-30,512910,SH,150628800.0
2026-04-30,512930,SH,1102130300.0
2026-04-30,512940,SH,1686705000.0
2026-04-30,512950,SH,4042551000.0
2026-04-30,512960,SH,3989257300.0
2026-04-30,512970,SH,9987600.0
2026-04-30,512980,SH,5441924399.999999
2026-04-30,512990,SH,105015400.0
2026-04-30,513000,SH,962411400.0
2026-04-30,513010,SH,48855307000.0
2026-04-30,513020,SH,4342145400.0
2026-04-30,513030,SH,989279000.0
2026-04-30,513040,SH,7582841300.0
2026-04-30,513050,SH,33973432700.0
2026-04-30,513060,SH,10592893300.0
2026-04-30,513070,SH,1602760799.9999998
2026-04-30,513080,SH,618916000.0
2026-04-30,513090,SH,11709488000.0
2026-04-30,513100,SH,9466110600.0
2026-04-30,513110,SH,2120435000.0
2026-04-30,513120,SH,20587635400.0
2026-04-30,513130,SH,77499347000.0
2026-04-30,513140,SH,88368000.0
2026-04-30,513150,SH,119559800.0
2026-04-30,513160,SH,4999189300.0
2026-04-30,513170,SH,197573000.0
2026-04-30,513180,SH,83287759500.0
2026-04-30,513190,SH,1284936000.0
2026-04-30,513200,SH,1346282100.0
2026-04-30,513210,SH,45942000.0
2026-04-30,513220,SH,613109400.0
2026-04-30,513230,SH,486422700.0
2026-04-30,513260,SH,6110243000.0
2026-04-30,513280,SH,404114500.0
2026-04-30,513290,SH,1002572100.0
2026-04-30,513300,SH,5164421000.0
2026-04-30,513310,SH,2187427000.0
2026-04-30,513320,SH,124010600.0
2026-04-30,513330,SH,79165480000.0
2026-04-30,513350,SH,836746000.0
2026-04-30,513360,SH,613213900.0
2026-04-30,513380,SH,21614784900.000004
2026-04-30,513390,SH,1842379100.0
2026-04-30,513400,SH,2095062000.0
2026-04-30,513500,SH,9925638600.0
2026-04-30,513520,SH,1036887200.0
2026-04-30,513530,SH,2159438700.0
2026-04-30,513550,SH,2371992000.0
2026-04-30,513560,SH,672386000.0
2026-04-30,513580,SH,7576118000.0
2026-04-30,513590,SH,171018900.0
2026-04-30,513600,SH,744829500.0
2026-04-30,513630,SH,9788359000.0
2026-04-30,513650,SH,3482734000.0
2026-04-30,513660,SH,2808000200.0
2026-04-30,513690,SH,4409979900.0
2026-04-30,513700,SH,1078846000.0
2026-04-30,513720,SH,173859000.0
2026-04-30,513730,SH,900355000.0
2026-04-30,513750,SH,15129838000.0
2026-04-30,513770,SH,24880137900.0
2026-04-30,513780,SH,1803657000.0
2026-04-30,513800,SH,1023044400.0
2026-04-30,513810,SH,35992000.0
2026-04-30,513820,SH,2398169000.0
2026-04-30,513830,SH,68811000.0
2026-04-30,513850,SH,1163892600.0
2026-04-30,513860,SH,5327470600.000001
2026-04-30,513870,SH,1232671000.0
2026-04-30,513880,SH,1253970000.0
2026-04-30,513890,SH,970128000.0
2026-04-30,513900,SH,111978000.0
2026-04-30,513910,SH,2731276000.0
2026-04-30,513920,SH,3527231000.0
2026-04-30,513930,SH,59908000.0
2026-04-30,513950,SH,2322619000.0
2026-04-30,513970,SH,2452041000.0
2026-04-30,513980,SH,29351204000.0
2026-04-30,513990,SH,80000000.0
2026-04-30,515000,SH,2622579300.0
2026-04-30,515010,SH,1403271600.0
2026-04-30,515020,SH,495345300.0
2026-04-30,515030,SH,2905384000.0
2026-04-30,515050,SH,3729068500.0
2026-04-30,515060,SH,980478100.0
2026-04-30,515070,SH,4327970200.0
2026-04-30,515080,SH,5783148900.0
2026-04-30,515090,SH,6801700.0
2026-04-30,515100,SH,4283441500.0
2026-04-30,515110,SH,228295000.0
2026-04-30,515120,SH,14970993600.000002
2026-04-30,515130,SH,70463200.0
2026-04-30,515150,SH,399703200.0
2026-04-30,515160,SH,265955100.0
2026-04-30,515170,SH,9057257900.0
2026-04-30,515180,SH,9710637000.0
2026-04-30,515190,SH,341466100.0
2026-04-30,515200,SH,43943200.0
2026-04-30,515210,SH,1781726099.9999998
2026-04-30,515220,SH,8339176899.999999
2026-04-30,515230,SH,5760690900.0
2026-04-30,515250,SH,486944500.0
2026-04-30,515260,SH,644568400.0
2026-04-30,515290,SH,3276472900.0
2026-04-30,515300,SH,3943675200.0
2026-04-30,515310,SH,237611200.0
2026-04-30,515320,SH,78309000.0
2026-04-30,515330,SH,5954709500.0
2026-04-30,515350,SH,12599200.0
2026-04-30,515360,SH,37779300.0
2026-04-30,515370,SH,1297713000.0
2026-04-30,515380,SH,650799800.0
2026-04-30,515390,SH,750683000.0
2026-04-30,515400,SH,1517631400.0000002
2026-04-30,515450,SH,12045335000.0
2026-04-30,515460,SH,369091000.0
2026-04-30,515530,SH,11442700.0
2026-04-30,515550,SH,14345700.0
2026-04-30,515560,SH,198883300.00000003
2026-04-30,515580,SH,368031400.0
2026-04-30,515590,SH,36113700.0
2026-04-30,515600,SH,1050797400.0
2026-04-30,515630,SH,694717700.0
2026-04-30,515640,SH,81550000.0
2026-04-30,515650,SH,3191184000.0
2026-04-30,515660,SH,468694200.0
2026-04-30,515680,SH,1110264700.0
2026-04-30,515700,SH,675510200.0
2026-04-30,515710,SH,2477599800.0
2026-04-30,515720,SH,423611000.0
2026-04-30,515730,SH,45892000.0
2026-04-30,515750,SH,352140500.0
2026-04-30,515760,SH,95388100.0
2026-04-30,515770,SH,42727299.99999999
2026-04-30,515790,SH,8937494000.0
2026-04-30,515800,SH,4078937200.0
2026-04-30,515810,SH,368908800.0
2026-04-30,515850,SH,274291000.0
2026-04-30,515860,SH,104878900.0
2026-04-30,515880,SH,17629387000.0
2026-04-30,515890,SH,308443900.0
2026-04-30,515900,SH,2254246500.0
2026-04-30,515910,SH,269507000.0
2026-04-30,515920,SH,76405700.0
2026-04-30,515950,SH,569200600.0
2026-04-30,515960,SH,243991900.0
2026-04-30,515970,SH,846088000.0
2026-04-30,515980,SH,7649129000.0
2026-04-30,515990,SH,58350200.00000001
2026-04-30,516000,SH,329855000.0
2026-04-30,516010,SH,2015693000.0
2026-04-30,516020,SH,5610826200.0
2026-04-30,516050,SH,184228000.0
2026-04-30,516060,SH,301237400.0
2026-04-30,516070,SH,322646000.0
2026-04-30,516080,SH,2263554800.0
2026-04-30,516090,SH,1956844800.0
2026-04-30,516100,SH,1010759700.0
2026-04-30,516110,SH,436623100.0
2026-04-30,516120,SH,7377582000.0
2026-04-30,516130,SH,1454890000.0
2026-04-30,516150,SH,4717577000.0
2026-04-30,516160,SH,2390642000.0
2026-04-30,516180,SH,253987000.0
2026-04-30,516190,SH,97818500.0
2026-04-30,516200,SH,350604000.0
2026-04-30,516210,SH,88631000.0
2026-04-30,516220,SH,400170000.0
2026-04-30,516230,SH,564921000.0
2026-04-30,516250,SH,90878000.0
2026-04-30,516260,SH,47882600.0
2026-04-30,516270,SH,356909000.0
2026-04-30,516290,SH,939196900.0
2026-04-30,516300,SH,25012600.000000004
2026-04-30,516310,SH,1553658500.0
2026-04-30,516320,SH,75589300.0
2026-04-30,516330,SH,7271300.0
2026-04-30,516350,SH,1130415300.0
2026-04-30,516360,SH,61551800.0
2026-04-30,516370,SH,276408000.0
2026-04-30,516380,SH,86449300.0
2026-04-30,516390,SH,194761000.0
2026-04-30,516460,SH,673693000.0
2026-04-30,516500,SH,248937200.0
2026-04-30,516510,SH,1399890000.0
2026-04-30,516520,SH,889765500.0
2026-04-30,516530,SH,17802300.0
2026-04-30,516550,SH,255414400.0
2026-04-30,516560,SH,190258000.0
2026-04-30,516570,SH,1651357600.0
2026-04-30,516580,SH,149124100.0
2026-04-30,516590,SH,58015000.0
2026-04-30,516600,SH,125332100.0
2026-04-30,516610,SH,198974800.0
2026-04-30,516620,SH,180767500.0
2026-04-30,516630,SH,397156000.0
2026-04-30,516640,SH,1004482800.0
2026-04-30,516650,SH,6349464800.0
2026-04-30,516660,SH,163689000.0
2026-04-30,516670,SH,2926266300.0
2026-04-30,516700,SH,107622000.0
2026-04-30,516710,SH,58272000.0
2026-04-30,516720,SH,13837800.0
2026-04-30,516730,SH,96380800.0
2026-04-30,516750,SH,136667300.0
2026-04-30,516760,SH,251215100.0
2026-04-30,516770,SH,291048000.0
2026-04-30,516780,SH,1549049800.0
2026-04-30,516790,SH,168382200.0
2026-04-30,516800,SH,226308000.0
2026-04-30,516810,SH,526478900.0
2026-04-30,516820,SH,4878415200.0
2026-04-30,516830,SH,99676900.0
2026-04-30,516850,SH,150237000.0
2026-04-30,516860,SH,1198522000.0
2026-04-30,516880,SH,1327944100.0
2026-04-30,516890,SH,34311400.0
2026-04-30,516900,SH,343229000.0
2026-04-30,516910,SH,76641800.0
2026-04-30,516920,SH,504463000.0
2026-04-30,516930,SH,113639600.0
2026-04-30,516950,SH,126821000.0
2026-04-30,516960,SH,17051100.0
2026-04-30,516970,SH,1383542500.0
2026-04-30,516980,SH,48016000.0
2026-04-30,517000,SH,157793000.0
2026-04-30,517010,SH,87144200.0
2026-04-30,517030,SH,90040300.0
2026-04-30,517050,SH,359605000.0
2026-04-30,517080,SH,205166000.0
2026-04-30,517090,SH,83075000.0
2026-04-30,517100,SH,170602100.0
2026-04-30,517110,SH,707098500.0
2026-04-30,517120,SH,418966400.0
2026-04-30,517160,SH,1814777500.0
2026-04-30,517170,SH,16131800.0
2026-04-30,517180,SH,105496300.0
2026-04-30,517200,SH,141782000.0
2026-04-30,517300,SH,1923434500.0
2026-04-30,517330,SH,1807169000.0
2026-04-30,517350,SH,73042000.0
2026-04-30,517360,SH,26583000.0
2026-04-30,517380,SH,2166326300.0
2026-04-30,517390,SH,160112600.0
2026-04-30,517400,SH,758792000.0
2026-04-30,517520,SH,5561904000.0
2026-04-30,517550,SH,95417400.0
2026-04-30,517660,SH,43480700.0
2026-04-30,517770,SH,169947800.0
2026-04-30,517800,SH,380539700.0
2026-04-30,517850,SH,40185200.0
2026-04-30,517880,SH,49337100.0
2026-04-30,517900,SH,568993500.0
2026-04-30,517950,SH,87623200.0
2026-04-30,517990,SH,44987900.0
2026-04-30,518600,SH,782416300.0
2026-04-30,518660,SH,971252700.0
2026-04-30,518680,SH,818069500.0
2026-04-30,518800,SH,4002179200.0
2026-04-30,518850,SH,1862778700.0
2026-04-30,518860,SH,508359800.00000006
2026-04-30,518880,SH,11708640800.0
2026-04-30,518890,SH,422654800.00000006
2026-04-30,520500,SH,1556805000.0
2026-04-30,520510,SH,215728000.0
2026-04-30,520520,SH,87606000.0
2026-04-30,520530,SH,261776000.0
2026-04-30,520550,SH,1075524000.0
2026-04-30,520560,SH,772419000.0
2026-04-30,520570,SH,3765876000.0
2026-04-30,520580,SH,284983900.0
2026-04-30,520590,SH,285235000.0
2026-04-30,520600,SH,585368000.0
2026-04-30,520610,SH,359963000.0
2026-04-30,520620,SH,426409000.0
2026-04-30,520630,SH,434110000.0
2026-04-30,520650,SH,1495755000.0
2026-04-30,520660,SH,2445485500.0
2026-04-30,520670,SH,285928100.0
2026-04-30,520680,SH,78369000.0
2026-04-30,520690,SH,545454000.0
2026-04-30,520700,SH,503076000.0
2026-04-30,520720,SH,204942000.0
2026-04-30,520760,SH,231466000.0
2026-04-30,520770,SH,438373800.0
2026-04-30,520780,SH,42460000.0
2026-04-30,520790,SH,297075000.0
2026-04-30,520810,SH,273360000.0
2026-04-30,520820,SH,76682000.0
2026-04-30,520830,SH,1238619000.0
2026-04-30,520840,SH,1477549000.0
2026-04-30,520850,SH,191249600.0
2026-04-30,520860,SH,583195000.0
2026-04-30,520870,SH,498477200.0
2026-04-30,520880,SH,4269618000.0
2026-04-30,520890,SH,88008000.0
2026-04-30,520900,SH,1673175000.0
2026-04-30,520910,SH,792445000.0
2026-04-30,520920,SH,21688019000.0
2026-04-30,520930,SH,125733000.0
2026-04-30,520940,SH,28297000.0
2026-04-30,520950,SH,431421000.0
2026-04-30,520960,SH,91603400.0
2026-04-30,520970,SH,1245358000.0
2026-04-30,520980,SH,5215387000.0
2026-04-30,520990,SH,4823470500.0
2026-04-30,526000,SH,51142000.0
2026-04-30,526010,SH,128458000.0
2026-04-30,526050,SH,181630000.0
2026-04-30,530000,SH,1012029400.0
2026-04-30,530050,SH,140813000.0
2026-04-30,530060,SH,123193000.0
2026-04-30,530080,SH,24917000.0
2026-04-30,530100,SH,152696000.0
2026-04-30,530180,SH,63952000.0
2026-04-30,530280,SH,38934000.0
2026-04-30,530300,SH,37643000.0
2026-04-30,530380,SH,206705000.0
2026-04-30,530530,SH,191460000.0
2026-04-30,530580,SH,61149000.0
2026-04-30,530680,SH,132891900.0
2026-04-30,530800,SH,16201800.0
2026-04-30,530880,SH,44336000.0
2026-04-30,551000,SH,73924100.0
2026-04-30,551030,SH,180390000.0
2026-04-30,551060,SH,82281000.0
2026-04-30,551300,SH,58317500.0
2026-04-30,551500,SH,98670000.0
2026-04-30,551510,SH,103406100.0
2026-04-30,551520,SH,159281600.0
2026-04-30,551550,SH,150778200.0
2026-04-30,551560,SH,167468800.0
2026-04-30,551580,SH,101666800.0
2026-04-30,551800,SH,116621400.0
2026-04-30,551900,SH,140361700.0
2026-04-30,560000,SH,7022900.0
2026-04-30,560010,SH,1286621700.0
2026-04-30,560020,SH,92562000.0
2026-04-30,560030,SH,25432000.0
2026-04-30,560050,SH,2982434400.0
2026-04-30,560060,SH,77090000.0
2026-04-30,560070,SH,131362300.0
2026-04-30,560080,SH,2621765000.0
2026-04-30,560090,SH,2660365000.0
2026-04-30,560100,SH,55080300.0
2026-04-30,560110,SH,166903500.0
2026-04-30,560120,SH,803689000.0
2026-04-30,560130,SH,83776200.00000001
2026-04-30,560150,SH,685279299.9999999
2026-04-30,560160,SH,128706000.0
2026-04-30,560170,SH,285995500.0
2026-04-30,560180,SH,13103000.0
2026-04-30,560190,SH,21834000.0
2026-04-30,560210,SH,675522000.0
2026-04-30,560220,SH,45717000.0
2026-04-30,560230,SH,83889000.0
2026-04-30,560260,SH,1837664700.0
2026-04-30,560270,SH,185439000.0
2026-04-30,560280,SH,2200752000.0
2026-04-30,560290,SH,261694000.0
2026-04-30,560300,SH,25803400.0
2026-04-30,560310,SH,211122000.0
2026-04-30,560330,SH,18130000.0
2026-04-30,560350,SH,1053532100.0
2026-04-30,560360,SH,198345000.0
2026-04-30,560370,SH,114084000.0
2026-04-30,560380,SH,146861000.0
2026-04-30,560390,SH,1605258000.0
2026-04-30,560400,SH,243493000.0
2026-04-30,560410,SH,94786100.0
2026-04-30,560450,SH,473069000.0
2026-04-30,560470,SH,151340000.0
2026-04-30,560500,SH,293339000.0
2026-04-30,560510,SH,2567026900.0
2026-04-30,560520,SH,10751000.0
2026-04-30,560530,SH,2533623700.0
2026-04-30,560550,SH,135597400.0
2026-04-30,560560,SH,77190100.0
2026-04-30,560570,SH,1408541200.0
2026-04-30,560580,SH,262003000.0
2026-04-30,560590,SH,22710000.0
2026-04-30,560610,SH,4267988400.000001
2026-04-30,560620,SH,32867000.0
2026-04-30,560630,SH,161394000.0
2026-04-30,560650,SH,7919200.0
2026-04-30,560660,SH,129938000.0
2026-04-30,560680,SH,303725600.0
2026-04-30,560690,SH,19639000.0
2026-04-30,560700,SH,357036900.0
2026-04-30,560710,SH,1242580000.0
2026-04-30,560750,SH,96554800.0
2026-04-30,560770,SH,1960633000.0
2026-04-30,560780,SH,1729496000.0
2026-04-30,560800,SH,401951100.0
2026-04-30,560810,SH,235116000.0
2026-04-30,560820,SH,40926000.0
2026-04-30,560850,SH,90164000.0
2026-04-30,560860,SH,5489233000.0
2026-04-30,560880,SH,306232000.0
2026-04-30,560900,SH,178969100.0
2026-04-30,560950,SH,11483000.0
2026-04-30,560980,SH,483022000.0
2026-04-30,560990,SH,18187100.0
2026-04-30,561000,SH,52420000.0
2026-04-30,561010,SH,220356000.0
2026-04-30,561060,SH,55565000.0
2026-04-30,561080,SH,37250000.0
2026-04-30,561090,SH,197974000.0
2026-04-30,561100,SH,440746900.0
2026-04-30,561120,SH,47659900.0
2026-04-30,561130,SH,113935200.0
2026-04-30,561160,SH,2328835000.0
2026-04-30,561170,SH,309532700.0
2026-04-30,561180,SH,49609600.0
2026-04-30,561190,SH,217318000.0
2026-04-30,561200,SH,31470500.0
2026-04-30,561220,SH,35553000.0
2026-04-30,561230,SH,530477800.0
2026-04-30,561260,SH,29895200.0
2026-04-30,561280,SH,93847700.0
2026-04-30,561300,SH,532965000.0
2026-04-30,561310,SH,35916600.0
2026-04-30,561320,SH,62369000.0
2026-04-30,561330,SH,1149696100.0
2026-04-30,561350,SH,76700000.0
2026-04-30,561360,SH,2032148000.0
2026-04-30,561370,SH,20356000.0
2026-04-30,561380,SH,3299413600.0
2026-04-30,561500,SH,65100300.0
2026-04-30,561510,SH,63206000.0
2026-04-30,561550,SH,1087489600.0
2026-04-30,561560,SH,2269624200.0
2026-04-30,561570,SH,110147000.0
2026-04-30,561580,SH,1604370700.0
2026-04-30,561590,SH,36499600.0
2026-04-30,561600,SH,148274000.0
2026-04-30,561660,SH,66710000.0
2026-04-30,561680,SH,74169000.0
2026-04-30,561700,SH,285313600.0
2026-04-30,561750,SH,73496000.0
2026-04-30,561760,SH,262695000.0
2026-04-30,561770,SH,43550000.0
2026-04-30,561780,SH,11355800.0
2026-04-30,561790,SH,60834000.0
2026-04-30,561800,SH,205077200.0
2026-04-30,561870,SH,156765000.0
2026-04-30,561880,SH,88389000.0
2026-04-30,561900,SH,29334400.0
2026-04-30,561910,SH,4851076600.0
2026-04-30,561920,SH,42692000.0
2026-04-30,561930,SH,118260600.0
2026-04-30,561950,SH,108156000.0
2026-04-30,561960,SH,56385200.00000001
2026-04-30,561980,SH,1339110000.0
2026-04-30,561990,SH,403649200.0
2026-04-30,562000,SH,716737899.9999999
2026-04-30,562010,SH,24298700.0
2026-04-30,562030,SH,162973900.0
2026-04-30,562050,SH,97468000.0
2026-04-30,562060,SH,7115792600.0
2026-04-30,562070,SH,480542000.0
2026-04-30,562080,SH,838757200.0
2026-04-30,562300,SH,66495000.0
2026-04-30,562310,SH,584572300.0
2026-04-30,562320,SH,76295500.0
2026-04-30,562330,SH,12018900.000000002
2026-04-30,562340,SH,8144299.999999999
2026-04-30,562350,SH,78410900.0
2026-04-30,562360,SH,328474000.0
2026-04-30,562380,SH,79628900.0
2026-04-30,562390,SH,85429000.0
2026-04-30,562500,SH,20312687300.0
2026-04-30,562510,SH,939095000.0
2026-04-30,562520,SH,40568000.0
2026-04-30,562530,SH,37144000.0
2026-04-30,562550,SH,1061419300.0
2026-04-30,562560,SH,22765500.0
2026-04-30,562570,SH,383281000.0
2026-04-30,562580,SH,31723300.0
2026-04-30,562590,SH,1361663000.0
2026-04-30,562600,SH,521937400.0
2026-04-30,562660,SH,236874000.0
2026-04-30,562700,SH,129750000.0
2026-04-30,562800,SH,6769345000.0
2026-04-30,562810,SH,32951000.0
2026-04-30,562820,SH,64136000.0
2026-04-30,562850,SH,303981500.0
2026-04-30,562860,SH,320895000.0
2026-04-30,562870,SH,463505200.0
2026-04-30,562880,SH,1024399600.0
2026-04-30,562890,SH,275051000.0
2026-04-30,562900,SH,199706300.0
2026-04-30,562910,SH,204227300.0
2026-04-30,562920,SH,84069000.0
2026-04-30,562930,SH,1044437000.0
2026-04-30,562950,SH,567258300.0
2026-04-30,562960,SH,978391000.0
2026-04-30,562970,SH,500448000.0
2026-04-30,562990,SH,416756000.0
2026-04-30,563000,SH,1875951100.0
2026-04-30,563010,SH,85189300.0
2026-04-30,563020,SH,7323910000.0
2026-04-30,563030,SH,98669000.0
2026-04-30,563050,SH,113208400.0
2026-04-30,563060,SH,221527000.0
2026-04-30,563080,SH,1188588400.0
2026-04-30,563090,SH,45848000.0
2026-04-30,563150,SH,61399000.0
2026-04-30,563180,SH,117420000.0
2026-04-30,563200,SH,19458800.0
2026-04-30,563210,SH,78067000.0
2026-04-30,563220,SH,6497013700.0
2026-04-30,563230,SH,3713237000.0
2026-04-30,563280,SH,6706600.0
2026-04-30,563300,SH,2731174000.0
2026-04-30,563320,SH,192892000.0
2026-04-30,563330,SH,30760600.0
2026-04-30,563350,SH,193997600.0
2026-04-30,563360,SH,25681987400.000004
2026-04-30,563380,SH,741950000.0
2026-04-30,563390,SH,2818344000.0
2026-04-30,563500,SH,591958700.0
2026-04-30,563510,SH,256537000.0
2026-04-30,563520,SH,367065000.0
2026-04-30,563530,SH,1078748000.0
2026-04-30,563550,SH,70559000.0
2026-04-30,563560,SH,109769000.0
2026-04-30,563570,SH,112374000.0
2026-04-30,563580,SH,355648000.0
2026-04-30,563590,SH,85944400.0
2026-04-30,563600,SH,45483000.0
2026-04-30,563620,SH,67049000.0
2026-04-30,563630,SH,35947100.0
2026-04-30,563650,SH,89909000.0
2026-04-30,563660,SH,72085200.0
2026-04-30,563670,SH,196987000.0
2026-04-30,563680,SH,146959000.0
2026-04-30,563690,SH,42882000.0
2026-04-30,563700,SH,393150000.0
2026-04-30,563750,SH,384737000.0
2026-04-30,563760,SH,961913200.0
2026-04-30,563770,SH,30307000.0
2026-04-30,563780,SH,454027100.0
2026-04-30,563790,SH,952447000.0
2026-04-30,563800,SH,8692978100.0
2026-04-30,563830,SH,158896000.0
2026-04-30,563850,SH,63881700.0
2026-04-30,563860,SH,197844300.0
2026-04-30,563870,SH,111303900.0
2026-04-30,563880,SH,1120996400.0
2026-04-30,563890,SH,27836000.0
2026-04-30,563900,SH,544965700.0
2026-04-30,563930,SH,37592000.0
2026-04-30,563960,SH,277512000.0
2026-04-30,563980,SH,214967000.0
2026-04-30,563990,SH,537573000.0
2026-04-30,588000,SH,41927668200.0
2026-04-30,588010,SH,205425800.00000003
2026-04-30,588020,SH,421791000.0
2026-04-30,588030,SH,3536838100.0
2026-04-30,588040,SH,65889000.0
2026-04-30,588050,SH,5947241300.0
2026-04-30,588060,SH,7327140000.0
2026-04-30,588070,SH,30437000.0
2026-04-30,588080,SH,24571628100.0
2026-04-30,588090,SH,2814072800.0000005
2026-04-30,588100,SH,81248700.0
2026-04-30,588110,SH,163758000.0
2026-04-30,588120,SH,687811000.0
2026-04-30,588130,SH,71582600.0
2026-04-30,588140,SH,292751000.0
2026-04-30,588150,SH,478432600.0
2026-04-30,588160,SH,162996000.0
2026-04-30,588170,SH,4335149000.0
2026-04-30,588180,SH,1270353700.0
2026-04-30,588190,SH,2053618300.0
2026-04-30,588200,SH,13986894800.0
2026-04-30,588210,SH,270754000.0
2026-04-30,588220,SH,5206197900.0
2026-04-30,588230,SH,758939000.0
2026-04-30,588240,SH,146633000.0
2026-04-30,588250,SH,233675000.0
2026-04-30,588260,SH,52746000.0
2026-04-30,588270,SH,373410000.0
2026-04-30,588280,SH,320121000.0
2026-04-30,588290,SH,1343897000.0
2026-04-30,588300,SH,1372210500.0
2026-04-30,588310,SH,35437500.0
2026-04-30,588320,SH,26824600.0
2026-04-30,588330,SH,877737800.0
2026-04-30,588350,SH,798546000.0
2026-04-30,588360,SH,230281800.0
2026-04-30,588370,SH,60772000.0
2026-04-30,588380,SH,2240770000.0
2026-04-30,588390,SH,164935900.0
2026-04-30,588400,SH,1329600600.0
2026-04-30,588410,SH,113250000.0
2026-04-30,588420,SH,201648000.0
2026-04-30,588430,SH,132458000.0
2026-04-30,588450,SH,57568700.0
2026-04-30,588460,SH,777014000.0
2026-04-30,588500,SH,43647000.0
2026-04-30,588520,SH,12957000.0
2026-04-30,588550,SH,63290000.0
2026-04-30,588660,SH,36344000.0
2026-04-30,588670,SH,45792000.0
2026-04-30,588680,SH,47361000.0
2026-04-30,588690,SH,71636000.0
2026-04-30,588700,SH,295336200.0
2026-04-30,588710,SH,750295000.0
2026-04-30,588720,SH,119741800.0
2026-04-30,588730,SH,901396300.0
2026-04-30,588750,SH,2557228000.0
2026-04-30,588760,SH,2851532000.0
2026-04-30,588770,SH,605597100.0
2026-04-30,588780,SH,879902000.0
2026-04-30,588790,SH,4663384000.0
2026-04-30,588800,SH,1772377000.0
2026-04-30,588810,SH,258324000.0
2026-04-30,588820,SH,196400000.0
2026-04-30,588830,SH,759847899.9999999
2026-04-30,588840,SH,37236000.0
2026-04-30,588850,SH,36779000.0
2026-04-30,588860,SH,384889400.0
2026-04-30,588870,SH,278552000.0
2026-04-30,588880,SH,114368000.0
2026-04-30,588890,SH,626810000.0
2026-04-30,588900,SH,406783000.0
2026-04-30,588910,SH,124049100.0
2026-04-30,588920,SH,130938000.0
2026-04-30,588930,SH,747329000.0
2026-04-30,588940,SH,343420000.0
2026-04-30,588950,SH,191729700.0
2026-04-30,588960,SH,235579800.0
2026-04-30,588980,SH,16920000.0
2026-04-30,588990,SH,165745400.0
2026-04-30,589000,SH,919507800.0
2026-04-30,589010,SH,1493793000.0
2026-04-30,589020,SH,316219000.0
2026-04-30,589030,SH,292077000.0
2026-04-30,589050,SH,62968000.0
2026-04-30,589060,SH,87137900.00000001
2026-04-30,589070,SH,389293000.0
2026-04-30,589080,SH,163061000.0
2026-04-30,589090,SH,219431000.0
2026-04-30,589100,SH,296777000.0
2026-04-30,589110,SH,753413000.0
2026-04-30,589120,SH,585620000.0
2026-04-30,589130,SH,2066780000.0
2026-04-30,589150,SH,65437200.0
2026-04-30,589160,SH,254296000.0
2026-04-30,589170,SH,162909000.0
2026-04-30,589180,SH,11318000.0
2026-04-30,589190,SH,1005781000.0
2026-04-30,589200,SH,31507000.0
2026-04-30,589210,SH,44469000.0
2026-04-30,589220,SH,595495800.0
2026-04-30,589230,SH,481053000.0
2026-04-30,589250,SH,107101300.0
2026-04-30,589260,SH,55156000.0
2026-04-30,589270,SH,78516600.0
2026-04-30,589300,SH,53582500.0
2026-04-30,589380,SH,125694300.0
2026-04-30,589500,SH,105064000.0
2026-04-30,589520,SH,1005104600.0
2026-04-30,589550,SH,28295500.0
2026-04-30,589560,SH,376355000.0
2026-04-30,589580,SH,10354800.0
2026-04-30,589600,SH,261535000.0
2026-04-30,589630,SH,192629000.0
2026-04-30,589660,SH,309530000.0
2026-04-30,589680,SH,519943700.0
2026-04-30,589700,SH,14291000.0
2026-04-30,589720,SH,1634823000.0
2026-04-30,589770,SH,188569200.0
2026-04-30,589780,SH,69215000.0
2026-04-30,589800,SH,1035988200.0
2026-04-30,589820,SH,174720200.0
2026-04-30,589850,SH,331057000.0
2026-04-30,589860,SH,186224000.0
2026-04-30,589880,SH,459996000.0
2026-04-30,589890,SH,99987000.0
2026-04-30,589900,SH,203908200.0
2026-04-30,589950,SH,363873000.0
2026-04-30,589960,SH,144316000.0
2026-04-30,589980,SH,147122000.0
2026-04-30,589990,SH,130090000.0
2026-06-30,510010,SH,132524400.0
2026-06-30,510020,SH,35848000.0
2026-06-30,510030,SH,163729800.0
2026-06-30,510040,SH,34480000.0
2026-06-30,510050,SH,6392466800.000001
2026-06-30,510060,SH,36959200.0
2026-06-30,510090,SH,25581100.0
2026-06-30,510100,SH,1087706800.0
2026-06-30,510130,SH,31885100.000000004
2026-06-30,510150,SH,2973178600.0
2026-06-30,510160,SH,194057400.00000003
2026-06-30,510170,SH,364914800.00000006
2026-06-30,510180,SH,4470057700.0
2026-06-30,510190,SH,25150800.0
2026-06-30,510200,SH,157885500.0
2026-06-30,510210,SH,8507192600.0
2026-06-30,510230,SH,920808000.0
2026-06-30,510270,SH,17832100.0
2026-06-30,510290,SH,54448900.0
2026-06-30,510300,SH,18914887700.0
2026-06-30,510310,SH,11600744000.0
2026-06-30,510320,SH,676068500.0
2026-06-30,510330,SH,7489149800.0
2026-06-30,510350,SH,679614700.0
2026-06-30,510360,SH,1514381200.0
2026-06-30,510370,SH,78258100.0
2026-06-30,510380,SH,1242802400.0
2026-06-30,510390,SH,118550000.0
2026-06-30,510410,SH,421258400.0
2026-06-30,510500,SH,4148568600.0
2026-06-30,510510,SH,787038300.0
2026-06-30,510530,SH,44979399.99999999
2026-06-30,510550,SH,21743300.0
2026-06-30,510560,SH,62318700.0
2026-06-30,510570,SH,28060600.0
2026-06-30,510580,SH,917368300.0
2026-06-30,510590,SH,138786100.0
2026-06-30,510600,SH,11815100.0
2026-06-30,510630,SH,534361500.0
2026-06-30,510650,SH,11952500.0
2026-06-30,510660,SH,54379700.0
2026-06-30,510670,SH,200493000.0
2026-06-30,510680,SH,17824700.0
2026-06-30,510710,SH,103118900.0
2026-06-30,510720,SH,3692766000.0
2026-06-30,510760,SH,2042503700.0
2026-06-30,510770,SH,23110700.0
2026-06-30,510800,SH,183576000.0
2026-06-30,510810,SH,6064193700.0
2026-06-30,510850,SH,64098900.0
2026-06-30,510880,SH,7654175699.999999
2026-06-30,510900,SH,3453021900.0
2026-06-30,510910,SH,99796000.0
2026-06-30,510950,SH,99220800.0
2026-06-30,510980,SH,479798000.0
2026-06-30,510990,SH,38948600.0
2026-06-30,511010,SH,36356300.0
2026-06-30,511020,SH,29387500.0
2026-06-30,511030,SH,381550700.0
2026-06-30,511060,SH,16236300.000000002
2026-06-30,511070,SH,261011000.0
2026-06-30,511090,SH,258228100.0
2026-06-30,511100,SH,116340500.0
2026-06-30,511110,SH,269299600.0
2026-06-30,511120,SH,113670600.0
2026-06-30,511130,SH,172589700.0
2026-06-30,511150,SH,113590900.0
2026-06-30,511160,SH,29950900.0
2026-06-30,511180,SH,923459700.0
2026-06-30,511190,SH,122494300.0
2026-06-30,511200,SH,197217500.0
2026-06-30,511220,SH,5277781400.0
2026-06-30,511260,SH,145186500.0
2026-06-30,511270,SH,86267500.0
2026-06-30,511360,SH,709784600.0000001
2026-06-30,511380,SH,4320886700.0
2026-06-30,511520,SH,358276500.0
2026-06-30,511580,SH,112110800.0
2026-06-30,512000,SH,71054435400.0
2026-06-30,512010,SH,49106694900.0
2026-06-30,512020,SH,941012700.0
2026-06-30,512030,SH,43240000.0
2026-06-30,512040,SH,4159715900.000001
2026-06-30,512050,SH,13255992200.0
2026-06-30,512060,SH,8928000.0
2026-06-30,512070,SH,17597479700.0
2026-06-30,512080,SH,596186100.0
2026-06-30,512090,SH,327592300.0
2026-06-30,512100,SH,3077217600.0
2026-06-30,512120,SH,850241900.0
2026-06-30,512130,SH,13895000.0
2026-06-30,512140,SH,161049000.0
2026-06-30,512150,SH,19073400.0
2026-06-30,512160,SH,121777800.0
2026-06-30,512170,SH,83680820500.0
2026-06-30,512180,SH,48048000.0
2026-06-30,512190,SH,151118400.0
2026-06-30,512200,SH,2658097900.0
2026-06-30,512220,SH,187467600.0
2026-06-30,512240,SH,17186000.0
2026-06-30,512250,SH,131600100.0
2026-06-30,512260,SH,22097700.0
2026-06-30,512290,SH,3876820700.0
2026-06-30,512330,SH,356688000.0
2026-06-30,512360,SH,27337700.0
2026-06-30,512370,SH,329313000.0
2026-06-30,512380,SH,72805600.0
2026-06-30,512390,SH,18682000.0
2026-06-30,512400,SH,12162039000.0
2026-06-30,512430,SH,31720000.0
2026-06-30,512450,SH,111367000.0
2026-06-30,512460,SH,155823000.0
2026-06-30,512480,SH,8505003600.0
2026-06-30,512500,SH,1559208800.0
2026-06-30,512510,SH,397429800.00000006
2026-06-30,512520,SH,42056400.0
2026-06-30,512530,SH,102502000.0
2026-06-30,512550,SH,109906000.0
2026-06-30,512560,SH,782127000.0
2026-06-30,512570,SH,3364806100.0
2026-06-30,512580,SH,583471700.0
2026-06-30,512600,SH,1538756099.9999998
2026-06-30,512620,SH,1167666000.0
2026-06-30,512630,SH,1493426000.0
2026-06-30,512640,SH,24240900.0
2026-06-30,512650,SH,36941600.0
2026-06-30,512660,SH,5270080000.0
2026-06-30,512670,SH,1924652600.0
2026-06-30,512680,SH,3340130100.0
2026-06-30,512690,SH,34449550200.0
2026-06-30,512700,SH,777581000.0
2026-06-30,512710,SH,11231658400.0
2026-06-30,512720,SH,391453400.0
2026-06-30,512730,SH,71583900.0
2026-06-30,512750,SH,47454900.0
2026-06-30,512760,SH,8645445500.0
2026-06-30,512770,SH,99767800.0
2026-06-30,512800,SH,14423679900.0
2026-06-30,512810,SH,945583500.0
2026-06-30,512820,SH,450701900.0
2026-06-30,512870,SH,21410600.0
2026-06-30,512880,SH,52787291500.0
2026-06-30,512890,SH,29331110800.0
2026-06-30,512900,SH,7170906000.0
2026-06-30,512910,SH,131128800.0
2026-06-30,512930,SH,4216521300.0
2026-06-30,512940,SH,2187705000.0
2026-06-30,512950,SH,4046551000.0
2026-06-30,512960,SH,3858457300.0
2026-06-30,512970,SH,9987600.0
2026-06-30,512980,SH,4205924400.0
2026-06-30,512990,SH,99015400.0
2026-06-30,513000,SH,981411400.0
2026-06-30,513010,SH,45444307000.0
2026-06-30,513020,SH,2708145400.0
2026-06-30,513030,SH,1014779000.0
2026-06-30,513040,SH,5823341300.0
2026-06-30,513050,SH,33554432700.0
2026-06-30,513060,SH,11235393300.0
2026-06-30,513070,SH,1237760800.0
2026-06-30,513080,SH,634916000.0
2026-06-30,513090,SH,10577488000.0
2026-06-30,513100,SH,9465110600.0
2026-06-30,513110,SH,2158435000.0
2026-06-30,513120,SH,22608635400.0
2026-06-30,513130,SH,65292347000.0
2026-06-30,513140,SH,83868000.0
2026-06-30,513150,SH,117059800.0
2026-06-30,513160,SH,3482189300.0
2026-06-30,513170,SH,208573000.0
2026-06-30,513180,SH,72848759500.0
2026-06-30,513190,SH,993936000.0
2026-06-30,513200,SH,1044282100.0
2026-06-30,513210,SH,42942000.0
2026-06-30,513220,SH,561109400.0
2026-06-30,513230,SH,312422700.0
2026-06-30,513240,SH,79496000.0
2026-06-30,513260,SH,5331243000.0
2026-06-30,513280,SH,418114500.0
2026-06-30,513290,SH,945572100.0
2026-06-30,513300,SH,5192921000.0
2026-06-30,513310,SH,2298427000.0
2026-06-30,513320,SH,111010600.0
2026-06-30,513330,SH,72437480000.0
2026-06-30,513350,SH,803746000.0
2026-06-30,513360,SH,659713900.0
2026-06-30,513380,SH,19141784900.0
2026-06-30,513390,SH,1842379100.0
2026-06-30,513400,SH,2282062000.0
2026-06-30,513500,SH,9931638600.0
2026-06-30,513520,SH,1055887200.0
2026-06-30,513530,SH,2603938700.0
2026-06-30,513550,SH,1606992000.0
2026-06-30,513560,SH,564386000.0
2026-06-30,513580,SH,6727118000.0
2026-06-30,513590,SH,134718900.0
2026-06-30,513600,SH,603829500.0
2026-06-30,513620,SH,171216000.0
2026-06-30,513630,SH,7591359000.0
2026-06-30,513650,SH,4181734000.0
2026-06-30,513660,SH,2242000200.0
2026-06-30,513690,SH,3542979900.0
2026-06-30,513700,SH,949846000.0
2026-06-30,513720,SH,238859000.0
2026-06-30,513730,SH,886355000.0
2026-06-30,513750,SH,9566338000.0
2026-06-30,513770,SH,14523137900.0
2026-06-30,513780,SH,1772657000.0
2026-06-30,513800,SH,1056644400.0
2026-06-30,513810,SH,36992000.0
2026-06-30,513820,SH,1855669000.0
2026-06-30,513830,SH,57311000.0
2026-06-30,513850,SH,1200892600.0
2026-06-30,513860,SH,4222470600.0
2026-06-30,513870,SH,1261671000.0
2026-06-30,513880,SH,1272970000.0
2026-06-30,513890,SH,924128000.0
2026-06-30,513900,SH,122978000.0
2026-06-30,513910,SH,2100276000.0
2026-06-30,513920,SH,2609231000.0
2026-06-30,513930,SH,83408000.0
2026-06-30,513950,SH,2011619000.0
2026-06-30,513970,SH,1524041000.0
2026-06-30,513980,SH,23414204000.0
2026-06-30,513990,SH,67000000.0
2026-06-30,515000,SH,2376579300.0
2026-06-30,515010,SH,1871271600.0
2026-06-30,515020,SH,396345300.0
2026-06-30,515030,SH,1659384000.0
2026-06-30,515050,SH,17915205400.0
2026-06-30,515060,SH,883478100.0
2026-06-30,515070,SH,3645470200.0
2026-06-30,515080,SH,8198148900.0
2026-06-30,515090,SH,7801700.0
2026-06-30,515100,SH,4252441500.0
2026-06-30,515110,SH,223295000.0
2026-06-30,515120,SH,17340993600.0
2026-06-30,515130,SH,76463200.0
2026-06-30,515150,SH,398703200.0
2026-06-30,515160,SH,245955100.0
2026-06-30,515170,SH,9048257900.0
2026-06-30,515180,SH,12254637000.0
2026-06-30,515190,SH,267466100.0
2026-06-30,515200,SH,40943200.0
2026-06-30,515210,SH,915726100.0
2026-06-30,515220,SH,10578676900.0
2026-06-30,515230,SH,6986690900.0
2026-06-30,515250,SH,375944500.0
2026-06-30,515260,SH,958568400.0
2026-06-30,515290,SH,2814772900.0
2026-06-30,515300,SH,3929675200.0
2026-06-30,515310,SH,230611200.0
2026-06-30,515320,SH,79309000.0
2026-06-30,515330,SH,5384709500.0
2026-06-30,515350,SH,10799200.0
2026-06-30,515360,SH,38279300.0
2026-06-30,515370,SH,957713000.0
2026-06-30,515380,SH,639999800.0
2026-06-30,515390,SH,1398683000.0
2026-06-30,515400,SH,1418631400.0000002
2026-06-30,515450,SH,13735335000.0
2026-06-30,515460,SH,306091000.0
2026-06-30,515530,SH,12242700.0
2026-06-30,515550,SH,16345700.0
2026-06-30,515560,SH,191883300.00000003
2026-06-30,515580,SH,310031400.0
2026-06-30,515590,SH,34113700.0
2026-06-30,515600,SH,1034797400.0
2026-06-30,515630,SH,690717700.0
2026-06-30,515640,SH,17050000.0
2026-06-30,515650,SH,3067184000.0
2026-06-30,515660,SH,458794200.0
2026-06-30,515680,SH,1100264700.0
2026-06-30,515700,SH,636510200.0
2026-06-30,515710,SH,2468599800.0
2026-06-30,515720,SH,413611000.0
2026-06-30,515730,SH,39892000.0
2026-06-30,515750,SH,301140500.0
2026-06-30,515760,SH,97888100.0
2026-06-30,515770,SH,36727300.0
2026-06-30,515790,SH,6761494000.0
2026-06-30,515800,SH,3021437199.9999995
2026-06-30,515810,SH,257908800.0
2026-06-30,515850,SH,405791000.0
2026-06-30,515860,SH,107878900.0
2026-06-30,515880,SH,32882887000.0
2026-06-30,515890,SH,346443900.0
2026-06-30,515900,SH,2226046500.0
2026-06-30,515910,SH,242507000.0
2026-06-30,515920,SH,61405700.0
2026-06-30,515950,SH,605200600.0
2026-06-30,515960,SH,260991900.0
2026-06-30,515970,SH,920088000.0
2026-06-30,515980,SH,5603129000.0
2026-06-30,515990,SH,55350200.00000001
2026-06-30,516000,SH,340855000.0
2026-06-30,516010,SH,2128693000.0
2026-06-30,516020,SH,3722326200.0
2026-06-30,516050,SH,152228000.0
2026-06-30,516060,SH,331237400.0
2026-06-30,516070,SH,293646000.0
2026-06-30,516080,SH,3381554800.0
2026-06-30,516090,SH,1888844800.0
2026-06-30,516100,SH,1054759700.0
2026-06-30,516110,SH,197623100.0
2026-06-30,516120,SH,5398082000.0
2026-06-30,516130,SH,1527890000.0
2026-06-30,516150,SH,3821077000.0
2026-06-30,516160,SH,1578642000.0
2026-06-30,516180,SH,165987000.0
2026-06-30,516190,SH,95818500.0
2026-06-30,516200,SH,372604000.0
2026-06-30,516210,SH,84131000.0
2026-06-30,516220,SH,309170000.0
2026-06-30,516230,SH,732921000.0
2026-06-30,516250,SH,96878000.0
2026-06-30,516260,SH,45882600.0
2026-06-30,516270,SH,313409000.0
2026-06-30,516290,SH,735196900.0
2026-06-30,516300,SH,23012600.000000004
2026-06-30,516310,SH,1760058500.0
2026-06-30,516320,SH,80589300.0
2026-06-30,516330,SH,4871300.0
2026-06-30,516350,SH,1254415300.0
2026-06-30,516360,SH,58551800.0
2026-06-30,516370,SH,310408000.0
2026-06-30,516380,SH,78449300.0
2026-06-30,516390,SH,172261000.0
2026-06-30,516460,SH,446693000.0
2026-06-30,516500,SH,291937200.0
2026-06-30,516510,SH,1404890000.0
2026-06-30,516520,SH,863765500.0
2026-06-30,516530,SH,18302300.0
2026-06-30,516550,SH,246414400.0
2026-06-30,516560,SH,216258000.0
2026-06-30,516570,SH,1179357600.0
2026-06-30,516580,SH,142124100.0
2026-06-30,516590,SH,50015000.0
2026-06-30,516600,SH,116332100.0
2026-06-30,516610,SH,216974800.0
2026-06-30,516620,SH,166267500.0
2026-06-30,516630,SH,523156000.0
2026-06-30,516640,SH,1186482800.0
2026-06-30,516650,SH,5342464800.0
2026-06-30,516660,SH,158689000.0
2026-06-30,516670,SH,2977266300.0
2026-06-30,516700,SH,147622000.0
2026-06-30,516710,SH,76272000.0
2026-06-30,516720,SH,12337800.0
2026-06-30,516730,SH,165380800.00000003
2026-06-30,516750,SH,130667300.0
2026-06-30,516760,SH,297215100.0
2026-06-30,516770,SH,331048000.0
2026-06-30,516780,SH,2278599700.0
2026-06-30,516790,SH,177482200.0
2026-06-30,516800,SH,202308000.0
2026-06-30,516810,SH,524478900.0
2026-06-30,516820,SH,5522415200.0
2026-06-30,516830,SH,87176900.0
2026-06-30,516840,SH,129277000.0
2026-06-30,516850,SH,144237000.0
2026-06-30,516860,SH,1166522000.0
2026-06-30,516880,SH,991944100.0
2026-06-30,516890,SH,29311400.0
2026-06-30,516900,SH,350729000.0
2026-06-30,516910,SH,58641800.0
2026-06-30,516920,SH,466963000.0
2026-06-30,516930,SH,113639600.0
2026-06-30,516950,SH,119821000.0
2026-06-30,516960,SH,13051099.999999998
2026-06-30,516970,SH,1114042500.0
2026-06-30,516980,SH,68516000.0
2026-06-30,517000,SH,132793000.0
2026-06-30,517010,SH,87144200.0
2026-06-30,517030,SH,87040300.0
2026-06-30,517050,SH,349605000.0
2026-06-30,517080,SH,185166000.0
2026-06-30,517090,SH,64075000.0
2026-06-30,517100,SH,157102100.0
2026-06-30,517110,SH,968098500.0
2026-06-30,517120,SH,526966400.0
2026-06-30,517130,SH,251154000.0
2026-06-30,517160,SH,1824777500.0
2026-06-30,517170,SH,16131800.0
2026-06-30,517180,SH,101496300.0
2026-06-30,517200,SH,142782000.0
2026-06-30,517300,SH,1260434500.0
2026-06-30,517330,SH,1806169000.0
2026-06-30,517350,SH,50542000.0
2026-06-30,517360,SH,25083000.0
2026-06-30,517380,SH,2322326300.0
2026-06-30,517390,SH,134112600.0
2026-06-30,517400,SH,771792000.0
2026-06-30,517520,SH,4734404000.0
2026-06-30,517550,SH,89417400.0
2026-06-30,517660,SH,44680700.0
2026-06-30,517770,SH,153947800.0
2026-06-30,517800,SH,232539700.0
2026-06-30,517850,SH,38185200.0
2026-06-30,517880,SH,53337100.0
2026-06-30,517900,SH,479993500.0
2026-06-30,517950,SH,59123200.0
2026-06-30,517990,SH,47987900.0
2026-06-30,518600,SH,904216300.0
2026-06-30,518660,SH,929852700.0
2026-06-30,518680,SH,775369500.0
2026-06-30,518800,SH,3615479200.0
2026-06-30,518850,SH,1704978700.0
2026-06-30,518860,SH,477759800.00000006
2026-06-30,518880,SH,10296640800.0
2026-06-30,518890,SH,400154800.00000006
2026-06-30,520500,SH,1965305000.0
2026-06-30,520510,SH,224728000.0
2026-06-30,520520,SH,54106000.0
2026-06-30,520530,SH,270776000.0
2026-06-30,520550,SH,1099524000.0
2026-06-30,520560,SH,677419000.0
2026-06-30,520570,SH,3560876000.0
2026-06-30,520580,SH,291983900.0
2026-06-30,520590,SH,223235000.0
2026-06-30,520600,SH,326368000.0
2026-06-30,520610,SH,285963000.0
2026-06-30,520620,SH,349409000.0
2026-06-30,520630,SH,445610000.0
2026-06-30,520650,SH,1888755000.0
2026-06-30,520660,SH,2307485500.0
2026-06-30,520670,SH,232428100.0
2026-06-30,520680,SH,67369000.0
2026-06-30,520690,SH,722454000.0
2026-06-30,520700,SH,530076000.0
2026-06-30,520710,SH,91029000.0
2026-06-30,520720,SH,131942000.0
2026-06-30,520730,SH,125394400.0
2026-06-30,520760,SH,205466000.0
2026-06-30,520770,SH,209373800.0
2026-06-30,520780,SH,39460000.0
2026-06-30,520790,SH,385075000.0
2026-06-30,520810,SH,280360000.0
2026-06-30,520820,SH,66682000.0
2026-06-30,520830,SH,1186619000.0
2026-06-30,520840,SH,1270049000.0
2026-06-30,520850,SH,178249600.0
2026-06-30,520860,SH,343195000.0
2026-06-30,520870,SH,546477200.0
2026-06-30,520880,SH,5729618000.0
2026-06-30,520890,SH,72008000.0
2026-06-30,520900,SH,1798675000.0
2026-06-30,520910,SH,779445000.0
2026-06-30,520920,SH,19183019000.0
2026-06-30,520930,SH,129733000.0
2026-06-30,520940,SH,23297000.0
2026-06-30,520950,SH,351421000.0
2026-06-30,520960,SH,66603400.0
2026-06-30,520970,SH,1351358000.0
2026-06-30,520980,SH,3736387000.0
2026-06-30,520990,SH,3689470500.0
2026-06-30,526000,SH,107142000.0
2026-06-30,526010,SH,85458000.0
2026-06-30,526030,SH,186465000.0
2026-06-30,526050,SH,61630000.0
2026-06-30,526070,SH,103377000.0
2026-06-30,530000,SH,954029400.0
2026-06-30,530050,SH,123813000.0
2026-06-30,530060,SH,258193000.0
2026-06-30,530080,SH,30917000.0
2026-06-30,530100,SH,120696000.0
2026-06-30,530180,SH,65952000.0
2026-06-30,530280,SH,28434000.0
2026-06-30,530300,SH,37643000.0
2026-06-30,530380,SH,150705000.0
2026-06-30,530530,SH,125460000.0
2026-06-30,530580,SH,61149000.0
2026-06-30,530680,SH,116891900.0
2026-06-30,530800,SH,18201800.0
2026-06-30,530880,SH,46836000.0
2026-06-30,551000,SH,80586100.0
2026-06-30,551030,SH,190700000.0
2026-06-30,551060,SH,58271000.0
2026-06-30,551300,SH,50097500.0
2026-06-30,551500,SH,108670000.0
2026-06-30,551510,SH,136726100.0
2026-06-30,551520,SH,195771600.0
2026-06-30,551550,SH,170448200.0
2026-06-30,551560,SH,171128800.0
2026-06-30,551580,SH,108326800.0
2026-06-30,551800,SH,121961400.0
2026-06-30,551900,SH,149231700.0
2026-06-30,560000,SH,7022900.0
2026-06-30,560010,SH,2420621700.0
2026-06-30,560020,SH,119562000.0
2026-06-30,560030,SH,23432000.0
2026-06-30,560050,SH,2297434400.0
2026-06-30,560060,SH,77090000.0
2026-06-30,560070,SH,130862300.0
2026-06-30,560080,SH,2623765000.0
2026-06-30,560090,SH,2233865000.0
2026-06-30,560100,SH,59580300.0
2026-06-30,560110,SH,124903500.0
2026-06-30,560120,SH,599689000.0
2026-06-30,560130,SH,72776200.0
2026-06-30,560150,SH,681279299.9999999
2026-06-30,560160,SH,119706000.0
2026-06-30,560170,SH,265495500.0
2026-06-30,560180,SH,15603000.0
2026-06-30,560190,SH,19834000.0
2026-06-30,560210,SH,557522000.0
2026-06-30,560220,SH,48717000.0
2026-06-30,560230,SH,85889000.0
2026-06-30,560250,SH,289333000.0
2026-06-30,560260,SH,1880664700.0
2026-06-30,560270,SH,177939000.0
2026-06-30,560280,SH,1854752000.0
2026-06-30,560290,SH,255694000.0
2026-06-30,560300,SH,29803400.0
2026-06-30,560310,SH,183122000.0
2026-06-30,560320,SH,160332000.0
2026-06-30,560330,SH,17130000.0
2026-06-30,560350,SH,863532100.0000001
2026-06-30,560360,SH,204345000.0
2026-06-30,560370,SH,118584000.0
2026-06-30,560380,SH,144861000.0
2026-06-30,560390,SH,1180258000.0
2026-06-30,560400,SH,155493000.0
2026-06-30,560410,SH,56786100.0
2026-06-30,560420,SH,154780200.0
2026-06-30,560450,SH,307569000.0
2026-06-30,560460,SH,338537000.0
2026-06-30,560470,SH,282340000.0
2026-06-30,560480,SH,145303000.0
2026-06-30,560490,SH,118482000.0
2026-06-30,560500,SH,274339000.0
2026-06-30,560510,SH,2420026900.0
2026-06-30,560520,SH,28751000.0
2026-06-30,560530,SH,2275623700.0
2026-06-30,560550,SH,127597400.0
2026-06-30,560560,SH,70190100.0
2026-06-30,560570,SH,1478541200.0
2026-06-30,560580,SH,418003000.0
2026-06-30,560590,SH,13710000.0
2026-06-30,560610,SH,4450988400.0
2026-06-30,560620,SH,26367000.0
2026-06-30,560630,SH,117394000.0
2026-06-30,560650,SH,7919200.0
2026-06-30,560660,SH,133938000.0
2026-06-30,560670,SH,85974000.0
2026-06-30,560680,SH,327725600.0
2026-06-30,560690,SH,18889000.0
2026-06-30,560700,SH,377036900.0
2026-06-30,560710,SH,1982580000.0
2026-06-30,560720,SH,194548000.0
2026-06-30,560750,SH,66554799.99999999
2026-06-30,560770,SH,1410133000.0
2026-06-30,560780,SH,8053488000.0
2026-06-30,560790,SH,236455900.0
2026-06-30,560800,SH,299951100.0
2026-06-30,560810,SH,193116000.0
2026-06-30,560820,SH,40926000.0
2026-06-30,560830,SH,760019000.0
2026-06-30,560850,SH,77164000.0
2026-06-30,560860,SH,5650233000.0
2026-06-30,560870,SH,107351900.0
2026-06-30,560880,SH,205732000.0
2026-06-30,560900,SH,208969100.0
2026-06-30,560910,SH,192721000.0
2026-06-30,560930,SH,203524000.0
2026-06-30,560950,SH,13483000.0
2026-06-30,560970,SH,82138000.0
2026-06-30,560980,SH,333022000.0
2026-06-30,560990,SH,14187100.0
2026-06-30,561000,SH,47420000.0
2026-06-30,561010,SH,248356000.0
2026-06-30,561030,SH,204550000.0
2026-06-30,561050,SH,200250000.0
2026-06-30,561060,SH,57565000.0
2026-06-30,561080,SH,28250000.0
2026-06-30,561090,SH,212974000.0
2026-06-30,561100,SH,666746900.0
2026-06-30,561120,SH,29659900.0
2026-06-30,561130,SH,99935200.0
2026-06-30,561160,SH,2603335000.0
2026-06-30,561170,SH,514532700.0
2026-06-30,561180,SH,47609600.0
2026-06-30,561190,SH,199318000.0
2026-06-30,561200,SH,29470500.0
2026-06-30,561220,SH,37053000.0
2026-06-30,561230,SH,440477800.0
2026-06-30,561260,SH,24895200.0
2026-06-30,561280,SH,72847700.0
2026-06-30,561300,SH,358965000.0
2026-06-30,561310,SH,45916600.0
2026-06-30,561320,SH,57369000.0
2026-06-30,561330,SH,1760392100.0
2026-06-30,561350,SH,64700000.0
2026-06-30,561360,SH,1324148000.0
2026-06-30,561370,SH,22356000.0
2026-06-30,561380,SH,6606034000.0
2026-06-30,561430,SH,176723200.0
2026-06-30,561500,SH,57600300.0
2026-06-30,561510,SH,65206000.0
2026-06-30,561550,SH,1036489600.0
2026-06-30,561560,SH,2056124200.0
2026-06-30,561570,SH,83147000.0
2026-06-30,561580,SH,2038870700.0
2026-06-30,561590,SH,73999600.0
2026-06-30,561600,SH,224274000.0
2026-06-30,561660,SH,59710000.0
2026-06-30,561680,SH,71169000.0
2026-06-30,561700,SH,345313600.0
2026-06-30,561750,SH,62996000.0
2026-06-30,561760,SH,186195000.0
2026-06-30,561770,SH,37550000.0
2026-06-30,561780,SH,11355800.0
2026-06-30,561790,SH,55434000.0
2026-06-30,561800,SH,201577200.0
2026-06-30,561870,SH,109765000.0
2026-06-30,561880,SH,80389000.0
2026-06-30,561900,SH,23334400.0
2026-06-30,561910,SH,4748076600.0
2026-06-30,561920,SH,48692000.0
2026-06-30,561930,SH,118260600.0
2026-06-30,561950,SH,78156000.0
2026-06-30,561960,SH,54185200.00000001
2026-06-30,561980,SH,8035550000.0
2026-06-30,561990,SH,328649200.0
2026-06-30,562000,SH,596737900.0
2026-06-30,562010,SH,21298700.0
2026-06-30,562030,SH,136973900.0
2026-06-30,562050,SH,115468000.0
2026-06-30,562060,SH,5508792600.0
2026-06-30,562070,SH,417542000.0
2026-06-30,562080,SH,634757200.0
2026-06-30,562300,SH,60495000.0
2026-06-30,562310,SH,536572300.00000006
2026-06-30,562320,SH,58295500.0
2026-06-30,562330,SH,10018900.0
2026-06-30,562340,SH,6144299.999999999
2026-06-30,562350,SH,127410900.0
2026-06-30,562360,SH,249474000.0
2026-06-30,562380,SH,71628900.0
2026-06-30,562390,SH,85429000.0
2026-06-30,562500,SH,15211187300.0
2026-06-30,562510,SH,1064095000.0
2026-06-30,562520,SH,20568000.0
2026-06-30,562530,SH,43144000.0
2026-06-30,562550,SH,1666919300.0
2026-06-30,562560,SH,21265500.0
2026-06-30,562570,SH,299281000.0
2026-06-30,562580,SH,37723300.0
2026-06-30,562590,SH,2009663000.0
2026-06-30,562600,SH,456937400.0
2026-06-30,562660,SH,208874000.0
2026-06-30,562700,SH,98750000.0
2026-06-30,562800,SH,6042595000.0
2026-06-30,562810,SH,47951000.0
2026-06-30,562820,SH,118136000.0
2026-06-30,562850,SH,223981500.0
2026-06-30,562860,SH,342895000.0
2026-06-30,562870,SH,522505200.0
2026-06-30,562880,SH,1106899600.0
2026-06-30,562890,SH,195551000.0
2026-06-30,562900,SH,222706300.0
2026-06-30,562910,SH,224227300.0
2026-06-30,562920,SH,87069000.0
2026-06-30,562930,SH,1248437000.0
2026-06-30,562950,SH,1221258300.0
2026-06-30,562960,SH,1190891000.0
2026-06-30,562970,SH,372448000.0
2026-06-30,562990,SH,384756000.0
2026-06-30,563000,SH,1608451099.9999998
2026-06-30,563010,SH,100189300.0
2026-06-30,563020,SH,10721910000.0
2026-06-30,563030,SH,97169000.0
2026-06-30,563050,SH,101208400.0
2026-06-30,563060,SH,196527000.0
2026-06-30,563080,SH,1056588400.0
2026-06-30,563090,SH,52848000.0
2026-06-30,563150,SH,57399000.0
2026-06-30,563180,SH,115420000.0
2026-06-30,563200,SH,33458800.0
2026-06-30,563210,SH,102067000.0
2026-06-30,563220,SH,5963013700.0
2026-06-30,563230,SH,3041237000.0
2026-06-30,563280,SH,6706600.0
2026-06-30,563300,SH,2116174000.0
2026-06-30,563320,SH,206892000.0
2026-06-30,563330,SH,28160600.0
2026-06-30,563350,SH,179997599.99999997
2026-06-30,563360,SH,22225987400.000004
2026-06-30,563380,SH,874950000.0
2026-06-30,563390,SH,2009844000.0
2026-06-30,563500,SH,657958700.0
2026-06-30,563510,SH,314537000.0
2026-06-30,563520,SH,379065000.0
2026-06-30,563530,SH,1412748000.0
2026-06-30,563550,SH,76559000.0
2026-06-30,563560,SH,54769000.0
2026-06-30,563570,SH,111374000.0
2026-06-30,563580,SH,289648000.0
2026-06-30,563590,SH,69944400.0
2026-06-30,563600,SH,51483000.0
2026-06-30,563620,SH,59049000.0
2026-06-30,563630,SH,39947100.0
2026-06-30,563650,SH,113909000.0
2026-06-30,563660,SH,60085200.00000001
2026-06-30,563670,SH,188987000.0
2026-06-30,563680,SH,115959000.0
2026-06-30,563690,SH,38882000.0
2026-06-30,563700,SH,410150000.0
2026-06-30,563750,SH,337237000.0
2026-06-30,563760,SH,867913200.0000001
2026-06-30,563770,SH,28807000.0
2026-06-30,563780,SH,305027100.0
2026-06-30,563790,SH,1080447000.0
2026-06-30,563800,SH,7093978100.000001
2026-06-30,563830,SH,133896000.0
2026-06-30,563850,SH,86681700.0
2026-06-30,563860,SH,158844300.0
2026-06-30,563870,SH,106303900.0
2026-06-30,563880,SH,1000996400.0
2026-06-30,563890,SH,25336000.0
2026-06-30,563900,SH,517965700.0
2026-06-30,563930,SH,31592000.0
2026-06-30,563960,SH,244512000.0
2026-06-30,563980,SH,207967000.0
2026-06-30,563990,SH,412573000.0
2026-06-30,588000,SH,29831668200.0
2026-06-30,588010,SH,767925800.0
2026-06-30,588020,SH,515791000.0
2026-06-30,588030,SH,2471838100.0
2026-06-30,588040,SH,65889000.0
2026-06-30,588050,SH,4331241300.0
2026-06-30,588060,SH,5041140000.0
2026-06-30,588070,SH,24437000.0
2026-06-30,588080,SH,18766628100.0
2026-06-30,588090,SH,1950072800.0
2026-06-30,588100,SH,56748700.0
2026-06-30,588110,SH,160758000.0
2026-06-30,588120,SH,1033622000.0
2026-06-30,588130,SH,124082600.0
2026-06-30,588140,SH,208751000.0
2026-06-30,588150,SH,264932600.0
2026-06-30,588160,SH,503496000.0
2026-06-30,588170,SH,5951149000.0
2026-06-30,588180,SH,738353700.0
2026-06-30,588190,SH,1459618299.9999998
2026-06-30,588200,SH,13107894800.0
2026-06-30,588210,SH,168254000.0
2026-06-30,588220,SH,3197197900.0
2026-06-30,588230,SH,428939000.0
2026-06-30,588240,SH,101633000.0
2026-06-30,588250,SH,265675000.0
2026-06-30,588260,SH,43746000.0
2026-06-30,588270,SH,250410000.0
2026-06-30,588280,SH,240121000.0
2026-06-30,588290,SH,1286397000.0
2026-06-30,588300,SH,1318210500.0
2026-06-30,588310,SH,28237500.0
2026-06-30,588320,SH,50824600.0
2026-06-30,588330,SH,901737800.0
2026-06-30,588350,SH,618546000.0
2026-06-30,588360,SH,199481800.0
2026-06-30,588370,SH,58272000.0
2026-06-30,588380,SH,2384770000.0
2026-06-30,588390,SH,134935900.0
2026-06-30,588400,SH,1179600600.0
2026-06-30,588410,SH,101250000.0
2026-06-30,588420,SH,127648000.0
2026-06-30,588430,SH,92458000.0
2026-06-30,588450,SH,48568700.0
2026-06-30,588460,SH,594014000.0
2026-06-30,588470,SH,244907000.0
2026-06-30,588480,SH,163717000.0
2026-06-30,588500,SH,38647000.0
2026-06-30,588510,SH,237175000.0
2026-06-30,588520,SH,12957000.0
2026-06-30,588550,SH,51290000.0
2026-06-30,588660,SH,29344000.0
2026-06-30,588670,SH,41792000.0
2026-06-30,588680,SH,32361000.0
2026-06-30,588690,SH,63636000.0
2026-06-30,588700,SH,425336200.0
2026-06-30,588710,SH,1350295000.0
2026-06-30,588720,SH,89741800.0
2026-06-30,588730,SH,661396300.0
2026-06-30,588750,SH,2713228000.0
2026-06-30,588760,SH,2056532000.0
2026-06-30,588770,SH,326597100.0
2026-06-30,588780,SH,807902000.0
2026-06-30,588790,SH,2815384000.0
2026-06-30,588800,SH,1617377000.0
2026-06-30,588810,SH,480324000.0
2026-06-30,588820,SH,145400000.0
2026-06-30,588830,SH,595847900.0
2026-06-30,588840,SH,31236000.0
2026-06-30,588850,SH,104779000.0
2026-06-30,588860,SH,380889400.0
2026-06-30,588870,SH,269552000.0
2026-06-30,588880,SH,99368000.0
2026-06-30,588890,SH,860810000.0
2026-06-30,588900,SH,301783000.0
2026-06-30,588910,SH,106049100.0
2026-06-30,588920,SH,130938000.0
2026-06-30,588930,SH,483329000.0
2026-06-30,588940,SH,409420000.0
2026-06-30,588950,SH,209729700.0
2026-06-30,588960,SH,138579800.0
2026-06-30,588980,SH,14420000.0
2026-06-30,588990,SH,191745400.0
2026-06-30,589000,SH,759507800.0
2026-06-30,589010,SH,929793000.0
2026-06-30,589020,SH,804219000.0
2026-06-30,589030,SH,292077000.0
2026-06-30,589050,SH,46968000.0
2026-06-30,589060,SH,62137900.0
2026-06-30,589070,SH,1213293000.0
2026-06-30,589080,SH,138061000.0
2026-06-30,589090,SH,161931000.0
2026-06-30,589100,SH,803442500.0
2026-06-30,589110,SH,513413000.0
2026-06-30,589120,SH,894620000.0
2026-06-30,589130,SH,2759780000.0
2026-06-30,589150,SH,75437200.0
2026-06-30,589160,SH,170296000.0
2026-06-30,589170,SH,126909000.0
2026-06-30,589180,SH,93818000.0
2026-06-30,589190,SH,1236781000.0
2026-06-30,589200,SH,19507000.0
2026-06-30,589210,SH,380469000.0
2026-06-30,589220,SH,313495800.0
2026-06-30,589230,SH,223553000.0
2026-06-30,589250,SH,67101300.0
2026-06-30,589260,SH,52156000.0
2026-06-30,589270,SH,27516600.0
2026-06-30,589280,SH,89069000.0
2026-06-30,589290,SH,179848900.0
2026-06-30,589300,SH,41582500.0
2026-06-30,589320,SH,126053000.0
2026-06-30,589330,SH,85902000.0
2026-06-30,589350,SH,170281500.0
2026-06-30,589360,SH,161174000.0
2026-06-30,589380,SH,89694300.0
2026-06-30,589500,SH,90064000.0
2026-06-30,589520,SH,660104600.0000001
2026-06-30,589550,SH,22295500.0
2026-06-30,589560,SH,226355000.0
2026-06-30,589580,SH,10354800.0
2026-06-30,589600,SH,221535000.0
2026-06-30,589630,SH,150629000.0
2026-06-30,589660,SH,233530000.0
2026-06-30,589680,SH,1009943700.0
2026-06-30,589700,SH,16291000.0
2026-06-30,589720,SH,2476823000.0
2026-06-30,589770,SH,168569199.99999997
2026-06-30,589780,SH,54215000.0
2026-06-30,589800,SH,915988200.0
2026-06-30,589820,SH,126720200.0
2026-06-30,589850,SH,334057000.0
2026-06-30,589860,SH,154224000.0
2026-06-30,589880,SH,634996000.0
2026-06-30,589890,SH,84987000.0
2026-06-30,589900,SH,168908200.0
2026-06-30,589950,SH,294873000.0
2026-06-30,589960,SH,131316000.0
2026-06-30,589980,SH,120122000.0
2026-06-30,589990,SH,106090000.0
2026-07-31,510010,SH,130524400.0
2026-07-31,510020,SH,36848000.0
2026-07-31,510030,SH,154229800.0
2026-07-31,510040,SH,32480000.0
2026-07-31,510050,SH,7214166800.000001
2026-07-31,510060,SH,34959200.0
2026-07-31,510090,SH,27081100.0
2026-07-31,510100,SH,1004006800.0
2026-07-31,510130,SH,31085100.000000004
2026-07-31,510140,SH,125230500.0
2026-07-31,510150,SH,3053178600.0
2026-07-31,510160,SH,192057400.00000003
2026-07-31,510170,SH,336914800.00000006
2026-07-31,510180,SH,4424057700.0
2026-07-31,510190,SH,23650800.0
2026-07-31,510200,SH,153885500.0
2026-07-31,510210,SH,19469192600.0
2026-07-31,510230,SH,638808000.0
2026-07-31,510270,SH,16832100.0
2026-07-31,510290,SH,56448900.0
2026-07-31,510300,SH,26466787700.0
2026-07-31,510310,SH,11662844000.0
2026-07-31,510320,SH,631068500.0
2026-07-31,510330,SH,8714049800.0
2026-07-31,510350,SH,684114700.0
2026-07-31,510360,SH,1895381200.0
2026-07-31,510370,SH,87258100.0
2026-07-31,510380,SH,1488802400.0
2026-07-31,510390,SH,126650000.0
2026-07-31,510410,SH,433258400.0
2026-07-31,510500,SH,6188168600.0
2026-07-31,510510,SH,961038300.0
2026-07-31,510530,SH,48479399.99999999
2026-07-31,510550,SH,23743300.0
2026-07-31,510560,SH,60318700.0
2026-07-31,510570,SH,35560600.0
2026-07-31,510580,SH,1151768300.0
2026-07-31,510590,SH,115186100.0
2026-07-31,510600,SH,13615100.0
2026-07-31,510630,SH,613361500.0
2026-07-31,510650,SH,11452500.0
2026-07-31,510660,SH,58879700.0
2026-07-31,510670,SH,190493000.0
2026-07-31,510680,SH,21124700.0
2026-07-31,510710,SH,105818900.0
2026-07-31,510720,SH,2355766000.0
2026-07-31,510760,SH,4322503700.0
2026-07-31,510770,SH,21610700.0
2026-07-31,510800,SH,178576000.0
2026-07-31,510810,SH,5971893700.0
2026-07-31,510850,SH,55698900.0
2026-07-31,510880,SH,6909675699.999999
2026-07-31,510900,SH,3444021900.0
2026-07-31,510910,SH,330796000.0
2026-07-31,510950,SH,148720800.0
2026-07-31,510980,SH,1115798000.0
2026-07-31,510990,SH,38948600.0
2026-07-31,511010,SH,42176300.0
2026-07-31,511020,SH,34887500.0
2026-07-31,511030,SH,387850700.0
2026-07-31,511060,SH,19136300.0
2026-07-31,511070,SH,272721000.0
2026-07-31,511090,SH,275328100.0
2026-07-31,511100,SH,110040500.0
2026-07-31,511110,SH,284599600.0
2026-07-31,511120,SH,117620600.0
2026-07-31,511130,SH,160729700.0
2026-07-31,511150,SH,110930900.0
2026-07-31,511160,SH,23040900.0
2026-07-31,511180,SH,912659700.0
2026-07-31,511190,SH,128114300.0
2026-07-31,511200,SH,213027500.0
2026-07-31,511220,SH,5288181400.0
2026-07-31,511260,SH,150096500.0
2026-07-31,511270,SH,82947500.0
2026-07-31,511360,SH,752268600.0
2026-07-31,511380,SH,4631286700.0
2026-07-31,511520,SH,368596500.0
2026-07-31,511580,SH,72546800.0
2026-07-31,512000,SH,75654035400.0
2026-07-31,512010,SH,45685694900.0
2026-07-31,512020,SH,1100012700.0
2026-07-31,512030,SH,49240000.0
2026-07-31,512040,SH,4025715900.000001
2026-07-31,512050,SH,16990992200.0
2026-07-31,512060,SH,10928000.0
2026-07-31,512070,SH,19067479700.0
2026-07-31,512080,SH,638186100.0
2026-07-31,512090,SH,343592300.00000006
2026-07-31,512100,SH,11401217600.0
2026-07-31,512120,SH,835241900.0
2026-07-31,512130,SH,14895000.0
2026-07-31,512140,SH,161049000.0
2026-07-31,512150,SH,18073400.0
2026-07-31,512160,SH,119777800.0
2026-07-31,512170,SH,78995820500.0
2026-07-31,512180,SH,48048000.0
2026-07-31,512190,SH,180518400.0
2026-07-31,512200,SH,2786597900.0
2026-07-31,512220,SH,203967600.0
2026-07-31,512240,SH,20186000.0
2026-07-31,512250,SH,125600100.0
2026-07-31,512260,SH,21297700.0
2026-07-31,512290,SH,3538820700.0
2026-07-31,512330,SH,361188000.0
2026-07-31,512360,SH,27337700.0
2026-07-31,512370,SH,323313000.0
2026-07-31,512380,SH,75805600.0
2026-07-31,512390,SH,15682000.0
2026-07-31,512400,SH,12870039000.0
2026-07-31,512410,SH,91771700.0
2026-07-31,512430,SH,30720000.0
2026-07-31,512450,SH,113367000.0
2026-07-31,512460,SH,304823000.0
2026-07-31,512480,SH,19322007200.0
2026-07-31,512500,SH,1976808800.0
2026-07-31,512510,SH,436429800.00000006
2026-07-31,512520,SH,45056400.0
2026-07-31,512530,SH,101502000.0
2026-07-31,512550,SH,111906000.0
2026-07-31,512560,SH,1019127000.0
2026-07-31,512570,SH,4033806100.0
2026-07-31,512580,SH,573271700.0
2026-07-31,512600,SH,1702556099.9999998
2026-07-31,512620,SH,1419666000.0
2026-07-31,512630,SH,1831426000.0
2026-07-31,512640,SH,21740900.0
2026-07-31,512650,SH,34941600.0
2026-07-31,512660,SH,5858080000.0
2026-07-31,512670,SH,2282652600.0
2026-07-31,512680,SH,3165730100.0
2026-07-31,512690,SH,32897950200.0
2026-07-31,512700,SH,751581000.0
2026-07-31,512710,SH,12111658400.0
2026-07-31,512720,SH,375453400.0
2026-07-31,512730,SH,64583900.0
2026-07-31,512750,SH,47454900.0
2026-07-31,512760,SH,9561445500.0
2026-07-31,512770,SH,98267800.0
2026-07-31,512800,SH,13095279900.0
2026-07-31,512810,SH,1039583500.0
2026-07-31,512820,SH,406901900.0
2026-07-31,512870,SH,20410600.0
2026-07-31,512880,SH,56936291500.0
2026-07-31,512890,SH,28926110800.0
2026-07-31,512900,SH,7507906000.0
2026-07-31,512910,SH,132628800.0
2026-07-31,512930,SH,4788521300.0
2026-07-31,512940,SH,2177705000.0
2026-07-31,512950,SH,4054551000.0
2026-07-31,512960,SH,3857257300.0
2026-07-31,512970,SH,6987600.0
2026-07-31,512980,SH,4903424400.0
2026-07-31,512990,SH,101015400.0
2026-07-31,513000,SH,992411400.0
2026-07-31,513010,SH,44430307000.0
2026-07-31,513020,SH,2449145400.0
2026-07-31,513030,SH,997279000.0
2026-07-31,513040,SH,6907841300.0
2026-07-31,513050,SH,33704432700.0
2026-07-31,513060,SH,10802893300.0
2026-07-31,513070,SH,1308760800.0
2026-07-31,513080,SH,641916000.0
2026-07-31,513090,SH,10164488000.0
2026-07-31,513100,SH,9465110600.0
2026-07-31,513110,SH,2180435000.0
2026-07-31,513120,SH,22551635400.0
2026-07-31,513130,SH,57373347000.0
2026-07-31,513140,SH,82368000.0
2026-07-31,513150,SH,105059800.0
2026-07-31,513160,SH,3432189300.0
2026-07-31,513170,SH,202573000.0
2026-07-31,513180,SH,69828759500.0
2026-07-31,513190,SH,1096936000.0
2026-07-31,513200,SH,931282100.0
2026-07-31,513210,SH,44942000.0
2026-07-31,513220,SH,502109400.0
2026-07-31,513230,SH,321422700.0
2026-07-31,513240,SH,131496000.0
2026-07-31,513260,SH,4833243000.0
2026-07-31,513280,SH,394114500.0
2026-07-31,513290,SH,1025072100.0
2026-07-31,513300,SH,5254421000.0
2026-07-31,513310,SH,2364427000.0
2026-07-31,513320,SH,90010600.0
2026-07-31,513330,SH,68037480000.0
2026-07-31,513350,SH,822746000.0
2026-07-31,513360,SH,683713900.0
2026-07-31,513380,SH,18037784900.0
2026-07-31,513390,SH,2073379100.0
2026-07-31,513400,SH,2502062000.0
2026-07-31,513500,SH,10102638600.0
2026-07-31,513520,SH,1066887200.0
2026-07-31,513530,SH,2700438700.0
2026-07-31,513550,SH,1668992000.0
2026-07-31,513560,SH,546386000.0
2026-07-31,513580,SH,6072118000.0
2026-07-31,513590,SH,138918900.0
2026-07-31,513600,SH,636829500.0
2026-07-31,513620,SH,111216000.0
2026-07-31,513630,SH,7822359000.0
2026-07-31,513650,SH,4321734000.0
2026-07-31,513660,SH,2058000200.0
2026-07-31,513690,SH,3718479900.0
2026-07-31,513700,SH,836846000.0
2026-07-31,513720,SH,252859000.0
2026-07-31,513730,SH,826355000.0
2026-07-31,513750,SH,9720838000.0
2026-07-31,513770,SH,14786137900.0
2026-07-31,513780,SH,1850157000.0
2026-07-31,513800,SH,1010244400.0
2026-07-31,513810,SH,41992000.0
2026-07-31,513820,SH,1838669000.0
2026-07-31,513830,SH,55311000.0
2026-07-31,513850,SH,1222892600.0
2026-07-31,513860,SH,3478470600.0
2026-07-31,513870,SH,1355671000.0
2026-07-31,513880,SH,1292970000.0
2026-07-31,513890,SH,901128000.0
2026-07-31,513900,SH,101978000.0
2026-07-31,513910,SH,2142276000.0
2026-07-31,513920,SH,2718231000.0
2026-07-31,513930,SH,98408000.0
2026-07-31,513950,SH,2528619000.0
2026-07-31,513970,SH,1460041000.0
2026-07-31,513980,SH,19015204000.0
2026-07-31,513990,SH,53000000.0
2026-07-31,515000,SH,3170579300.0
2026-07-31,515010,SH,2107771600.0
2026-07-31,515020,SH,430845300.0
2026-07-31,515030,SH,1584384000.0
2026-07-31,515040,SH,78319600.0
2026-07-31,515050,SH,18175205400.0
2026-07-31,515060,SH,948478100.0
2026-07-31,515070,SH,7382940400.0
2026-07-31,515080,SH,7724148900.0
2026-07-31,515090,SH,9801700.0
2026-07-31,515100,SH,4100941500.0
2026-07-31,515110,SH,217295000.0
2026-07-31,515120,SH,19135993600.0
2026-07-31,515130,SH,106463200.0
2026-07-31,515150,SH,397703200.0
2026-07-31,515160,SH,245955100.0
2026-07-31,515170,SH,8905757900.0
2026-07-31,515180,SH,13480637000.0
2026-07-31,515190,SH,291466100.0
2026-07-31,515200,SH,38943200.0
2026-07-31,515210,SH,1058726100.0
2026-07-31,515220,SH,11918676900.0
2026-07-31,515230,SH,7380690900.0
2026-07-31,515250,SH,345944500.0
2026-07-31,515260,SH,880568400.0
2026-07-31,515290,SH,2831572900.0
2026-07-31,515300,SH,3794175200.0
2026-07-31,515310,SH,381111200.0
2026-07-31,515320,SH,81309000.0
2026-07-31,515330,SH,6575709500.0
2026-07-31,515350,SH,12599200.0
2026-07-31,515360,SH,38279300.0
2026-07-31,515370,SH,965713000.0
2026-07-31,515380,SH,667899800.0
2026-07-31,515390,SH,1766683000.0
2026-07-31,515400,SH,1791631400.0000002
2026-07-31,515450,SH,13718835000.0
2026-07-31,515460,SH,286091000.0
2026-07-31,515480,SH,30340700.0
2026-07-31,515530,SH,13042700.0
2026-07-31,515550,SH,21345700.0
2026-07-31,515560,SH,192883300.00000003
2026-07-31,515580,SH,308031400.0
2026-07-31,515590,SH,36113700.0
2026-07-31,515600,SH,1037797400.0
2026-07-31,515630,SH,1079717700.0
2026-07-31,515640,SH,15550000.0
2026-07-31,515650,SH,3213184000.0
2026-07-31,515660,SH,433594200.0
2026-07-31,515680,SH,1102264700.0
2026-07-31,515700,SH,716510200.0
2026-07-31,515710,SH,2368099800.0
2026-07-31,515720,SH,420611000.0
2026-07-31,515730,SH,38892000.0
2026-07-31,515750,SH,269140500.0
2026-07-31,515760,SH,95888100.0
2026-07-31,515770,SH,36727300.0
2026-07-31,515790,SH,6143494000.0
2026-07-31,515800,SH,4060937200.0
2026-07-31,515810,SH,284908800.0
2026-07-31,515840,SH,69426400.0
2026-07-31,515850,SH,426791000.0
2026-07-31,515860,SH,102878900.0
2026-07-31,515880,SH,66415774000.0
2026-07-31,515890,SH,342443900.0
2026-07-31,515900,SH,2240446500.0
2026-07-31,515910,SH,227507000.0
2026-07-31,515920,SH,62905700.0
2026-07-31,515950,SH,583200600.0
2026-07-31,515960,SH,251991900.0
2026-07-31,515970,SH,710088000.0
2026-07-31,515980,SH,6059129000.0
2026-07-31,515990,SH,53350200.00000001
2026-07-31,516000,SH,511855000.0
2026-07-31,516010,SH,2477693000.0
2026-07-31,516020,SH,4016326200.0
2026-07-31,516050,SH,162228000.0
2026-07-31,516060,SH,325237400.0
2026-07-31,516070,SH,295646000.0
2026-07-31,516080,SH,5172554800.0
2026-07-31,516090,SH,1724844800.0
2026-07-31,516100,SH,1118759700.0
2026-07-31,516110,SH,273623100.0
2026-07-31,516120,SH,5365082000.0
2026-07-31,516130,SH,1545890000.0
2026-07-31,516150,SH,3707577000.0
2026-07-31,516160,SH,1537142000.0
2026-07-31,516180,SH,154987000.0
2026-07-31,516190,SH,109818500.0
2026-07-31,516200,SH,439604000.0
2026-07-31,516210,SH,82931000.0
2026-07-31,516220,SH,273170000.0
2026-07-31,516230,SH,728921000.0
2026-07-31,516250,SH,117878000.0
2026-07-31,516260,SH,47882600.0
2026-07-31,516270,SH,287909000.0
2026-07-31,516290,SH,753196900.0
2026-07-31,516300,SH,51012600.0
2026-07-31,516310,SH,1805958500.0
2026-07-31,516320,SH,89589300.0
2026-07-31,516330,SH,7271300.0
2026-07-31,516350,SH,1404415300.0
2026-07-31,516360,SH,59551800.0
2026-07-31,516370,SH,310408000.0
2026-07-31,516380,SH,81449300.0
2026-07-31,516390,SH,190261000.0
2026-07-31,516440,SH,154126600.0
2026-07-31,516460,SH,440693000.0
2026-07-31,516500,SH,256937200.0
2026-07-31,516510,SH,1499890000.0
2026-07-31,516520,SH,777765500.0
2026-07-31,516530,SH,17802300.0
2026-07-31,516550,SH,245414400.0
2026-07-31,516560,SH,213758000.0
2026-07-31,516570,SH,1159357600.0
2026-07-31,516580,SH,146124100.0
2026-07-31,516590,SH,52015000.0
2026-07-31,516600,SH,113332100.0
2026-07-31,516610,SH,250974800.0
2026-07-31,516620,SH,185767500.0
2026-07-31,516630,SH,547156000.0
2026-07-31,516640,SH,1338482800.0
2026-07-31,516650,SH,5239464800.0
2026-07-31,516660,SH,157689000.0
2026-07-31,516670,SH,3316266300.0
2026-07-31,516700,SH,205122000.0
2026-07-31,516710,SH,80272000.0
2026-07-31,516720,SH,12337800.0
2026-07-31,516730,SH,240380800.00000003
2026-07-31,516750,SH,150667300.0
2026-07-31,516760,SH,310215100.0
2026-07-31,516770,SH,381048000.0
2026-07-31,516780,SH,2246599700.0
2026-07-31,516790,SH,196982200.0
2026-07-31,516800,SH,182308000.0
2026-07-31,516810,SH,520478900.0
2026-07-31,516820,SH,5078415200.0
2026-07-31,516830,SH,87176900.0
2026-07-31,516840,SH,137277000.0
2026-07-31,516850,SH,147237000.0
2026-07-31,516860,SH,1199522000.0
2026-07-31,516880,SH,939944100.0
2026-07-31,516890,SH,34311400.0
2026-07-31,516900,SH,295229000.0
2026-07-31,516910,SH,80141800.0
2026-07-31,516920,SH,474463000.0
2026-07-31,516930,SH,110639600.0
2026-07-31,516950,SH,111821000.0
2026-07-31,516960,SH,15051099.999999998
2026-07-31,516970,SH,1159042500.0
2026-07-31,516980,SH,61016000.0
2026-07-31,517000,SH,127793000.0
2026-07-31,517010,SH,93144200.0
2026-07-31,517030,SH,93040300.0
2026-07-31,517050,SH,347605000.0
2026-07-31,517080,SH,181166000.0
2026-07-31,517090,SH,57075000.0
2026-07-31,517100,SH,148102100.0
2026-07-31,517110,SH,1528098500.0
2026-07-31,517120,SH,648966400.0
2026-07-31,517130,SH,201154000.0
2026-07-31,517160,SH,1828777500.0
2026-07-31,517170,SH,16131800.0
2026-07-31,517180,SH,107496300.0
2026-07-31,517200,SH,140782000.0
2026-07-31,517300,SH,1278434500.0
2026-07-31,517330,SH,1808169000.0
2026-07-31,517350,SH,49042000.0
2026-07-31,517360,SH,26583000.0
2026-07-31,517380,SH,2884326300.0
2026-07-31,517390,SH,137112600.0
2026-07-31,517400,SH,877792000.0
2026-07-31,517520,SH,6869904000.0
2026-07-31,517550,SH,84917400.0
2026-07-31,517660,SH,42280700.0
2026-07-31,517770,SH,167947800.0
2026-07-31,517800,SH,216539700.0
2026-07-31,517850,SH,38185200.0
2026-07-31,517880,SH,55337100.0
2026-07-31,517900,SH,437993500.0
2026-07-31,517950,SH,51623200.0
2026-07-31,517990,SH,49987900.0
2026-07-31,518600,SH,732016300.0
2026-07-31,518660,SH,947852700.0
2026-07-31,518680,SH,795569500.0
2026-07-31,518800,SH,3608779200.0
2026-07-31,518850,SH,1784178700.0
2026-07-31,518860,SH,472659800.00000006
2026-07-31,518880,SH,10924040800.0
2026-07-31,518890,SH,392654800.00000006
2026-07-31,520500,SH,2343805000.0
2026-07-31,520510,SH,208728000.0
2026-07-31,520520,SH,54606000.0
2026-07-31,520530,SH,243776000.0
2026-07-31,520550,SH,1142024000.0
2026-07-31,520560,SH,640419000.0
2026-07-31,520570,SH,3414876000.0
2026-07-31,520580,SH,290983900.0
2026-07-31,520590,SH,211235000.0
2026-07-31,520600,SH,329868000.0
2026-07-31,520610,SH,272963000.0
2026-07-31,520620,SH,306409000.0
2026-07-31,520630,SH,556610000.0
2026-07-31,520650,SH,2249255000.0
2026-07-31,520660,SH,2475485500.0
2026-07-31,520670,SH,218928100.0
2026-07-31,520680,SH,65369000.0
2026-07-31,520690,SH,691454000.0
2026-07-31,520700,SH,477076000.0
2026-07-31,520710,SH,116029000.0
2026-07-31,520720,SH,124942000.0
2026-07-31,520730,SH,122394400.0
2026-07-31,520750,SH,143384000.0
2026-07-31,520760,SH,189466000.0
2026-07-31,520770,SH,214373800.0
2026-07-31,520780,SH,39460000.0
2026-07-31,520790,SH,445075000.0
2026-07-31,520810,SH,282360000.0
2026-07-31,520820,SH,63682000.0
2026-07-31,520830,SH,1188119000.0
2026-07-31,520840,SH,1145549000.0
2026-07-31,520850,SH,139249600.0
2026-07-31,520860,SH,346195000.0
2026-07-31,520870,SH,508477200.0
2026-07-31,520880,SH,5097618000.0
2026-07-31,520890,SH,76508000.0
2026-07-31,520900,SH,1589675000.0
2026-07-31,520910,SH,751445000.0
2026-07-31,520920,SH,18804019000.0
2026-07-31,520930,SH,200733000.0
2026-07-31,520940,SH,22297000.0
2026-07-31,520950,SH,332421000.0
2026-07-31,520960,SH,60603400.0
2026-07-31,520970,SH,1296358000.0
2026-07-31,520980,SH,3346387000.0
2026-07-31,520990,SH,3676470500.0
2026-07-31,526000,SH,180142000.0
2026-07-31,526010,SH,75458000.0
2026-07-31,526030,SH,176465000.0
2026-07-31,526050,SH,64630000.0
2026-07-31,526070,SH,61377000.0
2026-07-31,530000,SH,1013029400.0
2026-07-31,530050,SH,139813000.0
2026-07-31,530060,SH,792193000.0
2026-07-31,530080,SH,30917000.0
2026-07-31,530100,SH,124696000.0
2026-07-31,530180,SH,67952000.0
2026-07-31,530280,SH,29934000.0
2026-07-31,530300,SH,35643000.0
2026-07-31,530380,SH,138705000.0
2026-07-31,530530,SH,134460000.0
2026-07-31,530580,SH,63149000.0
2026-07-31,530680,SH,122891900.0
2026-07-31,530800,SH,16201800.0
2026-07-31,530880,SH,42336000.0
2026-07-31,551000,SH,80586100.0
2026-07-31,551030,SH,180850000.0
2026-07-31,551060,SH,57441000.0
2026-07-31,551300,SH,50337500.0
2026-07-31,551500,SH,107370000.0
2026-07-31,551510,SH,138086100.0
2026-07-31,551520,SH,208791600.0
2026-07-31,551550,SH,174038200.0
2026-07-31,551560,SH,171148800.0
2026-07-31,551580,SH,106026800.0
2026-07-31,551800,SH,117251400.0
2026-07-31,551900,SH,141731700.0
2026-07-31,560010,SH,2580621700.0
2026-07-31,560020,SH,137562000.0
2026-07-31,560030,SH,24432000.0
2026-07-31,560050,SH,2452434400.0
2026-07-31,560060,SH,76090000.0
2026-07-31,560070,SH,85362300.0
2026-07-31,560080,SH,2562265000.0
2026-07-31,560090,SH,2335865000.0
2026-07-31,560100,SH,65580300.0
2026-07-31,560110,SH,364903500.0
2026-07-31,560120,SH,585689000.0
2026-07-31,560130,SH,70776200.0
2026-07-31,560150,SH,682279299.9999999
2026-07-31,560160,SH,122706000.0
2026-07-31,560170,SH,376495500.0
2026-07-31,560180,SH,15603000.0
2026-07-31,560190,SH,19334000.0
2026-07-31,560210,SH,531522000.0
2026-07-31,560220,SH,66717000.0
2026-07-31,560230,SH,89889000.0
2026-07-31,560250,SH,236833000.0
2026-07-31,560260,SH,1854664700.0
2026-07-31,560270,SH,173439000.0
2026-07-31,560280,SH,2097252000.0
2026-07-31,560290,SH,392694000.0
2026-07-31,560300,SH,26803400.0
2026-07-31,560310,SH,182122000.0
2026-07-31,560320,SH,145332000.0
2026-07-31,560330,SH,17130000.0
2026-07-31,560350,SH,867532100.0000001
2026-07-31,560360,SH,210345000.0
2026-07-31,560370,SH,118584000.0
2026-07-31,560380,SH,144861000.0
2026-07-31,560390,SH,2220258000.0
2026-07-31,560400,SH,192493000.0
2026-07-31,560410,SH,65786100.0
2026-07-31,560420,SH,138780200.0
2026-07-31,560450,SH,263069000.0
2026-07-31,560460,SH,296037000.0
2026-07-31,560470,SH,317340000.0
2026-07-31,560480,SH,148803000.0
2026-07-31,560490,SH,128482000.0
2026-07-31,560500,SH,293339000.0
2026-07-31,560510,SH,2612026900.0
2026-07-31,560520,SH,51751000.0
2026-07-31,560530,SH,3748623700.0
2026-07-31,560550,SH,125597400.0
2026-07-31,560560,SH,74190100.0
2026-07-31,560570,SH,1374541200.0
2026-07-31,560580,SH,519003000.0
2026-07-31,560590,SH,31710000.0
2026-07-31,560610,SH,4951988400.0
2026-07-31,560620,SH,26867000.0
2026-07-31,560630,SH,162394000.0
2026-07-31,560650,SH,7919200.0
2026-07-31,560660,SH,134938000.0
2026-07-31,560670,SH,60474000.0
2026-07-31,560680,SH,354725600.0
2026-07-31,560690,SH,20389000.0
2026-07-31,560700,SH,459036900.0
2026-07-31,560710,SH,1965580000.0
2026-07-31,560720,SH,110548000.0
2026-07-31,560730,SH,109836300.0
2026-07-31,560750,SH,66554799.99999999
2026-07-31,560770,SH,1639633000.0
2026-07-31,560780,SH,11863488000.0
2026-07-31,560790,SH,218455900.0
2026-07-31,560800,SH,291951100.0
2026-07-31,560810,SH,190116000.0
2026-07-31,560820,SH,40926000.0
2026-07-31,560830,SH,746519000.0
2026-07-31,560850,SH,76164000.0
2026-07-31,560860,SH,5610233000.0
2026-07-31,560870,SH,101351900.0
2026-07-31,560880,SH,222232000.0
2026-07-31,560900,SH,229969100.0
2026-07-31,560910,SH,209721000.0
2026-07-31,560920,SH,52373300.0
2026-07-31,560930,SH,233524000.0
2026-07-31,560950,SH,17483000.0
2026-07-31,560970,SH,75138000.0
2026-07-31,560980,SH,340522000.0
2026-07-31,560990,SH,16187100.0
2026-07-31,561000,SH,59920000.0
2026-07-31,561010,SH,268356000.0
2026-07-31,561030,SH,191550000.0
2026-07-31,561050,SH,234250000.0
2026-07-31,561060,SH,54565000.0
2026-07-31,561080,SH,25250000.0
2026-07-31,561090,SH,266974000.0
2026-07-31,561100,SH,580746900.0
2026-07-31,561120,SH,41659900.0
2026-07-31,561130,SH,97935200.0
2026-07-31,561160,SH,2412835000.0
2026-07-31,561170,SH,623032700.0
2026-07-31,561180,SH,49609600.0
2026-07-31,561190,SH,196318000.0
2026-07-31,561200,SH,33470500.0
2026-07-31,561220,SH,44553000.0
2026-07-31,561230,SH,462477800.0
2026-07-31,561250,SH,176752200.0
2026-07-31,561260,SH,30495200.0
2026-07-31,561280,SH,84847700.0
2026-07-31,561300,SH,505965000.0
2026-07-31,561310,SH,107833100.0
2026-07-31,561320,SH,51369000.0
2026-07-31,561330,SH,1753392100.0
2026-07-31,561350,SH,103700000.0
2026-07-31,561360,SH,1415148000.0
2026-07-31,561370,SH,32356000.0
2026-07-31,561380,SH,6603534000.0
2026-07-31,561420,SH,1067237000.0
2026-07-31,561430,SH,56723200.0
2026-07-31,561460,SH,296020000.0
2026-07-31,561470,SH,60936000.0
2026-07-31,561490,SH,192631300.0
2026-07-31,561500,SH,56100300.0
2026-07-31,561510,SH,68206000.0
2026-07-31,561550,SH,1355989600.0
2026-07-31,561560,SH,2273124200.0
2026-07-31,561570,SH,80147000.0
2026-07-31,561580,SH,2250870700.0
2026-07-31,561590,SH,111499600.0
2026-07-31,561600,SH,284548000.0
2026-07-31,561630,SH,90898000.0
2026-07-31,561660,SH,67710000.0
2026-07-31,561680,SH,62169000.0
2026-07-31,561700,SH,379813600.0
2026-07-31,561750,SH,62996000.0
2026-07-31,561760,SH,168195000.0
2026-07-31,561770,SH,37550000.0
2026-07-31,561780,SH,21355800.0
2026-07-31,561790,SH,58734000.0
2026-07-31,561800,SH,218077200.0
2026-07-31,561870,SH,106765000.0
2026-07-31,561880,SH,80389000.0
2026-07-31,561900,SH,23334400.0
2026-07-31,561910,SH,4744076600.0
2026-07-31,561920,SH,41692000.0
2026-07-31,561930,SH,250260600.0
2026-07-31,561950,SH,73656000.0
2026-07-31,561960,SH,57185200.00000001
2026-07-31,561980,SH,8790550000.0
2026-07-31,561990,SH,340649200.0
2026-07-31,562000,SH,628737900.0
2026-07-31,562010,SH,19298700.0
2026-07-31,562030,SH,140973900.0
2026-07-31,562050,SH,108468000.0
2026-07-31,562060,SH,5447792600.0
2026-07-31,562070,SH,549542000.0
2026-07-31,562080,SH,624757200.0
2026-07-31,562300,SH,54495000.0
2026-07-31,562310,SH,512572300.00000006
2026-07-31,562320,SH,64295500.0
2026-07-31,562330,SH,11018900.000000002
2026-07-31,562340,SH,8144299.999999999
2026-07-31,562350,SH,147410900.0
2026-07-31,562360,SH,293474000.0
2026-07-31,562380,SH,80128900.0
2026-07-31,562390,SH,83429000.0
2026-07-31,562500,SH,18409187300.0
2026-07-31,562510,SH,1048595000.0
2026-07-31,562520,SH,42568000.0
2026-07-31,562530,SH,115144000.0
2026-07-31,562550,SH,1694419300.0
2026-07-31,562560,SH,24265500.0
2026-07-31,562570,SH,304281000.0
2026-07-31,562580,SH,37723300.0
2026-07-31,562590,SH,8503989000.0
2026-07-31,562600,SH,483937400.0
2026-07-31,562660,SH,268874000.0
2026-07-31,562700,SH,100750000.0
2026-07-31,562800,SH,5716345000.0
2026-07-31,562810,SH,77951000.0
2026-07-31,562820,SH,441408000.0
2026-07-31,562850,SH,195981500.0
2026-07-31,562860,SH,324895000.0
2026-07-31,562870,SH,574505200.0
2026-07-31,562880,SH,965899600.0
2026-07-31,562890,SH,222551000.0
2026-07-31,562900,SH,221706300.0
2026-07-31,562910,SH,369227300.00000006
2026-07-31,562920,SH,95069000.0
2026-07-31,562930,SH,1401437000.0
2026-07-31,562950,SH,943258300.0
2026-07-31,562960,SH,1339891000.0
2026-07-31,562970,SH,359448000.0
2026-07-31,562990,SH,384756000.0
2026-07-31,563000,SH,1615951099.9999998
2026-07-31,563010,SH,93189300.0
2026-07-31,563020,SH,11182910000.0
2026-07-31,563030,SH,124169000.0
2026-07-31,563050,SH,120208400.0
2026-07-31,563060,SH,194527000.0
2026-07-31,563080,SH,1124588400.0
2026-07-31,563090,SH,61848000.0
2026-07-31,563150,SH,35399000.0
2026-07-31,563180,SH,115420000.0
2026-07-31,563200,SH,59458800.0
2026-07-31,563210,SH,112067000.0
2026-07-31,563220,SH,6332013700.0
2026-07-31,563230,SH,3511237000.0
2026-07-31,563280,SH,6706600.0
2026-07-31,563300,SH,4678674000.0
2026-07-31,563320,SH,226892000.0
2026-07-31,563330,SH,46360600.00000001
2026-07-31,563350,SH,189997600.0
2026-07-31,563360,SH,33037987400.000004
2026-07-31,563380,SH,961950000.0
2026-07-31,563390,SH,2086344000.0
2026-07-31,563500,SH,771958700.0
2026-07-31,563510,SH,314537000.0
2026-07-31,563520,SH,439065000.0
2026-07-31,563530,SH,1632748000.0
2026-07-31,563550,SH,91559000.0
2026-07-31,563560,SH,58769000.0
2026-07-31,563570,SH,105374000.0
2026-07-31,563580,SH,252648000.0
2026-07-31,563590,SH,65944399.99999999
2026-07-31,563600,SH,75483000.0
2026-07-31,563620,SH,54049000.0
2026-07-31,563630,SH,45947100.0
2026-07-31,563650,SH,140909000.0
2026-07-31,563660,SH,63085200.00000001
2026-07-31,563670,SH,186987000.0
2026-07-31,563680,SH,110959000.0
2026-07-31,563690,SH,35882000.0
2026-07-31,563700,SH,406150000.0
2026-07-31,563750,SH,359737000.0
2026-07-31,563760,SH,741913200.0000001
2026-07-31,563770,SH,28807000.0
2026-07-31,563780,SH,357027100.0
2026-07-31,563790,SH,1274447000.0
2026-07-31,563800,SH,8857978100.0
2026-07-31,563830,SH,148896000.0
2026-07-31,563850,SH,117881700.0
2026-07-31,563860,SH,194844300.0
2026-07-31,563870,SH,110303900.0
2026-07-31,563880,SH,1618996400.0000002
2026-07-31,563890,SH,24836000.0
2026-07-31,563900,SH,509965700.0
2026-07-31,563930,SH,43592000.0
2026-07-31,563960,SH,420012000.0
2026-07-31,563980,SH,192967000.0
2026-07-31,563990,SH,304573000.0
2026-07-31,588000,SH,51434668200.0
2026-07-31,588010,SH,985425800.0
2026-07-31,588020,SH,1811373000.0
2026-07-31,588030,SH,2483838100.0
2026-07-31,588040,SH,153889000.0
2026-07-31,588050,SH,6271241300.0
2026-07-31,588060,SH,7411140000.0
2026-07-31,588070,SH,34437000.0
2026-07-31,588080,SH,24250628100.0
2026-07-31,588090,SH,2955072800.0000005
2026-07-31,588100,SH,215746200.0
2026-07-31,588110,SH,751032000.0
2026-07-31,588120,SH,991622000.0
2026-07-31,588130,SH,487082600.0
2026-07-31,588140,SH,235751000.0
2026-07-31,588150,SH,373432600.0
2026-07-31,588160,SH,699996000.0
2026-07-31,588170,SH,43929447000.0
2026-07-31,588180,SH,738353700.0
2026-07-31,588190,SH,1531618299.9999998
2026-07-31,588200,SH,43810184300.0
2026-07-31,588210,SH,218254000.0
2026-07-31,588220,SH,3242697900.0
2026-07-31,588230,SH,479939000.0
2026-07-31,588240,SH,125633000.0
2026-07-31,588250,SH,313675000.0
2026-07-31,588260,SH,49746000.0
2026-07-31,588270,SH,280410000.0
2026-07-31,588280,SH,384121000.0
2026-07-31,588290,SH,1643897000.0
2026-07-31,588300,SH,1543210500.0
2026-07-31,588310,SH,34237500.0
2026-07-31,588320,SH,80824600.0
2026-07-31,588330,SH,1225737800.0
2026-07-31,588350,SH,648546000.0
2026-07-31,588360,SH,219081800.0
2026-07-31,588370,SH,75772000.0
2026-07-31,588380,SH,2693770000.0
2026-07-31,588390,SH,173935900.0
2026-07-31,588400,SH,1245600600.0
2026-07-31,588410,SH,115250000.0
2026-07-31,588420,SH,335648000.0
2026-07-31,588430,SH,96458000.0
2026-07-31,588450,SH,54568700.0
2026-07-31,588460,SH,663014000.0
2026-07-31,588470,SH,280907000.0
2026-07-31,588480,SH,231717000.0
2026-07-31,588500,SH,40647000.0
2026-07-31,588510,SH,327175000.0
2026-07-31,588520,SH,16957000.0
2026-07-31,588530,SH,290033300.0
2026-07-31,588550,SH,63290000.0
2026-07-31,588660,SH,47344000.0
2026-07-31,588670,SH,39792000.0
2026-07-31,588680,SH,32361000.0
2026-07-31,588690,SH,51636000.0
2026-07-31,588700,SH,500336200.0
2026-07-31,588710,SH,3556295000.0
2026-07-31,588720,SH,107241800.0
2026-07-31,588730,SH,711396300.0
2026-07-31,588750,SH,3310228000.0
2026-07-31,588760,SH,2350532000.0
2026-07-31,588770,SH,311597100.0
2026-07-31,588780,SH,1143902000.0
2026-07-31,588790,SH,3097384000.0
2026-07-31,588800,SH,1647377000.0
2026-07-31,588810,SH,627324000.0
2026-07-31,588820,SH,151400000.0
2026-07-31,588830,SH,687847899.9999999
2026-07-31,588840,SH,67236000.0
2026-07-31,588850,SH,78779000.0
2026-07-31,588860,SH,380889400.0
2026-07-31,588870,SH,764552000.0
2026-07-31,588880,SH,117368000.0
2026-07-31,588890,SH,901810000.0
2026-07-31,588900,SH,340783000.0
2026-07-31,588910,SH,103049100.0
2026-07-31,588920,SH,168438000.0
2026-07-31,588930,SH,609329000.0
2026-07-31,588940,SH,2924840000.0
2026-07-31,588950,SH,617729700.0
2026-07-31,588960,SH,145579800.0
2026-07-31,588980,SH,14420000.0
2026-07-31,588990,SH,203745400.0
2026-07-31,589000,SH,1079507800.0
2026-07-31,589010,SH,941793000.0
2026-07-31,589020,SH,2362219000.0
2026-07-31,589030,SH,367077000.0
2026-07-31,589050,SH,46968000.0
2026-07-31,589060,SH,97137900.0
2026-07-31,589070,SH,1895293000.0
2026-07-31,589080,SH,168061000.0
2026-07-31,589090,SH,169431000.0
2026-07-31,589100,SH,929442500.0
2026-07-31,589110,SH,510413000.0
2026-07-31,589120,SH,1311620000.0
2026-07-31,589130,SH,3206780000.0
2026-07-31,589150,SH,761437200.0
2026-07-31,589160,SH,344296000.0
2026-07-31,589170,SH,144909000.0
2026-07-31,589180,SH,131318000.0
2026-07-31,589190,SH,3091562000.0
2026-07-31,589200,SH,25507000.0
2026-07-31,589210,SH,1172938000.0
2026-07-31,589220,SH,328495800.0
2026-07-31,589230,SH,231053000.0
2026-07-31,589250,SH,87101299.99999999
2026-07-31,589260,SH,58156000.0
2026-07-31,589270,SH,27516600.0
2026-07-31,589280,SH,154069000.0
2026-07-31,589290,SH,131848900.0
2026-07-31,589300,SH,41582500.0
2026-07-31,589310,SH,289491800.0
2026-07-31,589320,SH,129053000.0
2026-07-31,589330,SH,115902000.0
2026-07-31,589350,SH,214281500.0
2026-07-31,589360,SH,2567174000.0
2026-07-31,589380,SH,89694300.0
2026-07-31,589390,SH,1223810500.0
2026-07-31,589400,SH,287785200.0
2026-07-31,589410,SH,556565600.0
2026-07-31,589420,SH,338481500.0
2026-07-31,589500,SH,90064000.0
2026-07-31,589520,SH,756104600.0000001
2026-07-31,589550,SH,25295500.0
2026-07-31,589560,SH,238355000.0
2026-07-31,589580,SH,18354800.0
2026-07-31,589600,SH,229535000.0
2026-07-31,589630,SH,373258000.0
2026-07-31,589660,SH,265530000.0
2026-07-31,589680,SH,1384943700.0
2026-07-31,589700,SH,20291000.0
2026-07-31,589720,SH,4507823000.0
2026-07-31,589770,SH,163569200.0
2026-07-31,589780,SH,54215000.0
2026-07-31,589800,SH,1083988200.0
2026-07-31,589820,SH,135720200.0
2026-07-31,589850,SH,793057000.0
2026-07-31,589860,SH,178224000.0
2026-07-31,589880,SH,489996000.0
2026-07-31,589890,SH,89987000.0
2026-07-31,589900,SH,193908200.0
2026-07-31,589950,SH,333873000.0
2026-07-31,589960,SH,183316000.0
2026-07-31,589980,SH,126122000.0
2026-07-31,589990,SH,118090000.0
2026-08-31,510010,SH,130524400.0
2026-08-31,510020,SH,35848000.0
2026-08-31,510030,SH,147729800.0
2026-08-31,510040,SH,26480000.0
2026-08-31,510050,SH,6793866800.000001
2026-08-31,510060,SH,35959200.0
2026-08-31,510090,SH,25081100.0
2026-08-31,510100,SH,953606800.0
2026-08-31,510130,SH,31485100.000000004
2026-08-31,510140,SH,74230500.0
2026-08-31,510150,SH,2843178600.0
2026-08-31,510160,SH,184057400.00000003
2026-08-31,510170,SH,334914800.00000006
2026-08-31,510180,SH,4418057700.0
2026-08-31,510190,SH,23650800.0
2026-08-31,510200,SH,144885500.0
2026-08-31,510210,SH,14621192600.0
2026-08-31,510230,SH,674808000.0
2026-08-31,510270,SH,16832100.0
2026-08-31,510290,SH,54448900.0
2026-08-31,510300,SH,23503987700.0
2026-08-31,510310,SH,11469344000.0
2026-08-31,510320,SH,631068500.0
2026-08-31,510330,SH,8407149800.0
2026-08-31,510350,SH,676014700.0
2026-08-31,510360,SH,1781381200.0
2026-08-31,510370,SH,87258100.0
2026-08-31,510380,SH,1461802400.0
2026-08-31,510390,SH,136550000.0
2026-08-31,510410,SH,437258400.0
2026-08-31,510500,SH,5402568600.0
2026-08-31,510510,SH,867038300.0
2026-08-31,510530,SH,47479399.99999999
2026-08-31,510550,SH,23743300.0
2026-08-31,510560,SH,52318700.0
2026-08-31,510570,SH,33060600.0
2026-08-31,510580,SH,1146968300.0
2026-08-31,510590,SH,116386100.0
2026-08-31,510600,SH,13615100.0
2026-08-31,510630,SH,547361500.0
2026-08-31,510650,SH,11952500.0
2026-08-31,510660,SH,52379700.0
2026-08-31,510670,SH,177993000.0
2026-08-31,510680,SH,20524700.0
2026-08-31,510710,SH,103718900.0
2026-08-31,510720,SH,1662766000.0
2026-08-31,510760,SH,3086503700.0
2026-08-31,510770,SH,21610700.0
2026-08-31,510800,SH,174576000.0
2026-08-31,510810,SH,5964093700.0
2026-08-31,510850,SH,47298900.0
2026-08-31,510880,SH,5747175699.999999
2026-08-31,510900,SH,3221021900.0
2026-08-31,510910,SH,150796000.0
2026-08-31,510950,SH,110020800.0
2026-08-31,510980,SH,605798000.0
2026-08-31,510990,SH,38948600.0
2026-08-31,511010,SH,49746300.0
2026-08-31,511020,SH,38277500.0
2026-08-31,511030,SH,402740700.0
2026-08-31,511060,SH,21436300.0
2026-08-31,511070,SH,292131000.0
2026-08-31,511090,SH,279668100.0
2026-08-31,511100,SH,110200500.0
2026-08-31,511110,SH,319899600.0
2026-08-31,511120,SH,117710600.0
2026-08-31,511130,SH,193989700.0
2026-08-31,511150,SH,111530900.0
2026-08-31,511160,SH,21940900.0
2026-08-31,511180,SH,995059700.0
2026-08-31,511190,SH,147654300.0
2026-08-31,511200,SH,238307500.0
2026-08-31,511220,SH,5311881400.0
2026-08-31,511260,SH,168836500.0
2026-08-31,511270,SH,89667500.0
2026-08-31,511360,SH,736414600.0000001
2026-08-31,511380,SH,4532086700.0
2026-08-31,511520,SH,383296500.0
2026-08-31,511580,SH,70104800.0
2026-08-31,512000,SH,72595235400.0
2026-08-31,512010,SH,40343694900.0
2026-08-31,512020,SH,1106012700.0
2026-08-31,512030,SH,43240000.0
2026-08-31,512040,SH,4431715900.0
2026-08-31,512050,SH,16441992200.0
2026-08-31,512060,SH,10928000.0
2026-08-31,512070,SH,16522479700.0
2026-08-31,512080,SH,800186100.0
2026-08-31,512090,SH,331592300.00000006
2026-08-31,512100,SH,6547217600.0
2026-08-31,512120,SH,777241900.0
2026-08-31,512130,SH,14895000.0
2026-08-31,512140,SH,144049000.0
2026-08-31,512150,SH,18073400.0
2026-08-31,512160,SH,121777800.0
2026-08-31,512170,SH,71697820500.0
2026-08-31,512180,SH,48048000.0
2026-08-31,512190,SH,200818400.0
2026-08-31,512200,SH,3057347900.0
2026-08-31,512220,SH,209967600.0
2026-08-31,512240,SH,21686000.0
2026-08-31,512250,SH,118100100.0
2026-08-31,512260,SH,20497700.0
2026-08-31,512290,SH,3161820700.0
2026-08-31,512330,SH,355188000.0
2026-08-31,512360,SH,27337700.0
2026-08-31,512370,SH,296313000.0
2026-08-31,512380,SH,75805600.0
2026-08-31,512390,SH,12682000.0
2026-08-31,512400,SH,14153039000.0
2026-08-31,512410,SH,41071700.0
2026-08-31,512420,SH,75238900.0
2026-08-31,512430,SH,28720000.0
2026-08-31,512450,SH,108367000.0
2026-08-31,512460,SH,297823000.0
2026-08-31,512480,SH,19118007200.0
2026-08-31,512500,SH,1845608800.0
2026-08-31,512510,SH,433429800.00000006
2026-08-31,512520,SH,45056400.0
2026-08-31,512530,SH,94502000.0
2026-08-31,512550,SH,107906000.0
2026-08-31,512560,SH,943127000.0
2026-08-31,512570,SH,4047806100.0
2026-08-31,512580,SH,567871700.0
2026-08-31,512600,SH,1688256099.9999998
2026-08-31,512620,SH,1421666000.0
2026-08-31,512630,SH,1646426000.0
2026-08-31,512640,SH,20240900.0
2026-08-31,512650,SH,32941600.0
2026-08-31,512660,SH,6242080000.0
2026-08-31,512670,SH,2194652600.0
2026-08-31,512680,SH,3117730100.0
2026-08-31,512690,SH,31949350200.0
2026-08-31,512700,SH,717581000.0
2026-08-31,512710,SH,11707658400.0
2026-08-31,512720,SH,370453400.0
2026-08-31,512730,SH,53583900.0
2026-08-31,512750,SH,46554900.0
2026-08-31,512760,SH,9553445500.0
2026-08-31,512770,SH,98267800.0
2026-08-31,512800,SH,11977479900.0
2026-08-31,512810,SH,991583500.0
2026-08-31,512820,SH,391001900.0
2026-08-31,512870,SH,22410600.0
2026-08-31,512880,SH,56714291500.0
2026-08-31,512890,SH,27780110800.0
2026-08-31,512900,SH,7471406000.0
2026-08-31,512910,SH,131128800.0
2026-08-31,512930,SH,4876521300.0
2026-08-31,512940,SH,2144705000.0
2026-08-31,512950,SH,4042551000.0
2026-08-31,512960,SH,3855457300.0
2026-08-31,512970,SH,4987600.0
2026-08-31,512980,SH,5051924400.0
2026-08-31,512990,SH,99015400.0
2026-08-31,513000,SH,1002411400.0
2026-08-31,513010,SH,44243307000.0
2026-08-31,513020,SH,2287145400.0
2026-08-31,513030,SH,1016779000.0
2026-08-31,513040,SH,6819341300.0
2026-08-31,513050,SH,34345432700.0
2026-08-31,513060,SH,8585393300.0
2026-08-31,513070,SH,1336760799.9999998
2026-08-31,513080,SH,659916000.0
2026-08-31,513090,SH,9790488000.0
2026-08-31,513100,SH,9465110600.0
2026-08-31,513110,SH,2201435000.0
2026-08-31,513120,SH,18852135400.0
2026-08-31,513130,SH,56631347000.0
2026-08-31,513140,SH,78368000.0
2026-08-31,513150,SH,100559800.0
2026-08-31,513160,SH,3189189300.0
2026-08-31,513170,SH,164573000.0
2026-08-31,513180,SH,69546759500.0
2026-08-31,513190,SH,996936000.0
2026-08-31,513200,SH,893282100.0000001
2026-08-31,513210,SH,40942000.0
2026-08-31,513220,SH,521109400.0
2026-08-31,513230,SH,328422699.99999994
2026-08-31,513240,SH,109496000.0
2026-08-31,513260,SH,4735243000.0
2026-08-31,513280,SH,364114500.0
2026-08-31,513290,SH,1046072100.0
2026-08-31,513300,SH,5333171000.0
2026-08-31,513310,SH,2424427000.0
2026-08-31,513320,SH,91010600.0
2026-08-31,513330,SH,69637480000.0
2026-08-31,513350,SH,843746000.0
2026-08-31,513360,SH,617713900.0
2026-08-31,513380,SH,17782784900.0
2026-08-31,513390,SH,2144379100.0
2026-08-31,513400,SH,2742062000.0
2026-08-31,513500,SH,10213638600.0
2026-08-31,513520,SH,1076887200.0
2026-08-31,513530,SH,2830938700.0
2026-08-31,513550,SH,1683992000.0
2026-08-31,513560,SH,531386000.0
2026-08-31,513580,SH,6060118000.0
2026-08-31,513590,SH,130518900.0
2026-08-31,513600,SH,609829500.0
2026-08-31,513620,SH,57216000.0
2026-08-31,513630,SH,7524359000.0
2026-08-31,513650,SH,4363734000.0
2026-08-31,513660,SH,1814000200.0
2026-08-31,513690,SH,3149979900.0
2026-08-31,513700,SH,794846000.0
2026-08-31,513720,SH,248859000.0
2026-08-31,513730,SH,776355000.0
2026-08-31,513750,SH,8087838000.0
2026-08-31,513770,SH,14463137900.0
2026-08-31,513780,SH,1889157000.0
2026-08-31,513800,SH,1037044400.0
2026-08-31,513810,SH,41992000.0
2026-08-31,513820,SH,1745669000.0
2026-08-31,513830,SH,53811000.0
2026-08-31,513850,SH,1243892600.0
2026-08-31,513860,SH,2754470600.0
2026-08-31,513870,SH,1376671000.0
2026-08-31,513880,SH,1312970000.0
2026-08-31,513890,SH,896128000.0
2026-08-31,513900,SH,89978000.0
2026-08-31,513910,SH,1966276000.0
2026-08-31,513920,SH,2608231000.0
2026-08-31,513930,SH,102908000.0
2026-08-31,513950,SH,2409119000.0
2026-08-31,513970,SH,1407041000.0
2026-08-31,513980,SH,16767204000.0
2026-08-31,513990,SH,43000000.0
2026-08-31,515000,SH,3154579300.0
2026-08-31,515010,SH,2057771600.0
2026-08-31,515020,SH,388845300.0
2026-08-31,515030,SH,1490384000.0
2026-08-31,515040,SH,51319600.0
2026-08-31,515050,SH,17193205400.0
2026-08-31,515060,SH,1047478100.0
2026-08-31,515070,SH,7532940400.0
2026-08-31,515080,SH,7088148900.0
2026-08-31,515090,SH,11801700.0
2026-08-31,515100,SH,3733691500.0
2026-08-31,515110,SH,214295000.0
2026-08-31,515120,SH,17275993600.0
2026-08-31,515130,SH,94463200.0
2026-08-31,515150,SH,397703200.0
2026-08-31,515160,SH,243955100.0
2026-08-31,515170,SH,8625257900.0
2026-08-31,515180,SH,12888637000.0
2026-08-31,515190,SH,293466100.0
2026-08-31,515200,SH,37943200.0
2026-08-31,515210,SH,1025226100.0
2026-08-31,515220,SH,10476176900.0
2026-08-31,515230,SH,7981690900.0
2026-08-31,515250,SH,342944500.0
2026-08-31,515260,SH,888568400.0
2026-08-31,515290,SH,2619172900.0
2026-08-31,515300,SH,3354675200.0
2026-08-31,515310,SH,321611200.0
2026-08-31,515320,SH,89309000.0
2026-08-31,515330,SH,6179709500.0
2026-08-31,515350,SH,11699200.0
2026-08-31,515360,SH,37279300.0
2026-08-31,515370,SH,961713000.0
2026-08-31,515380,SH,662499800.0
2026-08-31,515390,SH,1926683000.0
2026-08-31,515400,SH,1595631400.0000002
2026-08-31,515450,SH,14258335000.0
2026-08-31,515460,SH,276091000.0
2026-08-31,515480,SH,23340700.0
2026-08-31,515530,SH,12242700.0
2026-08-31,515550,SH,20345700.0
2026-08-31,515560,SH,192883300.00000003
2026-08-31,515580,SH,304031400.0
2026-08-31,515590,SH,36113700.0
2026-08-31,515600,SH,1037797400.0
2026-08-31,515630,SH,921217700.0
2026-08-31,515640,SH,17050000.0
2026-08-31,515650,SH,3045184000.0
2026-08-31,515660,SH,433594200.0
2026-08-31,515680,SH,1099264700.0
2026-08-31,515700,SH,679510200.0
2026-08-31,515710,SH,2324599800.0
2026-08-31,515720,SH,442611000.0
2026-08-31,515730,SH,39892000.0
2026-08-31,515750,SH,264140500.0
2026-08-31,515760,SH,95388100.0
2026-08-31,515770,SH,39727300.0
2026-08-31,515790,SH,5999494000.0
2026-08-31,515800,SH,3943937200.0
2026-08-31,515810,SH,263908800.0
2026-08-31,515840,SH,33426400.0
2026-08-31,515850,SH,482291000.0
2026-08-31,515860,SH,101878900.0
2026-08-31,515880,SH,62723774000.0
2026-08-31,515890,SH,377443900.0
2026-08-31,515900,SH,2227246500.0
2026-08-31,515910,SH,227507000.0
2026-08-31,515920,SH,64405700.0
2026-08-31,515950,SH,530200600.0
2026-08-31,515960,SH,239991900.0
2026-08-31,515970,SH,595088000.0
2026-08-31,515980,SH,6194129000.0
2026-08-31,515990,SH,53350200.00000001
2026-08-31,516000,SH,429855000.0
2026-08-31,516010,SH,2474693000.0
2026-08-31,516020,SH,3479326200.0
2026-08-31,516050,SH,162228000.0
2026-08-31,516060,SH,295237400.0
2026-08-31,516070,SH,291646000.0
2026-08-31,516080,SH,5245554800.0
2026-08-31,516090,SH,1654844800.0
2026-08-31,516100,SH,1137759700.0
2026-08-31,516110,SH,210623100.0
2026-08-31,516120,SH,5019582000.0
2026-08-31,516130,SH,1581890000.0
2026-08-31,516150,SH,3835077000.0
2026-08-31,516160,SH,1514642000.0
2026-08-31,516180,SH,149987000.0
2026-08-31,516190,SH,113818500.0
2026-08-31,516200,SH,445604000.0
2026-08-31,516210,SH,77531000.0
2026-08-31,516220,SH,260170000.0
2026-08-31,516230,SH,744921000.0
2026-08-31,516250,SH,66878000.0
2026-08-31,516260,SH,43882600.0
2026-08-31,516270,SH,293909000.0
2026-08-31,516290,SH,739196900.0
2026-08-31,516300,SH,43012600.0
2026-08-31,516310,SH,1588458500.0
2026-08-31,516320,SH,87589300.0
2026-08-31,516330,SH,8471300.0
2026-08-31,516350,SH,1398415300.0
2026-08-31,516360,SH,56551800.0
2026-08-31,516370,SH,296408000.0
2026-08-31,516380,SH,83449300.0
2026-08-31,516390,SH,184261000.0
2026-08-31,516440,SH,139626600.0
2026-08-31,516460,SH,422693000.0
2026-08-31,516500,SH,202937200.0
2026-08-31,516510,SH,1515890000.0
2026-08-31,516520,SH,793765500.0
2026-08-31,516530,SH,17802300.0
2026-08-31,516550,SH,260414400.0
2026-08-31,516560,SH,207258000.0
2026-08-31,516570,SH,1126357600.0
2026-08-31,516580,SH,145124100.0
2026-08-31,516590,SH,52015000.0
2026-08-31,516600,SH,110332100.0
2026-08-31,516610,SH,233974800.0
2026-08-31,516620,SH,336267500.0
2026-08-31,516630,SH,478156000.0
2026-08-31,516640,SH,1290482800.0
2026-08-31,516650,SH,5235464800.0
2026-08-31,516660,SH,154689000.0
2026-08-31,516670,SH,3405266300.0
2026-08-31,516700,SH,179622000.0
2026-08-31,516710,SH,74272000.0
2026-08-31,516720,SH,10837800.0
2026-08-31,516730,SH,227380800.00000003
2026-08-31,516750,SH,139167300.0
2026-08-31,516760,SH,302215100.0
2026-08-31,516770,SH,276048000.0
2026-08-31,516780,SH,2404099700.0
2026-08-31,516790,SH,182682200.0
2026-08-31,516800,SH,182308000.0
2026-08-31,516810,SH,525478900.0
2026-08-31,516820,SH,4572415200.0
2026-08-31,516830,SH,89676900.0
2026-08-31,516840,SH,137277000.0
2026-08-31,516850,SH,139237000.0
2026-08-31,516860,SH,1167522000.0
2026-08-31,516880,SH,915944100.0
2026-08-31,516890,SH,33311400.0
2026-08-31,516900,SH,281729000.0
2026-08-31,516910,SH,66641800.0
2026-08-31,516920,SH,479463000.0
2026-08-31,516930,SH,106139600.0
2026-08-31,516950,SH,115821000.0
2026-08-31,516960,SH,16051099.999999998
2026-08-31,516970,SH,1181542500.0
2026-08-31,516980,SH,55516000.0
2026-08-31,517000,SH,122793000.0
2026-08-31,517010,SH,78144200.0
2026-08-31,517030,SH,84040300.0
2026-08-31,517050,SH,347605000.0
2026-08-31,517080,SH,173166000.0
2026-08-31,517090,SH,54075000.0
2026-08-31,517100,SH,143602100.0
2026-08-31,517110,SH,1339098500.0
2026-08-31,517120,SH,576966400.0
2026-08-31,517130,SH,188654000.0
2026-08-31,517160,SH,1826777500.0
2026-08-31,517170,SH,16131800.0
2026-08-31,517180,SH,89496299.99999999
2026-08-31,517200,SH,144782000.0
2026-08-31,517230,SH,168545800.00000003
2026-08-31,517300,SH,1002434500.0
2026-08-31,517330,SH,1809169000.0
2026-08-31,517350,SH,49042000.0
2026-08-31,517360,SH,25083000.0
2026-08-31,517380,SH,3020326300.0
2026-08-31,517390,SH,131112600.0
2026-08-31,517400,SH,976792000.0
2026-08-31,517520,SH,6350404000.0
2026-08-31,517550,SH,80417400.0
2026-08-31,517660,SH,39880700.0
2026-08-31,517770,SH,196947800.0
2026-08-31,517800,SH,213539700.0
2026-08-31,517850,SH,38185200.0
2026-08-31,517880,SH,49337100.0
2026-08-31,517900,SH,394993500.0
2026-08-31,517950,SH,48623200.0
2026-08-31,517990,SH,47987900.0
2026-08-31,518600,SH,812416300.0
2026-08-31,518660,SH,958652700.0
2026-08-31,518680,SH,772569500.0
2026-08-31,518800,SH,3749279200.0
2026-08-31,518850,SH,1881378700.0
2026-08-31,518860,SH,465159800.00000006
2026-08-31,518880,SH,11662940800.0
2026-08-31,518890,SH,374054800.00000006
2026-08-31,520500,SH,1878305000.0
2026-08-31,520510,SH,241728000.0
2026-08-31,520520,SH,52606000.0
2026-08-31,520530,SH,234776000.0
2026-08-31,520550,SH,1149524000.0
2026-08-31,520560,SH,607419000.0
2026-08-31,520570,SH,3501876000.0
2026-08-31,520580,SH,290983900.0
2026-08-31,520590,SH,196235000.0
2026-08-31,520600,SH,235868000.0
2026-08-31,520610,SH,408963000.0
2026-08-31,520620,SH,289409000.0
2026-08-31,520630,SH,594610000.0
2026-08-31,520650,SH,2482755000.0
2026-08-31,520660,SH,2161485500.0
2026-08-31,520670,SH,213928100.0
2026-08-31,520680,SH,69369000.0
2026-08-31,520690,SH,623454000.0
2026-08-31,520700,SH,461076000.0
2026-08-31,520710,SH,97029000.0
2026-08-31,520720,SH,121942000.0
2026-08-31,520730,SH,118394400.0
2026-08-31,520740,SH,46012600.0
2026-08-31,520750,SH,134384000.0
2026-08-31,520760,SH,128466000.0
2026-08-31,520770,SH,213373800.0
2026-08-31,520780,SH,39460000.0
2026-08-31,520790,SH,574075000.0
2026-08-31,520810,SH,298360000.0
2026-08-31,520820,SH,58682000.0
2026-08-31,520830,SH,1084619000.0
2026-08-31,520840,SH,1126549000.0
2026-08-31,520850,SH,139249600.0
2026-08-31,520860,SH,339195000.0
2026-08-31,520870,SH,511477200.0
2026-08-31,520880,SH,4395618000.0
2026-08-31,520890,SH,80508000.0
2026-08-31,520900,SH,1531675000.0
2026-08-31,520910,SH,751445000.0
2026-08-31,520920,SH,18879019000.0
2026-08-31,520930,SH,160733000.0
2026-08-31,520940,SH,22297000.0
2026-08-31,520950,SH,325421000.0
2026-08-31,520960,SH,50603400.0
2026-08-31,520970,SH,1250358000.0
2026-08-31,520980,SH,3169387000.0
2026-08-31,520990,SH,3451470500.0
2026-08-31,526000,SH,176142000.0
2026-08-31,526010,SH,37458000.0
2026-08-31,526030,SH,153465000.0
2026-08-31,526050,SH,53630000.0
2026-08-31,526070,SH,52377000.0
2026-08-31,530000,SH,946029400.0
2026-08-31,530050,SH,131813000.0
2026-08-31,530060,SH,891193000.0
2026-08-31,530080,SH,28917000.0
2026-08-31,530100,SH,120696000.0
2026-08-31,530180,SH,57952000.0
2026-08-31,530280,SH,29934000.0
2026-08-31,530300,SH,33643000.0
2026-08-31,530380,SH,134705000.0
2026-08-31,530530,SH,134460000.0
2026-08-31,530580,SH,55149000.0
2026-08-31,530680,SH,108891900.0
2026-08-31,530800,SH,18201800.0
2026-08-31,530880,SH,39836000.0
2026-08-31,551000,SH,79904100.0
2026-08-31,551030,SH,183340000.0
2026-08-31,551060,SH,57401000.0
2026-08-31,551300,SH,50957500.0
2026-08-31,551500,SH,128220000.0
2026-08-31,551510,SH,142216100.0
2026-08-31,551520,SH,216161600.0
2026-08-31,551550,SH,178348200.0
2026-08-31,551560,SH,171658800.0
2026-08-31,551580,SH,107026800.0
2026-08-31,551800,SH,116021400.0
2026-08-31,551900,SH,138931700.0
2026-08-31,560010,SH,1858621700.0
2026-08-31,560020,SH,133562000.0
2026-08-31,560030,SH,23432000.0
2026-08-31,560050,SH,2172434400.0
2026-08-31,560060,SH,76090000.0
2026-08-31,560070,SH,83362300.0
2026-08-31,560080,SH,2259765000.0
2026-08-31,560090,SH,2308865000.0
2026-08-31,560100,SH,56580300.0
2026-08-31,560110,SH,355903500.0
2026-08-31,560120,SH,582689000.0
2026-08-31,560130,SH,69776200.0
2026-08-31,560150,SH,682279299.9999999
2026-08-31,560160,SH,111706000.0
2026-08-31,560170,SH,374495500.0
2026-08-31,560180,SH,15603000.0
2026-08-31,560190,SH,26834000.0
2026-08-31,560210,SH,519522000.0
2026-08-31,560220,SH,60717000.0
2026-08-31,560230,SH,83889000.0
2026-08-31,560250,SH,149833000.0
2026-08-31,560260,SH,1716664700.0
2026-08-31,560270,SH,165939000.0
2026-08-31,560280,SH,1488752000.0
2026-08-31,560290,SH,368694000.0
2026-08-31,560300,SH,26803400.0
2026-08-31,560310,SH,185122000.0
2026-08-31,560320,SH,118332000.0
2026-08-31,560330,SH,17130000.0
2026-08-31,560350,SH,843532100.0000001
2026-08-31,560360,SH,224345000.0
2026-08-31,560370,SH,210084000.0
2026-08-31,560380,SH,140861000.0
2026-08-31,560390,SH,2035258000.0
2026-08-31,560400,SH,173493000.0
2026-08-31,560410,SH,58786100.0
2026-08-31,560420,SH,130780200.0
2026-08-31,560450,SH,249069000.0
2026-08-31,560460,SH,289537000.0
2026-08-31,560470,SH,305340000.0
2026-08-31,560480,SH,141803000.0
2026-08-31,560490,SH,105482000.0
2026-08-31,560500,SH,295339000.0
2026-08-31,560510,SH,2531026900.0
2026-08-31,560520,SH,51751000.0
2026-08-31,560530,SH,3991623700.0
2026-08-31,560550,SH,123597400.0
2026-08-31,560560,SH,70190100.0
2026-08-31,560570,SH,1158541200.0
2026-08-31,560580,SH,449003000.0
2026-08-31,560590,SH,28710000.0
2026-08-31,560610,SH,5251988400.0
2026-08-31,560620,SH,26367000.0
2026-08-31,560630,SH,155394000.0
2026-08-31,560660,SH,129938000.0
2026-08-31,560670,SH,42974000.0
2026-08-31,560680,SH,336725600.0
2026-08-31,560690,SH,20389000.0
2026-08-31,560700,SH,450036900.0
2026-08-31,560710,SH,1718580000.0
2026-08-31,560720,SH,99548000.0
2026-08-31,560730,SH,86836299.99999999
2026-08-31,560750,SH,78554800.0
2026-08-31,560770,SH,1651633000.0
2026-08-31,560780,SH,12955488000.0
2026-08-31,560790,SH,225455900.0
2026-08-31,560800,SH,293951100.0
2026-08-31,560810,SH,181116000.0
2026-08-31,560820,SH,40926000.0
2026-08-31,560830,SH,706519000.0
2026-08-31,560850,SH,70164000.0
2026-08-31,560860,SH,5317233000.0
2026-08-31,560870,SH,93351900.0
2026-08-31,560880,SH,201232000.0
2026-08-31,560900,SH,210969100.0
2026-08-31,560910,SH,195721000.0
2026-08-31,560920,SH,44373300.0
2026-08-31,560930,SH,211024000.0
2026-08-31,560950,SH,15483000.0
2026-08-31,560970,SH,69138000.0
2026-08-31,560980,SH,345022000.0
2026-08-31,560990,SH,16187100.0
2026-08-31,561000,SH,52420000.0
2026-08-31,561010,SH,294356000.0
2026-08-31,561020,SH,31022200.0
2026-08-31,561030,SH,186550000.0
2026-08-31,561050,SH,228250000.0
2026-08-31,561060,SH,49065000.0
2026-08-31,561080,SH,24250000.0
2026-08-31,561090,SH,212974000.0
2026-08-31,561100,SH,586746900.0
2026-08-31,561120,SH,28159900.0
2026-08-31,561130,SH,83935200.0
2026-08-31,561160,SH,2283835000.0
2026-08-31,561170,SH,542032700.0
2026-08-31,561180,SH,49609600.0
2026-08-31,561190,SH,193318000.0
2026-08-31,561200,SH,31470500.0
2026-08-31,561220,SH,46053000.0
2026-08-31,561230,SH,450477800.0
2026-08-31,561250,SH,80752200.0
2026-08-31,561260,SH,24095200.0
2026-08-31,561280,SH,87847700.0
2026-08-31,561300,SH,493965000.0
2026-08-31,561310,SH,107833100.0
2026-08-31,561320,SH,34369000.0
2026-08-31,561330,SH,1805392100.0
2026-08-31,561350,SH,100700000.0
2026-08-31,561360,SH,1352148000.0
2026-08-31,561370,SH,32356000.0
2026-08-31,561380,SH,6338534000.0
2026-08-31,561390,SH,88128100.0
2026-08-31,561400,SH,44519000.0
2026-08-31,561410,SH,205613300.00000003
2026-08-31,561420,SH,1014237000.0
2026-08-31,561430,SH,37223200.0
2026-08-31,561450,SH,83124300.0
2026-08-31,561460,SH,903520000.0
2026-08-31,561470,SH,42936000.0
2026-08-31,561490,SH,89631299.99999999
2026-08-31,561500,SH,56100300.0
2026-08-31,561510,SH,64206000.0
2026-08-31,561550,SH,1303489600.0
2026-08-31,561560,SH,1944624200.0
2026-08-31,561570,SH,73147000.0
2026-08-31,561580,SH,1930870700.0
2026-08-31,561590,SH,101499600.0
2026-08-31,561600,SH,288548000.0
2026-08-31,561620,SH,38727000.0
2026-08-31,561630,SH,40898000.0
2026-08-31,561660,SH,69710000.0
2026-08-31,561680,SH,58169000.0
2026-08-31,561700,SH,352313600.0
2026-08-31,561730,SH,126748100.0
2026-08-31,561750,SH,61496000.0
2026-08-31,561760,SH,156195000.0
2026-08-31,561770,SH,37550000.0
2026-08-31,561780,SH,19355800.0
2026-08-31,561790,SH,56934000.0
2026-08-31,561800,SH,203577200.0
2026-08-31,561810,SH,70638400.0
2026-08-31,561870,SH,90765000.0
2026-08-31,561880,SH,82389000.0
2026-08-31,561890,SH,41112600.0
2026-08-31,561900,SH,26334400.0
2026-08-31,561910,SH,4673076600.0
2026-08-31,561920,SH,64692000.0
2026-08-31,561930,SH,187260600.0
2026-08-31,561950,SH,72156000.0
2026-08-31,561960,SH,57385200.00000001
2026-08-31,561980,SH,8395550000.0
2026-08-31,561990,SH,340649200.0
2026-08-31,562000,SH,596737900.0
2026-08-31,562010,SH,19298700.0
2026-08-31,562030,SH,139973900.0
2026-08-31,562050,SH,99468000.0
2026-08-31,562060,SH,5069792600.0
2026-08-31,562070,SH,552542000.0
2026-08-31,562080,SH,582757200.0
2026-08-31,562300,SH,55495000.0
2026-08-31,562310,SH,442572300.00000006
2026-08-31,562320,SH,55295500.0
2026-08-31,562330,SH,12018900.000000002
2026-08-31,562340,SH,8144299.999999999
2026-08-31,562350,SH,133410900.0
2026-08-31,562360,SH,293474000.0
2026-08-31,562380,SH,74128900.0
2026-08-31,562390,SH,79429000.0
2026-08-31,562500,SH,18458687300.0
2026-08-31,562510,SH,1115095000.0
2026-08-31,562520,SH,26568000.0
2026-08-31,562530,SH,179144000.0
2026-08-31,562550,SH,1527419300.0
2026-08-31,562560,SH,22765500.0
2026-08-31,562570,SH,307281000.0
2026-08-31,562580,SH,39223300.0
2026-08-31,562590,SH,9076989000.0
2026-08-31,562600,SH,453937400.0
2026-08-31,562660,SH,346874000.0
2026-08-31,562700,SH,101750000.0
2026-08-31,562800,SH,5681245000.0
2026-08-31,562810,SH,52951000.0
2026-08-31,562820,SH,416408000.0
2026-08-31,562850,SH,185981500.0
2026-08-31,562860,SH,332895000.0
2026-08-31,562870,SH,594505200.0
2026-08-31,562880,SH,889399600.0000001
2026-08-31,562890,SH,270551000.0
2026-08-31,562900,SH,238706300.0
2026-08-31,562910,SH,296227300.0
2026-08-31,562920,SH,93069000.0
2026-08-31,562930,SH,1734437000.0
2026-08-31,562950,SH,1025258300.0
2026-08-31,562960,SH,1238391000.0
2026-08-31,562970,SH,365448000.0
2026-08-31,562990,SH,376756000.0
2026-08-31,563000,SH,1538451099.9999998
2026-08-31,563010,SH,94189300.0
2026-08-31,563020,SH,10889910000.0
2026-08-31,563030,SH,127169000.0
2026-08-31,563050,SH,134208400.0
2026-08-31,563060,SH,188527000.0
2026-08-31,563080,SH,1100588400.0
2026-08-31,563090,SH,55848000.0
2026-08-31,563150,SH,34399000.0
2026-08-31,563180,SH,100420000.0
2026-08-31,563200,SH,53458800.0
2026-08-31,563210,SH,116067000.0
2026-08-31,563220,SH,6551013700.0
2026-08-31,563230,SH,3343237000.0
2026-08-31,563280,SH,5206600.0
2026-08-31,563300,SH,4971174000.0
2026-08-31,563320,SH,225892000.0
2026-08-31,563330,SH,33360600.0
2026-08-31,563350,SH,169997599.99999997
2026-08-31,563360,SH,31708987400.000004
2026-08-31,563380,SH,876950000.0
2026-08-31,563390,SH,2144844000.0
2026-08-31,563500,SH,765958700.0
2026-08-31,563510,SH,288537000.0
2026-08-31,563520,SH,445065000.0
2026-08-31,563530,SH,1570748000.0
2026-08-31,563550,SH,73559000.0
2026-08-31,563560,SH,54769000.0
2026-08-31,563570,SH,107374000.0
2026-08-31,563580,SH,243648000.0
2026-08-31,563590,SH,61944399.99999999
2026-08-31,563600,SH,69483000.0
2026-08-31,563620,SH,51049000.0
2026-08-31,563630,SH,35947100.0
2026-08-31,563650,SH,140909000.0
2026-08-31,563660,SH,63085200.00000001
2026-08-31,563670,SH,180987000.0
2026-08-31,563680,SH,104959000.0
2026-08-31,563690,SH,34882000.0
2026-08-31,563700,SH,369150000.0
2026-08-31,563750,SH,342237000.0
2026-08-31,563760,SH,697913200.0000001
2026-08-31,563770,SH,25807000.0
2026-08-31,563780,SH,248027100.0
2026-08-31,563790,SH,1195447000.0
2026-08-31,563800,SH,9058978100.0
2026-08-31,563830,SH,137896000.0
2026-08-31,563850,SH,117881700.0
2026-08-31,563860,SH,182844300.0
2026-08-31,563870,SH,108303900.0
2026-08-31,563880,SH,1573996400.0000002
2026-08-31,563890,SH,22336000.0
2026-08-31,563900,SH,468965700.0
2026-08-31,563930,SH,28592000.0
2026-08-31,563960,SH,360012000.0
2026-08-31,563980,SH,188967000.0
2026-08-31,563990,SH,295573000.0
2026-08-31,588000,SH,50540668200.0
2026-08-31,588010,SH,917925800.0
2026-08-31,588020,SH,2147373000.0
2026-08-31,588030,SH,2285838100.0
2026-08-31,588040,SH,125889000.0
2026-08-31,588050,SH,6427241300.0
2026-08-31,588060,SH,7183140000.0
2026-08-31,588070,SH,40437000.0
2026-08-31,588080,SH,24700628100.0
2026-08-31,588090,SH,2988072800.0000005
2026-08-31,588100,SH,201746200.0
2026-08-31,588110,SH,1009032000.0
2026-08-31,588120,SH,907622000.0
2026-08-31,588130,SH,454082600.0
2026-08-31,588140,SH,217751000.0
2026-08-31,588150,SH,383932600.0
2026-08-31,588160,SH,843996000.0
2026-08-31,588170,SH,43707447000.0
2026-08-31,588180,SH,731353700.0
2026-08-31,588190,SH,1333618299.9999998
2026-08-31,588200,SH,42424184300.0
2026-08-31,588210,SH,240754000.0
2026-08-31,588220,SH,3620697900.0
2026-08-31,588230,SH,776939000.0
2026-08-31,588240,SH,119633000.0
2026-08-31,588250,SH,267675000.0
2026-08-31,588260,SH,46746000.0
2026-08-31,588270,SH,301410000.0
2026-08-31,588280,SH,376121000.0
2026-08-31,588290,SH,4721691000.0
2026-08-31,588300,SH,1516210500.0
2026-08-31,588310,SH,31837500.0
2026-08-31,588320,SH,80824600.0
2026-08-31,588330,SH,1169737800.0
2026-08-31,588350,SH,652546000.0
2026-08-31,588360,SH,216281800.0
2026-08-31,588370,SH,73272000.0
2026-08-31,588380,SH,2675770000.0
2026-08-31,588390,SH,161935900.0
2026-08-31,588400,SH,1362600600.0
2026-08-31,588410,SH,113250000.0
2026-08-31,588420,SH,337648000.0
2026-08-31,588430,SH,100458000.0
2026-08-31,588450,SH,60568700.0
2026-08-31,588460,SH,643514000.0
2026-08-31,588470,SH,283907000.0
2026-08-31,588480,SH,241717000.0
2026-08-31,588500,SH,46647000.0
2026-08-31,588510,SH,323175000.0
2026-08-31,588520,SH,12957000.0
2026-08-31,588530,SH,225033300.00000003
2026-08-31,588550,SH,63290000.0
2026-08-31,588660,SH,38344000.0
2026-08-31,588670,SH,39792000.0
2026-08-31,588680,SH,32361000.0
2026-08-31,588690,SH,51636000.0
2026-08-31,588700,SH,452836200.0
2026-08-31,588710,SH,11352885000.0
2026-08-31,588720,SH,109741800.0
2026-08-31,588730,SH,723396300.0
2026-08-31,588750,SH,3232228000.0
2026-08-31,588760,SH,2425532000.0
2026-08-31,588770,SH,311597100.0
2026-08-31,588780,SH,1015902000.0
2026-08-31,588790,SH,3286384000.0
2026-08-31,588800,SH,1699877000.0
2026-08-31,588810,SH,681324000.0
2026-08-31,588820,SH,151400000.0
2026-08-31,588830,SH,613847900.0
2026-08-31,588840,SH,58236000.0
2026-08-31,588850,SH,78779000.0
2026-08-31,588860,SH,340889400.0
2026-08-31,588870,SH,782552000.0
2026-08-31,588880,SH,108368000.0
2026-08-31,588890,SH,2777430000.0
2026-08-31,588900,SH,352783000.0
2026-08-31,588910,SH,100049100.0
2026-08-31,588920,SH,316876000.0
2026-08-31,588930,SH,617329000.0
2026-08-31,588940,SH,2882840000.0
2026-08-31,588950,SH,671729700.0
2026-08-31,588960,SH,142579800.0
2026-08-31,588980,SH,11920000.0
2026-08-31,588990,SH,197745400.0
2026-08-31,589000,SH,1043507800.0
2026-08-31,589010,SH,932793000.0
2026-08-31,589020,SH,4376438000.0
2026-08-31,589030,SH,856077000.0
2026-08-31,589050,SH,46968000.0
2026-08-31,589060,SH,77137900.0
2026-08-31,589070,SH,1977293000.0
2026-08-31,589080,SH,173061000.0
2026-08-31,589090,SH,181931000.0
2026-08-31,589100,SH,893442500.0
2026-08-31,589110,SH,543413000.0
2026-08-31,589120,SH,1312620000.0
2026-08-31,589130,SH,3326780000.0
2026-08-31,589150,SH,805437200.0
2026-08-31,589160,SH,278296000.0
2026-08-31,589170,SH,141909000.0
2026-08-31,589180,SH,135818000.0
2026-08-31,589190,SH,3319562000.0
2026-08-31,589200,SH,22507000.0
2026-08-31,589210,SH,1320938000.0
2026-08-31,589220,SH,319495800.0
2026-08-31,589230,SH,246053000.0
2026-08-31,589250,SH,75101300.0
2026-08-31,589260,SH,64156000.0
2026-08-31,589270,SH,24516600.0
2026-08-31,589280,SH,149069000.0
2026-08-31,589290,SH,135848900.0
2026-08-31,589300,SH,41582500.0
2026-08-31,589310,SH,313491800.0
2026-08-31,589320,SH,114053000.0
2026-08-31,589330,SH,170902000.0
2026-08-31,589350,SH,218281500.0
2026-08-31,589360,SH,2663174000.0
2026-08-31,589380,SH,95694300.0
2026-08-31,589390,SH,1339810500.0
2026-08-31,589400,SH,299785200.0
2026-08-31,589410,SH,554565600.0
2026-08-31,589420,SH,358481500.0
2026-08-31,589460,SH,214630900.0
2026-08-31,589500,SH,80064000.0
2026-08-31,589520,SH,828104600.0000001
2026-08-31,589550,SH,25295500.0
2026-08-31,589560,SH,253355000.0
2026-08-31,589580,SH,14354800.0
2026-08-31,589600,SH,221535000.0
2026-08-31,589630,SH,343258000.0
2026-08-31,589660,SH,257530000.0
2026-08-31,589680,SH,1364943700.0
2026-08-31,589700,SH,30291000.0
2026-08-31,589720,SH,4862823000.0
2026-08-31,589770,SH,158569200.0
2026-08-31,589780,SH,69215000.0
2026-08-31,589800,SH,1099988200.0
2026-08-31,589820,SH,129720200.0
2026-08-31,589850,SH,712057000.0
2026-08-31,589860,SH,170224000.0
2026-08-31,589880,SH,454996000.0
2026-08-31,589890,SH,84987000.0
2026-08-31,589900,SH,173908200.0
2026-08-31,589950,SH,357873000.0
2026-08-31,589960,SH,173316000.0
2026-08-31,589980,SH,129122000.0
2026-08-31,589990,SH,102090000.0
2026-09-23,510010,SH,127524400.0
2026-09-23,510020,SH,35848000.0
2026-09-23,510030,SH,137729800.0
2026-09-23,510040,SH,26480000.0
2026-09-23,510050,SH,7379766800.000001
2026-09-23,510060,SH,34959200.0
2026-09-23,510090,SH,24581100.0
2026-09-23,510100,SH,1024706800.0
2026-09-23,510130,SH,31485100.000000004
2026-09-23,510140,SH,74230500.0
2026-09-23,510150,SH,2799178600.0
2026-09-23,510160,SH,182057400.00000003
2026-09-23,510170,SH,310914800.0
2026-09-23,510180,SH,4424557700.0
2026-09-23,510190,SH,23650800.0
2026-09-23,510200,SH,145885500.0
2026-09-23,510210,SH,12836192600.0
2026-09-23,510230,SH,680808000.0
2026-09-23,510270,SH,15832100.0
2026-09-23,510290,SH,54448900.0
2026-09-23,510300,SH,24005287700.0
2026-09-23,510310,SH,11806844000.0
2026-09-23,510320,SH,637068500.0
2026-09-23,510330,SH,8578149800.0
2026-09-23,510350,SH,700314700.0
2026-09-23,510360,SH,2264381200.0
2026-09-23,510370,SH,87258100.0
2026-09-23,510380,SH,1401802400.0
2026-09-23,510390,SH,137450000.0
2026-09-23,510410,SH,441258400.0
2026-09-23,510500,SH,5764968600.0
2026-09-23,510510,SH,865038300.0
2026-09-23,510530,SH,47479399.99999999
2026-09-23,510550,SH,23743300.0
2026-09-23,510560,SH,52318700.0
2026-09-23,510570,SH,50560600.00000001
2026-09-23,510580,SH,1166168300.0
2026-09-23,510590,SH,119986100.0
2026-09-23,510600,SH,13615100.0
2026-09-23,510630,SH,542361500.0
2026-09-23,510650,SH,12952500.0
2026-09-23,510660,SH,50379700.0
2026-09-23,510670,SH,175493000.0
2026-09-23,510680,SH,21424700.0
2026-09-23,510710,SH,108218900.0
2026-09-23,510720,SH,1786766000.0
2026-09-23,510760,SH,3233503700.0
2026-09-23,510770,SH,20110700.0
2026-09-23,510800,SH,179576000.0
2026-09-23,510810,SH,5765193700.0
2026-09-23,510850,SH,49098900.0
2026-09-23,510880,SH,5615175699.999999
2026-09-23,510900,SH,3197021900.0
2026-09-23,510910,SH,150796000.0
2026-09-23,510950,SH,128020800.0
2026-09-23,510980,SH,581798000.0
2026-09-23,510990,SH,38948600.0
2026-09-23,511010,SH,51446300.0
2026-09-23,511020,SH,38737500.0
2026-09-23,511030,SH,406430700.0
2026-09-23,511060,SH,21346300.0
2026-09-23,511070,SH,329001000.0
2026-09-23,511090,SH,317108100.0
2026-09-23,511100,SH,90080500.0
2026-09-23,511110,SH,375299600.0
2026-09-23,511120,SH,159130600.0
2026-09-23,511130,SH,216839700.0
2026-09-23,511150,SH,114590900.0
2026-09-23,511160,SH,22270900.0
2026-09-23,511180,SH,931359700.0
2026-09-23,511190,SH,194404300.0
2026-09-23,511200,SH,291457500.0
2026-09-23,511220,SH,5321281400.0
2026-09-23,511260,SH,179456500.0
2026-09-23,511270,SH,95077500.0
2026-09-23,511360,SH,737404600.0000001
2026-09-23,511380,SH,4628486700.0
2026-09-23,511520,SH,402756500.0
2026-09-23,511580,SH,76742800.0
2026-09-23,512000,SH,71085635400.0
2026-09-23,512010,SH,39206694900.0
2026-09-23,512020,SH,1100012700.0
2026-09-23,512030,SH,43240000.0
2026-09-23,512040,SH,4637715900.0
2026-09-23,512050,SH,15952992200.0
2026-09-23,512060,SH,8928000.0
2026-09-23,512070,SH,16708479700.0
2026-09-23,512080,SH,788186100.0
2026-09-23,512090,SH,309592300.0
2026-09-23,512100,SH,6471217600.0
2026-09-23,512120,SH,759241900.0
2026-09-23,512130,SH,11895000.0
2026-09-23,512140,SH,131049000.0
2026-09-23,512150,SH,19073400.0
2026-09-23,512160,SH,119777800.0
2026-09-23,512170,SH,70211820500.0
2026-09-23,512180,SH,48048000.0
2026-09-23,512190,SH,223218400.0
2026-09-23,512200,SH,3192347900.0
2026-09-23,512220,SH,214467600.0
2026-09-23,512240,SH,21686000.0
2026-09-23,512250,SH,119600100.0
2026-09-23,512260,SH,20497700.0
2026-09-23,512290,SH,3157820700.0
2026-09-23,512330,SH,356688000.0
2026-09-23,512360,SH,27337700.0
2026-09-23,512370,SH,296313000.0
2026-09-23,512380,SH,72805600.0
2026-09-23,512390,SH,9682000.0
2026-09-23,512400,SH,14217039000.0
2026-09-23,512410,SH,43471700.0
2026-09-23,512420,SH,71238900.0
2026-09-23,512430,SH,38720000.0
2026-09-23,512450,SH,98367000.0
2026-09-23,512460,SH,312823000.0
2026-09-23,512480,SH,19658007200.0
2026-09-23,512500,SH,1878408800.0
2026-09-23,512510,SH,431929800.00000006
2026-09-23,512520,SH,42056400.0
2026-09-23,512530,SH,92502000.0
2026-09-23,512550,SH,108906000.0
2026-09-23,512560,SH,906127000.0
2026-09-23,512570,SH,4022806100.0
2026-09-23,512580,SH,539671700.0
2026-09-23,512600,SH,1693456099.9999998
2026-09-23,512620,SH,1338666000.0
2026-09-23,512630,SH,1554426000.0
2026-09-23,512640,SH,20740900.0
2026-09-23,512650,SH,32941600.0
2026-09-23,512660,SH,6849080000.0
2026-09-23,512670,SH,2112652600.0
2026-09-23,512680,SH,3060930100.0
2026-09-23,512690,SH,31949350200.0
2026-09-23,512700,SH,713581000.0
2026-09-23,512710,SH,11225658400.0
2026-09-23,512720,SH,353453399.99999994
2026-09-23,512730,SH,49583900.0
2026-09-23,512740,SH,77898400.0
2026-09-23,512750,SH,45654900.0
2026-09-23,512760,SH,9731445500.0
2026-09-23,512770,SH,98267800.0
2026-09-23,512800,SH,11631879900.0
2026-09-23,512810,SH,959583500.0
2026-09-23,512820,SH,407201900.0
2026-09-23,512870,SH,22410600.0
2026-09-23,512880,SH,56286291500.0
2026-09-23,512890,SH,25792110800.0
2026-09-23,512900,SH,7411406000.0
2026-09-23,512910,SH,129628800.0
2026-09-23,512930,SH,4668521300.0
2026-09-23,512940,SH,2147705000.0
2026-09-23,512950,SH,4045551000.0
2026-09-23,512960,SH,3854257300.0
2026-09-23,512970,SH,5987600.0
2026-09-23,512980,SH,5509424399.999999
2026-09-23,512990,SH,99015400.0
2026-09-23,513000,SH,1067411400.0
2026-09-23,513010,SH,44796307000.0
2026-09-23,513020,SH,2315145400.0
2026-09-23,513030,SH,1033779000.0
2026-09-23,513040,SH,6635841300.0
2026-09-23,513050,SH,34830432700.0
2026-09-23,513060,SH,8275393300.0
2026-09-23,513070,SH,1308760800.0
2026-09-23,513080,SH,676916000.0
2026-09-23,513090,SH,9956488000.0
2026-09-23,513100,SH,9652110600.0
2026-09-23,513110,SH,2217435000.0
2026-09-23,513120,SH,17045635400.0
2026-09-23,513130,SH,60766347000.0
2026-09-23,513140,SH,78368000.0
2026-09-23,513150,SH,101559800.0
2026-09-23,513160,SH,3041189300.0
2026-09-23,513170,SH,153573000.0
2026-09-23,513180,SH,71264759500.0
2026-09-23,513190,SH,1101936000.0
2026-09-23,513200,SH,816282100.0000001
2026-09-23,513210,SH,39942000.0
2026-09-23,513220,SH,531109400.0
2026-09-23,513230,SH,329422699.99999994
2026-09-23,513240,SH,103496000.0
2026-09-23,513260,SH,4954243000.0
2026-09-23,513280,SH,336114500.0
2026-09-23,513290,SH,1069072100.0
2026-09-23,513300,SH,5468171000.0
2026-09-23,513310,SH,2523427000.0
2026-09-23,513320,SH,91010600.0
2026-09-23,513330,SH,75033480000.0
2026-09-23,513350,SH,859746000.0
2026-09-23,513360,SH,617713900.0
2026-09-23,513380,SH,18116784900.0
2026-09-23,513390,SH,2178379100.0
2026-09-23,513400,SH,3072062000.0
2026-09-23,513500,SH,10299638600.0
2026-09-23,513520,SH,1083887200.0
2026-09-23,513530,SH,3414438700.0
2026-09-23,513550,SH,1602992000.0
2026-09-23,513560,SH,531386000.0
2026-09-23,513580,SH,6055118000.0
2026-09-23,513590,SH,131418900.0
2026-09-23,513600,SH,579829500.0
2026-09-23,513620,SH,55216000.0
2026-09-23,513630,SH,6978359000.0
2026-09-23,513650,SH,4491734000.0
2026-09-23,513660,SH,1764000200.0
2026-09-23,513690,SH,3055479900.0
2026-09-23,513700,SH,758846000.0
2026-09-23,513720,SH,250859000.0
2026-09-23,513730,SH,789355000.0
2026-09-23,513750,SH,7760338000.0
2026-09-23,513770,SH,14526137900.0
2026-09-23,513780,SH,1740157000.0
2026-09-23,513800,SH,1046244400.0
2026-09-23,513810,SH,43992000.0
2026-09-23,513820,SH,1686169000.0
2026-09-23,513830,SH,52311000.0
2026-09-23,513850,SH,1320892600.0
2026-09-23,513860,SH,2566470600.0
2026-09-23,513870,SH,1446671000.0
2026-09-23,513880,SH,1326970000.0
2026-09-23,513890,SH,891128000.0
2026-09-23,513900,SH,89978000.0
2026-09-23,513910,SH,1902276000.0
2026-09-23,513920,SH,2268231000.0
2026-09-23,513930,SH,80908000.0
2026-09-23,513950,SH,2355619000.0
2026-09-23,513970,SH,1416041000.0
2026-09-23,513980,SH,16290204000.0
2026-09-23,513990,SH,43000000.0
2026-09-23,515000,SH,3174579300.0
2026-09-23,515010,SH,2085271600.0
2026-09-23,515020,SH,389845300.0
2026-09-23,515030,SH,1462384000.0
2026-09-23,515040,SH,53319600.0
2026-09-23,515050,SH,17725205400.0
2026-09-23,515060,SH,955478100.0
2026-09-23,515070,SH,7460940400.0
2026-09-23,515080,SH,7168148900.0
2026-09-23,515090,SH,8801700.0
2026-09-23,515100,SH,3579941500.0
2026-09-23,515110,SH,212295000.0
2026-09-23,515120,SH,16826993600.000002
2026-09-23,515130,SH,100463200.0
2026-09-23,515150,SH,398703200.0
2026-09-23,515160,SH,241955100.0
2026-09-23,515170,SH,8610257900.0
2026-09-23,515180,SH,12715637000.0
2026-09-23,515190,SH,293466100.0
2026-09-23,515200,SH,38943200.0
2026-09-23,515210,SH,935726100.0
2026-09-23,515220,SH,8072676899.999999
2026-09-23,515230,SH,7896690900.0
2026-09-23,515250,SH,335944500.0
2026-09-23,515260,SH,870568400.0
2026-09-23,515290,SH,2437972900.0
2026-09-23,515300,SH,2679175200.0
2026-09-23,515310,SH,325111200.0
2026-09-23,515320,SH,88309000.0
2026-09-23,515330,SH,6941709500.0
2026-09-23,515350,SH,12599200.0
2026-09-23,515360,SH,37279300.0
2026-09-23,515370,SH,977713000.0
2026-09-23,515380,SH,660699800.0
2026-09-23,515390,SH,2058683000.0
2026-09-23,515400,SH,1648631400.0000002
2026-09-23,515440,SH,89179300.0
2026-09-23,515450,SH,14569835000.0
2026-09-23,515460,SH,275091000.0
2026-09-23,515480,SH,24340700.0
2026-09-23,515530,SH,13842700.0
2026-09-23,515550,SH,20345700.0
2026-09-23,515560,SH,191883300.00000003
2026-09-23,515580,SH,302031400.0
2026-09-23,515590,SH,34113700.0
2026-09-23,515600,SH,1035797400.0
2026-09-23,515630,SH,936717700.0
2026-09-23,515640,SH,27550000.0
2026-09-23,515650,SH,3097184000.0
2026-09-23,515660,SH,434494200.0
2026-09-23,515680,SH,1095264700.0
2026-09-23,515700,SH,580510200.0
2026-09-23,515710,SH,2329099800.0
2026-09-23,515720,SH,519611000.0
2026-09-23,515730,SH,40892000.0
2026-09-23,515750,SH,263140500.0
2026-09-23,515760,SH,95388100.0
2026-09-23,515770,SH,39727300.0
2026-09-23,515790,SH,5949494000.0
2026-09-23,515800,SH,3768437200.0
2026-09-23,515810,SH,275908800.0
2026-09-23,515840,SH,30426400.0
2026-09-23,515850,SH,648291000.0
2026-09-23,515860,SH,102878900.0
2026-09-23,515880,SH,65077774000.0
2026-09-23,515890,SH,382443900.0
2026-09-23,515900,SH,2221846500.0
2026-09-23,515910,SH,221507000.0
2026-09-23,515920,SH,59905700.0
2026-09-23,515940,SH,103412300.0
2026-09-23,515950,SH,534200600.0
2026-09-23,515960,SH,239991900.0
2026-09-23,515970,SH,436088000.0
2026-09-23,515980,SH,6053129000.0
2026-09-23,515990,SH,52350200.00000001
2026-09-23,516000,SH,421855000.0
2026-09-23,516010,SH,2362693000.0
2026-09-23,516020,SH,3525326200.0
2026-09-23,516040,SH,133516600.0
2026-09-23,516050,SH,158228000.0
2026-09-23,516060,SH,295237400.0
2026-09-23,516070,SH,298646000.0
2026-09-23,516080,SH,4983554800.0
2026-09-23,516090,SH,1704844800.0
2026-09-23,516100,SH,1159759700.0
2026-09-23,516110,SH,243623100.0
2026-09-23,516120,SH,4666582000.0
2026-09-23,516130,SH,1567890000.0
2026-09-23,516150,SH,3767077000.0
2026-09-23,516160,SH,1558642000.0
2026-09-23,516180,SH,152987000.0
2026-09-23,516190,SH,118818500.0
2026-09-23,516200,SH,448604000.0
2026-09-23,516210,SH,69731000.0
2026-09-23,516220,SH,254170000.0
2026-09-23,516230,SH,754921000.0
2026-09-23,516250,SH,60878000.0
2026-09-23,516260,SH,45882600.0
2026-09-23,516270,SH,331409000.0
2026-09-23,516290,SH,747196900.0
2026-09-23,516300,SH,39012600.0
2026-09-23,516310,SH,1655058500.0
2026-09-23,516320,SH,90589300.0
2026-09-23,516330,SH,7271300.0
2026-09-23,516350,SH,1340415300.0
2026-09-23,516360,SH,61551800.0
2026-09-23,516370,SH,274408000.0
2026-09-23,516380,SH,88449300.0
2026-09-23,516390,SH,187261000.0
2026-09-23,516440,SH,125626600.0
2026-09-23,516460,SH,419693000.0
2026-09-23,516500,SH,204937200.0
2026-09-23,516510,SH,1619890000.0
2026-09-23,516520,SH,755765500.0
2026-09-23,516530,SH,16802300.0
2026-09-23,516550,SH,262414400.0
2026-09-23,516560,SH,214258000.0
2026-09-23,516570,SH,1132357600.0
2026-09-23,516580,SH,150124100.0
2026-09-23,516590,SH,52015000.0
2026-09-23,516600,SH,110332100.0
2026-09-23,516610,SH,223974800.0
2026-09-23,516620,SH,210267500.0
2026-09-23,516630,SH,434156000.0
2026-09-23,516640,SH,1306482800.0
2026-09-23,516650,SH,5217464800.0
2026-09-23,516660,SH,158689000.0
2026-09-23,516670,SH,3388266300.0
2026-09-23,516700,SH,173622000.0
2026-09-23,516710,SH,74272000.0
2026-09-23,516720,SH,7837800.0
2026-09-23,516730,SH,226380800.00000003
2026-09-23,516750,SH,138167300.0
2026-09-23,516760,SH,288215100.0
2026-09-23,516770,SH,243048000.0
2026-09-23,516780,SH,2332599700.0
2026-09-23,516790,SH,180082200.0
2026-09-23,516800,SH,182308000.0
2026-09-23,516810,SH,536478900.0
2026-09-23,516820,SH,4593415200.0
2026-09-23,516830,SH,89676900.0
2026-09-23,516840,SH,127277000.0
2026-09-23,516850,SH,146237000.0
2026-09-23,516860,SH,1184522000.0
2026-09-23,516880,SH,907944100.0
2026-09-23,516890,SH,35311400.0
2026-09-23,516900,SH,280229000.0
2026-09-23,516910,SH,66641800.0
2026-09-23,516920,SH,484463000.0
2026-09-23,516930,SH,109139600.0
2026-09-23,516950,SH,108821000.0
2026-09-23,516960,SH,16051099.999999998
2026-09-23,516970,SH,1068042500.0
2026-09-23,516980,SH,54516000.0
2026-09-23,517000,SH,122793000.0
2026-09-23,517010,SH,72144200.0
2026-09-23,517030,SH,69040300.0
2026-09-23,517050,SH,347605000.0
2026-09-23,517080,SH,169166000.0
2026-09-23,517090,SH,86075000.0
2026-09-23,517100,SH,143602100.0
2026-09-23,517110,SH,1248098500.0
2026-09-23,517120,SH,508966400.0
2026-09-23,517130,SH,183654000.0
2026-09-23,517160,SH,1826777500.0
2026-09-23,517170,SH,16131800.0
2026-09-23,517180,SH,82496299.99999999
2026-09-23,517200,SH,143782000.0
2026-09-23,517230,SH,136545800.0
2026-09-23,517300,SH,963434500.0
2026-09-23,517330,SH,1808169000.0
2026-09-23,517350,SH,46042000.0
2026-09-23,517360,SH,23583000.0
2026-09-23,517380,SH,2840326300.0
2026-09-23,517390,SH,129112600.0
2026-09-23,517400,SH,1022792000.0
2026-09-23,517520,SH,7045404000.0
2026-09-23,517550,SH,80417400.0
2026-09-23,517660,SH,41080700.0
2026-09-23,517770,SH,191947800.0
2026-09-23,517800,SH,207539700.0
2026-09-23,517850,SH,38185200.0
2026-09-23,517880,SH,49337100.0
2026-09-23,517900,SH,386993500.0
2026-09-23,517950,SH,47123200.0
2026-09-23,517990,SH,43987900.0
2026-09-23,518600,SH,898516300.0
2026-09-23,518660,SH,1025552700.0
2026-09-23,518680,SH,872869500.0
2026-09-23,518800,SH,3988579200.0
2026-09-23,518850,SH,1993878700.0
2026-09-23,518860,SH,489759800.00000006
2026-09-23,518880,SH,11996140800.0
2026-09-23,518890,SH,378254800.00000006
2026-09-23,520500,SH,1856305000.0
2026-09-23,520510,SH,306728000.0
2026-09-23,520520,SH,51606000.0
2026-09-23,520530,SH,253776000.0
2026-09-23,520550,SH,1208024000.0
2026-09-23,520560,SH,606419000.0
2026-09-23,520570,SH,3649876000.0
2026-09-23,520580,SH,292983900.0
2026-09-23,520590,SH,221235000.0
2026-09-23,520600,SH,281868000.0
2026-09-23,520610,SH,397963000.0
2026-09-23,520620,SH,284409000.0
2026-09-23,520630,SH,592610000.0
2026-09-23,520650,SH,2460255000.0
2026-09-23,520660,SH,1911485500.0
2026-09-23,520670,SH,219928100.0
2026-09-23,520680,SH,77369000.0
2026-09-23,520690,SH,636454000.0
2026-09-23,520700,SH,461076000.0
2026-09-23,520710,SH,88029000.0
2026-09-23,520720,SH,135942000.0
2026-09-23,520730,SH,120394400.0
2026-09-23,520740,SH,40012600.0
2026-09-23,520750,SH,125384000.0
2026-09-23,520760,SH,124466000.0
2026-09-23,520770,SH,213373800.0
2026-09-23,520780,SH,42460000.0
2026-09-23,520790,SH,663075000.0
2026-09-23,520810,SH,318360000.0
2026-09-23,520820,SH,58682000.0
2026-09-23,520830,SH,1033119000.0
2026-09-23,520840,SH,1159049000.0
2026-09-23,520850,SH,156249600.0
2026-09-23,520860,SH,344195000.0
2026-09-23,520870,SH,518477200.0
2026-09-23,520880,SH,4321618000.0
2026-09-23,520890,SH,79008000.0
2026-09-23,520900,SH,1509175000.0
2026-09-23,520910,SH,755445000.0
2026-09-23,520920,SH,19234019000.0
2026-09-23,520930,SH,140733000.0
2026-09-23,520940,SH,22297000.0
2026-09-23,520950,SH,366421000.0
2026-09-23,520960,SH,52603400.0
2026-09-23,520970,SH,1148358000.0
2026-09-23,520980,SH,3128387000.0
2026-09-23,520990,SH,3255470500.0
2026-09-23,526000,SH,171142000.0
2026-09-23,526010,SH,31458000.0
2026-09-23,526030,SH,147465000.0
2026-09-23,526050,SH,43630000.0
2026-09-23,526060,SH,42877000.0
2026-09-23,526070,SH,49377000.0
2026-09-23,530000,SH,932029400.0
2026-09-23,530050,SH,133813000.0
2026-09-23,530060,SH,861193000.0
2026-09-23,530080,SH,24917000.0
2026-09-23,530100,SH,120696000.0
2026-09-23,530180,SH,61952000.0
2026-09-23,530280,SH,29934000.0
2026-09-23,530300,SH,33643000.0
2026-09-23,530380,SH,134705000.0
2026-09-23,530530,SH,128460000.0
2026-09-23,530580,SH,49149000.0
2026-09-23,530680,SH,102891900.0
2026-09-23,530800,SH,18201800.0
2026-09-23,530880,SH,37836000.0
2026-09-23,551000,SH,76624100.0
2026-09-23,551030,SH,189580000.0
2026-09-23,551060,SH,57811000.0
2026-09-23,551300,SH,55997500.0
2026-09-23,551500,SH,177270000.0
2026-09-23,551510,SH,156716100.0
2026-09-23,551520,SH,237071600.0
2026-09-23,551550,SH,196618200.0
2026-09-23,551560,SH,173928800.0
2026-09-23,551580,SH,107776800.0
2026-09-23,551800,SH,118451400.0
2026-09-23,551900,SH,141931700.0
2026-09-23,560010,SH,2066621700.0
2026-09-23,560020,SH,132562000.0
2026-09-23,560030,SH,21432000.0
2026-09-23,560050,SH,2142434400.0
2026-09-23,560060,SH,75090000.0
2026-09-23,560070,SH,80862300.0
2026-09-23,560080,SH,2273765000.0
2026-09-23,560090,SH,2310365000.0
2026-09-23,560100,SH,62580300.0
2026-09-23,560110,SH,325903500.0
2026-09-23,560120,SH,568689000.0
2026-09-23,560130,SH,66776200.0
2026-09-23,560150,SH,663279299.9999999
2026-09-23,560160,SH,140706000.0
2026-09-23,560170,SH,443495500.0
2026-09-23,560180,SH,13103000.0
2026-09-23,560190,SH,27334000.0
2026-09-23,560210,SH,486522000.0
2026-09-23,560220,SH,60717000.0
2026-09-23,560230,SH,83889000.0
2026-09-23,560250,SH,127333000.0
2026-09-23,560260,SH,1699664700.0
2026-09-23,560270,SH,158439000.0
2026-09-23,560280,SH,1330752000.0
2026-09-23,560290,SH,381694000.0
2026-09-23,560300,SH,26803400.0
2026-09-23,560310,SH,187122000.0
2026-09-23,560320,SH,101332000.0
2026-09-23,560330,SH,16130000.0
2026-09-23,560350,SH,813532100.0000001
2026-09-23,560360,SH,225345000.0
2026-09-23,560370,SH,217584000.0
2026-09-23,560380,SH,138861000.0
2026-09-23,560390,SH,1988258000.0
2026-09-23,560400,SH,175493000.0
2026-09-23,560410,SH,60786100.0
2026-09-23,560420,SH,119780200.0
2026-09-23,560450,SH,246069000.0
2026-09-23,560460,SH,271037000.0
2026-09-23,560470,SH,298340000.0
2026-09-23,560480,SH,126303000.0
2026-09-23,560490,SH,108482000.0
2026-09-23,560500,SH,292339000.0
2026-09-23,560510,SH,2552026900.0
2026-09-23,560520,SH,56751000.0
2026-09-23,560530,SH,3688623700.0
2026-09-23,560550,SH,123597400.0
2026-09-23,560560,SH,70190100.0
2026-09-23,560570,SH,1188541200.0
2026-09-23,560580,SH,410003000.0
2026-09-23,560590,SH,16710000.0
2026-09-23,560610,SH,5236988400.0
2026-09-23,560620,SH,25867000.0
2026-09-23,560630,SH,146394000.0
2026-09-23,560660,SH,120938000.0
2026-09-23,560670,SH,32974000.0
2026-09-23,560680,SH,330725600.0
2026-09-23,560690,SH,19639000.0
2026-09-23,560700,SH,448536900.0
2026-09-23,560710,SH,1723580000.0
2026-09-23,560720,SH,94548000.0
2026-09-23,560730,SH,69836300.0
2026-09-23,560750,SH,75554800.0
2026-09-23,560770,SH,1651633000.0
2026-09-23,560780,SH,12157488000.0
2026-09-23,560790,SH,216455900.0
2026-09-23,560800,SH,293951100.0
2026-09-23,560810,SH,179116000.0
2026-09-23,560820,SH,40926000.0
2026-09-23,560830,SH,665519000.0
2026-09-23,560850,SH,69164000.0
2026-09-23,560860,SH,5312233000.0
2026-09-23,560870,SH,91351900.0
2026-09-23,560880,SH,187732000.0
2026-09-23,560900,SH,201969100.0
2026-09-23,560910,SH,222721000.0
2026-09-23,560920,SH,45373300.0
2026-09-23,560930,SH,195524000.0
2026-09-23,560950,SH,15483000.0
2026-09-23,560970,SH,69138000.0
2026-09-23,560980,SH,328522000.0
2026-09-23,560990,SH,16187100.0
2026-09-23,561000,SH,47420000.0
2026-09-23,561010,SH,292356000.0
2026-09-23,561020,SH,25022200.0
2026-09-23,561030,SH,182550000.0
2026-09-23,561050,SH,230250000.0
2026-09-23,561060,SH,45065000.0
2026-09-23,561080,SH,24250000.0
2026-09-23,561090,SH,209974000.0
2026-09-23,561100,SH,586746900.0
2026-09-23,561120,SH,28159900.0
2026-09-23,561130,SH,83935200.0
2026-09-23,561160,SH,2289835000.0
2026-09-23,561170,SH,504032700.0
2026-09-23,561180,SH,49609600.0
2026-09-23,561190,SH,193318000.0
2026-09-23,561200,SH,37470500.0
2026-09-23,561220,SH,44553000.0
2026-09-23,561230,SH,460477800.0
2026-09-23,561250,SH,58752200.0
2026-09-23,561260,SH,23295200.0
2026-09-23,561280,SH,78847700.0
2026-09-23,561300,SH,571965000.0
2026-09-23,561310,SH,104833100.0
2026-09-23,561320,SH,50369000.0
2026-09-23,561330,SH,1830392100.0
2026-09-23,561350,SH,118700000.0
2026-09-23,561360,SH,1202148000.0
2026-09-23,561370,SH,32356000.0
2026-09-23,561380,SH,6121034000.0
2026-09-23,561390,SH,86128100.0
2026-09-23,561400,SH,22519000.0
2026-09-23,561410,SH,184613300.00000003
2026-09-23,561420,SH,1005237000.0
2026-09-23,561430,SH,29723200.0
2026-09-23,561450,SH,74124300.0
2026-09-23,561460,SH,2998520000.0
2026-09-23,561470,SH,80936000.0
2026-09-23,561490,SH,77631300.0
2026-09-23,561500,SH,54600300.0
2026-09-23,561510,SH,65206000.0
2026-09-23,561530,SH,57334000.0
2026-09-23,561550,SH,1385989600.0
2026-09-23,561560,SH,1898624200.0
2026-09-23,561570,SH,71147000.0
2026-09-23,561580,SH,1990370700.0
2026-09-23,561590,SH,101499600.0
2026-09-23,561600,SH,284548000.0
2026-09-23,561610,SH,158623800.0
2026-09-23,561620,SH,31727000.0
2026-09-23,561630,SH,41898000.0
2026-09-23,561660,SH,64710000.0
2026-09-23,561680,SH,54169000.0
2026-09-23,561690,SH,282880600.0
2026-09-23,561700,SH,333313600.0
2026-09-23,561730,SH,62748100.00000001
2026-09-23,561750,SH,61496000.0
2026-09-23,561760,SH,159195000.0
2026-09-23,561770,SH,35550000.0
2026-09-23,561780,SH,17355800.0
2026-09-23,561790,SH,55134000.0
2026-09-23,561800,SH,207577200.0
2026-09-23,561810,SH,45638400.0
2026-09-23,561830,SH,181571100.0
2026-09-23,561870,SH,88765000.0
2026-09-23,561880,SH,84389000.0
2026-09-23,561890,SH,31112600.000000004
2026-09-23,561900,SH,26334400.0
2026-09-23,561910,SH,4792076600.0
2026-09-23,561920,SH,47692000.0
2026-09-23,561930,SH,187260600.0
2026-09-23,561950,SH,73656000.0
2026-09-23,561960,SH,55785200.00000001
2026-09-23,561980,SH,8385550000.0
2026-09-23,561990,SH,331649200.0
2026-09-23,562000,SH,592737900.0
2026-09-23,562010,SH,18298700.0
2026-09-23,562030,SH,144973900.0
2026-09-23,562050,SH,118468000.0
2026-09-23,562060,SH,5063792600.0
2026-09-23,562070,SH,552542000.0
2026-09-23,562080,SH,564757200.0
2026-09-23,562110,SH,145481300.0
2026-09-23,562150,SH,184567500.0
2026-09-23,562170,SH,226592200.0
2026-09-23,562180,SH,93150000.0
2026-09-23,562300,SH,62495000.0
2026-09-23,562310,SH,412572300.00000006
2026-09-23,562320,SH,52295500.0
2026-09-23,562330,SH,12018900.000000002
2026-09-23,562340,SH,8144299.999999999
2026-09-23,562350,SH,124410900.0
2026-09-23,562360,SH,301474000.0
2026-09-23,562380,SH,73628900.0
2026-09-23,562390,SH,80429000.0
2026-09-23,562500,SH,18170687300.0
2026-09-23,562510,SH,1155095000.0
2026-09-23,562520,SH,26568000.0
2026-09-23,562530,SH,144144000.0
2026-09-23,562550,SH,1418419300.0
2026-09-23,562560,SH,22765500.0
2026-09-23,562570,SH,309281000.0
2026-09-23,562580,SH,39223300.0
2026-09-23,562590,SH,8821989000.0
2026-09-23,562600,SH,431937400.0
2026-09-23,562660,SH,338874000.0
2026-09-23,562700,SH,98750000.0
2026-09-23,562800,SH,5730295000.0
2026-09-23,562810,SH,47951000.0
2026-09-23,562820,SH,446408000.0
2026-09-23,562850,SH,175981500.0
2026-09-23,562860,SH,326895000.0
2026-09-23,562870,SH,596005200.0
2026-09-23,562880,SH,889399600.0000001
2026-09-23,562890,SH,273551000.0
2026-09-23,562900,SH,220706300.0
2026-09-23,562910,SH,304227300.0
2026-09-23,562920,SH,92069000.0
2026-09-23,562930,SH,1666437000.0
2026-09-23,562950,SH,1024258300.0
2026-09-23,562960,SH,1147891000.0
2026-09-23,562970,SH,378448000.0
2026-09-23,562990,SH,377756000.0
2026-09-23,563000,SH,1473451099.9999998
2026-09-23,563010,SH,102189300.0
2026-09-23,563020,SH,10458910000.0
2026-09-23,563030,SH,127169000.0
2026-09-23,563050,SH,176208400.0
2026-09-23,563060,SH,177527000.0
2026-09-23,563080,SH,1074588400.0
2026-09-23,563090,SH,57848000.0
2026-09-23,563150,SH,34399000.0
2026-09-23,563180,SH,95420000.0
2026-09-23,563200,SH,47458800.0
2026-09-23,563210,SH,104067000.0
2026-09-23,563220,SH,6308013700.0
2026-09-23,563230,SH,3111237000.0
2026-09-23,563280,SH,5206600.0
2026-09-23,563300,SH,4031174000.0
2026-09-23,563320,SH,217892000.0
2026-09-23,563330,SH,38560600.0
2026-09-23,563350,SH,173997599.99999997
2026-09-23,563360,SH,30100987400.000004
2026-09-23,563380,SH,792950000.0
2026-09-23,563390,SH,2129844000.0
2026-09-23,563500,SH,765958700.0
2026-09-23,563510,SH,283537000.0
2026-09-23,563520,SH,448065000.0
2026-09-23,563530,SH,1482748000.0
2026-09-23,563550,SH,76559000.0
2026-09-23,563560,SH,60769000.0
2026-09-23,563570,SH,102374000.0
2026-09-23,563580,SH,239648000.0
2026-09-23,563590,SH,59944399.99999999
2026-09-23,563600,SH,66483000.0
2026-09-23,563620,SH,47049000.0
2026-09-23,563630,SH,37947100.0
2026-09-23,563650,SH,140909000.0
2026-09-23,563660,SH,66085200.00000001
2026-09-23,563670,SH,185987000.0
2026-09-23,563680,SH,102959000.0
2026-09-23,563690,SH,61882000.0
2026-09-23,563700,SH,351150000.0
2026-09-23,563750,SH,362237000.0
2026-09-23,563760,SH,711913200.0000001
2026-09-23,563770,SH,27307000.0
2026-09-23,563780,SH,234027100.0
2026-09-23,563790,SH,1124447000.0
2026-09-23,563800,SH,9571978100.0
2026-09-23,563830,SH,126896000.0
2026-09-23,563850,SH,102281700.0
2026-09-23,563860,SH,182844300.0
2026-09-23,563870,SH,103303900.0
2026-09-23,563880,SH,1498996400.0000002
2026-09-23,563890,SH,19836000.0
2026-09-23,563900,SH,456965700.0
2026-09-23,563930,SH,25592000.0
2026-09-23,563960,SH,349512000.0
2026-09-23,563980,SH,217967000.0
2026-09-23,563990,SH,293573000.0
2026-09-23,588000,SH,54290668200.0
2026-09-23,588010,SH,987925800.0
2026-09-23,588020,SH,2411373000.0
2026-09-23,588030,SH,2267838100.0
2026-09-23,588040,SH,139889000.0
2026-09-23,588050,SH,6605241300.0
2026-09-23,588060,SH,7663140000.0
2026-09-23,588070,SH,34437000.0
2026-09-23,588080,SH,25711628100.0
2026-09-23,588090,SH,3117072800.0000005
2026-09-23,588100,SH,236746200.0
2026-09-23,588110,SH,913032000.0
2026-09-23,588120,SH,883622000.0
2026-09-23,588130,SH,452582600.0
2026-09-23,588140,SH,211751000.0
2026-09-23,588150,SH,401432600.0
2026-09-23,588160,SH,876996000.0
2026-09-23,588170,SH,45729447000.0
2026-09-23,588180,SH,769853700.0
2026-09-23,588190,SH,1363618299.9999998
2026-09-23,588200,SH,43472684300.0
2026-09-23,588210,SH,245754000.0
2026-09-23,588220,SH,3991697900.0
2026-09-23,588230,SH,776939000.0
2026-09-23,588240,SH,110633000.0
2026-09-23,588250,SH,273675000.0
2026-09-23,588260,SH,46746000.0
2026-09-23,588270,SH,295410000.0
2026-09-23,588280,SH,388121000.0
2026-09-23,588290,SH,4609191000.0
2026-09-23,588300,SH,1555210500.0
2026-09-23,588310,SH,30637500.0
2026-09-23,588320,SH,92824600.0
2026-09-23,588330,SH,1207737800.0
2026-09-23,588350,SH,658546000.0
2026-09-23,588360,SH,221881800.0
2026-09-23,588370,SH,73272000.0
2026-09-23,588380,SH,3185770000.0
2026-09-23,588390,SH,155935900.0
2026-09-23,588400,SH,1614600600.0
2026-09-23,588410,SH,105250000.0
2026-09-23,588420,SH,325648000.0
2026-09-23,588430,SH,94458000.0
2026-09-23,588450,SH,63568700.0
2026-09-23,588460,SH,648014000.0
2026-09-23,588470,SH,259907000.0
2026-09-23,588480,SH,221717000.0
2026-09-23,588500,SH,44647000.0
2026-09-23,588510,SH,295175000.0
2026-09-23,588520,SH,12957000.0
2026-09-23,588530,SH,201633300.00000003
2026-09-23,588550,SH,71290000.0
2026-09-23,588660,SH,38344000.0
2026-09-23,588670,SH,39792000.0
2026-09-23,588680,SH,35361000.0
2026-09-23,588690,SH,51636000.0
2026-09-23,588700,SH,442836200.0
2026-09-23,588710,SH,10920885000.0
2026-09-23,588720,SH,112241800.0
2026-09-23,588730,SH,712396300.0
2026-09-23,588750,SH,2983228000.0
2026-09-23,588760,SH,2434532000.0
2026-09-23,588770,SH,302597100.0
2026-09-23,588780,SH,979902000.0
2026-09-23,588790,SH,3226384000.0
2026-09-23,588800,SH,1654877000.0
2026-09-23,588810,SH,1734648000.0
2026-09-23,588820,SH,148400000.0
2026-09-23,588830,SH,641847900.0
2026-09-23,588840,SH,58236000.0
2026-09-23,588850,SH,82779000.0
2026-09-23,588860,SH,344889400.0
2026-09-23,588870,SH,869552000.0
2026-09-23,588880,SH,108368000.0
2026-09-23,588890,SH,2702430000.0
2026-09-23,588900,SH,364783000.0
2026-09-23,588910,SH,100049100.0
2026-09-23,588920,SH,311876000.0
2026-09-23,588930,SH,605329000.0
2026-09-23,588940,SH,3050840000.0
2026-09-23,588950,SH,686729700.0
2026-09-23,588960,SH,145579800.0
2026-09-23,588980,SH,14420000.0
2026-09-23,588990,SH,191745400.0
2026-09-23,589000,SH,1071507800.0
2026-09-23,589010,SH,926793000.0
2026-09-23,589020,SH,4620438000.0
2026-09-23,589030,SH,877077000.0
2026-09-23,589050,SH,50968000.0
2026-09-23,589060,SH,82137900.00000001
2026-09-23,589070,SH,2003293000.0
2026-09-23,589080,SH,143061000.0
2026-09-23,589090,SH,181931000.0
2026-09-23,589100,SH,887442500.0
2026-09-23,589110,SH,537413000.0
2026-09-23,589120,SH,1276620000.0
2026-09-23,589130,SH,3170780000.0
2026-09-23,589150,SH,837437200.0
2026-09-23,589160,SH,266296000.0
2026-09-23,589170,SH,147909000.0
2026-09-23,589180,SH,131318000.0
2026-09-23,589190,SH,3529562000.0
2026-09-23,589200,SH,25507000.0
2026-09-23,589210,SH,1296938000.0
2026-09-23,589220,SH,310495800.0
2026-09-23,589230,SH,243553000.0
2026-09-23,589250,SH,71101300.0
2026-09-23,589260,SH,127156000.0
2026-09-23,589270,SH,21516600.0
2026-09-23,589280,SH,139069000.0
2026-09-23,589290,SH,131848900.0
2026-09-23,589300,SH,41582500.0
2026-09-23,589310,SH,316491800.0
2026-09-23,589320,SH,105053000.0
2026-09-23,589330,SH,160902000.0
2026-09-23,589350,SH,214281500.0
2026-09-23,589360,SH,2693174000.0
2026-09-23,589380,SH,103694300.0
2026-09-23,589390,SH,1291810500.0
2026-09-23,589400,SH,279785200.0
2026-09-23,589410,SH,554565600.0
2026-09-23,589420,SH,362481500.0
2026-09-23,589430,SH,112849900.0
2026-09-23,589460,SH,145630900.0
2026-09-23,589500,SH,80064000.0
2026-09-23,589510,SH,62586899.99999999
2026-09-23,589520,SH,804104600.0000001
2026-09-23,589550,SH,28295500.0
2026-09-23,589560,SH,274355000.0
2026-09-23,589580,SH,14354800.0
2026-09-23,589600,SH,221535000.0
2026-09-23,589630,SH,331258000.0
2026-09-23,589660,SH,261530000.0
2026-09-23,589680,SH,1434943700.0
2026-09-23,589700,SH,30291000.0
2026-09-23,589720,SH,4756823000.0
2026-09-23,589770,SH,148569200.0
2026-09-23,589780,SH,63215000.0
2026-09-23,589800,SH,1071988200.0
2026-09-23,589820,SH,129720200.0
2026-09-23,589850,SH,766057000.0
2026-09-23,589860,SH,162224000.0
2026-09-23,589880,SH,469996000.0
2026-09-23,589890,SH,84987000.0
2026-09-23,589900,SH,168908200.0
2026-09-23,589950,SH,357873000.0
2026-09-23,589960,SH,170316000.0
2026-09-23,589980,SH,126122000.0
2026-09-23,589990,SH,110090000.0
2026-09-24,510010,SH,127524400.0
2026-09-24,510020,SH,35848000.0
2026-09-24,510030,SH,137729800.0
2026-09-24,510040,SH,26480000.0
2026-09-24,510050,SH,7167366800.000001
2026-09-24,510060,SH,34959200.0
2026-09-24,510090,SH,24581100.0
2026-09-24,510100,SH,977006799.9999999
2026-09-24,510130,SH,31485100.000000004
2026-09-24,510140,SH,77230500.0
2026-09-24,510150,SH,2799178600.0
2026-09-24,510160,SH,182057400.00000003
2026-09-24,510170,SH,310914800.0
2026-09-24,510180,SH,4424057700.0
2026-09-24,510190,SH,23650800.0
2026-09-24,510200,SH,145885500.0
2026-09-24,510210,SH,13502192600.0
2026-09-24,510230,SH,664808000.0
2026-09-24,510270,SH,15832100.0
2026-09-24,510290,SH,54448900.0
2026-09-24,510300,SH,23904487700.0
2026-09-24,510310,SH,11788844000.0
2026-09-24,510320,SH,637068500.0
2026-09-24,510330,SH,8518749800.0
2026-09-24,510350,SH,676914700.0
2026-09-24,510360,SH,2276381200.0
2026-09-24,510370,SH,87258100.0
2026-09-24,510380,SH,1389802400.0
2026-09-24,510390,SH,135650000.0
2026-09-24,510410,SH,439258399.99999994
2026-09-24,510500,SH,5487368600.0
2026-09-24,510510,SH,855038300.0
2026-09-24,510530,SH,47479399.99999999
2026-09-24,510550,SH,23743300.0
2026-09-24,510560,SH,52318700.0
2026-09-24,510570,SH,50560600.00000001
2026-09-24,510580,SH,1136568300.0
2026-09-24,510590,SH,119986100.0
2026-09-24,510600,SH,12415100.0
2026-09-24,510630,SH,545361500.0
2026-09-24,510650,SH,12952500.0
2026-09-24,510660,SH,50379700.0
2026-09-24,510670,SH,175493000.0
2026-09-24,510680,SH,19924700.0
2026-09-24,510710,SH,103418900.0
2026-09-24,510720,SH,1786766000.0
2026-09-24,510760,SH,3287503700.0
2026-09-24,510770,SH,20110700.0
2026-09-24,510800,SH,176576000.0
2026-09-24,510810,SH,5771693700.0
2026-09-24,510850,SH,47898900.0
2026-09-24,510880,SH,5664675699.999999
2026-09-24,510900,SH,3197021900.0
2026-09-24,510910,SH,153796000.0
2026-09-24,510950,SH,124420800.0
2026-09-24,510980,SH,593798000.0
2026-09-24,510990,SH,38948600.0
2026-09-24,511010,SH,51596300.0
2026-09-24,511020,SH,38807500.0
2026-09-24,511030,SH,406430700.0
2026-09-24,511060,SH,21346300.0
2026-09-24,511070,SH,330501000.0
2026-09-24,511090,SH,315058100.0
2026-09-24,511100,SH,88830500.0
2026-09-24,511110,SH,375299600.0
2026-09-24,511120,SH,159130600.0
2026-09-24,511130,SH,218199700.0
2026-09-24,511150,SH,114590900.0
2026-09-24,511160,SH,22230900.0
2026-09-24,511180,SH,931859700.0
2026-09-24,511190,SH,198404300.0
2026-09-24,511200,SH,294317500.0
2026-09-24,511220,SH,5321281400.0
2026-09-24,511260,SH,179346500.0
2026-09-24,511270,SH,95147500.0
2026-09-24,511360,SH,737520600.0
2026-09-24,511380,SH,4633786700.0
2026-09-24,511520,SH,403126500.0
2026-09-24,511580,SH,94322800.0
2026-09-24,512000,SH,71253035400.0
2026-09-24,512010,SH,39262694900.0
2026-09-24,512020,SH,1103012700.0
2026-09-24,512030,SH,43240000.0
2026-09-24,512040,SH,4631715900.0
2026-09-24,512050,SH,15778992200.0
2026-09-24,512060,SH,8928000.0
2026-09-24,512070,SH,16710479700.0
2026-09-24,512080,SH,785186100.0
2026-09-24,512090,SH,313592300.0
2026-09-24,512100,SH,6453217600.0
2026-09-24,512120,SH,757241900.0
2026-09-24,512130,SH,11895000.0
2026-09-24,512140,SH,131049000.0
2026-09-24,512150,SH,19073400.0
2026-09-24,512160,SH,119777800.0
2026-09-24,512170,SH,70141820500.0
2026-09-24,512180,SH,48048000.0
2026-09-24,512190,SH,224618400.0
2026-09-24,512200,SH,3162847900.0
2026-09-24,512220,SH,214467599.99999997
2026-09-24,512240,SH,21686000.0
2026-09-24,512250,SH,119600100.0
2026-09-24,512260,SH,20497700.0
2026-09-24,512290,SH,3156820700.0
2026-09-24,512330,SH,356688000.0
2026-09-24,512360,SH,27337700.0
2026-09-24,512370,SH,296313000.0
2026-09-24,512380,SH,72805600.0
2026-09-24,512390,SH,9682000.0
2026-09-24,512400,SH,14208539000.0
2026-09-24,512410,SH,43471700.0
2026-09-24,512420,SH,71238900.0
2026-09-24,512430,SH,38720000.0
2026-09-24,512450,SH,98367000.0
2026-09-24,512460,SH,312823000.0
2026-09-24,512470,SH,224468500.0
2026-09-24,512480,SH,19706007200.0
2026-09-24,512500,SH,1821608800.0
2026-09-24,512510,SH,431929800.00000006
2026-09-24,512520,SH,42056400.0
2026-09-24,512530,SH,92502000.0
2026-09-24,512550,SH,108906000.0
2026-09-24,512560,SH,908127000.0
2026-09-24,512570,SH,4016806100.0
2026-09-24,512580,SH,540271700.0
2026-09-24,512600,SH,1690856099.9999998
2026-09-24,512620,SH,1338666000.0
2026-09-24,512630,SH,1557426000.0
2026-09-24,512640,SH,20740900.0
2026-09-24,512650,SH,32941600.0
2026-09-24,512660,SH,6820080000.0
2026-09-24,512670,SH,2064652600.0
2026-09-24,512680,SH,3130530100.0
2026-09-24,512690,SH,31938550200.0
2026-09-24,512700,SH,713581000.0
2026-09-24,512710,SH,11187658400.0
2026-09-24,512720,SH,353453399.99999994
2026-09-24,512730,SH,49583900.0
2026-09-24,512740,SH,76898400.0
2026-09-24,512750,SH,45654900.0
2026-09-24,512760,SH,9727445500.0
2026-09-24,512770,SH,98267800.0
2026-09-24,512800,SH,11747679900.0
2026-09-24,512810,SH,959583500.0
2026-09-24,512820,SH,409901900.0
2026-09-24,512870,SH,22410600.0
2026-09-24,512880,SH,56523291500.0
2026-09-24,512890,SH,25794110800.0
2026-09-24,512900,SH,7421406000.0
2026-09-24,512910,SH,129628799.99999999
2026-09-24,512930,SH,4652521300.0
2026-09-24,512940,SH,2157705000.0
2026-09-24,512950,SH,4045551000.0
2026-09-24,512960,SH,3854257300.0
2026-09-24,512970,SH,5987600.0
2026-09-24,512980,SH,5546924399.999999
2026-09-24,512990,SH,99015400.00000001
2026-09-24,513000,SH,1069911400.0
2026-09-24,513010,SH,44798307000.0
2026-09-24,513020,SH,2315145400.0
2026-09-24,513030,SH,1034779000.0
2026-09-24,513040,SH,6635841300.0
2026-09-24,513050,SH,34830432700.0
2026-09-24,513060,SH,8275393300.0
2026-09-24,513070,SH,1308760800.0
2026-09-24,513080,SH,677916000.0
2026-09-24,513090,SH,9980488000.0
2026-09-24,513100,SH,9677110600.0
2026-09-24,513110,SH,2218435000.0
2026-09-24,513120,SH,17033135400.0
2026-09-24,513130,SH,60766347000.0
2026-09-24,513140,SH,78368000.0
2026-09-24,513150,SH,101559800.0
2026-09-24,513160,SH,3041189300.0
2026-09-24,513170,SH,153573000.0
2026-09-24,513180,SH,71267759500.0
2026-09-24,513190,SH,1103936000.0
2026-09-24,513200,SH,813282100.0000001
2026-09-24,513210,SH,39942000.0
2026-09-24,513220,SH,533109400.0
2026-09-24,513230,SH,329422699.99999994
2026-09-24,513240,SH,103496000.0
2026-09-24,513260,SH,4960243000.0
2026-09-24,513280,SH,336114500.0
2026-09-24,513290,SH,1069572100.0000001
2026-09-24,513300,SH,5471921000.0
2026-09-24,513310,SH,2523427000.0
2026-09-24,513320,SH,91010600.0
2026-09-24,513330,SH,75033480000.0
2026-09-24,513350,SH,860746000.0
2026-09-24,513360,SH,617713900.0
2026-09-24,513380,SH,18116784900.0
2026-09-24,513390,SH,2186379100.0
2026-09-24,513400,SH,3073062000.0
2026-09-24,513500,SH,10307638600.0
2026-09-24,513520,SH,1084387200.0
2026-09-24,513530,SH,3419438700.0
2026-09-24,513550,SH,1602992000.0
2026-09-24,513560,SH,531386000.0
2026-09-24,513580,SH,6055118000.0
2026-09-24,513590,SH,131418900.0
2026-09-24,513600,SH,579829500.0
2026-09-24,513620,SH,55216000.0
2026-09-24,513630,SH,6959359000.0
2026-09-24,513650,SH,4541734000.0
2026-09-24,513660,SH,1764000200.0
2026-09-24,513690,SH,3038979900.0
2026-09-24,513700,SH,758846000.0
2026-09-24,513720,SH,251859000.0
2026-09-24,513730,SH,790355000.0
2026-09-24,513750,SH,7757338000.0
2026-09-24,513770,SH,14598137900.0
2026-09-24,513780,SH,1740157000.0
2026-09-24,513800,SH,1056244400.0
2026-09-24,513810,SH,43992000.0
2026-09-24,513820,SH,1698169000.0
2026-09-24,513830,SH,52311000.0
2026-09-24,513850,SH,1323892600.0
2026-09-24,513860,SH,2566470600.0
2026-09-24,513870,SH,1456671000.0
2026-09-24,513880,SH,1327970000.0
2026-09-24,513890,SH,892128000.0
2026-09-24,513900,SH,89978000.0
2026-09-24,513910,SH,1901276000.0
2026-09-24,513920,SH,2258731000.0
2026-09-24,513930,SH,79908000.0
2026-09-24,513950,SH,2353119000.0
2026-09-24,513970,SH,1415041000.0
2026-09-24,513980,SH,16289204000.0
2026-09-24,513990,SH,43000000.0
2026-09-24,515000,SH,3228579300.0
2026-09-24,515010,SH,2090771600.0
2026-09-24,515020,SH,387345300.0
2026-09-24,515030,SH,1459384000.0
2026-09-24,515040,SH,56319600.0
2026-09-24,515050,SH,17509205400.0
2026-09-24,515060,SH,956478100.0
2026-09-24,515070,SH,7454940400.0
2026-09-24,515080,SH,7194148900.0
2026-09-24,515090,SH,8801700.0
2026-09-24,515100,SH,3579191500.0
2026-09-24,515110,SH,211295000.0
2026-09-24,515120,SH,16974993600.000002
2026-09-24,515130,SH,97463200.0
2026-09-24,515150,SH,398703200.0
2026-09-24,515160,SH,241955099.99999997
2026-09-24,515170,SH,8608757900.0
2026-09-24,515180,SH,12766637000.0
2026-09-24,515190,SH,293466100.0
2026-09-24,515200,SH,38943200.0
2026-09-24,515210,SH,932226100.0
2026-09-24,515220,SH,8063176899.999999
2026-09-24,515230,SH,7862690900.0
2026-09-24,515250,SH,334944500.0
2026-09-24,515260,SH,888568400.0
2026-09-24,515290,SH,2422972900.0
2026-09-24,515300,SH,2672675200.0
2026-09-24,515310,SH,325111200.0
2026-09-24,515320,SH,88309000.0
2026-09-24,515330,SH,6923709500.0
2026-09-24,515350,SH,10799200.0
2026-09-24,515360,SH,37279300.0
2026-09-24,515370,SH,973713000.0
2026-09-24,515380,SH,658899800.0
2026-09-24,515390,SH,2070683000.0
2026-09-24,515400,SH,1642631400.0000002
2026-09-24,515440,SH,85179300.0
2026-09-24,515450,SH,14594835000.0
2026-09-24,515460,SH,275091000.0
2026-09-24,515470,SH,200196800.0
2026-09-24,515480,SH,23340700.0
2026-09-24,515530,SH,13842700.0
2026-09-24,515550,SH,20345700.0
2026-09-24,515560,SH,191883300.00000003
2026-09-24,515580,SH,302031400.0
2026-09-24,515590,SH,34113700.0
2026-09-24,515600,SH,1035797400.0
2026-09-24,515630,SH,941717700.0
2026-09-24,515640,SH,27550000.0
2026-09-24,515650,SH,3093184000.0
2026-09-24,515660,SH,434494200.0
2026-09-24,515680,SH,1095264700.0
2026-09-24,515700,SH,579510200.0
2026-09-24,515710,SH,2327599800.0
2026-09-24,515720,SH,521611000.0
2026-09-24,515730,SH,40892000.0
2026-09-24,515750,SH,263140500.0
2026-09-24,515760,SH,95388100.0
2026-09-24,515770,SH,39727300.0
2026-09-24,515790,SH,5941494000.0
2026-09-24,515800,SH,3768437199.9999995
2026-09-24,515810,SH,275908800.0
2026-09-24,515840,SH,30426400.0
2026-09-24,515850,SH,648291000.0
2026-09-24,515860,SH,102878900.0
2026-09-24,515880,SH,65993774000.0
2026-09-24,515890,SH,382443900.0
2026-09-24,515900,SH,2222446500.0
2026-09-24,515910,SH,221507000.0
2026-09-24,515920,SH,59905700.0
2026-09-24,515940,SH,104412300.0
2026-09-24,515950,SH,535200600.0
2026-09-24,515960,SH,240991900.0
2026-09-24,515970,SH,431088000.0
2026-09-24,515980,SH,6047129000.0
2026-09-24,515990,SH,52350200.00000001
2026-09-24,516000,SH,421855000.0
2026-09-24,516010,SH,2372693000.0
2026-09-24,516020,SH,3507826200.0
2026-09-24,516040,SH,131516600.0
2026-09-24,516050,SH,158228000.0
2026-09-24,516060,SH,295237400.0
2026-09-24,516070,SH,302646000.0
2026-09-24,516080,SH,5018554800.0
2026-09-24,516090,SH,1710844800.0
2026-09-24,516100,SH,1160759700.0
2026-09-24,516110,SH,239623100.0
2026-09-24,516120,SH,4655082000.0
2026-09-24,516130,SH,1567890000.0
2026-09-24,516150,SH,3757077000.0
2026-09-24,516160,SH,1564142000.0
2026-09-24,516180,SH,152987000.0
2026-09-24,516190,SH,118818500.0
2026-09-24,516200,SH,448604000.0
2026-09-24,516210,SH,68831000.0
2026-09-24,516220,SH,254170000.0
2026-09-24,516230,SH,754921000.0
2026-09-24,516250,SH,60878000.0
2026-09-24,516260,SH,45882600.0
2026-09-24,516270,SH,331409000.0
2026-09-24,516290,SH,745196900.0
2026-09-24,516300,SH,37012600.0
2026-09-24,516310,SH,1643958500.0
2026-09-24,516320,SH,91589300.0
2026-09-24,516330,SH,7271300.0
2026-09-24,516350,SH,1342415300.0
2026-09-24,516360,SH,61551800.0
2026-09-24,516370,SH,274408000.0
2026-09-24,516380,SH,88449300.0
2026-09-24,516390,SH,188761000.0
2026-09-24,516440,SH,125626600.0
2026-09-24,516460,SH,419693000.0
2026-09-24,516500,SH,205937200.0
2026-09-24,516510,SH,1681890000.0
2026-09-24,516520,SH,769765500.0
2026-09-24,516530,SH,16802300.0
2026-09-24,516550,SH,262414400.0
2026-09-24,516560,SH,214258000.0
2026-09-24,516570,SH,1131357600.0
2026-09-24,516580,SH,150124100.0
2026-09-24,516590,SH,52015000.0
2026-09-24,516600,SH,110332099.99999999
2026-09-24,516610,SH,223974800.0
2026-09-24,516620,SH,203267500.0
2026-09-24,516630,SH,434156000.0
2026-09-24,516640,SH,1314482800.0
2026-09-24,516650,SH,5208464800.0
2026-09-24,516660,SH,158689000.0
2026-09-24,516670,SH,3416266300.0
2026-09-24,516700,SH,173622000.0
2026-09-24,516710,SH,74272000.0
2026-09-24,516720,SH,7837800.0
2026-09-24,516730,SH,226380800.00000003
2026-09-24,516750,SH,138167300.0
2026-09-24,516760,SH,289215100.0
2026-09-24,516770,SH,244048000.0
2026-09-24,516780,SH,2317599700.0
2026-09-24,516790,SH,180082200.0
2026-09-24,516800,SH,182308000.0
2026-09-24,516810,SH,533478900.0
2026-09-24,516820,SH,4579415200.0
2026-09-24,516830,SH,89676900.0
2026-09-24,516840,SH,129277000.0
2026-09-24,516850,SH,147237000.0
2026-09-24,516860,SH,1176522000.0
2026-09-24,516880,SH,907944100.0
2026-09-24,516890,SH,35311400.0
2026-09-24,516900,SH,280229000.0
2026-09-24,516910,SH,63641800.0
2026-09-24,516920,SH,484463000.0
2026-09-24,516930,SH,109139599.99999999
2026-09-24,516950,SH,108821000.0
2026-09-24,516960,SH,16051099.999999998
2026-09-24,516970,SH,1065042500.0
2026-09-24,516980,SH,54516000.0
2026-09-24,517000,SH,122793000.0
2026-09-24,517010,SH,72144200.0
2026-09-24,517030,SH,69040300.0
2026-09-24,517050,SH,347605000.0
2026-09-24,517080,SH,169166000.0
2026-09-24,517090,SH,86075000.0
2026-09-24,517100,SH,143602100.0
2026-09-24,517110,SH,1241098500.0
2026-09-24,517120,SH,504966400.0
2026-09-24,517130,SH,183654000.0
2026-09-24,517160,SH,1826777500.0
2026-09-24,517170,SH,16131800.0
2026-09-24,517180,SH,82496299.99999999
2026-09-24,517200,SH,143782000.0
2026-09-24,517230,SH,136545800.0
2026-09-24,517300,SH,963434500.0
2026-09-24,517330,SH,1808169000.0
2026-09-24,517350,SH,47542000.0
2026-09-24,517360,SH,23583000.0
2026-09-24,517380,SH,2840326300.0
2026-09-24,517390,SH,128112600.0
2026-09-24,517400,SH,1041792000.0
2026-09-24,517520,SH,6802904000.0
2026-09-24,517550,SH,80417400.0
2026-09-24,517660,SH,41080700.0
2026-09-24,517770,SH,192947800.0
2026-09-24,517800,SH,207539700.0
2026-09-24,517850,SH,38185200.0
2026-09-24,517880,SH,49337100.0
2026-09-24,517900,SH,385993500.0
2026-09-24,517950,SH,47123200.0
2026-09-24,517990,SH,43987900.0
2026-09-24,518600,SH,904516300.0
2026-09-24,518660,SH,1027052700.0
2026-09-24,518680,SH,875369500.0
2026-09-24,518800,SH,3947079200.0
2026-09-24,518850,SH,1985778700.0
2026-09-24,518860,SH,490359800.00000006
2026-09-24,518880,SH,11950040800.0
2026-09-24,518890,SH,378554800.00000006
2026-09-24,520500,SH,1856305000.0
2026-09-24,520510,SH,299728000.0
2026-09-24,520520,SH,51606000.0
2026-09-24,520530,SH,253776000.0
2026-09-24,520550,SH,1212024000.0
2026-09-24,520560,SH,605419000.0
2026-09-24,520570,SH,3649876000.0
2026-09-24,520580,SH,292983900.0
2026-09-24,520590,SH,221235000.0
2026-09-24,520600,SH,284868000.0
2026-09-24,520610,SH,397963000.0
2026-09-24,520620,SH,284409000.0
2026-09-24,520630,SH,592610000.0
2026-09-24,520650,SH,2460255000.0
2026-09-24,520660,SH,1907485500.0
2026-09-24,520670,SH,219928100.0
2026-09-24,520680,SH,79369000.0
2026-09-24,520690,SH,636454000.0
2026-09-24,520700,SH,461076000.0
2026-09-24,520710,SH,88029000.0
2026-09-24,520720,SH,135942000.0
2026-09-24,520730,SH,120394400.0
2026-09-24,520740,SH,40012600.0
2026-09-24,520750,SH,125384000.0
2026-09-24,520760,SH,123466000.0
2026-09-24,520770,SH,213373800.0
2026-09-24,520780,SH,44460000.0
2026-09-24,520790,SH,663075000.0
2026-09-24,520810,SH,318360000.0
2026-09-24,520820,SH,58682000.0
2026-09-24,520830,SH,1033619000.0
2026-09-24,520840,SH,1159049000.0
2026-09-24,520850,SH,161249600.0
2026-09-24,520860,SH,344195000.0
2026-09-24,520870,SH,516977200.0
2026-09-24,520880,SH,4319618000.0
2026-09-24,520890,SH,79008000.0
2026-09-24,520900,SH,1509175000.0
2026-09-24,520910,SH,755445000.0
2026-09-24,520920,SH,19244019000.0
2026-09-24,520930,SH,138733000.0
2026-09-24,520940,SH,22297000.0
2026-09-24,520950,SH,400421000.0
2026-09-24,520960,SH,53603400.0
2026-09-24,520970,SH,1148358000.0
2026-09-24,520980,SH,3128387000.0
2026-09-24,520990,SH,3249470500.0
2026-09-24,526000,SH,171142000.0
2026-09-24,526010,SH,31458000.0
2026-09-24,526030,SH,147465000.0
2026-09-24,526050,SH,43630000.0
2026-09-24,526060,SH,42877000.0
2026-09-24,526070,SH,49377000.0
2026-09-24,530000,SH,927029400.0
2026-09-24,530050,SH,131813000.0
2026-09-24,530060,SH,867193000.0
2026-09-24,530080,SH,24917000.0
2026-09-24,530100,SH,120696000.0
2026-09-24,530180,SH,61952000.0
2026-09-24,530280,SH,29934000.0
2026-09-24,530300,SH,33643000.0
2026-09-24,530380,SH,134705000.0
2026-09-24,530530,SH,128460000.0
2026-09-24,530580,SH,51149000.0
2026-09-24,530680,SH,102891900.0
2026-09-24,530800,SH,18201800.0
2026-09-24,530880,SH,37836000.0
2026-09-24,551000,SH,76624100.0
2026-09-24,551030,SH,190080000.0
2026-09-24,551060,SH,57911000.0
2026-09-24,551300,SH,62997500.0
2026-09-24,551500,SH,185120000.0
2026-09-24,551510,SH,156716100.0
2026-09-24,551520,SH,239021600.0
2026-09-24,551550,SH,198108200.0
2026-09-24,551560,SH,175408800.0
2026-09-24,551580,SH,107776800.0
2026-09-24,551800,SH,118451400.0
2026-09-24,551900,SH,141931700.0
2026-09-24,560010,SH,2076621700.0000002
2026-09-24,560020,SH,132562000.0
2026-09-24,560030,SH,21432000.0
2026-09-24,560050,SH,2134934400.0
2026-09-24,560060,SH,75090000.0
2026-09-24,560070,SH,80862300.0
2026-09-24,560080,SH,2274765000.0
2026-09-24,560090,SH,2321865000.0
2026-09-24,560100,SH,62580300.0
2026-09-24,560110,SH,295903500.0
2026-09-24,560120,SH,568689000.0
2026-09-24,560130,SH,65776200.0
2026-09-24,560150,SH,663279299.9999999
2026-09-24,560160,SH,140706000.0
2026-09-24,560170,SH,444495500.0
2026-09-24,560180,SH,13103000.0
2026-09-24,560190,SH,27334000.0
2026-09-24,560210,SH,486522000.0
2026-09-24,560220,SH,60717000.0
2026-09-24,560230,SH,83889000.0
2026-09-24,560250,SH,127333000.0
2026-09-24,560260,SH,1694664700.0
2026-09-24,560270,SH,158439000.0
2026-09-24,560280,SH,1295252000.0
2026-09-24,560290,SH,381694000.0
2026-09-24,560300,SH,26803400.0
2026-09-24,560310,SH,187122000.0
2026-09-24,560320,SH,101332000.0
2026-09-24,560330,SH,16130000.0
2026-09-24,560350,SH,803532100.0000001
2026-09-24,560360,SH,225345000.0
2026-09-24,560370,SH,217584000.0
2026-09-24,560380,SH,138861000.0
2026-09-24,560390,SH,2020258000.0
2026-09-24,560400,SH,177493000.0
2026-09-24,560410,SH,60786100.0
2026-09-24,560420,SH,119780200.0
2026-09-24,560450,SH,246069000.0
2026-09-24,560460,SH,271037000.0
2026-09-24,560470,SH,300340000.0
2026-09-24,560480,SH,126803000.0
2026-09-24,560490,SH,108482000.0
2026-09-24,560500,SH,291339000.0
2026-09-24,560510,SH,2549026900.0
2026-09-24,560520,SH,55751000.0
2026-09-24,560530,SH,3688623700.0
2026-09-24,560550,SH,123597400.0
2026-09-24,560560,SH,70190100.0
2026-09-24,560570,SH,1188541200.0
2026-09-24,560580,SH,410003000.0
2026-09-24,560590,SH,16710000.0
2026-09-24,560610,SH,5236988400.0
2026-09-24,560620,SH,25867000.0
2026-09-24,560630,SH,146394000.0
2026-09-24,560660,SH,120938000.0
2026-09-24,560670,SH,32474000.0
2026-09-24,560680,SH,329225600.0
2026-09-24,560690,SH,19639000.0
2026-09-24,560700,SH,448036900.0
2026-09-24,560710,SH,1721580000.0
2026-09-24,560720,SH,94548000.0
2026-09-24,560730,SH,69836300.0
2026-09-24,560750,SH,78554800.0
2026-09-24,560770,SH,1651633000.0
2026-09-24,560780,SH,12184488000.0
2026-09-24,560790,SH,216455900.0
2026-09-24,560800,SH,293951100.0
2026-09-24,560810,SH,178116000.0
2026-09-24,560820,SH,40926000.0
2026-09-24,560830,SH,667519000.0
2026-09-24,560850,SH,67164000.0
2026-09-24,560860,SH,5244233000.0
2026-09-24,560870,SH,91351900.0
2026-09-24,560880,SH,187732000.0
2026-09-24,560900,SH,201969100.0
2026-09-24,560910,SH,221721000.0
2026-09-24,560920,SH,45373300.0
2026-09-24,560930,SH,194524000.0
2026-09-24,560950,SH,15483000.0
2026-09-24,560970,SH,68138000.0
2026-09-24,560980,SH,324022000.0
2026-09-24,560990,SH,16187100.0
2026-09-24,561000,SH,47420000.0
2026-09-24,561010,SH,292356000.0
2026-09-24,561020,SH,25022199.999999996
2026-09-24,561030,SH,182550000.0
2026-09-24,561050,SH,232250000.0
2026-09-24,561060,SH,45065000.0
2026-09-24,561080,SH,24250000.0
2026-09-24,561090,SH,209974000.0
2026-09-24,561100,SH,586746900.0
2026-09-24,561120,SH,28159899.999999996
2026-09-24,561130,SH,83935200.0
2026-09-24,561160,SH,2277835000.0
2026-09-24,561170,SH,504032699.99999994
2026-09-24,561180,SH,49609600.0
2026-09-24,561190,SH,194318000.0
2026-09-24,561200,SH,31470500.0
2026-09-24,561220,SH,44553000.0
2026-09-24,561230,SH,458477800.0
2026-09-24,561250,SH,57752200.0
2026-09-24,561260,SH,23295200.0
2026-09-24,561280,SH,78847700.0
2026-09-24,561300,SH,559965000.0
2026-09-24,561310,SH,104833100.0
2026-09-24,561320,SH,40369000.0
2026-09-24,561330,SH,1833392100.0
2026-09-24,561350,SH,112700000.0
2026-09-24,561360,SH,1199148000.0
2026-09-24,561370,SH,32356000.0
2026-09-24,561380,SH,6053534000.0
2026-09-24,561390,SH,86128100.0
2026-09-24,561400,SH,22519000.0
2026-09-24,561410,SH,182613300.00000003
2026-09-24,561420,SH,1002237000.0
2026-09-24,561430,SH,28223200.0
2026-09-24,561450,SH,74124300.0
2026-09-24,561460,SH,3126020000.0
2026-09-24,561470,SH,80936000.0
2026-09-24,561490,SH,77631300.0
2026-09-24,561500,SH,54600300.0
2026-09-24,561510,SH,65206000.0
2026-09-24,561530,SH,56134000.0
2026-09-24,561550,SH,1390489600.0
2026-09-24,561560,SH,1897624200.0000002
2026-09-24,561570,SH,71147000.0
2026-09-24,561580,SH,1989870700.0
2026-09-24,561590,SH,101499599.99999999
2026-09-24,561600,SH,276548000.0
2026-09-24,561610,SH,158623800.0
2026-09-24,561620,SH,30727000.0
2026-09-24,561630,SH,41898000.0
2026-09-24,561660,SH,64710000.0
2026-09-24,561680,SH,54169000.0
2026-09-24,561690,SH,281380600.0
2026-09-24,561700,SH,332813600.0
2026-09-24,561730,SH,62748100.00000001
2026-09-24,561750,SH,61496000.0
2026-09-24,561760,SH,157695000.0
2026-09-24,561770,SH,35550000.0
2026-09-24,561780,SH,17355800.0
2026-09-24,561790,SH,55134000.0
2026-09-24,561800,SH,207577200.0
2026-09-24,561810,SH,43638400.0
2026-09-24,561830,SH,181571100.0
2026-09-24,561870,SH,88765000.0
2026-09-24,561880,SH,84389000.0
2026-09-24,561890,SH,31112600.000000004
2026-09-24,561900,SH,26334400.0
2026-09-24,561910,SH,4748076600.0
2026-09-24,561920,SH,47692000.0
2026-09-24,561930,SH,184260600.0
2026-09-24,561950,SH,73656000.0
2026-09-24,561960,SH,55785200.00000001
2026-09-24,561980,SH,8405550000.0
2026-09-24,561990,SH,325649200.0
2026-09-24,562000,SH,588737900.0
2026-09-24,562010,SH,18298700.0
2026-09-24,562030,SH,143973900.0
2026-09-24,562050,SH,123468000.0
2026-09-24,562060,SH,5053792600.0
2026-09-24,562070,SH,570542000.0
2026-09-24,562080,SH,566757200.0
2026-09-24,562110,SH,143481300.0
2026-09-24,562150,SH,184567500.0
2026-09-24,562170,SH,223592200.0
2026-09-24,562180,SH,90150000.0
2026-09-24,562300,SH,62495000.0
2026-09-24,562310,SH,412572300.00000006
2026-09-24,562320,SH,52295500.0
2026-09-24,562330,SH,12018900.000000002
2026-09-24,562340,SH,8144299.999999999
2026-09-24,562350,SH,124410900.0
2026-09-24,562360,SH,301474000.0
2026-09-24,562380,SH,73628900.0
2026-09-24,562390,SH,80429000.0
2026-09-24,562500,SH,18127187300.0
2026-09-24,562510,SH,1154595000.0
2026-09-24,562520,SH,26568000.0
2026-09-24,562530,SH,143144000.0
2026-09-24,562550,SH,1415919300.0
2026-09-24,562560,SH,22765500.0
2026-09-24,562570,SH,309281000.0
2026-09-24,562580,SH,39223300.0
2026-09-24,562590,SH,8836989000.0
2026-09-24,562600,SH,429937400.0
2026-09-24,562660,SH,338874000.0
2026-09-24,562700,SH,98750000.0
2026-09-24,562800,SH,5727145000.0
2026-09-24,562810,SH,47951000.0
2026-09-24,562820,SH,421408000.0
2026-09-24,562850,SH,175981500.0
2026-09-24,562860,SH,324895000.0
2026-09-24,562870,SH,596005200.0
2026-09-24,562880,SH,886399600.0000001
2026-09-24,562890,SH,275051000.0
2026-09-24,562900,SH,220706300.0
2026-09-24,562910,SH,305227300.0
2026-09-24,562920,SH,92069000.0
2026-09-24,562930,SH,1671437000.0
2026-09-24,562950,SH,1025258300.0
2026-09-24,562960,SH,1145891000.0
2026-09-24,562970,SH,375448000.0
2026-09-24,562990,SH,377756000.0
2026-09-24,563000,SH,1470951099.9999998
2026-09-24,563010,SH,100189300.0
2026-09-24,563020,SH,10483910000.0
2026-09-24,563030,SH,128669000.0
2026-09-24,563050,SH,180208400.0
2026-09-24,563060,SH,176527000.0
2026-09-24,563080,SH,1072588400.0
2026-09-24,563090,SH,57848000.0
2026-09-24,563150,SH,34399000.0
2026-09-24,563180,SH,94420000.0
2026-09-24,563200,SH,47458800.0
2026-09-24,563210,SH,106067000.0
2026-09-24,563220,SH,6314013700.0
2026-09-24,563230,SH,3107237000.0
2026-09-24,563280,SH,5206600.0
2026-09-24,563300,SH,3983674000.0
2026-09-24,563320,SH,217892000.0
2026-09-24,563330,SH,41160600.00000001
2026-09-24,563350,SH,173997599.99999997
2026-09-24,563360,SH,29821987400.000004
2026-09-24,563380,SH,795950000.0
2026-09-24,563390,SH,2128344000.0
2026-09-24,563500,SH,765958700.0
2026-09-24,563510,SH,283537000.0
2026-09-24,563520,SH,445065000.0
2026-09-24,563530,SH,1485748000.0
2026-09-24,563550,SH,79559000.0
2026-09-24,563560,SH,60769000.0
2026-09-24,563570,SH,100374000.0
2026-09-24,563580,SH,239648000.0
2026-09-24,563590,SH,59944399.99999999
2026-09-24,563600,SH,66483000.0
2026-09-24,563620,SH,47049000.0
2026-09-24,563630,SH,45947100.0
2026-09-24,563650,SH,140909000.0
2026-09-24,563660,SH,66085200.00000001
2026-09-24,563670,SH,185987000.0
2026-09-24,563680,SH,102959000.0
2026-09-24,563690,SH,61882000.0
2026-09-24,563700,SH,352150000.0
2026-09-24,563750,SH,362237000.0
2026-09-24,563760,SH,687913200.0000001
2026-09-24,563770,SH,27307000.0
2026-09-24,563780,SH,233027100.0
2026-09-24,563790,SH,1128447000.0
2026-09-24,563800,SH,9784978100.0
2026-09-24,563830,SH,126896000.0
2026-09-24,563850,SH,101681700.0
2026-09-24,563860,SH,179844300.0
2026-09-24,563870,SH,103303900.0
2026-09-24,563880,SH,1492996400.0000002
2026-09-24,563890,SH,19836000.0
2026-09-24,563900,SH,456965700.0
2026-09-24,563930,SH,25592000.0
2026-09-24,563960,SH,349512000.0
2026-09-24,563980,SH,228967000.0
2026-09-24,563990,SH,293573000.0
2026-09-24,588000,SH,55052668200.0
2026-09-24,588010,SH,990425800.0
2026-09-24,588020,SH,2405373000.0
2026-09-24,588030,SH,2264838100.0
2026-09-24,588040,SH,139889000.0
2026-09-24,588050,SH,6655241300.0
2026-09-24,588060,SH,7789140000.0
2026-09-24,588070,SH,36437000.0
2026-09-24,588080,SH,25855628100.0
2026-09-24,588090,SH,3135072800.0000005
2026-09-24,588100,SH,236746200.0
2026-09-24,588110,SH,925032000.0
2026-09-24,588120,SH,889622000.0
2026-09-24,588130,SH,455582600.0
2026-09-24,588140,SH,211751000.0
2026-09-24,588150,SH,408432600.0
2026-09-24,588160,SH,894996000.0
2026-09-24,588170,SH,46161447000.0
2026-09-24,588180,SH,776853700.0
2026-09-24,588190,SH,1348618299.9999998
2026-09-24,588200,SH,43585184300.0
2026-09-24,588210,SH,248254000.0
2026-09-24,588220,SH,3974197900.0
2026-09-24,588230,SH,779939000.0
2026-09-24,588240,SH,113633000.0
2026-09-24,588250,SH,271675000.0
2026-09-24,588260,SH,46746000.0
2026-09-24,588270,SH,301410000.0
2026-09-24,588280,SH,392121000.0
2026-09-24,588290,SH,4595691000.0
2026-09-24,588300,SH,1570210500.0
2026-09-24,588310,SH,30637500.0
2026-09-24,588320,SH,92824599.99999999
2026-09-24,588330,SH,1209737800.0
2026-09-24,588350,SH,658546000.0
2026-09-24,588360,SH,219081800.0
2026-09-24,588370,SH,73272000.0
2026-09-24,588380,SH,3299770000.0
2026-09-24,588390,SH,155935900.0
2026-09-24,588400,SH,1629600600.0
2026-09-24,588410,SH,105250000.0
2026-09-24,588420,SH,325648000.0
2026-09-24,588430,SH,94458000.0
2026-09-24,588450,SH,63568700.0
2026-09-24,588460,SH,651014000.0
2026-09-24,588470,SH,259907000.0
2026-09-24,588480,SH,221717000.0
2026-09-24,588500,SH,44647000.0
2026-09-24,588510,SH,295175000.0
2026-09-24,588520,SH,12957000.0
2026-09-24,588530,SH,201633300.00000003
2026-09-24,588550,SH,71290000.0
2026-09-24,588660,SH,38344000.0
2026-09-24,588670,SH,39792000.0
2026-09-24,588680,SH,35361000.0
2026-09-24,588690,SH,51636000.0
2026-09-24,588700,SH,425336200.0
2026-09-24,588710,SH,10926885000.0
2026-09-24,588720,SH,112241800.0
2026-09-24,588730,SH,712396300.0
2026-09-24,588750,SH,2992228000.0
2026-09-24,588760,SH,2437532000.0
2026-09-24,588770,SH,302597100.0
2026-09-24,588780,SH,983902000.0
2026-09-24,588790,SH,3226384000.0
2026-09-24,588800,SH,1649877000.0
2026-09-24,588810,SH,1734648000.0
2026-09-24,588820,SH,151400000.0
2026-09-24,588830,SH,616847900.0
2026-09-24,588840,SH,58236000.0
2026-09-24,588850,SH,78779000.0
2026-09-24,588860,SH,344889400.0
2026-09-24,588870,SH,896552000.0
2026-09-24,588880,SH,108368000.0
2026-09-24,588890,SH,2705430000.0
2026-09-24,588900,SH,370783000.0
2026-09-24,588910,SH,100049100.0
2026-09-24,588920,SH,316876000.0
2026-09-24,588930,SH,603329000.0
2026-09-24,588940,SH,3122840000.0
2026-09-24,588950,SH,719729700.0
2026-09-24,588960,SH,145579800.0
2026-09-24,588980,SH,14420000.0
2026-09-24,588990,SH,191745400.0
2026-09-24,589000,SH,1071507800.0
2026-09-24,589010,SH,926793000.0
2026-09-24,589020,SH,4680438000.0
2026-09-24,589030,SH,880077000.0
2026-09-24,589050,SH,46968000.0
2026-09-24,589060,SH,82137900.00000001
2026-09-24,589070,SH,2001293000.0
2026-09-24,589080,SH,143061000.0
2026-09-24,589090,SH,181931000.0
2026-09-24,589100,SH,881442500.0
2026-09-24,589110,SH,537413000.0
2026-09-24,589120,SH,1287620000.0
2026-09-24,589130,SH,3182780000.0
2026-09-24,589150,SH,839437200.0
2026-09-24,589160,SH,266296000.0
2026-09-24,589170,SH,147909000.0
2026-09-24,589180,SH,131318000.0
2026-09-24,589190,SH,3547562000.0
2026-09-24,589200,SH,25507000.0
2026-09-24,589210,SH,1288938000.0
2026-09-24,589220,SH,307495800.0
2026-09-24,589230,SH,241053000.0
2026-09-24,589250,SH,71101300.0
2026-09-24,589260,SH,127156000.0
2026-09-24,589270,SH,21516600.0
2026-09-24,589280,SH,144069000.0
2026-09-24,589290,SH,127848900.0
2026-09-24,589300,SH,41582500.0
2026-09-24,589310,SH,316491800.0
2026-09-24,589320,SH,105053000.0
2026-09-24,589330,SH,160902000.0
2026-09-24,589350,SH,214281500.0
2026-09-24,589360,SH,2699174000.0
2026-09-24,589380,SH,105694300.0
2026-09-24,589390,SH,1279810500.0
2026-09-24,589400,SH,279785200.0
2026-09-24,589410,SH,554565600.0
2026-09-24,589420,SH,362481500.0
2026-09-24,589430,SH,102849900.0
2026-09-24,589460,SH,130630900.0
2026-09-24,589480,SH,160443800.0
2026-09-24,589500,SH,80064000.0
2026-09-24,589510,SH,60586899.99999999
2026-09-24,589520,SH,804104600.0000001
2026-09-24,589550,SH,28295500.0
2026-09-24,589560,SH,272355000.0
2026-09-24,589580,SH,14354800.0
2026-09-24,589600,SH,221535000.0
2026-09-24,589630,SH,331258000.0
2026-09-24,589660,SH,261530000.0
2026-09-24,589680,SH,1414943700.0
2026-09-24,589700,SH,30291000.0
2026-09-24,589720,SH,4807823000.0
2026-09-24,589770,SH,148569200.0
2026-09-24,589780,SH,63215000.0
2026-09-24,589800,SH,1075988200.0
2026-09-24,589820,SH,129720200.0
2026-09-24,589850,SH,793057000.0
2026-09-24,589860,SH,162224000.0
2026-09-24,589880,SH,469996000.0
2026-09-24,589890,SH,84987000.0
2026-09-24,589900,SH,168908200.0
2026-09-24,589950,SH,357873000.0
2026-09-24,589960,SH,171316000.0
2026-09-24,589980,SH,126122000.0
2026-09-24,589990,SH,110090000.0
