code,close,amount20_yi,量能水平,量能波动,量能动量,量能比,excluded_by,n_hit,keep
BJ920001,11.2,0.2828082,0.3470055844405931,0.560947429231658,0.0779896013864818,0.6628153283265935,,0,True
BJ920002,51.94,0.5632313,0.24186404775659542,0.5873290968611593,0.9790102060466012,0.9478143654920085,量能动量;量能比,2,False
BJ920003,16.830002,0.20709206,0.1840939726554978,0.6976699403042558,0.991527055651839,0.9957635278259195,量能动量;量能比,2,False
BJ920006,16.75,0.867083,0.6508761794723666,0.4771808203350664,0.2975158867706528,0.006354708261120739,,0,True
BJ920008,20.3,0.484007,0.5746196803389177,0.3252455228191797,0.05334103601001348,0.005584440593106105,,0,True
BJ920010,8.900001,0.81053936,0.6300789524359715,0.536106296938186,0.8526863084922011,0.0770267668014635,量能动量,1,False
BJ920012,47.699997,0.5067818,0.3302522626612748,0.7435008665511266,0.08107067205854035,0.9010206046601194,量能比,1,False
BJ920015,43.5,0.89310586,0.5484305796264202,0.8784902753706914,0.8782977084536877,0.9807433082996341,量能波动;量能动量;量能比,3,False
BJ920016,14.799999,0.31012622,0.37069131523204313,0.5474677450414018,0.36279607163489314,0.13537454265357213,,0,True
BJ920017,15.990001,0.24491084,0.13210090506450992,0.21413441170806854,0.2584248026189101,0.21606008087810513,,0,True
BJ920019,15.6,0.55930835,0.5228191796649335,0.5397650683612555,0.5673021374927787,0.24629308684767956,,0,True
BJ920021,7.6599994,2.8999937,0.830155979202773,0.7918351627190449,0.07336799537839399,0.14326978625072212,量能水平,1,False
BJ920026,16.85,0.3666123,0.3437319468515309,0.6381667629501252,0.006932409012131715,0.4217215482380127,,0,True
BJ920028,15.210001,0.30936867,0.29578278451761986,0.14500288850375506,0.13248603889851723,0.138263046408627,,0,True
BJ920029,32.39,0.24878766,0.24244174850760639,0.2697862507221259,0.6516464471403813,0.1686886192952051,,0,True
BJ920030,5.12,0.20365497,0.16657038320816484,0.5988831118813788,0.9738108992875024,0.9233583670325438,量能动量;量能比,2,False
BJ920036,30.86,0.26704365,0.19507028692470635,0.2880801078374735,0.031003273637589063,0.03138840747159638,,0,True
BJ920037,37.84,0.2671345,0.24783362218370883,0.5133834007317543,0.3148469093009821,0.5501636818794531,,0,True
BJ920045,513.00006,8.845218,0.9127671865973426,0.8230310032736375,0.26131330637396494,0.1812054689004429,量能水平;量能波动,2,False
BJ920046,19.16,0.7519556,0.3385326400924321,0.22357019064124783,0.4810321586751396,0.01713845561332563,,0,True
BJ920047,15.72,0.5890735,0.5674947044097824,0.5499711149624494,0.6957442711342191,0.6849605237820142,,0,True
BJ920058,22.689999,0.2051833,0.13287117273252455,0.4261505873290969,0.11130367802811476,0.7123050259965338,,0,True
BJ920060,27.099998,1.8135989,0.7887540920469863,0.7904871943000192,0.34276911226651263,0.774311573271712,,0,True
BJ920068,15.25,0.2362412,0.17966493356441363,0.09455035624879646,0.24590795301367224,0.0284999037165415,,0,True
BJ920072,22.53,0.22982754,0.2984787213556711,0.5181975736568457,0.003273637589062199,0.15212786443289042,,0,True
BJ920075,15.589998,0.573494,0.5617176968996727,0.5846331600231081,0.011746581937223185,0.03774311573271712,,0,True
BJ920077,13.18,0.519038,0.35143462353167726,0.40419795879067977,0.18756017716156365,0.6235316772578471,,0,True
BJ920078,16.92,0.33577335,0.4053533602927017,0.29077604467552476,0.3554785287887541,0.27055651839014055,,0,True
BJ920083,38.29,1.7494664,0.821105334103601,0.9370306181398036,0.013094550356248796,0.8367032543808973,量能水平;量能波动;量能比,3,False
BJ920087,14.710001,3.1301763,0.8734835355285961,0.6716734065087618,0.5561332563065665,0.10745233968804159,量能水平,1,False
BJ920088,38.38,2.1718447,0.6878490275370691,0.511842865395725,0.6614673599075679,0.17677642980935876,,0,True
BJ920092,24.0,0.4903674,0.4365492008472944,0.46081263238975545,0.01424995185827075,0.024455998459464664,,0,True
BJ920096,29.61,0.267655,0.5488157134604275,0.2807625649913345,0.13056036972848065,0.09512805699980743,,0,True
BJ920098,17.4,0.34516168,0.349316387444637,0.25515116502984786,0.5076063932216445,0.00943577893317928,,0,True
BJ920100,29.04,0.5528864,0.5811669555170422,0.6165992682457154,0.7602541883304448,0.7317542846139033,,0,True
BJ920106,33.07,0.24600609,0.1322934719815136,0.3866743693433468,0.7498555748122473,0.7294434816098594,,0,True
BJ920111,25.630001,0.45666695,0.22838436356633932,0.1854419410745234,0.7544771808203351,0.49008280377431157,,0,True
BJ920116,42.420002,0.75566936,0.2857693048334296,0.3031003273637589,0.21355671095705758,0.23878297708453688,,0,True
BJ920119,52.519997,0.42764372,0.3936067783554785,0.20469863277488928,0.43443096476025417,0.022722896206431736,,0,True
BJ920122,23.05,0.43123856,0.4438667436934335,0.761794723666474,0.5879067976121702,0.8642403235124205,量能比,1,False
BJ920125,137.90999,2.4775107,0.5380319661082226,0.48546119776622376,0.1163104178702099,0.11091854419410745,,0,True
BJ920126,9.75,0.221747,0.2260735605622954,0.17427305988831118,0.11611785095320624,0.0504525322549586,,0,True
BJ920128,18.390001,0.56234,0.5079915270556519,0.3510494896976699,0.09455035624879646,0.0373579818987098,,0,True
BJ920130,15.85,0.44867188,0.4446370113614481,0.7034469478143655,0.0019256691700365878,0.47852878875409205,,0,True
BJ920139,14.2699995,0.6285764,0.6050452532254958,0.7856730213749278,0.026189100712497592,0.7346427883689582,,0,True
BJ920146,5.6800003,0.34945703,0.4078567302137493,0.7302137492778741,0.6441363373772386,0.9801656075486231,量能比,1,False
BJ920156,34.97,0.26962957,0.16002310803004044,0.13287117273252455,0.06181398035817447,0.07741190063547082,,0,True
BJ920158,7.76,0.2197367,0.19449258617369536,0.010783747352204892,0.20893510494896977,0.0009628345850182939,,0,True
BJ920159,28.26,0.6569612,0.5994608126323897,0.41170806855382247,0.17850953206239167,0.007317542846139034,,0,True
BJ920161,19.279999,0.61813295,0.6441363373772386,0.5257076834199884,0.060466011939148856,0.2971307529366455,,0,True
BJ920169,19.8,0.77139735,0.6119776622376276,0.3119584055459272,0.07991527055651838,0.004814172925091469,,0,True
BJ920171,15.25,0.33402252,0.32216445214712114,0.13787791257461968,0.10167533217793183,0.012709416522241479,,0,True
BJ920174,30.350002,0.4307374,0.49104563835932985,0.5077989601386482,0.5166570383208164,0.1939148854226844,,0,True
BJ920178,79.21,1.0219992,0.7918351627190449,0.7230887733487387,0.3077219333718467,0.2942422491815906,,0,True
BJ920179,55.03,1.905156,0.6724436741767764,0.5913730021182361,0.5380319661082226,0.3119584055459272,,0,True
BJ920181,63.95,0.3748727,0.18601964182553438,0.3629886385518968,0.43828230310032734,0.6040824186404775,,0,True
BJ920184,11.08,0.2911937,0.33314076641632967,0.2428268823416137,0.1634893125361063,0.016175621028307337,,0,True
BJ920185,20.65,0.8240672,0.6784132486038899,0.7533217793183131,0.9545542075871365,0.815520893510495,量能动量;量能比,2,False
BJ920186,65.9,2.4661183,0.8397843250529559,0.7523589447332948,0.25900250336992103,0.27286732139418446,量能水平,1,False
BJ920188,21.310001,0.24473318,0.17311765838628923,0.12227999229732332,0.16560754862314656,0.005199306759098787,,0,True
BJ920189,19.539999,1.0433888,0.7993452724821876,0.8563450799152705,0.14981706142884652,0.4721740804929713,量能波动,1,False
BJ920190,22.899998,1.0256103,0.6398998652031581,0.5956094742923166,0.14134411708068553,0.1251684960523782,,0,True
BJ920193,28.51,0.7556347,0.7171191989216252,0.7171191989216252,0.219526285384171,0.3887926054303871,,0,True
BJ920199,23.45,0.24386932,0.19584055459272098,0.22626612747929906,0.21702291546312344,0.332948199499326,,0,True
BJ920200,32.0,0.9633773,0.8829193144617755,0.9695744271134219,0.7847101867899094,0.8725207009435779,量能水平;量能波动;量能比,3,False
BJ920206,37.32,0.806335,0.731946851530907,0.6628153283265935,0.747159637974196,0.09811284421336415,,0,True
BJ920207,20.769999,0.57848746,0.4095898324667822,0.5212786443289043,0.40631619487772,0.3884074715963797,,0,True
BJ920208,11.360001,0.46756983,0.4787213556710957,0.5549778548045445,0.9141151550163682,0.4269208549971115,量能动量,1,False
BJ920211,85.6,0.3194638,0.49008280377431157,0.6289235509339496,0.4519545542075871,0.7047949162333911,,0,True
BJ920212,10.08,0.433416,0.3606778355478529,0.12497592913537454,0.42480261891007126,0.026959368380512227,,0,True
BJ920220,39.0,0.40151787,0.6766801463508569,0.5582514923936068,0.14230695166570384,0.06739842095128057,,0,True
BJ920222,24.04,0.63548124,0.5151165029847872,0.13056036972848065,0.7015212786443289,0.029270171384556135,,0,True
BJ920223,12.21,1.1818268,0.6967071057192374,0.6945888696321972,0.01733102253032929,0.06624301944925862,,0,True
BJ920225,15.690001,0.83599067,0.602156749470441,0.4194107452339688,0.17716156364336608,0.050645099171962256,,0,True
BJ920227,49.350002,0.33611992,0.23069516657038322,0.5921432697862508,0.04082418640477566,0.9071827460042364,量能比,1,False
BJ920230,11.2699995,0.24121456,0.17388792605430387,0.07933756980550741,0.27537069131523206,0.11496244945118429,,0,True
BJ920247,14.47,0.3422351,0.3689582129790102,0.34507991527055654,0.4484883497015213,0.7702676680146351,,0,True
BJ920249,8.72,0.37572196,0.4088195647987676,0.4436741767764298,0.008280377431157327,0.12959753514346237,,0,True
BJ920252,14.73,0.23517726,0.34045830926246873,0.7644906605045253,0.9645676872713268,0.8553822453302523,量能动量;量能比,2,False
BJ920273,17.1,0.58646214,0.6017716156364337,0.1592528403620258,0.3878297708453688,0.00462160600808781,,0,True
BJ920274,15.08,0.22535755,0.28615443866743695,0.15674947044097823,0.7273252455228192,0.04005391873676102,,0,True
BJ920284,17.27,0.47160187,0.6221837088388215,0.934527248218756,0.9882534180627768,0.886578085884845,量能波动;量能动量;量能比,3,False
BJ920299,13.259999,0.23150045,0.14615829000577701,0.1288272674754477,0.4124783362218371,0.045060658578856154,,0,True
BJ920304,9.179999,0.37731823,0.31369150779896016,0.07818216830348546,0.29404968226458694,0.0015405353360292702,,0,True
BJ920344,24.35,0.8950665,0.6171769689967264,0.9021760061621413,0.968996726362411,0.9543616406701328,量能波动;量能动量;量能比,3,False
BJ920346,15.030001,0.20679758,0.2120161756210283,0.7569805507413826,0.7159637974196034,0.9732331985364915,量能比,1,False
BJ920351,12.120001,0.31518885,0.38686693626035046,0.49817061428846526,0.009628345850182938,0.09089158482572694,,0,True
BJ920357,14.700001,0.34349808,0.2909686115925284,0.5597920277296361,0.19430001925669171,0.5882919314461775,,0,True
BJ920367,26.060001,1.3141525,0.6038898517234739,0.5085692278066628,0.41960331215097246,0.4255728865780859,,0,True
BJ920368,22.680002,0.64617836,0.5409204698632775,0.7465819372231851,0.4583092624687079,0.7005584440593106,,0,True
BJ920371,7.17,0.7441251,0.5486231465434238,0.24610051993067592,0.4806470248411323,0.004429039091084152,,0,True
BJ920392,13.22,0.21690032,0.31580974388600036,0.049489697669940304,0.31176583862892354,0.003658771423069517,,0,True
BJ920394,45.62,0.67783296,0.38628923550933947,0.6092817253995764,0.015405353360292702,0.44348160985942614,,0,True
BJ920402,7.92,0.4517973,0.39784325052955904,0.47275178124398226,0.5563258232235702,0.24013094550356248,,0,True
BJ920403,19.380001,1.2793968,0.6674369343346813,0.22838436356633932,0.3712690159830541,0.02041209320238783,,0,True
BJ920418,18.29,0.31335428,0.31985364914307723,0.7221259387637204,0.9817061428846524,0.9684190256113999,量能动量;量能比,2,False
BJ920422,9.33,0.22172105,0.170421721548238,0.10533410360100134,0.1854419410745234,0.007702676680146351,,0,True
BJ920425,13.86,0.23721728,0.14249951858270749,0.1163104178702099,0.05199306759098787,0.08261120739456962,,0,True
BJ920427,10.78,0.57569075,0.5085692278066628,0.7090313884074716,0.41594454072790293,0.9913344887348353,量能比,1,False
BJ920429,10.44,0.22484273,0.21240130945503563,0.29539765068361257,0.6734065087617948,0.07837473522048911,,0,True
BJ920438,110.4,4.87205,0.8014635085692278,0.8444059310610437,0.5074138263046408,0.8024263431542461,量能水平;量能波动;量能比,3,False
BJ920445,7.28,0.26249784,0.20777970344694782,0.6454843057962643,0.9158482572694011,0.9019834392451377,量能动量;量能比,2,False
BJ920471,11.36,0.20246154,0.11072597727710379,0.03774311573271712,0.2097053726169844,0.015212786443289043,,0,True
BJ920476,22.479998,0.2746656,0.1756210283073368,0.29597535143462356,0.12420566146735991,0.1815906027344502,,0,True
BJ920478,11.099999,0.7171558,0.5742345465049105,0.7481224725592144,0.10360100134796842,0.9501251684960523,量能比,1,False
BJ920489,12.07,0.26222354,0.32948199499326014,0.44771808203350666,0.18062776814943193,0.37993452724821875,,0,True
BJ920491,20.9,0.40098092,0.3957250144425188,0.4496437512035432,0.07009435778933179,0.2915463123435394,,0,True
BJ920493,106.77,1.3883997,0.7669940304255729,0.7344502214519546,0.08415174273059889,0.21471211245907953,,0,True
BJ920505,24.84,0.23096128,0.31600231080300406,0.5979202772963604,0.01848642403235124,0.6764875794338533,,0,True
BJ920509,22.669998,1.0159607,0.6866936260350471,0.8771423069516657,0.8885037550548815,0.9337569805507414,量能波动;量能动量;量能比,3,False
BJ920510,19.26,1.1311942,0.6108222607356056,0.7461968033891777,0.8482572694011169,0.8861929520508377,量能动量;量能比,2,False
BJ920522,19.61,1.1177564,0.8784902753706914,0.9867128827267475,0.9867128827267475,0.8958212979010206,量能水平;量能波动;量能动量;量能比,4,False
BJ920526,21.749998,0.70847446,0.545156942037358,0.8867706528018486,0.01887155786635856,0.9426150587329097,量能波动;量能比,2,False
BJ920527,14.77,0.22068812,0.12901983439245138,0.08684767956865011,0.5707683419988446,0.026766801463508568,,0,True
BJ920533,16.230001,0.4668884,0.5411130367802811,0.422684382823031,0.1359522434045831,0.049104563835932986,,0,True
BJ920564,13.53,0.2704307,0.20604660119391488,0.20258039668784902,0.3025226266127479,0.03389177739264394,,0,True
BJ920571,8.66,2.6945846,0.8682842287694974,0.8848449836318121,0.056999807433083,0.2199114192181783,量能水平;量能波动,2,False
BJ920576,35.7,0.5967452,0.3429616791835163,0.3545156942037358,0.5909878682842288,0.4856537646832274,,0,True
BJ920592,24.95,1.599528,0.8548045445792413,0.8006932409012132,0.14076641632967457,0.2070094357789332,量能水平;量能波动,2,False
BJ920593,23.279999,0.38964012,0.42518775274407855,0.37723859041016755,0.8068553822453303,0.7277103793568265,量能动量,1,False
BJ920599,17.38,0.48015144,0.32813402657423457,0.36452917388792605,0.8039668784902754,0.38802233776237244,量能动量,1,False
BJ920608,13.449999,0.22116412,0.19872905834777585,0.008472944348160986,0.45465049104563837,0.00019256691700365877,,0,True
BJ920634,15.48,0.22941338,0.2676680146350857,0.13190833814750627,0.1621413441170807,0.012131715771230503,,0,True
BJ920640,26.520002,0.93113023,0.5917581359522434,0.7585210860774119,0.7267475447718083,0.8561525129982669,量能比,1,False
BJ920642,9.57,0.28545597,0.2576545349508954,0.11554015020219527,0.0625842480261891,0.006162141344117081,,0,True
BJ920651,18.23,0.2013116,0.19641825534373195,0.4265357211631042,0.8767571731176584,0.8551896784132486,量能动量;量能比,2,False
BJ920662,18.009998,0.35965183,0.3545156942037358,0.19969189293279416,0.21837088388214904,0.022530329289428077,,0,True
BJ920699,59.929996,0.4811237,0.15848257269401117,0.16310417870209898,0.15809743886000385,0.22761409589832468,,0,True
BJ920706,16.17,0.4836068,0.44540727902946275,0.7564028499903717,0.9235509339495475,0.9283651068746389,量能动量;量能比,2,False
BJ920725,79.78,5.313879,0.7388792605430387,0.5601771615636434,0.4421336414404005,0.268053148469093,,0,True
BJ920726,14.919999,0.4989375,0.3597150009628346,0.24205661467359907,0.4999037165414982,0.021374927787406125,,0,True
BJ920735,26.02,0.58281666,0.48122472559214324,0.44194107452339687,0.6932409012131716,0.5257076834199884,,0,True
BJ920748,34.2,1.369497,0.7381089928750241,0.8890814558058926,0.9628345850182939,0.8992875024070864,量能波动;量能动量;量能比,3,False
BJ920770,9.9800005,0.39699268,0.4735220489119969,0.2722896206431735,0.6982476410552667,0.052185634507991525,,0,True
BJ920779,28.600002,0.4310847,0.46081263238975545,0.9524359715000963,0.9992297323319853,0.9730406316194877,量能波动;量能动量;量能比,3,False
BJ920786,7.3700004,1.1581011,0.6947814365492009,0.6978625072212594,0.7332948199499326,0.07895243597150009,,0,True
BJ920790,21.890001,0.80336505,0.690737531292124,0.37146158290005776,0.3246678220681687,0.030425572886578087,,0,True
BJ920799,30.350002,1.7616142,0.8904294242249181,0.7082611207394569,0.14172925091469285,0.043327556325823226,量能水平,1,False
BJ920806,10.01,0.20806617,0.15155016368187946,0.13421914115155018,0.4748700173310225,0.14134411708068553,,0,True
BJ920807,8.82,0.32320544,0.43500866551126516,0.6244945118428654,0.01251684960523782,0.5786635855959946,,0,True
BJ920808,56.93,1.2908945,0.789524359715001,0.6491430772193337,0.3945696129404968,0.1346042749855575,,0,True
BJ920809,6.9799995,0.5749548,0.32563065665318697,0.45792412863470056,0.8738686693626035,0.6843828230310033,量能动量,1,False
BJ920819,3.06,0.26238003,0.21894858463316003,0.3129212401309455,0.44752551511650296,0.07529366454843057,,0,True
BJ920821,19.380001,1.8855994,0.8496052378201425,0.8072405160793376,0.12343539379934527,0.1700365877142307,量能水平;量能波动,2,False
BJ920826,8.29,0.53481233,0.44810321586751395,0.25611399961486614,0.575004814172925,0.002503369921047564,,0,True
BJ920855,12.909999,0.450384,0.39302907760446754,0.22202965530521857,0.16252647795108802,0.0005777007510109763,,0,True
BJ920866,6.2799997,0.40967852,0.33198536491430775,0.14442518775274407,0.38166762950125166,0.0038513383400731755,,0,True
BJ920873,7.31,0.2549029,0.1270941652224148,0.683997689196996,0.11900635470826113,0.9697669940304255,量能比,1,False
BJ920876,15.96,0.32474315,0.36876564606200657,0.2984787213556711,0.1582900057770075,0.019256691700365876,,0,True
BJ920885,11.740001,0.25934488,0.24725592143269787,0.275948392066243,0.33756980550741383,0.1172732524552282,,0,True
BJ920892,11.330001,0.2362289,0.17504332755632582,0.5000962834585019,0.6689774696707106,0.8072405160793376,量能比,1,False
BJ920895,20.679998,2.2522848,0.8020412093202388,0.4975929135374543,0.2630464086269979,0.1929520508376661,量能水平,1,False
BJ920924,14.100001,0.318767,0.3394954746774504,0.22337762372424416,0.15790487194300018,0.06797612170229154,,0,True
BJ920943,13.82,0.21285821,0.19198921625264778,0.1765838628923551,0.15751973810899286,0.03562487964567687,,0,True
BJ920946,10.78,0.6166616,0.4240323512420566,0.48083959175813595,0.8503755054881571,0.6841902561139996,量能动量,1,False
BJ920953,22.37,0.4059952,0.3993837858655883,0.2709416522241479,0.3988060851145773,0.14981706142884652,,0,True
BJ920961,21.52,1.1502284,0.7059503177354131,0.9686115925284037,0.2699788176391296,0.9855574812247256,量能波动;量能比,2,False
BJ920964,4.81,0.416863,0.38320816483728093,0.1606008087810514,0.08588484498363182,0.0011554015020219526,,0,True
BJ920970,6.27,0.5353812,0.4459849797804737,0.16791835162719046,0.3672251107259773,0.008858078182168303,,0,True
BJ920971,26.210001,1.13634,0.7444637011361448,0.7831696514538802,0.5723088773348739,0.8548045445792413,量能比,1,False
BJ920976,22.99,0.35643795,0.26150587329096864,0.47063354515694206,0.8650105911804352,0.46774504140188716,量能动量,1,False
BJ920978,17.12,0.22305381,0.300211823608704,0.4203735798189871,0.4667822068168689,0.4586943963027152,,0,True
BJ920981,28.08,0.62941647,0.4923936067783555,0.6809166185249375,0.2909686115925284,0.6811091854419411,,0,True
BJ920982,141.88,1.3435154,0.878682842287695,0.976891969959561,0.9919121894858464,0.9844020797227037,量能水平;量能波动;量能动量;量能比,4,False
BJ920992,12.959999,0.20400473,0.20373579818987098,0.6922780666281533,0.17253995763527827,0.9874831503947622,量能比,1,False
SH600000,9.4800005,6.6471896,0.6079337569805507,0.8159060273445022,0.9732331985364915,0.8632774889274023,量能波动;量能动量;量能比,3,False
SH600004,7.76,0.6228919,0.12266512613133064,0.21509724629308685,0.9491623339110341,0.5800115540150202,量能动量,1,False
SH600006,5.73,1.3610919,0.18197573656845753,0.6560754862314654,0.9924898902368573,0.99210475640285,量能动量;量能比,2,False
SH600007,20.5,0.43093073,0.004814172925091469,0.01887155786635856,0.8028114769882534,0.6069709223955324,量能动量,1,False
SH600008,2.73,1.7567426,0.6048526863084922,0.31580974388600036,0.6730213749277874,0.4067013287117273,,0,True
SH600009,22.58,1.5410275,0.1663778162911612,0.11476988253418063,0.8022337762372425,0.4009243212016176,量能动量,1,False
SH600010,2.09,5.87808,0.8074330829963412,0.6913152320431349,0.6291161178509532,0.62526477951088,量能水平,1,False
SH600011,7.0399995,4.3731537,0.7261698440207972,0.9002503369921048,0.8713652994415559,0.8153283265934912,量能波动;量能动量;量能比,3,False
SH600012,15.58,0.8595524,0.005969574427113422,0.00019256691700365877,0.487579433853264,0.11380704794916234,,0,True
SH600015,6.2699995,4.945638,0.5322549585981129,0.5187752744078568,0.8723281340265743,0.1985364914307722,量能动量,1,False
SH600016,3.51,8.635917,0.6439437704602349,0.2176006162141344,0.7425380319661082,0.36549200847294433,,0,True
SH600017,2.83,0.8776426,0.35181975736568455,0.07433082996341228,0.6233391103408434,0.4026574234546505,,0,True
SH600018,5.4500003,2.691624,0.6150587329096862,0.4170999422299249,0.6853456576160216,0.43154246100519933,,0,True
SH600019,5.93,5.1750836,0.7188523011746581,0.5058732909686116,0.9304833429616792,0.6968996726362411,量能动量,1,False
SH600020,3.8700001,0.46912056,0.07433082996341228,0.12690159830541112,0.7323319853649143,0.6154438667436934,,0,True
SH600021,13.249999,3.6263683,0.5723088773348739,0.6591565569035239,0.9279799730406316,0.2857693048334296,量能动量,1,False
SH600022,1.31,1.146997,0.5570960908915848,0.6732139418447911,0.9322164452147121,0.868476795686501,量能动量;量能比,2,False
SH600023,5.2200003,2.5200796,0.8105141536683997,0.6052378201424995,0.9399191218948585,0.658578856152513,量能水平;量能动量,2,False
SH600025,9.889999,2.79881,0.45984979780473717,0.4244174850760639,0.7034469478143655,0.7148083959175814,,0,True
SH600026,20.560001,16.147797,0.7614095898324668,0.5786635855959946,0.17369535913730022,0.30906990179087235,,0,True
SH600027,4.9500003,3.5533886,0.6968996726362411,0.6714808395917581,0.9185441941074524,0.618524937415752,量能动量,1,False
SH600028,5.2799997,11.495986,0.7981898709801656,0.5006739842095128,0.5133834007317543,0.6189100712497593,,0,True
SH600029,4.92,2.3776822,0.6210283073367996,0.6148661659926825,0.8393991912189486,0.5178124398228384,量能动量,1,False
SH600030,25.86,23.553482,0.4269208549971115,0.33660697092239555,0.47795108800308106,0.2927017138455613,,0,True
SH600031,17.49,12.417399,0.130367802811477,0.06296938186019642,0.7910648950510303,0.5746196803389177,,0,True
SH600032,7.7000003,2.5439644,0.7500481417292509,0.9774696707105719,0.9934527248218756,0.9410745233968805,量能波动;量能动量;量能比,3,False
SH600033,3.6699998,1.1914928,0.17773926439437704,0.5072212593876372,0.7631426920854997,0.8382437897169266,量能比,1,False
SH600035,3.74,0.479273,0.08511457731561718,0.04101675332177932,0.838051222799923,0.4989408819564799,量能动量,1,False
SH600036,41.260002,24.239805,0.5659541690737532,0.4914307721933372,0.9152705565183902,0.527055651839014,量能动量,1,False
SH600037,7.07,1.0650604,0.4839206624301945,0.11977662237627576,0.48180242634315423,0.5838628923550934,,0,True
SH600038,27.06,1.3194605,0.14789139225880993,0.12150972462930869,0.8070479491623339,0.22029655305218562,量能动量,1,False
SH600039,8.73,1.6093875,0.01887155786635856,0.018293857115347582,0.584055459272097,0.5176198729058348,,0,True
SH600048,5.77,12.5250225,0.7608318890814558,0.9237435008665511,0.9285576737916426,0.9170036587714231,量能波动;量能动量;量能比,3,False
SH600050,4.23,4.5874243,0.7487001733102253,0.6545349508954361,0.9037165414981706,0.6897746967071057,量能动量,1,False
SH600051,6.3800006,0.26876265,0.05873290968611593,0.06547275178124398,0.8033891777392644,0.6622376275755825,量能动量,1,False
SH600052,3.82,0.4978916,0.6216060080878105,0.4983631812054689,0.7841324860388985,0.48661659926824574,,0,True
SH600054,10.5,1.1106107,0.17215482380127095,0.020219526285384173,0.46485653764683227,0.016560754862314654,,0,True
SH600055,10.6,0.48597124,0.005006739842095128,0.04525322549585981,0.31754284613903333,0.6460620065472752,,0,True
SH600056,8.88,0.72795665,0.013287117273252455,0.0013479684190256115,0.7352204891199692,0.6131330637396495,,0,True
SH600057,6.1099997,1.2287312,0.42210668207202,0.3535528596187175,0.8083959175813595,0.25457346427883687,量能动量,1,False
SH600058,8.5199995,0.6346574,0.1288272674754477,0.2667051800500674,0.7074908530714423,0.9395339880608512,量能比,1,False
SH600059,12.2699995,7.6258426,0.7949162333911034,0.7250144425187752,0.6751396110148277,0.9329867128827267,量能比,1,False
SH600060,27.45,2.187143,0.08184093972655498,0.08935104948969767,0.1569420373579819,0.24494511842865396,,0,True
SH600061,6.19,1.948493,0.19949932601579048,0.17504332755632582,0.4371269015983054,0.34219141151550164,,0,True
SH600062,16.24,0.7708367,0.008087810514153668,0.07587136529944155,0.9015983054111304,0.7860581552089351,量能动量,1,False
SH600063,5.3399997,1.6233014,0.14500288850375506,0.4078567302137493,0.18293857115347584,0.7444637011361448,,0,True
SH600064,8.04,1.2835937,0.08164837280955133,0.4783362218370884,0.9822838436356633,0.8499903716541498,量能动量;量能比,2,False
SH600066,26.72,5.7394805,0.005777007510109763,0.04236472174080493,0.49951858270749083,0.7820142499518583,,0,True
SH600067,2.66,0.6398223,0.09012131715771231,0.17196225688426728,0.7552474484883497,0.8721355671095706,量能比,1,False
SH600071,16.279999,0.37172785,0.006739842095128057,0.019449258617369534,0.7334873868669363,0.389948006932409,,0,True
SH600072,9.700001,1.964239,0.43886000385133833,0.7348353552859619,0.974581166955517,0.6054303870595031,量能动量,1,False
SH600073,5.5299997,0.588396,0.20354323127286733,0.05122279992297323,0.5399576352782592,0.21779318313113807,,0,True
SH600075,4.59,1.0652051,0.33602927017138456,0.02060466011939149,0.6508761794723666,0.06277681494319276,,0,True
SH600076,2.13,0.9983255,0.8384363566339302,0.7304063161948777,0.3620258039668785,0.32851916040824186,量能水平,1,False
SH600078,9.789999,1.4565166,0.17080685538224533,0.16002310803004044,0.22453302522626611,0.08511457731561718,,0,True
SH600079,19.169998,1.2958735,0.009628345850182938,0.07914500288850375,0.9670710571923743,0.8230310032736375,量能动量;量能比,2,False
SH600081,11.89,0.41082695,0.02503369921047564,0.471211245907953,0.9936452917388793,0.9803581744656268,量能动量;量能比,2,False
SH600082,3.32,0.28103286,0.08704024648565377,0.14962449451184287,0.7758521086077412,0.836895821297901,量能比,1,False
SH600085,23.74,0.92208743,0.007124975929135375,0.04756402849990372,0.821105334103601,0.49682264586943964,量能动量,1,False
SH600088,13.36,4.2367864,0.7631426920854997,0.7702676680146351,0.06893895628730984,0.2391681109185442,,0,True
SH600089,17.32,8.829787,0.19911419218178317,0.3475832851916041,0.6884267282880802,0.5309069901790873,,0,True
SH600094,4.19,1.0698507,0.7587136529944155,0.7931831311380705,0.911996918929328,0.8871557866358559,量能动量;量能比,2,False
SH600095,8.7300005,5.8589687,0.9447332948199499,0.7983824378971692,0.3980358174465627,0.1638744463701136,量能水平,1,False
SH600096,27.86,7.7458773,0.5176198729058348,0.2690159830541113,0.5299441555940689,0.05141536683997689,,0,True
SH600097,9.25,0.52827823,0.1815906027344502,0.03909108415174273,0.2984787213556711,0.03312150972462931,,0,True
SH600098,6.32,1.1875583,0.31927594839206624,0.27305988831118816,0.8534565761602156,0.3597150009628346,量能动量,1,False
SH600099,9.4,0.28277186,0.027537069131523203,0.02002695936838051,0.7700751010976314,0.6899672636241094,,0,True
SH600100,6.52,1.2911124,0.4833429616791835,0.6474099749663008,0.3119584055459272,0.6402849990371654,,0,True
SH600101,7.8300004,1.2044159,0.30194492586173693,0.25996533795493937,0.3797419603312151,0.04852686308492201,,0,True
SH600103,3.4,10.710019,0.9478143654920085,0.6293086847679569,0.48777200077026767,0.029077604467552476,量能水平,1,False
SH600104,10.88,6.6114955,0.47429231658001153,0.14404005391873675,0.8673213941844791,0.12690159830541112,量能动量,1,False
SH600105,36.26,52.399883,0.8445984979780474,0.6680146350856923,0.24648565376468323,0.22953976506836127,量能水平,1,False
SH600106,4.5099998,0.5514736,0.03697284806470248,0.062006547275178125,0.8461390333140767,0.7487001733102253,量能动量,1,False
SH600108,3.97,12.700523,0.9191218948584633,0.6603119584055459,0.21971885230117466,0.05680724051607934,量能水平,1,False
SH600109,8.13,1.7662598,0.10957057577508184,0.1690737531292124,0.23146543423839785,0.3231272867321394,,0,True
SH600110,10.87,17.936634,0.7841324860388985,0.7768149431927595,0.07279029462738301,0.31735027922202963,,0,True
SH600111,35.3,11.427388,0.09166185249374158,0.1881378779125746,0.275948392066243,0.4484883497015213,,0,True
SH600113,27.99,1.7159797,0.029270171384556135,0.016753321779318313,0.2749855574812247,0.05988831118813788,,0,True
SH600114,25.43,3.613207,0.13807047949162335,0.1792797997304063,0.7912574619680339,0.34122857693048336,,0,True
SH600115,3.4,5.314662,0.9397265549778548,0.8960138648180243,0.8322742152898132,0.5268630849220104,量能水平;量能波动;量能动量,3,False
SH600116,6.15,0.737456,0.0878105141536684,0.016560754862314654,0.7960716348931254,0.4823801270941652,,0,True
SH600117,2.17,0.3194324,0.4157519738108993,0.6770652801848642,0.14500288850375506,0.7034469478143655,,0,True
SH600118,55.030003,11.230491,0.08819564798767572,0.21355671095705758,0.2876949740034662,0.5555555555555556,,0,True
SH600120,4.65,1.4144108,0.09705372616984402,0.01733102253032929,0.34257654534950893,0.1887155786635856,,0,True
SH600121,5.3399997,10.7306595,0.9938378586558829,0.9566724436741768,0.7047949162333911,0.5961871750433275,量能水平;量能波动,2,False
SH600123,6.8599997,1.480499,0.08145580589254767,0.05025996533795494,0.243789716926632,0.26497207779703447,,0,True
SH600125,5.27,0.47493523,0.041787020989793956,0.013094550356248796,0.7092239553244752,0.2755632582322357,,0,True
SH600126,5.94,2.0936644,0.3321779318313114,0.23570190641247835,0.17022915463123436,0.31349894088195646,,0,True
SH600127,13.14,31.025047,0.9780473714615829,0.9853649143077219,0.6547275178124399,0.373579818987098,量能水平;量能波动,2,False
SH600128,8.66,0.29174235,0.03466204506065858,0.017523589447332948,0.4128634700558444,0.40631619487772,,0,True
SH600129,13.540001,1.1418995,0.32486038898517233,0.22857693048334296,0.6140958983246678,0.5954169073753129,,0,True
SH600130,4.56,1.0227121,0.6720585403427691,0.721740804929713,0.16079337569805507,0.4488734835355286,,0,True
SH600131,15.389999,0.9744131,0.0714423262083574,0.6389370306181398,0.9857500481417293,0.8885037550548815,量能动量;量能比,2,False
SH600132,38.030003,0.9791168,0.012324282688234161,0.02484113229347198,0.7379164259580204,0.5894473329481995,,0,True
SH600133,7.8700004,0.79900366,0.25149239360677833,0.14866165992682456,0.6067783554785288,0.4769882534180628,,0,True
SH600135,7.44,0.7477942,0.5243597150009628,0.5054881571346043,0.1667629501251685,0.4436741767764298,,0,True
SH600137,18.03,0.237223,0.019064124783362217,0.003273637589062199,0.5642210668207202,0.6389370306181398,,0,True
SH600138,6.9999995,0.77288985,0.26554977854804546,0.10918544194107452,0.39765068361255534,0.04236472174080493,,0,True
SH600141,26.869999,6.616044,0.44251877527440786,0.2903909108415174,0.4629308684767957,0.30387059503177355,,0,True
SH600143,12.76,2.6785233,0.04371269015983054,0.01405738494126709,0.12266512613133064,0.36568457538994803,,0,True
SH600148,15.8,0.4533786,0.08299634122857694,0.024455998459464664,0.24629308684767956,0.04833429616791835,,0,True
SH600149,5.18,0.39349252,0.0999422299248989,0.10803004043905257,0.7606393221644522,0.5842480261891008,,0,True
SH600150,39.1,50.565372,0.8625072212593876,0.6310417870209898,0.6269978817639129,0.16233391103408434,量能水平,1,False
SH600151,9.129999,1.9053495,0.35836703254380897,0.2385904101675332,0.34392451376853456,0.2512998266897747,,0,True
SH600152,8.48,1.3718749,0.5515116502984787,0.9728480647024841,0.9955709609089158,0.975736568457539,量能波动;量能动量;量能比,3,False
SH600153,8.82,1.7920613,0.06643558636626228,0.2093202387829771,0.935682649720778,0.7779703446947814,量能动量,1,False
SH600155,5.92,1.6611245,0.7180820335066436,0.5825149239360677,0.059310610437126904,0.2622761409589833,,0,True
SH600156,7.35,1.8808589,0.665318698247641,0.8732909686115925,0.9291353745426536,0.9765068361255537,量能波动;量能动量;量能比,3,False
SH600157,1.45,5.3105054,0.9139225880993646,0.9183516271904487,0.8990949354900828,0.7024841132293472,量能水平;量能波动;量能动量,3,False
SH600158,6.9300003,1.5748053,0.30887733487386865,0.040439052570768345,0.6926632004621606,0.24783362218370883,,0,True
SH600159,2.81,0.6285081,0.4009243212016176,0.43886000385133833,0.8989023685730791,0.5072212593876372,量能动量,1,False
SH600160,33.13,8.243418,0.13364144040053919,0.30618139803581745,0.309262468707876,0.7868284228769498,,0,True
SH600161,12.589999,1.2971523,0.049104563835932986,0.29636048526863085,0.9349123820527633,0.7273252455228192,量能动量,1,False
SH600162,4.2599998,6.2553077,0.6412478336221837,0.7413826304640863,0.2509146928557674,0.39091084151742733,,0,True
SH600163,5.6000004,4.3617387,0.878105141536684,0.7716156364336607,0.20200269593683806,0.49817061428846526,量能水平,1,False
SH600165,3.35,0.60036486,0.19699595609474294,0.44579241286347004,0.62526477951088,0.6882341613710764,,0,True
SH600166,2.8,2.3549604,0.4737146158290006,0.23897554400154053,0.8601964182553438,0.45465049104563837,量能动量,1,False
SH600167,5.65,0.41213256,0.022722896206431736,0.011746581937223185,0.8998652031580975,0.2732524552281918,量能动量,1,False
SH600169,2.1899998,0.20280716,0.01116888118621221,0.044868091661852495,0.9270171384556133,0.3695359137300212,量能动量,1,False
SH600170,2.2399998,2.8763258,0.38860003851338343,0.4446370113614481,0.8621220874253803,0.7866358559599461,量能动量,1,False
SH600171,21.759998,1.8280104,0.4987483150394762,0.38282303100327364,0.5193529751588677,0.5744271134219141,,0,True
SH600172,14.12,37.40393,0.9420373579818987,0.7679568650105911,0.6861159252840362,0.5025996533795494,量能水平,1,False
SH600173,5.96,0.26950878,0.028885037550548817,0.12901983439245138,0.9578278451761987,0.8355478528788755,量能动量;量能比,2,False
SH600176,39.41,100.579636,0.47891392258809934,0.46774504140188716,0.1022530329289428,0.19275948392066242,,0,True
SH600177,8.379999,1.9382387,0.015983054111303678,0.021567494704409784,0.80473714615829,0.41536683997689194,量能动量,1,False
SH600178,9.889999,0.82781583,0.20854997111496246,0.5807818216830348,0.9705372616984402,0.935104948969767,量能动量;量能比,2,False
SH600179,4.35,1.2717593,0.5043327556325823,0.3780088580781822,0.5328326593491238,0.36125553629886387,,0,True
SH600180,1.49,0.38149923,0.788368958212979,0.5274407856730213,0.6524167148083959,0.07259772771037935,,0,True
SH600183,129.95999,90.31932,0.4138263046408627,0.13364144040053919,0.3179279799730406,0.16098594261505872,,0,True
SH600184,17.85,6.446503,0.5938763720392837,0.5264779510880031,0.026766801463508568,0.08376660889659157,,0,True
SH600185,4.7999997,2.4293137,0.689582129790102,0.3391103408434431,0.7766223762757558,0.05411130367802811,,0,True
SH600186,11.46,29.657684,0.9639899865203158,0.9753514346235317,0.24898902368573078,0.6200654727517813,量能水平;量能波动,2,False
SH600188,19.439999,8.452167,0.16425958020412093,0.1032158675139611,0.6379741960331216,0.14230695166570384,,0,True
SH600189,8.95,1.4008356,0.35470826112073944,0.7633352590025033,0.9805507413826304,0.9842095128057,量能动量;量能比,2,False
SH600191,8.85,1.0580715,0.3585595994608126,0.2382052763335259,0.057577508184093976,0.08107067205854035,,0,True
SH600192,7.19,1.7147893,0.6949740034662045,0.7473522048911997,0.3188908145580589,0.1434623531677258,,0,True
SH600195,6.73,0.49412712,0.02368573079145003,0.04294242249181591,0.7219333718467167,0.3533602927017138,,0,True
SH600196,24.02,4.2063117,0.1975736568457539,0.454843057962642,0.8189870980165608,0.8946658963989986,量能动量;量能比,2,False
SH600197,9.32,0.4058195,0.024070864625457346,0.2869247063354516,0.8207202002695937,0.7916425958020412,量能动量,1,False
SH600198,7.2099996,1.6028166,0.8935104948969766,0.8093587521663779,0.14769882534180628,0.08164837280955133,量能水平;量能波动,2,False
SH600199,7.0,1.5091789,0.34565761602156747,0.5347583285191604,0.6277681494319276,0.7579433853264009,,0,True
SH600201,11.610001,1.1623863,0.010398613518197574,0.010013479684190255,0.6890044290390911,0.6618524937415752,,0,True
SH600202,5.18,0.2787477,0.0439052570768342,0.024648565376468323,0.6393221644521471,0.5624879645676872,,0,True
SH600203,9.78,2.4461823,0.6310417870209898,0.27286732139418446,0.27248218756017717,0.059310610437126904,,0,True
SH600206,46.62,37.120346,0.9376083188908145,0.9412670903138841,0.5201232428268824,0.6909300982091277,量能水平;量能波动,2,False
SH600207,5.26,2.0169137,0.8948584633160023,0.9156556903523975,0.9379934527248219,0.961101482765261,量能水平;量能波动;量能动量;量能比,4,False
SH600208,2.91,2.088256,0.7146158290005777,0.7583285191604082,0.9008280377431157,0.8952435971500097,量能动量;量能比,2,False
SH600210,6.3600006,0.8959596,0.06085114577315617,0.1503947621798575,0.9549393414211439,0.4725592143269786,量能动量,1,False
SH600211,36.35,0.8853624,0.0373579818987098,0.11149624494511842,0.7737338725207009,0.6606970922395532,,0,True
SH600212,5.63,0.59323746,0.2732524552281918,0.5790487194300019,0.6192952050837666,0.8592335836703254,量能比,1,False
SH600215,6.2299995,0.35374317,0.2713267860581552,0.35932986712882725,0.6439437704602349,0.7704602349316387,,0,True
SH600216,12.429999,1.5514944,0.08954361640670133,0.035239745811669554,0.5692278066628154,0.3264009243212016,,0,True
SH600217,3.2700002,0.40663967,0.08338147506258425,0.08203350664355864,0.2576545349508954,0.19430001925669171,,0,True
SH600218,8.03,0.80202067,0.4507991527055652,0.42942422491815907,0.12093202387829771,0.8994800693240901,量能比,1,False
SH600219,4.71,5.8292174,0.7433082996341228,0.6266127479299056,0.7781629116117851,0.3142692085499711,,0,True
SH600221,1.22,2.447401,0.8913922588099364,0.9179664933564413,0.830155979202773,0.8307336799537839,量能水平;量能波动;量能动量;量能比,4,False
SH600222,7.89,1.2987206,0.4615829000577701,0.3479684190256114,0.07818216830348546,0.4432890429424225,,0,True
SH600223,5.74,0.40937617,0.2647795108800308,0.19160408241864046,0.7548623146543424,0.6940111688811862,,0,True
SH600226,5.15,4.692813,0.3830155979202773,0.43327556325823224,0.46370113614481034,0.6520315809743886,,0,True
SH600227,3.8500001,9.484625,0.9347198151357596,0.9306759098786829,0.02349316387444637,0.12998266897746968,量能水平;量能波动,2,False
SH600228,10.12,3.7287052,0.6813017523589447,0.5782784517619873,0.748892740227229,0.5719237435008665,,0,True
SH600229,5.75,0.81922144,0.5272482187560177,0.30714423262083573,0.38397843250529556,0.15771230502599654,,0,True
SH600230,13.15,1.9088826,0.43385326400924323,0.7587136529944155,0.9649528211053341,0.9680338917773926,量能动量;量能比,2,False
SH600231,1.69,0.4463415,0.12343539379934527,0.6452917388792605,0.9010206046601194,0.9809358752166378,量能动量;量能比,2,False
SH600232,6.66,0.42432112,0.15424610051993068,0.5736568457538995,0.941844791064895,0.9595609474292317,量能动量;量能比,2,False
SH600233,17.79,4.1864223,0.496630078952436,0.35432312728673215,0.09512805699980743,0.29828615443866746,,0,True
SH600234,19.19,0.8061516,0.1634893125361063,0.1411515501636819,0.4656268053148469,0.09031388407471597,,0,True
SH600235,5.97,0.26099575,0.14596572308877334,0.20662430194492587,0.7130752936645485,0.7007510109763143,,0,True
SH600236,9.27,1.223469,0.13421914115155018,0.24648565376468323,0.38186019641825536,0.186789909493549,,0,True
SH600237,8.549999,4.5729527,0.8642403235124205,0.795108800308107,0.09378008858078182,0.5245522819179665,量能水平,1,False
SH600239,1.4399999,0.21445519,0.033699210475640284,0.16291161178509533,0.9231658001155402,0.8779125746196803,量能动量;量能比,2,False
SH600241,9.72,0.37746167,0.267475447718082,0.846524167148084,0.9605237820142499,0.9799730406316195,量能波动;量能动量;量能比,3,False
SH600243,3.64,0.20032856,0.45753899480069327,0.7175043327556326,0.3106104371269016,0.8931253610629694,量能比,1,False
SH600246,12.58,13.945568,0.7442711342191412,0.7741190063547082,0.08376660889659157,0.6624301944925862,,0,True
SH600248,2.8899999,0.47824737,0.5014442518775274,0.31638744463701135,0.8270749085307144,0.6123627960716349,量能动量,1,False
SH600249,5.35,0.592905,0.18428653957250143,0.09243212016175621,0.2971307529366455,0.07124975929135374,,0,True
SH600250,8.75,1.4778993,0.5792412863470056,0.28422876949740034,0.23608704024648566,0.020989793953398807,,0,True
SH600251,9.99,2.981248,0.16965145388022337,0.31869824764105525,0.6901598305411131,0.18987098016560755,,0,True
SH600252,2.2,1.0976084,0.1022530329289428,0.01579048719430002,0.5187752744078568,0.6662815328326593,,0,True
SH600255,3.35,4.3325543,0.8937030618139804,0.725207009435779,0.06373964952821105,0.0340843443096476,量能水平,1,False
SH600256,6.67,9.332725,0.3054111303678028,0.39322164452147124,0.3830155979202773,0.2703639514731369,,0,True
SH600257,5.5,0.9787851,0.29828615443866746,0.09262468707875987,0.2185634507991527,0.0966685923358367,,0,True
SH600258,11.01,1.96421,0.6920854997111496,0.7677642980935875,0.7259772771037936,0.2616984402079723,,0,True
SH600259,73.74,5.3536167,0.5884844983631812,0.6391295975351434,0.13903331407664163,0.39765068361255534,,0,True
SH600261,3.29,0.65895426,0.04140188715578664,0.1349894088195648,0.0854997111496245,0.7011361448103216,,0,True
SH600262,14.519999,0.713131,0.16502984787213557,0.25052955902176005,0.20489119969189293,0.21875601771615635,,0,True
SH600266,4.42,1.8252116,0.4558058925476603,0.7309840169458887,0.7966493356441363,0.9073753129212402,量能比,1,False
SH600267,11.75,2.3031209,0.4604274985557481,0.42075871365299444,0.7997304063161949,0.7404197958790679,,0,True
SH600268,10.09,1.041211,0.12439822838436357,0.32274215289813213,0.7598690544964375,0.5751973810899288,,0,True
SH600269,3.8100002,0.6558174,0.08588484498363182,0.03755054881571346,0.8145580589254766,0.19641825534373195,量能动量,1,False
SH600271,6.6400003,0.6276562,0.03273637589062199,0.0471788946658964,0.45792412863470056,0.5259002503369921,,0,True
SH600272,15.01,4.701638,0.9077604467552475,0.919892162526478,0.02657423454650491,0.5024070864625457,量能水平;量能波动,2,False
SH600273,6.2000003,0.81473714,0.23878297708453688,0.178894665896399,0.5855959946081263,0.2097053726169844,,0,True
SH600276,47.2,27.710176,0.12863470055844406,0.41767764298093585,0.9067976121702291,0.7173117658386289,量能动量,1,False
SH600278,6.5200005,0.31555995,0.23108030040439054,0.02079722703639515,0.47275178124398226,0.520893510494897,,0,True
SH600279,4.32,0.3341436,0.19738108992875025,0.03331407664163297,0.5218563450799153,0.20373579818987098,,0,True
SH600280,3.01,2.002307,0.5453495089543616,0.08492201039861352,0.3676102445599846,0.016368187945310995,,0,True
SH600281,4.62,0.69436,0.607163489312536,0.8112844213364144,0.012131715771230503,0.854419410745234,量能波动;量能比,2,False
SH600282,4.5400004,1.6335926,0.1985364914307722,0.18736761024455997,0.7078759869054496,0.6441363373772386,,0,True
SH600283,8.04,0.24127038,0.03889851723473907,0.04274985557481225,0.5846331600231081,0.18890814558058924,,0,True
SH600284,5.14,0.5489144,0.1503947621798575,0.1120739456961294,0.5068361255536299,0.4879645676872713,,0,True
SH600285,18.98,0.9167671,0.015212786443289043,0.053726169844020795,0.8276526092817253,0.5836703254380897,量能动量,1,False
SH600288,10.36,1.5756693,0.633737723859041,0.3527825919507029,0.43731946851530906,0.13614481032158676,,0,True
SH600292,11.42,0.911692,0.29924898902368574,0.36972848064702485,0.812054689004429,0.6229539765068361,量能动量,1,False
SH600295,13.059999,1.3842645,0.11650298478721356,0.07067205854034277,0.6710957057577508,0.18967841324860388,,0,True
SH600298,37.47,2.514558,0.09686115925284036,0.3676102445599846,0.44579241286347004,0.8107067205854034,量能比,1,False
SH600299,8.21,2.6893454,0.7176968996726363,0.7242441748507606,0.38455613325630655,0.39996148661659925,,0,True
SH600300,3.1000001,1.0122509,0.44078567302137495,0.27113421914115154,0.4090121317157712,0.21124590795301368,,0,True
SH600302,6.76,0.34083763,0.19372231850568072,0.22953976506836127,0.11919892162526478,0.16849605237820142,,0,True
SH600303,3.11,0.8669814,0.5058732909686116,0.4787213556710957,0.22761409589832468,0.7051800500673984,,0,True
SH600305,6.7400002,0.45169264,0.016560754862314654,0.05199306759098787,0.5316772578471018,0.5927209705372617,,0,True
SH600307,1.47,0.64662814,0.4465626805314847,0.7055651839014058,0.5353360292701714,0.7604467552474485,,0,True
SH600308,3.2699997,0.38640964,0.06316194877720008,0.2821105334103601,0.00038513383400731754,0.43443096476025417,,0,True
SH600309,68.899994,21.072325,0.08684767956865011,0.19121894858463315,0.6770652801848642,0.5900250336992104,,0,True
SH600310,4.52,3.0204122,0.6164067013287118,0.5164644714038128,0.6537646832274215,0.235894473329482,,0,True
SH600312,20.29,3.0530498,0.2726747544771808,0.5819372231850568,0.976891969959561,0.7985750048141729,量能动量,1,False
SH600313,6.73,7.1336117,0.8987098016560755,0.6035047178894666,0.5838628923550934,0.01116888118621221,量能水平,1,False
SH600315,18.380001,1.3393236,0.09378008858078182,0.08973618332370499,0.8474870017331022,0.4170999422299249,量能动量,1,False
SH600316,33.41,3.973853,0.4030425572886578,0.13152320431349895,0.27113421914115154,0.11438474870017332,,0,True
SH600318,6.8,3.350182,0.7741190063547082,0.4482957827845176,0.11977662237627576,0.0028885037550548816,,0,True
SH600319,6.3199997,0.25285023,0.2811476988253418,0.09069901790872328,0.5083766608896592,0.4610051993067591,,0,True
SH600320,4.07,1.5343583,0.2004621606008088,0.16175621028307338,0.430579626420181,0.3878297708453688,,0,True
SH600322,2.79,0.72545046,0.5809743886000385,0.6861159252840362,0.8952435971500097,0.8742538031966108,量能动量;量能比,2,False
SH600323,29.48,1.2020954,0.030425572886578087,0.06508761794723666,0.6541498170614288,0.45522819179664936,,0,True
SH600325,2.9199998,3.013999,0.6853456576160216,0.8621220874253803,0.846524167148084,0.9447332948199499,量能波动;量能动量;量能比,3,False
SH600326,6.7299995,1.6004494,0.24167148083959175,0.6697477373387252,0.7442711342191412,0.84421336414404,量能比,1,False
SH600327,3.88,0.6472066,0.05006739842095128,0.06970922395532447,0.39071827460042363,0.25014442518775276,,0,True
SH600328,5.6800003,1.0189244,0.39842095128057,0.16483728095513192,0.7001733102253033,0.12497592913537454,,0,True
SH600329,35.32,0.590705,0.022915463123435394,0.01386481802426343,0.8937030618139804,0.6797612170229155,量能动量,1,False
SH600330,26.9,26.97831,0.951473136915078,0.9093009820912767,0.20431349894088197,0.3125361062969382,量能水平;量能波动,2,False
SH600331,11.559999,4.32393,0.3872520700943578,0.3587521663778163,0.1881378779125746,0.16502984787213557,,0,True
SH600332,19.72,1.1010734,0.2925091469285577,0.24167148083959175,0.8497978047371462,0.381475062584248,量能动量,1,False
SH600333,6.82,0.8346614,0.44637011361448103,0.3213941844791065,0.7991527055651839,0.20912767186597342,,0,True
SH600335,5.26,0.55380076,0.1887155786635856,0.3333333333333333,0.8091661852493741,0.5455420758713653,量能动量,1,False
SH600336,6.22,0.5886675,0.24648565376468323,0.05988831118813788,0.6090891584825727,0.05180050067398421,,0,True
SH600337,3.8199997,0.6651782,0.2782591950702869,0.44482957827845176,0.691892932794146,0.9774696707105719,量能比,1,False
SH600338,12.0,3.2938783,0.8320816483728095,0.6406701328711727,0.4209512805699981,0.3246678220681687,量能水平,1,False
SH600339,3.2399998,1.538943,0.838051222799923,0.7144232620835741,0.32948199499326014,0.25861736953591374,量能水平,1,False
SH600340,1.3,0.8730023,0.13306373964952822,0.5307144232620836,0.9718852301174659,0.9917196225688427,量能动量;量能比,2,False
SH600343,18.880001,6.8937926,0.691892932794146,0.8336221837088388,0.3292894280762565,0.8172539957635279,量能波动;量能比,2,False
SH600345,48.789997,6.117113,0.863470055844406,0.7038320816483729,0.47737338725207007,0.20392836510687465,量能水平,1,False
SH600346,16.070002,5.2161455,0.31754284613903333,0.3050259965337955,0.6165992682457154,0.7435008665511266,,0,True
SH600348,8.88,2.731896,0.043327556325823226,0.015212786443289043,0.39957635278259196,0.16984402079722705,,0,True
SH600350,10.16,1.2430841,0.059310610437126904,0.053533602927017136,0.8293857115347584,0.22896206431735028,量能动量,1,False
SH600351,6.82,1.2362624,0.178894665896399,0.243789716926632,0.7833622183708839,0.6772578471018679,,0,True
SH600352,12.59,5.6007333,0.10186789909493549,0.18524937415751974,0.5929135374542653,0.29539765068361257,,0,True
SH600353,28.68,17.497547,0.5237820142499519,0.6445214712112459,0.33699210475640284,0.5830926246870788,,0,True
SH600354,9.240001,12.20041,0.9431927594839207,0.8888888888888888,0.5850182938571153,0.18756017716156365,量能水平;量能波动,2,False
SH600356,11.46,1.5653964,0.7825919507028692,0.9585981128442134,0.24667822068168688,0.9620643173502792,量能波动;量能比,2,False
SH600358,5.6899996,0.52459514,0.29539765068361257,0.8003081070672059,0.9845946466397073,0.9905642210668207,量能波动;量能动量;量能比,3,False
SH600359,7.4,4.1172514,0.8601964182553438,0.8992875024070864,0.4392451376853457,0.20797227036395147,量能水平;量能波动,2,False
SH600360,10.83,7.2774734,0.7983824378971692,0.6843828230310033,0.4380897361833237,0.7875986905449643,,0,True
SH600361,3.4900002,1.207872,0.5827074908530715,0.46408626997881763,0.2990564221066821,0.35490082803774314,,0,True
SH600362,41.8,24.936901,0.6863084922010398,0.6108222607356056,0.04120932023878298,0.08704024648565377,,0,True
SH600366,10.71,2.1224446,0.2559214326978625,0.3339110340843443,0.13421914115155018,0.33930290776044675,,0,True
SH600367,33.079998,11.841537,0.8669362603504718,0.8834970152127865,0.22953976506836127,0.5337954939341422,量能水平;量能波动,2,False
SH600368,4.11,1.1709942,0.34103601001347966,0.4506065857885615,0.19949932601579048,0.22068168688619294,,0,True
SH600369,3.9199998,1.1992681,0.5337954939341422,0.4696707105719237,0.2543808973618332,0.31580974388600036,,0,True
SH600370,1.3699999,0.22344054,0.10340843443096476,0.5247448488349702,0.9755440015405353,0.7585210860774119,量能动量,1,False
SH600371,13.509999,10.939363,0.8594261505873291,0.903523974581167,0.690737531292124,0.43096476025418834,量能水平;量能波动,2,False
SH600372,11.249999,3.3764503,0.6689774696707106,0.28191796649335643,0.21683034854611977,0.12112459079530137,,0,True
SH600373,7.5099998,1.0576932,0.1363373772385904,0.15077989601386482,0.10899287502407086,0.700943577893318,,0,True
SH600375,3.7299998,0.7373614,0.6666666666666666,0.6090891584825727,0.9031388407471597,0.4386674369343347,量能动量,1,False
SH600376,3.3,2.079824,0.756787983824379,0.935682649720778,0.8164837280955132,0.9208549971114962,量能波动;量能动量;量能比,3,False
SH600377,13.0,1.2888762,0.08068553822453303,0.10494896976699403,0.8005006739842095,0.6660889659156557,量能动量,1,False
SH600378,41.2,25.176039,0.9202772963604853,0.762950125168496,0.11361448103215868,0.058925476603119586,量能水平,1,False
SH600379,13.939999,1.8176186,0.317157712305026,0.44752551511650296,0.036587714230695165,0.4685153090699018,,0,True
SH600380,10.160001,1.6637602,0.3889851723473907,0.7772000770267669,0.9647602541883304,0.9462738301559792,量能动量;量能比,2,False
SH600381,4.2,0.2365589,0.6620450606585788,0.7315617176968997,0.16137107644906606,0.5505488157134605,,0,True
SH600382,5.64,0.73013943,0.09455035624879646,0.4184479106489505,0.03273637589062199,0.7939533988060851,,0,True
SH600383,2.74,3.9539099,0.8274600423647217,0.9740034662045061,0.9145002888503755,0.9503177354130561,量能水平;量能波动;量能动量;量能比,4,False
SH600386,3.5400002,0.2884619,0.07567879838243789,0.0887733487386867,0.6801463508569228,0.7415751973810899,,0,True
SH600388,16.800001,1.809916,0.11226651261313306,0.27248218756017717,0.062006547275178125,0.5796264201810128,,0,True
SH600389,17.89,2.3525448,0.308107067205854,0.10263816676295012,0.5070286924706335,0.06720585403427691,,0,True
SH600390,4.85,1.5894686,0.7762372424417485,0.6501059118043521,0.6244945118428654,0.42287694974003465,,0,True
SH600391,40.609997,7.2287955,0.6957442711342191,0.586366262276141,0.4432890429424225,0.2643943770460235,,0,True
SH600392,20.169998,7.2718773,0.40708646254573466,0.4827652609281725,0.15309069901790873,0.3354515694203736,,0,True
SH600395,4.9900002,1.8179296,0.4165222414789139,0.29366454843057965,0.2605430387059503,0.18390140573849412,,0,True
SH600396,12.389999,17.71312,0.902368573079145,0.9060273445022146,0.11688811862122088,0.08299634122857694,量能水平;量能波动,2,False
SH600397,16.12,11.436494,0.8010783747352205,0.8264972077797035,0.19969189293279416,0.5074138263046408,量能水平;量能波动,2,False
SH600398,5.65,2.1146972,0.40573849412670904,0.11842865395725015,0.4868091661852494,0.09647602541883304,,0,True
SH600399,4.29,1.4162267,0.42287694974003465,0.1933371846716734,0.24224918159060274,0.17446562680531486,,0,True
SH600400,3.2900002,2.2322576,0.5505488157134605,0.4488734835355286,0.053726169844020795,0.11245907953013672,,0,True
SH600403,7.02,8.741907,0.8405545927209706,0.8056999807433083,0.4902753706913152,0.6533795493934142,量能水平;量能波动,2,False
SH600405,4.94,0.5410803,0.1644521471211246,0.1536683997689197,0.77315617176969,0.2952050837666089,,0,True
SH600406,22.519999,6.8483367,0.010591180435201233,0.08569227806662816,0.8447910648950511,0.8767571731176584,量能动量;量能比,2,False
SH600408,3.13,1.5756707,0.6445214712112459,0.494896976699403,0.648372809551319,0.6570383208164837,,0,True
SH600409,6.16,1.508452,0.12305025996533796,0.06566531869824764,0.6578085884844984,0.15578663585595995,,0,True
SH600410,14.179999,17.522139,0.8003081070672059,0.7448488349701521,0.027537069131523203,0.10379356826497207,量能水平,1,False
SH600415,11.08,5.6668444,0.11534758328519161,0.5665318698247641,0.8734835355285961,0.9191218948584633,量能动量;量能比,2,False
SH600416,8.32,1.0621061,0.3052185634507992,0.300789524359715,0.7311765838628923,0.46177546697477373,,0,True
SH600418,27.47,23.710323,0.8149431927594839,0.8779125746196803,0.9445407279029463,0.9824764105526671,量能水平;量能波动;量能动量;量能比,4,False
SH600419,8.940001,0.5171093,0.3327556325823224,0.3745426535721163,0.9329867128827267,0.08684767956865011,量能动量,1,False
SH600420,8.39,0.5015362,0.008280377431157327,0.016368187945310995,0.6285384170999422,0.5807818216830348,,0,True
SH600422,8.110001,0.33182332,0.016753321779318313,0.022915463123435394,0.8440207972270364,0.5790487194300019,量能动量,1,False
SH600425,3.69,0.51672655,0.05584440593106104,0.25284036202580396,0.7908723281340265,0.8376660889659157,量能比,1,False
SH600426,19.43,6.90881,0.08569227806662816,0.03446947814365492,0.559214326978625,0.26381667629501254,,0,True
SH600428,10.71,4.1491365,0.40053918736761024,0.35413056036972845,0.6060080878105142,0.22125938763720393,,0,True
SH600429,4.85,0.6272096,0.4296167918351627,0.7517812439822839,0.9443481609859427,0.8673213941844791,量能动量;量能比,2,False
SH600433,3.26,0.6916955,0.1686886192952051,0.09897939533988061,0.6289235509339496,0.49066050452532256,,0,True
SH600435,11.16,3.0475535,0.12227999229732332,0.08068553822453303,0.6499133448873483,0.06893895628730984,,0,True
SH600436,118.0,2.257932,0.0007702676680146351,0.00462160600808781,0.8486424032351242,0.5950317735413057,量能动量,1,False
SH600438,11.5199995,3.4762707,0.15578663585595995,0.3887926054303871,0.9206624301944926,0.7696899672636242,量能动量,1,False
SH600444,14.509999,0.29283708,0.06123627960716349,0.07856730213749277,0.6283458501829385,0.6680146350856923,,0,True
SH600446,10.41,1.3422625,0.024455998459464664,0.002503369921047564,0.2965530521856345,0.519738108992875,,0,True
SH600448,3.1000001,2.3518744,0.8954361640670133,0.9778548045445793,0.021182360870402466,0.9659156556903524,量能水平;量能波动;量能比,3,False
SH600449,12.48,1.1177438,0.045060658578856154,0.06893895628730984,0.23204313498940882,0.15289813210090505,,0,True
SH600452,8.78,2.1106606,0.09570575775081841,0.22876949740034663,0.07587136529944155,0.31080300404390526,,0,True
SH600455,24.63,0.33645985,0.12459079530136723,0.15713460427498555,0.23974581166955516,0.59368380512228,,0,True
SH600456,24.63,0.9860804,0.11342191411515502,0.16965145388022337,0.23801270941652225,0.17196225688426728,,0,True
SH600458,10.99,1.5337547,0.10725977277103793,0.1434623531677258,0.6150587329096862,0.42018101290198345,,0,True
SH600459,18.02,2.2910995,0.15328326593491237,0.19025611399961487,0.2801848642403235,0.2697862507221259,,0,True
SH600460,30.75,21.291187,0.5690352397458117,0.41787020989793955,0.13961101482765262,0.35143462353167726,,0,True
SH600461,8.809999,0.8852462,0.057770075101097634,0.10206046601193915,0.5064509917196226,0.3710764490660505,,0,True
SH600463,8.37,0.29002303,0.05103023300596957,0.1746581937223185,0.878682842287695,0.838051222799923,量能动量;量能比,2,False
SH600467,2.44,1.1518404,0.4128634700558444,0.06990179087232813,0.3837858655882919,0.1765838628923551,,0,True
SH600468,5.87,1.9800038,0.46601193914885425,0.47621798575004815,0.04448295782784518,0.05122279992297323,,0,True
SH600469,4.94,0.3726898,0.06720585403427691,0.019641825534373193,0.610051993067591,0.0779896013864818,,0,True
SH600470,5.45,1.6163971,0.5611399961486616,0.4839206624301945,0.20797227036395147,0.06085114577315617,,0,True
SH600475,13.969999,1.2105902,0.0340843443096476,0.03832081648372809,0.4852686308492201,0.19025611399961487,,0,True
SH600477,2.43,0.8032106,0.03909108415174273,0.017716156364336606,0.3870595031773541,0.2568842672828808,,0,True
SH600478,4.54,0.9282115,0.06990179087232813,0.12093202387829771,0.5414981706142885,0.8130175235894473,量能比,1,False
SH600479,12.400001,10.466903,0.7546697477373387,0.8087810514153668,0.46639707298286154,0.42538031966108225,量能波动,1,False
SH600480,7.7400002,0.9582163,0.0747159637974196,0.007702676680146351,0.5913730021182361,0.28095513190833815,,0,True
SH600481,4.0299997,1.3354833,0.18293857115347584,0.4255728865780859,0.8343924513768535,0.8347775852108608,量能动量;量能比,2,False
SH600482,33.51,5.919799,0.22357019064124783,0.15771230502599654,0.7327171191989216,0.12574619680338917,,0,True
SH600483,11.0199995,1.2416356,0.052185634507991525,0.154053533602927,0.5938763720392837,0.795108800308107,,0,True
SH600486,51.180004,2.3933969,0.039668784902753704,0.029077604467552476,0.45330252262661275,0.07067205854034277,,0,True
SH600487,54.860004,106.50953,0.7862507221259387,0.7415751973810899,0.5397650683612555,0.5738494126709032,,0,True
SH600488,6.69,6.7116075,0.9582129790102061,0.9896013864818024,0.9478143654920085,0.7431157327171192,量能水平;量能波动;量能动量,3,False
SH600489,21.9,16.748365,0.28653957250144424,0.31407664163296745,0.7202002695936838,0.4746774504140189,,0,True
SH600490,6.8,2.7767634,0.24090121317157712,0.26554977854804546,0.3265934912382053,0.26266127479299056,,0,True
SH600491,1.57,1.1162262,0.6504910456383594,0.479684190256114,0.38571153475832853,0.18486424032351242,,0,True
SH600493,6.51,0.4163505,0.06893895628730984,0.17581359522434045,0.47679568650105913,0.7379164259580204,,0,True
SH600495,4.0800004,0.3461441,0.014442518775274409,0.03870595031773541,0.14962449451184287,0.48026189100712496,,0,True
SH600496,3.39,0.9114253,0.1457731561717697,0.211631041787021,0.9042942422491816,0.5370691315232043,量能动量,1,False
SH600497,8.96,9.156453,0.3801270941652224,0.43616406701328714,0.08492201039861352,0.1962256884267283,,0,True
SH600498,35.7,33.424797,0.9634122857693048,0.9008280377431157,0.2742152898132101,0.21567494704409781,量能水平;量能波动,2,False
SH600499,11.19,3.8869033,0.08665511265164645,0.45619102638166764,0.0007702676680146351,0.9054496437512035,量能比,1,False
SH600500,5.08,6.214908,0.6938186019641825,0.7142306951665703,0.19641825534373195,0.40284999037165414,,0,True
SH600501,14.45,0.8417077,0.19430001925669171,0.235894473329482,0.6647409974966301,0.4032351242056615,,0,True
SH600502,4.23,1.2472057,0.07779703446947814,0.06605045253225496,0.7298286154438668,0.6002310803004044,,0,True
SH600503,2.5300002,2.4568694,0.9765068361255537,0.9978817639129598,0.8359329867128827,0.9974966300789524,量能水平;量能波动;量能动量;量能比,4,False
SH600505,10.43,1.0834285,0.21779318313113807,0.2932794145965723,0.5103023300596957,0.21355671095705758,,0,True
SH600506,16.199999,3.9650798,0.7492778740612362,0.8445984979780474,0.31735027922202963,0.6915077989601387,量能波动,1,False
SH600507,4.08,0.7384548,0.0028885037550548816,0.020989793953398807,0.8384363566339302,0.6558829193144617,量能动量,1,False
SH600508,10.58,3.330164,0.4413633737723859,0.1815906027344502,0.3190833814750626,0.0186789909493549,,0,True
SH600509,7.15,1.039513,0.17292509146928559,0.15155016368187946,0.4165222414789139,0.44194107452339687,,0,True
SH600510,6.4,0.36238837,0.046216060080878106,0.22722896206431736,0.9264394377046024,0.8833044482957828,量能动量;量能比,2,False
SH600511,26.1,0.81843233,0.002503369921047564,0.029270171384556135,0.8659734257654534,0.6510687463893703,量能动量,1,False
SH600512,2.09,0.4734108,0.2064317350279222,0.1569420373579819,0.7028692470633545,0.6951665703832082,,0,True
SH600513,15.09,1.0182587,0.0681686886192952,0.16079337569805507,0.8139803581744657,0.7402272289620643,量能动量,1,False
SH600515,2.75,2.3250058,0.9019834392451377,0.8191796649335644,0.8245715386096668,0.5765453495089543,量能水平;量能波动;量能动量,3,False
SH600516,5.29,2.6182988,0.2618910071249759,0.20026959368380512,0.33410360100134795,0.3057962642018101,,0,True
SH600517,4.9399996,0.9330198,0.017523589447332948,0.006547275178124398,0.8170614288465242,0.48315039476217986,量能动量,1,False
SH600518,1.34,1.9576695,0.6142884652416715,0.2362796071634893,0.39379934527248217,0.22645869439630273,,0,True
SH600519,1258.62,32.848038,0.018101290198343924,0.029462738301559793,0.9083381475062584,0.8451761987290584,量能动量;量能比,2,False
SH600520,24.31,1.8025523,0.5212786443289043,0.4941267090313884,0.5235894473329482,0.4947044097823994,,0,True
SH600521,16.34,3.1487455,0.09917196225688427,0.17485076063932217,0.7211631041787021,0.7059503177354131,,0,True
SH600522,31.13,66.589134,0.8507606393221645,0.8678990949354901,0.02830733679953784,0.2967456191026382,量能水平;量能波动,2,False
SH600523,11.83,0.39906332,0.044868091661852495,0.010591180435201233,0.0714423262083574,0.18255343731946852,,0,True
SH600525,4.86,0.7448459,0.11765838628923551,0.0284999037165415,0.43462353167725787,0.20161756210283074,,0,True
SH600526,4.63,0.2894802,0.14904679376083188,0.12670903138840747,0.6036972848064702,0.5904101675332178,,0,True
SH600527,2.1699998,0.7210597,0.01713845561332563,0.008858078182168303,0.2270363951473137,0.43674176776429807,,0,True
SH600528,6.85,0.47944117,0.1111111111111111,0.07490853071442326,0.7802811476988254,0.3733872520700944,,0,True
SH600529,18.17,0.8631896,0.018293857115347582,0.009050645099171962,0.4444444444444444,0.308107067205854,,0,True
SH600531,11.110001,3.8815966,0.23762757558251493,0.27074908530714425,0.31080300404390526,0.2293471981513576,,0,True
SH600533,2.29,0.41238683,0.2663200462160601,0.3350664355863663,0.8428653957250144,0.7271326786058155,量能动量,1,False
SH600535,13.999999,1.5275344,0.06296938186019642,0.09166185249374158,0.804159445407279,0.5753899480069324,量能动量,1,False
SH600536,30.640001,4.3769045,0.2942422491815906,0.2778740612362796,0.21124590795301368,0.23801270941652225,,0,True
SH600537,2.11,0.5267546,0.4606200654727518,0.716156364336607,0.005006739842095128,0.8247641055266706,量能比,1,False
SH600538,4.79,0.40026212,0.22241478913922588,0.2021952628538417,0.5251299826689775,0.6541498170614288,,0,True
SH600539,13.48,1.617736,0.6450991719622569,0.8677065280184865,0.08184093972655498,0.8975544001540535,量能波动;量能比,2,False
SH600540,5.52,7.8450146,0.9087232813402657,0.9033314076641633,0.22434045830926247,0.3853264009243212,量能水平;量能波动,2,False
SH600545,3.84,4.37754,0.8024263431542461,0.8247641055266706,0.39668784902753707,0.5066435586366262,量能水平;量能波动,2,False
SH600546,13.12,2.6348658,0.0920469863277489,0.030233005969574428,0.34334681301752357,0.18524937415751974,,0,True
SH600547,27.3,26.887733,0.2345465049104564,0.4619680338917774,0.7171191989216252,0.8149431927594839,量能比,1,False
SH600548,8.12,0.4026064,0.017716156364336606,0.005969574427113422,0.8661659926824572,0.041979587906797615,量能动量,1,False
SH600549,44.11,16.178055,0.2948199499326016,0.22992489890236859,0.22665126131330637,0.39033314076641634,,0,True
SH600550,10.22,1.7586023,0.20835740419795878,0.3626035047178895,0.7600616214134411,0.5310995570960909,,0,True
SH600551,7.9800005,3.102171,0.6759098786828422,0.44117080685538224,0.45388022337762374,0.15732717119198922,,0,True
SH600552,17.0,9.403778,0.5232043134989409,0.6456768727132679,0.8006932409012132,0.9443481609859427,量能动量;量能比,2,False
SH600556,4.57,1.854124,0.7696899672636242,0.7687271326786058,0.10591180435201232,0.5907953013672251,,0,True
SH600557,12.299999,0.51041955,0.006932409012131715,0.01097631426920855,0.6560754862314654,0.6547275178124399,,0,True
SH600558,4.76,0.5227907,0.10937800885807818,0.48834970152127866,0.551896784132486,0.9106489505103024,量能比,1,False
SH600559,10.9800005,1.1594754,0.05545927209705372,0.19603312150972463,0.642210668207202,0.6073560562295398,,0,True
SH600560,11.46,0.2500844,0.015405353360292702,0.07606393221644521,0.7787406123627961,0.884267282880801,量能比,1,False
SH600561,6.02,0.2664737,0.13344887348353554,0.09012131715771231,0.4823801270941652,0.43828230310032734,,0,True
SH600562,26.810001,2.700785,0.07914500288850375,0.05873290968611593,0.03716541498170614,0.12555362988638552,,0,True
SH600563,115.259995,3.7505474,0.033506643558636626,0.10456383593298671,0.20258039668784902,0.7119198921625265,,0,True
SH600566,25.63,1.0546731,0.17196225688426728,0.20604660119391488,0.8031966108222607,0.635470826112074,量能动量,1,False
SH600567,1.3199999,0.72124,0.7017138455613325,0.4540727902946274,0.8012709416522241,0.4138263046408627,量能动量,1,False
SH600568,2.37,0.23779447,0.14962449451184287,0.039283651068746386,0.2830733679953784,0.06393221644521471,,0,True
SH600569,1.8200002,0.4760231,0.4209512805699981,0.6934334681301753,0.5753899480069324,0.7918351627190449,,0,True
SH600570,19.4,3.424592,0.005199306759098787,0.003658771423069517,0.29963412285769303,0.25380319661082223,,0,True
SH600571,10.21,0.6076183,0.026959368380512227,0.0527633352590025,0.47063354515694206,0.5016368187945311,,0,True
SH600572,4.31,1.7203288,0.18178316965145389,0.2208742538031966,0.7072982861544387,0.6233391103408434,,0,True
SH600573,10.42,0.59697515,0.32582322357019067,0.5981128442133642,0.9196995956094743,0.9428076256499134,量能动量;量能比,2,False
SH600575,3.16,1.1195627,0.08723281340265743,0.047949162333911034,0.5584440593106105,0.19930675909878684,,0,True
SH600576,5.2999997,0.74477035,0.30329289428076256,0.07779703446947814,0.30213749277874064,0.008087810514153668,,0,True
SH600577,8.71,5.444199,0.34122857693048336,0.4461775466974774,0.7458116695551704,0.7132678605815521,,0,True
SH600578,5.21,3.2143028,0.6175621028307337,0.496630078952436,0.5782784517619873,0.09166185249374158,,0,True
SH600579,7.0299993,0.4639261,0.27671865973425763,0.26497207779703447,0.06951665703832081,0.1428846524167148,,0,True
SH600580,26.390001,5.6799307,0.2414789139225881,0.21278644328904295,0.8238012709416522,0.4737146158290006,量能动量,1,False
SH600582,4.9,1.1731404,0.03620258039668785,0.03889851723473907,0.7377238590410168,0.11168881186212208,,0,True
SH600583,6.6200004,2.4240334,0.1274792990564221,0.2919314461775467,0.6225688426728289,0.8603889851723474,量能比,1,False
SH600584,64.28,50.2928,0.8022337762372425,0.5501636818794531,0.11669555170421722,0.25341806277681495,量能水平,1,False
SH600585,17.509998,3.7137756,0.09609089158482573,0.32216445214712114,0.967841324860389,0.7989601386481803,量能动量,1,False
SH600586,3.99,0.4966152,0.047949162333911034,0.13210090506450992,0.46581937223185055,0.7219333718467167,,0,True
SH600587,13.0199995,1.3538909,0.15617176968996727,0.521471211245908,0.02002695936838051,0.9403042557288658,量能比,1,False
SH600588,9.219999,4.292193,0.46870787598690544,0.5172347390718275,0.010783747352204892,0.3063739649528211,,0,True
SH600589,7.35,6.4063163,0.9470440978239938,0.9106489505103024,0.004429039091084152,0.07279029462738301,量能水平;量能波动,2,False
SH600590,8.03,2.02019,0.6112073945696129,0.5314846909300982,0.1195840554592721,0.1527055651839014,,0,True
SH600592,16.199999,1.1155683,0.14423262083574043,0.5647987675717312,0.9880608511457731,0.9499326015790487,量能动量;量能比,2,False
SH600593,48.12,4.259526,0.5948392066243019,0.648372809551319,0.4288465241671481,0.9304833429616792,量能比,1,False
SH600594,3.64,0.99377745,0.25380319661082223,0.21451954554207586,0.3489312536106297,0.17716156364336608,,0,True
SH600595,5.95,4.6452594,0.7036395147313691,0.37377238590410167,0.6098594261505873,0.13652994415559408,,0,True
SH600596,10.59,8.937632,0.6006162141344117,0.5033699210475641,0.13614481032158676,0.05738494126709032,,0,True
SH600597,6.9300003,0.5908069,0.2541883304448296,0.35836703254380897,0.8831118813787792,0.6312343539379934,量能动量,1,False
SH600598,12.63,5.760222,0.6268053148469093,0.40650876179472367,0.07394569612940496,0.040439052570768345,,0,True
SH600600,50.02,1.5187212,0.03678028114769882,0.10629693818601964,0.7026766801463509,0.673791642595802,,0,True
SH600601,13.2,31.956713,0.9503177354130561,0.9044868091661853,0.5156942037357982,0.3602927017138456,量能水平;量能波动,2,False
SH600602,16.05,2.8534253,0.537261698440208,0.32563065665318697,0.22068168688619294,0.1854419410745234,,0,True
SH600603,4.8099995,0.6031724,0.40284999037165414,0.30444829578278454,0.26266127479299056,0.17369535913730022,,0,True
SH600604,4.86,1.0875113,0.3731946851530907,0.5651839014057385,0.48603889851723475,0.8505680724051607,量能比,1,False
SH600605,29.4,1.7003747,0.18890814558058924,0.6778355478528789,0.14326978625072212,0.9634122857693048,量能比,1,False
SH600606,1.54,3.6125488,0.9580204120932024,0.9851723473907182,0.529366454843058,0.9518582707490854,量能水平;量能波动;量能比,3,False
SH600609,3.62,1.7371091,0.7375312921240131,0.6955517042172155,0.5401502021952629,0.7292509146928557,,0,True
SH600610,7.41,3.624407,0.42538031966108225,0.48315039476217986,0.005969574427113422,0.02984787213556711,,0,True
SH600611,4.29,4.0311832,0.6990179087232813,0.6730213749277874,0.00462160600808781,0.030618139803581745,,0,True
SH600612,31.37,0.59462917,0.0017331022530329288,0.0005777007510109763,0.5486231465434238,0.07875986905449643,,0,True
SH600613,8.19,8.72314,0.9788176391295975,0.961101482765261,0.07510109763142692,0.32447525515116504,量能水平;量能波动,2,False
SH600616,5.2699995,2.1023438,0.30675909878682844,0.6570383208164837,0.5698055074138263,0.9651453880223377,量能比,1,False
SH600617,3.3999999,1.2041947,0.6643558636626228,0.5778933179279799,0.837473522048912,0.28615443866743695,量能动量,1,False
SH600618,9.660001,0.54794925,0.138263046408627,0.1064895051030233,0.5950317735413057,0.1835162719044868,,0,True
SH600619,12.929999,1.9301308,0.3260157904871943,0.46370113614481034,0.059118043520123245,0.8746389370306181,量能比,1,False
SH600620,4.36,0.24851154,0.04255728865780859,0.012131715771230503,0.7922202965530522,0.6714808395917581,,0,True
SH600621,13.370001,2.4344106,0.48430579626420184,0.6849605237820142,0.09050645099171963,0.7953013672251107,,0,True
SH600622,2.5600002,0.9850871,0.43828230310032734,0.6246870787598691,0.9327941459657231,0.7685345657616022,量能动量,1,False
SH600623,8.49,1.1963584,0.37473522048911995,0.46543423839784326,0.6709031388407471,0.5983054111303678,,0,True
SH600626,3.7700002,0.47524393,0.11611785095320624,0.21875601771615635,0.37435008665511266,0.8626997881763913,量能比,1,False
SH600628,6.36,0.5599632,0.06836125553629886,0.06277681494319276,0.6618524937415752,0.12786443289042942,,0,True
SH600629,16.369999,4.8205314,0.4862314654342384,0.32794145965723087,0.6787983824378971,0.2593876372039284,,0,True
SH600630,7.6299996,3.126397,0.8091661852493741,0.9453109955709609,0.05565183901405738,0.9811284421336415,量能水平;量能波动;量能比,3,False
SH600633,10.0,1.3307506,0.12536106296938185,0.08472944348160986,0.21663778162911612,0.27768149431927597,,0,True
SH600635,4.4500003,1.2288193,0.19680338917773926,0.12247255921432698,0.4920084729443482,0.2784517619872906,,0,True
SH600637,8.69,3.1596432,0.8261120739456961,0.6884267282880802,0.11534758328519161,0.6853456576160216,量能水平,1,False
SH600638,5.2999997,0.6920444,0.5580589254766031,0.7363758906219912,0.8983246678220682,0.8663585595994608,量能动量;量能比,2,False
SH600639,9.88,0.5357176,0.08607741190063548,0.36799537839399193,0.7344502214519546,0.8519160408241864,量能比,1,False
SH600640,12.63,2.0018415,0.7342576545349508,0.8613518197573656,0.021374927787406125,0.9160408241864048,量能波动;量能比,2,False
SH600641,48.569996,29.197662,0.8836895821297901,0.9722703639514731,0.8688619295205083,0.9480069324090121,量能水平;量能波动;量能动量;量能比,4,False
SH600642,8.780001,1.437603,0.15809743886000385,0.26323897554400155,0.8607741190063547,0.7862507221259387,量能动量,1,False
SH600643,4.1,0.6091155,0.2944348160985943,0.17408049297130754,0.8141729250914693,0.6011939148854227,量能动量,1,False
SH600644,8.88,3.745888,0.559214326978625,0.7121124590795301,0.24841132293471982,0.2447525515116503,,0,True
SH600645,19.41,1.3462738,0.15983054111303677,0.357789331792798,0.6917003658771423,0.8253418062776815,量能比,1,False
SH600649,4.06,1.1515679,0.5181975736568457,0.7313691507798961,0.9572501444251877,0.8765646062006547,量能动量;量能比,2,False
SH600650,10.22,0.5509332,0.05988831118813788,0.34488734835355284,0.5089543616406701,0.5133834007317543,,0,True
SH600651,4.98,0.7942148,0.24263431542461006,0.3633737723859041,0.5777007510109763,0.8659734257654534,量能比,1,False
SH600653,1.6800001,0.645328,0.6187175043327556,0.9019834392451377,0.9393414211438474,0.9851723473907182,量能波动;量能动量;量能比,3,False
SH600654,3.02,2.4734087,0.8973618332370499,0.6556903523974581,0.46543423839784326,0.09743886000385134,量能水平,1,False
SH600655,4.66,0.65208524,0.07413826304640862,0.11284421336414403,0.9106489505103024,0.49585981128442136,量能动量,1,False
SH600657,3.55,3.4382498,0.9320238782977085,0.983631812054689,0.9460812632389756,0.5492008472944349,量能水平;量能波动;量能动量,3,False
SH600658,4.21,0.5639307,0.27537069131523206,0.6075486231465435,0.9580204120932024,0.8840747159637974,量能动量;量能比,2,False
SH600660,53.579998,4.8765597,0.0011554015020219526,0.006932409012131715,0.5719237435008665,0.5289813210090506,,0,True
SH600661,9.169999,0.71803266,0.5247448488349702,0.8499903716541498,0.9056422106682072,0.9466589639899865,量能波动;量能动量;量能比,3,False
SH600662,4.26,0.4048134,0.049297130752936645,0.041979587906797615,0.6406701328711727,0.5247448488349702,,0,True
SH600663,10.11,1.3404075,0.28885037550548814,0.593106104371269,0.9630271519352975,0.9570575775081841,量能动量;量能比,2,False
SH600664,7.3999996,32.45379,0.9651453880223377,0.9557096090891585,0.9233583670325438,0.8661659926824572,量能水平;量能波动;量能动量;量能比,4,False
SH600665,3.46,0.47225836,0.26323897554400155,0.43154246100519933,0.6657038320816484,0.8037743115732717,量能比,1,False
SH600666,3.16,3.4562485,0.641632967456191,0.6968996726362411,0.038128249566724434,0.12266512613133064,,0,True
SH600667,17.289999,40.48487,0.9150779896013865,0.9208549971114962,0.20142499518582707,0.2645869439630272,量能水平;量能波动,2,False
SH600668,7.4599996,0.2798531,0.020219526285384173,0.011361448103215868,0.528211053341036,0.5827074908530715,,0,True
SH600671,21.789999,0.6576542,0.13075293664548432,0.17850953206239167,0.11804352012324283,0.2921240130945504,,0,True
SH600673,30.369999,6.118361,0.07047949162333911,0.0737531292124013,0.11419218178316966,0.2944348160985943,,0,True
SH600674,16.619999,4.103685,0.023108030040439053,0.08376660889659157,0.8800308107067206,0.7633352590025033,量能动量,1,False
SH600675,2.52,1.6701934,0.3647217408049297,0.59368380512228,0.901790872328134,0.9805507413826304,量能动量;量能比,2,False
SH600676,6.6000004,0.5634106,0.058925476603119586,0.23666474099749663,0.8259195070286924,0.8825341806277681,量能动量;量能比,2,False
SH600678,5.78,0.43451187,0.09512805699980743,0.2863470055844406,0.9306759098786829,0.5347583285191604,量能动量,1,False
SH600679,10.55,0.5174234,0.11091854419410745,0.48661659926824574,0.0013479684190256115,0.9052570768341999,量能比,1,False
SH600681,3.52,0.8382038,0.2749855574812247,0.08646254573464279,0.6035047178894666,0.3034854611977662,,0,True
SH600682,5.84,1.184547,0.22376275755825148,0.0831889081455806,0.4544579241286347,0.14673599075678798,,0,True
SH600683,8.95,2.0562944,0.24128634700558443,0.18313113807047948,0.7496630078952436,0.6013864818024264,,0,True
SH600684,3.6399999,0.6871731,0.08761794723666474,0.23069516657038322,0.9385711534758329,0.6693626035047179,量能动量,1,False
SH600685,28.710001,4.9317274,0.2950125168496052,0.06643558636626228,0.42345465049104564,0.1228576930483343,,0,True
SH600686,11.25,1.9680835,0.14885422684382824,0.39765068361255534,0.9352975158867707,0.7983824378971692,量能动量,1,False
SH600688,2.75,1.7017744,0.4111303678028115,0.21606008087810513,0.35239745811669554,0.24648565376468323,,0,True
SH600689,11.92,0.47754925,0.11862122087425381,0.059118043520123245,0.3670325438089736,0.12305025996533796,,0,True
SH600690,20.420002,6.6592574,0.1746581937223185,0.12343539379934527,0.2362796071634893,0.41421143847487,,0,True
SH600691,2.72,3.106324,0.8058925476603119,0.6447140381282496,0.12670903138840747,0.010783747352204892,量能水平,1,False
SH600692,6.7200003,0.4362174,0.1064895051030233,0.2247255921432698,0.9137300211823609,0.8218756017716157,量能动量;量能比,2,False
SH600693,9.32,9.872148,0.6373964952821105,0.488157134604275,0.27575582514923935,0.0560369728480647,,0,True
SH600694,14.400001,0.6503156,0.00943577893317928,0.0015405353360292702,0.626420181012902,0.017523589447332948,,0,True
SH600697,11.43,1.1213634,0.36568457538994803,0.11130367802811476,0.479684190256114,0.05449643751203543,,0,True
SH600698,6.7000003,4.1257434,0.8164837280955132,0.3704987483150395,0.49797804737146156,0.012901983439245137,量能水平,1,False
SH600699,23.46,11.193448,0.7348353552859619,0.8559599460812632,0.9428076256499134,0.9786250722125939,量能波动;量能动量;量能比,3,False
SH600702,32.71,1.8140181,0.17022915463123436,0.30271519352975157,0.9052570768341999,0.5967648757943386,量能动量,1,False
SH600703,11.48,13.414289,0.2898132100905064,0.4032351242056615,0.2503369921047564,0.25669170036587713,,0,True
SH600704,4.8700004,1.9576607,0.2788368958212979,0.1858270749085307,0.7525515116502984,0.34681301752358945,,0,True
SH600706,8.1,1.7461497,0.7475447718082033,0.4544579241286347,0.09166185249374158,0.00789524359715001,,0,True
SH600707,10.08,13.888077,0.9886385518967842,0.9969189293279415,0.8756017716156365,0.9559021760061621,量能水平;量能波动;量能动量;量能比,4,False
SH600708,3.12,0.630942,0.15482380127094164,0.5139611014827653,0.9374157519738109,0.916425958020412,量能动量;量能比,2,False
SH600710,11.280001,1.3295736,0.030233005969574428,0.0019256691700365878,0.5871365299441555,0.09416522241478914,,0,True
SH600711,10.14,8.268628,0.6110148276526093,0.42480261891007126,0.2064317350279222,0.064895051030233,,0,True
SH600712,5.39,2.5992913,0.5669170036587714,0.4325052955902176,0.006354708261120739,0.019064124783362217,,0,True
SH600713,5.0,0.4914582,0.0504525322549586,0.06335451569420374,0.3872520700943578,0.42075871365299444,,0,True
SH600714,17.15,6.0432744,0.6539572501444252,0.6285384170999422,0.043327556325823226,0.10899287502407086,,0,True
SH600715,1.64,0.7323868,0.576160215674947,0.7619872905834778,0.11322934719815136,0.8813787791257462,量能比,1,False
SH600716,3.79,0.208183,0.025418833044482957,0.08530714423262084,0.5341806277681495,0.7823993837858656,,0,True
SH600717,4.3,0.8147306,0.024263431542461005,0.1428846524167148,0.9403042557288658,0.5045253225495859,量能动量,1,False
SH600718,7.9100003,0.60608786,0.32274215289813213,0.2915463123435394,0.46870787598690544,0.35759676487579434,,0,True
SH600719,8.719999,1.9005105,0.4748700173310225,0.8089736183323705,0.9784325052955902,0.9549393414211439,量能波动;量能动量;量能比,3,False
SH600720,5.19,0.36933717,0.006162141344117081,0.023878297708453688,0.7721933371846716,0.2181783169651454,,0,True
SH600721,13.110001,14.828129,0.9865203158097439,0.9741960331215097,0.502792220296553,0.8469093009820913,量能水平;量能波动;量能比,3,False
SH600722,14.72,20.880665,0.9936452917388793,0.984787213556711,0.14635085692278066,0.3316002310803004,量能水平;量能波动,2,False
SH600724,5.0099998,0.37956256,0.0252262661274793,0.018101290198343924,0.8594261505873291,0.8018486424032352,量能动量;量能比,2,False
SH600725,3.27,0.48247963,0.06528018486424032,0.1346042749855575,0.3531677257847102,0.578471018678991,,0,True
SH600726,4.96,4.625504,0.9170036587714231,0.8973618332370499,0.1405738494126709,0.07606393221644521,量能水平;量能波动,2,False
SH600727,7.49,0.862412,0.6830348546119777,0.553629886385519,0.45503562487964566,0.22376275755825148,,0,True
SH600728,4.45,0.8183529,0.3325630656653187,0.2027729636048527,0.37897169266320047,0.5054881571346043,,0,True
SH600729,18.44,0.63492787,0.06239168110918544,0.024070864625457346,0.6691700365877142,0.1559792027729636,,0,True
SH600730,8.55,0.8458339,0.16483728095513192,0.20123242826882343,0.3695359137300212,0.341998844598498,,0,True
SH600731,5.95,0.36672255,0.09493549008280378,0.15328326593491237,0.944155594068939,0.08761794723666474,量能动量,1,False
SH600732,11.570001,2.38562,0.22665126131330637,0.61736953591373,0.957635278259195,0.8270749085307144,量能动量;量能比,2,False
SH600733,5.07,5.212867,0.9354900828037743,0.9861351819757366,0.9483920662430194,0.9516657038320816,量能水平;量能波动;量能动量;量能比,4,False
SH600734,1.8600001,1.3857865,0.8883111881378779,0.6601193914885423,0.2720970537261698,0.027344502214519544,量能水平,1,False
SH600735,6.65,0.3166797,0.02214519545542076,0.027537069131523203,0.37935682649720776,0.2720970537261698,,0,True
SH600736,6.5699997,1.2350091,0.3934142114384749,0.48257269401116887,0.8809936452917388,0.6809166185249375,量能动量,1,False
SH600737,14.660001,17.860296,0.8815713460427499,0.6129404968226458,0.5728865780858848,0.07163489312536106,量能水平,1,False
SH600738,4.23,0.728467,0.2582322357019064,0.24764105526670518,0.16984402079722705,0.1536683997689197,,0,True
SH600739,10.21,1.0789369,0.053533602927017136,0.06123627960716349,0.665896398998652,0.4222992489890237,,0,True
SH600740,3.76,1.3091096,0.36221837088388215,0.2876949740034662,0.4459849797804737,0.2990564221066821,,0,True
SH600741,15.379999,2.4067087,0.031003273637589063,0.1363373772385904,0.8890814558058926,0.5769304833429617,量能动量,1,False
SH600742,7.6699996,0.47199073,0.008665511265164644,0.004043905257076834,0.5324475255151165,0.3240901213171577,,0,True
SH600743,2.3500001,1.6989528,0.724051607933757,0.9570575775081841,1.0,0.9973040631619488,量能波动;量能动量;量能比,3,False
SH600744,6.06,6.933115,0.9574427113421914,0.9510880030810707,0.3423839784325053,0.09493549008280378,量能水平;量能波动,2,False
SH600745,16.43,4.6687264,0.8107067205854034,0.7279029462738301,0.025611399961486616,0.2520700943577893,量能水平,1,False
SH600746,6.88,0.96920216,0.3922588099364529,0.43462353167725787,0.34161371076449065,0.2368573079145003,,0,True
SH600748,4.1,0.5908767,0.12670903138840747,0.431157327171192,0.9607163489312536,0.9272097053726169,量能动量;量能比,2,False
SH600749,12.650001,1.8745173,0.4885422684382823,0.2251107259772771,0.1317157712305026,0.008280377431157327,,0,True
SH600750,22.53,0.88480026,0.0015405353360292702,0.002695936838051223,0.8430579626420182,0.5137685345657615,量能动量,1,False
SH600751,2.91,0.7805084,0.5594068938956287,0.2593876372039284,0.33198536491430775,0.4943192759483921,,0,True
SH600753,13.009999,0.38189837,0.06951665703832081,0.25399576352782594,0.9899865203158097,0.9722703639514731,量能动量;量能比,2,False
SH600754,18.050001,2.252428,0.3104178702098979,0.18601964182553438,0.4746774504140189,0.10687463893703061,,0,True
SH600755,5.68,1.2271528,0.0560369728480647,0.41729250914692856,0.09570575775081841,0.9389562873098402,量能比,1,False
SH600756,13.76,0.9006532,0.07856730213749277,0.1840939726554978,0.7221259387637204,0.5798189870980166,,0,True
SH600757,7.43,0.8251099,0.1700365877142307,0.12362796071634893,0.03678028114769882,0.15058732909686115,,0,True
SH600758,3.7500002,2.75427,0.9141151550163682,0.8850375505488157,0.742152898132101,0.7111496244945118,量能水平;量能波动,2,False
SH600759,2.25,2.5438375,0.8430579626420182,0.7452339688041595,0.9077604467552475,0.3229347198151358,量能水平;量能动量,2,False
SH600760,43.629997,7.1769342,0.28942807625649913,0.22896206431735028,0.8087810514153668,0.26593491238205275,量能动量,1,False
SH600761,14.849999,1.2613297,0.007702676680146351,0.0011554015020219526,0.3614481032158675,0.349316387444637,,0,True
SH600763,34.07,2.0427988,0.05411130367802811,0.14789139225880993,0.8919699595609474,0.5162719044868092,量能动量,1,False
SH600764,18.39,1.4166286,0.11823608704024649,0.039476217985750045,0.6364336606970923,0.10764490660504525,,0,True
SH600765,13.190001,2.257286,0.10167533217793183,0.04602349316387445,0.31407664163296745,0.07182746004236472,,0,True
SH600768,14.75,0.36052212,0.09262468707875987,0.04698632774889274,0.43231272867321396,0.5432312728673214,,0,True
SH600769,14.820001,1.700753,0.37531292124013094,0.3755054881571346,0.8232235701906413,0.4646639707298286,量能动量,1,False
SH600770,6.36,4.157706,0.9360677835547853,0.9832466782206817,0.9878682842287695,0.9141151550163682,量能水平;量能波动;量能动量;量能比,4,False
SH600771,14.150001,0.9235405,0.18005006739842094,0.47236664740997497,0.8523011746581938,0.8800308107067206,量能动量;量能比,2,False
SH600773,9.82,2.2098582,0.41555940689389564,0.20489119969189293,0.8426728288080108,0.5441941074523396,量能动量,1,False
SH600774,7.9700003,0.32814807,0.036395147313691506,0.025996533795493933,0.5507413826304641,0.42807625649913345,,0,True
SH600775,9.26,1.0488416,0.5122279992297323,0.6464471403812825,0.47756595416907377,0.6995956094742923,,0,True
SH600776,12.28,3.8701775,0.7891392258809936,0.7502407086462546,0.09185441941074524,0.052378201424995184,,0,True
SH600777,4.0,1.1163546,0.09551319083381475,0.10764490660504525,0.03004043905257077,0.06778355478528789,,0,True
SH600778,5.77,1.3260072,0.5751973810899288,0.11996918929327942,0.2004621606008088,0.01251684960523782,,0,True
SH600779,26.18,0.5256744,0.04698632774889274,0.1658001155401502,0.6323897554400154,0.5921432697862508,,0,True
SH600780,6.13,0.7447754,0.04563835932986713,0.002310803004043905,0.5911804352012324,0.11573271711919893,,0,True
SH600782,2.7,0.93889093,0.31869824764105525,0.348738686693626,0.6572308877334874,0.6683997689196995,,0,True
SH600783,14.5199995,1.9323536,0.22626612747929906,0.20777970344694782,0.5998459464663971,0.23108030040439054,,0,True
SH600784,6.9999995,0.7142308,0.1615636433660697,0.08992875024070865,0.14731369150779897,0.06316194877720008,,0,True
SH600785,10.65,4.393339,0.5759676487579434,0.4340458309262469,0.09358752166377816,0.03832081648372809,,0,True
SH600787,4.6200004,0.7325656,0.14635085692278066,0.12459079530136723,0.7879838243789717,0.3556710957057578,,0,True
SH600789,7.85,1.743363,0.3783939919121895,0.4816098594261506,0.8066628153283266,0.7646832274215289,量能动量,1,False
SH600790,3.68,1.1484627,0.26035047178894666,0.5798189870980166,0.8546119776622376,0.9820912767186597,量能动量;量能比,2,False
SH600791,6.94,1.3298612,0.3194685153090699,0.34450221451954555,0.9268245715386096,0.5018293857115348,量能动量,1,False
SH600792,5.0399995,7.032587,0.8347775852108608,0.8426728288080108,0.13113807047949164,0.667629501251685,量能水平;量能波动,2,False
SH600793,16.359999,0.8769952,0.17446562680531486,0.21143847487001732,0.16464471403812825,0.2726747544771808,,0,True
SH600794,3.19,0.3658426,0.01386481802426343,0.013479684190256113,0.28268823416137107,0.45002888503755056,,0,True
SH600795,5.34,5.8303156,0.2293471981513576,0.34334681301752357,0.8700173310225303,0.7750818409397265,量能动量,1,False
SH600796,5.11,0.2527165,0.08626997881763913,0.0340843443096476,0.5262853841709995,0.27979973040631617,,0,True
SH600797,6.4500003,0.80283254,0.21259387637203928,0.13941844791064895,0.121894858463316,0.3373772385904102,,0,True
SH600798,3.41,1.289422,0.5676872713267861,0.28153283265934914,0.10533410360100134,0.02233776237242442,,0,True
SH600800,3.21,0.5741037,0.6803389177739264,0.7134604274985558,0.2952050837666089,0.4898902368573079,,0,True
SH600801,23.8,2.0411258,0.0019256691700365878,0.004814172925091469,0.8584633160023109,0.4479106489505103,量能动量,1,False
SH600802,7.2400002,3.0304742,0.6751396110148277,0.8715578663585596,0.9870980165607549,0.9533988060851146,量能波动;量能动量;量能比,3,False
SH600803,19.199999,1.5895864,0.09089158482572694,0.2470633545156942,0.9524359715000963,0.25399576352782594,量能动量,1,False
SH600805,4.6299996,0.31532,0.09185441941074524,0.026189100712497592,0.8434430964760254,0.8159060273445022,量能动量;量能比,2,False
SH600807,2.6799998,0.35344177,0.26728288080107837,0.06393221644521471,0.7180820335066436,0.6994030425572887,,0,True
SH600808,2.51,1.5179001,0.43154246100519933,0.3237049874831504,0.36549200847294433,0.7458116695551704,,0,True
SH600809,115.600006,6.1461062,0.0034662045060658577,0.023108030040439053,0.910263816676295,0.6838051222799924,量能动量,1,False
SH600810,6.2999997,0.36081132,0.047756595416907376,0.1663778162911612,0.7785480454457924,0.5736568457538995,,0,True
SH600812,4.98,2.123624,0.6042749855574813,0.512998266897747,0.04852686308492201,0.31369150779896016,,0,True
SH600814,6.93,1.2986926,0.227999229732332,0.07875986905449643,0.16291161178509533,0.0021182360870402464,,0,True
SH600815,3.82,4.50993,0.8089736183323705,0.9543616406701328,0.8790679761217023,0.9439630271519353,量能水平;量能波动;量能动量;量能比,4,False
SH600816,2.3799999,1.4076244,0.33429616791835165,0.3240901213171577,0.6990179087232813,0.3302522626612748,,0,True
SH600818,9.31,0.38262257,0.0635470826112074,0.2073945696129405,0.8332370498748315,0.4902753706913152,量能动量,1,False
SH600819,5.62,0.50243574,0.33237049874831504,0.33371846716734066,0.6543423839784325,0.5170421721548238,,0,True
SH600820,5.3,1.051311,0.12247255921432698,0.09512805699980743,0.8347775852108608,0.08338147506258425,量能动量,1,False
SH600821,5.68,3.8356342,0.8099364529173888,0.7868284228769498,0.30387059503177355,0.07625649913344887,量能水平,1,False
SH600822,8.92,0.88802654,0.3269786250722126,0.32736375890621994,0.11746581937223186,0.5486231465434238,,0,True
SH600824,3.71,0.6285271,0.04274985557481225,0.01848642403235124,0.6370113614481032,0.10860774119006354,,0,True
SH600826,7.97,0.4388179,0.04871943000192567,0.2503369921047564,0.34103601001347966,0.9362603504717889,量能比,1,False
SH600827,7.9399996,0.9752203,0.19776622376275757,0.22029655305218562,0.8680916618524938,0.3531677257847102,量能动量,1,False
SH600828,4.33,2.5702066,0.5262853841709995,0.4357789331792798,0.015212786443289043,0.005391873676102446,,0,True
SH600829,9.43,1.1994364,0.035047178894665895,0.06412478336221837,0.1752358944733295,0.25226266127479297,,0,True
SH600830,8.38,2.9934127,0.6273830155979203,0.24398228384363566,0.2873098401694589,0.00038513383400731754,,0,True
SH600831,3.4,0.6532074,0.2097053726169844,0.7019064124783362,0.9048719430001926,0.9747737338725208,量能动量;量能比,2,False
SH600833,10.4800005,0.53178847,0.05122279992297323,0.0021182360870402464,0.3200462160600809,0.39302907760446754,,0,True
SH600835,18.29,1.0052178,0.04814172925091469,0.276526092817254,0.15944540727902945,0.8584633160023109,量能比,1,False
SH600838,8.179999,1.6164315,0.5316772578471018,0.5049104563835933,0.1500096283458502,0.09300982091276719,,0,True
SH600839,6.4199996,2.5477057,0.7712305025996534,0.6368187945310996,0.32678605815520895,0.19218178316965145,,0,True
SH600841,5.7,0.78329825,0.39765068361255534,0.28596187175043325,0.48353552859618715,0.2509146928557674,,0,True
SH600843,7.58,1.0538679,0.41363373772385903,0.8665511265164645,0.9901790872328134,0.9994222992489891,量能波动;量能动量;量能比,3,False
SH600844,3.23,2.0878031,0.8361255536298864,0.6485653764683228,0.14538802233776238,0.019641825534373193,量能水平,1,False
SH600845,17.689999,2.2367043,0.01559792027729636,0.02830733679953784,0.09589832466782207,0.6637781629116117,,0,True
SH600846,10.66,0.27772447,0.00924321201617562,0.00943577893317928,0.6019641825534373,0.30675909878682844,,0,True
SH600847,12.789999,0.6143126,0.18505680724051607,0.22164452147121125,0.10725977277103793,0.8653957250144425,量能比,1,False
SH600848,9.05,0.69519895,0.23339110340843444,0.7444637011361448,0.9772771037935682,0.9378008858078182,量能动量;量能比,2,False
SH600850,13.63,0.94562286,0.03562487964567687,0.05141536683997689,0.21894858463316003,0.6329674561910263,,0,True
SH600851,7.93,0.57277954,0.03716541498170614,0.032158675139611015,0.21721548238012708,0.4413633737723859,,0,True
SH600853,3.3200002,0.2812509,0.021760061621413442,0.052378201424995184,0.756787983824379,0.7061428846524167,,0,True
SH600854,4.75,0.2826121,0.31542461005199307,0.4090121317157712,0.8536491430772193,0.788368958212979,量能动量,1,False
SH600855,12.4,1.6142131,0.5045253225495859,0.2634315424610052,0.5517042172154824,0.10841517427305988,,0,True
SH600857,17.22,2.2201529,0.4950895436164067,0.6200654727517813,0.3525900250336992,0.7388792605430387,,0,True
SH600858,4.95,0.4443943,0.05160793375698055,0.004236472174080493,0.41036010013479685,0.24552281917966493,,0,True
SH600859,9.84,1.4551904,0.23666474099749663,0.05314846909300982,0.6936260350471789,0.17619872905834777,,0,True
SH600860,7.47,0.50259024,0.14442518775274407,0.11746581937223186,0.04024648565376468,0.4265357211631042,,0,True
SH600861,12.83,0.20301268,0.009820912767186597,0.030618139803581745,0.8590410167533218,0.317735413056037,量能动量,1,False
SH600862,17.85,2.32904,0.36626227614095896,0.23647217408049298,0.4816098594261506,0.13884074715963798,,0,True
SH600863,4.7200003,4.351748,0.29963412285769303,0.39899865203158097,0.5540150202195263,0.3350664355863663,,0,True
SH600864,5.62,2.9667485,0.43231272867321396,0.29578278451761986,0.1294049682264587,0.0887733487386867,,0,True
SH600865,10.43,5.059684,0.6379741960331216,0.6214134411708069,0.012324282688234161,0.05969574427113422,,0,True
SH600866,4.19,1.1240708,0.31735027922202963,0.38224533025226265,0.7554400154053533,0.11862122087425381,,0,True
SH600867,7.86,0.9918644,0.010206046601193916,0.06797612170229154,0.8524937415751974,0.6953591373002118,量能动量,1,False
SH600868,2.7699997,1.1636164,0.49354900828037745,0.4053533602927017,0.07933756980550741,0.19545542075871367,,0,True
SH600869,17.65,55.32436,0.9403042557288658,0.8601964182553438,0.06643558636626228,0.07028692470633545,量能水平;量能波动,2,False
SH600871,2.1000001,3.08714,0.8796456768727132,0.8320816483728095,0.12593876372039284,0.1288272674754477,量能水平;量能波动,2,False
SH600872,17.24,1.5549217,0.08915848257269401,0.05622953976506836,0.7689196995956095,0.38166762950125166,,0,True
SH600873,7.48,1.6089447,0.10629693818601964,0.0724051607933757,0.8750240708646254,0.33872520700943576,量能动量,1,False
SH600874,5.52,0.36953023,0.08126323897554401,0.11534758328519161,0.635470826112074,0.37723859041016755,,0,True
SH600875,23.04,7.846725,0.45330252262661275,0.4145965723088773,0.45850182938571155,0.16830348546119778,,0,True
SH600876,7.47,1.2990023,0.40227228962064315,0.5160793375698055,0.10706720585403427,0.47679568650105913,,0,True
SH600877,11.22,1.2680689,0.1527055651839014,0.06874638937030618,0.5393799345272482,0.4675524744848835,,0,True
SH600879,13.55,8.384739,0.37146158290005776,0.43134989408819563,0.3993837858655883,0.5332177931831311,,0,True
SH600880,4.06,3.3373287,0.6019641825534373,0.7140381282495667,0.06739842095128057,0.2834585018293857,,0,True
SH600881,1.85,2.3787427,0.7558251492393607,0.6855382245330253,0.2345465049104564,0.16175621028307338,,0,True
SH600882,19.310001,0.7941867,0.06470248411322935,0.09628345850182939,0.8305411130367802,0.2761409589832467,量能动量,1,False
SH600883,8.16,0.41718873,0.08010783747352204,0.05411130367802811,0.4987483150394762,0.19949932601579048,,0,True
SH600884,11.51,3.6054032,0.4197958790679761,0.780473714615829,0.790102060466012,0.9547467745041401,量能比,1,False
SH600885,33.530003,4.2283287,0.07028692470633545,0.07047949162333911,0.5364914307721933,0.19834392451376853,,0,True
SH600886,15.24,3.6381145,0.059118043520123245,0.2570768341998845,0.8965915655690352,0.8794531099557096,量能动量;量能比,2,False
SH600887,27.3,12.469236,0.1340265742345465,0.1251684960523782,0.6556903523974581,0.4203735798189871,,0,True
SH600888,9.78,3.5544956,0.19160408241864046,0.3406508761794724,0.6968996726362411,0.8091661852493741,量能比,1,False
SH600892,4.1,3.3861766,0.7660311958405546,0.6029270171384556,0.03389177739264394,0.02002695936838051,,0,True
SH600893,38.859997,12.608603,0.536106296938186,0.3928365106874639,0.2093202387829771,0.18024263431542462,,0,True
SH600894,7.6499996,0.4892218,0.013672251107259772,0.17639129597535144,0.03254380897361833,0.909686115925284,量能比,1,False
SH600895,28.01,4.5316324,0.2045060658578856,0.12863470055844406,0.21259387637203928,0.42345465049104564,,0,True
SH600897,15.1,0.5513413,0.01733102253032929,0.4036202580396688,0.9582129790102061,0.9741960331215097,量能动量;量能比,2,False
SH600900,28.54,24.15619,0.6861159252840362,0.642210668207202,0.6784132486038899,0.6454843057962643,,0,True
SH600901,6.94,1.7576406,0.619680338917774,0.60947429231658,0.4592720970537262,0.6042749855574813,,0,True
SH600903,6.68,4.974914,0.7300211823608704,0.5083766608896592,0.5792412863470056,0.040631619487772004,,0,True
SH600905,3.52,2.288905,0.8228384363566339,0.7976121702291546,0.9281725399576353,0.7700751010976314,量能水平;量能动量,2,False
SH600906,6.29,1.700657,0.6811091854419411,0.5954169073753129,0.2247255921432698,0.11996918929327942,,0,True
SH600908,5.8999996,1.2782904,0.5944540727902946,0.5330252262661275,0.7248218756017716,0.3889851723473907,,0,True
SH600909,7.77,7.1421723,0.9695744271134219,0.8619295205083767,0.4032351242056615,0.20566146735990756,量能水平;量能波动,2,False
SH600916,7.1900005,2.100768,0.7452339688041595,0.5245522819179665,0.5147313691507799,0.07972270363951472,,0,True
SH600917,4.8399997,0.42442268,0.19314461775466973,0.07895243597150009,0.576160215674947,0.059118043520123245,,0,True
SH600918,5.42,1.659328,0.7700751010976314,0.4438667436934335,0.37203928365106875,0.25977277103793567,,0,True
SH600919,12.379999,10.948848,0.9453109955709609,0.9466589639899865,0.5210860774119006,0.6237242441748507,量能水平;量能波动,2,False
SH600925,4.1800003,0.43843976,0.48180242634315423,0.37242441748507604,0.8097438860003852,0.25149239360677833,量能动量,1,False
SH600926,17.11,6.4127035,0.8750240708646254,0.8005006739842095,0.43385326400924323,0.3489312536106297,量能水平;量能波动,2,False
SH600927,12.1,0.7047463,0.6945888696321972,0.569420373579819,0.1438474870017331,0.1690737531292124,,0,True
SH600928,3.5500002,0.8779099,0.6691700365877142,0.5726940111688812,0.8715578663585596,0.36626227614095896,量能动量,1,False
SH600930,3.88,4.238191,0.9809358752166378,0.9649528211053341,0.7521663778162911,0.3718467167340651,量能水平;量能波动,2,False
SH600933,13.27,1.579659,0.725207009435779,0.6254573464278836,0.07413826304640862,0.5780858848449836,,0,True
SH600935,2.31,0.54360235,0.667051800500674,0.63316002310803,0.07028692470633545,0.2900057770075101,,0,True
SH600936,4.24,2.863428,0.9231658001155402,0.8095513190833815,0.18967841324860388,0.03004043905257077,量能水平;量能波动,2,False
SH600938,33.420002,14.064143,0.9385711534758329,0.8085884844983632,0.7764298093587522,0.2853841709994223,量能水平;量能波动,2,False
SH600939,2.69,0.3332649,0.3379549393414211,0.41074523396880414,0.681686886192952,0.7812439822838436,,0,True
SH600941,95.8,7.335037,0.9093009820912767,0.8700173310225303,0.819949932601579,0.594261505873291,量能水平;量能波动;量能动量,3,False
SH600955,12.360001,0.28807977,0.568842672828808,0.5066435586366262,0.4030425572886578,0.46697477373387253,,0,True
SH600956,7.0899997,0.5025447,0.1428846524167148,0.12632389755440016,0.21567494704409781,0.3418062776814943,,0,True
SH600958,8.65,3.5786505,0.9408819564798767,0.9659156556903524,0.5212786443289043,0.41170806855382247,量能水平;量能波动,2,False
SH600959,3.1100001,0.87389463,0.7263624109378009,0.6156364336606971,0.4760254188330445,0.6108222607356056,,0,True
SH600960,3.8999999,0.33924532,0.16849605237820142,0.15867513961101481,0.8829193144617755,0.5595994608126323,量能动量,1,False
SH600961,22.56,6.3718696,0.5072212593876372,0.42769112266512616,0.3431542461005199,0.2474484883497015,,0,True
SH600962,26.03,1.2982988,0.1120739456961294,0.3429616791835163,0.521471211245908,0.7575582514923936,,0,True
SH600963,3.38,0.9265326,0.29231658001155403,0.2772963604852686,0.16329674561910265,0.536683997689197,,0,True
SH600966,4.85,0.57564956,0.09859426150587329,0.0910841517427306,0.47525515116502987,0.23955324475255152,,0,True
SH600967,12.82,13.552969,0.7654534950895436,0.45330252262661275,0.3054111303678028,0.0219526285384171,,0,True
SH600968,3.92,1.4808595,0.5586366262276141,0.3283265934912382,0.2703639514731369,0.19718852301174658,,0,True
SH600969,9.5199995,1.8593643,0.6277681494319276,0.38628923550933947,0.3400731754284614,0.010013479684190255,,0,True
SH600970,7.72,1.0082332,0.039476217985750045,0.12921240130945505,0.6566531869824764,0.7490853071442326,,0,True
SH600971,8.19,1.2415468,0.06104371269015983,0.049104563835932986,0.3768534565761602,0.24667822068168688,,0,True
SH600973,5.71,0.96316147,0.05468900442903909,0.13094550356248796,0.04814172925091469,0.1588677065280185,,0,True
SH600975,5.19,1.9918369,0.4895051030233006,0.19699595609474294,0.20527633352590025,0.039476217985750045,,0,True
SH600976,26.86,0.41124615,0.006354708261120739,0.009628345850182938,0.7302137492778741,0.07510109763142692,,0,True
SH600977,12.89,3.3262608,0.8838821490467937,0.6038898517234739,0.5014442518775274,0.6789909493549008,量能水平,1,False
SH600979,3.88,1.2676631,0.15732717119198922,0.16618524937415752,0.12921240130945505,0.07452339688041594,,0,True
SH600980,18.75,0.38093895,0.03138840747159638,0.0822260735605623,0.27171191989216253,0.7315617176968997,,0,True
SH600981,2.42,0.4025679,0.12998266897746968,0.012324282688234161,0.46408626997881763,0.6140958983246678,,0,True
SH600982,5.2999997,1.9301424,0.4594646639707298,0.8434430964760254,0.9813210090506451,0.8960138648180243,量能波动;量能动量;量能比,3,False
SH600984,3.6000001,0.93844867,0.5312921240130946,0.5952243404583093,0.8911996918929328,0.5886770652801848,量能动量,1,False
SH600985,15.87,3.228085,0.23936067783554785,0.3970729828615444,0.7321394184479106,0.3161948777200077,,0,True
SH600986,6.89,3.2304342,0.5501636818794531,0.6481802426343154,0.03870595031773541,0.5351434623531677,,0,True
SH600987,6.28,0.26602492,0.0005777007510109763,0.0007702676680146351,0.8725207009435779,0.33891777392643946,量能动量,1,False
SH600988,39.559998,19.656145,0.6789909493549008,0.5904101675332178,0.8569227806662816,0.5345657616021567,量能动量,1,False
SH600989,22.46,14.721102,0.9820912767186597,0.933371846716734,0.28095513190833815,0.2185634507991527,量能水平;量能波动,2,False
SH600990,17.84,0.4506423,0.01097631426920855,0.0219526285384171,0.6874638937030618,0.3739649528211053,,0,True
SH600992,10.2,0.6594166,0.2480261891007125,0.4690930098209128,0.0252262661274793,0.8981321009050645,量能比,1,False
SH600993,22.52,0.6306704,0.0013479684190256115,0.0034662045060658577,0.7887540920469863,0.3837858655882919,,0,True
SH600995,11.86,1.0020412,0.025996533795493933,0.03466204506065858,0.6431735027922203,0.4446370113614481,,0,True
SH600996,6.7599998,1.042223,0.7733487386866936,0.6308492201039861,0.6718659734257655,0.7153860966685923,,0,True
SH600997,5.22,0.6433745,0.11919892162526478,0.0038513383400731755,0.5663393029077605,0.3860966685923358,,0,True
SH600998,5.05,1.6065449,0.7648757943385326,0.7758521086077412,0.6046601193914886,0.6945888696321972,,0,True
SH600999,17.07,7.342138,0.9670710571923743,0.9268245715386096,0.20912767186597342,0.17850953206239167,量能水平;量能波动,2,False
SH601000,4.62,1.8927323,0.27633352590025034,0.3712690159830541,0.7506258424802619,0.7777777777777778,,0,True
SH601001,17.210001,3.501915,0.5222414789139226,0.34276911226651263,0.19872905834777585,0.13383400731754286,,0,True
SH601002,5.2599998,0.4623689,0.4292316580011554,0.414789139225881,0.806470248411323,0.4423262083574042,量能动量,1,False
SH601003,3.58,0.7107904,0.3629886385518968,0.6314269208549971,0.8501829385711535,0.7263624109378009,量能动量,1,False
SH601005,1.21,0.9254748,0.9512805699980743,0.9855574812247256,0.8338147506258424,0.8657808588484498,量能水平;量能波动;量能动量;量能比,4,False
SH601006,4.74,4.524575,0.7866358559599461,0.7406123627960717,0.8852301174658194,0.553629886385519,量能动量,1,False
SH601007,6.78,0.49593455,0.3974581166955517,0.2512998266897747,0.43847487001733104,0.20546890044290392,,0,True
SH601008,4.4,1.1365387,0.8008858078182168,0.42634315424610053,0.11053341036010013,0.014635085692278067,量能水平,1,False
SH601009,11.9800005,5.8582025,0.667629501251685,0.7148083959175814,0.7123050259965338,0.6630078952435972,,0,True
SH601011,2.8999999,1.689795,0.959368380512228,0.8128249566724437,0.2555362988638552,0.19468515309069903,量能水平;量能波动,2,False
SH601012,11.21,7.192201,0.4151742730598883,0.47795108800308106,0.861159252840362,0.79684190256114,量能动量,1,False
SH601015,3.5800002,3.4003859,0.8981321009050645,0.8345850182938571,0.11380704794916234,0.29116117850953205,量能水平;量能波动,2,False
SH601016,3.26,3.4698567,0.6456768727132679,0.5830926246870788,0.18621220874253802,0.09840169458886963,,0,True
SH601018,3.5299997,1.8544005,0.6791835162719045,0.6797612170229155,0.8927402272289621,0.5956094742923166,量能动量,1,False
SH601019,6.84,0.69995254,0.5890621991141922,0.7411900635470826,0.317735413056037,0.8174465626805315,量能比,1,False
SH601020,19.66,5.786147,0.7793183131138071,0.887733487386867,0.21086077411900636,0.495474677450414,量能波动,1,False
SH601021,40.760002,2.1090782,0.40015405353360295,0.7350279222029655,0.7022915463123436,0.9391488542268438,量能比,1,False
SH601022,8.25,0.9232257,0.651839014057385,0.3396880415944541,0.016753321779318313,0.07047949162333911,,0,True
SH601026,14.599998,0.67100215,0.6699403042557288,0.6110148276526093,0.23185056807240517,0.5305218563450799,,0,True
SH601033,14.18,0.38143328,0.33891777392643946,0.16098594261505872,0.09416522241478914,0.2339688041594454,,0,True
SH601038,13.709999,1.1993295,0.4199884459849798,0.5232043134989409,0.46832274215289815,0.37030618139803584,,0,True
SH601058,13.24,5.13184,0.41883304448295783,0.23993837858655884,0.39533988060851144,0.32486038898517233,,0,True
SH601061,10.549999,1.8834713,0.7529366454843058,0.7113421914115156,0.3356441363373772,0.22838436356633932,,0,True
SH601065,6.67,0.26258326,0.3778162911611785,0.10591180435201232,0.7569805507413826,0.14731369150779897,,0,True
SH601066,23.03,3.1398988,0.5540150202195263,0.32813402657423457,0.41555940689389564,0.14461775466974774,,0,True
SH601068,4.33,0.57239467,0.41729250914692856,0.7841324860388985,0.9033314076641633,0.9676487579433853,量能动量;量能比,2,False
SH601069,24.56,5.0261083,0.5401502021952629,0.4140188715578664,0.37261698440207974,0.16753321779318314,,0,True
SH601077,6.71,4.326714,0.9291353745426536,0.9189293279414597,0.6052378201424995,0.76526092817254,量能水平;量能波动,2,False
SH601083,12.650001,1.4704696,0.7694974003466204,0.45753899480069327,0.1205468900442904,0.02792220296553052,,0,True
SH601086,13.33,12.855611,0.862314654342384,0.7273252455228192,0.41440400539187366,0.6254573464278836,量能水平,1,False
SH601088,47.8,11.01533,0.9636048526863085,0.9216252647795109,0.616214134411708,0.545156942037358,量能水平;量能波动,2,False
SH601089,16.48,0.3831772,0.2840362025803967,0.4003466204506066,0.7902946273830156,0.8160985942615059,量能比,1,False
SH601096,3.9700003,0.61734587,0.6239168110918544,0.7729636048526863,0.6735990756787984,0.7369535913730021,,0,True
SH601098,10.27,1.0673026,0.506258424802619,0.43963027151935297,0.627575582514924,0.5389948006932409,,0,True
SH601099,3.46,4.152143,0.9969189293279415,0.9907567879838244,0.053533602927017136,0.4606200654727518,量能水平;量能波动,2,False
SH601100,90.31,6.767168,0.30444829578278454,0.4307721933371847,0.47429231658001153,0.7442711342191412,,0,True
SH601101,12.7300005,3.0560617,0.7721933371846716,0.6260350471788947,0.4856537646832274,0.15751973810899286,,0,True
SH601106,2.95,1.6964216,0.8886963219718852,0.869054496437512,0.1775466974773734,0.45753899480069327,量能水平;量能波动,2,False
SH601107,6.0899997,0.552297,0.4134411708068554,0.4494511842865396,0.8960138648180243,0.7013287117273252,量能动量,1,False
SH601108,8.150001,4.0608916,0.9709223955324475,0.8688619295205083,0.1536683997689197,0.14885422684382824,量能水平;量能波动,2,False
SH601111,5.91,3.423452,0.7034469478143655,0.7180820335066436,0.6838051222799924,0.7600616214134411,,0,True
SH601112,15.820001,1.212319,0.7727710379356827,0.5663393029077605,0.25284036202580396,0.23204313498940882,,0,True
SH601113,3.5,0.360359,0.42980935875216636,0.4577315617176969,0.49297130752936646,0.8345850182938571,量能比,1,False
SH601116,9.91,1.9623591,0.8860003851338341,0.6764875794338533,0.08800308107067206,0.01887155786635856,量能水平,1,False
SH601117,7.17,3.3103652,0.7916425958020412,0.8122472559214327,0.8018486424032352,0.3928365106874639,量能波动;量能动量,2,False
SH601118,6.37,11.498766,0.9973040631619488,0.9849797804737146,0.21028307336799537,0.13056036972848065,量能水平;量能波动,2,False
SH601121,7.03,0.8109821,0.4342383978432505,0.1985364914307722,0.5763527825919507,0.15386096668592336,,0,True
SH601126,36.489998,8.047006,0.7870209897939534,0.34219141151550164,0.48122472559214324,0.24918159060273445,,0,True
SH601127,46.94,10.440491,0.7596764875794338,0.7440785673021375,0.9046793760831889,0.6568457538994801,量能动量,1,False
SH601128,6.26,3.0286202,0.7479299056422106,0.5792412863470056,0.8107067205854034,0.5958020412093202,量能动量,1,False
SH601133,22.41,2.7322922,0.853264009243212,0.9784325052955902,0.17735413056036972,0.919892162526478,量能水平;量能波动;量能比,3,False
SH601136,13.889999,2.9602814,0.7922202965530522,0.5576737916425958,0.15193529751588677,0.030810706720585404,,0,True
SH601137,18.91,2.2927856,0.6510687463893703,0.5684575389948007,0.4858463316002311,0.27537069131523206,,0,True
SH601138,58.199997,50.410088,0.9951858270749085,0.9601386481802426,0.463316002310803,0.21374927787406123,量能水平;量能波动,2,False
SH601139,6.25,0.91290385,0.5054881571346043,0.30425572886578084,0.787791257461968,0.5233968804159446,,0,True
SH601155,12.870001,3.1961489,0.9460812632389756,0.9892162526477951,0.9532062391681109,0.8890814558058926,量能水平;量能波动;量能动量;量能比,4,False
SH601156,18.390001,1.471306,0.7290583477758521,0.8010783747352205,0.6335451569420374,0.4455998459464664,量能波动,1,False
SH601158,4.02,0.2588047,0.2503369921047564,0.03158097438860004,0.7473522048911997,0.3708838821490468,,0,True
SH601162,3.56,5.0871673,0.8911996918929328,0.7746967071057193,0.05141536683997689,0.2690159830541113,量能水平,1,False
SH601163,12.24,0.28062868,0.3658771423069517,0.14904679376083188,0.6481802426343154,0.2434045830926247,,0,True
SH601166,18.05,12.484262,0.8494126709031389,0.723473907182746,0.7492778740612362,0.4134411708068554,量能水平,1,False
SH601168,35.35,16.792486,0.9899865203158097,0.9223955324475255,0.19680338917773926,0.15713460427498555,量能水平;量能波动,2,False
SH601169,5.5699997,9.746742,0.9807433082996341,0.8609666859233583,0.748315039476218,0.3054111303678028,量能水平;量能波动,2,False
SH601177,13.85,0.64434326,0.5056807240516079,0.4328904294242249,0.9248989023685731,0.5586366262276141,量能动量,1,False
SH601179,11.610001,6.5844855,0.9104563835932987,0.7808588484498363,0.7342576545349508,0.43231272867321396,量能水平,1,False
SH601186,6.02,1.7042664,0.8108992875024071,0.5882919314461775,0.8962064317350279,0.5151165029847872,量能水平;量能动量,2,False
SH601187,6.8999996,1.4811046,0.7196225688426728,0.5572886578085885,0.178894665896399,0.20142499518582707,,0,True
SH601188,2.88,0.3658907,0.25014442518775276,0.14827652609281725,0.33641440400539185,0.3579818987098017,,0,True
SH601199,6.3,1.1684527,0.471788946658964,0.37608318890814557,0.6169844020797227,0.3835932986712883,,0,True
SH601200,6.7999997,0.38991925,0.5769304833429617,0.42865395725014444,0.7146158290005777,0.44540727902946275,,0,True
SH601208,48.219997,33.28273,0.9462738301559792,0.9476217985750048,0.5476603119584056,0.8147506258424803,量能水平;量能波动;量能比,3,False
SH601211,16.869999,9.854076,0.9926824571538609,0.9743886000385134,0.5081840939726555,0.5988831118813788,量能水平;量能波动,2,False
SH601212,5.6499996,17.76851,0.9743886000385134,0.8790679761217023,0.2339688041594454,0.05622953976506836,量能水平;量能波动,2,False
SH601216,4.54,2.4544983,0.4764105526670518,0.3362218370883882,0.33891777392643946,0.3502792220296553,,0,True
SH601218,6.08,6.6007423,0.9882534180627768,0.9974966300789524,0.9481994993260158,0.9609089158482572,量能水平;量能波动;量能动量;量能比,4,False
SH601222,5.94,1.1685177,0.4868091661852494,0.4030425572886578,0.8736761024455999,0.33082996341228577,量能动量,1,False
SH601225,26.03,8.6943245,0.520893510494897,0.4708261120739457,0.8026189100712497,0.6177546697477373,量能动量,1,False
SH601226,6.5099998,0.6257446,0.519160408241864,0.40978239938378586,0.049489697669940304,0.4246100519930676,,0,True
SH601228,3.1100004,0.64920425,0.40862699788176393,0.30387059503177355,0.8324667822068169,0.551896784132486,量能动量,1,False
SH601229,9.75,4.222672,0.8779125746196803,0.8486424032351242,0.909686115925284,0.6601193914885423,量能水平;量能波动;量能动量,3,False
SH601231,23.74,8.147428,0.7119198921625265,0.6685923358367033,0.11342191411515502,0.29636048526863085,,0,True
SH601233,22.730001,8.639743,0.8975544001540535,0.9274022722896207,0.46119776622376274,0.1881378779125746,量能水平;量能波动,2,False
SH601236,7.0099998,1.3426906,0.49624494511842865,0.6140958983246678,0.16945888696321973,0.5996533795493935,,0,True
SH601279,3.65,0.5780639,0.31696514538802234,0.43038705950317735,0.9451184286539572,0.5559406893895629,量能动量,1,False
SH601288,6.9700003,19.754028,0.902946273830156,0.8101290198343924,0.6445214712112459,0.738686693626035,量能水平;量能波动,2,False
SH601298,10.06,0.99801177,0.3252455228191797,0.5110725977277104,0.9476217985750048,0.6643558636626228,量能动量,1,False
SH601311,7.36,0.59996593,0.25226266127479297,0.30098209127671866,0.6793760831889082,0.5230117465819373,,0,True
SH601318,53.289997,33.603207,0.9853649143077219,0.9632197188523012,0.7142306951665703,0.4821875601771616,量能水平;量能波动,2,False
SH601319,7.980001,6.096811,0.8871557866358559,0.6722511072597728,0.26882341613710764,0.24090121317157712,量能水平,1,False
SH601326,3.5499997,0.72406095,0.3579818987098017,0.36356633930290777,0.391103408434431,0.5815520893510495,,0,True
SH601328,7.75,12.617692,0.9826689774696707,0.9799730406316195,0.9148854226843828,0.7078759869054496,量能水平;量能波动;量能动量,3,False
SH601330,8.14,1.4042509,0.4436741767764298,0.23762757558251493,0.23839784325052957,0.10610437126901598,,0,True
SH601333,3.08,2.0429385,0.869632197188523,0.7812439822838436,0.29924898902368574,0.36915077989601386,量能水平,1,False
SH601336,56.350002,8.567467,0.8675139611014827,0.8134026574234546,0.2726747544771808,0.154053533602927,量能水平;量能波动,2,False
SH601339,7.2499995,0.64627224,0.1677257847101868,0.49913344887348354,0.6988253418062776,0.7770075101097631,,0,True
SH601360,8.95,9.4499655,0.9566724436741768,0.9362603504717889,0.3918736761024456,0.4987483150394762,量能水平;量能波动,2,False
SH601366,3.65,0.46516925,0.6824571538609667,0.48603889851723475,0.5990756787983824,0.24975929135374542,,0,True
SH601369,8.51,0.99304134,0.5205083766608897,0.5320623916811091,0.0028885037550548816,0.37261698440207974,,0,True
SH601375,3.94,1.351184,0.7710379356826497,0.6533795493934142,0.36741767764298094,0.23281340265742345,,0,True
SH601377,5.7200003,3.3666692,0.8827267475447718,0.7211631041787021,0.6928557673791642,0.44906605045253223,量能水平,1,False
SH601388,3.18,0.9230483,0.48873483535528595,0.3246678220681687,0.4525322549585981,0.348738686693626,,0,True
SH601390,4.33,3.2959094,0.9324090121317158,0.8675139611014827,0.9422299248989023,0.5757750818409397,量能水平;量能波动;量能动量,3,False
SH601398,8.28,22.05833,0.9089158482572695,0.8243789716926632,0.7246293086847679,0.6947814365492009,量能水平;量能波动,2,False
SH601399,3.15,1.7518002,0.9031388407471597,0.8819564798767572,0.34912382052763336,0.78894665896399,量能水平;量能波动,2,False
SH601456,8.509999,1.2260652,0.5131908338147506,0.5488157134604275,0.5742345465049105,0.4673599075678798,,0,True
SH601500,3.8600001,0.4645592,0.41498170614288465,0.24494511842865396,0.48661659926824574,0.3242826882341614,,0,True
SH601512,8.46,0.30205235,0.25341806277681495,0.49951858270749083,0.9657230887733488,0.5205083766608897,量能动量,1,False
SH601515,3.1799998,0.3779602,0.2668977469670711,0.23339110340843444,0.7124975929135374,0.7107644906605045,,0,True
SH601518,2.79,0.34183156,0.15097246293086847,0.12613133063739648,0.35836703254380897,0.24841132293471982,,0,True
SH601519,8.65,3.2433412,0.8983246678220682,0.9766994030425573,0.9050645099171962,0.8445984979780474,量能水平;量能波动;量能动量;量能比,4,False
SH601528,5.14,0.85615015,0.6660889659156557,0.7275178124398228,0.951473136915078,0.46813017523589445,量能动量,1,False
SH601555,8.13,2.6319118,0.7288657808588485,0.657423454650491,0.41536683997689194,0.33140766416329676,,0,True
SH601566,9.059999,3.3405702,0.8990949354900828,0.9378008858078182,0.6533795493934142,0.34507991527055654,量能水平;量能波动,2,False
SH601567,13.67,3.3522902,0.4846909300982091,0.8049297130752937,0.7929905642210668,0.8911996918929328,量能波动;量能比,2,False
SH601568,3.5500002,0.8193128,0.8178316965145388,0.6462545734642788,0.7383015597920277,0.24321201617562102,量能水平,1,False
SH601577,9.71,2.124528,0.7633352590025033,0.7107644906605045,0.8478721355671096,0.626420181012902,量能动量,1,False
SH601579,37.300003,10.643655,0.7795108800308107,0.9368380512228,0.782206816868862,0.9112266512613133,量能波动;量能比,2,False
SH601588,1.83,0.7106842,0.6320046216060081,0.7182746004236472,0.8388214904679376,0.8900442903909108,量能动量;量能比,2,False
SH601595,23.0,4.144028,0.8135952243404583,0.3835932986712883,0.267475447718082,0.055266705180050064,量能水平,1,False
SH601598,6.6099997,0.79617137,0.26362410937800884,0.5145388022337762,0.9202772963604853,0.8534565761602156,量能动量;量能比,2,False
SH601599,3.25,0.6742809,0.6085114577315617,0.37820142499518583,0.47332948199499325,0.34353937993452727,,0,True
SH601600,8.929999,15.164664,0.9986520315809744,0.9899865203158097,0.1840939726554978,0.44752551511650296,量能水平;量能波动,2,False
SH601601,31.060001,11.825123,0.9905642210668207,0.9724629308684768,0.5570960908915848,0.5684575389948007,量能水平;量能波动,2,False
SH601606,30.699999,13.107943,0.7693048334296168,0.5476603119584056,0.24494511842865396,0.015020219526285385,,0,True
SH601607,16.22,1.3530989,0.17735413056036972,0.23319853649143077,0.9433853264009243,0.7038320816483729,量能动量,1,False
SH601608,4.59,1.2839564,0.5022145195455421,0.2948199499326016,0.269208549971115,0.3283265934912382,,0,True
SH601609,11.72,5.774512,0.9212401309455036,0.8904294242249181,0.5576737916425958,0.7924128634700558,量能水平;量能波动,2,False
SH601611,10.080001,2.3498144,0.5921432697862508,0.3787791257461968,0.27305988831118816,0.05854034276911227,,0,True
SH601615,9.7699995,4.5113564,0.8730984016945889,0.7914500288850376,0.8463316002310803,0.4400154053533603,量能水平;量能动量,2,False
SH601616,3.75,0.43279928,0.5557481224725592,0.4656268053148469,0.2867321394184479,0.31407664163296745,,0,True
SH601618,2.54,2.0106318,0.9322164452147121,0.8455613325630656,0.8794531099557096,0.6514538802233776,量能水平;量能波动;量能动量,3,False
SH601619,3.8899999,1.2541218,0.3057962642018101,0.24436741767764297,0.7487001733102253,0.6595416907375313,,0,True
SH601628,36.7,9.510081,0.9761217022915463,0.9127671865973426,0.34970152127864434,0.27248218756017717,量能水平;量能波动,2,False
SH601633,13.73,2.1440475,0.2742152898132101,0.11342191411515502,0.6606970922395532,0.4534950895436164,,0,True
SH601636,5.39,3.5481904,0.8187945310995571,0.8326593491238206,0.6814943192759484,0.7090313884074716,量能水平;量能波动,2,False
SH601658,5.4599996,9.364346,0.975158867706528,0.9443481609859427,0.8415174273059889,0.5368765646062007,量能水平;量能波动;量能动量,3,False
SH601665,7.1300006,3.8934305,0.9010206046601194,0.8176391295975352,0.6079337569805507,0.40458309262468706,量能水平;量能波动,2,False
SH601666,8.82,2.325579,0.42769112266512616,0.27748892740227227,0.49720777970344693,0.33660697092239555,,0,True
SH601668,4.34,8.523221,0.9516657038320816,0.9360677835547853,0.9360677835547853,0.7552474484883497,量能水平;量能波动;量能动量,3,False
SH601669,4.57,3.3251548,0.8659734257654534,0.665896398998652,0.8224533025226266,0.23666474099749663,量能水平;量能动量,2,False
SH601677,16.17,3.352882,0.8209127671865973,0.8898517234739072,0.1746581937223185,0.715578663585596,量能水平;量能波动,2,False
SH601678,5.68,3.9415183,0.8931253610629694,0.6520315809743886,0.16734065087617947,0.10032736375890622,量能水平,1,False
SH601686,5.0,0.23228788,0.4394377046023493,0.45522819179664936,0.3704987483150395,0.6370113614481032,,0,True
SH601688,17.8,8.171434,0.9707298286154439,0.7639129597535144,0.5087617947236664,0.537261698440208,量能水平,1,False
SH601689,46.52,10.548916,0.740997496630079,0.7829770845368765,0.8449836318120547,0.8457538994800693,量能动量;量能比,2,False
SH601696,10.96,3.3903596,0.8243789716926632,0.7384941267090314,0.28942807625649913,0.17485076063932217,量能水平,1,False
SH601698,22.6,3.7692306,0.4026574234546505,0.4583092624687079,0.1723473907182746,0.5630656653186983,,0,True
SH601699,15.09,3.9691718,0.2578471018678991,0.19545542075871367,0.4675524744848835,0.22299248989023684,,0,True
SH601700,6.19,5.8986387,0.9279799730406316,0.8963989986520315,0.08087810514153669,0.05160793375698055,量能水平;量能波动,2,False
SH601702,14.880001,0.7826785,0.12208742538031966,0.034854611977662237,0.17427305988831118,0.14962449451184287,,0,True
SH601717,13.35,2.177431,0.7265549778548045,0.7356056229539765,0.8228384363566339,0.6152512998266898,量能动量,1,False
SH601718,1.9399999,0.40474024,0.6244945118428654,0.5120354323127286,0.602156749470441,0.08819564798767572,,0,True
SH601727,6.44,3.387667,0.8879260543038706,0.8299634122857693,0.017523589447332948,0.4213364144040054,量能水平;量能波动,2,False
SH601728,6.28,4.970702,0.9220103986135182,0.9408819564798767,0.3545156942037358,0.6356633930290776,量能水平;量能波动,2,False
SH601766,6.19,7.0031624,0.8561525129982669,0.8979395339880608,0.3373772385904102,0.7406123627960717,量能水平;量能波动,2,False
SH601777,8.18,1.8258944,0.9058347775852109,0.9828615443866744,0.9480069324090121,0.9682264586943963,量能水平;量能波动;量能动量;量能比,4,False
SH601778,3.39,2.6529431,0.941844791064895,0.8759869054496437,0.3647217408049297,0.4694781436549201,量能水平;量能波动,2,False
SH601788,13.679999,1.9695423,0.876372039283651,0.7136529944155594,0.6433660697092239,0.28557673791642596,量能水平,1,False
SH601789,4.21,1.1261652,0.6345079915270556,0.8528788754092047,0.24918159060273445,0.8324667822068169,量能波动;量能比,2,False
SH601798,7.6800003,0.32622904,0.349894088195648,0.3597150009628346,0.8417099942229925,0.5959946081263239,量能动量,1,False
SH601799,70.329994,3.4379447,0.4461775466974774,0.4365492008472944,0.24610051993067592,0.17812439822838436,,0,True
SH601800,5.9399996,1.2874984,0.5753899480069324,0.4525322549585981,0.9376083188908145,0.5663393029077605,量能动量,1,False
SH601801,5.4900002,1.3743945,0.7211631041787021,0.7589062199114193,0.14846909300982092,0.9487772000770268,量能比,1,False
SH601808,12.219999,1.5704695,0.9272097053726169,0.7280955131908338,0.3574041979587907,0.18601964182553438,量能水平,1,False
SH601811,21.12,2.9451911,0.6612747929905642,0.9626420181012902,0.9994222992489891,0.9922973233198537,量能波动;量能动量;量能比,3,False
SH601816,4.7599998,5.8480325,0.9799730406316195,0.9913344887348353,0.8833044482957828,0.8580781821683034,量能水平;量能波动;量能动量;量能比,4,False
SH601818,3.04,4.8087263,0.8636626227614096,0.7910648950510303,0.9312536106296938,0.39437704602349316,量能水平;量能动量,2,False
SH601825,8.61,1.8600016,0.7454265357211631,0.39784325052955904,0.7192374350086655,0.4964375120354323,,0,True
SH601827,7.9,0.3978668,0.2572694011168881,0.113999614866166,0.7926054303870596,0.1163104178702099,,0,True
SH601828,2.23,1.2232109,0.9726554977854804,0.9657230887733488,0.8929327941459657,0.7280955131908338,量能水平;量能波动;量能动量,3,False
SH601838,19.310001,3.7737007,0.6712882726747544,0.7338725207009436,0.8372809551319084,0.7371461582900057,量能动量,1,False
SH601857,11.210001,13.655747,0.9994222992489891,0.998844598497978,0.7030618139803582,0.6970922395532447,量能水平;量能波动,2,False
SH601858,21.58,2.6141436,0.5975351434623531,0.6980550741382631,0.4278836895821298,0.5426535721163104,,0,True
SH601860,2.58,1.3611681,0.7745041401887156,0.660889659156557,0.8788754092046986,0.6635855959946081,量能动量,1,False
SH601865,9.22,1.0162636,0.14981706142884652,0.09185441941074524,0.6963219718852302,0.40477565954169076,,0,True
SH601866,2.4399998,1.6872574,0.9703446947814366,0.7926054303870596,0.6822645869439631,0.3129212401309455,量能水平,1,False
SH601868,2.39,4.6917453,0.9489697669940305,0.8921625264779511,0.8445984979780474,0.46928557673791643,量能水平;量能波动;量能动量,3,False
SH601869,411.16,55.242867,0.9395339880608512,0.8519160408241864,0.21548238012709417,0.340265742345465,量能水平;量能波动,2,False
SH601872,20.149998,29.95223,0.9545542075871365,0.8413248603889851,0.09031388407471597,0.22491815906027343,量能水平;量能波动,2,False
SH601877,24.95,3.3346355,0.7764298093587522,0.5334103601001348,0.6599268245715386,0.16965145388022337,,0,True
SH601878,8.97,1.5240688,0.7689196995956095,0.5940689389562873,0.43500866551126516,0.3287117273252455,,0,True
SH601880,1.4699999,1.2449554,0.7255921432697863,0.6668592335836703,0.7823993837858656,0.6102445599845946,,0,True
SH601881,11.59,2.7258074,0.7735413056036973,0.7190448680916619,0.4203735798189871,0.46601193914885425,,0,True
SH601882,22.62,1.5280424,0.029655305218563452,0.03273637589062199,0.28191796649335643,0.2572694011168881,,0,True
SH601886,13.089999,1.8486105,0.6433660697092239,0.42287694974003465,0.8652031580974389,0.4113229347198151,量能动量,1,False
SH601888,51.44,9.293698,0.668784902753707,0.42422491815906027,0.7481224725592144,0.2064317350279222,,0,True
SH601890,9.35,6.477816,0.9562873098401694,0.8746389370306181,0.512998266897747,0.055074138263046406,量能水平;量能波动,2,False
SH601898,13.799999,5.1534324,0.9555170421721548,0.9541690737531292,0.8272674754477181,0.4184479106489505,量能水平;量能波动;量能动量,3,False
SH601899,29.789999,57.02055,0.991527055651839,0.9878682842287695,0.5243597150009628,0.34912382052763336,量能水平;量能波动,2,False
SH601900,12.69,1.9795097,0.5923358367032544,0.6023493163874446,0.06874638937030618,0.4088195647987676,,0,True
SH601901,6.71,2.3692133,0.7662237627575582,0.6302715193529752,0.6385518967841325,0.3304448295782785,,0,True
SH601908,2.93,0.83665466,0.8852301174658194,0.748892740227229,0.5420758713652994,0.4249951858270749,量能水平,1,False
SH601916,2.8799999,3.6051853,0.9331792797997304,0.910263816676295,0.7461968033891777,0.5906027344502215,量能水平;量能波动,2,False
SH601918,11.29,3.5295296,0.8609666859233583,0.8548045445792413,0.7173117658386289,0.7384941267090314,量能水平;量能波动,2,False
SH601919,16.37,12.261316,0.9495474677450414,0.8998652031580975,0.5684575389948007,0.340843443096476,量能水平;量能波动,2,False
SH601921,7.56,0.6932738,0.6241093780088581,0.514153668399769,0.14404005391873675,0.5977277103793568,,0,True
SH601928,8.34,1.0609784,0.5376468322742153,0.38860003851338343,0.1858270749085307,0.4920084729443482,,0,True
SH601929,2.31,3.5015647,0.9840169458886964,0.9578278451761987,0.1910263816676295,0.5557481224725592,量能水平;量能波动,2,False
SH601933,2.9899998,5.454669,0.9661082226073561,0.7126901598305411,0.24725592143269787,0.009050645099171962,量能水平,1,False
SH601939,11.06,10.653491,0.8979395339880608,0.7866358559599461,0.7920277296360485,0.6888118621220874,量能水平,1,False
SH601949,5.91,5.95822,0.9223955324475255,0.9071827460042364,0.7338725207009436,0.6191026381667629,量能水平;量能波动,2,False
SH601952,8.969999,3.979696,0.9075678798382438,0.7001733102253033,0.32043134989408817,0.021760061621413442,量能水平,1,False
SH601956,5.02,0.3255293,0.49335644136337375,0.8981321009050645,0.9195070286924706,0.9641825534373195,量能波动;量能动量;量能比,3,False
SH601958,19.369999,5.358395,0.9094935490082804,0.9302907760446755,0.23339110340843444,0.30444829578278454,量能水平;量能波动,2,False
SH601963,11.2,1.166365,0.6595416907375313,0.6868861929520509,0.8110918544194108,0.5594068938956287,量能动量,1,False
SH601965,13.569999,0.7262276,0.09127671865973426,0.4009243212016176,0.9512805699980743,0.8403620258039669,量能动量;量能比,2,False
SH601966,10.490001,0.72563034,0.625842480261891,0.5355285961871751,0.39052570768342,0.35894473329481996,,0,True
SH601968,4.5,0.3058915,0.13248603889851723,0.2719044868091662,0.7279029462738301,0.6327748892740227,,0,True
SH601969,8.92,1.2142491,0.7685345657616022,0.6192952050837666,0.3860966685923358,0.20489119969189293,,0,True
SH601975,4.52,9.549204,0.974581166955517,0.8569227806662816,0.22145195455420758,0.22260735605622953,量能水平;量能波动,2,False
SH601985,9.07,7.6454463,0.8994800693240901,0.821683034854612,0.8082033506643559,0.5667244367417678,量能水平;量能波动;量能动量,3,False
SH601988,6.7300005,15.24185,0.9006354708261121,0.610629693818602,0.8582707490853071,0.7594839206624302,量能水平;量能动量,2,False
SH601990,6.58,1.0467366,0.42576545349508954,0.4197958790679761,0.16791835162719046,0.4007317542846139,,0,True
SH601991,5.31,11.062247,0.9813210090506451,0.9582129790102061,0.4113229347198151,0.19141151550163682,量能水平;量能波动,2,False
SH601992,1.4299998,0.70747983,0.8705950317735413,0.9374157519738109,0.9339495474677451,0.9004429039091084,量能水平;量能波动;量能动量;量能比,4,False
SH601996,2.8799999,0.80256456,0.4771808203350664,0.46350856922780664,0.3059888311188138,0.18659734257654534,,0,True
SH601997,5.61,2.4941008,0.8486424032351242,0.7852878875409205,0.7654534950895436,0.4296167918351627,量能水平,1,False
SH601998,9.1,4.31366,0.8536491430772193,0.8657808588484498,0.5181975736568457,0.6730213749277874,量能水平;量能波动,2,False
SH601999,6.8100004,3.10553,0.9803581744656268,0.9250914692855767,0.29809358752166376,0.20816483728095514,量能水平;量能波动,2,False
SH603000,16.51,4.5318704,0.8093587521663779,0.6372039283651069,0.04313498940881957,0.07221259387637204,量能水平,1,False
SH603001,11.29,1.9168074,0.8746389370306181,0.7933756980550741,0.12324282688234162,0.7904871943000192,量能水平,1,False
SH603002,17.34,15.169876,0.9227806662815329,0.861159252840362,0.5549778548045445,0.300211823608704,量能水平;量能波动,2,False
SH603004,19.869999,0.40058535,0.4038128249566724,0.8584633160023109,0.990949354900828,0.9491623339110341,量能波动;量能动量;量能比,3,False
SH603005,26.990002,8.0854025,0.8590410167533218,0.6493356441363374,0.48546119776622376,0.41555940689389564,量能水平,1,False
SH603006,10.83,0.25996345,0.03292894280762565,0.06624301944925862,0.5305218563450799,0.496630078952436,,0,True
SH603007,4.4700003,0.887731,0.4190256113999615,0.19776622376275757,0.5667244367417678,0.227999229732332,,0,True
SH603008,10.6,0.7803191,0.3587521663778163,0.4792990564221067,0.5226266127479299,0.8370883882149047,量能比,1,False
SH603009,45.879997,3.4865322,0.14769882534180628,0.030810706720585404,0.7350279222029655,0.4404005391873676,,0,True
SH603010,12.29,0.96086335,0.14211438474870017,0.26131330637396494,0.4170999422299249,0.5740419795879068,,0,True
SH603011,23.98,11.723046,0.6734065087617948,0.5944540727902946,0.04968226458694396,0.1411515501636819,,0,True
SH603012,8.51,1.8463829,0.7467745041401888,0.8189870980165608,0.5778933179279799,0.29693818601964184,量能波动,1,False
SH603013,14.26,0.39252117,0.20681686886192951,0.16926632004621606,0.44290390910841515,0.2345465049104564,,0,True
SH603014,30.789999,0.27731234,0.21432697862507222,0.24321201617562102,0.5861736953591373,0.659734257654535,,0,True
SH603015,10.3,0.40310436,0.12497592913537454,0.14307721933371848,0.46350856922780664,0.6524167148083959,,0,True
SH603016,32.16,1.6310929,0.3452724821875602,0.28095513190833815,0.42749855574812246,0.2817253995763528,,0,True
SH603017,10.030001,0.40781793,0.19410745233968804,0.6745619102638166,0.9782399383785866,0.9308684767956865,量能动量;量能比,2,False
SH603018,5.2,0.33059993,0.1658001155401502,0.12728673213941843,0.5748122472559214,0.5788561525129983,,0,True
SH603019,79.52,16.340605,0.21837088388214904,0.2782591950702869,0.08858078182168304,0.33410360100134795,,0,True
SH603020,12.48,1.7568773,0.7787406123627961,0.9385711534758329,0.4061236279607163,0.8792605430387059,量能波动;量能比,2,False
SH603021,4.46,0.30220658,0.13056036972848065,0.4629308684767957,0.9722703639514731,0.8388214904679376,量能动量;量能比,2,False
SH603022,9.059999,0.2777716,0.11515501636818795,0.07683419988445984,0.44810321586751395,0.5890621991141922,,0,True
SH603023,4.06,0.50150573,0.18948584633160023,0.05295590217600616,0.30098209127671866,0.1503947621798575,,0,True
SH603025,12.929999,0.75059587,0.1569420373579819,0.28268823416137107,0.20392836510687465,0.35297515886770653,,0,True
SH603026,56.920002,3.1472905,0.28499903716541497,0.20200269593683806,0.8367032543808973,0.3693433468130175,量能动量,1,False
SH603027,7.3100004,0.86057746,0.06450991719622569,0.18890814558058924,0.9125746196803389,0.5763527825919507,量能动量,1,False
SH603028,7.1600003,0.27317873,0.0625842480261891,0.12131715771230503,0.29077604467552476,0.6065857885615251,,0,True
SH603029,16.65,0.7021604,0.23473907182746004,0.20720200269593683,0.2938571153475833,0.0724051607933757,,0,True
SH603030,2.08,0.7671232,0.7001733102253033,0.3918736761024456,0.5807818216830348,0.2823031003273638,,0,True
SH603031,36.67,3.9238067,0.341421143847487,0.3229347198151358,0.675524744848835,0.45734642788368957,,0,True
SH603032,17.77,1.0235846,0.13672251107259772,0.19449258617369536,0.8313113807047949,0.4076641632967456,量能动量,1,False
SH603033,7.71,0.5420263,0.13710764490660504,0.10437126901598305,0.14211438474870017,0.5076063932216445,,0,True
SH603035,10.500001,0.3454885,0.2410937800885808,0.6046601193914886,0.8834970152127865,0.6412478336221837,量能动量,1,False
SH603036,13.52,0.8374176,0.3454650491045638,0.06316194877720008,0.4163296745619103,0.07856730213749277,,0,True
SH603037,10.360001,0.36959007,0.07202002695936838,0.4190256113999615,0.9842095128057,0.952050837666089,量能动量;量能比,2,False
SH603038,15.71,1.1367968,0.3882149046793761,0.2572694011168881,0.16618524937415752,0.514153668399769,,0,True
SH603039,34.73,5.1096907,0.42480261891007126,0.6893895628730984,0.01097631426920855,0.7612170229154631,,0,True
SH603040,44.3,0.82735425,0.02060466011939149,0.31542461005199307,0.23647217408049298,0.8440207972270364,量能比,1,False
SH603041,11.53,0.26710752,0.1451954554207587,0.4020797227036395,0.6329674561910263,0.8588484498363181,量能比,1,False
SH603042,16.66,6.0266356,0.9362603504717889,0.967841324860389,0.3710764490660505,0.8318890814558059,量能水平;量能波动;量能比,3,False
SH603043,13.139999,0.4431382,0.22568842672828807,0.1864047756595417,0.4375120354323127,0.3046408626997882,,0,True
SH603045,46.030003,3.5179687,0.4377046023493164,0.2873098401694589,0.26150587329096864,0.14923936067783555,,0,True
SH603048,25.27,0.55270296,0.3396880415944541,0.43828230310032734,0.2139418447910649,0.8068553822453303,量能比,1,False
SH603049,43.960003,1.004695,0.5919507028692471,0.09859426150587329,0.4319275948392066,0.1658001155401502,,0,True
SH603050,16.35,0.53420174,0.0317735413056037,0.09146928557673792,0.06296938186019642,0.5692278066628154,,0,True
SH603051,24.26,1.4855709,0.7371461582900057,0.6776429809358753,0.4819949932601579,0.4719815135759676,,0,True
SH603052,51.019997,2.567173,0.5047178894665897,0.6104371269015983,0.43674176776429807,0.675524744848835,,0,True
SH603055,9.17,0.6802544,0.39437704602349316,0.7691122665126131,0.8261120739456961,0.9048719430001926,量能动量;量能比,2,False
SH603057,17.84,0.47556287,0.31349894088195646,0.5322549585981129,0.22125938763720393,0.8888888888888888,量能比,1,False
SH603058,8.51,1.0051767,0.4101675332177932,0.5012516849605237,0.5649913344887348,0.2260735605622954,,0,True
SH603059,26.220001,0.36818972,0.23512420566146736,0.03254380897361833,0.7103793568264972,0.6219911419218178,,0,True
SH603060,5.5299997,0.29234967,0.07086462545734643,0.5409204698632775,0.9618717504332756,0.935682649720778,量能动量;量能比,2,False
SH603061,311.73,10.687979,0.7775852108607741,0.38744463701136145,0.268630849220104,0.23242826882341613,,0,True
SH603063,27.609999,4.2800627,0.8528788754092047,0.8338147506258424,0.5008665511265165,0.31311380704794917,量能水平;量能波动,2,False
SH603065,14.23,3.5767639,0.9339495474677451,0.9637974196033121,0.4594646639707298,0.8802233776237243,量能水平;量能波动;量能比,3,False
SH603066,9.280001,0.57424974,0.1962256884267283,0.09320238782977085,0.2368573079145003,0.10360100134796842,,0,True
SH603067,40.25,13.668689,0.6031195840554593,0.6872713267860582,0.8973618332370499,0.796264201810129,量能动量,1,False
SH603068,44.85,5.501677,0.901790872328134,0.9759291353745426,0.105526670518005,0.9437704602349316,量能水平;量能波动;量能比,3,False
SH603069,13.55,0.65297216,0.12613133063739648,0.07760446755247448,0.41093780088580784,0.30791450028885037,,0,True
SH603071,12.490001,0.2508054,0.21413441170806854,0.15944540727902945,0.8405545927209706,0.349894088195648,量能动量,1,False
SH603072,29.389997,0.4291582,0.43616406701328714,0.30040439052570767,0.5309069901790873,0.3876372039283651,,0,True
SH603073,20.88,0.5972698,0.5334103601001348,0.8769497400346621,0.9730406316194877,0.9946081263238975,量能波动;量能动量;量能比,3,False
SH603075,19.73,0.6923499,0.657423454650491,0.7020989793953398,0.6077411900635471,0.5278259195070287,,0,True
SH603076,20.119999,0.28677636,0.13941844791064895,0.1667629501251685,0.5902176006162141,0.707683419988446,,0,True
SH603077,2.19,4.8990684,0.8332370498748315,0.5829000577700751,0.29347198151357595,0.019834392451376852,量能水平,1,False
SH603078,28.83,4.756709,0.5721163104178703,0.36568457538994803,0.28615443866743695,0.3441170806855382,,0,True
SH603079,13.610001,0.61795765,0.3190833814750626,0.5567109570575776,0.9335644136337378,0.42980935875216636,量能动量,1,False
SH603080,19.95,0.31928205,0.13575967648757944,0.2106682072020027,0.7733487386866936,0.2628538417099942,,0,True
SH603081,9.360001,0.21750522,0.16984402079722705,0.13980358174465626,0.44405931061043713,0.5829000577700751,,0,True
SH603082,41.25,4.287506,0.9248989023685731,0.8736761024455999,0.035047178894665895,0.2828808010783747,量能水平;量能波动,2,False
SH603083,205.45,49.585827,0.821683034854612,0.6204506065857885,0.7400346620450606,0.26843828230310035,量能水平,1,False
SH603085,9.7300005,0.4239579,0.05834777585210861,0.015983054111303678,0.6449066050452532,0.5399576352782592,,0,True
SH603086,5.87,0.86560494,0.38975544001540535,0.004429039091084152,0.5611399961486616,0.029462738301559793,,0,True
SH603087,77.4,5.263061,0.9399191218948585,0.9755440015405353,0.9584055459272097,0.9512805699980743,量能水平;量能波动;量能动量;量能比,4,False
SH603088,9.900001,0.7059996,0.026766801463508568,0.0747159637974196,0.6235316772578471,0.4357789331792798,,0,True
SH603089,9.459999,0.38489828,0.16021567494704408,0.10706720585403427,0.7646832274215289,0.2549585981128442,,0,True
SH603090,36.85,3.1933827,0.5466974773733873,0.1517427305988831,0.5821297901020605,0.02772963604852686,,0,True
SH603091,45.32,0.2673751,0.05141536683997689,0.11785095320623917,0.357789331792798,0.7086462545734643,,0,True
SH603092,48.190002,1.0981653,0.7506258424802619,0.941844791064895,0.9437704602349316,0.959946081263239,量能波动;量能动量;量能比,3,False
SH603093,13.16,2.773472,0.5817446562680532,0.6040824186404775,0.20373579818987098,0.5405353360292702,,0,True
SH603095,14.01,0.8479869,0.5538224533025227,0.6312343539379934,0.5110725977277104,0.4240323512420566,,0,True
SH603096,16.1,0.33911577,0.27113421914115154,0.19314461775466973,0.4721740804929713,0.5484305796264202,,0,True
SH603097,18.669998,0.28361684,0.03004043905257077,0.036395147313691506,0.8825341806277681,0.8201424995185828,量能动量;量能比,2,False
SH603098,10.65,0.5016308,0.30098209127671866,0.11900635470826113,0.8003081070672059,0.09628345850182939,量能动量,1,False
SH603099,40.68,3.8132076,0.39533988060851144,0.5484305796264202,0.18139803581744657,0.8652031580974389,量能比,1,False
SH603100,18.29,0.604717,0.0737531292124013,0.28788754092046986,0.9526285384170999,0.7498555748122473,量能动量,1,False
SH603101,7.39,0.60838985,0.30213749277874064,0.09878682842287695,0.5330252262661275,0.09551319083381475,,0,True
SH603102,37.289997,0.5553178,0.5193529751588677,0.2241478913922588,0.5122279992297323,0.40246485653764685,,0,True
SH603103,15.820001,0.9536187,0.5441941074523396,0.32948199499326014,0.4943192759483921,0.17600616214134412,,0,True
SH603105,8.5,2.4858024,0.7802811476988254,0.8378586558829193,0.32216445214712114,0.7596764875794338,量能波动,1,False
SH603106,7.16,1.4183353,0.7151935297515887,0.6408626997881763,0.049297130752936645,0.041787020989793956,,0,True
SH603107,12.2300005,0.2205091,0.44752551511650296,0.6882341613710764,0.8879260543038706,0.7937608318890814,量能动量,1,False
SH603108,9.97,1.2819153,0.36915077989601386,0.4199884459849798,0.19487772000770268,0.6639707298286155,,0,True
SH603109,17.369999,0.26982456,0.1346042749855575,0.17619872905834777,0.7253995763527826,0.7340650876179472,,0,True
SH603110,24.13,2.5557623,0.5559406893895629,0.31966108222607353,0.6073560562295398,0.40342769112266513,,0,True
SH603111,6.13,0.27260825,0.04409782399383786,0.1475062584248026,0.26728288080107837,0.49740034662045063,,0,True
SH603112,16.550001,2.2579021,0.6797612170229155,0.6321971885230118,0.0724051607933757,0.08723281340265743,,0,True
SH603113,4.94,1.2485272,0.9200847294434816,0.5680724051607934,0.44868091661852494,0.032158675139611015,量能水平,1,False
SH603115,70.06,9.591875,0.6722511072597728,0.7371461582900057,0.1779318313113807,0.38224533025226265,,0,True
SH603116,7.2799997,0.5747506,0.6096668592335837,0.886578085884845,0.9792027729636048,0.9882534180627768,量能波动;量能动量;量能比,3,False
SH603117,3.97,0.33851928,0.31234353937993453,0.2853841709994223,0.3075293664548431,0.660889659156557,,0,True
SH603118,15.719998,13.375015,0.9537839399191219,0.9235509339495475,0.4871943000192567,0.3924513768534566,量能水平;量能波动,2,False
SH603119,52.6,6.4087634,0.8409397265549778,0.8197573656845754,0.40516079337569805,0.5411130367802811,量能水平;量能波动,2,False
SH603120,56.05,2.044063,0.764105526670518,0.7512035432312729,0.15540150202195263,0.665318698247641,,0,True
SH603121,12.29,0.7724125,0.3202387829770845,0.5959946081263239,0.3367995378393992,0.8255343731946851,量能比,1,False
SH603122,13.86,5.9680414,0.8413248603889851,0.9366454843057963,0.6158290005777007,0.9060273445022146,量能水平;量能波动;量能比,3,False
SH603123,9.49,5.733477,0.9705372616984402,0.925476603119584,0.28596187175043325,0.021567494704409784,量能水平;量能波动,2,False
SH603124,119.85,7.8793836,0.9410745233968805,0.9682264586943963,0.44309647602541885,0.7793183131138071,量能水平;量能波动,2,False
SH603125,20.939999,1.0373051,0.5628730984016946,0.8821490467937608,0.8130175235894473,0.9626420181012902,量能波动;量能动量;量能比,3,False
SH603126,6.3100004,0.41230103,0.07741190063547082,0.06008087810514154,0.23743500866551126,0.32100905064509916,,0,True
SH603127,49.3,14.375103,0.47159637974196034,0.6210283073367996,0.9075678798382438,0.8788754092046986,量能动量;量能比,2,False
SH603128,5.3700004,0.9563394,0.24552281917966493,0.25168496052378203,0.10206046601193915,0.1592528403620258,,0,True
SH603129,287.06,3.6527486,0.09647602541883304,0.3106104371269016,0.41324860388985174,0.7756595416907376,,0,True
SH603130,39.63,0.38166484,0.13980358174465626,0.38397843250529556,0.959368380512228,0.8251492393606779,量能动量;量能比,2,False
SH603131,13.570001,0.7116742,0.12420566146735991,0.19083381475062583,0.32197188523011744,0.4282688234161371,,0,True
SH603132,18.330002,1.29385,0.5434238397843251,0.6429809358752167,0.8496052378201425,0.4858463316002311,量能动量,1,False
SH603135,8.53,0.4911688,0.6212208742538032,0.34392451376853456,0.6888118621220874,0.5253225495859811,,0,True
SH603136,9.040001,1.3982362,0.640477565954169,0.39206624301944926,0.0822260735605623,0.03909108415174273,,0,True
SH603137,17.779999,1.9441035,0.7600616214134411,0.8754092046986328,0.005391873676102446,0.6377816291161178,量能波动,1,False
SH603138,13.820001,3.6274195,0.6312343539379934,0.5813595224340459,0.6256499133448874,0.32909686115925285,,0,True
SH603139,34.18,1.4180456,0.4850760639322165,0.3554785287887541,0.017908723281340265,0.062199114192181784,,0,True
SH603150,66.4,2.3674421,0.7419603312150973,0.689582129790102,0.4586943963027152,0.5998459464663971,,0,True
SH603151,17.72,0.9113197,0.6410552667051801,0.5570960908915848,0.1792797997304063,0.36279607163489314,,0,True
SH603153,13.68,0.23440406,0.13884074715963798,0.19892162526477952,0.9062199114192182,0.7338725207009436,量能动量,1,False
SH603155,14.46,1.8521369,0.7515886770652802,0.6786058155208935,0.37666088965915656,0.6164067013287118,,0,True
SH603156,43.629997,4.297663,0.8761794723666474,0.7712305025996534,0.4105526670518005,0.5794338532640092,量能水平,1,False
SH603158,10.22,1.2922769,0.3695359137300212,0.23936067783554785,0.30483342961679183,0.21894858463316003,,0,True
SH603160,53.19,2.4405966,0.6553052185634508,0.41555940689389564,0.06085114577315617,0.24687078759869055,,0,True
SH603161,14.38,0.78161734,0.479684190256114,0.4862314654342384,0.12305025996533796,0.0471788946658964,,0,True
SH603162,13.040001,9.433038,0.9713075293664548,0.6824571538609667,0.38263046408627,0.03986135181975736,量能水平,1,False
SH603163,73.920006,2.3138902,0.5143462353167726,0.4165222414789139,0.45137685345657613,0.20315809743886,,0,True
SH603165,13.339999,0.60556984,0.09532062391681109,0.24455998459464665,0.8174465626805315,0.5037550548815714,量能动量,1,False
SH603166,10.610001,0.8065157,0.2339688041594454,0.02041209320238783,0.5474677450414018,0.15347583285191604,,0,True
SH603168,6.04,0.4100236,0.29404968226458694,0.1448103215867514,0.2070094357789332,0.5553629886385519,,0,True
SH603169,5.9300003,0.6155324,0.04024648565376468,0.01424995185827075,0.19160408241864046,0.35432312728673215,,0,True
SH603170,13.680001,0.4799068,0.31080300404390526,0.8334296167918351,0.9948006932409013,0.991527055651839,量能波动;量能动量;量能比,3,False
SH603171,38.97,2.4608135,0.6243019449258618,0.617947236664741,0.007510109763142692,0.1769689967263624,,0,True
SH603172,19.98,0.39439005,0.23550933949547467,0.5898324667822068,0.8172539957635279,0.8278451761987291,量能动量;量能比,2,False
SH603173,29.9,0.23658717,0.08395917581359523,0.3325630656653187,0.9368380512228,0.31927594839206624,量能动量,1,False
SH603175,104.450005,2.2414765,0.7746967071057193,0.8704024648565376,0.2021952628538417,0.9089158482572695,量能波动;量能比,2,False
SH603176,5.2400002,0.21462266,0.014635085692278067,0.12073945696129405,0.6487579433853264,0.5104948969766994,,0,True
SH603177,11.009999,0.49411717,0.10456383593298671,0.015020219526285385,0.36972848064702485,0.18101290198343925,,0,True
SH603178,16.12,1.3369117,0.514153668399769,0.7098016560754863,0.6011939148854227,0.7342576545349508,,0,True
SH603179,40.48,7.758437,0.608318890814558,0.42191411515501637,0.8134026574234546,0.4124783362218371,量能动量,1,False
SH603181,12.27,0.49864492,0.06624301944925862,0.06855382245330252,0.5266705180050067,0.4507991527055652,,0,True
SH603182,13.69,0.29312897,0.15347583285191604,0.15424610051993068,0.5259002503369921,0.34257654534950893,,0,True
SH603185,15.15,1.0218952,0.5436164067013287,0.8276526092817253,0.9753514346235317,0.7783554785287887,量能波动;量能动量,2,False
SH603186,212.66002,41.801495,0.7007510109763143,0.18698247641055266,0.7153860966685923,0.2824956672443674,,0,True
SH603187,10.7,0.35624108,0.18621220874253802,0.11014827652609281,0.5284036202580397,0.11765838628923551,,0,True
SH603188,5.4,0.75518405,0.8137877912574619,0.9522434045830926,0.9778548045445793,0.7500481417292509,量能水平;量能波动;量能动量,3,False
SH603189,9.2699995,0.2046512,0.08992875024070865,0.10571923743500866,0.03331407664163297,0.15116502984787214,,0,True
SH603190,16.29,0.23245458,0.25110725977277104,0.33410360100134795,0.3633737723859041,0.5911804352012324,,0,True
SH603191,13.12,1.7434568,0.7953013672251107,0.47949162333911033,0.18929327941459656,0.005969574427113422,,0,True
SH603192,19.93,0.6856816,0.42865395725014444,0.6963219718852302,0.2715193529751589,0.7958790679761217,,0,True
SH603193,20.25,0.52993274,0.35605622953976507,0.11168881186212208,0.5632582322357019,0.14769882534180628,,0,True
SH603194,33.03,0.276976,0.2695936838051223,0.20373579818987098,0.2434045830926247,0.2736375890621991,,0,True
SH603195,38.710003,1.0113944,0.4119006354708261,0.381475062584248,0.8996726362410937,0.4013094550356249,量能动量,1,False
SH603196,17.82,0.33836567,0.052378201424995184,0.08049297130752936,0.22357019064124783,0.26882341613710764,,0,True
SH603197,29.099998,0.67997426,0.30849220103986136,0.07741190063547082,0.5669170036587714,0.32813402657423457,,0,True
SH603198,38.72,1.3944288,0.27979973040631617,0.48931253610629694,0.9453109955709609,0.6861159252840362,量能动量,1,False
SH603199,31.97,0.6631616,0.16791835162719046,0.05468900442903909,0.19256691700365877,0.03755054881571346,,0,True
SH603200,44.74,3.4745266,0.5328326593491238,0.8954361640670133,0.9905642210668207,0.5965723088773349,量能波动;量能动量,2,False
SH603201,15.26,0.37733468,0.25919507028692473,0.26035047178894666,0.43134989408819563,0.4735220489119969,,0,True
SH603202,51.3,0.4123494,0.5330252262661275,0.4754477180820335,0.577315617176969,0.761794723666474,,0,True
SH603203,41.739998,3.6359022,0.2971307529366455,0.41671480839591757,0.23435393799345272,0.5582514923936068,,0,True
SH603205,21.74,0.27669823,0.430579626420181,0.1756210283073368,0.5478528788754092,0.1563643366069709,,0,True
SH603206,13.54,0.3801557,0.3624109378008858,0.32043134989408817,0.13441170806855382,0.7176968996726363,,0,True
SH603207,24.46,1.3657976,0.7438860003851339,0.4999037165414982,0.19507028692470635,0.04371269015983054,,0,True
SH603208,11.5,0.20538431,0.11496244945118429,0.12478336221837089,0.6724436741767764,0.7610244559984595,,0,True
SH603209,14.8,0.6808094,0.578471018678991,0.6566531869824764,0.9079530136722511,0.5888696321971886,量能动量,1,False
SH603210,13.230001,0.3086947,0.45233968804159447,0.36626227614095896,0.4215289813210091,0.6795686501059118,,0,True
SH603211,18.710001,0.7574422,0.2041209320238783,0.301367225110726,0.5093394954746775,0.682842287694974,,0,True
SH603212,11.460001,0.9790768,0.6583862892355093,0.8297708453687657,0.2447525515116503,0.7662237627575582,量能波动,1,False
SH603213,13.87,0.22807284,0.027344502214519544,0.0439052570768342,0.6813017523589447,0.6566531869824764,,0,True
SH603214,13.86,0.7256987,0.568264972077797,0.2857693048334296,0.6630078952435972,0.097631426920855,,0,True
SH603215,15.63,0.3718795,0.25052955902176005,0.5854034276911226,0.04255728865780859,0.9603312150972463,量能比,1,False
SH603216,21.38,2.4218254,0.8328519160408242,0.9395339880608512,0.14461775466974774,0.6697477373387252,量能水平;量能波动,2,False
SH603217,27.070002,0.9402179,0.5996533795493935,0.4415559406893896,0.8528788754092047,0.22318505680724052,量能动量,1,False
SH603218,9.56,0.840605,0.7028692470633545,0.7650683612555363,0.9366454843057963,0.7693048334296168,量能动量,1,False
SH603219,12.599999,0.33369443,0.10783747352204891,0.23050259965337955,0.7891392258809936,0.7920277296360485,,0,True
SH603220,16.71,2.800659,0.6647409974966301,0.7017138455613325,0.5528596187175043,0.3562487964567687,,0,True
SH603221,25.1,4.5914383,0.8650105911804352,0.9195070286924706,0.5873290968611593,0.5944540727902946,量能水平;量能波动,2,False
SH603222,8.07,1.3078268,0.3887926054303871,0.7721933371846716,0.8420951280569998,0.9795879067976122,量能动量;量能比,2,False
SH603223,9.39,0.80255985,0.10745233968804159,0.2824956672443674,0.6206431735027922,0.2270363951473137,,0,True
SH603225,16.720001,2.5919619,0.8511457731561718,0.9000577700751011,0.3269786250722126,0.31542461005199307,量能水平;量能波动,2,False
SH603226,28.26,2.3912325,0.2588099364529174,0.4856537646832274,0.10475640284999037,0.7325245522819179,,0,True
SH603227,7.4199996,0.44535327,0.06605045253225496,0.08415174273059889,0.7388792605430387,0.25919507028692473,,0,True
SH603228,101.20999,37.655983,0.9560947429231658,0.7259772771037936,0.3506643558636626,0.2630464086269979,量能水平,1,False
SH603229,8.26,0.59504014,0.05950317735413056,0.5388022337762373,0.42056614673599074,0.9649528211053341,量能比,1,False
SH603230,14.01,4.028501,0.9268245715386096,0.9905642210668207,0.9060273445022146,0.9828615443866744,量能水平;量能波动;量能动量;量能比,4,False
SH603231,17.26,0.34031093,0.34739071827460044,0.5449643751203543,0.7875986905449643,0.6175621028307337,,0,True
SH603232,16.13,2.247567,0.5963797419603312,0.7816291161178509,0.7413826304640863,0.9193144617754669,量能比,1,False
SH603233,18.2,1.2122508,0.47448488349701523,0.47910648950510304,0.5488157134604275,0.642788368958213,,0,True
SH603236,71.350006,10.588199,0.8322742152898132,0.5079915270556519,0.36780281147698823,0.17639129597535144,量能水平,1,False
SH603237,15.2,0.4079412,0.38455613325630655,0.1779318313113807,0.657423454650491,0.10668207202002696,,0,True
SH603238,12.860001,0.3265415,0.1690737531292124,0.18197573656845753,0.9039091084151742,0.8313113807047949,量能动量;量能比,2,False
SH603239,13.75,0.3121276,0.06739842095128057,0.0602734450221452,0.8484498363181205,0.6516464471403813,量能动量,1,False
SH603248,20.43,2.9967325,0.9476217985750048,0.943577893317928,0.3073367995378394,0.9591758135952243,量能水平;量能波动;量能比,3,False
SH603255,30.880001,0.62798697,0.40516079337569805,0.5888696321971886,0.4307721933371847,0.5601771615636434,,0,True
SH603256,130.7,34.00519,0.7115347583285192,0.7590987868284229,0.031966108222607356,0.5544001540535336,,0,True
SH603257,64.200005,1.6574291,0.8288080107837473,0.8099364529173888,0.16483728095513192,0.2385904101675332,量能水平;量能波动,2,False
SH603258,14.03,0.62942153,0.544579241286347,0.7496630078952436,0.016175621028307337,0.8808010783747352,量能比,1,False
SH603259,167.34,54.30917,0.9287502407086462,0.8727132678605816,0.8353552859618717,0.7063354515694203,量能水平;量能波动;量能动量,3,False
SH603260,31.55,2.1240835,0.6470248411322935,0.505103023300597,0.6791835162719045,0.5108800308107068,,0,True
SH603261,47.329998,1.3839219,0.45619102638166764,0.3100327363758906,0.8575004814172925,0.4918159060273445,量能动量,1,False
SH603262,17.06,0.68551534,0.7202002695936838,0.5811669555170422,0.6381667629501252,0.3109955709609089,,0,True
SH603266,19.570002,1.1750053,0.43366069709223953,0.3681879453109956,0.4758328519160408,0.8103215867513961,量能比,1,False
SH603267,46.149998,3.6529858,0.7090313884074716,0.6959368380512228,0.14307721933371848,0.2559214326978625,,0,True
SH603268,213.66,12.374004,0.464471403812825,0.31080300404390526,0.1434623531677258,0.39553244752551514,,0,True
SH603269,23.16,9.634698,0.5713460427498556,0.39668784902753707,0.25149239360677833,0.030233005969574428,,0,True
SH603270,31.15,4.337871,0.9649528211053341,0.7791257461968034,0.3964952821105334,0.04409782399383786,量能水平,1,False
SH603271,38.42,0.4920536,0.3670325438089736,0.32351242056614676,0.007124975929135375,0.21240130945503563,,0,True
SH603272,15.0,0.6852068,0.4904679376083189,0.3774311573271712,0.3316002310803004,0.2709416522241479,,0,True
SH603273,14.52,0.2449483,0.22857693048334296,0.1405738494126709,0.4719815135759676,0.4731369150779896,,0,True
SH603275,36.670002,0.2299026,0.24629308684767956,0.22780666281532833,0.7394569612940497,0.6976699403042558,,0,True
SH603276,17.5,0.62328714,0.512420566146736,0.528788754092047,0.13075293664548432,0.4015020219526285,,0,True
SH603277,11.309999,0.23179428,0.06970922395532447,0.17176968996726363,0.6882341613710764,0.3443096476025419,,0,True
SH603278,10.2699995,1.6424853,0.8390140573849413,0.9957635278259195,0.9986520315809744,0.998844598497978,量能水平;量能波动;量能动量;量能比,4,False
SH603279,10.94,0.69697833,0.41960331215097246,0.29173887926054304,0.9027537069131523,0.4665896398998652,量能动量,1,False
SH603280,27.509998,0.52810407,0.4161371076449066,0.8318890814558059,0.9674561910263817,0.9455035624879645,量能波动;量能动量;量能比,3,False
SH603281,18.02,0.48126724,0.38571153475832853,0.8182168303485461,0.22722896206431736,0.9374157519738109,量能波动;量能比,2,False
SH603282,17.08,0.258824,0.22684382823031005,0.3223570190641248,0.601001347968419,0.6466397072982861,,0,True
SH603283,41.82,5.6820645,0.4067013287117273,0.35894473329481996,0.33525900250336993,0.4511842865395725,,0,True
SH603284,40.49,0.42793587,0.3951473136915078,0.5746196803389177,0.5501636818794531,0.5243597150009628,,0,True
SH603285,37.0,2.1329925,0.8372809551319084,0.3194685153090699,0.18698247641055266,0.04467552474484884,量能水平,1,False
SH603286,45.620003,1.8449067,0.29693818601964184,0.3304448295782785,0.8894665896398999,0.7978047371461583,量能动量,1,False
SH603288,33.17,4.0288005,0.5370691315232043,0.6395147313691508,0.5449643751203543,0.6115925284036202,,0,True
SH603289,11.04,0.87579215,0.41093780088580784,0.5276333525900251,0.0681686886192952,0.9222029655305218,量能比,1,False
SH603290,81.21,3.4099076,0.32620835740419796,0.27768149431927597,0.23300596957442712,0.3400731754284614,,0,True
SH603291,8.53,0.5330584,0.30040439052570767,0.25457346427883687,0.04467552474484884,0.08607741190063548,,0,True
SH603293,35.170002,0.7974143,0.7167340650876179,0.4273059888311188,0.6377816291161178,0.03158097438860004,,0,True
SH603296,74.490005,10.143408,0.9445407279029463,0.8852301174658194,0.5886770652801848,0.5183901405738495,量能水平;量能波动,2,False
SH603297,106.92,1.2405581,0.15906027344502213,0.19256691700365877,0.30425572886578084,0.27113421914115154,,0,True
SH603298,21.87,1.0950049,0.20007702676680147,0.42056614673599074,0.8251492393606779,0.8438282303100327,量能动量;量能比,2,False
SH603299,8.69,0.30412865,0.043520123242826884,0.07336799537839399,0.39591758135952243,0.2695936838051223,,0,True
SH603300,4.51,1.256352,0.36741767764298094,0.1900635470826112,0.5002888503755055,0.36780281147698823,,0,True
SH603301,75.17,1.1666291,0.06008087810514154,0.13248603889851723,0.349316387444637,0.8180242634315424,量能比,1,False
SH603303,27.63,0.7718467,0.1523204313498941,0.05334103601001348,0.29539765068361257,0.6928557673791642,,0,True
SH603305,11.199999,1.6373314,0.626420181012902,0.17735413056036972,0.6551126516464472,0.4558058925476603,,0,True
SH603306,71.35999,7.364671,0.4702484113229347,0.5210860774119006,0.38744463701136145,0.5580589254766031,,0,True
SH603307,25.49,0.23296095,0.12555362988638552,0.2900057770075101,0.706528018486424,0.885422684382823,量能比,1,False
SH603308,35.64,10.481232,0.7766223762757558,0.5815520893510495,0.5332177931831311,0.3934142114384749,,0,True
SH603309,11.18,0.26911756,0.05738494126709032,0.030425572886578087,0.8045445792412863,0.47737338725207007,量能动量,1,False
SH603310,14.54,0.20926076,0.17619872905834777,0.33198536491430775,0.19083381475062583,0.47390718274600424,,0,True
SH603311,25.62,1.797256,0.3069516657038321,0.36549200847294433,0.9507028692470634,0.30271519352975157,量能动量,1,False
SH603312,32.899998,0.2580009,0.1723473907182746,0.627575582514924,0.8908145580589255,0.8384363566339302,量能动量;量能比,2,False
SH603313,6.21,1.39588,0.8472944348160986,0.8628923550933949,0.27922202965530524,0.2955902176006162,量能水平;量能波动,2,False
SH603315,10.47,0.62309986,0.25630656653186984,0.24224918159060274,0.7182746004236472,0.4459849797804737,,0,True
SH603316,15.2,4.225183,0.7856730213749278,0.8263046408626998,0.05545927209705372,0.7758521086077412,量能波动,1,False
SH603317,12.55,0.84645885,0.2846139033314077,0.1494319275948392,0.49335644136337375,0.33756980550741383,,0,True
SH603318,8.71,5.469284,0.7575582514923936,0.6036972848064702,0.20758713652994415,0.03273637589062199,,0,True
SH603319,28.0,4.37429,0.38417099942229926,0.43096476025418834,0.026959368380512227,0.41498170614288465,,0,True
SH603320,18.07,0.44686896,0.12035432312728674,0.08858078182168304,0.18736761024455997,0.11265164644714037,,0,True
SH603321,7.2099996,0.8642402,0.5597920277296361,0.5738494126709032,0.12035432312728674,0.2886578085884845,,0,True
SH603322,27.699999,2.6440587,0.49297130752936646,0.6169844020797227,0.9150779896013865,0.7003658771423069,量能动量,1,False
SH603323,4.49,1.616604,0.7223185056807241,0.47660311958405543,0.813210090506451,0.33468130175235894,量能动量,1,False
SH603324,24.210001,0.67344344,0.39071827460042363,0.16560754862314656,0.7691122665126131,0.44521471211245905,,0,True
SH603326,7.6800003,0.25819537,0.07683419988445984,0.06932409012131716,0.5205083766608897,0.5607548623146543,,0,True
SH603327,8.0,1.7788923,0.5388022337762373,0.22491815906027343,0.14018871557866358,0.04602349316387445,,0,True
SH603328,13.83,7.648242,0.9295205083766609,0.9568650105911805,0.8730984016945889,0.7987675717311766,量能水平;量能波动;量能动量,3,False
SH603329,10.25,0.24083428,0.12170229154631235,0.2699788176391296,0.5509339495474678,0.5938763720392837,,0,True
SH603330,9.16,5.187177,0.8457538994800693,0.5547852878875409,0.12959753514346237,0.033699210475640284,量能水平,1,False
SH603331,12.38,0.59817207,0.25168496052378203,0.18139803581744657,0.6872713267860582,0.1634893125361063,,0,True
SH603332,12.01,0.35913876,0.2553437319468515,0.29924898902368574,0.309840169458887,0.5218563450799153,,0,True
SH603333,8.88,0.9747471,0.4914307721933372,0.5235894473329482,0.2470633545156942,0.22588099364529174,,0,True
SH603334,31.8,0.3888098,0.510687463893703,0.3824378971692663,0.6133256306566532,0.2555362988638552,,0,True
SH603335,6.0299997,0.5978609,0.1494319275948392,0.08607741190063548,0.44771808203350666,0.21278644328904295,,0,True
SH603336,9.89,2.7403946,0.5245522819179665,0.28384363566339305,0.15713460427498555,0.07202002695936838,,0,True
SH603337,35.07,0.8817221,0.11939148854226844,0.27902946273830154,0.09705372616984402,0.7504332755632582,,0,True
SH603338,53.36,1.6457356,0.05488157134604275,0.07625649913344887,0.7113421914115156,0.7354130560369728,,0,True
SH603339,12.199999,1.2922307,0.5255151165029848,0.552474484883497,0.08954361640670133,0.12863470055844406,,0,True
SH603341,35.210003,3.096635,0.9304833429616792,0.944155594068939,0.0015405353360292702,0.722896206431735,量能水平;量能波动,2,False
SH603344,21.97,0.8097409,0.6375890621991142,0.7267475447718083,0.7797034469478143,0.22857693048334296,,0,True
SH603345,79.4,4.2616673,0.48546119776622376,0.341998844598498,0.7280955131908338,0.21413441170806854,,0,True
SH603348,14.599999,0.34400356,0.32043134989408817,0.3988060851145773,0.503947621798575,0.6872713267860582,,0,True
SH603351,27.46,0.3771466,0.1821683034854612,0.25245522819179667,0.004814172925091469,0.7546697477373387,,0,True
SH603352,24.81,0.21277925,0.37377238590410167,0.17542846139033313,0.6528018486424032,0.3901405738494127,,0,True
SH603353,38.34,4.667959,0.8962064317350279,0.8151357596764875,0.1527055651839014,0.2618910071249759,量能水平;量能波动,2,False
SH603355,30.310001,1.2140427,0.3859041016753322,0.529366454843058,0.0186789909493549,0.49913344887348354,,0,True
SH603356,16.51,0.43341604,0.21740804929713076,0.5035624879645677,0.7003658771423069,0.9118043520123242,量能比,1,False
SH603358,44.4,3.9030669,0.6381667629501252,0.4604274985557481,0.6897746967071057,0.21086077411900636,,0,True
SH603360,12.26,1.257277,0.07644906605045253,0.06104371269015983,0.14904679376083188,0.16599268245715387,,0,True
SH603363,2.81,1.5453995,0.8524937415751974,0.6295012516849605,0.15424610051993068,0.02811476988253418,量能水平,1,False
SH603365,16.029999,0.229565,0.09782399383785866,0.20623916811091855,0.8561525129982669,0.6786058155208935,量能动量,1,False
SH603366,7.27,2.518835,0.8526863084922011,0.5644136337377239,0.21220874253803196,0.0252262661274793,量能水平,1,False
SH603367,14.530002,0.814293,0.495474677450414,0.5703832081648372,0.7128827267475448,0.7098016560754863,,0,True
SH603368,15.179999,0.45813435,0.19218178316965145,0.2162526477951088,0.7860581552089351,0.5341806277681495,,0,True
SH603369,28.089998,2.7819803,0.4931638744463701,0.724051607933757,0.9191218948584633,0.7616021567494704,量能动量,1,False
SH603370,27.53,0.45153165,0.6204506065857885,0.7305988831118814,0.24956672443674177,0.7850953206239168,,0,True
SH603373,50.179996,1.2020228,0.5091469285576737,0.7538994800693241,0.9499326015790487,0.9894088195647988,量能动量;量能比,2,False
SH603375,43.8,2.2740965,0.8677065280184865,0.9264394377046024,0.130367802811477,0.8715578663585596,量能水平;量能波动;量能比,3,False
SH603376,26.390001,0.8869397,0.8012709416522241,0.25977277103793567,0.39033314076641634,0.008472944348160986,量能水平,1,False
SH603378,4.91,0.7789064,0.6169844020797227,0.7839399191218949,0.9612940496822646,0.7438860003851339,量能动量,1,False
SH603379,49.120003,3.0199642,0.756210283073368,0.7498555748122473,0.13787791257461968,0.5913730021182361,,0,True
SH603380,32.4,1.1115583,0.27806662815328326,0.27017138455613326,0.37377238590410167,0.2903909108415174,,0,True
SH603381,14.719998,0.42666695,0.5199306759098787,0.5345657616021567,0.2676680146350857,0.4798767571731177,,0,True
SH603382,19.109999,0.36585507,0.6067783554785288,0.60157904871943,0.7369535913730021,0.7215482380127094,,0,True
SH603383,26.78,0.656775,0.10995570960908915,0.026959368380512227,0.1251684960523782,0.0625842480261891,,0,True
SH603385,5.7300005,0.20616315,0.29809358752166376,0.39533988060851144,0.5162719044868092,0.6139033314076642,,0,True
SH603386,17.4,3.4339046,0.6335451569420374,0.4781436549200847,0.2553437319468515,0.3847487001733102,,0,True
SH603387,10.01,0.8120104,0.38937030618139806,0.3133063739649528,0.24417485076063933,0.789524359715001,,0,True
SH603389,44.57,1.0980656,0.09840169458886963,0.07356056229539765,0.5638359329867129,0.18178316965145389,,0,True
SH603390,11.08,1.818675,0.8282303100327364,0.8114769882534181,0.855574812247256,0.5846331600231081,量能水平;量能波动;量能动量,3,False
SH603391,69.56,1.3904401,0.6279607163489312,0.7870209897939534,0.9326015790487194,0.8625072212593876,量能动量;量能比,2,False
SH603392,27.34,1.6583594,0.1369150779896014,0.31754284613903333,0.8948584633160023,0.7456191026381668,量能动量,1,False
SH603393,24.480001,1.6804261,0.5305218563450799,0.3312150972462931,0.6942037357981898,0.21490467937608318,,0,True
SH603395,24.94,3.4887953,0.9957635278259195,0.9634122857693048,0.09743886000385134,0.0602734450221452,量能水平;量能波动,2,False
SH603396,33.5,2.6886876,0.7327171191989216,0.9726554977854804,0.9922973233198537,0.9849797804737146,量能波动;量能动量;量能比,3,False
SH603398,8.38,0.66102827,0.2869247063354516,0.09840169458886963,0.09840169458886963,0.0854997111496245,,0,True
SH603399,13.01,3.5577204,0.8463316002310803,0.79684190256114,0.49817061428846526,0.46543423839784326,量能水平,1,False
SH603402,58.850006,2.1126015,0.8908145580589255,0.6705180050067399,0.11457731561717698,0.04313498940881957,量能水平,1,False
SH603406,27.36,0.75244814,0.6982476410552667,0.4923936067783555,0.15251299826689774,0.04255728865780859,,0,True
SH603407,57.46,2.4685583,0.9245137685345658,0.935104948969767,0.1274792990564221,0.6373964952821105,量能水平;量能波动,2,False
SH603408,11.589999,0.26844037,0.23724244174850762,0.0770267668014635,0.7277103793568265,0.13094550356248796,,0,True
SH603409,17.85,0.26894367,0.3229347198151358,0.5207009435778933,0.935104948969767,0.8474870017331022,量能动量;量能比,2,False
SH603416,46.010002,0.61492616,0.09743886000385134,0.06239168110918544,0.5967648757943386,0.41324860388985174,,0,True
SH603418,48.48,1.0259835,0.7565954169073753,0.9547467745041401,0.9661082226073561,0.9818987098016561,量能波动;量能动量;量能比,3,False
SH603421,6.18,2.6914158,0.950895436164067,0.861736953591373,0.28885037550548814,0.11034084344309647,量能水平;量能波动,2,False
SH603429,9.09,0.20393428,0.004429039091084152,0.03851338340073175,0.943577893317928,0.454265357211631,量能动量,1,False
SH603435,43.05,1.318532,0.909686115925284,0.84421336414404,0.6580011554015021,0.3217793183131138,量能水平;量能波动,2,False
SH603439,13.18,3.0550694,0.8207202002695937,0.5630656653186983,0.047949162333911034,0.07914500288850375,量能水平,1,False
SH603444,339.69,5.0839863,0.48642403235124204,0.2391681109185442,0.48026189100712496,0.14635085692278066,,0,True
SH603456,16.75,3.1834323,0.6090891584825727,0.6048526863084922,0.770845368765646,0.8291931446177546,量能比,1,False
SH603458,10.420001,1.4185021,0.7881763912959754,0.7947236664740998,0.8626997881763913,0.15963797419603312,量能动量,1,False
SH603459,78.299995,8.345811,0.9584055459272097,0.8730984016945889,0.4769882534180628,0.18698247641055266,量能水平;量能波动,2,False
SH603466,11.88,9.129214,0.919892162526478,0.8451761987290584,0.10437126901598305,0.12170229154631235,量能水平;量能波动,2,False
SH603477,14.379999,1.748714,0.542846139033314,0.44348160985942614,0.5963797419603312,0.5605622953976507,,0,True
SH603486,49.89,1.9771044,0.48141729250914694,0.259580204120932,0.5771230502599654,0.34950895436164064,,0,True
SH603488,7.7000003,0.6240128,0.3240901213171577,0.15732717119198922,0.2499518582707491,0.11688811862122088,,0,True
SH603489,28.48,0.6328204,0.423262083574042,0.2732524552281918,0.5405353360292702,0.48892740227228965,,0,True
SH603496,21.970001,1.4495189,0.2880801078374735,0.1322934719815136,0.19834392451376853,0.14018871557866358,,0,True
SH603499,12.599999,0.572228,0.03774311573271712,0.04140188715578664,0.33140766416329676,0.11650298478721356,,0,True
SH603500,10.05,0.9068408,0.3712690159830541,0.78105141536684,0.9118043520123242,0.9876757173117658,量能动量;量能比,2,False
SH603501,82.21001,10.108501,0.5590217600616214,0.5266705180050067,0.34122857693048336,0.2905834777585211,,0,True
SH603505,13.98,1.1478983,0.019834392451376852,0.025611399961486616,0.789524359715001,0.510687463893703,,0,True
SH603506,12.25,0.4740519,0.1998844598497978,0.3036780281147699,0.7604467552474485,0.7230887733487387,,0,True
SH603507,27.710001,2.80028,0.8291931446177546,0.7623724244174851,0.34450221451954555,0.9241286347005584,量能水平;量能比,2,False
SH603508,20.59,0.40595943,0.21028307336799537,0.2555362988638552,0.5164644714038128,0.3277488927402272,,0,True
SH603516,77.46,3.5196788,0.3554785287887541,0.4119006354708261,0.5465049104563836,0.4438667436934335,,0,True
SH603517,11.429999,0.5490022,0.44194107452339687,0.42018101290198345,0.8336221837088388,0.5145388022337762,量能动量,1,False
SH603518,7.79,0.4796872,0.61736953591373,0.6424032351242056,0.4386674369343347,0.5232043134989409,,0,True
SH603519,17.019999,1.154003,0.12690159830541112,0.49855574812247255,0.6610822260735606,0.9358752166377816,量能比,1,False
SH603520,8.75,0.5107919,0.18794531099557096,0.4819949932601579,0.9495474677450414,0.8166762950125168,量能动量;量能比,2,False
SH603527,9.719999,0.6755141,0.3755054881571346,0.43500866551126516,0.618524937415752,0.4656268053148469,,0,True
SH603528,6.33,0.6145747,0.25476603119584057,0.18505680724051607,0.27633352590025034,0.4375120354323127,,0,True
SH603529,22.23,0.9325438,0.46370113614481034,0.7775852108607741,0.9851723473907182,0.8892740227228962,量能动量;量能比,2,False
SH603530,41.219997,2.0024061,0.2027729636048527,0.15309069901790873,0.25457346427883687,0.08415174273059889,,0,True
SH603533,23.88,8.275622,0.7933756980550741,0.814365492008473,0.885422684382823,0.3036780281147699,量能波动;量能动量,2,False
SH603535,6.12,0.20122749,0.0910841517427306,0.03427691122665126,0.340843443096476,0.3452724821875602,,0,True
SH603536,10.190001,0.7303702,0.23839784325052957,0.129790102060466,0.82842287694974,0.13479684190256114,量能动量,1,False
SH603538,28.59,10.405042,0.8921625264779511,0.8682842287694974,0.43789716926632005,0.6807240516079338,量能水平;量能波动,2,False
SH603556,22.45,0.8785908,0.4819949932601579,0.391103408434431,0.4455998459464664,0.13787791257461968,,0,True
SH603557,3.05,0.20776828,0.44309647602541885,0.674947044097824,0.9431927594839207,0.80473714615829,量能动量;量能比,2,False
SH603558,12.88,0.5731116,0.11245907953013672,0.27633352590025034,0.13710764490660504,0.7746967071057193,,0,True
SH603559,8.57,1.7266054,0.6425958020412094,0.5326400924321202,0.05430387059503177,0.03466204506065858,,0,True
SH603565,11.59,2.192527,0.6970922395532447,0.3912959753514346,0.49682264586943964,0.12824956672443674,,0,True
SH603566,10.24,0.24809875,0.09300982091276719,0.07086462545734643,0.7365684575389948,0.22684382823031005,,0,True
SH603567,5.2599998,1.0424776,0.8794531099557096,0.7666088965915656,0.40227228962064315,0.5709609089158483,量能水平,1,False
SH603568,13.42,0.97811896,0.11284421336414403,0.13614481032158676,0.6745619102638166,0.2747929905642211,,0,True
SH603577,9.700001,0.30841392,0.09955709609089158,0.010398613518197574,0.7148083959175814,0.4594646639707298,,0,True
SH603578,14.35,0.5648721,0.22145195455420758,0.2796071634893125,0.5095320623916811,0.68053148469093,,0,True
SH603579,17.800001,0.46753517,0.3277488927402272,0.560369728480647,0.050837666088965915,0.8228384363566339,量能比,1,False
SH603580,72.95,6.579642,0.4174850760639322,0.6223762757558251,0.45619102638166764,0.8241864047756595,量能比,1,False
SH603583,27.65,1.5655439,0.5012516849605237,0.4806470248411323,0.10109763142692085,0.27305988831118816,,0,True
SH603585,10.53,0.46935776,0.35932986712882725,0.1910263816676295,0.30618139803581745,0.11900635470826113,,0,True
SH603586,13.85,0.2431777,0.26420181012901983,0.6431735027922203,0.496052378201425,0.790102060466012,,0,True
SH603587,12.429999,0.495623,0.5253225495859811,0.5628730984016946,0.724051607933757,0.3980358174465627,,0,True
SH603588,16.54,7.968151,0.774311573271712,0.8018486424032352,0.6845753899480069,0.7691122665126131,量能波动,1,False
SH603589,17.78,1.0853853,0.6092817253995764,0.7375312921240131,0.7284806470248412,0.7363758906219912,,0,True
SH603590,32.11,0.5280496,0.36799537839399193,0.8343924513768535,0.9709223955324475,0.901213171577123,量能波动;量能动量;量能比,3,False
SH603595,31.02,0.80272114,0.11361448103215868,0.05006739842095128,0.2747929905642211,0.2073945696129405,,0,True
SH603596,28.14,4.637115,0.7361833237049875,0.4479106489505103,0.36645484305796266,0.15097246293086847,,0,True
SH603598,18.78,4.039504,0.6306566531869825,0.8667436934334681,0.6843828230310033,0.9404968226458694,量能波动;量能比,2,False
SH603599,10.299999,1.6275343,0.46581937223185055,0.09820912767186597,0.27691122665126133,0.024648565376468323,,0,True
SH603600,10.08,0.5710044,0.10148276526092817,0.09031388407471597,0.8613518197573656,0.154631234353938,量能动量,1,False
SH603601,9.5,12.7365885,0.59368380512228,0.7581359522434046,0.2805699980743308,0.6766801463508569,,0,True
SH603602,12.37,0.43931925,0.16599268245715387,0.8303485461197766,0.9965337954939342,0.9838243789716926,量能波动;量能动量;量能比,3,False
SH603605,54.7,2.6793084,0.3063739649528211,0.31369150779896016,0.6144810321586751,0.7167340650876179,,0,True
SH603606,36.530003,5.3299165,0.2073945696129405,0.3843635663393029,0.943000192566917,0.44020797227036396,量能动量,1,False
SH603607,23.15,1.3926077,0.3745426535721163,0.3152320431349894,0.3040631619487772,0.1415366839976892,,0,True
SH603608,19.220001,3.232081,0.683997689196996,0.5969574427113422,0.017716156364336606,0.13306373964952822,,0,True
SH603609,6.34,0.372174,0.1500096283458502,0.15193529751588677,0.07202002695936838,0.11592528403620259,,0,True
SH603610,13.07,0.63766533,0.6081263238975544,0.7458116695551704,0.8759869054496437,0.8596187175043327,量能动量;量能比,2,False
SH603611,15.47,0.2148879,0.014827652609281726,0.10051993067590988,0.5907953013672251,0.5297515886770653,,0,True
SH603612,16.079998,1.7131097,0.46485653764683227,0.5715386096668592,0.7577508184093973,0.49951858270749083,,0,True
SH603613,18.78,2.7515495,0.4325052955902176,0.2410937800885808,0.5045253225495859,0.32158675139611015,,0,True
SH603615,18.46,0.9470772,0.3377623724244175,0.260735605622954,0.08049297130752936,0.14442518775274407,,0,True
SH603616,5.6499996,0.66337574,0.5634507991527056,0.5318698247641055,0.9006354708261121,0.45041401887155785,量能动量,1,False
SH603617,6.74,0.32634482,0.0831889081455806,0.1877527440785673,0.649528211053341,0.6685923358367033,,0,True
SH603618,32.75,37.749424,0.9481994993260158,0.7554400154053533,0.11573271711919893,0.034854611977662237,量能水平,1,False
SH603619,20.73,7.0946827,0.9870980165607549,0.7937608318890814,0.4296167918351627,0.01733102253032929,量能水平,1,False
SH603626,24.220001,10.207098,0.967263624109378,0.9688041594454073,0.7866358559599461,0.7733487386866936,量能水平;量能波动,2,False
SH603628,10.200001,0.7707397,0.37261698440207974,0.23801270941652225,0.4521471211245908,0.16522241478913924,,0,True
SH603629,95.96,25.787212,0.8268823416137108,0.7535143462353168,0.037935682649720776,0.21259387637203928,量能水平,1,False
SH603630,15.349999,0.93981344,0.650683612555363,0.9094935490082804,0.9828615443866744,0.927787406123628,量能波动;量能动量;量能比,3,False
SH603633,6.22,0.42941865,0.10302330059695744,0.18274600423647216,0.7117273252455228,0.8288080107837473,量能比,1,False
SH603636,7.67,2.1172433,0.6514538802233776,0.8879260543038706,0.9832466782206817,0.9978817639129598,量能波动;量能动量;量能比,3,False
SH603637,13.87,1.1490155,0.38051222799922974,0.13730021182360871,0.2973233198536491,0.19776622376275757,,0,True
SH603638,19.82,1.7229618,0.06855382245330252,0.14615829000577701,0.9595609474292317,0.9397265549778548,量能动量;量能比,2,False
SH603648,9.52,0.2145837,0.07124975929135374,0.08184093972655498,0.25515116502984786,0.5160793375698055,,0,True
SH603650,62.3,13.296896,0.8950510302330059,0.6940111688811862,0.2640092432120162,0.26092817253995765,量能水平,1,False
SH603655,30.89,0.47507605,0.03389177739264394,0.27344502214519545,0.0017331022530329288,0.7383015597920277,,0,True
SH603656,17.19,0.25323424,0.09878682842287695,0.08107067205854035,0.28037743115732716,0.7022915463123436,,0,True
SH603657,39.5,1.9017107,0.5732717119198921,0.6065857885615251,0.8507606393221645,0.7250144425187752,量能动量,1,False
SH603658,34.08,1.1056662,0.28191796649335643,0.6911226651261313,0.024070864625457346,0.9343346813017523,量能比,1,False
SH603659,21.45,4.0891657,0.5952243404583093,0.5534373194685153,0.5466974773733873,0.3974581166955517,,0,True
SH603660,9.099999,1.475298,0.534950895436164,0.32620835740419796,0.3381475062584248,0.341421143847487,,0,True
SH603661,33.11,1.1392542,0.7687271326786058,0.853841709994223,0.22010398613518198,0.5649913344887348,量能波动,1,False
SH603662,47.889996,1.4679933,0.19083381475062583,0.1956479876757173,0.6216060080878105,0.5674947044097824,,0,True
SH603663,43.239998,10.579682,0.28711727325245523,0.44405931061043713,0.0803004043905257,0.5821297901020605,,0,True
SH603665,23.35,0.8196997,0.4571538609666859,0.6171769689967264,0.965530521856345,0.9077604467552475,量能动量;量能比,2,False
SH603666,26.769999,0.84838647,0.37762372424417484,0.5777007510109763,0.17061428846524168,0.650683612555363,,0,True
SH603667,49.43,6.5297356,0.6323897554400154,0.8012709416522241,0.8958212979010206,0.8016560754862314,量能波动;量能动量;量能比,3,False
SH603668,11.850001,1.5216455,0.45002888503755056,0.13075293664548432,0.34488734835355284,0.02349316387444637,,0,True
SH603669,6.3299994,1.6055229,0.7113421914115156,0.7244367417677643,0.6824571538609667,0.7537069131523204,,0,True
SH603677,14.35,0.26718047,0.0854997111496245,0.11881378779125747,0.24821875601771615,0.30945503562487964,,0,True
SH603678,42.719997,10.2912855,0.6458694396302715,0.6524167148083959,0.10456383593298671,0.2624687078759869,,0,True
SH603679,23.23,2.7603827,0.6137107644906605,0.8238012709416522,0.34950895436164064,0.797419603312151,量能波动,1,False
SH603680,10.0199995,0.4702579,0.6008087810514153,0.6562680531484691,0.06142884652416715,0.471788946658964,,0,True
SH603681,18.31,1.3612952,0.5740419795879068,0.7899094935490083,0.33179279799730405,0.8769497400346621,量能比,1,False
SH603682,9.43,0.9337073,0.5025996533795494,0.5370691315232043,0.6229539765068361,0.6522241478913923,,0,True
SH603683,15.03,2.7965481,0.682842287694974,0.4821875601771616,0.674947044097824,0.22626612747929906,,0,True
SH603685,24.82,0.6163413,0.22010398613518198,0.27864432890429425,0.2719044868091662,0.16310417870209898,,0,True
SH603686,14.289999,5.1235986,0.829578278451762,0.8390140573849413,0.2915463123435394,0.7130752936645485,量能水平;量能波动,2,False
SH603687,13.99,3.0295105,0.7929905642210668,0.44714038128249567,0.5389948006932409,0.130367802811477,,0,True
SH603688,43.539997,6.827545,0.32062391681109187,0.32909686115925285,0.10148276526092817,0.2578471018678991,,0,True
SH603689,7.72,0.29287675,0.11438474870017332,0.07567879838243789,0.8858078182168303,0.1910263816676295,量能动量,1,False
SH603690,22.22,3.9713767,0.19179664933564414,0.3483535528596187,0.48372809551319085,0.6364336606970923,,0,True
SH603693,12.250001,1.9801165,0.7040246485653765,0.8172539957635279,0.870209897939534,0.7908723281340265,量能波动;量能动量,2,False
SH603696,13.06,3.0991046,0.6641632967456191,0.649528211053341,0.12497592913537454,0.19352975158867705,,0,True
SH603697,9.599999,0.47819376,0.16926632004621606,0.446947814365492,0.8471018678990949,0.8297708453687657,量能动量;量能比,2,False
SH603698,19.84,1.7513381,0.6058155208935105,0.5559406893895629,0.5732717119198921,0.60157904871943,,0,True
SH603699,43.21,1.8514946,0.4725592143269786,0.24629308684767956,0.28326593491238206,0.4519545542075871,,0,True
SH603700,11.809999,0.5866842,0.48931253610629694,0.690737531292124,0.8469093009820913,0.8274600423647217,量能动量;量能比,2,False
SH603701,18.210001,0.7282444,0.07953013672251107,0.11053341036010013,0.24975929135374542,0.14423262083574043,,0,True
SH603703,9.759999,1.2328329,0.3637589062199114,0.38263046408627,0.05661467359907568,0.3803196610822261,,0,True
SH603707,8.190001,0.718434,0.11322934719815136,0.34970152127864434,0.870787598690545,0.8365106874638937,量能动量;量能比,2,False
SH603708,8.99,0.59791034,0.4105526670518005,0.1022530329289428,0.4937415751973811,0.03601001347968419,,0,True
SH603709,12.68,0.3764948,0.2493741575197381,0.34950895436164064,0.8268823416137108,0.8640477565954169,量能动量;量能比,2,False
SH603711,11.64,0.41338897,0.4273059888311188,0.227421528981321,0.16194877720007703,0.284421336414404,,0,True
SH603712,11.41,1.1582329,0.4184479106489505,0.38417099942229926,0.32851916040824186,0.4053533602927017,,0,True
SH603713,67.85999,1.3595375,0.17350279222029655,0.3991912189485846,0.9087232813402657,0.6491430772193337,量能动量,1,False
SH603716,16.62,1.9751105,0.6680146350856923,0.8286154438667437,0.1411515501636819,0.862314654342384,量能波动;量能比,2,False
SH603717,6.02,0.5471828,0.6795686501059118,0.6300789524359715,0.8108992875024071,0.40689389562873096,量能动量,1,False
SH603719,9.21,0.3482774,0.37723859041016755,0.1644521471211246,0.5800115540150202,0.2651646447140381,,0,True
SH603721,18.45,2.258079,0.5274407856730213,0.2447525515116503,0.15520893510494896,0.032351242056614674,,0,True
SH603722,28.08,0.29775423,0.0471788946658964,0.10957057577508184,0.5904101675332178,0.4186404775659542,,0,True
SH603725,11.7699995,1.3141685,0.4918159060273445,0.30560369728480646,0.6320046216060081,0.7864432890429425,,0,True
SH603726,23.36,0.6903552,0.07529366454843057,0.11380704794916234,0.7165414981706143,0.6999807433082996,,0,True
SH603727,18.710001,0.66927755,0.5815520893510495,0.9148854226843828,0.9766994030425573,0.9318313113807047,量能波动;量能动量;量能比,3,False
SH603728,51.5,3.1275268,0.4858463316002311,0.6674369343346813,0.6972848064702484,0.6450991719622569,,0,True
SH603730,9.849999,1.6429163,0.5284036202580397,0.764105526670518,0.9372231850568072,0.8528788754092047,量能动量;量能比,2,False
SH603733,17.74,1.3093897,0.6385518967841325,0.7238590410167534,0.5971500096283459,0.4111303678028115,,0,True
SH603737,22.65,1.9644246,0.10263816676295012,0.4421336414404005,0.9537839399191219,0.8750240708646254,量能动量;量能比,2,False
SH603738,32.73,8.686344,0.6289235509339496,0.5769304833429617,0.4800693240901213,0.6019641825534373,,0,True
SH603739,14.040001,0.5807961,0.27922202965530524,0.6273830155979203,0.8705950317735413,0.6674369343346813,量能动量,1,False
SH603755,25.85,0.43915,0.22434045830926247,0.6158290005777007,0.919892162526478,0.9216252647795109,量能动量;量能比,2,False
SH603757,70.770004,6.9835854,0.6637781629116117,0.4748700173310225,0.7144232620835741,0.4307721933371847,,0,True
SH603758,10.74,0.96155167,0.5958020412093202,0.29809358752166376,0.6212208742538032,0.14211438474870017,,0,True
SH603759,8.01,0.34455192,0.28846524167148085,0.37531292124013094,0.5318698247641055,0.6554977854804545,,0,True
SH603766,14.18,1.921801,0.3292894280762565,0.5022145195455421,0.10995570960908915,0.6710957057577508,,0,True
SH603767,14.830001,1.0072794,0.4282688234161371,0.9193144617754669,0.9951858270749085,0.9959560947429231,量能波动;量能动量;量能比,3,False
SH603768,12.14,0.28954753,0.3610629693818602,0.77315617176969,0.9803581744656268,0.8819564798767572,量能动量;量能比,2,False
SH603773,89.670006,24.457844,0.959946081263239,0.9668784902753707,0.7479299056422106,0.9274022722896207,量能水平;量能波动;量能比,3,False
SH603776,20.830002,0.42383128,0.16618524937415752,0.42345465049104564,0.2073945696129405,0.9145002888503755,量能比,1,False
SH603777,13.500001,1.198241,0.5823223570190641,0.6531869824764106,0.33872520700943576,0.5189678413248604,,0,True
SH603778,8.02,6.3081937,0.870787598690545,0.9252840362025804,0.08896591565569036,0.41305603697284804,量能水平;量能波动,2,False
SH603779,8.07,1.2391511,0.4371269015983054,0.3901405738494127,0.5320623916811091,0.13344887348353554,,0,True
SH603786,36.749996,0.63019705,0.3945696129404968,0.11419218178316966,0.8819564798767572,0.41363373772385903,量能动量,1,False
SH603787,10.46,0.2158683,0.05334103601001348,0.05969574427113422,0.7017138455613325,0.7175043327556326,,0,True
SH603790,24.75,0.65118676,0.16329674561910265,0.34353937993452727,0.6125553629886386,0.7454265357211631,,0,True
SH603797,4.82,0.6098125,0.3100327363758906,0.8008858078182168,0.9797804737146159,0.966685923358367,量能波动;量能动量;量能比,3,False
SH603798,14.669999,0.6950065,0.21683034854611977,0.5803966878490275,0.9668784902753707,0.9031388407471597,量能动量;量能比,2,False
SH603799,35.0,13.351026,0.5771230502599654,0.4662045060658579,0.5775081840939726,0.4983631812054689,,0,True
SH603800,52.99,2.594157,0.4203735798189871,0.5068361255536299,0.32158675139611015,0.3895628730984017,,0,True
SH603801,6.29,0.6876959,0.594261505873291,0.48700173310225303,0.6424032351242056,0.2050837666088966,,0,True
SH603803,11.06,2.730751,0.9370306181398036,0.9934527248218756,0.8977469670710572,0.9532062391681109,量能水平;量能波动;量能动量;量能比,4,False
SH603806,13.86,2.462026,0.5775081840939726,0.5091469285576737,0.34854611977662237,0.5077989601386482,,0,True
SH603808,8.83,0.24828061,0.18486424032351242,0.3872520700943578,0.8315039476217986,0.82052763335259,量能动量;量能比,2,False
SH603809,8.47,0.50346285,0.10571923743500866,0.06951665703832081,0.6865010591180435,0.4690930098209128,,0,True
SH603810,12.23,0.22423445,0.18101290198343925,0.04814172925091469,0.6268053148469093,0.4140188715578664,,0,True
SH603811,6.9900002,0.31040066,0.04756402849990372,0.026766801463508568,0.43597150009628344,0.3568264972077797,,0,True
SH603813,25.920002,0.210847,0.01848642403235124,0.10783747352204891,0.06431735027922203,0.6655112651646448,,0,True
SH603815,5.11,0.31718084,0.26092817253995765,0.227999229732332,0.36915077989601386,0.568842672828808,,0,True
SH603816,23.81,1.3943678,0.5447718082033507,0.7115347583285192,0.9747737338725208,0.8168688619295205,量能动量;量能比,2,False
SH603817,5.7,0.77497387,0.45850182938571155,0.782206816868862,0.6491430772193337,0.9360677835547853,量能比,1,False
SH603818,4.0499997,1.1269448,0.7748892740227229,0.6144810321586751,0.3350664355863663,0.5540150202195263,,0,True
SH603819,16.06,1.3562255,0.34257654534950893,0.47429231658001153,0.09782399383785866,0.75736568457539,,0,True
SH603822,64.5,0.39842677,0.01579048719430002,0.01116888118621221,0.31696514538802234,0.10803004043905257,,0,True
SH603823,42.410004,11.559305,0.7379164259580204,0.642788368958213,0.8280377431157327,0.8744463701136145,量能动量;量能比,2,False
SH603826,15.37,2.2980342,0.36857307914500287,0.698632774889274,0.6965145388022338,0.9268245715386096,量能比,1,False
SH603829,15.490001,0.39194193,0.11457731561717698,0.19141151550163682,0.6576160215674947,0.6724436741767764,,0,True
SH603833,31.489998,0.955338,0.673791642595802,0.8680916618524938,0.9834392451376853,0.9079530136722511,量能波动;量能动量;量能比,3,False
SH603836,9.549999,0.25994548,0.2667051800500674,0.2647795108800308,0.0933949547467745,0.3968804159445407,,0,True
SH603838,12.559999,0.332733,0.03851338340073175,0.02503369921047564,0.11245907953013672,0.09936452917388792,,0,True
SH603839,6.82,0.3516082,0.4215289813210091,0.25226266127479297,0.2898132100905064,0.27748892740227227,,0,True
SH603843,6.34,0.7311976,0.3556710957057578,0.5515116502984787,0.3708838821490468,0.8003081070672059,量能比,1,False
SH603848,13.219999,0.32174343,0.1097631426920855,0.11804352012324283,0.4199884459849798,0.4209512805699981,,0,True
SH603855,16.82,0.2546571,0.021374927787406125,0.08338147506258425,0.8746389370306181,0.3922588099364529,量能动量,1,False
SH603856,11.73,0.24610172,0.09474292316580012,0.11265164644714037,0.8422876949740035,0.43269786250722125,量能动量,1,False
SH603858,14.64,0.54959846,0.6787983824378971,0.5505488157134605,0.7094165222414789,0.5207009435778933,,0,True
SH603859,37.71,2.079314,0.2349316387444637,0.4386674369343347,0.027151935297515885,0.42865395725014444,,0,True
SH603860,26.320002,0.2786822,0.10379356826497207,0.10822260735605622,0.6859233583670326,0.6031195840554593,,0,True
SH603861,10.89,0.5770319,0.37704602349316385,0.3179279799730406,0.5569035239745812,0.5393799345272482,,0,True
SH603863,12.38,0.49056903,0.3710764490660505,0.738686693626035,0.975736568457539,0.9335644136337378,量能动量;量能比,2,False
SH603866,4.21,0.5499023,0.38551896784132483,0.3156171769689967,0.7304063161948777,0.7960716348931254,,0,True
SH603867,34.38,2.3975644,0.6499133448873483,0.6762950125168496,0.7469670710571924,0.8613518197573656,量能比,1,False
SH603868,31.09,0.4370472,0.13999614866165994,0.10129019834392451,0.6304640862699789,0.5326400924321202,,0,True
SH603871,12.0,1.25094,0.18929327941459656,0.2713267860581552,0.10494896976699403,0.2526477951088003,,0,True
SH603876,17.24,3.0316484,0.733102253032929,0.8399768919699596,0.7596764875794338,0.6470248411322935,量能波动,1,False
SH603878,4.9,0.46800113,0.33872520700943576,0.20527633352590025,0.6081263238975544,0.519160408241864,,0,True
SH603879,4.91,0.36149016,0.13749277874061236,0.21740804929713076,0.8600038513383401,0.7288657808588485,量能动量,1,False
SH603880,8.450001,0.9729626,0.3837858655882919,0.2834585018293857,0.33468130175235894,0.21105334103601,,0,True
SH603881,22.92,4.835903,0.38917773926439436,0.4719815135759676,0.009820912767186597,0.3031003273637589,,0,True
SH603882,29.060001,2.3819053,0.4806470248411323,0.5540150202195263,0.7650683612555363,0.8858078182168303,量能比,1,False
SH603883,13.04,1.2914611,0.5185827074908531,0.31600231080300406,0.4436741767764298,0.32948199499326014,,0,True
SH603885,9.96,1.2243779,0.41536683997689194,0.567109570575775,0.8823416137107645,0.8012709416522241,量能动量;量能比,2,False
SH603886,12.759999,0.6299488,0.29019834392451377,0.3148469093009821,0.7633352590025033,0.7914500288850376,,0,True
SH603887,8.21,1.5937419,0.6633930290776044,0.462738301559792,0.5842480261891008,0.20296553052185634,,0,True
SH603888,17.2,4.728123,0.860581552089351,0.82052763335259,0.05257076834199884,0.2890429424224918,量能水平;量能波动,2,False
SH603889,6.05,0.53461915,0.0943577893317928,0.02638166762950125,0.6191026381667629,0.28846524167148085,,0,True
SH603890,14.97,5.810839,0.9145002888503755,0.8293857115347584,0.5274407856730213,0.13807047949162335,量能水平;量能波动,2,False
SH603893,215.56999,24.055782,0.7354130560369728,0.9300982091276718,0.0737531292124013,0.8790679761217023,量能波动;量能比,2,False
SH603895,25.769999,0.29054102,0.08434430964760255,0.22761409589832468,0.8975544001540535,0.6400924321201618,量能动量,1,False
SH603896,14.820001,0.23765904,0.07356056229539765,0.18390140573849412,0.10629693818601964,0.47044097823993836,,0,True
SH603897,29.580002,2.6033523,0.7282880801078375,0.3502792220296553,0.40188715578663586,0.12150972462930869,,0,True
SH603898,11.860001,0.34668425,0.10803004043905257,0.38975544001540535,0.908530714423262,0.8990949354900828,量能动量;量能比,2,False
SH603899,22.36,0.88801366,0.16734065087617947,0.05854034276911227,0.49585981128442136,0.11130367802811476,,0,True
SH603900,6.2700005,2.0469673,0.9112266512613133,0.7668014635085693,0.041787020989793956,0.011361448103215868,量能水平,1,False
SH603901,9.28,0.76556706,0.259580204120932,0.3057962642018101,0.6372039283651069,0.2699788176391296,,0,True
SH603903,13.7,1.418395,0.4307721933371847,0.7352204891199692,0.10379356826497207,0.9368380512228,量能比,1,False
SH603906,19.04,2.429083,0.5307144232620836,0.8761794723666474,0.9872905834777586,0.8164837280955132,量能波动;量能动量;量能比,3,False
SH603908,19.45,0.25491312,0.06566531869824764,0.14654342383978433,0.16926632004621606,0.6493356441363374,,0,True
SH603909,10.13,0.3161341,0.06431735027922203,0.49297130752936646,0.975158867706528,0.9632197188523012,量能动量;量能比,2,False
SH603912,8.79,1.706717,0.496052378201425,0.7525515116502984,0.8326593491238206,0.829578278451762,量能动量;量能比,2,False
SH603915,13.29,0.58599293,0.269208549971115,0.09743886000385134,0.6851530906990179,0.7475447718082033,,0,True
SH603916,10.47,0.7766925,0.4400154053533603,0.16137107644906606,0.5726940111688812,0.09281725399576353,,0,True
SH603917,13.85,0.49970537,0.3125361062969382,0.3040631619487772,0.09936452917388792,0.2961679183516272,,0,True
SH603918,10.41,1.0566431,0.2247255921432698,0.26381667629501254,0.06335451569420374,0.41209320238782976,,0,True
SH603919,17.4,0.8508319,0.24860388985172346,0.6780281147698826,0.9807433082996341,0.8426728288080108,量能动量;量能比,2,False
SH603920,44.4,14.660856,0.9393414211438474,0.8927402272289621,0.4977854804544579,0.6753321779318313,量能水平;量能波动,2,False
SH603926,16.75,0.8435726,0.4404005391873676,0.1939148854226844,0.3895628730984017,0.05006739842095128,,0,True
SH603927,13.64,0.8463286,0.4267282880801078,0.20816483728095514,0.5029847872135567,0.34450221451954555,,0,True
SH603928,13.07,1.2494802,0.4800693240901213,0.4947044097823994,0.893895628730984,0.45388022337762374,量能动量,1,False
SH603929,139.45999,5.093944,0.07317542846139033,0.07510109763142692,0.07721933371846716,0.21644521471211245,,0,True
SH603931,32.420002,1.3099049,0.3722318505680724,0.32678605815520895,0.5511265164644714,0.49566724436741766,,0,True
SH603933,18.31,0.4599752,0.18698247641055266,0.22819179664933564,0.1326786058155209,0.707105719237435,,0,True
SH603936,19.35,13.640877,0.9208549971114962,0.8257269401116888,0.06759098786828423,0.2611207394569613,量能水平;量能波动,2,False
SH603937,12.44,0.7964662,0.5008665511265165,0.894473329481995,0.9896013864818024,0.9980743308299634,量能波动;量能动量;量能比,3,False
SH603938,42.68,12.768258,0.6936260350471789,0.7616021567494704,0.09859426150587329,0.26554977854804546,,0,True
SH603939,23.31,1.7804207,0.17639129597535144,0.49566724436741766,0.8557673791642596,0.7144232620835741,量能动量,1,False
SH603948,21.359999,0.23959094,0.07510109763142692,0.30059695744271137,0.8900442903909108,0.8513383400731754,量能动量;量能比,2,False
SH603949,18.41,0.75270593,0.3406508761794724,0.9352975158867707,0.9998074330829964,0.9955709609089158,量能波动;量能动量;量能比,3,False
SH603950,51.719997,3.633137,0.5493934142114385,0.40689389562873096,0.22241478913922588,0.10995570960908915,,0,True
SH603955,24.97,0.65726084,0.2965530521856345,0.5002888503755055,0.5470826112073945,0.7999229732331985,,0,True
SH603956,6.8799996,1.42866,0.7415751973810899,0.5973425765453495,0.5004814172925092,0.243789716926632,,0,True
SH603958,18.0,2.9295132,0.7954939341421143,0.7714230695166571,0.04583092624687079,0.19449258617369536,,0,True
SH603959,4.09,0.29852867,0.15655690352397458,0.2018101290198344,0.7933756980550741,0.12093202387829771,,0,True
SH603960,16.810001,1.6116489,0.24436741767764297,0.4758328519160408,0.07124975929135374,0.6612747929905642,,0,True
SH603966,7.3100004,0.4384685,0.06759098786828423,0.2990564221066821,0.09474292316580012,0.592528403620258,,0,True
SH603967,12.02,0.2558556,0.14192181783169652,0.4409782399383786,0.9518582707490854,0.7469670710571924,量能动量,1,False
SH603968,11.5,0.5403576,0.35374542653572116,0.8542268438282303,0.9691892932794146,0.990949354900828,量能波动;量能动量;量能比,3,False
SH603969,7.2,0.6728768,0.2139418447910649,0.26824571538609665,0.41883304448295783,0.27864432890429425,,0,True
SH603970,11.84,0.7503772,0.3150394762179857,0.8359329867128827,0.99210475640285,0.9813210090506451,量能波动;量能动量;量能比,3,False
SH603976,29.589998,2.1826284,0.5468900442903909,0.5289813210090506,0.046216060080878106,0.10167533217793183,,0,True
SH603977,10.570001,0.68849933,0.1195840554592721,0.08626997881763913,0.7725784710186789,0.2470633545156942,,0,True
SH603978,25.320002,4.330533,0.9256691700365877,0.8530714423262084,0.5559406893895629,0.6439437704602349,量能水平;量能波动,2,False
SH603979,72.28,4.27565,0.5162719044868092,0.3138840747159638,0.3379549393414211,0.13075293664548432,,0,True
SH603980,9.059999,5.2194266,0.9861351819757366,0.9487772000770268,0.9100712497592913,0.4629308684767957,量能水平;量能波动;量能动量,3,False
SH603982,6.7699995,0.43714765,0.5698055074138263,0.967263624109378,0.9980743308299634,0.9339495474677451,量能波动;量能动量;量能比,3,False
SH603983,30.859997,1.7996894,0.7284806470248412,0.5438089736183324,0.4423262083574042,0.1644521471211246,,0,True
SH603985,16.98,1.4126384,0.44983631812054686,0.5906027344502215,0.6175621028307337,0.762950125168496,,0,True
SH603986,353.89996,108.9366,0.7519738108992875,0.4904679376083189,0.17812439822838436,0.47448488349701523,,0,True
SH603987,7.5899997,0.24440908,0.06662815328326593,0.2553437319468515,0.6485653764683228,0.7721933371846716,,0,True
SH603988,17.0,0.5945642,0.08107067205854035,0.05488157134604275,0.6626227614095899,0.3801270941652224,,0,True
SH603989,27.01,11.0778675,0.9326015790487194,0.7367610244559984,0.2572694011168881,0.06874638937030618,量能水平,1,False
SH603990,19.34,2.7447538,0.39996148661659925,0.5014442518775274,0.15732717119198922,0.6092817253995764,,0,True
SH603991,165.81999,7.1873403,0.4122857693048334,0.5794338532640092,0.22202965530521857,0.7074908530714423,,0,True
SH603992,19.39,0.58416426,0.3289042942422492,0.3073367995378394,0.34045830926246873,0.2722896206431735,,0,True
SH603993,16.88,26.164007,0.9177739264394377,0.8409397265549778,0.23936067783554785,0.3371846716734065,量能水平;量能波动,2,False
SH603995,25.619999,1.0415848,0.4920084729443482,0.35759676487579434,0.4571538609666859,0.2898132100905064,,0,True
SH603997,13.65,3.1964118,0.7456191026381668,0.804159445407279,0.02079722703639515,0.6006162141344117,量能波动,1,False
SH603998,10.36,0.94068855,0.2391681109185442,0.015405353360292702,0.33660697092239555,0.32620835740419796,,0,True
SH603999,6.78,1.7229624,0.7067205854034276,0.6502984787213557,0.6535721163104179,0.5060658578856152,,0,True
SH605001,5.7799997,0.42009276,0.6304640862699789,0.18332370498748315,0.3242826882341614,0.050837666088965915,,0,True
SH605003,24.210001,0.31888735,0.2021952628538417,0.2640092432120162,0.22684382823031005,0.5314846909300982,,0,True
SH605006,14.58,10.664486,0.8657808588484498,0.7542846139033315,0.025418833044482957,0.04274985557481225,量能水平,1,False
SH605007,14.379999,0.5255815,0.3031003273637589,0.2927017138455613,0.5765453495089543,0.4708261120739457,,0,True
SH605008,13.71,0.57754284,0.2738301559792028,0.6137107644906605,0.9401116888118621,0.8203350664355864,量能动量;量能比,2,False
SH605009,25.519999,0.27830377,0.2520700943577893,0.36183323704987486,0.8971692663200462,0.755054881571346,量能动量,1,False
SH605011,19.210001,2.1548715,0.584055459272097,0.5509339495474678,0.9019834392451377,0.2139418447910649,量能动量,1,False
SH605016,21.11,0.88525313,0.12073945696129405,0.29770845368765647,0.11496244945118429,0.20854997111496246,,0,True
SH605018,11.66,0.59324056,0.41594454072790293,0.8600038513383401,0.8840747159637974,0.983054111303678,量能波动;量能动量;量能比,3,False
SH605020,30.3,2.2238367,0.30271519352975157,0.31234353937993453,0.666474099749663,0.44771808203350666,,0,True
SH605028,23.75,0.34213415,0.11130367802811476,0.45561332563065665,0.7558251492393607,0.861159252840362,量能比,1,False
SH605033,19.599998,0.63423413,0.36780281147698823,0.14269208549971116,0.18852301174658193,0.08068553822453303,,0,True
SH605055,8.69,0.3625129,0.13730021182360871,0.13961101482765262,0.2961679183516272,0.4810321586751396,,0,True
SH605056,13.4800005,0.83390063,0.6025418833044482,0.7637203928365107,0.010013479684190255,0.8688619295205083,量能比,1,False
SH605058,53.64,6.275146,0.8896591565569035,0.9651453880223377,0.23281340265742345,0.8834970152127865,量能水平;量能波动;量能比,3,False
SH605060,37.03,1.2064407,0.4059310610437127,0.46177546697477373,0.4267282880801078,0.5180050067398421,,0,True
SH605066,6.71,0.35028645,0.32794145965723087,0.1923743500866551,0.42210668207202,0.2564991334488735,,0,True
SH605068,20.32,1.4468757,0.8186019641825535,0.8026189100712497,0.06662815328326593,0.15020219526285383,量能水平;量能波动,2,False
SH605069,11.860001,1.4411808,0.7947236664740998,0.8313113807047949,0.7107644906605045,0.8883111881378779,量能波动;量能比,2,False
SH605077,11.530001,1.806539,0.9160408241864048,0.8509532062391681,0.5984979780473715,0.10475640284999037,量能水平;量能波动,2,False
SH605080,22.72,0.4068291,0.3562487964567687,0.5122279992297323,0.7637203928365107,0.5397650683612555,,0,True
SH605086,23.210001,0.25852707,0.032158675139611015,0.10032736375890622,0.8682842287694974,0.616214134411708,量能动量,1,False
SH605088,23.33,3.411434,0.8729058347775852,0.9403042557288658,0.43886000385133833,0.708838821490468,量能水平;量能波动,2,False
SH605089,21.84,0.3247383,0.25611399961486614,0.4667822068168689,0.9389562873098402,0.8511457731561718,量能动量;量能比,2,False
SH605090,31.25,2.252334,0.7773926439437705,0.7063354515694203,0.7852878875409205,0.5386096668592336,,0,True
SH605098,52.83,0.4190721,0.053726169844020795,0.04891199691892933,0.4076641632967456,0.3208164837280955,,0,True
SH605099,27.97,0.36619452,0.11785095320623917,0.05950317735413056,0.2690159830541113,0.15848257269401117,,0,True
SH605100,35.83,1.5236386,0.5170421721548238,0.6878490275370691,0.9539765068361256,0.7542846139033315,量能动量,1,False
SH605108,12.11,0.40985996,0.3699210475640285,0.2499518582707491,0.5572886578085885,0.17408049297130754,,0,True
SH605111,54.000004,7.117198,0.5459272097053726,0.6699403042557288,0.35470826112073944,0.6689774696707106,,0,True
SH605116,20.07,0.35578352,0.08530714423262084,0.373579818987098,0.9439630271519353,0.7375312921240131,量能动量,1,False
SH605117,78.16,9.432206,0.4540727902946274,0.7311765838628923,0.6246870787598691,0.8727132678605816,量能比,1,False
SH605118,32.17,2.1419687,0.4925861736953591,0.5800115540150202,0.2532254958598113,0.2120161756210283,,0,True
SH605122,12.28,0.29526162,0.5844405931061044,0.602734450221452,0.7945310995570961,0.8734835355285961,量能比,1,False
SH605123,76.4,1.1381848,0.38186019641825536,0.3647217408049297,0.17157712305025996,0.27517812439822836,,0,True
SH605128,23.75,0.984051,0.24590795301367224,0.5414981706142885,0.3986135181975737,0.6886192952050838,,0,True
SH605133,24.01,1.119656,0.5834777585210861,0.38802233776237244,0.6739842095128057,0.7390718274600424,,0,True
SH605136,8.660001,0.88568544,0.7598690544964375,0.9718852301174659,0.9818987098016561,0.9524359715000963,量能波动;量能动量;量能比,3,False
SH605138,6.19,0.2445089,0.3479684190256114,0.2139418447910649,0.36876564606200657,0.29231658001155403,,0,True
SH605151,18.61,0.2915389,0.19141151550163682,0.04852686308492201,0.5830926246870788,0.22722896206431736,,0,True
SH605155,14.25,0.29647765,0.15559406893895628,0.15289813210090505,0.7136529944155594,0.42518775274407855,,0,True
SH605158,7.61,0.3519855,0.22915463123435395,0.15058732909686115,0.6002310803004044,0.6058155208935105,,0,True
SH605162,10.59,4.747181,0.8969766994030426,0.8234161371076449,0.7594839206624302,0.46254573464278836,量能水平;量能波动,2,False
SH605166,8.42,0.36569443,0.23897554400154053,0.23704987483150394,0.6501059118043521,0.34970152127864434,,0,True
SH605167,15.68,1.3060249,0.35297515886770653,0.09223955324475255,0.6044675524744849,0.11419218178316966,,0,True
SH605168,50.029995,4.027989,0.7926054303870596,0.6329674561910263,0.08145580589254767,0.11669555170421722,,0,True
SH605169,13.21,0.4948788,0.37242441748507604,0.38186019641825536,0.45676872713267863,0.31869824764105525,,0,True
SH605177,24.26,2.4532163,0.9387637203928365,0.7436934334681302,0.49354900828037745,0.16464471403812825,量能水平,1,False
SH605178,63.399998,2.338004,0.8247641055266706,0.9512805699980743,0.27999229732331987,0.8717504332755632,量能水平;量能波动;量能比,3,False
SH605179,23.56,5.280194,0.8503755054881571,0.9537839399191219,0.3194685153090699,0.8257269401116888,量能水平;量能波动;量能比,3,False
SH605180,13.900001,0.39815757,0.33525900250336993,0.7074908530714423,0.7230887733487387,0.9636048526863085,量能比,1,False
SH605183,16.4,0.41648737,0.300789524359715,0.24725592143269787,0.8869632197188523,0.2227999229732332,量能动量,1,False
SH605186,24.66,0.4197755,0.18390140573849412,0.3708838821490468,0.011554015020219527,0.7300211823608704,,0,True
SH605188,12.400001,3.1448207,0.7111496244945118,0.4007317542846139,0.05815520893510495,0.002310803004043905,,0,True
SH605189,13.73,0.9085264,0.627575582514924,0.666474099749663,0.5222414789139226,0.5478528788754092,,0,True
SH605196,33.199997,4.2824607,0.5472751781243982,0.618524937415752,0.00924321201617562,0.6212208742538032,,0,True
SH605198,64.75,3.8621094,0.3693433468130175,0.5103023300596957,0.21278644328904295,0.8667436934334681,量能比,1,False
SH605208,14.589999,1.0152634,0.4731369150779896,0.4871943000192567,0.07067205854034277,0.5730791450028885,,0,True
SH605218,13.9,0.8545185,0.54631234353938,0.9233583670325438,0.09820912767186597,0.9539765068361256,量能波动;量能比,2,False
SH605222,22.110003,1.7712681,0.8001155401502021,0.5443866743693433,0.544579241286347,0.07818216830348546,量能水平,1,False
SH605228,11.24,0.46587175,0.2050837666088966,0.24244174850760639,0.37011361448103214,0.6217985750048142,,0,True
SH605255,58.870003,0.37102425,0.01424995185827075,0.09300982091276719,0.916425958020412,0.8157134604274986,量能动量;量能比,2,False
SH605258,39.61,2.7855406,0.8471018678990949,0.8908145580589255,0.7881763912959754,0.8996726362410937,量能水平;量能波动;量能比,3,False
SH605266,16.04,0.22053328,0.2876949740034662,0.17138455613325632,0.3884074715963797,0.462738301559792,,0,True
SH605268,10.120001,0.45770472,0.3901405738494127,0.8632774889274023,0.8625072212593876,0.9930675909878682,量能波动;量能动量;量能比,3,False
SH605277,16.730001,3.018843,0.6963219718852302,0.309840169458887,0.18043520123242826,0.02484113229347198,,0,True
SH605286,24.850002,0.7901024,0.42711342191411517,0.25149239360677833,0.47294434816098596,0.13961101482765262,,0,True
SH605287,37.39,1.1548829,0.5832851916040824,0.870209897939534,0.9663007895243597,0.7513961101482766,量能波动;量能动量,2,False
SH605288,71.83,1.6596682,0.7313691507798961,0.6851530906990179,0.9245137685345658,0.5879067976121702,量能动量,1,False
SH605289,94.05001,2.5695186,0.36183323704987486,0.292894280762565,0.4340458309262469,0.28499903716541497,,0,True
SH605296,31.48,1.2994127,0.7718082033506644,0.9559021760061621,0.5101097631426921,0.8455613325630656,量能波动;量能比,2,False
SH605298,40.88,0.3114142,0.010013479684190255,0.14365492008472944,0.7046023493163874,0.7282880801078375,,0,True
SH605299,12.2,1.96804,0.6961294049682265,0.5574812247255921,0.3277488927402272,0.05199306759098787,,0,True
SH605300,10.39,1.0058577,0.7134604274985558,0.3758906219911419,0.20026959368380512,0.012324282688234161,,0,True
SH605305,30.33,1.1074251,0.5549778548045445,0.39264394377046025,0.25052955902176005,0.1727325245522819,,0,True
SH605318,70.29,0.7132466,0.04987483150394762,0.057577508184093976,0.8184093972655497,0.7847101867899094,量能动量,1,False
SH605319,22.22,1.1673322,0.3333333333333333,0.37300211823608703,0.19372231850568072,0.23127286732139418,,0,True
SH605333,16.57,0.40529737,0.062006547275178125,0.0845368765646062,0.7069131523204314,0.36048526863084923,,0,True
SH605337,9.29,0.29275975,0.1667629501251685,0.3670325438089736,0.9081455805892548,0.4090121317157712,量能动量,1,False
SH605338,17.97,0.3368027,0.154631234353938,0.21914115155016367,0.5272482187560177,0.5087617947236664,,0,True
SH605339,13.26,0.20569731,0.20758713652994415,0.29462738301559793,0.520315809743886,0.37377238590410167,,0,True
SH605358,45.36,15.219399,0.7325245522819179,0.8773348738686694,0.35008665511265163,0.9008280377431157,量能波动;量能比,2,False
SH605365,14.530001,1.4500927,0.8162911611785095,0.7369535913730021,0.19275948392066242,0.08472944348160986,量能水平,1,False
SH605366,10.41,3.2898033,0.8588484498363181,0.9560947429231658,0.9639899865203158,0.9884459849797804,量能水平;量能波动;量能动量;量能比,4,False
SH605368,6.68,0.22909641,0.2222222222222222,0.1205468900442904,0.27344502214519545,0.14866165992682456,,0,True
SH605369,18.2,0.32652393,0.15251299826689774,0.17870209897939535,0.5207009435778933,0.6112073945696129,,0,True
SH605376,114.32001,15.783251,0.780473714615829,0.6857307914500289,0.19699595609474294,0.7290583477758521,,0,True
SH605377,8.08,0.41035324,0.24301944925861738,0.10379356826497207,0.723473907182746,0.3023300596957443,,0,True
SH605378,15.700001,0.73343086,0.36452917388792605,0.8578856152512998,0.9632197188523012,0.9691892932794146,量能波动;量能动量;量能比,3,False
SH605388,7.39,0.6257576,0.6730213749277874,0.8395917581359522,0.33082996341228577,0.8390140573849413,量能波动;量能比,2,False
SH605389,60.88,0.52257574,0.09974966300789524,0.21182360870402464,0.8264972077797035,0.503947621798575,量能动量,1,False
SH605398,23.76,1.8954741,0.7271326786058155,0.7727710379356827,0.8201424995185828,0.6984402079722704,量能动量,1,False
SH605399,11.63,0.41524345,0.23242826882341613,0.5376468322742153,0.9713075293664548,0.8906219911419219,量能动量;量能比,2,False
SH605488,29.420002,2.5345743,0.6333525900250337,0.7847101867899094,0.902368573079145,0.8309262468707876,量能动量;量能比,2,False
SH605499,112.25,4.159881,0.674947044097824,0.6366262276140959,0.48931253610629694,0.18082033506643558,,0,True
SH605500,7.39,0.26295733,0.2616984402079723,0.23512420566146736,0.5493934142114385,0.36972848064702485,,0,True
SH605507,18.09,1.7917571,0.884267282880801,0.9293279414596572,0.1265164644714038,0.5357211631041787,量能水平;量能波动,2,False
SH605555,12.66,0.5668966,0.44482957827845176,0.8066628153283266,0.7537069131523204,0.8917773926439437,量能波动;量能比,2,False
SH605566,32.070004,1.524667,0.7912574619680339,0.910841517427306,0.04101675332177932,0.8571153475832852,量能波动;量能比,2,False
SH605567,9.67,0.52733386,0.5511265164644714,0.5341806277681495,0.5534373194685153,0.1779318313113807,,0,True
SH605580,20.849998,4.022179,0.6732139418447911,0.5678798382437897,0.24552281917966493,0.09955709609089158,,0,True
SH605588,44.24,0.4678316,0.24455998459464665,0.4432890429424225,0.44078567302137495,0.7893317927979973,,0,True
SH605589,35.67,10.88313,0.9857500481417293,0.975158867706528,0.154631234353938,0.5817446562680532,量能水平;量能波动,2,False
SH605598,23.669998,0.561577,0.1727325245522819,0.2152898132100905,0.5041401887155786,0.5120354323127286,,0,True
SH605599,13.54,0.75877726,0.40650876179472367,0.3699210475640285,0.6891969959560947,0.5239745811669555,,0,True
SH688001,60.689995,8.663809,0.9770845368765646,0.9485846331600231,0.3957250144425188,0.5328326593491238,量能水平;量能波动,2,False
SH688002,173.42,16.87643,0.9428076256499134,0.7908723281340265,0.4615829000577701,0.22665126131330637,量能水平,1,False
SH688003,71.899994,2.9375286,0.7402272289620643,0.6231465434238398,0.625842480261891,0.3961101482765261,,0,True
SH688004,29.950003,2.6671486,0.9793953398806086,0.9533988060851146,0.2251107259772771,0.8361255536298864,量能水平;量能波动;量能比,3,False
SH688005,23.479998,2.0086951,0.8598112844213364,0.8885037550548815,0.9212401309455036,0.7244367417677643,量能水平;量能波动;量能动量,3,False
SH688006,20.35,1.4755858,0.855574812247256,0.7669940304255729,0.8309262468707876,0.587521663778163,量能水平;量能动量,2,False
SH688007,10.54,0.70276785,0.8426728288080108,0.9077604467552475,0.06412478336221837,0.7808588484498363,量能水平;量能波动,2,False
SH688008,202.31,63.25378,0.9980743308299634,0.9872905834777586,0.06547275178124398,0.6468322742152898,量能水平;量能波动,2,False
SH688009,4.69,1.1025919,0.8249566724436742,0.6142884652416715,0.7870209897939534,0.19064124783362218,量能水平,1,False
SH688010,27.159998,1.2602899,0.8083959175813595,0.8580781821683034,0.5744271134219141,0.7833622183708839,量能水平;量能波动,2,False
SH688011,59.239998,1.8579142,0.7552474484883497,0.8322742152898132,0.4261505873290969,0.8245715386096668,量能波动;量能比,2,False
SH688012,318.55,44.195824,0.9753514346235317,0.9283651068746389,0.5378393991912189,0.431157327171192,量能水平;量能波动,2,False
SH688013,24.810001,0.30212405,0.28326593491238206,0.47101867899094935,0.2549585981128442,0.8761794723666474,量能比,1,False
SH688015,17.039999,0.20080028,0.2568842672828808,0.5605622953976507,0.9560947429231658,0.8496052378201425,量能动量;量能比,2,False
SH688016,85.48,0.8274067,0.5649913344887348,0.3847487001733102,0.8754092046986328,0.584055459272097,量能动量,1,False
SH688017,273.75,13.802775,0.7991527055651839,0.7246293086847679,0.5434238397843251,0.44405931061043713,,0,True
SH688018,115.08,4.980102,0.7978047371461583,0.790102060466012,0.052378201424995184,0.7460042364721741,,0,True
SH688019,211.0,9.820603,0.8116695551704217,0.7042172154823801,0.6295012516849605,0.5576737916425958,量能水平,1,False
SH688020,130.56,7.604632,0.9526285384170999,0.8725207009435779,0.2634315424610052,0.10514153668399769,量能水平;量能波动,2,False
SH688021,19.810001,0.26496094,0.27460042364721743,0.15655690352397458,0.47506258424802617,0.5457346427883689,,0,True
SH688023,46.27,2.1695316,0.8788754092046986,0.9316387444637011,0.47891392258809934,0.8243789716926632,量能水平;量能波动;量能比,3,False
SH688025,419.45,12.563897,0.7542846139033315,0.7202002695936838,0.787213556710957,0.7044097823993838,,0,True
SH688026,27.61,2.3523529,0.9152705565183902,0.9329867128827267,0.4488734835355286,0.7874061236279607,量能水平;量能波动,2,False
SH688027,328.49,5.00439,0.9528211053341036,0.9953783939919122,0.8915848257269401,0.9474292316580012,量能水平;量能波动;量能动量;量能比,4,False
SH688028,109.64,12.537358,0.9237435008665511,0.8118621220874254,0.7789331792797998,0.6512613133063739,量能水平;量能波动,2,False
SH688029,86.759995,1.9733167,0.7681494319275949,0.7111496244945118,0.8001155401502021,0.48700173310225303,量能动量,1,False
SH688030,19.589998,0.82341766,0.804159445407279,0.6947814365492009,0.7140381282495667,0.683997689196996,量能水平,1,False
SH688031,87.99999,6.5818925,0.9455035624879645,0.9343346813017523,0.5557481224725592,0.4569612940496823,量能水平;量能波动,2,False
SH688032,67.57,0.47863105,0.7159637974196034,0.7970344694781436,0.6504910456383594,0.4908530714423262,,0,True
SH688033,7.2100005,0.35589772,0.7927979973040632,0.7979973040631619,0.5952243404583093,0.18948584633160023,,0,True
SH688035,71.6,5.4176507,0.9559021760061621,0.9483920662430194,0.37762372424417484,0.7246293086847679,量能水平;量能波动,2,False
SH688036,53.8,4.550816,0.8773348738686694,0.787213556710957,0.06528018486424032,0.43366069709223953,量能水平,1,False
SH688037,327.27002,12.1526985,0.6133256306566532,0.5272482187560177,0.3991912189485846,0.34565761602156747,,0,True
SH688038,18.93,0.3017016,0.31966108222607353,0.33082996341228577,0.15077989601386482,0.4871943000192567,,0,True
SH688039,34.86,1.1955554,0.78105141536684,0.9354900828037743,0.9014057384941268,0.6033121509724629,量能波动;量能动量,2,False
SH688041,226.79999,44.716663,0.9919121894858464,0.8124398228384364,0.11226651261313306,0.6397072982861545,量能水平;量能波动,2,False
SH688045,55.2,0.9569965,0.6013864818024264,0.5698055074138263,0.6208357404197958,0.7627575582514924,,0,True
SH688046,37.94,3.6815772,0.7849027537069132,0.821105334103601,0.8744463701136145,0.7797034469478143,量能波动;量能动量,2,False
SH688047,98.1,3.655776,0.893895628730984,0.8756017716156365,0.03138840747159638,0.6641632967456191,量能水平;量能波动,2,False
SH688048,289.69998,30.428995,0.9637974196033121,0.9337569805507414,0.37492778740612365,0.4038128249566724,量能水平;量能波动,2,False
SH688049,45.780003,2.8498924,0.9156556903523975,0.9661082226073561,0.02484113229347198,0.9166185249374158,量能水平;量能波动;量能比,3,False
SH688050,38.8,0.73816776,0.8428653957250144,0.6347005584440593,0.6477951088003081,0.6732139418447911,量能水平,1,False
SH688051,25.029999,0.4768716,0.8201424995185828,0.7631426920854997,0.15559406893895628,0.61736953591373,量能水平,1,False
SH688052,236.32,5.109718,0.9229732331985365,0.9314461775466975,0.3362218370883882,0.5725014442518775,量能水平;量能波动,2,False
SH688053,39.39,0.22255486,0.16175621028307338,0.08954361640670133,0.4192181783169651,0.5266705180050067,,0,True
SH688055,3.62,0.2856323,0.48315039476217986,0.3683805122279992,0.6435586366262276,0.6060080878105142,,0,True
SH688056,49.899998,0.8435181,0.4879645676872713,0.7887540920469863,0.9716926632004622,0.9948006932409013,量能动量;量能比,2,False
SH688057,18.51,0.81169206,0.7269401116888119,0.9245137685345658,0.019834392451376852,0.845368765646062,量能波动;量能比,2,False
SH688058,25.600002,0.2799599,0.3681879453109956,0.3242826882341614,0.34353937993452727,0.6385518967841325,,0,True
SH688059,82.020004,2.9981513,0.5927209705372617,0.48353552859618715,0.21105334103601,0.3254380897361833,,0,True
SH688061,42.37,1.4098583,0.782206816868862,0.7610244559984595,0.154053533602927,0.17831696514538803,,0,True
SH688062,27.04,1.7706196,0.742152898132101,0.7092239553244752,0.683419988445985,0.6383593298671288,,0,True
SH688063,40.9,1.6785599,0.9715000962834585,0.8950510302330059,0.6033121509724629,0.6481802426343154,量能水平;量能波动,2,False
SH688065,38.64,1.7710222,0.9472366647409975,0.8513383400731754,0.708838821490468,0.23743500866551126,量能水平;量能波动,2,False
SH688066,8.799999,0.81343335,0.8927402272289621,0.9555170421721548,0.8151357596764875,0.9189293279414597,量能水平;量能波动;量能动量;量能比,4,False
SH688067,24.52,0.24170418,0.23300596957442712,0.18428653957250143,0.7232813402657423,0.6044675524744849,,0,True
SH688068,94.47001,2.1442266,0.6054303870595031,0.6539572501444252,0.5326400924321202,0.7305988831118814,,0,True
SH688069,34.719997,0.80424386,0.4798767571731177,0.5557481224725592,0.005777007510109763,0.520315809743886,,0,True
SH688070,35.37,0.6000163,0.5655690352397458,0.6691700365877142,0.5601771615636434,0.8082033506643559,量能比,1,False
SH688071,35.19,0.67759705,0.5260928172539958,0.4615829000577701,0.4111303678028115,0.805314846909301,量能比,1,False
SH688072,640.0,28.507812,0.7673791642595802,0.693048334296168,0.642788368958213,0.6289235509339496,,0,True
SH688073,76.6,3.385618,0.8212979010206046,0.7779703446947814,0.5973425765453495,0.7544771808203351,量能水平,1,False
SH688076,29.76,0.5768121,0.6073560562295398,0.634893125361063,0.7242441748507606,0.7689196995956095,,0,True
SH688077,27.08,0.65691525,0.5788561525129983,0.7795108800308107,0.18486424032351242,0.944155594068939,量能比,1,False
SH688078,30.2,0.49776235,0.5104948969766994,0.4502214519545542,0.3936067783554785,0.5597920277296361,,0,True
SH688079,16.24,2.7025979,0.9312536106296938,0.9618717504332756,0.8559599460812632,0.951473136915078,量能水平;量能波动;量能动量;量能比,4,False
SH688080,36.65,0.31532934,0.49913344887348354,0.39495474677450415,0.19795879067976122,0.5407279029462738,,0,True
SH688081,25.02,0.41150635,0.3810899287502407,0.3348738686693626,0.84421336414404,0.33237049874831504,量能动量,1,False
SH688082,294.28,12.294224,0.9578278451761987,0.9793953398806086,0.9094935490082804,0.9123820527633353,量能水平;量能波动;量能动量;量能比,4,False
SH688083,50.11,0.81472147,0.8305411130367802,0.40458309262468706,0.4145965723088773,0.23897554400154053,量能水平,1,False
SH688084,41.05,0.69614136,0.6838051222799924,0.4169073753129212,0.6753321779318313,0.1120739456961294,,0,True
SH688085,13.26,0.31737703,0.35008665511265163,0.18043520123242826,0.5888696321971886,0.7236664740997497,,0,True
SH688087,32.15,0.54895836,0.5266705180050067,0.5667244367417678,0.0770267668014635,0.48873483535528595,,0,True
SH688088,28.72,1.0664983,0.8238012709416522,0.6296938186019642,0.1064895051030233,0.3716541498170614,量能水平,1,False
SH688090,77.28,6.343921,0.9033314076641633,0.7425380319661082,0.15655690352397458,0.178894665896399,量能水平,1,False
SH688091,39.399998,0.8717333,0.3550933949547468,0.5441941074523396,0.6273830155979203,0.8178316965145388,量能比,1,False
SH688093,22.05,0.39250737,0.18139803581744657,0.41036010013479685,0.04544579241286347,0.6913152320431349,,0,True
SH688095,55.600002,1.5036668,0.926632004621606,0.8166762950125168,0.03119584055459272,0.24436741767764297,量能水平;量能波动,2,False
SH688096,7.84,0.58206314,0.6002310803004044,0.815520893510495,0.9676487579433853,0.7981898709801656,量能波动;量能动量,2,False
SH688097,41.2,2.2920122,0.5988831118813788,0.542846139033314,0.27979973040631617,0.4777585210860774,,0,True
SH688098,8.46,0.234755,0.5825149239360677,0.561525129982669,0.055074138263046406,0.8234161371076449,量能比,1,False
SH688099,96.8,7.508523,0.9928750240708646,0.9973040631619488,0.7918351627190449,0.85210860774119,量能水平;量能波动;量能比,3,False
SH688100,24.609999,0.4968816,0.4760254188330445,0.40284999037165414,0.651839014057385,0.6063932216445215,,0,True
SH688101,14.21,0.25236514,0.276526092817254,0.15617176968996727,0.7086462545734643,0.6368187945310996,,0,True
SH688102,28.73,3.0105388,0.5967648757943386,0.520893510494897,0.04274985557481225,0.4163296745619103,,0,True
SH688103,75.98,1.4851435,0.699788176391296,0.6460620065472752,0.2967456191026382,0.6333525900250337,,0,True
SH688105,27.240002,3.1680048,0.9822838436356633,0.9951858270749085,0.4072790294627383,0.9262468707875987,量能水平;量能波动;量能比,3,False
SH688106,24.65,4.017514,0.9585981128442134,0.7875986905449643,0.4140188715578664,0.17735413056036972,量能水平,1,False
SH688107,28.01,1.5646645,0.9171962256884267,0.8523011746581938,0.6776429809358753,0.6379741960331216,量能水平;量能波动,2,False
SH688108,14.87,1.0827885,0.7207779703446948,0.4246100519930676,0.29770845368765647,0.5336029270171384,,0,True
SH688109,68.56,0.481067,0.235894473329482,0.3264009243212016,0.6870787598690545,0.7510109763142692,,0,True
SH688110,113.810005,15.3898,0.9668784902753707,0.9347198151357596,0.34565761602156747,0.5126131330637397,量能水平;量能波动,2,False
SH688111,218.79999,10.485998,0.9609089158482572,0.7558251492393607,0.23782014249951858,0.42056614673599074,量能水平,1,False
SH688112,98.0,6.1677823,0.9383785865588292,0.9609089158482572,0.5000962834585019,0.9720777970344695,量能水平;量能波动;量能比,3,False
SH688113,36.95,0.23466457,0.2645869439630272,0.5043327556325823,0.3961101482765261,0.860581552089351,量能比,1,False
SH688114,71.9,6.0118775,0.9867128827267475,0.9551319083381475,0.6922780666281533,0.7669940304255729,量能水平;量能波动,2,False
SH688115,62.09,1.4164637,0.49451184286539573,0.6811091854419411,0.4249951858270749,0.8963989986520315,量能比,1,False
SH688116,33.75,1.9721885,0.795108800308107,0.8226458694396303,0.8711727325245523,0.6502984787213557,量能波动;量能动量,2,False
SH688117,18.56,1.8062099,0.7972270363951474,0.9622568842672828,0.013479684190256113,0.9370306181398036,量能波动;量能比,2,False
SH688118,19.990002,0.43816125,0.5345657616021567,0.21644521471211245,0.24070864625457347,0.3810899287502407,,0,True
SH688119,3.81,0.32709572,0.6011939148854227,0.3431542461005199,0.6674369343346813,0.6225688426728289,,0,True
SH688120,227.43001,19.173744,0.9158482572694011,0.8815713460427499,0.6040824186404775,0.5181975736568457,量能水平;量能波动,2,False
SH688122,51.940002,4.381862,0.8915848257269401,0.9272097053726169,0.5890621991141922,0.814365492008473,量能水平;量能波动;量能比,3,False
SH688123,159.68,12.466614,0.9483920662430194,0.9200847294434816,0.06104371269015983,0.7947236664740998,量能水平;量能波动,2,False
SH688125,114.100006,1.0180132,0.22992489890236859,0.2297323319853649,0.6119776622376276,0.6859233583670326,,0,True
SH688126,23.380001,11.191245,0.9535913730021183,0.9605237820142499,0.3564413633737724,0.7136529944155594,量能水平;量能波动,2,False
SH688127,61.05,5.921629,0.8809936452917388,0.8353552859618717,0.13884074715963798,0.36876564606200657,量能水平;量能波动,2,False
SH688128,22.130001,0.31005162,0.18717504332755633,0.19661082226073562,0.5291738879260544,0.5584440593106105,,0,True
SH688129,22.61,0.2522298,0.21143847487001732,0.519738108992875,0.03562487964567687,0.8212979010206046,量能比,1,False
SH688130,25.699999,0.500627,0.4186404775659542,0.5638359329867129,0.2668977469670711,0.8128249566724437,量能比,1,False
SH688131,99.46999,4.467958,0.952050837666089,0.9817061428846524,0.7263624109378009,0.9275948392066243,量能水平;量能波动;量能比,3,False
SH688132,16.18,0.422688,0.4222992489890237,0.2316580011554015,0.6589639899865203,0.21721548238012708,,0,True
SH688133,22.380001,1.0649464,0.7473522048911997,0.7927979973040632,0.6876564606200655,0.8214904679376083,量能比,1,False
SH688135,36.5,6.8887095,0.9817061428846524,0.959368380512228,0.016368187945310995,0.17388792605430387,量能水平;量能波动,2,False
SH688136,24.269999,1.6934587,0.8850375505488157,0.8592335836703254,0.3780088580781822,0.8850375505488157,量能水平;量能波动;量能比,3,False
SH688137,160.39001,8.424038,0.967841324860389,0.8871557866358559,0.6310417870209898,0.787213556710957,量能水平;量能波动,2,False
SH688138,35.96,2.958088,0.7178894665896399,0.8467167340650876,0.21798575004814172,0.7712305025996534,量能波动,1,False
SH688139,35.85,1.3451469,0.6362410937800885,0.48642403235124204,0.2199114192181783,0.8590410167533218,量能比,1,False
SH688141,95.0,13.788528,0.968996726362411,0.958790679761217,0.7209705372616985,0.8049297130752937,量能水平;量能波动;量能比,3,False
SH688143,174.67,24.746258,0.9501251684960523,0.8424802618910071,0.6400924321201618,0.37935682649720776,量能水平;量能波动,2,False
SH688146,190.65999,25.512299,0.9591758135952243,0.9258617369535914,0.0471788946658964,0.5825149239360677,量能水平;量能波动,2,False
SH688147,101.409996,8.994925,0.8263046408626998,0.5832851916040824,0.7906797612170229,0.18062776814943193,量能水平,1,False
SH688148,5.92,0.65932643,0.9206624301944926,0.8288080107837473,0.83631812054689,0.7261698440207972,量能水平;量能波动;量能动量,3,False
SH688150,39.09,3.3540585,0.715578663585596,0.7053726169844021,0.06508761794723666,0.42114384748700173,,0,True
SH688151,16.65,0.74213296,0.7760446755247449,0.6058155208935105,0.31118813787791255,0.07567879838243789,,0,True
SH688152,40.690002,2.0481448,0.9664933564413634,0.9948006932409013,0.9533988060851146,0.8575004814172925,量能水平;量能波动;量能动量;量能比,4,False
SH688153,25.37,0.73950315,0.6547275178124399,0.5343731946851531,0.3441170806855382,0.6863084922010398,,0,True
SH688155,54.870003,1.4204185,0.7173117658386289,0.8224533025226266,0.9358752166377816,0.7157712305025996,量能波动;量能动量,2,False
SH688156,22.62,1.1380582,0.6965145388022338,0.48777200077026767,0.5647987675717312,0.0691315232043135,,0,True
SH688157,18.51,0.47983253,0.5734642788368958,0.4993260157904872,0.536683997689197,0.5819372231850568,,0,True
SH688158,27.999998,3.4314916,0.983631812054689,0.9308684767956865,0.07856730213749277,0.4473329481994993,量能水平;量能波动,2,False
SH688159,34.97,1.3218703,0.8095513190833815,0.6335451569420374,0.6841902561139996,0.7625649913344887,量能水平,1,False
SH688160,94.700005,1.0858878,0.3968804159445407,0.45503562487964566,0.7440785673021375,0.49220103986135183,,0,True
SH688161,21.79,0.2713276,0.6605045253225496,0.5563258232235702,0.6581937223185057,0.13730021182360871,,0,True
SH688162,25.86,0.23062383,0.5101097631426921,0.7475447718082033,0.8946658963989986,0.9027537069131523,量能动量;量能比,2,False
SH688163,39.999996,0.4926422,0.4284613903331408,0.8280377431157327,0.9210475640284999,0.9711149624494512,量能波动;量能动量;量能比,3,False
SH688165,14.910001,0.7559059,0.7280955131908338,0.7051800500673984,0.721740804929713,0.5832851916040824,,0,True
SH688166,35.809998,3.557887,0.8834970152127865,0.8515309069901791,0.7623724244174851,0.6223762757558251,量能水平;量能波动,2,False
SH688167,282.88,23.909428,0.9907567879838244,0.9647602541883304,0.5457346427883689,0.23782014249951858,量能水平;量能波动,2,False
SH688168,41.88,2.7414682,0.9663007895243597,0.83631812054689,0.15771230502599654,0.32967456191026384,量能水平;量能波动,2,False
SH688169,118.759995,5.6284,0.9620643173502792,0.9391488542268438,0.814365492008473,0.4397265549778548,量能水平;量能波动;量能动量,3,False
SH688170,64.159996,5.160607,0.8195647987675717,0.7935682649720778,0.27017138455613326,0.14654342383978433,量能水平,1,False
SH688171,23.989998,0.5541716,0.37435008665511266,0.6624301944925862,0.8860003851338341,0.9753514346235317,量能动量;量能比,2,False
SH688172,42.430004,5.344204,0.8626997881763913,0.681686886192952,0.23704987483150394,0.17215482380127095,量能水平,1,False
SH688173,12.73,1.0869296,0.9173887926054304,0.836895821297901,0.667051800500674,0.642210668207202,量能水平;量能波动,2,False
SH688175,28.99,1.3141891,0.6870787598690545,0.830155979202773,0.8692470633545157,0.975158867706528,量能波动;量能动量;量能比,3,False
SH688176,14.599999,2.111488,0.8615443866743694,0.8607741190063547,0.6643558636626228,0.803004043905257,量能水平;量能波动;量能比,3,False
SH688177,21.03,0.8071972,0.8436356633930291,0.9532062391681109,0.13325630656653187,0.9383785865588292,量能水平;量能波动;量能比,3,False
SH688178,28.849998,0.32287624,0.36645484305796266,0.5316772578471018,0.1606008087810514,0.649528211053341,,0,True
SH688179,22.56,3.2972708,0.7868284228769498,0.9327941459657231,0.3849412670903139,0.9707298286154439,量能波动;量能比,2,False
SH688180,35.66,3.781582,0.9967263624109378,0.9917196225688427,0.7305988831118814,0.8738686693626035,量能水平;量能波动;量能比,3,False
SH688181,42.3,3.8121283,0.9210475640284999,0.8212979010206046,0.4040053918736761,0.4292316580011554,量能水平;量能波动,2,False
SH688182,26.07,1.1951399,0.5137685345657615,0.4908530714423262,0.7134604274985558,0.665896398998652,,0,True
SH688183,108.00001,20.845934,0.9046793760831889,0.8195647987675717,0.1494319275948392,0.35990756787983824,量能水平;量能波动,2,False
SH688185,102.64001,7.1520696,0.9996148661659927,0.9984594646639707,0.40458309262468706,0.8195647987675717,量能水平;量能波动;量能比,3,False
SH688186,14.110001,0.38978413,0.6922780666281533,0.8709801656075487,0.8821490467937608,0.8910071249759292,量能波动;量能动量;量能比,3,False
SH688187,44.6,1.3158786,0.7213556710957058,0.7103793568264972,0.2045060658578856,0.5052955902176006,,0,True
SH688188,97.97,1.7354635,0.6127479299056422,0.6795686501059118,0.8609666859233583,0.5574812247255921,量能动量,1,False
SH688190,65.78,0.60384035,0.6056229539765068,0.6060080878105142,0.37473522048911995,0.49162333911034084,,0,True
SH688191,19.45,1.1786815,0.41170806855382247,0.6135181975736569,0.05988831118813788,0.8334296167918351,量能比,1,False
SH688192,58.010002,2.7746,0.797419603312151,0.8788754092046986,0.9054496437512035,0.7772000770267669,量能波动;量能动量,2,False
SH688193,52.190002,0.22148542,0.15289813210090505,0.47525515116502987,0.9302907760446755,0.8315039476217986,量能动量;量能比,2,False
SH688195,180.9,20.749155,0.730791450028885,0.41498170614288465,0.15135759676487578,0.10071249759291354,,0,True
SH688196,30.099998,0.80161,0.5990756787983824,0.6649335644136337,0.5022145195455421,0.38686693626035046,,0,True
SH688197,37.7,0.8364244,0.48777200077026767,0.4213364144040054,0.3121509724629309,0.6148661659926825,,0,True
SH688198,68.58,0.2747737,0.012131715771230503,0.019256691700365876,0.634893125361063,0.7207779703446948,,0,True
SH688199,25.1,0.9384472,0.7621798575004815,0.7467745041401888,0.7937608318890814,0.7619872905834778,,0,True
SH688200,374.0,15.948556,0.935104948969767,0.8717504332755632,0.7019064124783362,0.7739264394377046,量能水平;量能波动,2,False
SH688201,7.69,0.2120956,0.20123242826882343,0.17831696514538803,0.308684767956865,0.40843443096476023,,0,True
SH688202,107.64,6.6679316,0.8338147506258424,0.7408049297130753,0.8494126709031389,0.7329096861159253,量能水平;量能动量,2,False
SH688203,18.95,2.529237,0.8607741190063547,0.9491623339110341,0.8162911611785095,0.9826689774696707,量能水平;量能波动;量能动量;量能比,4,False
SH688205,209.00002,29.296711,0.9547467745041401,0.8355478528788755,0.16849605237820142,0.38744463701136145,量能水平;量能波动,2,False
SH688206,34.34,2.4837503,0.8652031580974389,0.7271326786058155,0.20623916811091855,0.11284421336414403,量能水平,1,False
SH688207,19.47,2.1357725,0.8821490467937608,0.8060851145773156,0.08338147506258425,0.5235894473329482,量能水平;量能波动,2,False
SH688208,24.85,1.7632548,0.8910071249759292,0.7748892740227229,0.008858078182168303,0.13421914115155018,量能水平,1,False
SH688209,31.789999,8.338909,0.9530136722511072,0.8894665896398999,0.27055651839014055,0.10918544194107452,量能水平;量能波动,2,False
SH688210,27.190002,1.2015748,0.5555555555555556,0.43231272867321396,0.1457731561717697,0.1265164644714038,,0,True
SH688211,31.85,0.21475431,0.34334681301752357,0.5436164067013287,0.17870209897939535,0.8409397265549778,量能比,1,False
SH688212,28.12,0.56705934,0.47737338725207007,0.7194300019256692,0.4494511842865396,0.8729058347775852,量能比,1,False
SH688213,97.88,4.711983,0.870209897939534,0.916425958020412,0.5233968804159446,0.6556903523974581,量能水平;量能波动,2,False
SH688215,43.280003,0.5883047,0.3161948777200077,0.2559214326978625,0.6088965915655691,0.316580011554015,,0,True
SH688216,37.88,3.0385594,0.9632197188523012,0.8070479491623339,0.6219911419218178,0.5570960908915848,量能水平;量能波动,2,False
SH688217,25.650002,0.23247807,0.5854034276911226,0.5617176968996727,0.796264201810129,0.7906797612170229,,0,True
SH688218,41.0,1.2218684,0.5565183901405738,0.7205854034276912,0.780473714615829,0.764105526670518,,0,True
SH688219,10.190001,0.37492904,0.6897746967071057,0.5686501059118043,0.3901405738494127,0.5923358367032544,,0,True
SH688220,90.22,6.375974,0.9790102060466012,0.8883111881378779,0.2582322357019064,0.5155016368187946,量能水平;量能波动,2,False
SH688221,16.869999,2.221155,0.9250914692855767,0.8365106874638937,0.5805892547660312,0.43327556325823224,量能水平;量能波动,2,False
SH688222,44.69,8.758877,0.9901790872328134,0.9838243789716926,0.5424610051993067,0.8060851145773156,量能水平;量能波动;量能比,3,False
SH688223,3.83,2.4353807,0.9699595609474292,0.9281725399576353,0.7535143462353168,0.7529366454843058,量能水平;量能波动,2,False
SH688225,15.7,1.5496689,0.9335644136337378,0.983054111303678,0.876372039283651,0.8806085114577316,量能水平;量能波动;量能动量;量能比,4,False
SH688226,30.490002,1.8758609,0.6400924321201618,0.4823801270941652,0.8802233776237243,0.9050645099171962,量能动量;量能比,2,False
SH688227,70.31,2.1320915,0.5636433660697092,0.48141729250914694,0.15328326593491237,0.6649335644136337,,0,True
SH688228,89.59999,1.40427,0.7103793568264972,0.7793183131138071,0.8704024648565376,0.8759869054496437,量能动量;量能比,2,False
SH688229,58.45,0.38757193,0.47275178124398226,0.2457153860966686,0.43038705950317735,0.24167148083959175,,0,True
SH688230,58.0,0.6357214,0.5778933179279799,0.5405353360292702,0.235894473329482,0.6543423839784325,,0,True
SH688231,31.310001,1.5558606,0.6705180050067399,0.6891969959560947,0.25014442518775276,0.47525515116502987,,0,True
SH688232,17.66,0.34309945,0.5230117465819373,0.38937030618139806,0.31022530329289427,0.5299441555940689,,0,True
SH688233,87.920006,6.2887425,0.9485846331600231,0.8459464663970729,0.3591373002118236,0.3780088580781822,量能水平;量能波动,2,False
SH688234,104.39,8.072589,0.9718852301174659,0.9526285384170999,0.47236664740997497,0.8482572694011169,量能水平;量能波动;量能比,3,False
SH688235,264.41,7.405469,0.9416522241478914,0.8411322934719815,0.7381089928750241,0.5495859811284421,量能水平;量能波动,2,False
SH688236,14.230001,0.23435892,0.28268823416137107,0.4650491045638359,0.5923358367032544,0.7592913537454266,,0,True
SH688237,58.93,0.8248926,0.5701906412478336,0.2339688041594454,0.07914500288850375,0.2410937800885808,,0,True
SH688238,8.85,2.1875124,0.9458886963219719,0.9792027729636048,0.8180242634315424,0.9755440015405353,量能水平;量能波动;量能动量;量能比,4,False
SH688239,51.85,3.5696478,0.7864432890429425,0.5676872713267861,0.534950895436164,0.26728288080107837,,0,True
SH688244,22.54,1.6335986,0.7510109763142692,0.9449258617369536,0.9347198151357596,0.9505103023300597,量能波动;量能动量;量能比,3,False
SH688246,17.69,0.36815023,0.5561332563065665,0.4192181783169651,0.18794531099557096,0.7203928365106874,,0,True
SH688247,10.09,0.5604438,0.4977854804544579,0.4918159060273445,0.633737723859041,0.8927402272289621,量能比,1,False
SH688248,49.76,2.5919619,0.7011361448103216,0.5725014442518775,0.12208742538031966,0.21933371846716734,,0,True
SH688249,32.81,5.3160195,0.8823416137107645,0.7219333718467167,0.6757173117658386,0.5909878682842288,量能水平,1,False
SH688251,18.45,0.4016181,0.44521471211245905,0.4970152127864433,0.2162526477951088,0.8028114769882534,量能比,1,False
SH688252,20.4,0.84204954,0.5114577315617177,0.5382245330252262,0.5480454457924129,0.5973425765453495,,0,True
SH688253,54.319996,0.64383966,0.2162526477951088,0.14249951858270749,0.333525900250337,0.30194492586173693,,0,True
SH688255,25.980001,0.5484165,0.48488349701521277,0.5495859811284421,0.22164452147121125,0.7171191989216252,,0,True
SH688256,1009.01,91.512146,0.9930675909878682,0.9713075293664548,0.7356056229539765,0.47101867899094935,量能水平;量能波动,2,False
SH688257,53.579998,6.975959,0.7465819372231851,0.7209705372616985,0.31600231080300406,0.6352782591950703,,0,True
SH688258,83.0,2.7127004,0.6360485268630849,0.6146735990756788,0.01559792027729636,0.5699980743308299,,0,True
SH688259,31.99,0.3474832,0.43789716926632005,0.6994030425572887,0.8286154438667437,0.911419218178317,量能动量;量能比,2,False
SH688260,97.12,7.032616,0.770845368765646,0.6341228576930483,0.06970922395532447,0.31831311380704796,,0,True
SH688261,72.72,3.3867478,0.8958212979010206,0.8813787791257462,0.1448103215867514,0.6181398035817447,量能水平;量能波动,2,False
SH688262,27.050001,2.1802068,0.8482572694011169,0.9612940496822646,0.4502214519545542,0.9087232813402657,量能水平;量能波动;量能比,3,False
SH688265,64.98,1.3640301,0.7854804544579241,0.9056422106682072,0.7978047371461583,0.9248989023685731,量能波动;量能比,2,False
SH688266,110.0,4.0370646,0.8578856152512998,0.8130175235894473,0.7660311958405546,0.7115347583285192,量能水平;量能波动,2,False
SH688267,21.699999,0.5931639,0.5324475255151165,0.5162719044868092,0.033506643558636626,0.25476603119584057,,0,True
SH688268,120.85,5.08034,0.7845176198729058,0.5869439630271519,0.18236087040246485,0.1677257847101868,,0,True
SH688269,26.48,0.39018488,0.4873868669362604,0.45465049104563837,0.3358367032543809,0.4128634700558444,,0,True
SH688270,53.2,2.2085218,0.5037550548815714,0.374157519738109,0.38282303100327364,0.3133063739649528,,0,True
SH688271,107.37,3.9173572,0.9730406316194877,0.9938378586558829,0.9208549971114962,0.8773348738686694,量能水平;量能波动;量能动量;量能比,4,False
SH688272,28.33,0.37094945,0.39168110918544197,0.21240130945503563,0.26651261313306374,0.6017716156364337,,0,True
SH688273,29.5,0.30899206,0.26381667629501254,0.36915077989601386,0.10263816676295012,0.6268053148469093,,0,True
SH688275,68.33,1.9605454,0.9275948392066243,0.950895436164067,0.9299056422106682,0.8636626227614096,量能水平;量能波动;量能动量;量能比,4,False
SH688276,17.95,0.6440764,0.9381860196418256,0.9624494511842865,0.21317157712305027,0.8413248603889851,量能水平;量能波动;量能比,3,False
SH688277,15.639999,0.7070736,0.9260543038705951,0.8330444829578278,0.5790487194300019,0.7223185056807241,量能水平;量能波动,2,False
SH688278,52.890003,1.3397082,0.5276333525900251,0.49008280377431157,0.8209127671865973,0.6088965915655691,量能动量,1,False
SH688279,199.31,3.4702122,0.6339302907760447,0.33602927017138456,0.608318890814558,0.1858270749085307,,0,True
SH688280,4.9300003,0.45380783,0.7323319853649143,0.8653957250144425,0.5848257269401117,0.9148854226843828,量能波动;量能比,2,False
SH688281,48.47,1.4969643,0.6774504140188715,0.4240323512420566,0.6562680531484691,0.37666088965915656,,0,True
SH688282,50.38,0.35919103,0.2158675139611015,0.49123820527633355,0.5172347390718275,0.716156364336607,,0,True
SH688283,28.840002,0.7114279,0.3912959753514346,0.7764298093587522,0.35721163104178705,0.9772771037935682,量能比,1,False
SH688286,51.370003,2.151829,0.976891969959561,0.9886385518967842,0.8729058347775852,0.9291353745426536,量能水平;量能波动;量能动量;量能比,4,False
SH688288,19.48,0.28631184,0.292894280762565,0.528211053341036,0.05314846909300982,0.8207202002695937,量能比,1,False
SH688289,16.720001,0.73423,0.8844598497978048,0.8203350664355864,0.8249566724436742,0.8101290198343924,量能水平;量能波动;量能动量;量能比,4,False
SH688290,56.48,0.4606182,0.07664163296745619,0.15097246293086847,0.2588099364529174,0.7042172154823801,,0,True
SH688292,22.05,1.3209369,0.6580011554015021,0.5137685345657615,0.37820142499518583,0.8586558829193145,量能比,1,False
SH688293,79.61,4.6004477,0.9616791835162719,0.9310610437126902,0.8076256499133448,0.7642980935875217,量能水平;量能波动;量能动量,3,False
SH688295,35.6,1.591381,0.7221259387637204,0.7357981898709801,0.33930290776044675,0.4714038128249567,,0,True
SH688296,25.6,1.903731,0.8353552859618717,0.6279607163489312,0.6774504140188715,0.6699403042557288,量能水平,1,False
SH688297,41.79,4.4622955,0.9624494511842865,0.8097438860003852,0.4157519738108993,0.09397265549778548,量能水平;量能波动,2,False
SH688298,19.369999,0.26458147,0.6260350471788947,0.6645484305796264,0.7325245522819179,0.8549971114962449,量能比,1,False
SH688299,13.150001,0.56951797,0.4856537646832274,0.38513383400731754,0.1690737531292124,0.6632004621606008,,0,True
SH688300,144.29999,22.283895,0.7827845176198729,0.7003658771423069,0.33602927017138456,0.21914115155016367,,0,True
SH688301,83.2,4.294592,0.7806662815328327,0.9050645099171962,0.032158675139611015,0.9116117850953206,量能波动;量能比,2,False
SH688302,33.34,0.44114143,0.26131330637396494,0.22915463123435395,0.5769304833429617,0.6310417870209898,,0,True
SH688303,15.990001,1.1501439,0.9225880993645291,0.9404968226458694,0.7119198921625265,0.8186019641825535,量能水平;量能波动;量能比,3,False
SH688305,54.4,1.0167174,0.7046023493163874,0.5963797419603312,0.431157327171192,0.18563450799152706,,0,True
SH688306,9.88,1.031141,0.4829578278451762,0.6033121509724629,0.11554015020219527,0.8671288272674754,量能比,1,False
SH688307,43.93,1.4679517,0.6033121509724629,0.5994608126323897,0.6164067013287118,0.4365492008472944,,0,True
SH688308,77.11,5.4153714,0.7706528018486424,0.7263624109378009,0.28827267475447715,0.3379549393414211,,0,True
SH688309,74.0,1.3731629,0.7069131523204314,0.6622376275755825,0.3533602927017138,0.31600231080300406,,0,True
SH688310,15.219999,0.2615657,0.11881378779125747,0.2720970537261698,0.1415366839976892,0.7440785673021375,,0,True
SH688311,23.83,0.74373186,0.8873483535528596,0.901213171577123,0.16098594261505872,0.7298286154438668,量能水平;量能波动,2,False
SH688312,47.07,4.420141,0.9437704602349316,0.968996726362411,0.42538031966108225,0.8846524167148084,量能水平;量能波动;量能比,3,False
SH688313,154.48,26.7246,0.9738108992875024,0.8524937415751974,0.29597535143462356,0.37492778740612365,量能水平;量能波动,2,False
SH688314,30.199999,0.30908826,0.3997689196995956,0.6953591373002118,0.062199114192181784,0.9002503369921048,量能比,1,False
SH688315,19.769999,2.6643445,0.9264394377046024,0.8987098016560755,0.35932986712882725,0.9817061428846524,量能水平;量能波动;量能比,3,False
SH688316,44.4,0.74056333,0.6801463508569228,0.6327748892740227,0.10283073367995378,0.5622953976506836,,0,True
SH688317,19.500002,0.52015525,0.7847101867899094,0.9801656075486231,0.8598112844213364,0.9901790872328134,量能波动;量能动量;量能比,3,False
SH688318,74.56,5.352978,0.8336221837088388,0.6345079915270556,0.32505295590217603,0.11919892162526478,量能水平,1,False
SH688319,31.18,2.0951812,0.8711727325245523,0.9607163489312536,0.28384363566339305,0.8863855189678413,量能水平;量能波动;量能比,3,False
SH688320,35.129997,1.1108176,0.41305603697284804,0.5010591180435201,0.3649143077219334,0.8829193144617755,量能比,1,False
SH688321,25.219997,1.8721663,0.9759291353745426,0.8869632197188523,0.5426535721163104,0.7257847101867899,量能水平;量能波动,2,False
SH688322,84.4,5.176895,0.8382437897169266,0.6641632967456191,0.32331985364914306,0.3941844791064895,量能水平,1,False
SH688323,23.470001,2.446833,0.8484498363181205,0.8800308107067206,0.63316002310803,0.6845753899480069,量能水平;量能波动,2,False
SH688325,107.5,0.7698818,0.2270363951473137,0.5233968804159446,0.8490275370691315,0.8836895821297901,量能动量;量能比,2,False
SH688326,56.499996,0.6429081,0.6165992682457154,0.5060658578856152,0.3327556325823224,0.16137107644906606,,0,True
SH688327,9.7,1.3975363,0.8128249566724437,0.7334873868669363,0.18082033506643558,0.4771808203350664,量能水平,1,False
SH688328,71.51,3.996466,0.8469093009820913,0.7737338725207009,0.5497785480454458,0.45503562487964566,量能水平,1,False
SH688329,23.949999,0.31795526,0.227421528981321,0.2507221259387637,0.45002888503755056,0.8517234739071827,量能比,1,False
SH688330,36.7,0.5652123,0.6194877720007703,0.708838821490468,0.17504332755632582,0.5723088773348739,,0,True
SH688331,117.340004,6.9842424,0.8345850182938571,0.673791642595802,0.6622376275755825,0.7512035432312729,量能水平,1,False
SH688332,85.6,4.508251,0.796264201810129,0.7704602349316387,0.42980935875216636,0.3936067783554785,,0,True
SH688333,97.90001,13.4559145,0.8725207009435779,0.9150779896013865,0.4334681301752359,0.49797804737146156,量能水平;量能波动,2,False
SH688335,17.46,0.34971657,0.3601001347968419,0.4898902368573079,0.8576930483342962,0.7827845176198729,量能动量,1,False
SH688336,41.429996,2.492914,0.8230310032736375,0.8241864047756595,0.7825919507028692,0.8582707490853071,量能水平;量能波动;量能比,3,False
SH688337,47.800003,3.251894,0.7494704409782399,0.9422299248989023,0.8122472559214327,0.993260157904872,量能波动;量能动量;量能比,3,False
SH688338,31.75,0.42720112,0.755632582322357,0.7521663778162911,0.519738108992875,0.7966493356441363,,0,True
SH688339,20.42,0.8731948,0.8965915655690352,0.9684190256113999,0.6915077989601387,0.9761217022915463,量能水平;量能波动;量能比,3,False
SH688343,59.999996,5.3693914,0.9876757173117658,0.9472366647409975,0.16714808395917582,0.4891199691892933,量能水平;量能波动,2,False
SH688345,46.940002,0.5466519,0.5584440593106105,0.7225110725977277,0.9256691700365877,0.7681494319275949,量能动量,1,False
SH688347,207.92,31.48958,0.9792027729636048,0.9154631234353938,0.5655690352397458,0.3470055844405931,量能水平;量能波动,2,False
SH688348,30.47,0.29657513,0.6980550741382631,0.665318698247641,0.6395147313691508,0.6707105719237435,,0,True
SH688349,13.240001,1.0107076,0.8234161371076449,0.6655112651646448,0.617947236664741,0.6119776622376276,量能水平,1,False
SH688350,29.0,0.65843195,0.3672251107259773,0.46139033314076644,0.029462738301559793,0.6770652801848642,,0,True
SH688351,17.06,0.6387078,0.30425572886578084,0.13113807047949164,0.6655112651646448,0.11188137877912574,,0,True
SH688352,17.179998,4.0085826,0.9189293279414597,0.822260735605623,0.5297515886770653,0.5661467359907568,量能水平;量能波动,2,False
SH688353,80.57,2.625705,0.8341998844598498,0.7132678605815521,0.8376660889659157,0.4394377046023493,量能水平;量能动量,2,False
SH688356,106.41,4.929913,0.9782399383785866,0.9324090121317158,0.7309840169458887,0.855574812247256,量能水平;量能波动;量能比,3,False
SH688359,105.0,3.8562663,0.7072982861544387,0.5174273059888311,0.5278259195070287,0.7302137492778741,,0,True
SH688360,15.7699995,0.552138,0.5534373194685153,0.5466974773733873,0.6391295975351434,0.8985172347390719,量能比,1,False
SH688361,349.09,26.464893,0.9551319083381475,0.8962064317350279,0.36164067013287116,0.38051222799922974,量能水平;量能波动,2,False
SH688362,54.09,10.002111,0.9487772000770268,0.8220681686886193,0.2863470055844406,0.29366454843057965,量能水平;量能波动,2,False
SH688363,34.81,0.76690793,0.7729636048526863,0.7681494319275949,0.815520893510495,0.8573079145002889,量能动量;量能比,2,False
SH688365,15.460001,2.3502796,0.9622568842672828,0.9928750240708646,0.002695936838051223,0.895628730984017,量能水平;量能波动;量能比,3,False
SH688367,29.170002,0.46609703,0.20951280569998074,0.2541883304448296,0.6726362410937801,0.3574041979587907,,0,True
SH688368,120.73,5.8675995,0.8110918544194108,0.6967071057192374,0.3585595994608126,0.6672443674176777,量能水平,1,False
SH688369,19.49,0.5527305,0.6972848064702484,0.4427113421914115,0.11014827652609281,0.6304640862699789,,0,True
SH688370,28.650002,0.22374155,0.12786443289042942,0.3797419603312151,0.9071827460042364,0.9578278451761987,量能动量;量能比,2,False
SH688371,21.81,1.6348447,0.7850953206239168,0.8174465626805315,0.46697477373387253,0.6657038320816484,量能波动,1,False
SH688372,99.850006,7.3514566,0.9302907760446755,0.8316965145388022,0.39495474677450415,0.48546119776622376,量能水平;量能波动,2,False
SH688373,5.78,0.8900768,0.7508184093972655,0.9089158482572695,0.08935104948969767,0.8110918544194108,量能波动;量能比,2,False
SH688375,64.020004,1.9538256,0.7569805507413826,0.6836125553629886,0.658578856152513,0.5403427691122665,,0,True
SH688376,55.97,0.76167727,0.28557673791642596,0.464471403812825,0.6345079915270556,0.6435586366262276,,0,True
SH688377,16.740002,0.44352955,0.5087617947236664,0.5526670518005007,0.7055651839014058,0.5520893510494898,,0,True
SH688378,45.100002,4.9533157,0.8640477565954169,0.7032543808973618,0.7225110725977277,0.6295012516849605,量能水平,1,False
SH688379,52.399998,2.2916083,0.7858655882919314,0.9121894858463316,0.8101290198343924,0.9245137685345658,量能波动;量能动量;量能比,3,False
SH688380,39.33,2.977098,0.9262468707875987,0.8825341806277681,0.08684767956865011,0.4806470248411323,量能水平;量能波动,2,False
SH688381,41.399998,4.504426,0.9549393414211439,0.965530521856345,0.21009050645099173,0.6666666666666666,量能水平;量能波动,2,False
SH688382,19.07,1.9784508,0.7352204891199692,0.7818216830348547,0.8247641055266706,0.878682842287695,量能动量;量能比,2,False
SH688383,125.8,3.3901284,0.7384941267090314,0.7479299056422106,0.28153283265934914,0.6144810321586751,,0,True
SH688385,56.18,6.532969,0.970152127864433,0.9431927594839207,0.20161756210283074,0.5848257269401117,量能水平;量能波动,2,False
SH688386,45.31,1.2171675,0.528788754092047,0.7696899672636242,0.36626227614095896,0.8665511265164645,量能比,1,False
SH688387,11.46,3.6914365,0.7606393221644522,0.707105719237435,0.3876372039283651,0.36395147313691506,,0,True
SH688388,27.05,10.138986,0.9880608511457731,0.9922973233198537,0.1428846524167148,0.7248218756017716,量能水平;量能波动,2,False
SH688390,55.36,3.4691107,0.8717504332755632,0.7565954169073753,0.48411322934719814,0.4650491045638359,量能水平,1,False
SH688391,26.160002,0.28046116,0.43731946851530906,0.5528596187175043,0.5882919314461775,0.7852878875409205,,0,True
SH688392,156.43999,5.3544226,0.8565376468322742,0.8636626227614096,0.19410745233968804,0.5466974773733873,量能水平;量能波动,2,False
SH688393,22.449999,0.4412243,0.649528211053341,0.7404197958790679,0.2593876372039284,0.8869632197188523,量能比,1,False
SH688395,26.2,0.3367055,0.30059695744271137,0.5413056036972848,0.4122857693048334,0.9110340843443097,量能比,1,False
SH688396,55.100002,7.78032,0.9597535143462353,0.8990949354900828,0.5170421721548238,0.5896398998652032,量能水平;量能波动,2,False
SH688398,22.130001,0.42813545,0.47506258424802617,0.5613325630656654,0.05449643751203543,0.6067783554785288,,0,True
SH688399,27.539999,0.39172065,0.17176968996726363,0.3127286732139418,0.3129212401309455,0.8540342769112267,量能比,1,False
SH688400,41.57,4.3083067,0.895628730984017,0.9118043520123242,0.44925861736953593,0.45850182938571155,量能水平;量能波动,2,False
SH688401,64.0,3.2905273,0.7800885807818216,0.8449836318120547,0.10687463893703061,0.5703832081648372,量能波动,1,False
SH688403,21.1,13.008489,0.9849797804737146,0.9603312150972463,0.6720585403427691,0.23704987483150394,量能水平;量能波动,2,False
SH688408,22.980001,0.66034716,0.7074908530714423,0.7059503177354131,0.7831696514538802,0.44078567302137495,,0,True
SH688409,170.1,10.449939,0.9252840362025804,0.7606393221644522,0.3142692085499711,0.374157519738109,量能水平,1,False
SH688410,9.38,0.7989356,0.43597150009628344,0.36414404005391876,0.5780858848449836,0.4975929135374543,,0,True
SH688411,158.86,3.6530032,0.6893895628730984,0.5892547660311959,0.78894665896399,0.38648180242634317,,0,True
SH688416,72.63,4.050792,0.7966493356441363,0.6191026381667629,0.3699210475640285,0.5014442518775274,,0,True
SH688418,28.849998,0.810174,0.6129404968226458,0.5767379164259581,0.85210860774119,0.7186597342576545,量能动量,1,False
SH688419,47.48,1.4426008,0.5280184864240324,0.4161371076449066,0.5983054111303678,0.3150394762179857,,0,True
SH688425,3.9499998,0.46476147,0.5309069901790873,0.3672251107259773,0.8578856152512998,0.423262083574042,量能动量,1,False
SH688426,22.58,0.45097756,0.4777585210860774,0.675524744848835,0.9252840362025804,0.984787213556711,量能动量;量能比,2,False
SH688428,29.11,4.1689296,0.6747544771808204,0.8311188137877913,0.5817446562680532,0.9081455805892548,量能波动;量能比,2,False
SH688433,78.78,5.2711077,0.7502407086462546,0.5490082803774312,0.4689004429039091,0.22010398613518198,,0,True
SH688435,29.74,1.2605728,0.9306759098786829,0.6703254380897362,0.2222222222222222,0.04814172925091469,量能水平,1,False
SH688439,36.7,0.61446846,0.7344502214519546,0.7735413056036973,0.6146735990756788,0.7465819372231851,,0,True
SH688443,25.300001,0.7233278,0.5979202772963604,0.7094165222414789,0.7448488349701521,0.8925476603119584,量能比,1,False
SH688448,67.29,1.6611707,0.33699210475640284,0.4920084729443482,0.8160985942615059,0.6477951088003081,量能动量,1,False
SH688449,55.799995,3.831496,0.8923550933949548,0.7760446755247449,0.44983631812054686,0.3325630656653187,量能水平,1,False
SH688450,31.339998,0.35816836,0.3231272867321394,0.1723473907182746,0.6497207779703447,0.7485076063932217,,0,True
SH688455,17.37,0.3460826,0.26497207779703447,0.3069516657038321,0.7694974003466204,0.6678220681686886,,0,True
SH688456,67.18,3.9248073,0.8112844213364144,0.8187945310995571,0.284421336414404,0.6038898517234739,量能水平;量能波动,2,False
SH688458,36.81,0.6699262,0.5509339495474678,0.6543423839784325,0.8153283265934912,0.6262276140958983,量能动量,1,False
SH688469,8.860001,7.7688217,0.961101482765261,0.9965337954939342,0.8861929520508377,0.9069901790872328,量能水平;量能波动;量能动量;量能比,4,False
SH688472,8.420001,2.2755184,0.9027537069131523,0.5692278066628154,0.707105719237435,0.41767764298093585,量能水平,1,False
SH688475,27.1,0.9208748,0.37300211823608703,0.44059310610437125,0.3348738686693626,0.699210475640285,,0,True
SH688478,46.05,2.7183006,0.836895821297901,0.9129597535143462,0.6087040246485653,0.8809936452917388,量能水平;量能波动;量能比,3,False
SH688479,34.11,0.80908173,0.28095513190833815,0.5280184864240324,0.04563835932986713,0.6784132486038899,,0,True
SH688480,65.5,0.7251603,0.12324282688234162,0.3096476025418833,0.1120739456961294,0.24533025226266128,,0,True
SH688484,32.030003,2.1399083,0.9154631234353938,0.8713652994415559,0.12073945696129405,0.1746581937223185,量能水平;量能波动,2,False
SH688485,101.439995,8.065145,0.7396495282110533,0.7184671673406509,0.5178124398228384,0.6712882726747544,,0,True
SH688486,47.03,2.1551647,0.7165414981706143,0.7005584440593106,0.18274600423647216,0.6776429809358753,,0,True
SH688488,16.630001,1.1264672,0.8203350664355864,0.8160985942615059,0.8513383400731754,0.7142306951665703,量能水平;量能波动;量能动量,3,False
SH688489,27.400002,0.5214144,0.6181398035817447,0.8969766994030426,0.8365106874638937,0.9686115925284037,量能波动;量能动量;量能比,3,False
SH688498,1613.0,51.20005,0.75736568457539,0.7602541883304448,0.3156171769689967,0.6372039283651069,,0,True
SH688499,42.19,2.188161,0.9797804737146159,0.9971114962449451,0.984787213556711,0.9628345850182939,量能水平;量能波动;量能动量;量能比,4,False
SH688500,30.270002,0.59994733,0.7997304063161949,0.8915848257269401,0.17966493356441363,0.6980550741382631,量能波动,1,False
SH688501,14.9,0.5781562,0.32158675139611015,0.3658771423069517,0.11785095320623917,0.5869439630271519,,0,True
SH688502,404.0,5.4051948,0.8370883882149047,0.8744463701136145,0.29693818601964184,0.6296938186019642,量能水平;量能波动,2,False
SH688503,69.56,11.117363,0.9892162526477951,0.989793953398806,0.06624301944925862,0.3778162911611785,量能水平;量能波动,2,False
SH688505,8.55,0.6042324,0.8563450799152705,0.9260543038705951,0.5337954939341422,0.9260543038705951,量能水平;量能波动;量能比,3,False
SH688506,242.00002,4.176342,0.3502792220296553,0.16541498170614288,0.1956479876757173,0.569420373579819,,0,True
SH688507,133.15,4.3067493,0.9073753129212402,0.699210475640285,0.4764105526670518,0.25803966878490275,量能水平,1,False
SH688508,76.59,4.4728255,0.9722703639514731,0.9227806662815329,0.28557673791642596,0.49393414211438474,量能水平;量能波动,2,False
SH688510,23.5,1.767188,0.84421336414404,0.7560177161563644,0.3452724821875602,0.32216445214712114,量能水平,1,False
SH688511,21.73,0.36001503,0.553052185634508,0.5189678413248604,0.31966108222607353,0.4328904294242249,,0,True
SH688512,16.279999,3.0083644,0.9148854226843828,0.991527055651839,0.9378008858078182,0.9919121894858464,量能水平;量能波动;量能动量;量能比,4,False
SH688513,51.16,0.9698322,0.5726940111688812,0.4122857693048334,0.6531869824764106,0.6878490275370691,,0,True
SH688515,137.58,3.6034563,0.9618717504332756,0.9545542075871365,0.6217985750048142,0.7209705372616985,量能水平;量能波动,2,False
SH688516,41.93,2.5608187,0.6237242441748507,0.6056229539765068,0.6603119584055459,0.5986905449643751,,0,True
SH688517,18.699999,0.46046683,0.22029655305218562,0.7248218756017716,0.9761217022915463,0.9601386481802426,量能动量;量能比,2,False
SH688518,20.1,1.8912294,0.8272674754477181,0.8488349701521278,0.6529944155594068,0.7829770845368765,量能水平;量能波动,2,False
SH688519,272.65,18.03362,0.908530714423262,0.7078759869054496,0.22299248989023684,0.2979010206046601,量能水平,1,False
SH688520,37.05,0.8163151,0.7517812439822839,0.8588484498363181,0.4931638744463701,0.9229732331985365,量能波动;量能比,2,False
SH688521,171.68,36.86047,0.9990371654149817,0.9994222992489891,0.8653957250144425,0.6728288080107837,量能水平;量能波动;量能动量,3,False
SH688522,17.820002,0.5732677,0.4473329481994993,0.4111303678028115,0.5160793375698055,0.48372809551319085,,0,True
SH688523,37.42,1.0624343,0.5391873676102446,0.46870787598690544,0.3637589062199114,0.5673021374927787,,0,True
SH688525,192.34999,33.67455,0.8449836318120547,0.9081455805892548,0.373579818987098,0.787791257461968,量能水平;量能波动,2,False
SH688529,14.79,0.21585706,0.6271904486809167,0.6181398035817447,0.739264394377046,0.8399768919699596,量能比,1,False
SH688530,54.76,4.691938,0.7999229732331985,0.7949162333911034,0.23377623724244176,0.3991912189485846,,0,True
SH688531,124.560005,5.068932,0.9000577700751011,0.8376660889659157,0.43096476025418834,0.6287309840169459,量能水平;量能波动,2,False
SH688535,97.380005,6.7426195,0.8586558829193145,0.9006354708261121,0.36857307914500287,0.7242441748507606,量能水平;量能波动,2,False
SH688536,327.0,8.483049,0.9116117850953206,0.860581552089351,0.5802041209320239,0.585210860774119,量能水平;量能波动,2,False
SH688538,2.07,1.4153117,0.8678990949354901,0.6551126516464472,0.6510687463893703,0.17061428846524168,量能水平,1,False
SH688539,23.41,0.46956873,0.3046408626997882,0.3054111303678028,0.11842865395725015,0.3558636626227614,,0,True
SH688543,42.19,4.203731,0.8592335836703254,0.7614095898324668,0.2875024070864625,0.06239168110918544,量能水平,1,False
SH688545,68.700005,6.0387454,0.8147506258424803,0.8001155401502021,0.17176968996726363,0.3683805122279992,量能水平;量能波动,2,False
SH688548,30.72,8.237973,0.9056422106682072,0.7881763912959754,0.2784517619872906,0.30425572886578084,量能水平,1,False
SH688549,20.910002,12.725312,0.9824764105526671,0.8948584633160023,0.1677257847101868,0.11804352012324283,量能水平;量能波动,2,False
SH688550,35.72,0.97218746,0.6406701328711727,0.6791835162719045,0.2410937800885808,0.5064509917196226,,0,True
SH688551,36.879997,1.5729289,0.7105719237435009,0.7989601386481803,0.7727710379356827,0.8378586558829193,量能比,1,False
SH688552,28.980003,1.1048735,0.560947429231658,0.2549585981128442,0.06239168110918544,0.057577508184093976,,0,True
SH688553,12.85,1.2406424,0.8480647024841133,0.8929327941459657,0.5854034276911226,0.8752166377816292,量能水平;量能波动;量能比,3,False
SH688556,7.47,1.4009094,0.7702676680146351,0.5880993645291739,0.6470248411322935,0.2129790102060466,,0,True
SH688557,20.859999,0.2661646,0.23955324475255152,0.2695936838051223,0.01386481802426343,0.4284613903331408,,0,True
SH688558,32.8,0.3587012,0.277103793568265,0.27671865973425763,0.715000962834585,0.78105141536684,,0,True
SH688559,48.8,6.954995,0.9235509339495475,0.8546119776622376,0.8330444829578278,0.7785480454457924,量能水平;量能波动;量能动量,3,False
SH688560,12.78,0.31294465,0.5135759676487579,0.3768534565761602,0.567109570575775,0.6938186019641825,,0,True
SH688561,29.9,3.3944175,0.9963412285769305,0.9990371654149817,0.7396495282110533,0.8420951280569998,量能水平;量能波动;量能比,3,False
SH688562,14.260001,0.3850141,0.48603889851723475,0.43000192566917006,0.755054881571346,0.48141729250914694,,0,True
SH688563,50.090004,1.5301093,0.7616021567494704,0.707683419988446,0.788368958212979,0.47564028499903716,,0,True
SH688565,11.58,0.2232583,0.21471211245907953,0.14596572308877334,0.5634507991527056,0.6347005584440593,,0,True
SH688566,27.46,0.5132137,0.49971114962449453,0.5823223570190641,0.886578085884845,0.9406893895628731,量能动量;量能比,2,False
SH688567,9.200001,0.7876628,0.8393991912189486,0.9212401309455036,0.9154631234353938,0.7017138455613325,量能水平;量能波动;量能动量,3,False
SH688568,29.189999,2.6035106,0.8174465626805315,0.82842287694974,0.30155979202772965,0.3535528596187175,量能水平;量能波动,2,False
SH688571,8.110001,0.44576913,0.34392451376853456,0.5728865780858848,0.17485076063932217,0.779896013864818,,0,True
SH688573,17.08,0.5045102,0.6685923358367033,0.8137877912574619,0.9786250722125939,0.9907567879838244,量能波动;量能动量;量能比,3,False
SH688575,10.53,0.9369733,0.9258617369535914,0.7789331792797998,0.16368187945310997,0.6398998652031581,量能水平,1,False
SH688577,39.23,0.39332977,0.08492201039861352,0.08164837280955133,0.683997689196996,0.4417485076063932,,0,True
SH688578,111.58,6.449395,0.8270749085307144,0.8711727325245523,0.895628730984017,0.941844791064895,量能水平;量能波动;量能动量;量能比,4,False
SH688579,7.8399997,0.20980498,0.4908530714423262,0.4671673406508762,0.45965723088773347,0.7117273252455228,,0,True
SH688580,42.249996,0.46216908,0.6591565569035239,0.4937415751973811,0.21644521471211245,0.5503562487964567,,0,True
SH688581,56.39,0.53409797,0.5041401887155786,0.7346427883689582,0.46254573464278836,0.7845176198729058,,0,True
SH688582,35.920002,1.2791017,0.7182746004236472,0.5565183901405738,0.5374542653572116,0.47159637974196034,,0,True
SH688583,77.52999,1.9837404,0.6735990756787984,0.877527440785673,0.5628730984016946,0.6722511072597728,量能波动,1,False
SH688584,26.369999,2.604194,0.7941459657230888,0.8022337762372425,0.36183323704987486,0.7795108800308107,量能波动,1,False
SH688585,126.81,3.8441343,0.26786058155208936,0.23281340265742345,0.10398613518197573,0.23146543423839785,,0,True
SH688586,10.9,0.5300253,0.5574812247255921,0.4259580204120932,0.1032158675139611,0.3768534565761602,,0,True
SH688588,8.85,0.34995043,0.7044097823993838,0.23473907182746004,0.24128634700558443,0.12227999229732332,,0,True
SH688589,20.130001,0.52660567,0.6924706335451569,0.5089543616406701,0.414789139225881,0.6857307914500289,,0,True
SH688590,11.839999,0.6427609,0.6098594261505873,0.4673599075678798,0.05680724051607934,0.5430387059503178,,0,True
SH688591,30.5,1.3659581,0.7086462545734643,0.9116117850953206,0.1363373772385904,0.8873483535528596,量能波动;量能比,2,False
SH688593,30.89,3.8590355,0.8553822453302523,0.8590410167533218,0.8311188137877913,0.7521663778162911,量能水平;量能波动;量能动量,3,False
SH688595,29.82,0.7120737,0.6063932216445215,0.496052378201425,0.12536106296938185,0.6726362410937801,,0,True
SH688596,57.93,10.297973,0.9541690737531292,0.8033891777392644,0.5355285961871751,0.21702291546312344,量能水平;量能波动,2,False
SH688597,6.2000003,0.30135643,0.1956479876757173,0.2742152898132101,0.21240130945503563,0.4380897361833237,,0,True
SH688598,32.18,3.8223577,0.943000192566917,0.9680338917773926,0.5755825149239361,0.7748892740227229,量能水平;量能波动,2,False
SH688599,10.99,3.032999,0.9389562873098402,0.7806662815328327,0.7200077026766801,0.45888696321971884,量能水平,1,False
SH688600,34.91,2.256803,0.8193722318505681,0.7700751010976314,0.23897554400154053,0.2222222222222222,量能水平,1,False
SH688601,57.46,2.3253415,0.8673213941844791,0.7785480454457924,0.3791642595802041,0.33198536491430775,量能水平,1,False
SH688602,6.8,0.26151952,0.2896206431735028,0.22434045830926247,0.8888888888888888,0.7269401116888119,量能动量,1,False
SH688603,111.5,7.434211,0.8440207972270364,0.8804159445407279,0.5515116502984787,0.511265164644714,量能水平;量能波动,2,False
SH688605,79.909996,3.7412806,0.8985172347390719,0.8024263431542461,0.6836125553629886,0.2846139033314077,量能水平;量能波动,2,False
SH688607,35.55,0.42144927,0.5492008472944349,0.6909300982091277,0.8328519160408242,0.7531292124013095,量能动量,1,False
SH688608,109.61,5.3708825,0.9878682842287695,0.9865203158097439,0.019449258617369534,0.772000770267668,量能水平;量能波动,2,False
SH688609,8.82,1.476668,0.8114769882534181,0.8255343731946851,0.2886578085884845,0.4592720970537262,量能水平;量能波动,2,False
SH688610,144.79001,1.7954123,0.5006739842095128,0.3859041016753322,0.29462738301559793,0.5359137300211824,,0,True
SH688611,62.73,0.813597,0.11592528403620259,0.10610437126901598,0.4473329481994993,0.29462738301559793,,0,True
SH688612,32.94,2.13933,0.8584633160023109,0.7943385326400925,0.1998844598497978,0.14789139225880993,量能水平,1,False
SH688613,20.1,1.1493094,0.9630271519352975,0.9734257654534951,0.0966685923358367,0.8692470633545157,量能水平;量能波动;量能比,3,False
SH688615,83.21,3.4727087,0.8182168303485461,0.7902946273830156,0.013672251107259772,0.7321394184479106,量能水平,1,False
SH688617,248.24998,3.5279713,0.7577508184093973,0.6614673599075679,0.8838821490467937,0.7467745041401888,量能动量,1,False
SH688618,27.96,0.4869201,0.2821105334103601,0.4810321586751396,0.6281532832659349,0.561525129982669,,0,True
SH688619,13.53,0.5150574,0.6928557673791642,0.43847487001733104,0.7953013672251107,0.3106104371269016,,0,True
SH688620,16.150002,2.6955063,0.8266897746967071,0.6957442711342191,0.35297515886770653,0.689582129790102,量能水平,1,False
SH688621,71.0,2.0012243,0.8318890814558059,0.6287309840169459,0.046408626997881765,0.105526670518005,量能水平,1,False
SH688622,119.6,1.0096519,0.4975929135374543,0.5295590217600616,0.7194300019256692,0.7729636048526863,,0,True
SH688623,63.4,0.3677911,0.2530329289428076,0.6516464471403813,0.5917581359522434,0.9564798767571732,量能比,1,False
SH688625,66.58,4.7358813,0.698632774889274,0.6589639899865203,0.5295590217600616,0.7727710379356827,,0,True
SH688626,41.95,0.8516413,0.5397650683612555,0.6398998652031581,0.03986135181975736,0.8341998844598498,量能比,1,False
SH688627,422.80002,17.931723,0.8759869054496437,0.8116695551704217,0.53841709994223,0.2008472944348161,量能水平;量能波动,2,False
SH688628,85.99,6.0670214,0.9343346813017523,0.9761217022915463,0.41825534373194684,0.9657230887733488,量能水平;量能波动;量能比,3,False
SH688629,101.350006,14.611269,0.8628923550933949,0.7897169266320047,0.31985364914307723,0.5201232428268824,量能水平,1,False
SH688630,388.68,14.681429,0.723473907182746,0.5938763720392837,0.18005006739842094,0.30059695744271137,,0,True
SH688631,35.88,0.4173099,0.21567494704409781,0.4138263046408627,0.31831311380704796,0.7887540920469863,,0,True
SH688633,21.77,0.435317,0.37030618139803584,0.2493741575197381,0.4783362218370884,0.26651261313306374,,0,True
SH688635,251.5,4.862155,0.9922973233198537,0.9811284421336415,0.1638744463701136,0.3606778355478529,量能水平;量能波动,2,False
SH688636,19.46,1.1096296,0.7589062199114193,0.6466397072982861,0.23724244174850762,0.5070286924706335,,0,True
SH688639,19.11,0.958718,0.5310995570960909,0.7510109763142692,0.805314846909301,0.7710379356826497,量能动量,1,False
SH688646,71.25,1.6822518,0.6537646832274215,0.8201424995185828,0.22491815906027343,0.8419025611399962,量能波动;量能比,2,False
SH688648,28.539999,0.47543153,0.3489312536106297,0.4015020219526285,0.5986905449643751,0.4392451376853457,,0,True
SH688651,24.960001,0.61148053,0.5946466397072983,0.6025418833044482,0.693048334296168,0.7569805507413826,,0,True
SH688652,130.68,4.9298644,0.7976121702291546,0.6316194877720007,0.600423647217408,0.36414404005391876,,0,True
SH688653,14.279999,1.537119,0.8721355671095706,0.7997304063161949,0.5880993645291739,0.8010783747352205,量能水平;量能比,2,False
SH688655,71.9,8.8002405,0.893317927979973,0.6761024455998459,0.7431157327171192,0.5871365299441555,量能水平,1,False
SH688656,131.72,1.2923524,0.42749855574812246,0.6271904486809167,0.8166762950125168,0.878105141536684,量能动量;量能比,2,False
SH688657,33.38,0.31038025,0.22761409589832468,0.15751973810899286,0.7679568650105911,0.4517619872905835,,0,True
SH688658,14.04,1.6898706,0.9123820527633353,0.9616791835162719,0.8586558829193145,0.7571731176583862,量能水平;量能波动;量能动量,3,False
SH688659,9.1,0.2796088,0.3185056807240516,0.18563450799152706,0.7723859041016753,0.6474099749663008,,0,True
SH688660,9.04,3.2200947,0.9314461775466975,0.770845368765646,0.8307336799537839,0.11149624494511842,量能水平;量能动量,2,False
SH688661,92.52,3.7387636,0.454843057962642,0.389948006932409,0.4446370113614481,0.44983631812054686,,0,True
SH688662,110.5,11.949351,0.8898517234739072,0.9170036587714231,0.47159637974196034,0.9104563835932987,量能水平;量能波动;量能比,3,False
SH688663,56.98,1.2625331,0.18852301174658193,0.07202002695936838,0.5418833044482958,0.553052185634508,,0,True
SH688665,41.079998,0.2921623,0.1480839591758136,0.5230117465819373,0.7970344694781436,0.9788176391295975,量能比,1,False
SH688667,97.99,0.7775715,0.5800115540150202,0.5249374157519738,0.7082611207394569,0.7666088965915656,,0,True
SH688668,206.41,10.790532,0.6745619102638166,0.6208357404197958,0.42865395725014444,0.7134604274985558,,0,True
SH688669,60.5,1.5788914,0.5416907375312922,0.6358559599460812,0.07664163296745619,0.4371269015983054,,0,True
SH688670,18.730001,0.3820826,0.6639707298286155,0.5619102638166763,0.6683997689196995,0.6718659734257655,,0,True
SH688671,24.97,0.31188482,0.5314846909300982,0.506258424802619,0.3924513768534566,0.7365684575389948,,0,True
SH688676,61.53,6.075668,0.8124398228384364,0.6901598305411131,0.17138455613325632,0.14558058925476602,量能水平,1,False
SH688677,76.06,6.092308,0.8644328904294242,0.902368573079145,0.19352975158867705,0.3179279799730406,量能水平;量能波动,2,False
SH688678,31.150002,7.177122,0.9183516271904487,0.9447332948199499,0.4983631812054689,0.9039091084151742,量能水平;量能波动;量能比,3,False
SH688679,38.3,1.5717906,0.44771808203350666,0.53841709994223,0.1887155786635856,0.3466204506065858,,0,True
SH688680,38.81,0.5521152,0.9014057384941268,0.9503177354130561,0.16002310803004044,0.901790872328134,量能水平;量能波动;量能比,3,False
SH688681,15.490001,0.27961248,0.26651261313306374,0.26092817253995765,0.2493741575197381,0.4353937993452725,,0,True
SH688682,33.65,0.6838658,0.4821875601771616,0.9133448873483535,0.9884459849797804,0.9963412285769305,量能波动;量能动量;量能比,3,False
SH688683,29.39,0.37910515,0.0933949547467745,0.10725977277103793,0.4507991527055652,0.4536876564606201,,0,True
SH688685,41.11,1.4597468,0.5497785480454458,0.9027537069131523,0.9876757173117658,0.9614866165992683,量能波动;量能动量;量能比,3,False
SH688686,128.4,2.1716194,0.8151357596764875,0.7377238590410168,0.17639129597535144,0.1480839591758136,量能水平,1,False
SH688687,18.91,0.48440573,0.6088965915655691,0.7022915463123436,0.7619872905834778,0.9364529173887927,量能比,1,False
SH688689,37.79,2.1495943,0.7450414018871558,0.7594839206624302,0.07779703446947814,0.7737338725207009,,0,True
SH688690,44.98,5.0442863,0.9944155594068939,0.9715000962834585,0.715578663585596,0.567109570575775,量能水平;量能波动,2,False
SH688691,58.320004,1.7977939,0.700943577893318,0.6903523974581167,0.6050452532254958,0.7433082996341228,,0,True
SH688692,182.72,1.750948,0.6917003658771423,0.633737723859041,0.5006739842095128,0.6508761794723666,,0,True
SH688693,70.2,1.0145612,0.634315424610052,0.5907953013672251,0.44482957827845176,0.40188715578663586,,0,True
SH688695,19.859999,0.22356534,0.3626035047178895,0.2605430387059503,0.8361255536298864,0.5994608126323897,量能动量,1,False
SH688696,84.79,1.1122535,0.944155594068939,0.9707298286154439,0.7542846139033315,0.47910648950510304,量能水平;量能波动,2,False
SH688697,14.349999,0.9297789,0.4194107452339688,0.2867321394184479,0.4119006354708261,0.357789331792798,,0,True
SH688698,41.579998,1.3800659,0.40246485653764685,0.277103793568265,0.5339880608511458,0.23319853649143077,,0,True
SH688699,63.34,2.2283237,0.7783554785287887,0.5507413826304641,0.5532447525515116,0.8006932409012132,量能比,1,False
SH688700,60.36,8.209152,0.861736953591373,0.8646254573464279,0.6474099749663008,0.4030425572886578,量能水平;量能波动,2,False
SH688702,284.91,20.965433,0.9293279414596572,0.9110340843443097,0.8392066243019449,0.7200077026766801,量能水平;量能波动;量能动量,3,False
SH688707,10.78,0.5463123,0.83631812054689,0.9797804737146159,0.9826689774696707,0.8713652994415559,量能水平;量能波动;量能动量;量能比,4,False
SH688708,38.3,0.66372186,0.6183323704987483,0.5041401887155786,0.5607548623146543,0.19372231850568072,,0,True
SH688709,24.609999,0.89544135,0.4600423647217408,0.6112073945696129,0.7698825341806278,0.8272674754477181,量能比,1,False
SH688710,105.2,3.2019138,0.5665318698247641,0.7294434816098594,0.9131523204313499,0.8983246678220682,量能动量;量能比,2,False
SH688711,25.49,2.5911899,0.9060273445022146,0.9437704602349316,0.3152320431349894,0.6529944155594068,量能水平;量能波动,2,False
SH688712,30.92,0.4924366,0.5020219526285384,0.5932986712882726,0.41151550163681877,0.667051800500674,,0,True
SH688716,25.52,0.36170596,0.2670903138840747,0.42807625649913345,0.023108030040439053,0.5952243404583093,,0,True
SH688717,41.140003,2.1244879,0.9299056422106682,0.8105141536683997,0.5680724051607934,0.742152898132101,量能水平;量能波动,2,False
SH688718,14.669999,0.24956688,0.44579241286347004,0.602156749470441,0.045060658578856154,0.7001733102253033,,0,True
SH688719,55.999996,2.7927945,0.8278451761987291,0.8638551896784132,0.7504332755632582,0.747737338725207,量能水平;量能波动,2,False
SH688720,62.030003,2.324538,0.7363758906219912,0.5260928172539958,0.6112073945696129,0.6023493163874446,,0,True
SH688721,37.91,1.0926267,0.5703832081648372,0.5817446562680532,0.49855574812247255,0.6192952050837666,,0,True
SH688722,14.559999,0.31789377,0.2008472944348161,0.22453302522626611,0.8299634122857693,0.6620450606585788,量能动量,1,False
SH688726,44.52,2.498907,0.917581359522434,0.9790102060466012,0.38917773926439436,0.8569227806662816,量能水平;量能波动;量能比,3,False
SH688727,43.45,1.319222,0.7604467552474485,0.594261505873291,0.38975544001540535,0.35413056036972845,,0,True
SH688728,13.95,2.8377113,0.9749663007895244,0.909686115925284,0.25168496052378203,0.4868091661852494,量能水平;量能波动,2,False
SH688729,21.949999,6.814197,0.9732331985364915,0.8661659926824572,0.4964375120354323,0.43212016175621026,量能水平;量能波动,2,False
SH688733,27.599998,1.2736,0.8613518197573656,0.855574812247256,0.6408626997881763,0.7419603312150973,量能水平;量能波动,2,False
SH688737,16.76,0.22234364,0.39899865203158097,0.18467167340650875,0.8913922588099364,0.8467167340650876,量能动量;量能比,2,False
SH688739,21.02,0.31399685,0.6198729058347776,0.733102253032929,0.7608318890814558,0.7334873868669363,,0,True
SH688750,13.79,0.28537178,0.39148854226843827,0.45041401887155785,0.31580974388600036,0.36683997689196995,,0,True
SH688755,30.24,0.7254551,0.5382245330252262,0.747159637974196,0.18717504332755633,0.9612940496822646,量能比,1,False
SH688757,27.5,2.7515156,0.8403620258039669,0.8940881956479877,0.7762372424417485,0.8486424032351242,量能水平;量能波动;量能比,3,False
SH688758,30.13,3.2428226,0.8191796649335644,0.8503755054881571,0.8804159445407279,0.8268823416137108,量能水平;量能波动;量能动量;量能比,4,False
SH688759,21.69,0.8581796,0.6472174080492972,0.502792220296553,0.45522819179664936,0.6720585403427691,,0,True
SH688765,39.84,1.4107434,0.8989023685730791,0.9876757173117658,0.6554977854804545,0.9458886963219719,量能水平;量能波动;量能比,3,False
SH688766,356.64,33.15069,0.9884459849797804,0.8946658963989986,0.2106682072020027,0.46139033314076644,量能水平;量能波动,2,False
SH688767,40.2,0.90674174,0.5896398998652032,0.6630078952435972,0.17311765838628923,0.8336221837088388,量能比,1,False
SH688768,52.3,0.3999486,0.2133641440400539,0.6949740034662045,0.7779703446947814,0.9584055459272097,量能比,1,False
SH688772,14.339999,2.7922745,0.966685923358367,0.9691892932794146,0.6102445599845946,0.7146158290005777,量能水平;量能波动,2,False
SH688775,90.18,3.7568462,0.9741960331215097,0.9630271519352975,0.2979010206046601,0.7506258424802619,量能水平;量能波动,2,False
SH688776,47.399998,0.99281067,0.7908723281340265,0.9818987098016561,0.9601386481802426,0.9911419218178317,量能波动;量能动量;量能比,3,False
SH688777,80.049995,8.873042,0.9795879067976122,0.9456961294049683,0.2905834777585211,0.5459272097053726,量能水平;量能波动,2,False
SH688778,43.870003,2.6108046,0.92894280762565,0.9749663007895244,0.9262468707875987,0.7080685538224533,量能水平;量能波动;量能动量,3,False
SH688779,7.45,1.2258227,0.9129597535143462,0.8698247641055267,0.6789909493549008,0.7839399191218949,量能水平;量能波动,2,False
SH688781,40.21,1.6904107,0.7625649913344887,0.9349123820527633,0.04005391873676102,0.943000192566917,量能波动;量能比,2,False
SH688783,26.92,5.8035474,0.9553244752551512,0.9844020797227037,0.29308684767956866,0.8392066243019449,量能水平;量能波动;量能比,3,False
SH688785,346.48,2.534195,0.8727132678605816,0.8068553822453303,0.042172154823801274,0.41440400539187366,量能水平;量能波动,2,False
SH688786,26.12,1.0286272,0.6768727132678606,0.4352012324282688,0.5189678413248604,0.4259580204120932,,0,True
SH688787,85.02,1.4411018,0.7273252455228192,0.641632967456191,0.5829000577700751,0.49104563835932985,,0,True
SH688788,27.61,0.74689215,0.7750818409397265,0.8251492393606779,0.9547467745041401,0.6537646832274215,量能波动;量能动量,2,False
SH688789,50.0,1.0977464,0.7644906605045253,0.8734835355285961,0.8644328904294242,0.9327941459657231,量能波动;量能动量;量能比,3,False
SH688790,97.119995,2.0446231,0.9366454843057963,0.927787406123628,0.04698632774889274,0.6165992682457154,量能水平;量能波动,2,False
SH688793,18.32,0.28608793,0.7818216830348547,0.8840747159637974,0.8769497400346621,0.8979395339880608,量能波动;量能动量;量能比,3,False
SH688795,393.94,25.016155,0.9998074330829964,0.9963412285769305,0.11072597727710379,0.2316580011554015,量能水平;量能波动,2,False
SH688796,126.77,3.645138,0.7781629116117851,0.7508184093972655,0.7712305025996534,0.5434238397843251,,0,True
SH688797,241.6,8.258526,0.9971114962449451,0.97631426920855,0.38937030618139806,0.1998844598497978,量能水平;量能波动,2,False
SH688798,53.780003,2.1043172,0.9728480647024841,0.9287502407086462,0.028885037550548817,0.16791835162719046,量能水平;量能波动,2,False
SH688799,57.21,1.4401345,0.5692278066628154,0.41209320238782976,0.4927787406123628,0.7448488349701521,,0,True
SH688800,56.180004,6.9065948,0.9233583670325438,0.9364529173887927,0.5767379164259581,0.6433660697092239,量能水平;量能波动,2,False
SH688802,497.08,18.814924,0.9992297323319853,0.9959560947429231,0.18178316965145389,0.4348160985942615,量能水平;量能波动,2,False
SH688805,38.83,0.41139945,0.3853264009243212,0.45156942037357983,0.528788754092047,0.5690352397458117,,0,True
SH688807,300.21,6.3978324,0.9378008858078182,0.9112266512613133,0.16233391103408434,0.3269786250722126,量能水平;量能波动,2,False
SH688808,1546.63,21.170063,0.9755440015405353,0.9478143654920085,0.8596187175043327,0.3964952821105334,量能水平;量能波动;量能动量,3,False
SH688809,488.64,7.8490825,0.9133448873483535,0.8361255536298864,0.3446947814365492,0.13556710957057577,量能水平;量能波动,2,False
SH688811,18.67,0.9092483,0.4891199691892933,0.3643366069709224,0.45272482187560176,0.38571153475832853,,0,True
SH688813,128.09001,7.9664617,0.8771423069516657,0.9100712497592913,0.4685153090699018,0.5416907375312922,量能水平;量能波动,2,False
SH688818,39.46,1.997121,0.8892740227228962,0.835162719044868,0.5168496052378202,0.6345079915270556,量能水平;量能波动,2,False
SH688819,20.779999,0.3435073,0.5490082803774312,0.3716541498170614,0.6595416907375313,0.6799537839399191,,0,True
SH688820,115.78,14.094556,0.9828615443866744,0.8823416137107645,0.2041209320238783,0.12016175621028308,量能水平;量能波动,2,False
SH688981,111.99,33.24306,0.9982668977469671,0.9992297323319853,0.8667436934334681,0.5499711149624494,量能水平;量能波动;量能动量,3,False
SZ000001,11.57,9.870143,0.8359329867128827,0.7598690544964375,0.8698247641055267,0.7259772771037936,量能水平;量能动量,2,False
SZ000002,4.26,14.893945,0.7860581552089351,0.9562873098401694,0.9135374542653573,0.9869054496437512,量能波动;量能动量;量能比,3,False
SZ000006,7.5099998,1.609908,0.09897939533988061,0.4519545542075871,0.9528211053341036,0.9688041594454073,量能动量;量能比,2,False
SZ000007,10.96,0.9068887,0.14846909300982092,0.11226651261313306,0.7049874831503947,0.3406508761794724,,0,True
SZ000008,2.3999999,0.5830572,0.5892547660311959,0.5730791450028885,0.33429616791835165,0.5378393991912189,,0,True
SZ000009,6.93,0.89464265,0.04082418640477566,0.062199114192181784,0.5844405931061044,0.7159637974196034,,0,True
SZ000010,1.44,0.3070335,0.20392836510687465,0.2326208357404198,0.7032543808973618,0.13364144040053919,,0,True
SZ000011,12.240001,2.5474188,0.5168496052378202,0.902946273830156,0.993260157904872,0.9177739264394377,量能波动;量能动量;量能比,3,False
SZ000012,3.69,0.77115786,0.03427691122665126,0.10417870209897939,0.4558058925476603,0.5528596187175043,,0,True
SZ000014,11.24,0.9705275,0.04525322549585981,0.48892740227228965,0.9863277488927402,0.976891969959561,量能动量;量能比,2,False
SZ000017,7.4000006,5.2838674,0.8567302137492778,0.8259195070286924,0.06470248411322935,0.1798575004814173,量能水平;量能波动,2,False
SZ000019,7.01,2.524218,0.5848257269401117,0.45233968804159447,0.7735413056036973,0.05295590217600616,,0,True
SZ000020,14.280001,1.8933117,0.5389948006932409,0.8911996918929328,0.9160408241864048,0.9306759098786829,量能波动;量能动量;量能比,3,False
SZ000021,32.829998,22.869902,0.9595609474292317,0.8469093009820913,0.2087425380319661,0.22357019064124783,量能水平;量能波动,2,False
SZ000025,15.21,1.0960187,0.16098594261505872,0.3356441363373772,0.9370306181398036,0.49720777970344693,量能动量,1,False
SZ000026,18.86,1.54372,0.1088003081070672,0.06085114577315617,0.3023300596957443,0.12670903138840747,,0,True
SZ000027,6.2799997,1.2938002,0.14230695166570384,0.052185634507991525,0.7080685538224533,0.2948199499326016,,0,True
SZ000028,19.66,0.37257227,0.0021182360870402464,0.0009628345850182939,0.6703254380897362,0.6891969959560947,,0,True
SZ000029,22.71,1.2783202,0.0803004043905257,0.20392836510687465,0.5505488157134605,0.8815713460427499,量能比,1,False
SZ000030,3.9299998,0.34096035,0.05025996533795494,0.012901983439245137,0.673791642595802,0.44810321586751395,,0,True
SZ000031,2.46,1.3886108,0.3803196610822261,0.650683612555363,0.9098786828422877,0.9168110918544194,量能动量;量能比,2,False
SZ000032,13.09,3.6447363,0.7329096861159253,0.5740419795879068,0.4873868669362604,0.5085692278066628,,0,True
SZ000034,23.21,4.054536,0.47005584440593107,0.7450414018871558,0.5077989601386482,0.9100712497592913,量能比,1,False
SZ000035,4.7400002,1.4282188,0.7752744078567302,0.6044675524744849,0.19314461775466973,0.29924898902368574,,0,True
SZ000036,4.08,1.3421425,0.1606008087810514,0.7030618139803582,0.9874831503947622,0.9743886000385134,量能动量;量能比,2,False
SZ000037,9.150001,1.705028,0.40978239938378586,0.5407279029462738,0.8540342769112267,0.3610629693818602,量能动量,1,False
SZ000039,8.6,2.3562412,0.113999614866166,0.12208742538031966,0.11881378779125747,0.19179664933564414,,0,True
SZ000042,8.46,0.44531557,0.10071249759291354,0.3464278836895821,0.9530136722511072,0.9171962256884267,量能动量;量能比,2,False
SZ000045,11.13,0.46381897,0.08376660889659157,0.24975929135374542,0.6728288080107837,0.7818216830348547,,0,True
SZ000048,18.0,3.4841223,0.8160985942615059,0.8186019641825535,0.015983054111303678,0.17427305988831118,量能水平;量能波动,2,False
SZ000049,22.399998,0.9776283,0.017908723281340265,0.033699210475640284,0.8137877912574619,0.6052378201424995,量能动量,1,False
SZ000050,6.31,1.2391919,0.3608704024648565,0.3961101482765261,0.5033699210475641,0.674369343346813,,0,True
SZ000055,3.8600001,0.60572684,0.23377623724244176,0.4105526670518005,0.5257076834199884,0.8070479491623339,量能比,1,False
SZ000056,2.6999998,0.9437808,0.5362988638551897,0.46581937223185055,0.25630656653186984,0.18736761024455997,,0,True
SZ000058,7.28,0.6743582,0.60157904871943,0.805314846909301,0.902946273830156,0.9239360677835547,量能波动;量能动量;量能比,3,False
SZ000059,5.55,3.231562,0.7215482380127094,0.41594454072790293,0.20065472751781244,0.08665511265164645,,0,True
SZ000060,5.84,5.142105,0.27902946273830154,0.37473522048911995,0.16021567494704408,0.20200269593683806,,0,True
SZ000061,6.0299997,1.6186346,0.2851916040824186,0.18293857115347584,0.8303485461197766,0.07413826304640862,量能动量,1,False
SZ000062,21.32,4.8040576,0.7321394184479106,0.56210283073368,0.08280377431157328,0.09532062391681109,,0,True
SZ000063,30.58,18.774412,0.6849605237820142,0.7577508184093973,0.15617176968996727,0.5515116502984787,,0,True
SZ000065,9.7300005,1.5459632,0.07067205854034277,0.18024263431542462,0.5894473329481995,0.6876564606200655,,0,True
SZ000066,14.1,15.751617,0.9439630271519353,0.99210475640285,0.0030810706720585403,0.9094935490082804,量能水平;量能波动;量能比,3,False
SZ000068,3.41,0.5736138,0.381475062584248,0.9014057384941268,0.9913344887348353,0.9597535143462353,量能波动;量能动量;量能比,3,False
SZ000069,1.97,1.5350318,0.14365492008472944,0.5199306759098787,0.9553244752551512,0.959368380512228,量能动量;量能比,2,False
SZ000070,16.3,14.846679,0.97631426920855,0.9295205083766609,0.07548623146543423,0.28153283265934914,量能水平;量能波动,2,False
SZ000078,1.49,1.0065644,0.6541498170614288,0.6150587329096862,0.5898324667822068,0.19526285384171,,0,True
SZ000088,4.6599994,1.4121289,0.1563643366069709,0.17600616214134412,0.8253418062776815,0.21220874253803196,量能动量,1,False
SZ000089,6.69,0.84363633,0.24975929135374542,0.3046408626997882,0.860581552089351,0.6943963027151935,量能动量,1,False
SZ000090,3.64,0.8380774,0.24667822068168688,0.7072982861544387,0.9799730406316195,0.9387637203928365,量能动量;量能比,2,False
SZ000096,7.99,0.39609176,0.07490853071442326,0.021374927787406125,0.5979202772963604,0.1195840554592721,,0,True
SZ000099,12.67,0.74349266,0.14038128249566725,0.08819564798767572,0.43616406701328714,0.4494511842865396,,0,True
SZ000100,4.79,17.329447,0.975736568457539,0.9462738301559792,0.227421528981321,0.38186019641825536,量能水平;量能波动,2,False
SZ000151,10.059999,0.83332133,0.3446947814365492,0.5424610051993067,0.7282880801078375,0.8282303100327364,量能比,1,False
SZ000153,6.1099997,0.6465134,0.25861736953591374,0.20585403427691124,0.4352012324282688,0.40419795879067977,,0,True
SZ000155,10.88,2.3515575,0.5886770652801848,0.4423262083574042,0.6279607163489312,0.26940111688811863,,0,True
SZ000156,6.9799995,0.7403043,0.7646832274215289,0.7600616214134411,0.022530329289428077,0.723473907182746,,0,True
SZ000157,5.9700003,2.3279583,0.011746581937223185,0.04313498940881957,0.9227806662815329,0.8353552859618717,量能动量;量能比,2,False
SZ000158,12.17,4.603865,0.6352782591950703,0.5622953976506836,0.039283651068746386,0.046408626997881765,,0,True
SZ000159,5.4500003,0.47947124,0.33410360100134795,0.3394954746774504,0.5453495089543616,0.7084536876564607,,0,True
SZ000166,4.38,2.6328433,0.9766994030425573,0.9125746196803389,0.4908530714423262,0.38860003851338343,量能水平;量能波动,2,False
SZ000301,12.89,3.8521974,0.7242441748507606,0.6256499133448874,0.5183901405738495,0.1270941652224148,,0,True
SZ000333,80.1,20.256386,0.7554400154053533,0.8484498363181205,0.7714230695166571,0.6874638937030618,量能波动,1,False
SZ000338,25.1,21.371193,0.819949932601579,0.8180242634315424,0.6605045253225496,0.5035624879645677,量能水平;量能波动,2,False
SZ000400,21.61,2.4255362,0.3506643558636626,0.6757173117658386,0.9510880030810707,0.8594261505873291,量能动量;量能比,2,False
SZ000401,3.6599998,0.3729027,0.1251684960523782,0.3660697092239553,0.877527440785673,0.8675139611014827,量能动量;量能比,2,False
SZ000402,2.7400002,1.9345707,0.25746196803389176,0.6164067013287118,0.7837473522048912,0.9231658001155402,量能比,1,False
SZ000403,10.06,0.54872084,0.042172154823801274,0.08010783747352204,0.6476025418833045,0.770845368765646,,0,True
SZ000404,6.8399997,0.3896416,0.055074138263046406,0.05719237435008666,0.6466397072982861,0.3666474099749663,,0,True
SZ000407,4.25,0.6390296,0.20065472751781244,0.12266512613133064,0.6601193914885423,0.43500866551126516,,0,True
SZ000408,70.66,6.8458514,0.11996918929327942,0.02330059695744271,0.6241093780088581,0.29077604467552476,,0,True
SZ000409,8.610001,0.5479111,0.4517619872905835,0.27999229732331987,0.5751973810899288,0.11515501636818795,,0,True
SZ000410,5.11,1.2428962,0.43443096476025417,0.308684767956865,0.08646254573464279,0.23300596957442712,,0,True
SZ000411,10.0199995,0.4120578,0.016175621028307337,0.37666088965915656,0.8472944348160986,0.957635278259195,量能动量;量能比,2,False
SZ000415,4.1299996,2.6602664,0.6995956094742923,0.5503562487964567,0.08010783747352204,0.21143847487001732,,0,True
SZ000417,5.64,2.916558,0.2434045830926247,0.28653957250144424,0.4844983631812055,0.05584440593106104,,0,True
SZ000419,5.1,0.33891907,0.04660119391488542,0.021182360870402466,0.6420181012901983,0.16040824186404776,,0,True
SZ000420,3.44,1.626665,0.5902176006162141,0.6212208742538032,0.7931831311380705,0.2973233198536491,,0,True
SZ000421,5.74,0.45708635,0.12728673213941843,0.1009050645099172,0.3069516657038321,0.15944540727902945,,0,True
SZ000422,11.5199995,2.2367783,0.20720200269593683,0.17947236664740998,0.0439052570768342,0.06508761794723666,,0,True
SZ000423,45.95,2.1545959,0.013094550356248796,0.022722896206431736,0.7517812439822839,0.600423647217408,,0,True
SZ000425,7.2000003,8.924213,0.39668784902753707,0.2405160793375698,0.6360485268630849,0.431735027922203,,0,True
SZ000426,31.5,16.381691,0.4140188715578664,0.4846909300982091,0.3443096476025419,0.28885037550548814,,0,True
SZ000428,3.83,3.3840542,0.6683997689196995,0.5224340458309262,0.10937800885807818,0.033506643558636626,,0,True
SZ000429,12.459999,0.98231435,0.04467552474484884,0.006162141344117081,0.6250722125938764,0.10263816676295012,,0,True
SZ000430,6.66,2.0995865,0.6551126516464472,0.454265357211631,0.24879645676872714,0.006739842095128057,,0,True
SZ000488,2.13,0.32251272,0.20566146735990756,0.35605622953976507,0.7856730213749278,0.25110725977277104,,0,True
SZ000498,5.87,1.0754486,0.39553244752551514,0.895628730984017,0.9928750240708646,0.9971114962449451,量能波动;量能动量;量能比,3,False
SZ000501,7.14,0.84718174,0.12112459079530137,0.014442518775274409,0.350471788946659,0.023878297708453688,,0,True
SZ000503,7.69,1.3542408,0.4467552474484883,0.9318313113807047,0.983631812054689,0.9903716541498171,量能波动;量能动量;量能比,3,False
SZ000504,12.42,3.0002048,0.6285384170999422,0.9645676872713268,0.9984594646639707,0.9998074330829964,量能波动;量能动量;量能比,3,False
SZ000505,6.2799997,3.889264,0.8694396302715194,0.587521663778163,0.5948392066243019,0.02060466011939149,量能水平,1,False
SZ000506,16.71,9.635996,0.7852878875409205,0.5020219526285384,0.4398228384363566,0.14846909300982092,,0,True
SZ000507,4.94,0.45840028,0.0658578856152513,0.10186789909493549,0.27440785673021373,0.16021567494704408,,0,True
SZ000509,3.39,1.3247327,0.7190448680916619,0.8625072212593876,0.015020219526285385,0.819949932601579,量能波动;量能比,2,False
SZ000510,16.85,7.167849,0.5332177931831311,0.6042749855574813,0.13768534565761603,0.39899865203158097,,0,True
SZ000513,32.899998,3.385098,0.04005391873676102,0.6512613133063739,0.9982668977469671,0.9984594646639707,量能动量;量能比,2,False
SZ000514,4.6,0.6299948,0.4621606008087811,0.7912574619680339,0.9566724436741768,0.8480647024841133,量能动量;量能比,2,False
SZ000516,4.37,0.901842,0.03870595031773541,0.09532062391681109,0.8467167340650876,0.4290390910841517,量能动量,1,False
SZ000517,2.07,0.7883224,0.30945503562487964,0.3631812054689004,0.8717504332755632,0.8359329867128827,量能动量;量能比,2,False
SZ000518,3.5900002,1.1480007,0.15309069901790873,0.1904486809166185,0.12863470055844406,0.20604660119391488,,0,True
SZ000519,14.299999,10.790058,0.8492201039861352,0.6620450606585788,0.2297323319853649,0.02368573079145003,量能水平,1,False
SZ000520,4.0,2.1078708,0.7157712305025996,0.39091084151742733,0.10302330059695744,0.0034662045060658577,,0,True
SZ000521,4.35,0.39537764,0.10706720585403427,0.06181398035817447,0.7450414018871558,0.13710764490660504,,0,True
SZ000523,3.3,6.3461466,0.9451184286539572,0.8274600423647217,0.7132678605815521,0.16541498170614288,量能水平;量能波动,2,False
SZ000524,8.76,0.8999461,0.23185056807240517,0.1359522434045831,0.14789139225880993,0.06431735027922203,,0,True
SZ000525,4.4399996,1.0491831,0.5426535721163104,0.4067013287117273,0.13556710957057577,0.07760446755247448,,0,True
SZ000526,35.82,0.916555,0.04583092624687079,0.10687463893703061,0.6121702291546313,0.42422491815906027,,0,True
SZ000528,7.52,2.2686481,0.0724051607933757,0.0415944540727903,0.8318890814558059,0.20720200269593683,量能动量,1,False
SZ000529,5.0400004,0.2783444,0.15020219526285383,0.039668784902753704,0.5114577315617177,0.06528018486424032,,0,True
SZ000530,5.15,0.9400568,0.17253995763527827,0.1611785095320624,0.31638744463701135,0.17080685538224533,,0,True
SZ000531,5.55,0.42637187,0.023878297708453688,0.02657423454650491,0.4404005391873676,0.10937800885807818,,0,True
SZ000532,12.26,2.9343162,0.3860966685923358,0.7317542846139033,0.010591180435201233,0.8965915655690352,量能比,1,False
SZ000533,9.92,5.302773,0.8355478528788755,0.7612170229154631,0.2578471018678991,0.04737146158290006,量能水平,1,False
SZ000534,21.630001,3.5543294,0.3023300596957443,0.39996148661659925,0.32717119198921624,0.4244174850760639,,0,True
SZ000536,3.3400002,2.5845513,0.6913152320431349,0.6917003658771423,0.025803966878490275,0.3429616791835163,,0,True
SZ000537,7.38,1.3846604,0.5984979780473715,0.49682264586943964,0.6712882726747544,0.12439822838436357,,0,True
SZ000538,50.44,3.5653737,0.003273637589062199,0.006354708261120739,0.6666666666666666,0.6135181975736569,,0,True
SZ000539,5.09,2.6154454,0.6075486231465435,0.5796264201810128,0.7995378393991912,0.33371846716734066,,0,True
SZ000541,4.89,0.22637638,0.0009628345850182939,0.007317542846139034,0.5678798382437897,0.463316002310803,,0,True
SZ000543,7.15,1.428951,0.15540150202195263,0.2129790102060466,0.7531292124013095,0.5755825149239361,,0,True
SZ000545,2.21,1.3163905,0.5904101675332178,0.2875024070864625,0.6142884652416715,0.029655305218563452,,0,True
SZ000546,4.33,0.4351164,0.2830733679953784,0.2097053726169844,0.2414789139225881,0.5526670518005007,,0,True
SZ000547,13.679999,8.166713,0.6832274215289813,0.8694396302715194,0.6437512035432312,0.8043520123242827,量能波动;量能比,2,False
SZ000548,4.64,0.2371941,0.10051993067590988,0.05180050067398421,0.48642403235124204,0.23993837858655884,,0,True
SZ000550,16.5,0.744759,0.0030810706720585403,0.014635085692278067,0.9324090121317158,0.7564028499903717,量能动量,1,False
SZ000551,11.66,1.1718688,0.1904486809166185,0.29116117850953205,0.44117080685538224,0.3312150972462931,,0,True
SZ000552,2.5,1.9003558,0.5838628923550934,0.1821683034854612,0.5153090699017908,0.17504332755632582,,0,True
SZ000553,5.48,0.48557845,0.19930675909878684,0.1326786058155209,0.5599845946466397,0.09185441941074524,,0,True
SZ000554,6.19,1.2250607,0.22395532447525515,0.19680338917773926,0.39726554977854805,0.03678028114769882,,0,True
SZ000555,10.070001,1.7957876,0.4696707105719237,0.8721355671095706,0.8505680724051607,0.9790102060466012,量能波动;量能动量;量能比,3,False
SZ000557,3.6399999,0.27407247,0.23204313498940882,0.3367995378393992,0.4642788368958213,0.5728865780858848,,0,True
SZ000558,3.5200002,1.3439109,0.35201232428268825,0.14326978625072212,0.3947621798575005,0.07933756980550741,,0,True
SZ000559,10.869999,5.176992,0.1228576930483343,0.22530329289428075,0.3289042942422492,0.8492201039861352,量能比,1,False
SZ000560,3.7,17.62042,0.9818987098016561,0.9863277488927402,0.942422491815906,0.853841709994223,量能水平;量能波动;量能动量;量能比,4,False
SZ000561,7.54,0.85489166,0.33988060851145774,0.22588099364529174,0.08626997881763913,0.2004621606008088,,0,True
SZ000563,2.9099998,1.0976412,0.3213941844791065,0.219526285384171,0.6583862892355093,0.42576545349508954,,0,True
SZ000564,1.47,6.334071,0.9786250722125939,0.8062776814943192,0.6048526863084922,0.01694588869632197,量能水平;量能波动,2,False
SZ000565,6.34,1.4872609,0.3310225303292894,0.23127286732139418,0.13210090506450992,0.04101675332177932,,0,True
SZ000566,4.62,2.8890398,0.40631619487772,0.43597150009628344,0.1172732524552282,0.6572308877334874,,0,True
SZ000567,5.8799996,1.5939456,0.11746581937223186,0.025418833044482957,0.3396880415944541,0.07779703446947814,,0,True
SZ000568,72.28,6.354601,0.02330059695744271,0.13441170806855382,0.9116117850953206,0.7664163296745619,量能动量,1,False
SZ000570,5.28,0.41489956,0.20161756210283074,0.1621413441170807,0.5709609089158483,0.5008665511265165,,0,True
SZ000571,6.4700003,1.2860563,0.5002888503755055,0.5690352397458117,0.06836125553629886,0.5984979780473715,,0,True
SZ000572,4.0299997,4.2837825,0.8765646062006547,0.8420951280569998,0.8811862122087425,0.8567302137492778,量能水平;量能波动;量能动量;量能比,4,False
SZ000573,3.8999999,0.46095696,0.18370883882149047,0.2451376853456576,0.8419025611399962,0.81263238975544,量能动量;量能比,2,False
SZ000576,8.3,1.3950225,0.3391103408434431,0.02349316387444637,0.26786058155208936,0.00924321201617562,,0,True
SZ000581,18.210001,0.90824586,0.00462160600808781,0.013287117273252455,0.8413248603889851,0.5748122472559214,量能动量,1,False
SZ000582,8.97,6.241294,0.8444059310610437,0.8193722318505681,0.340265742345465,0.1956479876757173,量能水平;量能波动,2,False
SZ000586,12.509999,1.3859239,0.4902753706913152,0.3860966685923358,0.43154246100519933,0.10417870209897939,,0,True
SZ000589,4.2,0.77123654,0.17138455613325632,0.07124975929135374,0.35663393029077606,0.18717504332755633,,0,True
SZ000590,9.1,0.2554688,0.06142884652416715,0.17080685538224533,0.8340073175428462,0.7188523011746581,量能动量,1,False
SZ000591,4.17,1.7517834,0.34777585210860773,0.3895628730984017,0.3941844791064895,0.24956672443674177,,0,True
SZ000592,8.53,29.53058,0.9607163489312536,0.9628345850182939,0.8193722318505681,0.7359907567879839,量能水平;量能波动;量能动量,3,False
SZ000593,20.109999,3.0086133,0.4213364144040054,0.7105719237435009,0.2736375890621991,0.908530714423262,量能比,1,False
SZ000595,5.51,1.3691844,0.39379934527248217,0.7013287117273252,0.05873290968611593,0.7735413056036973,,0,True
SZ000596,93.549995,3.3525956,0.037935682649720776,0.1451954554207587,0.9614866165992683,0.6922780666281533,量能动量,1,False
SZ000597,4.7599998,0.5242262,0.07875986905449643,0.09609089158482573,0.6811091854419411,0.47063354515694206,,0,True
SZ000598,7.0600004,1.0180665,0.030810706720585404,0.013672251107259772,0.689582129790102,0.23647217408049298,,0,True
SZ000599,4.4700003,0.42696705,0.12478336221837089,0.028885037550548817,0.7768149431927595,0.5771230502599654,,0,True
SZ000600,7.1700006,1.2063606,0.3287117273252455,0.37993452724821875,0.8719430001925669,0.3554785287887541,量能动量,1,False
SZ000601,6.0499997,2.1233687,0.45734642788368957,0.4850760639322165,0.5436164067013287,0.17157712305025996,,0,True
SZ000603,30.9,11.736243,0.6876564606200655,0.5216637781629117,0.3385326400924321,0.17022915463123436,,0,True
SZ000605,6.04,0.21334474,0.05314846909300982,0.03004043905257077,0.537261698440208,0.496052378201425,,0,True
SZ000607,3.9600003,1.7622062,0.560369728480647,0.7849027537069132,0.9849797804737146,0.9924898902368573,量能动量;量能比,2,False
SZ000608,7.05,1.7910149,0.463316002310803,0.3922588099364529,0.3223570190641248,0.2811476988253418,,0,True
SZ000609,9.37,0.44563955,0.07221259387637204,0.19218178316965145,0.5459272097053726,0.4652416714808396,,0,True
SZ000610,7.5000005,1.0862255,0.4357789331792798,0.5900250336992104,0.04294242249181591,0.2493741575197381,,0,True
SZ000612,10.440001,4.488375,0.37935682649720776,0.3423839784325053,0.5896398998652032,0.4698632774889274,,0,True
SZ000617,6.56,5.384942,0.5865588291931446,0.3310225303292894,0.30656653186982474,0.08087810514153669,,0,True
SZ000619,5.2,0.3077551,0.06393221644521471,0.1130367802811477,0.10783747352204891,0.4409782399383786,,0,True
SZ000620,3.0600002,9.647751,0.9978817639129598,0.9980743308299634,0.09647602541883304,0.5010591180435201,量能水平;量能波动,2,False
SZ000623,17.41,1.5452261,0.032351242056614674,0.03620258039668785,0.5636433660697092,0.20065472751781244,,0,True
SZ000625,7.1099997,3.2835155,0.05430387059503177,0.1615636433660697,0.9414596572308878,0.7775852108607741,量能动量,1,False
SZ000626,8.74,1.9982826,0.4650491045638359,0.37011361448103214,0.5490082803774312,0.10129019834392451,,0,True
SZ000628,54.09,6.3953767,0.5663393029077605,0.34719815135759674,0.5582514923936068,0.08357404197958791,,0,True
SZ000629,2.83,1.947677,0.4398228384363566,0.32062391681109187,0.6570383208164837,0.5274407856730213,,0,True
SZ000630,5.7799997,12.002126,0.5830926246870788,0.6187175043327556,0.09243212016175621,0.28134026574234544,,0,True
SZ000631,3.0400002,0.37112448,0.04737146158290006,0.12420566146735991,0.27074908530714425,0.8031966108222607,量能比,1,False
SZ000632,3.8,0.5527443,0.20103986135181975,0.16233391103408434,0.03581744656268053,0.38417099942229926,,0,True
SZ000633,5.29,0.3860067,0.6649335644136337,0.6397072982861545,0.38551896784132483,0.5193529751588677,,0,True
SZ000635,7.5800004,1.4045373,0.5095320623916811,0.2611207394569613,0.7565954169073753,0.0747159637974196,,0,True
SZ000636,49.61,61.621838,0.9844020797227037,0.9397265549778548,0.12767186597342575,0.19892162526477952,量能水平;量能波动,2,False
SZ000637,4.2000003,0.3424326,0.031966108222607356,0.14230695166570384,0.45907953013672254,0.7309840169458887,,0,True
SZ000639,1.54,0.63652056,0.28422876949740034,0.3525900250336992,0.3951473136915078,0.24359715000962834,,0,True
SZ000650,5.2400002,0.79726136,0.020989793953398807,0.06470248411322935,0.8135952243404583,0.49624494511842865,量能动量,1,False
SZ000651,38.28,11.2628765,0.00789524359715001,0.005584440593106105,0.25996533795493937,0.2657423454650491,,0,True
SZ000652,3.33,0.41451424,0.11708068553822454,0.08838821490467938,0.7367610244559984,0.46119776622376274,,0,True
SZ000655,7.25,0.48548675,0.13556710957057577,0.2087425380319661,0.8942807625649913,0.43616406701328714,量能动量,1,False
SZ000656,1.28,2.2804716,0.7812439822838436,0.8833044482957828,0.8236087040246486,0.8867706528018486,量能波动;量能动量;量能比,3,False
SZ000657,52.74,31.49453,0.7789331792797998,0.6651261313306374,0.05025996533795494,0.22992489890236859,,0,True
SZ000659,2.74,0.6609153,0.2867321394184479,0.23204313498940882,0.38417099942229926,0.6978625072212594,,0,True
SZ000661,71.83,3.135082,0.039283651068746386,0.05661467359907568,0.7685345657616022,0.6250722125938764,,0,True
SZ000663,6.0799994,0.5511317,0.536683997689197,0.7745041401887156,0.7806662815328327,0.83631812054689,量能比,1,False
SZ000665,4.11,0.8188595,0.5711534758328519,0.7723859041016753,0.8761794723666474,0.9279799730406316,量能动量;量能比,2,False
SZ000668,18.689999,0.7955412,0.1471211245907953,0.43558636626227615,0.5176198729058348,0.9582129790102061,量能比,1,False
SZ000669,4.0499997,0.22541124,0.129790102060466,0.10668207202002696,0.3562487964567687,0.11534758328519161,,0,True
SZ000670,7.29,4.372988,0.7754669747737338,0.8642403235124205,0.667629501251685,0.6241093780088581,量能波动,1,False
SZ000672,14.840001,2.4860253,0.15674947044097823,0.36164067013287116,0.5567109570575776,0.6826497207779704,,0,True
SZ000676,6.56,4.9251003,0.7340650876179472,0.959946081263239,0.029077604467552476,0.9630271519352975,量能波动;量能比,2,False
SZ000677,1.74,0.51439387,0.24687078759869055,0.06720585403427691,0.30329289428076256,0.08915848257269401,,0,True
SZ000678,12.89,1.6181358,0.3265934912382053,0.9168110918544194,0.998844598497978,0.9870980165607549,量能波动;量能动量;量能比,3,False
SZ000679,6.2899995,0.83623874,0.17850953206239167,0.027344502214519544,0.25341806277681495,0.01386481802426343,,0,True
SZ000680,9.059999,1.7122254,0.06162141344117081,0.2045060658578856,0.5216637781629117,0.6113999614866166,,0,True
SZ000681,15.619999,4.3776093,0.7498555748122473,0.568264972077797,0.04737146158290006,0.09358752166377816,,0,True
SZ000682,10.62,0.92577064,0.4804544579241286,0.7101867899094936,0.9466589639899865,0.7180820335066436,量能动量,1,False
SZ000683,5.7900004,3.5486631,0.5108800308107068,0.4594646639707298,0.9156556903523975,0.16483728095513192,量能动量,1,False
SZ000685,10.670001,1.0653301,0.025611399961486616,0.033506643558636626,0.519160408241864,0.23050259965337955,,0,True
SZ000686,7.53,1.0653403,0.03986135181975736,0.03562487964567687,0.4240323512420566,0.2162526477951088,,0,True
SZ000688,24.24,3.763432,0.439052570768342,0.5037550548815714,0.09300982091276719,0.4101675332177932,,0,True
SZ000690,5.21,3.2158196,0.2181783169651454,0.3443096476025419,0.7109570575775082,0.35721163104178705,,0,True
SZ000691,8.999999,0.7338753,0.12150972462930869,0.37492778740612365,0.836895821297901,0.698632774889274,量能动量,1,False
SZ000692,4.59,0.69119394,0.46177546697477373,0.8076256499133448,0.9861351819757366,0.5020219526285384,量能波动;量能动量,2,False
SZ000695,12.77,0.6440726,0.11554015020219527,0.07972270363951472,0.40650876179472367,0.24860388985172346,,0,True
SZ000697,9.16,0.6623588,0.5407279029462738,0.47756595416907377,0.8844598497978048,0.4615829000577701,量能动量,1,False
SZ000700,12.280001,6.143367,0.44868091661852494,0.5890621991141922,0.9362603504717889,0.7515886770652802,量能动量,1,False
SZ000701,5.0699997,0.7720208,0.6782206816868862,0.9052570768341999,0.8856152512998267,0.902946273830156,量能波动;量能动量;量能比,3,False
SZ000702,5.87,0.85905576,0.4698632774889274,0.16522241478913924,0.5249374157519738,0.03870595031773541,,0,True
SZ000703,15.63,13.66113,0.5859811284421337,0.6984402079722704,0.6809166185249375,0.7109570575775082,,0,True
SZ000705,7.1299996,0.33757713,0.03543231272867321,0.031003273637589063,0.6593491238205277,0.6431735027922203,,0,True
SZ000707,4.62,0.342113,0.12632389755440016,0.30213749277874064,0.6352782591950703,0.5436164067013287,,0,True
SZ000708,13.110001,1.5994309,0.07452339688041594,0.09089158482572694,0.8573079145002889,0.35085692278066627,量能动量,1,False
SZ000709,2.04,1.6099244,0.41074523396880414,0.45850182938571155,0.7512035432312729,0.681686886192952,,0,True
SZ000710,10.869999,2.209477,0.6391295975351434,0.8900442903909108,0.4099749663007895,0.9718852301174659,量能波动;量能比,2,False
SZ000711,4.63,5.677675,0.7835547852878876,0.5805892547660312,0.11765838628923551,0.06335451569420374,,0,True
SZ000712,9.7699995,9.417125,0.7610244559984595,0.2736375890621991,0.1975736568457539,0.01097631426920855,,0,True
SZ000713,6.2999997,2.6993392,0.5725014442518775,0.29347198151357595,0.3522048911996919,0.04679376083188908,,0,True
SZ000715,5.33,0.4868568,0.050837666088965915,0.0030810706720585403,0.4282688234161371,0.10822260735605622,,0,True
SZ000716,4.94,2.246874,0.7677642980935875,0.4040053918736761,0.2994415559406894,0.014827652609281726,,0,True
SZ000717,2.19,0.44748676,0.13479684190256114,0.27517812439822836,0.5927209705372617,0.7897169266320047,,0,True
SZ000718,2.1299999,0.6293527,0.1769689967263624,0.44309647602541885,0.9133448873483535,0.9135374542653573,量能动量;量能比,2,False
SZ000719,11.950001,0.59513515,0.027151935297515885,0.043520123242826884,0.23993837858655884,0.6000385133834008,,0,True
SZ000720,3.64,1.5450605,0.6809166185249375,0.7964567687271327,0.05969574427113422,0.3223570190641248,,0,True
SZ000721,6.1,2.0818434,0.4415559406893896,0.35143462353167726,0.2526477951088003,0.01559792027729636,,0,True
SZ000722,13.000001,3.8666852,0.8276526092817253,0.7438860003851339,0.894473329481995,0.12613133063739648,量能水平;量能动量,2,False
SZ000723,3.51,2.7278798,0.7024841132293472,0.6054303870595031,0.058925476603119586,0.10398613518197573,,0,True
SZ000725,5.72,65.50222,1.0,0.9996148661659927,0.3568264972077797,0.7190448680916619,量能水平;量能波动,2,False
SZ000726,5.97,0.50286365,0.05199306759098787,0.07548623146543423,0.1322934719815136,0.19872905834777585,,0,True
SZ000727,2.18,1.3531548,0.738686693626035,0.5961871750433275,0.45233968804159447,0.6761024455998459,,0,True
SZ000728,7.25,1.6316249,0.24224918159060274,0.15116502984787214,0.3963027151935298,0.32389755440015405,,0,True
SZ000729,11.0,2.1118717,0.34585018293857117,0.48180242634315423,0.5407279029462738,0.6890044290390911,,0,True
SZ000731,7.9699993,1.7329161,0.2509146928557674,0.12824956672443674,0.423262083574042,0.06181398035817447,,0,True
SZ000733,39.13,3.773955,0.5295590217600616,0.6202580396687849,0.3217793183131138,0.4671673406508762,,0,True
SZ000735,5.69,5.5827813,0.8130175235894473,0.5886770652801848,0.2738301559792028,0.0831889081455806,量能水平,1,False
SZ000736,4.85,1.137068,0.6836125553629886,0.7920277296360485,0.9146928557673791,0.7668014635085693,量能动量,1,False
SZ000737,13.44,14.715919,0.9118043520123242,0.863470055844406,0.03292894280762565,0.16406701328711729,量能水平;量能波动,2,False
SZ000738,18.750002,2.800244,0.341998844598498,0.13306373964952822,0.4007317542846139,0.129790102060466,,0,True
SZ000739,27.74,3.7945728,0.10417870209897939,0.10745233968804159,0.863470055844406,0.8524937415751974,量能动量;量能比,2,False
SZ000750,3.61,1.5554127,0.28365106874638935,0.17677642980935876,0.3104178702098979,0.22434045830926247,,0,True
SZ000751,4.39,1.7560914,0.6293086847679569,0.3460427498555748,0.1756210283073368,0.037935682649720776,,0,True
SZ000753,5.44,2.7591846,0.6177546697477373,0.8218756017716157,0.8432505295590218,0.9354900828037743,量能波动;量能动量;量能比,3,False
SZ000756,14.599999,3.791568,0.7317542846139033,0.8971692663200462,0.300211823608704,0.9938378586558829,量能波动;量能比,2,False
SZ000757,4.3,0.39778152,0.19545542075871367,0.20335066435586366,0.07047949162333911,0.4873868669362604,,0,True
SZ000758,5.7200003,1.5353553,0.17716156364336608,0.18756017716156365,0.06008087810514154,0.23936067783554785,,0,True
SZ000759,6.1499996,8.952714,0.822260735605623,0.5368765646062007,0.18101290198343925,0.031003273637589063,量能水平,1,False
SZ000761,2.35,0.46065673,0.25245522819179667,0.44078567302137495,0.7770075101097631,0.8170614288465242,量能比,1,False
SZ000762,20.74,1.9641201,0.1792797997304063,0.08145580589254767,0.6171769689967264,0.309840169458887,,0,True
SZ000766,15.16,1.7532161,0.4246100519930676,0.3077219333718467,0.1663778162911612,0.269208549971115,,0,True
SZ000767,3.2800002,2.8397362,0.8307336799537839,0.8153283265934912,0.1097631426920855,0.113999614866166,量能水平;量能波动,2,False
SZ000768,23.119999,6.9495516,0.5110725977277104,0.6433660697092239,0.9168110918544194,0.5549778548045445,量能动量,1,False
SZ000776,19.88,9.977719,0.7042172154823801,0.5569035239745812,0.37993452724821875,0.1923743500866551,,0,True
SZ000777,16.12,0.5863408,0.004236472174080493,0.008280377431157327,0.3036780281147699,0.22145195455420758,,0,True
SZ000778,3.5599997,1.86451,0.24070864625457347,0.32582322357019067,0.7329096861159253,0.2218370883882149,,0,True
SZ000779,8.39,4.2762127,0.721740804929713,0.6693626035047179,0.04409782399383786,0.0415944540727903,,0,True
SZ000782,8.099999,0.980302,0.27768149431927597,0.31118813787791255,0.422684382823031,0.3997689196995956,,0,True
SZ000783,7.94,7.202277,0.5126131330637397,0.5763527825919507,0.3666474099749663,0.12343539379934527,,0,True
SZ000785,2.3,1.4676675,0.8603889851723474,0.8705950317735413,0.779896013864818,0.8796456768727132,量能水平;量能波动;量能比,3,False
SZ000786,16.6,3.0610726,0.08646254573464279,0.27979973040631617,0.970152127864433,0.7879838243789717,量能动量,1,False
SZ000788,5.46,0.69544303,0.1434623531677258,0.09358752166377816,0.2807625649913345,0.430579626420181,,0,True
SZ000789,4.17,0.37973833,0.02792220296553052,0.09724629308684768,0.9243212016175621,0.27671865973425763,量能动量,1,False
SZ000790,4.42,1.4107288,0.4170999422299249,0.876372039283651,0.8085884844983632,0.9899865203158097,量能波动;量能动量;量能比,3,False
SZ000791,7.0599995,1.3615965,0.35663393029077606,0.11515501636818795,0.4222992489890237,0.1386481802426343,,0,True
SZ000792,23.83,11.835414,0.5089543616406701,0.2518775274407857,0.7681494319275949,0.6645484305796264,,0,True
SZ000793,1.99,0.2746164,0.20912767186597342,0.18659734257654534,0.07953013672251107,0.18236087040246485,,0,True
SZ000795,8.21,0.85038656,0.10398613518197573,0.4558058925476603,0.005584440593106105,0.8261120739456961,量能比,1,False
SZ000796,3.52,2.8150756,0.8998652031580975,0.7608318890814558,0.1658001155401502,0.06547275178124398,量能水平,1,False
SZ000797,2.72,1.3020995,0.462738301559792,0.4989408819564799,0.9275948392066243,0.9281725399576353,量能动量;量能比,2,False
SZ000798,9.79,3.851377,0.7257847101867899,0.30945503562487964,0.22780666281532833,0.009820912767186597,,0,True
SZ000799,36.670002,1.8803003,0.30656653186982474,0.42576545349508954,0.8875409204698633,0.5237820142499519,量能动量,1,False
SZ000800,5.8799996,0.7744984,0.17542846139033313,0.06162141344117081,0.903523974581167,0.3660697092239553,量能动量,1,False
SZ000801,11.41,1.294291,0.20315809743886,0.08723281340265743,0.40246485653764685,0.16657038320816484,,0,True
SZ000802,3.8500001,2.7428281,0.8343924513768535,0.76526092817254,0.3755054881571346,0.4844983631812055,量能水平,1,False
SZ000803,7.2400002,0.7131108,0.09724629308684768,0.23550933949547467,0.8850375505488157,0.5139611014827653,量能动量,1,False
SZ000807,26.200003,16.07517,0.31118813787791255,0.3437319468515309,0.6339302907760447,0.4363566339302908,,0,True
SZ000809,3.4199998,0.7074578,0.4099749663007895,0.6554977854804545,0.6375890621991142,0.8896591565569035,量能比,1,False
SZ000810,9.1,1.5904537,0.30483342961679183,0.3762757558251492,0.2772963604852686,0.21740804929713076,,0,True
SZ000811,36.789997,14.323923,0.18987098016560755,0.20854997111496246,0.05411130367802811,0.301367225110726,,0,True
SZ000812,3.7199998,1.2847192,0.5233968804159446,0.5640284999037165,0.17196225688426728,0.2247255921432698,,0,True
SZ000813,3.23,2.1423175,0.9062199114192182,0.5992682457153861,0.23666474099749663,0.005777007510109763,量能水平,1,False
SZ000815,14.25,6.1545534,0.5807818216830348,0.6643558636626228,0.02368573079145003,0.21548238012709417,,0,True
SZ000816,2.79,1.802506,0.6046601193914886,0.7196225688426728,0.007702676680146351,0.10437126901598305,,0,True
SZ000818,11.26,1.3643229,0.21509724629308685,0.33699210475640284,0.18467167340650875,0.47949162333911033,,0,True
SZ000819,12.2,0.39897653,0.025803966878490275,0.07298286154438667,0.2755632582322357,0.5850182938571153,,0,True
SZ000820,3.59,0.40755457,0.3728095513190834,0.5809743886000385,0.7111496244945118,0.7602541883304448,,0,True
SZ000821,7.28,0.58327633,0.2526477951088003,0.18967841324860388,0.45753899480069327,0.121894858463316,,0,True
SZ000822,4.28,0.5473821,0.21124590795301368,0.09416522241478914,0.4787213556710957,0.08395917581359523,,0,True
SZ000823,23.28,31.12099,0.9647602541883304,0.9699595609474292,0.35701906412478335,0.7781629116117851,量能水平;量能波动,2,False
SZ000825,3.3899999,1.0306703,0.21914115155016367,0.20354323127286733,0.7169266320046216,0.739842095128057,,0,True
SZ000826,1.72,0.25063273,0.062199114192181784,0.4209512805699981,0.47101867899094935,0.893895628730984,量能比,1,False
SZ000828,9.97,0.51779795,0.036587714230695165,0.007124975929135375,0.58578856152513,0.3527825919507029,,0,True
SZ000829,9.14,2.1773252,0.15867513961101481,0.350471788946659,0.07490853071442326,0.9131523204313499,量能比,1,False
SZ000830,11.429999,3.0430868,0.21490467937608318,0.0714423262083574,0.6855382245330253,0.19314461775466973,,0,True
SZ000831,52.73,11.258778,0.22068168688619294,0.1844791064895051,0.32620835740419796,0.32331985364914306,,0,True
SZ000833,18.76,6.051508,0.5183901405738495,0.4016945888696322,0.49104563835932985,0.053918736761024454,,0,True
SZ000837,9.469999,0.988151,0.14692855767379165,0.0186789909493549,0.32447525515116504,0.19603312150972463,,0,True
SZ000838,2.45,0.9514528,0.308684767956865,0.41324860388985174,0.8020412093202388,0.6429809358752167,量能动量,1,False
SZ000839,2.8500001,3.2474403,0.8700173310225303,0.5977277103793568,0.5058732909686116,0.23608704024648566,量能水平,1,False
SZ000848,8.14,0.8361965,0.008858078182168303,0.04679376083188908,0.8355478528788755,0.8407471596379742,量能动量;量能比,2,False
SZ000850,4.17,1.3632486,0.1858270749085307,0.9069901790872328,0.9944155594068939,0.9986520315809744,量能波动;量能动量;量能比,3,False
SZ000852,5.3099995,1.6072029,0.3614481032158675,0.11573271711919893,0.5588291931446178,0.013287117273252455,,0,True
SZ000856,8.88,0.44387764,0.09820912767186597,0.07413826304640862,0.514153668399769,0.27575582514923935,,0,True
SZ000858,70.06,13.118635,0.25515116502984786,0.23974581166955516,0.8796456768727132,0.4169073753129212,量能动量,1,False
SZ000859,8.53,4.25236,0.6655112651646448,0.6564606200654728,0.025996533795493933,0.13441170806855382,,0,True
SZ000860,10.379999,1.1549007,0.19718852301174658,0.28885037550548814,0.8382437897169266,0.5468900442903909,量能动量,1,False
SZ000862,5.34,1.0695722,0.6529944155594068,0.5834777585210861,0.43000192566917006,0.18621220874253802,,0,True
SZ000863,4.46,1.0561389,0.5180050067398421,0.5101097631426921,0.9171962256884267,0.7121124590795301,量能动量,1,False
SZ000868,4.1499996,1.8905691,0.38397843250529556,0.4746774504140189,0.9127671865973426,0.9645676872713268,量能动量;量能比,2,False
SZ000869,17.05,0.38042256,0.02830733679953784,0.268630849220104,0.15983054111303677,0.893317927979973,量能比,1,False
SZ000875,4.68,1.5415303,0.6780281147698826,0.5971500096283459,0.6849605237820142,0.43462353167725787,,0,True
SZ000876,6.92,4.4415746,0.3431542461005199,0.2830733679953784,0.2391681109185442,0.056999807433083,,0,True
SZ000877,3.76,0.78306425,0.1929520508376661,0.7284806470248412,0.9193144617754669,0.9859426150587329,量能动量;量能比,2,False
SZ000878,16.04,8.831459,0.8420951280569998,0.7693048334296168,0.03601001347968419,0.19198921625264778,量能水平,1,False
SZ000880,23.86,4.0965137,0.3242826882341614,0.21837088388214904,0.6909300982091277,0.1611785095320624,,0,True
SZ000881,6.4,0.4248539,0.219526285384171,0.2520700943577893,0.12362796071634893,0.2634315424610052,,0,True
SZ000882,1.55,1.0901544,0.8055074138263046,0.7698825341806278,0.5590217600616214,0.6626227614095899,量能水平,1,False
SZ000883,4.3900003,1.2210664,0.3306373964952821,0.2008472944348161,0.8257269401116888,0.2382052763335259,量能动量,1,False
SZ000885,11.7,0.32081035,0.040439052570768345,0.0317735413056037,0.772000770267668,0.25515116502984786,,0,True
SZ000886,4.73,0.65055454,0.41421143847487,0.2892355093394955,0.5301367225110726,0.49354900828037745,,0,True
SZ000887,18.32,5.0584006,0.3683805122279992,0.3418062776814943,0.13652994415559408,0.1877527440785673,,0,True
SZ000888,9.059999,1.2175082,0.10841517427305988,0.036587714230695165,0.6512613133063739,0.03620258039668785,,0,True
SZ000889,3.6200001,1.6672271,0.8236087040246486,0.8686693626035047,0.10918544194107452,0.227421528981321,量能水平;量能波动,2,False
SZ000890,6.96,3.513865,0.7463893703061814,0.495474677450414,0.1981513575967649,0.013479684190256113,,0,True
SZ000892,4.53,7.4396,0.984787213556711,0.9711149624494512,0.431735027922203,0.2876949740034662,量能水平;量能波动,2,False
SZ000893,36.84,6.0308576,0.33082996341228577,0.29982668977469673,0.8095513190833815,0.3699210475640285,量能动量,1,False
SZ000895,23.66,2.2385476,0.003658771423069517,0.05642210668207202,0.6628153283265935,0.6818794531099557,,0,True
SZ000897,1.9599998,0.6679462,0.4020797227036395,0.6662815328326593,0.9412670903138841,0.9075678798382438,量能动量;量能比,2,False
SZ000898,2.0600002,0.8238772,0.2297323319853649,0.3292894280762565,0.878105141536684,0.7525515116502984,量能动量,1,False
SZ000899,9.08,1.1124594,0.2915463123435394,0.29963412285769303,0.37146158290005776,0.1582900057770075,,0,True
SZ000900,3.59,0.39577472,0.010783747352204892,0.007510109763142692,0.8515309069901791,0.5195455420758713,量能动量,1,False
SZ000901,13.679999,1.6226335,0.19064124783362218,0.2530329289428076,0.3418062776814943,0.38340073175428463,,0,True
SZ000902,13.499999,1.2789497,0.10206046601193915,0.09647602541883304,0.462738301559792,0.06142884652416715,,0,True
SZ000903,1.97,0.5306237,0.06335451569420374,0.0933949547467745,0.7121124590795301,0.0920469863277489,,0,True
SZ000905,9.150001,2.2355328,0.5632582322357019,0.7658386289235509,0.7854804544579241,0.9058347775852109,量能比,1,False
SZ000906,6.11,0.6421235,0.11380704794916234,0.1480839591758136,0.5276333525900251,0.18910071249759292,,0,True
SZ000908,5.99,0.67120653,0.3144617754669748,0.4215289813210091,0.4690930098209128,0.7766223762757558,,0,True
SZ000909,5.25,0.4359899,0.46697477373387253,0.49585981128442136,0.022915463123435394,0.05025996533795494,,0,True
SZ000910,6.15,1.592188,0.5424610051993067,0.926632004621606,0.7939533988060851,0.9965337954939342,量能波动;量能比,2,False
SZ000911,5.4,0.9891425,0.41787020989793955,0.33314076641632967,0.8455613325630656,0.02214519545542076,量能动量,1,False
SZ000912,3.88,3.2106967,0.8315039476217986,0.7024841132293472,0.10071249759291354,0.025803966878490275,量能水平,1,False
SZ000913,10.7,0.33790457,0.007510109763142692,0.01713845561332563,0.7716156364336607,0.6934334681301753,,0,True
SZ000915,23.829998,0.8953815,0.03119584055459272,0.019834392451376852,0.2480261891007125,0.015405353360292702,,0,True
SZ000917,6.77,1.5512717,0.5869439630271519,0.3327556325823224,0.2518775274407857,0.28384363566339305,,0,True
SZ000919,6.5000005,0.61237115,0.22780666281532833,0.14731369150779897,0.5347583285191604,0.463893703061814,,0,True
SZ000920,12.43,1.8109068,0.4040053918736761,0.6774504140188715,0.5690352397458117,0.879838243789717,量能比,1,False
SZ000921,26.779999,2.5405958,0.5867513961101483,0.3034854611977662,0.17581359522434045,0.05545927209705372,,0,True
SZ000922,11.93,0.86436653,0.16464471403812825,0.15347583285191604,0.10668207202002696,0.2805699980743308,,0,True
SZ000923,15.7300005,3.0215588,0.4947044097823994,0.13479684190256114,0.5977277103793568,0.11072597727710379,,0,True
SZ000925,7.86,2.2397394,0.8742538031966108,0.6657038320816484,0.8320816483728095,0.10340843443096476,量能水平;量能动量,2,False
SZ000926,2.2,0.7548928,0.601001347968419,0.756787983824379,0.9089158482572695,0.9041016753321779,量能动量;量能比,2,False
SZ000927,2.47,0.9265956,0.6822645869439631,0.5070286924706335,0.740997496630079,0.6691700365877142,,0,True
SZ000928,5.34,1.3414083,0.43038705950317735,0.12536106296938185,0.186789909493549,0.02657423454650491,,0,True
SZ000929,9.4,0.40023816,0.13787791257461968,0.16945888696321973,0.5746196803389177,0.5963797419603312,,0,True
SZ000930,5.16,4.7223916,0.847679568650106,0.7061428846524167,0.21933371846716734,0.04871943000192567,量能水平,1,False
SZ000931,4.58,1.0741396,0.9214326978625073,0.7642980935875217,0.40053918736761024,0.13325630656653187,量能水平,1,False
SZ000932,3.5400002,2.7234259,0.7250144425187752,0.6618524937415752,0.8657808588484498,0.5638359329867129,量能动量,1,False
SZ000933,26.22,9.481187,0.1172732524552282,0.09955709609089158,0.8195647987675717,0.5226266127479299,量能动量,1,False
SZ000935,19.45,0.91213024,0.019449258617369534,0.02792220296553052,0.32563065665318697,0.6581937223185057,,0,True
SZ000936,5.4900002,1.0030512,0.3633737723859041,0.33468130175235894,0.37242441748507604,0.43847487001733104,,0,True
SZ000937,4.3999996,1.9618468,0.16560754862314656,0.10283073367995378,0.42306951665703835,0.17966493356441363,,0,True
SZ000938,31.02,41.71195,0.9903716541498171,0.9663007895243597,0.3652994415559407,0.24301944925861738,量能水平;量能波动,2,False
SZ000948,13.139999,0.9356586,0.4652416714808396,0.5259002503369921,0.022722896206431736,0.22106682072020026,,0,True
SZ000949,6.44,3.2707343,0.5147313691507799,0.4088195647987676,0.7390718274600424,0.12401309455035625,,0,True
SZ000950,5.2500005,0.8712272,0.41440400539187366,0.20007702676680147,0.668784902753707,0.3681879453109956,,0,True
SZ000951,20.23,1.8996739,0.0186789909493549,0.008665511265164644,0.8035817446562681,0.560947429231658,量能动量,1,False
SZ000952,6.57,0.3981245,0.1448103215867514,0.12574619680338917,0.7533217793183131,0.6824571538609667,,0,True
SZ000953,5.9800005,0.4302508,0.097631426920855,0.0691315232043135,0.24013094550356248,0.1844791064895051,,0,True
SZ000955,4.1,0.40547177,0.29867128827267475,0.34122857693048336,0.510687463893703,0.7800885807818216,,0,True
SZ000957,9.86,1.5278834,0.121894858463316,0.14923936067783555,0.917581359522434,0.23550933949547467,量能动量,1,False
SZ000958,4.94,0.5580798,0.1392258809936453,0.19641825534373195,0.6458694396302715,0.6391295975351434,,0,True
SZ000959,3.51,0.8281411,0.3246678220681687,0.02368573079145003,0.8274600423647217,0.6048526863084922,量能动量,1,False
SZ000960,30.46,8.62586,0.42056614673599074,0.47506258424802617,0.15443866743693432,0.37146158290005776,,0,True
SZ000962,54.269997,11.282034,0.7902946273830156,0.6606970922395532,0.11188137877912574,0.1667629501251685,,0,True
SZ000963,27.689999,3.531569,0.0770267668014635,0.47005584440593107,0.9686115925284037,0.9270171384556133,量能动量;量能比,2,False
SZ000965,3.5,1.1367393,0.6564606200654728,0.7929905642210668,0.9308684767956865,0.6443289042942423,量能动量,1,False
SZ000966,3.98,1.5265472,0.658578856152513,0.6866936260350471,0.6624301944925862,0.48411322934719814,,0,True
SZ000967,7.790001,4.333944,0.7995378393991912,0.7463893703061814,0.8334296167918351,0.8139803581744657,量能动量;量能比,2,False
SZ000968,6.83,1.8127964,0.6764875794338533,0.45907953013672254,0.4517619872905835,0.05103023300596957,,0,True
SZ000969,16.0,2.6038256,0.5567109570575776,0.6006162141344117,0.4134411708068554,0.53841709994223,,0,True
SZ000970,10.950001,2.0609834,0.2643943770460235,0.38648180242634317,0.08472944348160986,0.31966108222607353,,0,True
SZ000972,3.94,1.1563941,0.6757173117658386,0.39033314076641634,0.2903909108415174,0.024070864625457346,,0,True
SZ000973,11.56,3.265864,0.6146735990756788,0.25572886578085885,0.22337762372424416,0.20989793953398805,,0,True
SZ000975,22.76,9.358769,0.3148469093009821,0.40631619487772,0.7286732139418448,0.6244945118428654,,0,True
SZ000977,65.93,50.813835,0.887733487386867,0.6362410937800885,0.32100905064509916,0.05468900442903909,量能水平,1,False
SZ000978,7.08,7.5462847,0.9688041594454073,0.9795879067976122,0.35143462353167726,0.666474099749663,量能水平;量能波动,2,False
SZ000980,2.26,9.419493,0.998844598497978,0.9967263624109378,0.8655882919314462,0.8020412093202388,量能水平;量能波动;量能动量;量能比,4,False
SZ000981,2.69,13.841193,0.9955709609089158,0.9890236857307915,0.5285961871750433,0.6472174080492972,量能水平;量能波动,2,False
SZ000983,6.4799995,4.453102,0.39726554977854805,0.17157712305025996,0.561525129982669,0.2204891199691893,,0,True
SZ000985,17.1,0.5507708,0.2622761409589833,0.22549585981128442,0.21432697862507222,0.09378008858078182,,0,True
SZ000987,7.2000003,1.6419232,0.1438474870017331,0.13017523589447333,0.4450221451954554,0.24186404775659542,,0,True
SZ000988,92.25,47.584564,0.85210860774119,0.8767571731176584,0.16541498170614288,0.2620835740419796,量能水平;量能波动,2,False
SZ000989,8.750001,1.1198123,0.3298671288272675,0.2886578085884845,0.7571731176583862,0.5391873676102446,,0,True
SZ000990,6.1699996,2.103067,0.7837473522048912,0.6233391103408434,0.5503562487964567,0.30098209127671866,,0,True
SZ000993,17.09,10.87558,0.9539765068361256,0.9705372616984402,0.5626805314846909,0.8066628153283266,量能水平;量能波动;量能比,3,False
SZ000995,11.4,1.0984237,0.5405353360292702,0.8740612362796072,0.527055651839014,0.974581166955517,量能波动;量能比,2,False
SZ000997,19.33,3.3384714,0.3025226266127479,0.11592528403620259,0.09628345850182939,0.046216060080878106,,0,True
SZ000998,8.66,5.2415457,0.8026189100712497,0.5661467359907568,0.4213364144040054,0.018101290198343924,量能水平,1,False
SZ000999,24.189999,1.7453091,0.2952050837666089,0.46639707298286154,0.9293279414596572,0.6420181012901983,量能动量,1,False
SZ001201,15.819999,1.6757191,0.9659156556903524,0.9145002888503755,0.7739264394377046,0.8700173310225303,量能水平;量能波动;量能比,3,False
SZ001202,14.88,0.28054327,0.1582900057770075,0.17215482380127095,0.09974966300789524,0.18332370498748315,,0,True
SZ001203,22.279999,3.4209082,0.7481224725592144,0.668784902753707,0.838628923550934,0.6198729058347776,量能动量,1,False
SZ001205,14.44,0.49020076,0.35990756787983824,0.2620835740419796,0.4792990564221067,0.16618524937415752,,0,True
SZ001206,18.619999,0.5488375,0.5320623916811091,0.6587714230695166,0.8230310032736375,0.38263046408627,量能动量,1,False
SZ001207,19.0,0.80154026,0.3780088580781822,0.4725592143269786,0.21047564028499904,0.7679568650105911,,0,True
SZ001208,12.92,1.6967536,0.4036202580396688,0.49528211053341037,0.012709416522241479,0.26131330637396494,,0,True
SZ001209,18.87,0.91795784,0.6959368380512228,0.5802041209320239,0.021567494704409784,0.1663778162911612,,0,True
SZ001210,27.199999,1.8917718,0.5909878682842288,0.3934142114384749,0.6741767764298093,0.10283073367995378,,0,True
SZ001211,29.52,1.3487922,0.6926632004621606,0.8108992875024071,0.8378586558829193,0.8942807625649913,量能波动;量能动量;量能比,3,False
SZ001212,36.18,1.8985409,0.666474099749663,0.774311573271712,0.14249951858270749,0.7623724244174851,,0,True
SZ001213,3.51,0.20101582,0.16753321779318314,0.1294049682264587,0.7924128634700558,0.3510494896976699,,0,True
SZ001215,32.440002,0.5688364,0.24898902368573078,0.4760254188330445,0.07972270363951472,0.7304063161948777,,0,True
SZ001216,26.180002,3.6891227,0.7602541883304448,0.9376083188908145,0.9996148661659927,0.9990371654149817,量能波动;量能动量;量能比,3,False
SZ001217,11.16,0.36532235,0.3142692085499711,0.28037743115732716,0.6062006547275178,0.8748315039476218,量能比,1,False
SZ001218,23.46,0.3274292,0.3649143077219334,0.16753321779318314,0.47044097823993836,0.5659541690737532,,0,True
SZ001219,12.940001,0.26066282,0.08973618332370499,0.10860774119006354,0.716156364336607,0.40015405353360295,,0,True
SZ001220,31.28,0.31557578,0.3718467167340651,0.3756980550741383,0.6312343539379934,0.21663778162911612,,0,True
SZ001221,32.64,0.9231236,0.7970344694781436,0.8858078182168303,0.9143077219333718,0.6855382245330253,量能波动;量能动量,2,False
SZ001222,15.38,1.0211997,0.5326400924321202,0.13749277874061236,0.2713267860581552,0.0681686886192952,,0,True
SZ001223,40.940002,1.1657989,0.6117850953206239,0.40573849412670904,0.06778355478528789,0.09474292316580012,,0,True
SZ001225,33.9,0.569383,0.4679376083188908,0.5844405931061044,0.8883111881378779,0.8449836318120547,量能动量;量能比,2,False
SZ001226,45.7,0.40084672,0.15771230502599654,0.19718852301174658,0.97631426920855,0.8948584633160023,量能动量;量能比,2,False
SZ001227,2.1100001,1.4372765,0.8754092046986328,0.8082033506643559,0.829578278451762,0.4288465241671481,量能水平;量能波动;量能动量,3,False
SZ001228,37.9,0.9862079,0.6443289042942423,0.7340650876179472,0.7223185056807241,0.9067976121702291,量能比,1,False
SZ001229,37.13,1.6791234,0.5563258232235702,0.6069709223955324,0.14673599075678798,0.3676102445599846,,0,True
SZ001230,18.97,0.8539798,0.6200654727517813,0.829000577700751,0.4665896398998652,0.7313691507798961,量能波动,1,False
SZ001231,22.52,0.4801483,0.3558636626227614,0.22068168688619294,0.18313113807047948,0.05873290968611593,,0,True
SZ001233,43.8,0.76860225,0.6899672636241094,0.7257847101867899,0.04140188715578664,0.7357981898709801,,0,True
SZ001234,25.800001,1.0287899,0.5029847872135567,0.9516657038320816,0.967263624109378,0.9949932601579049,量能波动;量能动量;量能比,3,False
SZ001236,7.84,0.8105434,0.13845561332563067,0.1195840554592721,0.3728095513190834,0.3475832851916041,,0,True
SZ001237,49.05,0.6031206,0.6814943192759484,0.43443096476025417,0.1904486809166185,0.15867513961101481,,0,True
SZ001238,25.900002,0.23704801,0.04429039091084152,0.21317157712305027,0.0635470826112074,0.8680916618524938,量能比,1,False
SZ001239,12.299999,0.23620749,0.2955902176006162,0.7685345657616022,0.8062776814943192,0.958790679761217,量能动量;量能比,2,False
SZ001248,11.54,4.1617775,0.9834392451376853,0.9220103986135182,0.44020797227036396,0.3025226266127479,量能水平;量能波动,2,False
SZ001255,27.1,0.32108897,0.18967841324860388,0.4735220489119969,0.8178316965145388,0.7408049297130753,量能动量,1,False
SZ001256,21.720001,0.39568457,0.19468515309069903,0.08126323897554401,0.7269401116888119,0.4563835932986713,,0,True
SZ001257,20.47,1.6432717,0.7910648950510303,0.8827267475447718,0.9397265549778548,0.7184671673406509,量能波动;量能动量,2,False
SZ001258,10.03,9.200914,0.918736761024456,0.9574427113421914,0.01116888118621221,0.12478336221837089,量能水平;量能波动,2,False
SZ001259,43.75,0.46128348,0.14307721933371848,0.33872520700943576,0.05796264201810129,0.8417099942229925,量能比,1,False
SZ001260,19.2,0.5009334,0.3358367032543809,0.813210090506451,0.17388792605430387,0.9716926632004622,量能波动;量能比,2,False
SZ001266,39.96,1.2871479,0.6884267282880802,0.8738686693626035,0.682842287694974,0.9776622376275755,量能波动;量能比,2,False
SZ001267,32.829998,10.138113,0.7377238590410168,0.829578278451762,0.47564028499903716,0.634315424610052,量能波动,1,False
SZ001268,25.220001,1.0980074,0.5066435586366262,0.8723281340265743,0.019256691700365876,0.9445407279029463,量能波动;量能比,2,False
SZ001269,19.13,0.36303163,0.154053533602927,0.2715193529751589,0.6135181975736569,0.756787983824379,,0,True
SZ001270,89.5,4.7526407,0.5164644714038128,0.5465049104563836,0.8241864047756595,0.6682072020026959,量能动量,1,False
SZ001277,30.29,0.5019747,0.45291738879260546,0.20296553052185634,0.3394954746774504,0.0822260735605623,,0,True
SZ001278,16.97,0.890139,0.6707105719237435,0.3200462160600809,0.6967071057192374,0.05815520893510495,,0,True
SZ001279,26.0,0.20242886,0.6909300982091277,0.42114384748700173,0.2788368958212979,0.1392258809936453,,0,True
SZ001280,60.22,2.7251678,0.8723281340265743,0.8091661852493741,0.1270941652224148,0.06990179087232813,量能水平;量能波动,2,False
SZ001282,16.75,0.5280687,0.3121509724629309,0.5788561525129983,0.8255343731946851,0.9379934527248219,量能动量;量能比,2,False
SZ001283,47.059998,1.6841811,0.7914500288850376,0.713845561332563,0.37030618139803584,0.6358559599460812,,0,True
SZ001285,41.62,0.3901056,0.374157519738109,0.6439437704602349,0.9585981128442134,0.6870787598690545,量能动量,1,False
SZ001286,9.450001,1.7398475,0.8197573656845754,0.6373964952821105,0.8451761987290584,0.26420181012901983,量能水平;量能动量,2,False
SZ001287,22.59,3.9895513,0.9693818601964183,0.8494126709031389,0.18024263431542462,0.2873098401694589,量能水平;量能波动,2,False
SZ001288,31.32,1.5559602,0.4488734835355286,0.6160215674947044,0.5116502984787213,0.869054496437512,量能比,1,False
SZ001289,14.91,0.5052072,0.5000962834585019,0.19526285384171,0.587521663778163,0.20354323127286733,,0,True
SZ001296,19.390001,0.7761126,0.46350856922780664,0.6087040246485653,0.1349894088195648,0.21798575004814172,,0,True
SZ001298,16.210001,1.1691227,0.41209320238782976,0.29693818601964184,0.341998844598498,0.2788368958212979,,0,True
SZ001299,10.09,1.9703603,0.7101867899094936,0.36645484305796266,0.11149624494511842,0.0007702676680146351,,0,True
SZ001300,12.28,0.5779111,0.487579433853264,0.544001540535336,0.05854034276911227,0.19661082226073562,,0,True
SZ001301,47.34,2.411443,0.7238590410167534,0.44868091661852494,0.5715386096668592,0.7286732139418448,,0,True
SZ001306,55.800003,0.50701016,0.585210860774119,0.6085114577315617,0.16040824186404776,0.6832274215289813,,0,True
SZ001308,18.03,0.25416362,0.2892355093394955,0.3217793183131138,0.6316194877720007,0.7656460620065473,,0,True
SZ001309,358.46,40.65653,0.7186597342576545,0.4288465241671481,0.4970152127864433,0.39533988060851144,,0,True
SZ001311,16.699999,0.62531,0.6125553629886386,0.44906605045253223,0.2794145965723089,0.39071827460042363,,0,True
SZ001312,17.76,0.4175093,0.4544579241286347,0.6741767764298093,0.45099171962256884,0.7856730213749278,,0,True
SZ001313,7.1600003,1.2761625,0.6626227614095899,0.4473329481994993,0.17600616214134412,0.02503369921047564,,0,True
SZ001314,49.05,1.5625821,0.7117273252455228,0.5919507028692471,0.4569612940496823,0.7067205854034276,,0,True
SZ001316,27.46,1.3961824,0.5709609089158483,0.4800693240901213,0.13518197573656845,0.10148276526092817,,0,True
SZ001317,61.85,4.0048575,0.7244367417677643,0.8594261505873291,0.8757943385326401,0.9815135759676488,量能波动;量能动量;量能比,3,False
SZ001318,13.039999,0.4001322,0.2699788176391296,0.7379164259580204,0.9888311188137878,0.8601964182553438,量能动量;量能比,2,False
SZ001319,21.140001,0.57510346,0.34276911226651263,0.269208549971115,0.3970729828615444,0.13518197573656845,,0,True
SZ001322,6.7400002,0.40913293,0.5898324667822068,0.9426150587329097,0.2927017138455613,0.9872905834777586,量能波动;量能比,2,False
SZ001323,18.68,0.26819018,0.4015020219526285,0.5965723088773349,0.9485846331600231,0.869632197188523,量能动量;量能比,2,False
SZ001324,20.26,0.8355953,0.5651839014057385,0.2218370883882149,0.7494704409782399,0.4819949932601579,,0,True
SZ001325,35.48,0.2859075,0.3217793183131138,0.2158675139611015,0.7675717311765838,0.5174273059888311,,0,True
SZ001326,101.03,2.77287,0.7816291161178509,0.885422684382823,0.13941844791064895,0.8014635085692278,量能波动;量能比,2,False
SZ001328,31.6,0.40372133,0.45137685345657613,0.6897746967071057,0.9699595609474292,0.6553052185634508,量能动量,1,False
SZ001330,6.58,9.061502,0.9913344887348353,0.9982668977469671,0.9726554977854804,0.8395917581359522,量能水平;量能波动;量能动量;量能比,4,False
SZ001331,38.97,2.8286598,0.47390718274600424,0.55420758713653,0.7752744078567302,0.8935104948969766,量能比,1,False
SZ001332,26.9,0.6007559,0.488157134604275,0.2645869439630272,0.39784325052955904,0.8276526092817253,量能比,1,False
SZ001333,19.93,0.2714346,0.32967456191026384,0.6375890621991142,0.39437704602349316,0.8471018678990949,量能比,1,False
SZ001335,33.039997,0.228132,0.21933371846716734,0.25669170036587713,0.8168688619295205,0.7660311958405546,量能动量,1,False
SZ001336,18.77,0.4305102,0.373579818987098,0.37069131523204313,0.4941267090313884,0.44117080685538224,,0,True
SZ001337,44.9,5.5520473,0.6148661659926825,0.2755632582322357,0.8218756017716157,0.15251299826689774,量能动量,1,False
SZ001338,9.21,1.0328299,0.5913730021182361,0.42210668207202,0.7642980935875217,0.33525900250336993,,0,True
SZ001339,69.72,3.7611897,0.5547852878875409,0.44810321586751395,0.5232043134989409,0.542846139033314,,0,True
SZ001356,9.209999,0.4777262,0.6431735027922203,0.5095320623916811,0.19776622376275757,0.2326208357404198,,0,True
SZ001358,24.17,0.47498795,0.47236664740997497,0.8307336799537839,0.5520893510494898,0.8536491430772193,量能波动;量能比,2,False
SZ001359,79.899994,2.2209055,0.4265357211631042,0.2942422491815906,0.2616984402079723,0.46832274215289815,,0,True
SZ001360,18.89,1.2175132,0.7523589447332948,0.6789909493549008,0.29982668977469673,0.24610051993067592,,0,True
SZ001365,35.25,1.8460916,0.9050645099171962,0.8272674754477181,0.5484305796264202,0.7816291161178509,量能水平;量能波动,2,False
SZ001366,13.13,1.5284722,0.7020989793953398,0.20758713652994415,0.3127286732139418,0.004236472174080493,,0,True
SZ001367,22.010002,0.3498626,0.3643366069709224,0.5468900442903909,0.8511457731561718,0.9152705565183902,量能动量;量能比,2,False
SZ001368,36.850002,1.7787123,0.7581359522434046,0.9358752166377816,0.9535913730021183,0.943577893317928,量能波动;量能动量;量能比,3,False
SZ001369,11.94,0.7393721,0.6356633930290776,0.5391873676102446,0.18910071249759292,0.17870209897939535,,0,True
SZ001373,30.99,0.690273,0.5986905449643751,0.8164837280955132,0.0009628345850182939,0.9064124783362218,量能波动;量能比,2,False
SZ001376,12.18,2.3937542,0.9776622376275755,0.9946081263238975,0.012901983439245137,0.8973618332370499,量能水平;量能波动;量能比,3,False
SZ001378,21.960001,1.3619391,0.8996726362410937,0.8370883882149047,0.03889851723473907,0.41825534373194684,量能水平;量能波动,2,False
SZ001379,15.75,0.2259883,0.1910263816676295,0.1265164644714038,0.7916425958020412,0.5732717119198921,,0,True
SZ001380,18.79,0.38102913,0.1559792027729636,0.45676872713267863,0.755632582322357,0.8424802618910071,量能比,1,False
SZ001382,16.43,0.40476704,0.4610051993067591,0.24090121317157712,0.6893895628730984,0.04082418640477566,,0,True
SZ001386,15.9800005,0.57706964,0.6206431735027922,0.5116502984787213,0.733102253032929,0.3265934912382053,,0,True
SZ001387,12.38,0.34661716,0.4519545542075871,0.6125553629886386,0.8397843250529559,0.9225880993645291,量能动量;量能比,2,False
SZ001388,19.53,1.0968355,0.8145580589254766,0.7007510109763143,0.30271519352975157,0.12382052763335259,量能水平,1,False
SZ001389,176.66002,17.434214,0.9480069324090121,0.9738108992875024,0.05738494126709032,0.9204698632774889,量能水平;量能波动;量能比,3,False
SZ001390,17.109999,0.3875433,0.46312343539379935,0.6277681494319276,0.5619102638166763,0.8124398228384364,量能比,1,False
SZ001391,3.8400002,0.8217243,0.7758521086077412,0.8586558829193145,0.08742538031966109,0.6920854997111496,量能波动,1,False
SZ001393,40.050003,1.1852192,0.9042942422491816,0.9248989023685731,0.7184671673406509,0.756210283073368,量能水平;量能波动,2,False
SZ001395,29.749998,0.38233465,0.301367225110726,0.5426535721163104,0.5988831118813788,0.7494704409782399,,0,True
SZ001396,30.889997,0.24612236,0.23011746581937223,0.21663778162911612,0.8630849220103987,0.42210668207202,量能动量,1,False
SZ001399,21.27,6.784951,0.9940304255728866,0.9780473714615829,0.09532062391681109,0.41267090313884075,量能水平;量能波动,2,False
SZ001400,84.8,1.9016567,0.6248796456768727,0.7885615251299827,0.9489697669940305,0.9470440978239938,量能动量;量能比,2,False
SZ001696,15.15,7.525156,0.09936452917388792,0.23185056807240517,0.14423262083574043,0.4278836895821298,,0,True
SZ001872,24.18,0.6881841,0.002310803004043905,0.11457731561717698,0.7467745041401888,0.846524167148084,量能比,1,False
SZ001896,10.3,9.105225,0.9352975158867707,0.9620643173502792,0.1088003081070672,0.2158675139611015,量能水平;量能波动,2,False
SZ001914,9.400001,0.88709503,0.04833429616791835,0.19795879067976122,0.966685923358367,0.9489697669940305,量能动量;量能比,2,False
SZ001965,10.05,1.3467652,0.6316194877720007,0.4581166955517042,0.3629886385518968,0.20835740419795878,,0,True
SZ001979,7.58,7.912882,0.9974966300789524,0.9998074330829964,0.9620643173502792,0.9220103986135182,量能水平;量能波动;量能动量;量能比,4,False
SZ002001,25.95,4.9548793,0.015020219526285385,0.04371269015983054,0.8963989986520315,0.651839014057385,量能动量,1,False
SZ002003,11.309999,1.6480281,0.011361448103215868,0.050837666088965915,0.6429809358752167,0.40111688811862123,,0,True
SZ002004,4.34,1.2526495,0.0887733487386867,0.017908723281340265,0.4013094550356249,0.12324282688234162,,0,True
SZ002005,2.7299998,0.67596346,0.43847487001733104,0.5324475255151165,0.5721163104178703,0.8929327941459657,量能比,1,False
SZ002006,13.21,0.84898216,0.03601001347968419,0.060658578856152515,0.4696707105719237,0.24244174850760639,,0,True
SZ002007,13.34,1.4003084,0.0038513383400731755,0.008087810514153668,0.6695551704217215,0.570575775081841,,0,True
SZ002008,80.03001,40.160995,0.6610822260735606,0.5455420758713653,0.3115732717119199,0.3069516657038321,,0,True
SZ002009,15.49,1.1417507,0.08357404197958791,0.21009050645099173,0.9408819564798767,0.8530714423262084,量能动量;量能比,2,False
SZ002010,4.6,0.6622585,0.10494896976699403,0.07259772771037935,0.7897169266320047,0.3564413633737724,,0,True
SZ002011,12.6,7.447502,0.665896398998652,0.5948392066243019,0.7090313884074716,0.2919314461775467,,0,True
SZ002012,6.9,0.6438406,0.14076641632967457,0.13537454265357213,0.47390718274600424,0.40053918736761024,,0,True
SZ002014,11.21,0.2855096,0.00038513383400731754,0.00038513383400731754,0.8906219911419219,0.14192181783169652,量能动量,1,False
SZ002015,14.580001,15.062105,0.8326593491238206,0.730791450028885,0.4731369150779896,0.035239745811669554,量能水平,1,False
SZ002016,4.9500003,0.5211377,0.07991527055651838,0.32717119198921624,0.9139225880993646,0.8757943385326401,量能动量;量能比,2,False
SZ002017,13.790001,5.0418296,0.3941844791064895,0.23435393799345272,0.013287117273252455,0.003273637589062199,,0,True
SZ002019,9.419999,0.6885018,0.007317542846139034,0.037935682649720776,0.8896591565569035,0.6110148276526093,量能动量,1,False
SZ002020,11.829999,1.5173317,0.029462738301559793,0.1798575004814173,0.959946081263239,0.7502407086462546,量能动量,1,False
SZ002021,2.58,0.6494262,0.10918544194107452,0.07009435778933179,0.6768727132678606,0.6408626997881763,,0,True
SZ002022,6.12,0.71899736,0.04313498940881957,0.2653572116310418,0.053918736761024454,0.9724629308684768,量能比,1,False
SZ002023,9.309999,1.2094787,0.06701328711727325,0.3441170806855382,0.03755054881571346,0.8646254573464279,量能比,1,False
SZ002025,67.01,7.72296,0.11265164644714037,0.08511457731561718,0.10745233968804159,0.09686115925284036,,0,True
SZ002026,10.98,1.6177342,0.2362796071634893,0.5064509917196226,0.06990179087232813,0.6578085884844984,,0,True
SZ002027,4.73,5.5854354,0.5819372231850568,0.44925861736953593,0.8212979010206046,0.6285384170999422,量能动量,1,False
SZ002028,120.46001,14.157692,0.029077604467552476,0.13807047949162335,0.07105719237435008,0.7232813402657423,,0,True
SZ002029,8.87,2.3470883,0.16945888696321973,0.45291738879260546,0.7198151357596765,0.9589832466782207,量能比,1,False
SZ002030,5.7500005,0.98386174,0.01251684960523782,0.0635470826112074,0.7213556710957058,0.853264009243212,量能比,1,False
SZ002031,5.44,6.2163057,0.4369343346813018,0.6605045253225496,0.9682264586943963,0.8989023685730791,量能动量;量能比,2,False
SZ002032,39.95,0.7615672,0.00019256691700365877,0.0017331022530329288,0.893317927979973,0.47891392258809934,量能动量,1,False
SZ002033,8.21,2.0678766,0.22337762372424416,0.0560369728480647,0.20354323127286733,0.014442518775274409,,0,True
SZ002034,14.07,0.84136766,0.0527633352590025,0.03986135181975736,0.6200654727517813,0.18833044482957828,,0,True
SZ002035,4.77,0.7682598,0.005391873676102446,0.1270941652224148,0.9741960331215097,0.9853649143077219,量能动量;量能比,2,False
SZ002036,5.9700003,1.910495,0.1638744463701136,0.09378008858078182,0.24860388985172346,0.12208742538031966,,0,True
SZ002037,6.7700005,0.34297824,0.011939148854226844,0.006739842095128057,0.07875986905449643,0.15424610051993068,,0,True
SZ002038,5.7500005,1.1575975,0.02233776237242442,0.05257076834199884,0.6924706335451569,0.5255151165029848,,0,True
SZ002039,19.54,1.0202576,0.0284999037165415,0.14846909300982092,0.9173887926054304,0.7997304063161949,量能动量,1,False
SZ002040,8.72,2.9707706,0.6651261313306374,0.43789716926632005,0.0527633352590025,0.017908723281340265,,0,True
SZ002041,10.23,5.626366,0.552474484883497,0.3876372039283651,0.8124398228384364,0.03697284806470248,量能动量,1,False
SZ002042,3.59,1.4171503,0.13152320431349895,0.3358367032543809,0.032351242056614674,0.8609666859233583,量能比,1,False
SZ002043,12.02,1.3447896,0.005584440593106105,0.2747929905642211,0.9946081263238975,0.9042942422491816,量能动量;量能比,2,False
SZ002044,4.54,2.7534394,0.18274600423647216,0.14538802233776238,0.24186404775659542,0.4885422684382823,,0,True
SZ002045,8.57,1.676584,0.24956672443674177,0.3564413633737724,0.024455998459464664,0.27440785673021373,,0,True
SZ002046,59.750004,8.928579,0.16522241478913924,0.2788368958212979,0.4531099557096091,0.5561332563065665,,0,True
SZ002047,3.17,0.9635667,0.49123820527633355,0.34777585210860773,0.3283265934912382,0.15809743886000385,,0,True
SZ002048,17.67,2.2215679,0.011554015020219527,0.005006739842095128,0.6479876757173118,0.39957635278259196,,0,True
SZ002049,57.88,5.86082,0.019256691700365876,0.02869247063354516,0.30040439052570767,0.5004814172925092,,0,True
SZ002050,35.71,14.529697,0.09801656075486231,0.15809743886000385,0.6699403042557288,0.5632582322357019,,0,True
SZ002051,8.74,1.9046698,0.6526092817253996,0.8471018678990949,0.553629886385519,0.8436356633930291,量能波动;量能比,2,False
SZ002052,7.98,0.53755397,0.18467167340650875,0.25803966878490275,0.7373387252070094,0.38513383400731754,,0,True
SZ002053,9.52,0.7337097,0.2630464086269979,0.21721548238012708,0.3764683227421529,0.1621413441170807,,0,True
SZ002054,7.07,0.533208,0.1130367802811477,0.09281725399576353,0.5653764683227421,0.4427113421914115,,0,True
SZ002055,6.43,0.95119214,0.2873098401694589,0.5353360292701714,0.030810706720585404,0.7103793568264972,,0,True
SZ002056,19.33,3.3512044,0.13325630656653187,0.15386096668592336,0.27517812439822836,0.391103408434431,,0,True
SZ002057,8.7699995,1.1012471,0.09031388407471597,0.13903331407664163,0.23319853649143077,0.3200462160600809,,0,True
SZ002058,20.199999,0.52990746,0.04101675332177932,0.20161756210283074,0.4194107452339688,0.5493934142114385,,0,True
SZ002059,4.23,5.6187243,0.9185441941074524,0.8357404197958791,0.22992489890236859,0.02869247063354516,量能水平;量能波动,2,False
SZ002060,3.06,0.46467277,0.10533410360100134,0.019064124783362217,0.8214904679376083,0.6121702291546313,量能动量,1,False
SZ002061,3.3500001,0.62992966,0.3077219333718467,0.19872905834777585,0.9064124783362218,0.47506258424802617,量能动量,1,False
SZ002062,9.05,2.0457203,0.14538802233776238,0.3446947814365492,0.7590987868284229,0.4190256113999615,,0,True
SZ002063,5.26,0.93201053,0.02772963604852686,0.038128249566724434,0.28365106874638935,0.35663393029077606,,0,True
SZ002064,9.650001,3.7722478,0.13017523589447333,0.13575967648757944,0.8051222799922974,0.3391103408434431,量能动量,1,False
SZ002065,6.5,1.5707334,0.05969574427113422,0.09397265549778548,0.07356056229539765,0.3446947814365492,,0,True
SZ002066,19.57,0.45771915,0.009050645099171962,0.053918736761024454,0.18833044482957828,0.4099749663007895,,0,True
SZ002067,3.95,0.9623045,0.3895628730984017,0.11496244945118429,0.47005584440593107,0.37608318890814557,,0,True
SZ002068,8.97,6.525164,0.7286732139418448,0.6235316772578471,0.05468900442903909,0.14615829000577701,,0,True
SZ002069,3.6499999,0.49804583,0.6549200847294435,0.5632582322357019,0.09801656075486231,0.1904486809166185,,0,True
SZ002072,7.03,1.1498669,0.47795108800308106,0.2260735605622954,0.5224340458309262,0.09811284421336415,,0,True
SZ002073,5.6800003,0.5724878,0.3373772385904102,0.2967456191026382,0.7748892740227229,0.5401502021952629,,0,True
SZ002074,29.5,7.2947783,0.5291738879260544,0.9381860196418256,0.9320238782977085,0.9637974196033121,量能波动;量能动量;量能比,3,False
SZ002075,3.52,0.7911827,0.3870595031773541,0.4157519738108993,0.6693626035047179,0.5707683419988446,,0,True
SZ002076,2.11,0.5225007,0.40747159637974195,0.26612747929905645,0.4879645676872713,0.3460427498555748,,0,True
SZ002077,13.68,7.2395225,0.9137300211823609,0.8917773926439437,0.6387444637011361,0.7725784710186789,量能水平;量能波动,2,False
SZ002078,13.700001,2.4201865,0.23435393799345272,0.20681686886192951,0.7411900635470826,0.5414981706142885,,0,True
SZ002079,8.429999,1.7690053,0.30155979202772965,0.2584248026189101,0.348738686693626,0.4621606008087811,,0,True
SZ002080,54.149998,33.805084,0.7338725207009436,0.6970922395532447,0.02772963604852686,0.48603889851723475,,0,True
SZ002081,4.77,12.985088,0.7194300019256692,0.8309262468707876,0.40342769112266513,0.5777007510109763,量能波动,1,False
SZ002082,12.969999,1.5995523,0.32447525515116504,0.4698632774889274,0.8147506258424803,0.9736183323704988,量能动量;量能比,2,False
SZ002083,9.6,2.1675344,0.43134989408819563,0.35721163104178705,0.5555555555555556,0.4758328519160408,,0,True
SZ002084,5.7400002,7.208584,0.957635278259195,0.9241286347005584,0.0845368765646062,0.3970729828615444,量能水平;量能波动,2,False
SZ002085,9.320001,2.1440482,0.09416522241478914,0.05103023300596957,0.38802233776237244,0.5249374157519738,,0,True
SZ002086,2.03,1.2887293,0.8051222799922974,0.6320046216060081,0.5617176968996727,0.19795879067976122,量能水平,1,False
SZ002088,8.1,0.2147543,0.013479684190256113,0.005777007510109763,0.6347005584440593,0.14172925091469285,,0,True
SZ002090,8.94,0.45754057,0.10032736375890622,0.10340843443096476,0.23512420566146736,0.33834007317542847,,0,True
SZ002091,7.57,0.66386974,0.03832081648372809,0.0504525322549586,0.7435008665511266,0.47294434816098596,,0,True
SZ002092,4.37,2.0671103,0.7537069131523204,0.49451184286539573,0.3733872520700944,0.12131715771230503,,0,True
SZ002093,7.7599998,2.6887908,0.4444444444444444,0.5865588291931446,0.3429616791835163,0.8405545927209706,量能比,1,False
SZ002094,4.94,2.2265725,0.6214134411708069,0.5420758713652994,0.10803004043905257,0.1130367802811477,,0,True
SZ002095,15.19,1.8459405,0.7411900635470826,0.6123627960716349,0.32582322357019067,0.5644136337377239,,0,True
SZ002096,9.11,0.41040835,0.034854611977662237,0.08434430964760255,0.2782591950702869,0.2715193529751589,,0,True
SZ002097,6.8,1.3594011,0.592528403620258,0.5511265164644714,0.09146928557673792,0.13287117273252455,,0,True
SZ002098,8.21,0.51884997,0.14654342383978433,0.27055651839014055,0.7317542846139033,0.5343731946851531,,0,True
SZ002099,6.15,1.4868569,0.4249951858270749,0.5532447525515116,0.7756595416907376,0.9212401309455036,量能比,1,False
SZ002100,7.87,2.0522983,0.2593876372039284,0.25900250336992103,0.6131330637396495,0.1569420373579819,,0,True
SZ002101,8.57,0.29027197,0.04120932023878298,0.03138840747159638,0.5382245330252262,0.5101097631426921,,0,True
SZ002102,2.6,0.40155008,0.0691315232043135,0.09782399383785866,0.29019834392451377,0.1064895051030233,,0,True
SZ002103,6.68,0.51198554,0.211631041787021,0.439052570768342,0.003658771423069517,0.5563258232235702,,0,True
SZ002104,10.12,9.874776,0.7248218756017716,0.691892932794146,0.006162141344117081,0.017716156364336606,,0,True
SZ002105,6.0499997,0.3985425,0.18910071249759292,0.14885422684382824,0.2620835740419796,0.6437512035432312,,0,True
SZ002106,11.900001,4.4455605,0.8846524167148084,0.9279799730406316,0.24032351242056615,0.870209897939534,量能水平;量能波动;量能比,3,False
SZ002107,7.0899997,1.6257843,0.35952243404583095,0.15251299826689774,0.19141151550163682,0.12035432312728674,,0,True
SZ002108,4.2599998,1.0248951,0.1032158675139611,0.06528018486424032,0.4604274985557481,0.047756595416907376,,0,True
SZ002110,2.93,0.7268162,0.6000385133834008,0.5879067976121702,0.7760446755247449,0.8176391295975352,量能比,1,False
SZ002111,9.05,0.6972991,0.27055651839014055,0.138263046408627,0.5155016368187946,0.27017138455613326,,0,True
SZ002112,13.750001,1.3589712,0.3040631619487772,0.2925091469285577,0.28788754092046986,0.19410745233968804,,0,True
SZ002114,7.18,0.58780265,0.6820720200269593,0.5545927209705372,0.46023493163874446,0.15983054111303677,,0,True
SZ002115,9.25,3.3574378,0.5977277103793568,0.7446562680531484,0.32909686115925285,0.7639129597535144,,0,True
SZ002116,7.2000003,0.24920408,0.02041209320238783,0.04082418640477566,0.607163489312536,0.28942807625649913,,0,True
SZ002117,7.79,0.5263786,0.050645099171962256,0.0779896013864818,0.6759098786828422,0.5628730984016946,,0,True
SZ002119,25.8,12.626609,0.868476795686501,0.951473136915078,0.9664933564413634,0.9778548045445793,量能水平;量能波动;量能动量;量能比,4,False
SZ002120,6.82,1.8644772,0.6287309840169459,0.4099749663007895,0.07452339688041594,0.3454650491045638,,0,True
SZ002121,4.12,1.605499,0.40342769112266513,0.634315424610052,0.008472944348160986,0.44290390910841515,,0,True
SZ002122,2.84,0.28679913,0.527055651839014,0.6718659734257655,0.9597535143462353,0.5251299826689775,量能动量,1,False
SZ002123,7.5400004,1.3620608,0.6487579433853264,0.755632582322357,0.0021182360870402464,0.6668592335836703,,0,True
SZ002124,1.9799999,3.290333,0.8049297130752937,0.8582707490853071,0.018293857115347582,0.20681686886192951,量能水平;量能波动,2,False
SZ002125,11.919999,1.227389,0.3237049874831504,0.30656653186982474,0.6762950125168496,0.45233968804159447,,0,True
SZ002126,33.949997,5.6213613,0.3344887348353553,0.5237820142499519,0.6820720200269593,0.693048334296168,,0,True
SZ002127,2.97,1.1857367,0.4816098594261506,0.42711342191411517,0.6620450606585788,0.8249566724436742,量能比,1,False
SZ002128,27.9,3.6916752,0.577315617176969,0.3963027151935298,0.6183323704987483,0.4904679376083189,,0,True
SZ002129,9.2,6.0785055,0.8087810514153668,0.7080685538224533,0.02869247063354516,0.8008858078182168,量能水平;量能比,2,False
SZ002130,15.71,6.363365,0.5545927209705372,0.4507991527055652,0.07317542846139033,0.05950317735413056,,0,True
SZ002131,4.2,13.703501,0.7920277296360485,0.797419603312151,0.02503369921047564,0.16714808395917582,,0,True
SZ002132,4.03,1.860787,0.6481802426343154,0.42749855574812246,0.16753321779318314,0.11457731561717698,,0,True
SZ002133,2.9400003,0.6195717,0.6587714230695166,0.7203928365106874,0.8827267475447718,0.4122857693048334,量能动量,1,False
SZ002134,23.69,4.494963,0.8478721355671096,0.8792605430387059,0.3751203543231273,0.7284806470248412,量能水平;量能波动,2,False
SZ002135,5.93,0.7039727,0.5195455420758713,0.6747544771808204,0.08665511265164645,0.6893895628730984,,0,True
SZ002136,11.75,0.47545615,0.32678605815520895,0.2532254958598113,0.24321201617562102,0.46312343539379935,,0,True
SZ002137,7.6000004,2.8411882,0.9008280377431157,0.8141729250914693,0.3912959753514346,0.576160215674947,量能水平;量能波动,2,False
SZ002138,48.24,13.61045,0.6753321779318313,0.699788176391296,0.09089158482572694,0.5103023300596957,,0,True
SZ002139,9.57,1.243036,0.28384363566339305,0.13768534565761603,0.2824956672443674,0.1448103215867514,,0,True
SZ002140,9.15,0.6097024,0.19892162526477952,0.19372231850568072,0.21779318313113807,0.3481609859426151,,0,True
SZ002141,6.3,10.789291,0.9510880030810707,0.9549393414211439,0.12170229154631235,0.7344502214519546,量能水平;量能波动,2,False
SZ002142,35.43,9.01602,0.8239938378586559,0.7026766801463509,0.8981321009050645,0.4950895436164067,量能水平;量能动量,2,False
SZ002144,11.03,0.32013705,0.5289813210090506,0.341421143847487,0.5915655690352397,0.6791835162719045,,0,True
SZ002145,4.59,2.7464387,0.9374157519738109,0.9693818601964183,0.11823608704024649,0.8515309069901791,量能水平;量能波动;量能比,3,False
SZ002146,1.31,2.2702863,0.9815135759676488,0.9955709609089158,0.9522434045830926,0.9726554977854804,量能水平;量能波动;量能动量;量能比,4,False
SZ002148,6.1800003,0.63732356,0.40419795879067977,0.6865010591180435,0.03774311573271712,0.7941459657230888,,0,True
SZ002149,30.999998,4.435904,0.7535143462353168,0.837473522048912,0.3718467167340651,0.6603119584055459,量能波动,1,False
SZ002150,19.56,1.3609042,0.3127286732139418,0.33429616791835165,0.5409204698632775,0.5447718082033507,,0,True
SZ002151,27.820002,3.5428643,0.6545349508954361,0.8430579626420182,0.021760061621413442,0.8678990949354901,量能波动;量能比,2,False
SZ002152,8.949999,1.6003053,0.46813017523589445,0.48430579626420184,0.23531677257847103,0.3138840747159638,,0,True
SZ002153,7.3700004,1.2122815,0.1550163681879453,0.2578471018678991,0.02330059695744271,0.5461197766223763,,0,True
SZ002154,3.85,0.89424103,0.44348160985942614,0.11091854419410745,0.6649335644136337,0.4049682264586944,,0,True
SZ002155,23.2,16.927103,0.99210475640285,0.9322164452147121,0.43269786250722125,0.06701328711727325,量能水平;量能波动,2,False
SZ002156,56.899998,38.88345,0.9774696707105719,0.942422491815906,0.23108030040439054,0.6464471403812825,量能水平;量能波动,2,False
SZ002157,2.92,5.2725945,0.9300982091276718,0.8432505295590218,0.301367225110726,0.09570575775081841,量能水平;量能波动,2,False
SZ002158,24.31,3.0889103,0.5155016368187946,0.6768727132678606,0.545156942037358,0.29809358752166376,,0,True
SZ002159,13.309999,0.435131,0.3516271904486809,0.16368187945310997,0.10957057577508184,0.08973618332370499,,0,True
SZ002160,3.8799999,0.48362172,0.790102060466012,0.739842095128057,0.29366454843057965,0.5438089736183324,,0,True
SZ002161,6.3599997,2.8833501,0.8170614288465242,0.6995956094742923,0.11168881186212208,0.2451376853456576,量能水平,1,False
SZ002162,4.19,1.5334395,0.854419410745234,0.333525900250337,0.1686886192952051,0.049297130752936645,量能水平,1,False
SZ002163,7.5099998,2.8764281,0.7639129597535144,0.6497207779703447,0.2568842672828808,0.23339110340843444,,0,True
SZ002164,13.26,2.4964745,0.8085884844983632,0.9535913730021183,0.5813595224340459,0.9936452917388793,量能水平;量能波动;量能比,3,False
SZ002165,6.8000007,5.870723,0.9414596572308878,0.918736761024456,0.00789524359715001,0.060466011939148856,量能水平;量能波动,2,False
SZ002166,6.8,0.86065906,0.3970729828615444,0.21374927787406123,0.8099364529173888,0.08935104948969767,量能动量,1,False
SZ002167,15.04,6.499701,0.8671288272674754,0.4531099557096091,0.22376275755825148,0.23185056807240517,量能水平,1,False
SZ002169,12.429999,3.3510845,0.5929135374542653,0.6526092817253996,0.21374927787406123,0.748892740227229,,0,True
SZ002170,10.570001,1.9447126,0.3568264972077797,0.14692855767379165,0.18987098016560755,0.08742538031966109,,0,True
SZ002171,9.809999,7.6944027,0.9564798767571732,0.8388214904679376,0.5126131330637397,0.07991527055651838,量能水平;量能波动,2,False
SZ002172,5.43,9.423419,0.9984594646639707,0.9949932601579049,0.5135759676487579,0.6269978817639129,量能水平;量能波动,2,False
SZ002173,17.26,3.914738,0.8580781821683034,0.7893317927979973,0.11284421336414403,0.3339110340843443,量能水平,1,False
SZ002174,13.19,6.4287615,0.8501829385711535,0.6678220681686886,0.5956094742923166,0.32794145965723087,量能水平,1,False
SZ002175,2.48,0.31942573,0.5871365299441555,0.608318890814558,0.3810899287502407,0.14404005391873675,,0,True
SZ002176,8.61,3.1072574,0.7013287117273252,0.8170614288465242,0.9470440978239938,0.627575582514924,量能波动;量能动量,2,False
SZ002177,5.43,1.3458592,0.7490853071442326,0.7261698440207972,0.495474677450414,0.16271904486809166,,0,True
SZ002178,4.85,1.5554581,0.6560754862314654,0.9383785865588292,0.010206046601193916,0.9840169458886964,量能波动;量能比,2,False
SZ002179,33.33,6.1575236,0.34719815135759674,0.3710764490660505,0.7346427883689582,0.5653764683227421,,0,True
SZ002180,16.14,1.6223814,0.46928557673791643,0.5934912382052764,0.002310803004043905,0.6381667629501252,,0,True
SZ002181,8.8,8.434144,0.9851723473907182,0.9894088195647988,0.4827652609281725,0.7019064124783362,量能水平;量能波动,2,False
SZ002182,11.0,1.1984016,0.3000192566917004,0.2064317350279222,0.5759676487579434,0.3185056807240516,,0,True
SZ002183,4.18,1.828708,0.707105719237435,0.6510687463893703,0.20854997111496246,0.6395147313691508,,0,True
SZ002184,9.8,0.3142912,0.10283073367995378,0.08395917581359523,0.28653957250144424,0.46350856922780664,,0,True
SZ002185,16.46,39.014053,0.9433853264009243,0.9501251684960523,0.08915848257269401,0.575004814172925,量能水平;量能波动,2,False
SZ002186,9.61,0.5572861,0.593106104371269,0.6728288080107837,0.9223955324475255,0.1359522434045831,量能动量,1,False
SZ002187,5.5099998,0.80605626,0.815520893510495,0.4987483150394762,0.35085692278066627,0.06951665703832081,量能水平,1,False
SZ002188,6.4,0.5743357,0.6635855959946081,0.8436356633930291,0.9695744271134219,0.9056422106682072,量能波动;量能动量;量能比,3,False
SZ002189,19.210001,0.671234,0.2129790102060466,0.4600423647217408,0.9749663007895244,0.4157519738108993,量能动量,1,False
SZ002190,22.939999,2.1127493,0.37820142499518583,0.11765838628923551,0.21875601771615635,0.010206046601193916,,0,True
SZ002191,3.5,0.38786784,0.2709416522241479,0.34161371076449065,0.23570190641247835,0.3963027151935298,,0,True
SZ002192,56.399998,6.8948536,0.5049104563835933,0.2335836703254381,0.4036202580396688,0.3011746581937223,,0,True
SZ002194,9.690001,4.991824,0.9518582707490854,0.9204698632774889,0.300789524359715,0.10186789909493549,量能水平;量能波动,2,False
SZ002195,5.9199996,4.5144587,0.5224340458309262,0.33140766416329676,0.2950125168496052,0.32717119198921624,,0,True
SZ002196,10.099999,2.5830548,0.80473714615829,0.8536491430772193,0.7835547852878876,0.4119006354708261,量能水平;量能波动,2,False
SZ002197,6.3500004,1.0740111,0.6522241478913923,0.3522048911996919,0.3882149046793761,0.5946466397072983,,0,True
SZ002198,3.5800002,0.23226382,0.13652994415559408,0.07529366454843057,0.18563450799152706,0.01424995185827075,,0,True
SZ002199,11.12,0.62527406,0.2927017138455613,0.40342769112266513,0.04756402849990372,0.6564606200654728,,0,True
SZ002200,6.8599997,0.27401963,0.5513190833814751,0.729636048526863,0.3581744656268053,0.7598690544964375,,0,True
SZ002201,9.1,6.6049876,0.8806085114577316,0.7773926439437705,0.04525322549585981,0.05661467359907568,量能水平,1,False
SZ002202,17.220001,15.135964,0.9946081263238975,0.9676487579433853,0.4898902368573079,0.17947236664740998,量能水平;量能波动,2,False
SZ002203,17.320002,3.7365923,0.7144232620835741,0.7253995763527826,0.15848257269401117,0.3310225303292894,,0,True
SZ002204,5.33,2.2749186,0.8474870017331022,0.6553052185634508,0.20238782977084538,0.10725977277103793,量能水平,1,False
SZ002205,12.159999,0.90821767,0.6420181012901983,0.8952435971500097,0.9938378586558829,0.9969189293279415,量能波动;量能动量;量能比,3,False
SZ002206,4.87,0.396772,0.08280377431157328,0.2349316387444637,0.6227614095898325,0.46081263238975545,,0,True
SZ002207,5.33,0.42798027,0.5576737916425958,0.7546697477373387,0.6260350471788947,0.42769112266512616,,0,True
SZ002208,9.89,2.5669463,0.6628153283265935,0.682842287694974,0.7589062199114193,0.7128827267475448,,0,True
SZ002209,13.179999,0.5500605,0.36356633930290777,0.1681109185441941,0.4038128249566724,0.2584248026189101,,0,True
SZ002210,2.08,1.018788,0.6566531869824764,0.6905449643751204,0.29173887926054304,0.5083766608896592,,0,True
SZ002212,7.21,8.394473,0.9890236857307915,0.9942229924898902,0.7290583477758521,0.8226458694396303,量能水平;量能波动;量能比,3,False
SZ002213,26.699999,3.1530302,0.4536876564606201,0.39553244752551514,0.3739649528211053,0.5613325630656654,,0,True
SZ002214,17.65,1.2421169,0.20816483728095514,0.2657423454650491,0.07683419988445984,0.26035047178894666,,0,True
SZ002215,9.31,2.4663653,0.5965723088773349,0.2303100327363759,0.02792220296553052,0.036587714230695165,,0,True
SZ002216,11.499999,0.56142145,0.11014827652609281,0.05834777585210861,0.9218178316965145,0.3144617754669748,量能动量,1,False
SZ002217,1.5300001,1.9432821,0.9682264586943963,0.9539765068361256,0.10571923743500866,0.29578278451761986,量能水平;量能波动,2,False
SZ002218,3.8300002,3.0956423,0.9720777970344695,0.9845946466397073,0.25572886578085885,0.4072790294627383,量能水平;量能波动,2,False
SZ002219,2.1,1.806434,0.6077411900635471,0.6612747929905642,0.4821875601771616,0.4852686308492201,,0,True
SZ002221,5.6099997,0.9313395,0.42345465049104564,0.340843443096476,0.4740997496630079,0.1494319275948392,,0,True
SZ002222,60.64,13.30384,0.6911226651261313,0.7067205854034276,0.041979587906797615,0.6239168110918544,,0,True
SZ002223,26.27,1.7640811,0.012709416522241479,0.09686115925284036,0.7949162333911034,0.8338147506258424,量能比,1,False
SZ002224,3.77,0.9167438,0.5074138263046408,0.37261698440207974,0.8923550933949548,0.03446947814365492,量能动量,1,False
SZ002225,3.4200003,0.63964593,0.6818794531099557,0.6154438667436934,0.43366069709223953,0.6142884652416715,,0,True
SZ002226,5.34,1.3633877,0.32736375890621994,0.7579433853264009,0.9129597535143462,0.9264394377046024,量能动量;量能比,2,False
SZ002228,3.2299998,0.748054,0.18082033506643558,0.35201232428268825,0.7300211823608704,0.6778355478528789,,0,True
SZ002229,10.05,3.4161932,0.6826497207779704,0.6710957057577508,0.21914115155016367,0.10629693818601964,,0,True
SZ002230,37.22,6.7225847,0.23281340265742345,0.28557673791642596,0.17119198921625264,0.39668784902753707,,0,True
SZ002232,16.480001,2.1531692,0.48026189100712496,0.8603889851723474,0.9283651068746389,0.9530136722511072,量能波动;量能动量;量能比,3,False
SZ002233,6.86,0.83722925,0.3371846716734065,0.6593491238205277,0.797419603312151,0.9243212016175621,量能比,1,False
SZ002234,7.9200006,0.45957693,0.5285961871750433,0.455998459464664,0.511842865395725,0.25052955902176005,,0,True
SZ002235,7.53,1.471878,0.45503562487964566,0.3830155979202773,0.3610629693818602,0.3344887348353553,,0,True
SZ002236,15.319999,3.1085222,0.05449643751203543,0.16599268245715387,0.2811476988253418,0.45156942037357983,,0,True
SZ002237,12.47,2.9854167,0.6865010591180435,0.5180050067398421,0.7750818409397265,0.5318698247641055,,0,True
SZ002238,7.0799994,1.355168,0.5780858848449836,0.9697669940304255,0.9926824571538609,0.9996148661659927,量能波动;量能动量;量能比,3,False
SZ002239,2.48,1.2340225,0.49682264586943964,0.17812439822838436,0.6489505103023301,0.6314269208549971,,0,True
SZ002240,25.009998,5.8858232,0.8530714423262084,0.667051800500674,0.5574812247255921,0.5971500096283459,量能水平,1,False
SZ002241,22.789999,18.24948,0.586366262276141,0.6470248411322935,0.00943577893317928,0.6320046216060081,,0,True
SZ002242,12.499999,1.8586538,0.7230887733487387,0.7956865010591181,0.9343346813017523,0.8711727325245523,量能动量;量能比,2,False
SZ002243,6.95,0.61262906,0.3483535528596187,0.2955902176006162,0.512420566146736,0.4833429616791835,,0,True
SZ002244,10.139999,4.251066,0.7564028499903717,0.9732331985364915,0.9770845368765646,0.9560947429231658,量能波动;量能动量;量能比,3,False
SZ002245,16.16,8.799073,0.3581744656268053,0.3785865588291931,0.2948199499326016,0.6932409012131716,,0,True
SZ002246,25.409998,6.1669607,0.7585210860774119,0.9243212016175621,0.12901983439245138,0.9399191218948585,量能波动;量能比,2,False
SZ002247,2.48,0.44543597,0.3443096476025419,0.021760061621413442,0.5079915270556519,0.5767379164259581,,0,True
SZ002248,9.16,1.6106216,0.6799537839399191,0.6666666666666666,0.6970922395532447,0.1981513575967649,,0,True
SZ002249,6.41,2.026372,0.389948006932409,0.17966493356441363,0.5314846909300982,0.26150587329096864,,0,True
SZ002250,14.24,1.717958,0.11804352012324283,0.14018871557866358,0.862314654342384,0.494896976699403,量能动量,1,False
SZ002251,3.45,3.8505254,0.9859426150587329,0.7664163296745619,0.5376468322742153,0.08800308107067206,量能水平,1,False
SZ002252,5.32,2.1554866,0.20893510494896977,0.5131908338147506,0.9776622376275755,0.9352975158867707,量能动量;量能比,2,False
SZ002253,8.8,0.60232645,0.16137107644906606,0.747737338725207,0.7429231658001155,0.9759291353745426,量能比,1,False
SZ002254,11.349999,1.7082384,0.4180627768149432,0.46697477373387253,0.5359137300211824,0.6576160215674947,,0,True
SZ002255,7.26,0.51838154,0.1775466974773734,0.3997689196995956,0.268053148469093,0.4301944925861737,,0,True
SZ002256,3.12,1.0293639,0.19834392451376853,0.20835740419795878,0.3974581166955517,0.27460042364721743,,0,True
SZ002258,13.88,3.898511,0.5934912382052764,0.5707683419988446,0.2027729636048527,0.10456383593298671,,0,True
SZ002259,5.0099998,1.1268305,0.5187752744078568,0.7515886770652802,0.3237049874831504,0.9643751203543232,量能比,1,False
SZ002261,23.720001,7.271803,0.5355285961871751,0.5135759676487579,0.13575967648757944,0.3252455228191797,,0,True
SZ002262,22.73,1.4645888,0.016368187945310995,0.46832274215289815,0.9963412285769305,0.9393414211438474,量能动量;量能比,2,False
SZ002263,3.19,1.4145101,0.5478528788754092,0.6062006547275178,0.44637011361448103,0.6298863855189678,,0,True
SZ002264,7.4,4.1226635,0.9100712497592913,0.9399191218948585,0.10610437126901598,0.8860003851338341,量能水平;量能波动;量能比,3,False
SZ002265,18.92,4.5887,0.6616599268245715,0.39399191218948587,0.07606393221644521,0.008665511265164644,,0,True
SZ002266,4.6299996,3.0406976,0.6601193914885423,0.6283458501829385,0.6398998652031581,0.6526092817253996,,0,True
SZ002267,7.21,0.6484578,0.268053148469093,0.04024648565376468,0.6612747929905642,0.02830733679953784,,0,True
SZ002268,14.860001,2.2338493,0.2990564221066821,0.40862699788176393,0.6539572501444252,0.641632967456191,,0,True
SZ002269,1.39,0.7045459,0.8792605430387059,0.7529366454843058,0.31138070479491625,0.56210283073368,量能水平,1,False
SZ002270,17.04,1.5529882,0.23801270941652225,0.3649143077219334,0.739842095128057,0.7926054303870596,,0,True
SZ002271,10.61,4.736996,0.08800308107067206,0.09493549008280378,0.8549971114962449,0.5264779510880031,量能动量,1,False
SZ002272,13.990001,4.1516848,0.8571153475832852,0.7359907567879839,0.3843635663393029,0.260157904871943,量能水平,1,False
SZ002273,24.4,7.919856,0.5998459464663971,0.8742538031966108,0.9641825534373195,0.8937030618139804,量能波动;量能动量;量能比,3,False
SZ002274,5.81,2.922659,0.8166762950125168,0.6152512998266898,0.03543231272867321,0.0030810706720585403,量能水平,1,False
SZ002276,9.860001,1.0506835,0.4502214519545542,0.4134411708068554,0.4325052955902176,0.4151742730598883,,0,True
SZ002277,4.81,1.1542324,0.6533795493934142,0.7213556710957058,0.7793183131138071,0.6098594261505873,,0,True
SZ002278,7.97,1.447492,0.8357404197958791,0.9489697669940305,0.9795879067976122,0.4740997496630079,量能水平;量能波动;量能动量,3,False
SZ002279,6.54,2.6431916,0.8134026574234546,0.8135952243404583,0.06450991719622569,0.1933371846716734,量能水平;量能波动,2,False
SZ002281,164.88,54.75008,0.8576930483342962,0.853264009243212,0.27286732139418446,0.3358367032543809,量能水平;量能波动,2,False
SZ002283,7.52,1.4969963,0.4937415751973811,0.6489505103023301,0.9189293279414597,0.7677642980935875,量能动量,1,False
SZ002284,9.290001,2.3750956,0.5517042172154824,0.3666474099749663,0.4804544579241286,0.06296938186019642,,0,True
SZ002285,3.02,5.7668815,0.9125746196803389,0.8809936452917388,0.6832274215289813,0.9624494511842865,量能水平;量能波动;量能比,3,False
SZ002286,8.32,2.056119,0.7823993837858656,0.9222029655305218,0.5646062006547276,0.8087810514153668,量能波动;量能比,2,False
SZ002287,19.38,0.25252625,0.06373964952821105,0.08896591565569036,0.5823223570190641,0.6104371269015983,,0,True
SZ002289,33.2,1.3772273,0.3652994415559407,0.3265934912382053,0.06393221644521471,0.17581359522434045,,0,True
SZ002290,68.08,5.0932293,0.5765453495089543,0.8110918544194108,0.9272097053726169,0.8898517234739072,量能波动;量能动量;量能比,3,False
SZ002291,5.48,2.2048552,0.949740034662045,0.8863855189678413,0.506258424802619,0.5131908338147506,量能水平;量能波动,2,False
SZ002292,8.469999,3.8437722,0.8286154438667437,0.6450991719622569,0.7354130560369728,0.6221837088388215,量能水平,1,False
SZ002293,10.68,0.38057944,0.02349316387444637,0.13556710957057577,0.8771423069516657,0.690737531292124,量能动量,1,False
SZ002294,30.660002,2.9484835,0.340843443096476,0.35008665511265163,0.7858655882919314,0.3947621798575005,,0,True
SZ002295,9.77,1.8484011,0.79684190256114,0.6333525900250337,0.10013479684190256,0.039283651068746386,,0,True
SZ002296,9.42,0.9918388,0.4375120354323127,0.7119198921625265,0.8197573656845754,0.838628923550934,量能动量;量能比,2,False
SZ002297,19.699999,24.94125,0.983054111303678,0.9869054496437512,0.30714423262083573,0.20662430194492587,量能水平;量能波动,2,False
SZ002298,8.76,4.1641903,0.8313113807047949,0.8232235701906413,0.41498170614288465,0.713845561332563,量能水平;量能波动,2,False
SZ002299,15.6,1.6020228,0.5624879645676872,0.37935682649720776,0.5565183901405738,0.14038128249566725,,0,True
SZ002300,7.6800003,5.869693,0.9021760061621413,0.9177739264394377,0.0219526285384171,0.24070864625457347,量能水平;量能波动,2,False
SZ002301,8.559999,1.6500707,0.6160215674947044,0.8655882919314462,0.641632967456191,0.9834392451376853,量能波动;量能比,2,False
SZ002302,4.7200003,0.2741035,0.243789716926632,0.6216060080878105,0.8742538031966108,0.8848449836318121,量能动量;量能比,2,False
SZ002303,6.8,4.994783,0.8220681686886193,0.9229732331985365,0.9589832466782207,0.9670710571923743,量能水平;量能波动;量能动量;量能比,4,False
SZ002304,37.25,1.5425735,0.44059310610437125,0.47390718274600424,0.9260543038705951,0.8232235701906413,量能动量;量能比,2,False
SZ002305,2.09,0.3236854,0.5842480261891008,0.700943577893318,0.9643751203543232,0.8915848257269401,量能动量;量能比,2,False
SZ002306,2.11,0.3354929,0.5653764683227421,0.5655690352397458,0.5322549585981129,0.12805699980743307,,0,True
SZ002307,2.9699998,0.6718784,0.5239745811669555,0.3620258039668785,0.35952243404583095,0.593106104371269,,0,True
SZ002309,2.79,2.3294218,0.9949932601579049,0.9961486616599268,0.4708261120739457,0.5884844983631812,量能水平;量能波动,2,False
SZ002310,2.23,1.7915471,0.7899094935490083,0.7236664740997497,0.4377046023493164,0.601001347968419,,0,True
SZ002311,42.0,3.538091,0.2605430387059503,0.41151550163681877,0.747737338725207,0.6183323704987483,,0,True
SZ002312,8.16,3.3479316,0.6678220681686886,0.5755825149239361,0.10417870209897939,0.03581744656268053,,0,True
SZ002313,8.76,1.1191996,0.8432505295590218,0.990949354900828,0.6951665703832082,0.9934527248218756,量能水平;量能波动;量能比,3,False
SZ002314,2.43,0.6972208,0.9285576737916426,0.9820912767186597,0.958790679761217,0.9572501444251877,量能水平;量能波动;量能动量;量能比,4,False
SZ002315,24.81,1.8686137,0.5888696321971886,0.6803389177739264,0.006547275178124398,0.8141729250914693,量能比,1,False
SZ002316,4.9500003,0.78189296,0.7791257461968034,0.8615443866743694,0.9416522241478914,0.715000962834585,量能波动;量能动量,2,False
SZ002317,24.03,4.6786447,0.7142306951665703,0.7993452724821876,0.7677642980935875,0.7754669747737338,,0,True
SZ002318,17.829998,1.3074281,0.2875024070864625,0.27691122665126133,0.9225880993645291,0.5172347390718275,量能动量,1,False
SZ002319,10.14,0.73127735,0.707683419988446,0.5842480261891008,0.5900250336992104,0.6458694396302715,,0,True
SZ002320,6.33,4.009357,0.7897169266320047,0.8268823416137108,0.40573849412670904,0.15655690352397458,量能波动,1,False
SZ002321,2.0400002,1.747913,0.9924898902368573,0.997689196995956,0.12382052763335259,0.949740034662045,量能水平;量能波动;量能比,3,False
SZ002322,11.86,0.6454389,0.30290776044675527,0.3298671288272675,0.6502984787213557,0.5511265164644714,,0,True
SZ002323,1.19,0.38840505,0.7448488349701521,0.7814365492008473,0.7523589447332948,0.748315039476218,,0,True
SZ002324,8.78,1.9784346,0.5024070864625457,0.44290390910841515,0.32389755440015405,0.20007702676680147,,0,True
SZ002326,16.47,2.5021887,0.4496437512035432,0.23724244174850762,0.49624494511842865,0.48430579626420184,,0,True
SZ002327,6.13,0.2327721,0.01694588869632197,0.046408626997881765,0.5455420758713653,0.18293857115347584,,0,True
SZ002328,8.11,6.759528,0.9645676872713268,0.9493549008280378,0.039668784902753704,0.30483342961679183,量能水平;量能波动,2,False
SZ002329,3.7100003,1.1011621,0.7015212786443289,0.592528403620258,0.7057577508184094,0.3260157904871943,,0,True
SZ002330,4.11,0.48177075,0.6845753899480069,0.5538224533025227,0.7363758906219912,0.3202387829770845,,0,True
SZ002331,6.8500004,0.48062372,0.36164067013287116,0.6400924321201618,0.6795686501059118,0.7608318890814558,,0,True
SZ002332,8.64,1.0090764,0.5004814172925092,0.37030618139803584,0.5921432697862508,0.3859041016753322,,0,True
SZ002333,5.47,0.5903853,0.551896784132486,0.731946851530907,0.2133641440400539,0.9316387444637011,量能比,1,False
SZ002334,6.39,0.67618006,0.3764683227421529,0.5149239360677835,0.5072212593876372,0.4925861736953591,,0,True
SZ002335,29.93,6.256151,0.5983054111303678,0.9173887926054304,0.463893703061814,0.9674561910263817,量能波动;量能比,2,False
SZ002337,4.7300005,0.41789857,0.4671673406508762,0.7985750048141729,0.7490853071442326,0.9381860196418256,量能比,1,False
SZ002338,41.910004,1.8321652,0.4409782399383786,0.7431157327171192,0.1864047756595417,0.9331792797997304,量能比,1,False
SZ002339,7.15,1.9371778,0.7253995763527826,0.7960716348931254,0.24205661467359907,0.7055651839014058,,0,True
SZ002340,6.1099997,3.0448575,0.6219911419218178,0.5457346427883689,0.6747544771808204,0.5291738879260544,,0,True
SZ002342,8.25,5.856286,0.9801656075486231,0.9986520315809744,0.9838243789716926,0.9845946466397073,量能水平;量能波动;量能动量;量能比,4,False
SZ002343,5.6400003,1.500139,0.8925476603119584,0.7504332755632582,0.24783362218370883,0.05642210668207202,量能水平,1,False
SZ002344,4.02,0.35765156,0.2624687078759869,0.2988638551896784,0.8390140573849413,0.6056229539765068,量能动量,1,False
SZ002345,8.3,1.2620883,0.3980358174465627,0.40246485653764685,0.6202580396687849,0.2794145965723089,,0,True
SZ002346,17.810001,1.5173787,0.4525322549585981,0.42518775274407855,0.1480839591758136,0.24821875601771615,,0,True
SZ002347,6.3900003,1.4717578,0.7460042364721741,0.9859426150587329,0.9949932601579049,0.9896013864818024,量能波动;量能动量;量能比,3,False
SZ002348,10.650001,1.4303707,0.26266127479299056,0.40747159637974195,0.2892355093394955,0.41671480839591757,,0,True
SZ002349,8.549999,7.0038376,0.8459464663970729,0.5453495089543616,0.17677642980935876,0.2880801078374735,量能水平,1,False
SZ002350,13.43,1.091692,0.3354515694203736,0.31696514538802234,0.18370883882149047,0.16329674561910265,,0,True
SZ002351,9.84,0.53823584,0.10822260735605622,0.16464471403812825,0.2018101290198344,0.47660311958405543,,0,True
SZ002352,30.67,4.3014674,0.6358559599460812,0.5636433660697092,0.7635278259195071,0.42749855574812246,,0,True
SZ002353,110.22,19.462097,0.6572308877334874,0.7972270363951474,0.23127286732139418,0.6868861929520509,,0,True
SZ002354,7.16,19.75417,0.9959560947429231,0.993260157904872,0.01713845561332563,0.07644906605045253,量能水平;量能波动,2,False
SZ002355,4.61,0.54981995,0.5077989601386482,0.24898902368573078,0.5482380127094165,0.3275563258232236,,0,True
SZ002356,2.69,0.4631169,0.6135181975736569,0.78894665896399,0.9250914692855767,0.6903523974581167,量能动量,1,False
SZ002357,11.5,1.248605,0.2886578085884845,0.14635085692278066,0.15867513961101481,0.09050645099171963,,0,True
SZ002358,5.13,0.6131125,0.2447525515116503,0.5990756787983824,0.1815906027344502,0.47795108800308106,,0,True
SZ002360,5.33,0.34086192,0.18833044482957828,0.44983631812054686,0.47949162333911033,0.8114769882534181,量能比,1,False
SZ002361,9.58,8.604577,0.8340073175428462,0.7762372424417485,0.8592335836703254,0.4850760639322165,量能水平;量能动量,2,False
SZ002362,15.77,1.2193484,0.8867706528018486,0.819949932601579,0.27460042364721743,0.3731946851530907,量能水平;量能波动,2,False
SZ002363,6.9500003,0.2911427,0.23127286732139418,0.3957250144425188,0.9503177354130561,0.7436934334681302,量能动量,1,False
SZ002364,32.14,8.211543,0.7427305988831119,0.6632004621606008,0.03446947814365492,0.12767186597342575,,0,True
SZ002365,13.4800005,3.9846828,0.9067976121702291,0.9297130752936645,0.8553822453302523,0.4020797227036395,量能水平;量能波动;量能动量,3,False
SZ002366,5.49,1.9436492,0.925476603119584,0.8989023685730791,0.02638166762950125,0.04544579241286347,量能水平;量能波动,2,False
SZ002367,6.06,1.2487739,0.49855574812247255,0.7850953206239168,0.11939148854226844,0.9622568842672828,量能比,1,False
SZ002368,12.62,1.0512582,0.5201232428268824,0.47448488349701523,0.20585403427691124,0.37762372424417484,,0,True
SZ002369,5.5600004,0.6508532,0.4941267090313884,0.36876564606200657,0.3626035047178895,0.2106682072020027,,0,True
SZ002370,5.16,0.9680525,0.6246870787598691,0.4450221451954554,0.48257269401116887,0.2349316387444637,,0,True
SZ002371,615.97,38.671482,0.3525900250336992,0.3063739649528211,0.8191796649335644,0.3672251107259773,量能动量,1,False
SZ002372,8.74,0.66238993,0.07625649913344887,0.4764105526670518,0.9853649143077219,0.8881186212208743,量能动量;量能比,2,False
SZ002373,7.3499994,0.8537507,0.6786058155208935,0.5478528788754092,0.5230117465819373,0.5665318698247641,,0,True
SZ002374,3.3600001,0.55552053,0.5657616021567494,0.683419988445985,0.8357404197958791,0.9285576737916426,量能动量;量能比,2,False
SZ002375,3.9199998,0.68196183,0.6087040246485653,0.8239938378586559,0.761794723666474,0.9235509339495475,量能波动;量能比,2,False
SZ002376,6.55,0.56530446,0.3847487001733102,0.4873868669362604,0.4003466204506066,0.7644906605045253,,0,True
SZ002377,2.9599998,2.360736,0.943577893317928,0.7860581552089351,0.3252455228191797,0.07394569612940496,量能水平,1,False
SZ002378,21.13,4.897479,0.8157134604274986,0.6487579433853264,0.12728673213941843,0.13672251107259772,量能水平,1,False
SZ002379,16.28,5.9957857,0.8056999807433083,0.7513961101482766,0.349894088195648,0.1975736568457539,量能水平,1,False
SZ002380,26.289999,0.979558,0.5133834007317543,0.3882149046793761,0.16830348546119778,0.14249951858270749,,0,True
SZ002381,5.64,0.2227152,0.21086077411900636,0.21567494704409781,0.5443866743693433,0.27806662815328326,,0,True
SZ002382,6.3199997,0.73279274,0.5915655690352397,0.8526863084922011,0.9711149624494512,0.9528211053341036,量能波动;量能动量;量能比,3,False
SZ002383,7.6800003,2.8874495,0.9747737338725208,0.9826689774696707,0.3787791257461968,0.6325823223570191,量能水平;量能波动,2,False
SZ002384,167.4,105.21101,0.9522434045830926,0.901790872328134,0.08973618332370499,0.3212016175621028,量能水平;量能波动,2,False
SZ002385,3.1,4.0798326,0.9740034662045061,0.8663585595994608,0.2129790102060466,0.013672251107259772,量能水平;量能波动,2,False
SZ002386,5.85,0.89148533,0.7679568650105911,0.7163489312536107,0.49528211053341037,0.4583092624687079,,0,True
SZ002387,6.7000003,0.6677023,0.7292509146928557,0.5717311765838629,0.6707105719237435,0.5678798382437897,,0,True
SZ002388,9.099999,3.151456,0.9686115925284037,0.966685923358367,0.05122279992297323,0.8694396302715194,量能水平;量能波动;量能比,3,False
SZ002389,18.11,4.064733,0.8663585595994608,0.3190833814750626,0.3745426535721163,0.053726169844020795,量能水平,1,False
SZ002390,2.9599998,0.70982784,0.6269978817639129,0.25110725977277104,0.6181398035817447,0.5823223570190641,,0,True
SZ002391,5.1400003,0.3715347,0.49566724436741766,0.5047178894665897,0.44194107452339687,0.5301367225110726,,0,True
SZ002392,7.42,0.7321596,0.3666474099749663,0.2944348160985943,0.38628923550933947,0.3148469093009821,,0,True
SZ002393,14.08,0.2637823,0.32331985364914306,0.26362410937800884,0.8049297130752937,0.5099171962256884,量能动量,1,False
SZ002394,10.15,0.53446907,0.3785865588291931,0.6814943192759484,0.9170036587714231,0.8039668784902754,量能动量;量能比,2,False
SZ002395,13.6,1.0085262,0.4970152127864433,0.9015983054111304,0.9840169458886964,0.9861351819757366,量能波动;量能动量;量能比,3,False
SZ002396,32.600002,32.778305,0.9676487579433853,0.911996918929328,0.07529366454843057,0.13152320431349895,量能水平;量能波动,2,False
SZ002397,3.5900002,0.62935174,0.49720777970344693,0.1340265742345465,0.3144617754669748,0.2208742538031966,,0,True
SZ002398,4.26,0.45221952,0.2903909108415174,0.20797227036395147,0.7238590410167534,0.7687271326786058,,0,True
SZ002399,9.849999,0.36827895,0.7504332755632582,0.5434238397843251,0.7687271326786058,0.5547852878875409,,0,True
SZ002400,6.36,4.2404814,0.7130752936645485,0.6063932216445215,0.08068553822453303,0.3550933949547468,,0,True
SZ002401,12.06,0.33511493,0.05565183901405738,0.009820912767186597,0.4671673406508762,0.20431349894088197,,0,True
SZ002402,17.619999,2.8921354,0.38128249566724437,0.3614481032158675,0.586366262276141,0.47621798575004815,,0,True
SZ002403,10.18,3.0206804,0.9098786828422877,0.7725784710186789,0.59368380512228,0.2297323319853649,量能水平,1,False
SZ002404,5.79,0.43727353,0.12401309455035625,0.09127671865973426,0.5336029270171384,0.41883304448295783,,0,True
SZ002405,5.9100003,1.6950834,0.7964567687271327,0.48873483535528595,0.3464278836895821,0.29963412285769303,,0,True
SZ002406,6.42,0.67384094,0.3733872520700944,0.26728288080107837,0.2227999229732332,0.3096476025418833,,0,True
SZ002407,29.490002,20.699118,0.8704024648565376,0.7232813402657423,0.36683997689196995,0.20893510494896977,量能水平,1,False
SZ002408,5.22,1.155152,0.3988060851145773,0.2624687078759869,0.7244367417677643,0.24032351242056615,,0,True
SZ002409,121.0,19.768137,0.7148083959175814,0.5076063932216445,0.22106682072020026,0.23069516657038322,,0,True
SZ002410,8.54,1.7174321,0.4007317542846139,0.1677257847101868,0.7772000770267669,0.4340458309262469,,0,True
SZ002412,9.07,5.5324616,0.8919699595609474,0.8168688619295205,0.5255151165029848,0.32254958598112843,量能水平;量能波动,2,False
SZ002413,8.61,6.6613007,0.8967841324860389,0.9930675909878682,0.9820912767186597,0.9928750240708646,量能水平;量能波动;量能动量;量能比,4,False
SZ002414,11.179999,5.1787868,0.47910648950510304,0.4151742730598883,0.2657423454650491,0.2950125168496052,,0,True
SZ002415,32.46,15.495631,0.722896206431735,0.49624494511842865,0.3312150972462931,0.1500096283458502,,0,True
SZ002416,8.9800005,1.3742281,0.7579433853264009,0.6412478336221837,0.20816483728095514,0.19699595609474294,,0,True
SZ002418,4.3700004,7.8815227,0.9626420181012902,0.7153860966685923,0.39842095128057,0.011939148854226844,量能水平,1,False
SZ002419,5.0899997,0.75510705,0.674369343346813,0.9518582707490854,0.9865203158097439,0.8089736183323705,量能波动;量能动量;量能比,3,False
SZ002420,6.0899997,0.4165963,0.5846331600231081,0.41093780088580784,0.6514538802233776,0.35201232428268825,,0,True
SZ002421,3.17,3.4741573,0.7664163296745619,0.8253418062776815,0.560369728480647,0.7377238590410168,量能波动,1,False
SZ002422,40.85,7.107876,0.8118621220874254,0.8553822453302523,0.8014635085692278,0.8074330829963412,量能水平;量能波动;量能动量;量能比,4,False
SZ002423,9.14,1.4267808,0.6874638937030618,0.44540727902946275,0.16425958020412093,0.08434430964760255,,0,True
SZ002424,4.69,0.3807155,0.17061428846524168,0.5751973810899288,0.8220681686886193,0.9181590602734451,量能动量;量能比,2,False
SZ002425,3.09,1.2660507,0.8168688619295205,0.7383015597920277,0.2732524552281918,0.2405160793375698,量能水平,1,False
SZ002426,2.5600002,2.6556773,0.9025611399961486,0.9888311188137878,0.5386096668592336,0.983631812054689,量能水平;量能波动;量能比,3,False
SZ002427,4.5200005,0.6623372,0.6227614095898325,0.23108030040439054,0.2645869439630272,0.05796264201810129,,0,True
SZ002428,86.87,41.10112,0.9524359715000963,0.8567302137492778,0.16965145388022337,0.34276911226651263,量能水平;量能波动,2,False
SZ002429,7.92,3.6838923,0.7302137492778741,0.7837473522048912,0.6472174080492972,0.8022337762372425,量能比,1,False
SZ002430,25.039999,3.7448022,0.6978625072212594,0.651839014057385,0.9287502407086462,0.18794531099557096,量能动量,1,False
SZ002431,1.32,0.20452532,0.5973425765453495,0.4095898324667822,0.7053726169844021,0.3333333333333333,,0,True
SZ002432,60.39,9.681274,0.6429809358752167,0.29867128827267475,0.13344887348353554,0.16926632004621606,,0,True
SZ002434,6.17,0.97687614,0.43327556325823224,0.4296167918351627,0.2507221259387637,0.6599268245715386,,0,True
SZ002436,40.94,54.09807,0.9135374542653573,0.8935104948969766,0.08723281340265743,0.34488734835355284,量能水平;量能波动,2,False
SZ002437,3.6499999,13.042993,0.9942229924898902,0.9857500481417293,0.6327748892740227,0.17773926439437704,量能水平;量能波动,2,False
SZ002438,13.68,0.85991454,0.27171191989216253,0.3853264009243212,0.5345657616021567,0.31234353937993453,,0,True
SZ002439,14.68,3.9894228,0.6156364336606971,0.755054881571346,0.42576545349508954,0.8730984016945889,量能比,1,False
SZ002440,13.26,4.9636474,0.7879838243789717,0.6847679568650106,0.7265549778548045,0.6780281147698826,,0,True
SZ002441,8.25,0.3401319,0.1349894088195648,0.13845561332563067,0.8407471596379742,0.41074523396880414,量能动量,1,False
SZ002442,5.35,1.4911289,0.716156364336607,0.7954939341421143,0.016560754862314654,0.6273830155979203,,0,True
SZ002443,12.67,4.4832587,0.7777777777777778,0.7781629116117851,0.04891199691892933,0.6362410937800885,,0,True
SZ002444,26.84,2.4450383,0.3283265934912382,0.3986135181975737,0.29636048526863085,0.43597150009628344,,0,True
SZ002445,3.0800002,1.8165083,0.7365684575389948,0.6888118621220874,0.5825149239360677,0.2176006162141344,,0,True
SZ002446,7.5800004,1.9460247,0.5882919314461775,0.6863084922010398,0.4394377046023493,0.6926632004621606,,0,True
SZ002448,10.9,1.6113607,0.5476603119584056,0.3993837858655883,0.7446562680531484,0.16888118621220874,,0,True
SZ002449,6.5499997,0.57065696,0.5010591180435201,0.3689582129790102,0.44348160985942614,0.4600423647217408,,0,True
SZ002451,7.6900005,1.2981308,0.5430387059503178,0.4417485076063932,0.6701328711727326,0.13845561332563067,,0,True
SZ002452,11.37,1.590152,0.4432890429424225,0.24359715000962834,0.7038320816483729,0.10206046601193915,,0,True
SZ002453,4.79,1.8586531,0.7906797612170229,0.9166185249374158,0.07086462545734643,0.9766994030425573,量能波动;量能比,2,False
SZ002454,5.61,0.44818667,0.2828808010783747,0.6822645869439631,0.9774696707105719,0.8322742152898132,量能动量;量能比,2,False
SZ002455,6.8,1.6565051,0.6389370306181398,0.3400731754284614,0.5091469285576737,0.2975158867706528,,0,True
SZ002456,6.49,4.1112,0.6770652801848642,0.5723088773348739,0.35894473329481996,0.45272482187560176,,0,True
SZ002457,11.309999,3.622101,0.9037165414981706,0.6537646832274215,0.75736568457539,0.049489697669940304,量能水平,1,False
SZ002458,8.09,2.8846054,0.5950317735413057,0.39302907760446754,0.19449258617369536,0.1088003081070672,,0,True
SZ002459,6.7400002,1.8983572,0.9195070286924706,0.8844598497978048,0.821683034854612,0.5303292894280762,量能水平;量能波动;量能动量,3,False
SZ002460,43.43,12.062788,0.6158290005777007,0.5336029270171384,0.7664163296745619,0.7614095898324668,,0,True
SZ002461,8.389999,0.32823753,0.13768534565761603,0.3733872520700944,0.8187945310995571,0.8316965145388022,量能动量;量能比,2,False
SZ002462,12.26,0.28403714,0.12824956672443674,0.03119584055459272,0.4138263046408627,0.4482957827845176,,0,True
SZ002463,115.93,55.42315,0.8686693626035047,0.8838821490467937,0.4662045060658579,0.521471211245908,量能水平;量能波动,2,False
SZ002465,9.89,4.332272,0.8808010783747352,0.9162333911034084,0.6302715193529752,0.782206816868862,量能水平;量能波动,2,False
SZ002466,40.25,12.072634,0.8632774889274023,0.706528018486424,0.5247448488349702,0.4623531677257847,量能水平,1,False
SZ002467,4.8799996,2.3910205,0.7544771808203351,0.9054496437512035,0.4427113421914115,0.9792027729636048,量能波动;量能比,2,False
SZ002468,14.6,2.110632,0.8557673791642596,0.3161948777200077,0.19179664933564414,0.2021952628538417,量能水平,1,False
SZ002469,6.06,0.55901766,0.332948199499326,0.3947621798575005,0.04236472174080493,0.08569227806662816,,0,True
SZ002470,1.9800001,5.4185505,0.9961486616599268,0.9389562873098402,0.16522241478913924,0.020219526285384173,量能水平;量能波动,2,False
SZ002471,5.12,3.6634762,0.885422684382823,0.9458886963219719,0.170999422299249,0.7945310995570961,量能水平;量能波动,2,False
SZ002472,38.089996,8.738195,0.7979973040631619,0.8931253610629694,0.7625649913344887,0.4521471211245908,量能波动,1,False
SZ002474,6.38,1.2439034,0.7022915463123436,0.9218178316965145,0.9564798767571732,0.9214326978625073,量能波动;量能动量;量能比,3,False
SZ002475,49.43,44.32808,0.5686501059118043,0.5669170036587714,0.544001540535336,0.35470826112073944,,0,True
SZ002476,4.8199997,0.3996741,0.2932794145965723,0.3608704024648565,0.4369343346813018,0.4078567302137493,,0,True
SZ002478,6.28,1.3621898,0.6454843057962643,0.8507606393221645,0.2853841709994223,0.5634507991527056,量能波动,1,False
SZ002479,5.78,0.8318481,0.511842865395725,0.23955324475255152,0.4619680338917774,0.1775466974773734,,0,True
SZ002480,5.48,0.52939767,0.6144810321586751,0.9275948392066243,0.989793953398806,0.9944155594068939,量能波动;量能动量;量能比,3,False
SZ002481,4.28,0.73106384,0.2457153860966686,0.09936452917388792,0.4301944925861737,0.09069901790872328,,0,True
SZ002482,1.4,0.94990224,0.9491623339110341,0.9813210090506451,0.7827845176198729,0.8852301174658194,量能水平;量能波动;量能比,3,False
SZ002483,5.84,1.5848973,0.803004043905257,0.5087617947236664,0.332948199499326,0.04024648565376468,量能水平,1,False
SZ002484,51.32,21.951126,0.7698825341806278,0.6701328711727326,0.2925091469285577,0.3396880415944541,,0,True
SZ002486,2.66,0.9310412,0.6372039283651069,0.267475447718082,0.6959368380512228,0.13768534565761603,,0,True
SZ002487,46.29,24.235598,0.9684190256113999,0.9505103023300597,0.8979395339880608,0.8902368573079145,量能水平;量能波动;量能动量;量能比,4,False
SZ002488,7.2299995,1.125782,0.39206624301944926,0.4269208549971115,0.3481609859426151,0.3237049874831504,,0,True
SZ002489,2.88,0.9391348,0.5900250336992104,0.6616599268245715,0.25245522819179667,0.5701906412478336,,0,True
SZ002490,6.91,3.2850478,0.9316387444637011,0.7454265357211631,0.20296553052185634,0.002695936838051223,量能水平,1,False
SZ002491,20.039999,38.233383,0.9811284421336415,0.9480069324090121,0.13190833814750627,0.3658771423069517,量能水平;量能波动,2,False
SZ002492,6.3600006,0.52503914,0.3348738686693626,0.3693433468130175,0.23011746581937223,0.7716156364336607,,0,True
SZ002493,13.329999,6.535271,0.7843250529559022,0.7862507221259387,0.5815520893510495,0.6820720200269593,,0,True
SZ002494,5.0499997,0.7545639,0.7390718274600424,0.9824764105526671,0.9892162526477951,0.9797804737146159,量能波动;量能动量;量能比,3,False
SZ002495,2.43,0.47249785,0.44020797227036396,0.1998844598497978,0.5869439630271519,0.5334103601001348,,0,True
SZ002496,2.1000001,0.5730714,0.6387444637011361,0.5226266127479299,0.2512998266897747,0.1517427305988831,,0,True
SZ002497,15.700001,3.864808,0.6807240516079338,0.4592720970537262,0.6243019449258618,0.41093780088580784,,0,True
SZ002498,6.11,6.219788,0.9474292316580012,0.8873483535528596,0.05295590217600616,0.016753321779318313,量能水平;量能波动,2,False
SZ002500,5.18,1.0627332,0.806470248411323,0.7500481417292509,0.2303100327363759,0.3830155979202773,量能水平,1,False
SZ002501,1.3,0.3682843,0.747737338725207,0.5958020412093202,0.845368765646062,0.2663200462160601,量能动量,1,False
SZ002506,2.38,4.411315,0.9965337954939342,0.870787598690545,0.6847679568650106,0.4581166955517042,量能水平;量能波动,2,False
SZ002507,11.200001,1.0207545,0.29077604467552476,0.3082996341228577,0.8677065280184865,0.17138455613325632,量能动量,1,False
SZ002508,17.109999,1.4050328,0.2507221259387637,0.33179279799730405,0.8921625264779511,0.4525322549585981,量能动量,1,False
SZ002510,5.82,1.5214088,0.7619872905834778,0.7388792605430387,0.9297130752936645,0.3581744656268053,量能动量,1,False
SZ002511,6.9900002,0.6072653,0.32717119198921624,0.19487772000770268,0.853264009243212,0.44309647602541885,量能动量,1,False
SZ002512,3.76,0.8412909,0.6718659734257655,0.5909878682842288,0.6308492201039861,0.25900250336992103,,0,True
SZ002513,5.8600006,0.5334544,0.7989601386481803,0.9919121894858464,0.9967263624109378,0.9372231850568072,量能波动;量能动量;量能比,3,False
SZ002514,2.4099998,1.3012784,0.9281725399576353,0.7689196995956095,0.41767764298093585,0.09724629308684768,量能水平,1,False
SZ002515,7.0499997,6.0060716,0.9368380512228,0.7648757943385326,0.35432312728673215,0.11476988253418063,量能水平,1,False
SZ002516,5.53,1.374373,0.37666088965915656,0.5470826112073945,0.5624879645676872,0.3870595031773541,,0,True
SZ002517,16.01,8.372966,0.7704602349316387,0.6239168110918544,0.20546890044290392,0.06643558636626228,,0,True
SZ002518,34.05,6.8698373,0.6859233583670326,0.5757750818409397,0.4577315617176969,0.17908723281340266,,0,True
SZ002519,5.5699997,3.6345258,0.8549971114962449,0.8669362603504718,0.2697862507221259,0.3516271904486809,量能水平;量能波动,2,False
SZ002520,6.27,1.6749517,0.6903523974581167,0.8644328904294242,0.8721355671095706,0.8686693626035047,量能波动;量能动量;量能比,3,False
SZ002521,6.19,0.25225088,0.27440785673021373,0.3807047949162334,0.09551319083381475,0.6291161178509532,,0,True
SZ002522,5.26,3.0487473,0.8309262468707876,0.8392066243019449,0.011361448103215868,0.3292894280762565,量能水平;量能波动,2,False
SZ002523,3.3999999,0.5511157,0.29462738301559793,0.4371269015983054,0.8551896784132486,0.7533217793183131,量能动量,1,False
SZ002524,4.13,0.55260634,0.6418255343731947,0.8673213941844791,0.9216252647795109,0.8969766994030426,量能波动;量能动量;量能比,3,False
SZ002526,2.5900002,0.51713,0.5782784517619873,0.5351434623531677,0.42518775274407855,0.4461775466974774,,0,True
SZ002527,10.59,0.55531,0.284421336414404,0.5239745811669555,0.7188523011746581,0.6497207779703447,,0,True
SZ002528,6.1700006,2.1654918,0.8752166377816292,0.6637781629116117,0.1340265742345465,0.15482380127094164,量能水平,1,False
SZ002529,6.75,0.33831453,0.5438089736183324,0.4621606008087811,0.42807625649913345,0.49335644136337375,,0,True
SZ002530,7.0199995,0.6379812,0.37608318890814557,0.170999422299249,0.2208742538031966,0.4199884459849798,,0,True
SZ002531,7.9799995,9.460396,0.9204698632774889,0.9031388407471597,0.8863855189678413,0.8343924513768535,量能水平;量能波动;量能动量;量能比,4,False
SZ002532,12.18,7.493833,0.8378586558829193,0.7544771808203351,0.4186404775659542,0.3348738686693626,量能水平,1,False
SZ002533,10.789999,0.5418867,0.14866165992682456,0.02811476988253418,0.56210283073368,0.4800693240901213,,0,True
SZ002534,17.099998,1.7570641,0.7132678605815521,0.6528018486424032,0.43212016175621026,0.6160215674947044,,0,True
SZ002535,2.47,0.3897942,0.6728288080107837,0.5461197766223763,0.48430579626420184,0.5312921240130946,,0,True
SZ002536,45.38,27.862118,0.9015983054111304,0.7783554785287887,0.055266705180050064,0.04698632774889274,量能水平,1,False
SZ002537,5.6600003,1.9449637,0.7691122665126131,0.7215482380127094,0.03832081648372809,0.07336799537839399,,0,True
SZ002538,6.7500005,0.49498713,0.1765838628923551,0.6350856922780667,0.9474292316580012,0.8827267475447718,量能动量;量能比,2,False
SZ002539,11.75,1.6667444,0.3756980550741383,0.26150587329096864,0.0415944540727903,0.17542846139033313,,0,True
SZ002540,4.9900002,0.46733153,0.16040824186404776,0.43674176776429807,0.48083959175813595,0.6447140381282496,,0,True
SZ002541,18.36,2.0018487,0.5470826112073945,0.8139803581744657,0.5884844983631812,0.9416522241478914,量能波动;量能比,2,False
SZ002542,1.64,0.28026253,0.1733102253032929,0.349316387444637,0.7415751973810899,0.5006739842095128,,0,True
SZ002543,7.2599998,1.2597746,0.49220103986135183,0.37435008665511266,0.7989601386481803,0.3194685153090699,,0,True
SZ002544,15.170001,1.5296164,0.28596187175043325,0.30329289428076256,0.7207779703446948,0.6757173117658386,,0,True
SZ002545,13.849999,2.9492018,0.6512613133063739,0.7777777777777778,0.9179664933564413,0.8461390333140767,量能动量;量能比,2,False
SZ002546,7.34,0.7505267,0.24359715000962834,0.25861736953591374,0.10860774119006354,0.21837088388214904,,0,True
SZ002547,2.58,0.67519385,0.5757750818409397,0.5998459464663971,0.8752166377816292,0.8831118813787792,量能动量;量能比,2,False
SZ002548,3.94,1.5609668,0.8072405160793376,0.6096668592335837,0.15289813210090505,0.09455035624879646,量能水平,1,False
SZ002549,12.29,1.7500637,0.3787791257461968,0.22145195455420758,0.382052763335259,0.25996533795493937,,0,True
SZ002550,6.5899997,0.67854834,0.2251107259772771,0.6529944155594068,0.9693818601964183,0.8432505295590218,量能动量;量能比,2,False
SZ002551,3.4099998,0.4373227,0.5661467359907568,0.6838051222799924,0.8203350664355864,0.7225110725977277,量能动量,1,False
SZ002552,44.39,13.501579,0.8097438860003852,0.6298863855189678,0.41267090313884075,0.10591180435201232,量能水平,1,False
SZ002553,16.97,2.9139733,0.5393799345272482,0.7953013672251107,0.9720777970344695,0.8967841324860389,量能动量;量能比,2,False
SZ002554,2.71,0.6384643,0.5418833044482958,0.37704602349316385,0.4496437512035432,0.09897939533988061,,0,True
SZ002555,17.199999,4.029454,0.34912382052763336,0.39726554977854805,0.46312343539379935,0.15520893510494896,,0,True
SZ002556,5.06,0.8189776,0.5578663585595994,0.2120161756210283,0.4904679376083189,0.07317542846139033,,0,True
SZ002557,18.34,1.1019795,0.38224533025226265,0.3550933949547468,0.7874061236279607,0.511842865395725,,0,True
SZ002558,22.5,13.205853,0.9358752166377816,0.8861929520508377,0.7163489312536107,0.5156942037357982,量能水平;量能波动,2,False
SZ002559,8.54,1.6022633,0.5449643751203543,0.545156942037358,0.2851916040824186,0.3127286732139418,,0,True
SZ002560,6.29,4.5608196,0.9048719430001926,0.8576930483342962,0.32736375890621994,0.18139803581744657,量能水平;量能波动,2,False
SZ002561,7.3099995,1.0160834,0.787213556710957,0.45388022337762374,0.23878297708453688,0.009628345850182938,,0,True
SZ002562,4.9300003,1.251584,0.5969574427113422,0.7978047371461583,0.7868284228769498,0.7492778740612362,,0,True
SZ002563,5.4500003,0.7282095,0.6065857885615251,0.536683997689197,0.3325630656653187,0.4544579241286347,,0,True
SZ002564,5.18,2.1897407,0.9372231850568072,0.9926824571538609,0.7639129597535144,0.9083381475062584,量能水平;量能波动;量能比,3,False
SZ002565,8.44,6.313639,0.8515309069901791,0.9073753129212402,0.9516657038320816,0.9025611399961486,量能水平;量能波动;量能动量;量能比,4,False
SZ002566,7.06,0.41771904,0.4673599075678798,0.2199114192181783,0.37954939341421146,0.276526092817254,,0,True
SZ002567,3.7,1.2437376,0.7527440785673022,0.5821297901020605,0.15578663585595995,0.15790487194300018,,0,True
SZ002568,19.490002,2.216345,0.27748892740227227,0.5143462353167726,0.8792605430387059,0.9431927594839207,量能动量;量能比,2,False
SZ002569,12.059999,0.21158946,0.19121894858463315,0.25014442518775276,0.7800885807818216,0.6774504140188715,,0,True
SZ002570,4.4199996,0.95024127,0.9039091084151742,0.9530136722511072,0.9574427113421914,0.5022145195455421,量能水平;量能波动;量能动量,3,False
SZ002571,10.42,0.58312535,0.2070094357789332,0.23242826882341613,0.7460042364721741,0.17292509146928559,,0,True
SZ002572,7.7200003,0.68234915,0.14731369150779897,0.38686693626035046,0.949740034662045,0.8459464663970729,量能动量;量能比,2,False
SZ002573,3.1399999,0.3351819,0.33179279799730405,0.25746196803389176,0.8072405160793376,0.5742345465049105,量能动量,1,False
SZ002574,4.98,0.5523269,0.7367610244559984,0.7069131523204314,0.42769112266512616,0.18929327941459656,,0,True
SZ002575,5.0,1.0689826,0.5351434623531677,0.7165414981706143,0.18505680724051607,0.8093587521663779,量能比,1,False
SZ002576,14.380001,0.29490268,0.12131715771230503,0.11862122087425381,0.7513961101482766,0.7427305988831119,,0,True
SZ002577,20.68,1.4993271,0.5805892547660312,0.45734642788368957,0.07895243597150009,0.3289042942422492,,0,True
SZ002578,4.14,1.0815749,0.5499711149624494,0.2979010206046601,0.6668592335836703,0.23570190641247835,,0,True
SZ002579,16.88,22.73482,0.9468515309069901,0.9464663970729829,0.43327556325823224,0.4993260157904872,量能水平;量能波动,2,False
SZ002580,19.519999,11.135379,0.8856152512998267,0.878105141536684,0.869054496437512,0.2570768341998845,量能水平;量能波动;量能动量,3,False
SZ002581,5.1,0.3827822,0.3466204506065858,0.3980358174465627,0.08992875024070865,0.33602927017138456,,0,True
SZ002582,9.389999,1.6070447,0.6531869824764106,0.4885422684382823,0.3100327363758906,0.0714423262083574,,0,True
SZ002583,8.07,1.9796091,0.4781436549200847,0.9104563835932987,0.9680338917773926,0.9780473714615829,量能波动;量能动量;量能比,3,False
SZ002584,8.79,6.802367,0.9283651068746389,0.9210475640284999,0.1733102253032929,0.7870209897939534,量能水平;量能波动,2,False
SZ002585,10.349999,11.762952,0.9948006932409013,0.9903716541498171,0.01694588869632197,0.5295590217600616,量能水平;量能波动,2,False
SZ002586,3.62,0.30418465,0.14018871557866358,0.13710764490660504,0.8709801656075487,0.2362796071634893,量能动量,1,False
SZ002587,5.29,0.59013826,0.1163104178702099,0.08742538031966109,0.7408049297130753,0.5058732909686116,,0,True
SZ002588,7.4500003,1.2526219,0.2921240130945504,0.1962256884267283,0.341421143847487,0.08010783747352204,,0,True
SZ002589,3.2700002,3.977748,0.886578085884845,0.9597535143462353,0.0038513383400731755,0.7976121702291546,量能水平;量能波动,2,False
SZ002590,9.55,0.50182295,0.08049297130752936,0.027151935297515885,0.6772578471018679,0.36857307914500287,,0,True
SZ002591,6.5099998,0.7096817,0.40920469863277487,0.38340073175428463,0.6651261313306374,0.44714038128249567,,0,True
SZ002593,4.5699997,0.56476855,0.3350664355863663,0.26420181012901983,0.5553629886385519,0.35701906412478335,,0,True
SZ002594,83.31,20.139345,0.7829770845368765,0.47564028499903716,0.40419795879067977,0.41729250914692856,,0,True
SZ002595,38.4,1.9907656,0.04852686308492201,0.06142884652416715,0.35490082803774314,0.2335836703254381,,0,True
SZ002596,3.22,0.9206596,0.6466397072982861,0.6859233583670326,0.019641825534373193,0.48122472559214324,,0,True
SZ002597,21.23,1.5391189,0.25996533795493937,0.11823608704024649,0.12439822838436357,0.039668784902753704,,0,True
SZ002599,5.5000005,0.3905731,0.18313113807047948,0.4353937993452725,0.2840362025803967,0.7163489312536107,,0,True
SZ002600,11.880001,12.307784,0.9379934527248219,0.8184093972655497,0.259580204120932,0.09705372616984402,量能水平;量能波动,2,False
SZ002601,14.709999,2.0235217,0.6350856922780667,0.4342383978432505,0.6006162141344117,0.12921240130945505,,0,True
SZ002602,13.8,16.42969,0.8744463701136145,0.7596764875794338,0.15155016368187946,0.08588484498363182,量能水平,1,False
SZ002603,15.35,1.6831461,0.6262276140958983,0.4689004429039091,0.7745041401887156,0.6591565569035239,,0,True
SZ002605,16.470001,0.6569005,0.1405738494126709,0.03697284806470248,0.2651646447140381,0.12593876372039284,,0,True
SZ002606,11.950001,1.5029011,0.503947621798575,0.4606200654727518,0.39822838436356633,0.3213941844791065,,0,True
SZ002607,1.85,2.6002595,0.9533988060851146,0.884267282880801,0.44251877527440786,0.5509339495474678,量能水平;量能波动,2,False
SZ002608,7.3399997,1.2119969,0.7987675717311766,0.6626227614095899,0.7979973040631619,0.1294049682264587,,0,True
SZ002609,7.87,0.36435944,0.05854034276911227,0.16734065087617947,0.7669940304255729,0.7831696514538802,,0,True
SZ002611,13.98,2.3053498,0.3152320431349894,0.5642210668207202,0.8969766994030426,0.9526285384170999,量能动量;量能比,2,False
SZ002612,16.72,1.563876,0.7357981898709801,0.8549971114962449,0.9239360677835547,0.8478721355671096,量能波动;量能动量;量能比,3,False
SZ002613,3.3500001,1.7716529,0.8376660889659157,0.8977469670710572,0.09223955324475255,0.4667822068168689,量能水平;量能波动,2,False
SZ002614,7.76,2.8874867,0.8840747159637974,0.9924898902368573,0.9974966300789524,1.0,量能水平;量能波动;量能动量;量能比,4,False
SZ002615,6.2299995,0.42281172,0.1386481802426343,0.16271904486809166,0.34507991527055654,0.6485653764683228,,0,True
SZ002616,4.84,0.3892913,0.13518197573656845,0.08761794723666474,0.4442518775274408,0.10533410360100134,,0,True
SZ002617,6.9,8.080686,0.8596187175043327,0.8107067205854034,0.3968804159445407,0.4059310610437127,量能水平;量能波动,2,False
SZ002620,5.34,0.33271995,0.2368573079145003,0.4413633737723859,0.7275178124398228,0.7558251492393607,,0,True
SZ002622,2.53,0.9324472,0.739842095128057,0.8923550933949548,0.505103023300597,0.9709223955324475,量能波动;量能比,2,False
SZ002623,17.990002,1.7360494,0.8977469670710572,0.9262468707875987,0.0373579818987098,0.8598112844213364,量能水平;量能波动;量能比,3,False
SZ002624,9.71,4.8787103,0.8885037550548815,0.6522241478913923,0.47621798575004815,0.30213749277874064,量能水平,1,False
SZ002625,23.57,6.480105,0.45465049104563837,0.6418255343731947,0.9364529173887927,0.9322164452147121,量能动量;量能比,2,False
SZ002626,16.13,0.60373473,0.07972270363951472,0.12959753514346237,0.36568457538994803,0.502792220296553,,0,True
SZ002627,6.5499997,0.82105273,0.3918736761024456,0.1097631426920855,0.34681301752358945,0.09782399383785866,,0,True
SZ002628,4.82,0.94101024,0.6395147313691508,0.49162333911034084,0.4413633737723859,0.3059888311188138,,0,True
SZ002629,4.39,0.67559266,0.5605622953976507,0.23839784325052957,0.23050259965337955,0.2322357019064125,,0,True
SZ002630,1.43,0.22679552,0.3512420566146736,0.8846524167148084,0.9907567879838244,0.9663007895243597,量能波动;量能动量;量能比,3,False
SZ002631,13.4800005,6.1860647,0.8582707490853071,0.838051222799923,0.3624109378008858,0.7841324860388985,量能水平;量能波动,2,False
SZ002632,8.940001,3.073745,0.6891969959560947,0.3591373002118236,0.15097246293086847,0.02638166762950125,,0,True
SZ002633,15.2300005,0.45462057,0.20623916811091855,0.7265549778548045,0.9684190256113999,0.9951858270749085,量能动量;量能比,2,False
SZ002634,3.92,0.20334107,0.04968226458694396,0.14769882534180628,0.035239745811669554,0.6880415944540728,,0,True
SZ002635,14.12,2.9491017,0.6123627960716349,0.8650105911804352,0.9659156556903524,0.9880608511457731,量能波动;量能动量;量能比,3,False
SZ002636,79.450005,47.701035,0.8655882919314462,0.85210860774119,0.1644521471211246,0.45561332563065665,量能水平;量能波动,2,False
SZ002637,10.370001,2.659177,0.7958790679761217,0.5309069901790873,0.731946851530907,0.16194877720007703,,0,True
SZ002638,4.77,1.9809779,0.81263238975544,0.9410745233968805,0.9406893895628731,0.9385711534758329,量能水平;量能波动;量能动量;量能比,4,False
SZ002639,13.59,12.604003,0.9572501444251877,0.9406893895628731,0.5513190833814751,0.4465626805314847,量能水平;量能波动,2,False
SZ002640,3.91,6.6989746,0.934527248218756,0.9842095128057,0.9501251684960523,0.9562873098401694,量能水平;量能波动;量能动量;量能比,4,False
SZ002641,3.8,0.29336858,0.09320238782977085,0.07317542846139033,0.8779125746196803,0.3912959753514346,量能动量,1,False
SZ002642,6.92,0.69924027,0.4076641632967456,0.5553629886385519,0.10764490660504525,0.7683419988445985,,0,True
SZ002643,12.52,1.870619,0.38340073175428463,0.31022530329289427,0.40804929713075294,0.23762757558251493,,0,True
SZ002644,8.26,0.43723655,0.0602734450221452,0.09570575775081841,0.19892162526477952,0.42306951665703835,,0,True
SZ002645,16.85,3.292397,0.4521471211245908,0.5128056999807433,0.3150394762179857,0.5734642788368958,,0,True
SZ002646,7.14,0.7711716,0.7943385326400925,0.9772771037935682,0.9570575775081841,0.968996726362411,量能波动;量能动量;量能比,3,False
SZ002647,11.08,2.401381,0.340265742345465,0.6458694396302715,0.0284999037165415,0.8484498363181205,量能比,1,False
SZ002648,26.51,9.15665,0.5495859811284421,0.6323897554400154,0.764105526670518,0.47332948199499325,,0,True
SZ002649,9.14,0.9516201,0.22453302522626611,0.12112459079530137,0.14885422684382824,0.1550163681879453,,0,True
SZ002650,6.44,0.3167875,0.030618139803581745,0.40015405353360295,0.15674947044097823,0.942422491815906,量能比,1,False
SZ002651,7.8899994,1.959317,0.708838821490468,0.27806662815328326,0.12632389755440016,0.004043905257076834,,0,True
SZ002652,4.42,1.0611495,0.3866743693433468,0.10071249759291354,0.5180050067398421,0.0878105141536684,,0,True
SZ002653,62.179996,3.194074,0.14404005391873675,0.3017523589447333,0.8987098016560755,0.6709031388407471,量能动量,1,False
SZ002654,12.240001,5.0487247,0.5777007510109763,0.35528596187175043,0.5944540727902946,0.275948392066243,,0,True
SZ002655,32.539997,9.469431,0.6501059118043521,0.4829578278451762,0.6362410937800885,0.23839784325052957,,0,True
SZ002656,2.8300002,0.30536827,0.45907953013672254,0.4330829963412286,0.26612747929905645,0.6008087810514153,,0,True
SZ002657,14.6,1.2192217,0.5259002503369921,0.4038128249566724,0.12459079530136723,0.32043134989408817,,0,True
SZ002658,7.1299996,0.37205392,0.10129019834392451,0.2896206431735028,0.7627575582514924,0.5611399961486616,,0,True
SZ002659,4.7000003,0.6080715,0.5940689389562873,0.5986905449643751,0.2628538417099942,0.6936260350471789,,0,True
SZ002660,7.97,1.1428368,0.6672443674176777,0.3585595994608126,0.25110725977277104,0.006547275178124398,,0,True
SZ002661,7.5599995,1.088105,0.5551704217215483,0.19179664933564414,0.23088773348738686,0.015983054111303678,,0,True
SZ002662,3.1200001,0.31885663,0.25399576352782594,0.38128249566724437,0.6152512998266898,0.6787983824378971,,0,True
SZ002663,1.75,0.46496284,0.6668592335836703,0.5168496052378202,0.6389370306181398,0.7993452724821876,,0,True
SZ002664,14.3099985,0.5028085,0.11188137877912574,0.17292509146928559,0.7357981898709801,0.5424610051993067,,0,True
SZ002666,4.21,0.41282147,0.2227999229732332,0.4977854804544579,0.49913344887348354,0.7991527055651839,,0,True
SZ002668,8.66,1.2720163,0.22491815906027343,0.36125553629886387,0.04987483150394762,0.3152320431349894,,0,True
SZ002669,13.730001,4.0578794,0.7668014635085693,0.8035817446562681,0.6632004621606008,0.926632004621606,量能波动;量能比,2,False
SZ002670,11.18,3.4979193,0.6231465434238398,0.4375120354323127,0.2647795108800308,0.03543231272867321,,0,True
SZ002671,4.06,0.3652779,0.30387059503177355,0.19275948392066242,0.6117850953206239,0.48353552859618715,,0,True
SZ002672,3.7,0.55160373,0.5790487194300019,0.9010206046601194,0.8871557866358559,0.9953783939919122,量能波动;量能动量;量能比,3,False
SZ002673,6.59,1.4917235,0.6408626997881763,0.4964375120354323,0.4698632774889274,0.3479684190256114,,0,True
SZ002674,19.82,2.4065096,0.602734450221452,0.42249181590602736,0.25803966878490275,0.267475447718082,,0,True
SZ002675,12.9,0.6181141,0.12959753514346237,0.19352975158867705,0.8488349701521278,0.6306566531869825,量能动量,1,False
SZ002676,5.1600003,0.49666688,0.1681109185441941,0.04255728865780859,0.7704602349316387,0.6187175043327556,,0,True
SZ002677,6.13,0.41467732,0.041979587906797615,0.3289042942422492,0.45734642788368957,0.9408819564798767,量能比,1,False
SZ002678,4.42,0.5580506,0.47679568650105913,0.0658578856152513,0.6341228576930483,0.08954361640670133,,0,True
SZ002679,11.65,2.5648546,0.7356056229539765,0.8540342769112267,0.9740034662045061,0.7899094935490083,量能波动;量能动量,2,False
SZ002681,4.4399996,1.6804299,0.24321201617562102,0.2414789139225881,0.030425572886578087,0.2782591950702869,,0,True
SZ002682,4.88,1.1968504,0.5359137300211824,0.6468322742152898,0.45291738879260546,0.6705180050067399,,0,True
SZ002683,27.86,1.9446692,0.21182360870402464,0.23878297708453688,0.8411322934719815,0.3115732717119199,量能动量,1,False
SZ002685,5.17,1.5353231,0.5374542653572116,0.48411322934719814,0.1727325245522819,0.36221837088388215,,0,True
SZ002686,6.08,0.6384402,0.3109955709609089,0.130367802811477,0.7816291161178509,0.3052185634507992,,0,True
SZ002687,5.5800004,1.1234155,0.4386674369343347,0.7654534950895436,0.008087810514153668,0.8698247641055267,量能比,1,False
SZ002688,5.2000003,0.5412693,0.3208164837280955,0.14558058925476602,0.17215482380127095,0.06162141344117081,,0,True
SZ002690,15.429999,0.59062994,0.01405738494126709,0.15559406893895628,0.49066050452532256,0.8563450799152705,量能比,1,False
SZ002692,4.2200003,0.523904,0.2720970537261698,0.18794531099557096,0.12131715771230503,0.2994415559406894,,0,True
SZ002693,9.22,1.2653697,0.6069709223955324,0.46312343539379935,0.44059310610437125,0.6716734065087618,,0,True
SZ002695,10.78,0.84415567,0.3179279799730406,0.48122472559214324,0.8663585595994608,0.724051607933757,量能动量,1,False
SZ002696,6.58,2.2088737,0.8388214904679376,0.6938186019641825,0.26593491238205275,0.08896591565569036,量能水平,1,False
SZ002697,4.7300005,1.0373706,0.32197188523011744,0.07279029462738301,0.7157712305025996,0.12901983439245138,,0,True
SZ002698,11.1,0.80441993,0.25900250336992103,0.1775466974773734,0.2857693048334296,0.19969189293279416,,0,True
SZ002700,6.3399997,0.3220375,0.11977662237627576,0.16021567494704408,0.7958790679761217,0.42711342191411517,,0,True
SZ002701,4.3199997,0.8380145,0.2703639514731369,0.2568842672828808,0.8904294242249181,0.6499133448873483,量能动量,1,False
SZ002702,5.38,3.2825916,0.8076256499133448,0.6799537839399191,0.24244174850760639,0.08530714423262084,量能水平,1,False
SZ002703,15.649999,7.504749,0.9004429039091084,0.8856152512998267,0.2848064702484113,0.35239745811669554,量能水平;量能波动,2,False
SZ002705,11.62,0.7931816,0.29982668977469673,0.7419603312150973,0.6356633930290776,0.9493549008280378,量能比,1,False
SZ002706,8.34,2.3045304,0.35528596187175043,0.13518197573656845,0.41363373772385903,0.04563835932986713,,0,True
SZ002707,5.03,1.1073049,0.3751203543231273,0.15578663585595995,0.3681879453109956,0.15328326593491237,,0,True
SZ002708,17.43,7.6585793,0.8499903716541498,0.8162911611785095,0.8563450799152705,0.37435008665511266,量能水平;量能波动;量能动量,3,False
SZ002709,31.2,11.18152,0.29347198151357595,0.14673599075678798,0.7215482380127094,0.6587714230695166,,0,True
SZ002712,5.0,0.903106,0.6599268245715386,0.5719237435008665,0.6641632967456191,0.3643366069709224,,0,True
SZ002713,9.8,1.7765111,0.6851530906990179,0.42306951665703835,0.14615829000577701,0.25630656653186984,,0,True
SZ002714,42.45,15.136529,0.40458309262468706,0.49720777970344693,0.6953591373002118,0.4319275948392066,,0,True
SZ002715,13.280001,0.33730885,0.11476988253418063,0.186789909493549,0.3406508761794724,0.5990756787983824,,0,True
SZ002716,8.77,16.318493,0.9845946466397073,0.9433853264009243,0.22029655305218562,0.11881378779125747,量能水平;量能波动,2,False
SZ002717,0.61999995,0.47179136,0.6581937223185057,0.9025611399961486,0.00019256691700365877,0.8026189100712497,量能波动;量能比,2,False
SZ002718,79.57,0.8230361,0.04294242249181591,0.3568264972077797,0.8727132678605816,0.9326015790487194,量能动量;量能比,2,False
SZ002719,6.1800003,0.20143805,0.45041401887155785,0.44251877527440786,0.729636048526863,0.5047178894665897,,0,True
SZ002721,2.59,3.1778138,0.9568650105911805,0.739264394377046,0.17619872905834777,0.005006739842095128,量能水平,1,False
SZ002722,13.13,0.29899073,0.08935104948969767,0.1284421336414404,0.7621798575004815,0.6961294049682265,,0,True
SZ002723,7.31,0.6072354,0.34507991527055654,0.27460042364721743,0.3133063739649528,0.7590987868284229,,0,True
SZ002724,6.9799995,2.0047588,0.761794723666474,0.7269401116888119,0.3264009243212016,0.9037165414981706,量能比,1,False
SZ002725,10.81,0.3729019,0.13961101482765262,0.24070864625457347,0.4415559406893896,0.5355285961871751,,0,True
SZ002726,2.22,1.3652513,0.7429231658001155,0.7854804544579241,0.9468515309069901,0.5636433660697092,量能动量,1,False
SZ002727,10.719999,0.5111418,0.20142499518582707,0.1686886192952051,0.7839399191218949,0.39052570768342,,0,True
SZ002728,9.910001,1.6089647,0.422684382823031,0.2630464086269979,0.6778355478528789,0.6504910456383594,,0,True
SZ002729,13.63,0.46057445,0.0845368765646062,0.1088003081070672,0.5640284999037165,0.4846909300982091,,0,True
SZ002730,20.55,2.0831666,0.27402272289620644,0.24918159060273445,0.2322357019064125,0.3082996341228577,,0,True
SZ002732,14.269999,0.21976618,0.08203350664355864,0.20103986135181975,0.5143462353167726,0.544001540535336,,0,True
SZ002733,17.17,1.92688,0.5174273059888311,0.3778162911611785,0.4236472174080493,0.46023493163874446,,0,True
SZ002734,18.529999,4.40872,0.5877142306951666,0.6936260350471789,0.6160215674947044,0.8428653957250144,量能比,1,False
SZ002735,10.7,3.8474004,0.6476025418833045,0.6695551704217215,0.21490467937608318,0.20777970344694782,,0,True
SZ002736,9.8,1.8571824,0.6341228576930483,0.576160215674947,0.30906990179087235,0.2667051800500674,,0,True
SZ002737,11.4,0.46328092,0.21721548238012708,0.07028692470633545,0.7203928365106874,0.4352012324282688,,0,True
SZ002738,42.5,9.180545,0.4455998459464664,0.5411130367802811,0.4702484113229347,0.6739842095128057,,0,True
SZ002739,8.22,3.8904605,0.9422299248989023,0.5861736953591373,0.6368187945310996,0.2742152898132101,量能水平,1,False
SZ002741,24.909998,7.939523,0.7642980935875217,0.8892740227228962,0.5786635855959946,0.92894280762565,量能波动;量能比,2,False
SZ002742,4.16,1.9231814,0.8517234739071827,0.6547275178124399,0.25611399961486614,0.028885037550548817,量能水平,1,False
SZ002745,11.56,6.0120006,0.9724629308684768,0.9066050452532255,0.5981128442133642,0.4506065857885615,量能水平;量能波动,2,False
SZ002746,6.22,1.0936183,0.12805699980743307,0.06682072020026959,0.42287694974003465,0.14269208549971116,,0,True
SZ002747,28.219997,7.8545356,0.2611207394569613,0.4249951858270749,0.665318698247641,0.6393221644521471,,0,True
SZ002748,12.089999,0.47950235,0.24610051993067592,0.08087810514153669,0.3502792220296553,0.2932794145965723,,0,True
SZ002749,8.51,0.25461102,0.0219526285384171,0.0028885037550548816,0.6818794531099557,0.05257076834199884,,0,True
SZ002752,6.0899997,0.7088033,0.27864432890429425,0.1527055651839014,0.5586366262276141,0.12632389755440016,,0,True
SZ002753,6.74,0.5784581,0.27017138455613326,0.1769689967263624,0.4465626805314847,0.15617176968996727,,0,True
SZ002755,13.55,1.6558309,0.5033699210475641,0.7028692470633545,0.15058732909686115,0.7479299056422106,,0,True
SZ002756,38.989998,3.0097446,0.45965723088773347,0.23531677257847103,0.5717311765838629,0.7211631041787021,,0,True
SZ002757,18.43,4.619774,0.7425380319661082,0.9428076256499134,0.4078567302137493,0.9295205083766609,量能波动;量能比,2,False
SZ002758,8.48,0.84146976,0.34970152127864434,0.26882341613710764,0.6639707298286155,0.09878682842287695,,0,True
SZ002759,13.54,2.3917217,0.600423647217408,0.46023493163874446,0.6716734065087618,0.5472751781243982,,0,True
SZ002760,18.05,0.5295325,0.20296553052185634,0.1638744463701136,0.8395917581359522,0.2428268823416137,量能动量,1,False
SZ002761,7.6800003,1.1478624,0.33005969574427113,0.6019641825534373,0.9809358752166378,0.7718082033506644,量能动量,1,False
SZ002762,9.26,0.81237936,0.3591373002118236,0.4444444444444444,0.8813787791257462,0.6535721163104179,量能动量,1,False
SZ002763,7.36,0.29630563,0.12382052763335259,0.12035432312728674,0.6383593298671288,0.512420566146736,,0,True
SZ002765,6.75,0.7495231,0.36279607163489314,0.06739842095128057,0.3602927017138456,0.05430387059503177,,0,True
SZ002766,4.02,0.85570896,0.6235316772578471,0.6304640862699789,0.5788561525129983,0.3620258039668785,,0,True
SZ002767,18.160002,0.44026,0.1923743500866551,0.3287117273252455,0.1877527440785673,0.6830348546119777,,0,True
SZ002768,69.81,5.5239396,0.268630849220104,0.4931638744463701,0.29828615443866746,0.925476603119584,量能比,1,False
SZ002769,6.7200003,0.9938741,0.6229539765068361,0.41960331215097246,0.2944348160985943,0.1317157712305026,,0,True
SZ002771,13.639999,1.2271633,0.39052570768342,0.3610629693818602,0.7059503177354131,0.25284036202580396,,0,True
SZ002772,10.58,1.7948824,0.642210668207202,0.40111688811862123,0.24263431542461006,0.06855382245330252,,0,True
SZ002773,21.8,1.5055362,0.42807625649913345,0.8782977084536877,0.9844020797227037,0.9832466782206817,量能波动;量能动量;量能比,3,False
SZ002774,17.31,1.9192142,0.4964375120354323,0.5126131330637397,0.26824571538609665,0.5272482187560177,,0,True
SZ002775,3.4399998,0.35239187,0.348738686693626,0.2811476988253418,0.7741190063547082,0.648372809551319,,0,True
SZ002777,12.650001,0.533092,0.03312150972462931,0.03581744656268053,0.39302907760446754,0.5147313691507799,,0,True
SZ002778,15.839999,0.4726372,0.11669555170421722,0.041787020989793956,0.2520700943577893,0.07086462545734643,,0,True
SZ002779,75.49,2.222757,0.1009050645099172,0.29404968226458694,0.22819179664933564,0.7323319853649143,,0,True
SZ002780,14.499999,1.0278609,0.32351242056614676,0.39052570768342,0.1392258809936453,0.4619680338917774,,0,True
SZ002782,13.990001,1.1016946,0.1536683997689197,0.20431349894088197,0.5056807240516079,0.6734065087617948,,0,True
SZ002783,8.13,0.6054546,0.45156942037357983,0.31735027922202963,0.7236664740997497,0.4689004429039091,,0,True
SZ002785,33.91,2.9988387,0.12921240130945505,0.31311380704794917,0.4482957827845176,0.8444059310610437,量能比,1,False
SZ002786,7.5599995,0.54008466,0.20989793953398805,0.12439822838436357,0.4049682264586944,0.31176583862892354,,0,True
SZ002787,25.51,4.733065,0.7049874831503947,0.3121509724629309,0.2921240130945504,0.1723473907182746,,0,True
SZ002788,10.76,1.4828781,0.5932986712882726,0.6514538802233776,0.6520315809743886,0.6847679568650106,,0,True
SZ002789,14.95,0.4906078,0.4494511842865396,0.5364914307721933,0.7560177161563644,0.27344502214519545,,0,True
SZ002790,6.44,1.9044094,0.7960716348931254,0.80473714615829,0.05180050067398421,0.3000192566917004,量能波动,1,False
SZ002791,15.95,0.59506214,0.4943192759483921,0.667629501251685,0.9295205083766609,0.9287502407086462,量能动量;量能比,2,False
SZ002792,28.82,9.441241,0.8940881956479877,0.8482572694011169,0.014635085692278067,0.2848064702484113,量能水平;量能波动,2,False
SZ002793,4.8199997,1.0516036,0.6104371269015983,0.6237242441748507,0.6705180050067399,0.8328519160408242,量能比,1,False
SZ002795,7.2299995,1.5872265,0.6191026381667629,0.607163489312536,0.05488157134604275,0.3791642595802041,,0,True
SZ002796,25.94,3.483554,0.5647987675717312,0.4534950895436164,0.34623531677257846,0.2640092432120162,,0,True
SZ002797,6.12,2.5142422,0.910841517427306,0.8492201039861352,0.3785865588291931,0.23088773348738686,量能水平;量能波动,2,False
SZ002798,6.58,0.7584066,0.3676102445599846,0.13325630656653187,0.3660697092239553,0.3637589062199114,,0,True
SZ002799,7.32,0.56296766,0.20662430194492587,0.9037165414981706,0.9978817639129598,0.9863277488927402,量能波动;量能动量;量能比,3,False
SZ002800,14.98,0.3679619,0.03331407664163297,0.016175621028307337,0.6722511072597728,0.27633352590025034,,0,True
SZ002801,26.61,0.24358153,0.002695936838051223,0.031966108222607356,0.3260157904871943,0.5834777585210861,,0,True
SZ002802,12.360001,0.25214547,0.03158097438860004,0.07991527055651838,0.46928557673791643,0.640477565954169,,0,True
SZ002803,20.24,2.4710212,0.19487772000770268,0.3115732717119199,0.9110340843443097,0.9293279414596572,量能动量;量能比,2,False
SZ002805,16.06,1.4279349,0.19275948392066242,0.5646062006547276,0.9736183323704988,0.8238012709416522,量能动量;量能比,2,False
SZ002806,14.469999,1.1617247,0.2451376853456576,0.13884074715963798,0.39168110918544197,0.44579241286347004,,0,True
SZ002807,4.2000003,1.798172,0.7205854034276912,0.577315617176969,0.7656460620065473,0.3807047949162334,,0,True
SZ002809,8.57,0.41202083,0.357789331792798,0.2961679183516272,0.697477373387252,0.5095320623916811,,0,True
SZ002810,20.2,0.72813714,0.035239745811669554,0.05430387059503177,0.6412478336221837,0.5507413826304641,,0,True
SZ002811,16.97,2.3231084,0.7279029462738301,0.8080107837473522,0.6980550741382631,0.7621798575004815,量能波动,1,False
SZ002812,45.510002,6.235097,0.6464471403812825,0.3837858655882919,0.6732139418447911,0.3704987483150395,,0,True
SZ002815,23.01,19.434614,0.9869054496437512,0.8748315039476218,0.4850760639322165,0.27171191989216253,量能水平;量能波动,2,False
SZ002816,21.86,0.30843467,0.053918736761024454,0.32100905064509916,0.6373964952821105,0.7802811476988254,,0,True
SZ002817,6.8,0.27824226,0.10013479684190256,0.047756595416907376,0.6366262276140959,0.529366454843058,,0,True
SZ002818,11.22,0.52255446,0.36125553629886387,0.6410552667051801,0.5522819179664934,0.6911226651261313,,0,True
SZ002819,23.73,1.7259068,0.23704987483150394,0.7186597342576545,0.9917196225688427,0.9967263624109378,量能动量;量能比,2,False
SZ002820,9.87,0.8617799,0.6208357404197958,0.14461775466974774,0.5472751781243982,0.1284421336414404,,0,True
SZ002821,188.62,15.833222,0.6695551704217215,0.5915655690352397,0.8628923550933949,0.5212786443289043,量能动量,1,False
SZ002823,12.72,0.39678925,0.13614481032158676,0.2204891199691893,0.5730791450028885,0.6046601193914886,,0,True
SZ002824,24.160002,5.74568,0.6855382245330253,0.5158867706528019,0.22876949740034663,0.0943577893317928,,0,True
SZ002825,9.22,0.58385813,0.1411515501636819,0.03543231272867321,0.4621606008087811,0.04140188715578664,,0,True
SZ002826,17.59,0.6588221,0.16888118621220874,0.5195455420758713,0.8931253610629694,0.8055074138263046,量能动量;量能比,2,False
SZ002827,59.0,9.141169,0.5673021374927787,0.7282880801078375,0.7644906605045253,0.8704024648565376,量能比,1,False
SZ002828,10.839999,1.3851384,0.6368187945310996,0.4459849797804737,0.014827652609281726,0.031966108222607356,,0,True
SZ002829,19.17,1.059252,0.3522048911996919,0.12998266897746968,0.32254958598112843,0.14500288850375506,,0,True
SZ002830,14.879999,0.51093125,0.12767186597342575,0.04005391873676102,0.2834585018293857,0.18043520123242826,,0,True
SZ002831,27.29,2.6464503,0.6841902561139996,0.7300211823608704,0.2670903138840747,0.3722318505680724,,0,True
SZ002832,25.93,1.5771421,0.23319853649143077,0.21490467937608318,0.8686693626035047,0.34103601001347966,量能动量,1,False
SZ002833,19.33,0.67481,0.02984787213556711,0.34585018293857117,0.9930675909878682,0.8886963219718852,量能动量;量能比,2,False
SZ002835,13.19,0.27691355,0.060466011939148856,0.04467552474484884,0.5199306759098787,0.5029847872135567,,0,True
SZ002836,12.120001,1.2762978,0.22318505680724052,0.4798767571731177,0.30675909878682844,0.967263624109378,量能比,1,False
SZ002837,53.95,25.613314,0.47294434816098596,0.585210860774119,0.23762757558251493,0.21009050645099173,,0,True
SZ002838,24.550001,1.2099985,0.08896591565569036,0.09551319083381475,0.7205854034276912,0.5813595224340459,,0,True
SZ002839,4.3099995,1.2884641,0.6295012516849605,0.5025996533795494,0.8548045445792413,0.30560369728480646,量能动量,1,False
SZ002840,8.19,1.7764776,0.5083766608896592,0.7754669747737338,0.5958020412093202,0.7205854034276912,,0,True
SZ002841,45.18,3.1029785,0.5821297901020605,0.5310995570960909,0.33834007317542847,0.5449643751203543,,0,True
SZ002842,30.810001,8.035976,0.6882341613710764,0.503947621798575,0.08395917581359523,0.09243212016175621,,0,True
SZ002843,14.719999,1.2393831,0.2322357019064125,0.3075293664548431,0.7976121702291546,0.4236472174080493,,0,True
SZ002845,13.589999,0.94905186,0.3539379934527248,0.21798575004814172,0.13980358174465626,0.40650876179472367,,0,True
SZ002846,11.5,1.824087,0.46119776622376274,0.5624879645676872,0.8732909686115925,0.903523974581167,量能动量;量能比,2,False
SZ002847,43.410004,1.0261263,0.02869247063354516,0.005199306759098787,0.6237242441748507,0.11977662237627576,,0,True
SZ002848,14.42,2.4554713,0.7136529944155594,0.6818794531099557,0.2385904101675332,0.22453302522626611,,0,True
SZ002849,21.369999,3.7054217,0.6999807433082996,0.8719430001925669,0.933371846716734,0.9734257654534951,量能波动;量能动量;量能比,3,False
SZ002850,155.8,5.4785295,0.6154438667436934,0.8461390333140767,0.926632004621606,0.8137877912574619,量能波动;量能动量;量能比,3,False
SZ002851,115.71999,34.14219,0.8068553822453303,0.8796456768727132,0.54631234353938,0.6982476410552667,量能水平;量能波动,2,False
SZ002852,8.69,1.4443059,0.903523974581167,0.957635278259195,0.9458886963219719,0.731946851530907,量能水平;量能波动;量能动量,3,False
SZ002853,21.16,0.2536431,0.07818216830348546,0.10148276526092817,0.13287117273252455,0.2582322357019064,,0,True
SZ002855,12.45,3.4688954,0.8062776814943192,0.7084536876564607,0.06123627960716349,0.035047178894665895,量能水平,1,False
SZ002856,20.22,1.7042469,0.6189100712497593,0.8055074138263046,0.7849027537069132,0.6560754862314654,量能波动,1,False
SZ002857,17.689999,0.33435017,0.05642210668207202,0.07664163296745619,0.3922588099364529,0.45965723088773347,,0,True
SZ002858,11.63,0.54228854,0.20431349894088197,0.24841132293471982,0.7255921432697863,0.6029270171384556,,0,True
SZ002859,59.140003,9.151101,0.6984402079722704,0.7117273252455228,0.04429039091084152,0.29597535143462356,,0,True
SZ002861,14.04,0.6444964,0.4896976699403043,0.43269786250722125,0.5686501059118043,0.4977854804544579,,0,True
SZ002862,14.660001,1.1578566,0.37011361448103214,0.4043905257076834,0.7024841132293472,0.13999614866165994,,0,True
SZ002863,4.76,0.42468435,0.24494511842865396,0.06759098786828423,0.7885615251299827,0.4896976699403043,,0,True
SZ002864,21.050001,0.42176536,0.08858078182168304,0.0252262661274793,0.45888696321971884,0.28711727325245523,,0,True
SZ002865,36.44,2.123268,0.3223570190641248,0.1634893125361063,0.7250144425187752,0.5590217600616214,,0,True
SZ002866,16.9,0.97302985,0.45388022337762374,0.9439630271519353,0.9969189293279415,0.9703446947814366,量能波动;量能动量;量能比,3,False
SZ002867,10.139999,0.7552708,0.4061236279607163,0.2805699980743308,0.4365492008472944,0.4442518775274408,,0,True
SZ002868,22.3,1.1223071,0.4721740804929713,0.18062776814943193,0.6591565569035239,0.01405738494126709,,0,True
SZ002869,17.4,0.664753,0.47949162333911033,0.7169266320046216,0.09493549008280378,0.9256691700365877,量能比,1,False
SZ002871,16.98,0.76120186,0.10109763142692085,0.15790487194300018,0.0920469863277489,0.24128634700558443,,0,True
SZ002872,6.19,0.24224572,0.5301367225110726,0.6435586366262276,0.8008858078182168,0.5081840939726555,量能动量,1,False
SZ002873,8.55,0.41210735,0.22106682072020026,0.2070094357789332,0.11650298478721356,0.5578663585595994,,0,True
SZ002875,12.7,0.6434253,0.44925861736953593,0.2950125168496052,0.7696899672636242,0.17350279222029655,,0,True
SZ002876,31.3,1.3977392,0.4334681301752359,0.3803196610822261,0.42942422491815907,0.28827267475447715,,0,True
SZ002877,7.4600005,0.34691033,0.07933756980550741,0.04583092624687079,0.6462545734642788,0.40939726554977857,,0,True
SZ002878,12.68,0.5872503,0.15963797419603312,0.20951280569998074,0.42018101290198345,0.54631234353938,,0,True
SZ002879,16.880001,1.5743979,0.7184671673406509,0.8750240708646254,0.9447332948199499,0.9414596572308878,量能波动;量能动量;量能比,3,False
SZ002880,22.23,0.5735266,0.26612747929905645,0.2846139033314077,0.7098016560754863,0.4748700173310225,,0,True
SZ002881,42.41,4.8380346,0.41036010013479685,0.2543808973618332,0.3063739649528211,0.13248603889851723,,0,True
SZ002882,24.979998,3.9848652,0.6761024455998459,0.8937030618139804,0.9793953398806086,0.6035047178894666,量能波动;量能动量,2,False
SZ002884,15.380001,0.2228216,0.012901983439245137,0.02233776237242442,0.5961871750433275,0.3824378971692663,,0,True
SZ002885,25.779999,5.4340677,0.6872713267860582,0.47679568650105913,0.7718082033506644,0.1475062584248026,,0,True
SZ002886,23.64,10.617623,0.8817639129597535,0.8913922588099364,0.12555362988638552,0.15443866743693432,量能水平;量能波动,2,False
SZ002887,8.73,0.46836805,0.42634315424610053,0.7845176198729058,0.9462738301559792,0.9507028692470634,量能动量;量能比,2,False
SZ002888,18.6,0.7490466,0.12093202387829771,0.0854997111496245,0.28134026574234544,0.10109763142692085,,0,True
SZ002889,12.04,0.2289937,0.02811476988253418,0.01251684960523782,0.634315424610052,0.5210860774119006,,0,True
SZ002890,15.13,0.3599766,0.05295590217600616,0.014827652609281726,0.16657038320816484,0.10244559984594646,,0,True
SZ002891,27.73,1.7688075,0.3362218370883882,0.332948199499326,0.20835740419795878,0.3121509724629309,,0,True
SZ002892,8.52,0.41563275,0.038128249566724434,0.04448295782784518,0.6545349508954361,0.5362988638551897,,0,True
SZ002893,10.71,2.0347047,0.6793760831889082,0.7402272289620643,0.9616791835162719,0.07664163296745619,量能动量,1,False
SZ002895,30.35,1.2977295,0.17677642980935876,0.1172732524552282,0.5228191796649335,0.23974581166955516,,0,True
SZ002896,59.62,3.4018269,0.24417485076063933,0.5155016368187946,0.8436356633930291,0.8709801656075487,量能动量;量能比,2,False
SZ002897,57.99,10.34392,0.8680916618524938,0.7157712305025996,0.2663200462160601,0.08838821490467938,量能水平,1,False
SZ002899,20.400002,0.85703063,0.5707683419988446,0.46928557673791643,0.4438667436934335,0.43789716926632005,,0,True
SZ002900,12.969999,1.8390908,0.8141729250914693,0.854419410745234,0.40978239938378586,0.9451184286539572,量能水平;量能波动;量能比,3,False
SZ002901,40.859997,0.48196763,0.06547275178124398,0.23743500866551126,0.1111111111111111,0.8615443866743694,量能比,1,False
SZ002902,25.64,7.4328165,0.9069901790872328,0.7858655882919314,0.08203350664355864,0.1821683034854612,量能水平,1,False
SZ002903,27.970001,3.0069184,0.6493356441363374,0.5243597150009628,0.28422876949740034,0.07548623146543423,,0,True
SZ002905,8.719999,0.7038657,0.6029270171384556,0.30887733487386865,0.09686115925284036,0.13903331407664163,,0,True
SZ002906,26.619999,1.7921803,0.6383593298671288,0.4334681301752359,0.4950895436164067,0.20623916811091855,,0,True
SZ002907,14.900001,1.6410424,0.463893703061814,0.5701906412478336,0.39996148661659925,0.6803389177739264,,0,True
SZ002908,7.0299997,0.3100346,0.04544579241286347,0.046216060080878106,0.5025996533795494,0.4267282880801078,,0,True
SZ002909,6.71,5.891662,0.8648180242634316,0.9372231850568072,0.8316965145388022,0.5915655690352397,量能水平;量能波动;量能动量,3,False
SZ002910,10.31,0.8954619,0.5522819179664934,0.5732717119198921,0.8992875024070864,0.1756210283073368,量能动量,1,False
SZ002911,11.21,0.5441144,0.17600616214134412,0.16984402079722705,0.8519160408241864,0.6167918351627191,量能动量,1,False
SZ002912,26.599998,3.9824429,0.8415174273059889,0.9564798767571732,0.7985750048141729,0.9185441941074524,量能水平;量能波动;量能比,3,False
SZ002913,92.3,10.070909,0.838628923550934,0.803004043905257,0.6637781629116117,0.6917003658771423,量能水平;量能波动,2,False
SZ002915,16.24,1.4795934,0.20546890044290392,0.06431735027922203,0.32062391681109187,0.04660119391488542,,0,True
SZ002916,373.00998,29.999111,0.55420758713653,0.5975351434623531,0.30887733487386865,0.6169844020797227,,0,True
SZ002917,10.030001,0.28330213,0.06277681494319276,0.03292894280762565,0.3527825919507029,0.33699210475640284,,0,True
SZ002918,10.64,2.1722512,0.8861929520508377,0.8757943385326401,0.30945503562487964,0.4764105526670518,量能水平;量能波动,2,False
SZ002919,15.589999,0.5426866,0.056999807433083,0.09974966300789524,0.9603312150972463,0.821105334103601,量能动量;量能比,2,False
SZ002920,79.28,4.434371,0.7047949162333911,0.6943963027151935,0.8297708453687657,0.43134989408819563,量能动量,1,False
SZ002921,19.7,0.87339467,0.30560369728480646,0.3142692085499711,0.39264394377046025,0.5000962834585019,,0,True
SZ002922,21.439999,3.7843542,0.7099942229924899,0.6221837088388215,0.19218178316965145,0.14307721933371848,,0,True
SZ002923,11.03,0.57420164,0.1900635470826112,0.24783362218370883,0.7538994800693241,0.6959368380512228,,0,True
SZ002925,22.2,3.1810105,0.8031966108222607,0.7400346620450606,0.32351242056614676,0.350471788946659,量能水平,1,False
SZ002926,8.150001,1.119021,0.7458116695551704,0.6189100712497593,0.033699210475640284,0.30656653186982474,,0,True
SZ002927,18.710001,2.1034393,0.5638359329867129,0.6031195840554593,0.4184479106489505,0.7198151357596765,,0,True
SZ002928,6.3700004,1.5002356,0.8881186212208743,0.9387637203928365,0.92894280762565,0.870787598690545,量能水平;量能波动;量能动量;量能比,4,False
SZ002929,46.11,3.5353882,0.8297708453687657,0.7662237627575582,0.19911419218178317,0.3712690159830541,量能水平,1,False
SZ002930,8.93,0.60726494,0.23570190641247835,0.11919892162526478,0.592528403620258,0.16734065087617947,,0,True
SZ002931,39.34,1.9889336,0.21606008087810513,0.5911804352012324,0.9715000962834585,0.8393991912189486,量能动量;量能比,2,False
SZ002933,27.37,0.42657077,0.31176583862892354,0.15983054111303677,0.6940111688811862,0.3797419603312151,,0,True
SZ002935,17.570002,1.3149574,0.3356441363373772,0.7906797612170229,0.9707298286154439,0.9940304255728866,量能动量;量能比,2,False
SZ002936,1.74,1.6071544,0.9337569805507414,0.9067976121702291,0.9759291353745426,0.6745619102638166,量能水平;量能波动;量能动量,3,False
SZ002937,25.210001,3.0542655,0.5353360292701714,0.7939533988060851,0.8642403235124205,0.9661082226073561,量能动量;量能比,2,False
SZ002938,79.55,18.571922,0.9318313113807047,0.9091084151742731,0.6113999614866166,0.6077411900635471,量能水平;量能波动,2,False
SZ002939,7.72,1.2176605,0.6578085884844984,0.5877142306951666,0.19738108992875025,0.22164452147121125,,0,True
SZ002940,22.96,2.3656585,0.6905449643751204,0.5902176006162141,0.7463893703061814,0.04968226458694396,,0,True
SZ002941,10.54,0.73842704,0.43096476025418834,0.3454650491045638,0.48873483535528595,0.5698055074138263,,0,True
SZ002942,17.06,1.4053842,0.6167918351627191,0.4013094550356249,0.7820142499518583,0.01848642403235124,,0,True
SZ002943,28.28,2.6525671,0.5813595224340459,0.49393414211438474,0.6031195840554593,0.5149239360677835,,0,True
SZ002945,13.9800005,2.7100835,0.5607548623146543,0.5176198729058348,0.0034662045060658577,0.06470248411322935,,0,True
SZ002946,14.82,0.6835996,0.1877527440785673,0.38166762950125166,0.9391488542268438,0.6350856922780667,量能动量,1,False
SZ002947,55.980003,5.468559,0.6535721163104179,0.39379934527248217,0.2008472944348161,0.11939148854226844,,0,True
SZ002948,6.15,2.2397854,0.7369535913730021,0.7327171191989216,0.7648757943385326,0.5713460427498556,,0,True
SZ002949,13.14,1.2062984,0.63316002310803,0.46254573464278836,0.6450991719622569,0.23531677257847103,,0,True
SZ002950,8.54,0.46124908,0.32389755440015405,0.1981513575967649,0.5310995570960909,0.5382245330252262,,0,True
SZ002951,15.609999,0.81285894,0.4003466204506066,0.7827845176198729,0.8967841324860389,0.9715000962834585,量能动量;量能比,2,False
SZ002952,19.05,1.3006886,0.6393221644521471,0.4059310610437127,0.19121894858463315,0.0439052570768342,,0,True
SZ002953,9.87,1.60005,0.5457346427883689,0.2616984402079723,0.16502984787213557,0.01579048719430002,,0,True
SZ002955,35.43,2.3757792,0.8417099942229925,0.8397843250529559,0.06566531869824764,0.24263431542461006,量能水平;量能波动,2,False
SZ002956,17.57,0.9801668,0.44405931061043713,0.5153090699017908,0.3371846716734065,0.41960331215097246,,0,True
SZ002957,35.28,7.914381,0.9239360677835547,0.9703446947814366,0.020219526285384173,0.8033891777392644,量能水平;量能波动;量能比,3,False
SZ002958,2.94,2.1467125,0.8971692663200462,0.5228191796649335,0.7729636048526863,0.34392451376853456,量能水平,1,False
SZ002959,35.52,0.4289527,0.2651646447140381,0.9039091084151742,0.9990371654149817,0.9992297323319853,量能波动;量能动量;量能比,3,False
SZ002960,8.7,0.67436594,0.3115732717119199,0.3764683227421529,0.5430387059503178,0.6341228576930483,,0,True
SZ002961,13.35,2.0478656,0.4656268053148469,0.24667822068168688,0.4737146158290006,0.45137685345657613,,0,True
SZ002962,16.17,1.763399,0.7435008665511266,0.9834392451376853,0.9890236857307915,0.9867128827267475,量能波动;量能动量;量能比,3,False
SZ002963,21.59,2.0443108,0.8942807625649913,0.8347775852108608,0.13537454265357213,0.3670325438089736,量能水平;量能波动,2,False
SZ002965,28.98,3.798839,0.8461390333140767,0.7802811476988254,0.05160793375698055,0.39168110918544197,量能水平,1,False
SZ002966,9.3,3.0731812,0.8513383400731754,0.7552474484883497,0.7178894665896399,0.41151550163681877,量能水平,1,False
SZ002967,17.56,0.75274366,0.13441170806855382,0.5218563450799153,0.8226458694396303,0.9464663970729829,量能动量;量能比,2,False
SZ002968,10.14,0.41272992,0.2973233198536491,0.5590217600616214,0.9624494511842865,0.9522434045830926,量能动量;量能比,2,False
SZ002969,10.650001,3.6829023,0.7098016560754863,0.4400154053533603,0.12227999229732332,0.04583092624687079,,0,True
SZ002970,41.7,2.0649335,0.6321971885230118,0.38917773926439436,0.28711727325245523,0.2892355093394955,,0,True
SZ002971,38.6,7.57231,0.8159060273445022,0.8671288272674754,0.6714808395917581,0.8546119776622376,量能水平;量能波动;量能比,3,False
SZ002972,13.0,0.99982554,0.4871943000192567,0.4721740804929713,0.5016368187945311,0.277103793568265,,0,True
SZ002973,11.589999,1.2384301,0.49066050452532256,0.534950895436164,0.8492201039861352,0.2241478913922588,量能动量,1,False
SZ002975,101.950005,12.339678,0.8224533025226266,0.7991527055651839,0.8060851145773156,0.7194300019256692,量能水平;量能动量,2,False
SZ002976,21.500002,2.61656,0.7637203928365107,0.9181590602734451,0.42191411515501637,0.7527440785673022,量能波动,1,False
SZ002978,25.05,0.47033635,0.4090121317157712,0.3025226266127479,0.8074330829963412,0.3298671288272675,量能动量,1,False
SZ002979,52.47,2.8845387,0.316580011554015,0.32851916040824186,0.8881186212208743,0.5353360292701714,量能动量,1,False
SZ002980,104.97,14.112275,0.7309840169458887,0.6206431735027922,0.15020219526285383,0.31812054689004426,,0,True
SZ002981,23.230001,0.99028,0.446947814365492,0.7288657808588485,0.05834777585210861,0.861736953591373,量能比,1,False
SZ002982,12.78,0.5576977,0.5503562487964567,0.5734642788368958,0.40111688811862123,0.4016945888696322,,0,True
SZ002983,21.58,0.49237308,0.12016175621028308,0.07953013672251107,0.27402272289620644,0.24898902368573078,,0,True
SZ002984,13.0199995,1.052745,0.7053726169844021,0.5430387059503178,0.31465434238397844,0.21971885230117466,,0,True
SZ002985,26.15,1.2978913,0.4301944925861737,0.4571538609666859,0.3306373964952821,0.2087425380319661,,0,True
SZ002986,12.570001,0.6173283,0.5465049104563836,0.4679376083188908,0.01579048719430002,0.11322934719815136,,0,True
SZ002987,10.389999,1.3776072,0.3876372039283651,0.31138070479491625,0.20335066435586366,0.11785095320623917,,0,True
SZ002988,30.939999,2.2541366,0.6327748892740227,0.5305218563450799,0.8784902753706914,0.057770075101097634,量能动量,1,False
SZ002989,22.61,1.8755859,0.8039668784902754,0.943000192566917,0.1517427305988831,0.9433853264009243,量能水平;量能波动;量能比,3,False
SZ002990,51.92,4.684666,0.8303485461197766,0.8551896784132486,0.756210283073368,0.9537839399191219,量能水平;量能波动;量能比,3,False
SZ002991,38.57,0.3375525,0.2549585981128442,0.6425958020412094,0.9551319083381475,0.48488349701521277,量能动量,1,False
SZ002992,32.4,0.54976636,0.24205661467359907,0.5422684382823031,0.31349894088195646,0.813210090506451,量能比,1,False
SZ002993,32.27,1.6150402,0.6468322742152898,0.6194877720007703,0.2890429424224918,0.454843057962642,,0,True
SZ002995,16.86,1.150311,0.6325823223570191,0.6402849990371654,0.20989793953398805,0.5696129404968227,,0,True
SZ002996,5.9500003,0.3682894,0.34854611977662237,0.15906027344502213,0.6210283073367996,0.21451954554207586,,0,True
SZ002997,26.390001,1.02573,0.3986135181975737,0.2651646447140381,0.8010783747352205,0.04756402849990372,量能动量,1,False
SZ002999,6.36,2.1238735,0.78894665896399,0.29231658001155403,0.37608318890814557,0.0013479684190256115,,0,True
SZ003000,9.61,0.3828778,0.11900635470826113,0.38051222799922974,0.9636048526863085,0.6651261313306374,量能动量,1,False
SZ003001,19.4,2.6263132,0.8875409204698633,0.9042942422491816,0.6129404968226458,0.8971692663200462,量能水平;量能波动;量能比,3,False
SZ003002,15.610001,1.8294699,0.6250722125938764,0.4879645676872713,0.4536876564606201,0.08203350664355864,,0,True
SZ003003,11.179999,0.3517032,0.2863470055844406,0.2851916040824186,0.6447140381282496,0.755632582322357,,0,True
SZ003004,60.219997,1.5451442,0.43674176776429807,0.34565761602156747,0.35413056036972845,0.4215289813210091,,0,True
SZ003005,14.930001,3.904721,0.9532062391681109,0.8886963219718852,0.02214519545542076,0.07490853071442326,量能水平;量能波动,2,False
SZ003006,23.119999,7.6811104,0.8952435971500097,0.674369343346813,0.8116695551704217,0.8784902753706914,量能水平;量能动量;量能比,3,False
SZ003007,39.389996,0.6891178,0.2761409589832467,0.23782014249951858,0.3354515694203736,0.47236664740997497,,0,True
SZ003008,19.84,0.23612802,0.19352975158867705,0.16329674561910265,0.42422491815906027,0.30290776044675527,,0,True
SZ003009,44.050003,1.5733602,0.3991912189485846,0.2222222222222222,0.5940689389562873,0.1792797997304063,,0,True
SZ003010,27.99,1.889452,0.3133063739649528,0.28326593491238206,0.15347583285191604,0.40747159637974195,,0,True
SZ003011,19.730001,0.4595034,0.5052955902176006,0.7739264394377046,0.4348160985942615,0.9183516271904487,量能比,1,False
SZ003012,4.7400002,0.386937,0.6308492201039861,0.6932409012131716,0.9354900828037743,0.8305411130367802,量能动量;量能比,2,False
SZ003013,16.31,1.8090018,0.7513961101482766,0.7011361448103216,0.5370691315232043,0.25572886578085885,,0,True
SZ003015,12.059999,0.46933576,0.18563450799152706,0.26651261313306374,0.5104948969766994,0.5854034276911226,,0,True
SZ003016,7.42,0.37056407,0.3660697092239553,0.5775081840939726,0.4896976699403043,0.5626805314846909,,0,True
SZ003017,22.63,0.3305252,0.17947236664740998,0.23608704024648566,0.853841709994223,0.7508184093972655,量能动量,1,False
SZ003018,43.550003,7.8624315,0.713845561332563,0.5081840939726555,0.14866165992682456,0.07009435778933179,,0,True
SZ003019,26.080002,1.0139308,0.521471211245908,0.38320816483728093,0.5280184864240324,0.31465434238397844,,0,True
SZ003020,17.260002,0.57246566,0.25284036202580396,0.4163296745619103,0.5049104563835933,0.6562680531484691,,0,True
SZ003021,70.25,1.9671419,0.6726362410937801,0.5052955902176006,0.3339110340843443,0.5260928172539958,,0,True
SZ003022,18.16,1.282949,0.5099171962256884,0.5634507991527056,0.2942422491815906,0.6610822260735606,,0,True
SZ003023,25.380001,0.5743489,0.33930290776044675,0.28134026574234544,0.7850953206239168,0.3633737723859041,,0,True
SZ003025,12.110001,0.30562976,0.08261120739456962,0.16695551704217215,0.659734257654535,0.780473714615829,,0,True
SZ003026,32.4,6.1716113,0.7723859041016753,0.8965915655690352,0.03697284806470248,0.8921625264779511,量能波动;量能比,2,False
SZ003027,16.72,0.23841774,0.3339110340843443,0.45888696321971884,0.7964567687271327,0.6988253418062776,,0,True
SZ003028,23.48,0.2993313,0.15386096668592336,0.07394569612940496,0.3801270941652224,0.23377623724244176,,0,True
SZ003029,17.51,1.3073176,0.6397072982861545,0.6735990756787984,0.18524937415751974,0.58578856152513,,0,True
SZ003030,25.79,0.7877492,0.4169073753129212,0.3254380897361833,0.09917196225688427,0.4827652609281725,,0,True
SZ003031,118.840004,12.765896,0.5016368187945311,0.4055459272097054,0.2643943770460235,0.35528596187175043,,0,True
SZ003032,8.62,4.5115027,0.9612940496822646,0.9884459849797804,0.006739842095128057,0.5711534758328519,量能水平;量能波动,2,False
SZ003033,84.12,1.9330559,0.47044097823993836,0.6243019449258618,0.06932409012131716,0.7396495282110533,,0,True
SZ003035,5.34,2.4700062,0.5299441555940689,0.2474484883497015,0.21509724629308685,0.06008087810514154,,0,True
SZ003036,44.23,5.0127344,0.4646639707298286,0.6219911419218178,0.7063354515694203,0.9044868091661853,量能比,1,False
SZ003037,5.86,0.2582181,0.23608704024648566,0.30194492586173693,0.6148661659926825,0.24398228384363566,,0,True
SZ003038,10.690001,0.3205994,0.2824956672443674,0.20315809743886,0.6127479299056422,0.5079915270556519,,0,True
SZ003039,12.49,1.7920665,0.6139033314076642,0.18486424032351242,0.14827652609281725,0.0017331022530329288,,0,True
SZ003040,14.389999,13.799697,0.9466589639899865,0.9291353745426536,0.040439052570768345,0.15077989601386482,量能水平;量能波动,2,False
SZ003041,38.920002,0.94718015,0.2326208357404198,0.2890429424224918,0.09955709609089158,0.6583862892355093,,0,True
SZ003042,14.400001,0.7472285,0.6502984787213557,0.8831118813787792,0.8438282303100327,0.7954939341421143,量能波动;量能动量,2,False
SZ003043,60.399998,3.2896185,0.5880993645291739,0.5380319661082226,0.8917773926439437,0.43000192566917006,量能动量,1,False
SZ003816,4.23,4.354325,0.8869632197188523,0.8324667822068169,0.5362988638551897,0.4165222414789139,量能水平;量能波动,2,False
SZ300001,34.48,3.7788153,0.45099171962256884,0.7635278259195071,0.10051993067590988,0.8723281340265743,量能比,1,False
SZ300002,7.8899994,2.344827,0.7770075101097631,0.7442711342191412,0.024648565376468323,0.19738108992875025,,0,True
SZ300003,11.66,1.4998326,0.7540920469863277,0.7361833237049875,0.7795108800308107,0.6231465434238398,,0,True
SZ300004,7.53,1.7362063,0.8005006739842095,0.39842095128057,0.4781436549200847,0.042172154823801274,量能水平,1,False
SZ300005,10.7,3.8889997,0.7096090891584825,0.4694781436549201,0.3310225303292894,0.41594454072790293,,0,True
SZ300006,5.56,1.3254764,0.6347005584440593,0.6339302907760447,0.7956865010591181,0.7650683612555363,,0,True
SZ300007,30.11,2.4708173,0.5595994608126323,0.6420181012901983,0.023878297708453688,0.5199306759098787,,0,True
SZ300008,6.18,4.335365,0.879838243789717,0.7046023493163874,0.24764105526670518,0.08280377431157328,量能水平,1,False
SZ300009,8.61,1.9048966,0.36048526863084923,0.5699980743308299,0.7167340650876179,0.8771423069516657,量能比,1,False
SZ300010,5.1,6.695686,0.9842095128057,0.8836895821297901,0.3000192566917004,0.08492201039861352,量能水平;量能波动,2,False
SZ300011,5.77,0.23671938,0.1844791064895051,0.2965530521856345,0.49451184286539573,0.5222414789139226,,0,True
SZ300012,13.76,3.0673418,0.309262468707876,0.33005969574427113,0.7673791642595802,0.7581359522434046,,0,True
SZ300013,4.18,0.71420944,0.6377816291161178,0.4267282880801078,0.46177546697477373,0.31638744463701135,,0,True
SZ300014,49.809998,14.143894,0.43558636626227615,0.42538031966108225,0.5975351434623531,0.48180242634315423,,0,True
SZ300015,7.9799995,3.2433302,0.170999422299249,0.14038128249566725,0.7914500288850376,0.6549200847294435,,0,True
SZ300016,9.56,2.9662733,0.7200077026766801,0.9239360677835547,0.08164837280955133,0.9485846331600231,量能波动;量能比,2,False
SZ300017,14.9,16.444548,0.7779703446947814,0.6385518967841325,0.16695551704217215,0.3522048911996919,,0,True
SZ300018,11.58,0.9296342,0.4288465241671481,0.33834007317542847,0.2474484883497015,0.33179279799730405,,0,True
SZ300019,13.710001,0.40516597,0.05180050067398421,0.064895051030233,0.6287309840169459,0.479684190256114,,0,True
SZ300020,3.76,0.71387535,0.5736568457538995,0.568842672828808,0.7612170229154631,0.19680338917773926,,0,True
SZ300021,3.82,1.0321332,0.4577315617176969,0.11438474870017332,0.3835932986712883,0.025611399961486616,,0,True
SZ300022,7.7599998,0.59239644,0.423839784325053,0.5147313691507799,0.12016175621028308,0.49123820527633355,,0,True
SZ300024,12.88,2.3748991,0.36510687463893704,0.3212016175621028,0.4292316580011554,0.34739071827460044,,0,True
SZ300025,5.62,0.82563466,0.502792220296553,0.2726747544771808,0.40862699788176393,0.2543808973618332,,0,True
SZ300026,3.25,1.3669152,0.5413056036972848,0.41440400539187366,0.5622953976506836,0.5717311765838629,,0,True
SZ300027,1.65,1.0786378,0.8667436934334681,0.6689774696707106,0.2761409589832467,0.2653572116310418,量能水平,1,False
SZ300030,6.9199996,0.35902527,0.27691122665126133,0.1457731561717697,0.7313691507798961,0.6127479299056422,,0,True
SZ300031,19.93,2.0213013,0.5103023300596957,0.4844983631812055,0.30444829578278454,0.2938571153475833,,0,True
SZ300032,3.7399998,0.5435972,0.56210283073368,0.3000192566917004,0.61736953591373,0.2801848642403235,,0,True
SZ300033,197.06,18.458298,0.2979010206046601,0.11708068553822454,0.3847487001733102,0.16291161178509533,,0,True
SZ300034,15.2699995,1.3952231,0.24764105526670518,0.11669555170421722,0.4947044097823994,0.2984787213556711,,0,True
SZ300035,12.290001,1.1547519,0.3200462160600809,0.43212016175621026,0.8632774889274023,0.7255921432697863,量能动量,1,False
SZ300036,10.18,0.7138845,0.2564991334488735,0.20566146735990756,0.3587521663778163,0.5056807240516079,,0,True
SZ300037,66.52,9.29177,0.5218563450799153,0.5395725014442518,0.5447718082033507,0.43385326400924323,,0,True
SZ300039,5.3,0.9914652,0.4484883497015213,0.4950895436164067,0.795108800308107,0.740997496630079,,0,True
SZ300040,5.68,1.762089,0.7935682649720778,0.6942037357981898,0.3109955709609089,0.08145580589254767,,0,True
SZ300041,10.55,1.8743869,0.5719237435008665,0.6472174080492972,0.45156942037357983,0.4105526670518005,,0,True
SZ300042,35.45,3.076444,0.675524744848835,0.5917581359522434,0.4735220489119969,0.6281532832659349,,0,True
SZ300043,4.26,1.3180561,0.4427113421914115,0.3385326400924321,0.1700365877142307,0.13113807047949164,,0,True
SZ300044,5.9,1.074849,0.4363566339302908,0.18852301174658193,0.13845561332563067,0.08858078182168304,,0,True
SZ300045,11.089999,1.3813854,0.36549200847294433,0.5594068938956287,0.3631812054689004,0.8488349701521278,量能比,1,False
SZ300046,23.69,1.0217853,0.3119584055459272,0.25476603119584057,0.33988060851145774,0.45984979780473717,,0,True
SZ300047,8.9,1.1773169,0.5278259195070287,0.5486231465434238,0.17350279222029655,0.4781436549200847,,0,True
SZ300048,4.69,0.32190487,0.18736761024455997,0.2004621606008088,0.5711534758328519,0.5877142306951666,,0,True
SZ300049,47.110004,3.3402543,0.4482957827845176,0.4124783362218371,0.7151935297515887,0.2965530521856345,,0,True
SZ300050,6.7700005,2.229435,0.9341421143847487,0.9141151550163682,0.1844791064895051,0.3649143077219334,量能水平;量能波动,2,False
SZ300051,7.7400002,1.2899907,0.5599845946466397,0.6011939148854227,0.4679376083188908,0.5364914307721933,,0,True
SZ300052,10.139999,1.3026439,0.7227036395147314,0.4702484113229347,0.5239745811669555,0.1326786058155209,,0,True
SZ300053,11.570001,1.4185039,0.3156171769689967,0.2952050837666089,0.5613325630656654,0.5617176968996727,,0,True
SZ300054,67.45,12.582588,0.29770845368765647,0.22299248989023684,0.4217215482380127,0.3689582129790102,,0,True
SZ300055,5.75,0.91425806,0.7259772771037936,0.5561332563065665,0.3783939919121895,0.23473907182746004,,0,True
SZ300056,7.8100004,0.83650696,0.43462353167725787,0.659734257654535,0.9455035624879645,0.9553244752551512,量能动量;量能比,2,False
SZ300057,6.0899997,1.2752383,0.7304063161948777,0.5301367225110726,0.8509532062391681,0.7028692470633545,量能动量,1,False
SZ300058,12.369999,31.331116,0.9054496437512035,0.8178316965145388,0.04871943000192567,0.34585018293857117,量能水平;量能波动,2,False
SZ300059,17.789999,27.800724,0.610629693818602,0.4380897361833237,0.2896206431735028,0.40978239938378586,,0,True
SZ300061,6.6099997,3.4590023,0.8638551896784132,0.722896206431735,0.23550933949547467,0.2503369921047564,量能水平,1,False
SZ300062,6.0200005,1.4960868,0.648372809551319,0.6568457538994801,0.04660119391488542,0.06836125553629886,,0,True
SZ300063,8.37,3.3884132,0.779896013864818,0.75736568457539,0.044868091661852495,0.2018101290198344,,0,True
SZ300065,14.51,4.470601,0.7785480454457924,0.6079337569805507,0.4540727902946274,0.24725592143269787,,0,True
SZ300066,4.52,0.44623497,0.22125938763720393,0.19949932601579048,0.3535528596187175,0.5031773541305604,,0,True
SZ300067,5.35,1.687297,0.6192952050837666,0.6793760831889082,0.8648180242634316,0.559214326978625,量能动量,1,False
SZ300068,3.96,1.8381187,0.9778548045445793,0.8278451761987291,0.5644136337377239,0.2536106296938186,量能水平;量能波动,2,False
SZ300069,24.67,1.1749543,0.512998266897747,0.553052185634508,0.8370883882149047,0.6901598305411131,量能动量,1,False
SZ300070,3.4199998,0.9705565,0.8257269401116888,0.6541498170614288,0.7175043327556326,0.7069131523204314,量能水平,1,False
SZ300071,3.95,2.4708183,0.8226458694396303,0.7823993837858656,0.06277681494319276,0.1205468900442904,量能水平,1,False
SZ300072,3.43,0.8486136,0.41767764298093585,0.35663393029077606,0.36414404005391876,0.09223955324475255,,0,True
SZ300073,38.88,3.8899815,0.7107644906605045,0.9135374542653573,0.9728480647024841,0.8191796649335644,量能波动;量能动量;量能比,3,False
SZ300074,3.83,0.593218,0.6460620065472752,0.6581937223185057,0.04679376083188908,0.5802041209320239,,0,True
SZ300075,10.490001,0.9602159,0.46832274215289815,0.8214904679376083,0.9383785865588292,0.9093009820912767,量能波动;量能动量;量能比,3,False
SZ300077,20.86,6.93075,0.9896013864818024,0.9414596572308878,0.16406701328711729,0.39784325052955904,量能水平;量能波动,2,False
SZ300078,2.71,0.8227682,0.715000962834585,0.640477565954169,0.3579818987098017,0.26786058155208936,,0,True
SZ300079,4.7799997,1.5022563,0.7126901598305411,0.5262853841709995,0.09069901790872328,0.05719237435008666,,0,True
SZ300080,3.69,0.54828566,0.8316965145388022,0.6876564606200655,0.2382052763335259,0.5565183901405738,量能水平,1,False
SZ300081,3.2299998,0.27512935,0.40843443096476023,0.284421336414404,0.700943577893318,0.32274215289813213,,0,True
SZ300083,11.5,5.7462606,0.7833622183708839,0.7146158290005777,0.2695936838051223,0.2738301559792028,,0,True
SZ300084,10.05,0.8446308,0.4330829963412286,0.31176583862892354,0.4101675332177932,0.07587136529944155,,0,True
SZ300085,28.98,11.316247,0.5961871750433275,0.07163489312536106,0.3333333333333333,0.08241864047756596,,0,True
SZ300086,5.37,1.2210691,0.835162719044868,0.9393414211438474,0.002503369921047564,0.8116695551704217,量能水平;量能波动;量能比,3,False
SZ300087,5.6900005,0.9870465,0.2185634507991527,0.08261120739456962,0.4885422684382823,0.011554015020219527,,0,True
SZ300088,6.7400002,7.319357,0.8028114769882534,0.8145580589254766,0.6443289042942423,0.6822645869439631,量能水平;量能波动,2,False
SZ300092,11.54,0.2915134,0.06181398035817447,0.20238782977084538,0.9177739264394377,0.4839206624301945,量能动量,1,False
SZ300093,20.19,1.1280445,0.35721163104178705,0.1887155786635856,0.5012516849605237,0.22202965530521857,,0,True
SZ300094,2.9199998,2.4771817,0.9426150587329097,0.4852686308492201,0.4511842865395725,0.04987483150394762,量能水平,1,False
SZ300095,8.88,0.8238195,0.5070286924706335,0.40804929713075294,0.10340843443096476,0.5657616021567494,,0,True
SZ300097,9.83,1.7023998,0.6843828230310033,0.8282303100327364,0.1939148854226844,0.6741767764298093,量能波动,1,False
SZ300098,4.17,1.1275969,0.44117080685538224,0.40516079337569805,0.21143847487001732,0.38551896784132483,,0,True
SZ300099,6.13,1.1052349,0.5235894473329482,0.5855959946081263,0.3683805122279992,0.18005006739842094,,0,True
SZ300100,22.18,1.543121,0.34450221451954555,0.7575582514923936,0.9859426150587329,0.9878682842287695,量能动量;量能比,2,False
SZ300101,13.56,1.0268165,0.4043905257076834,0.8078182168303486,0.6995956094742923,0.9545542075871365,量能波动;量能比,2,False
SZ300102,15.78,2.7817712,0.8349701521278644,0.7999229732331985,0.2541883304448296,0.5534373194685153,量能水平,1,False
SZ300103,8.05,0.6912731,0.48700173310225303,0.3624109378008858,0.4246100519930676,0.24879645676872714,,0,True
SZ300105,7.0199995,0.79099894,0.6714808395917581,0.5093394954746775,0.3031003273637589,0.170421721548238,,0,True
SZ300106,10.660001,1.1030743,0.7885615251299827,0.6820720200269593,0.7814365492008473,0.21509724629308685,,0,True
SZ300107,7.11,0.56460685,0.29116117850953205,0.7207779703446948,0.9824764105526671,0.7858655882919314,量能动量,1,False
SZ300109,12.879999,1.4004161,0.49951858270749083,0.3739649528211053,0.5411130367802811,0.4334681301752359,,0,True
SZ300110,3.1699998,2.995438,0.9064124783362218,0.9880608511457731,0.1962256884267283,0.9888311188137878,量能水平;量能波动;量能比,3,False
SZ300111,2.98,0.8838137,0.8902368573079145,0.9451184286539572,0.4255728865780859,0.837473522048912,量能水平;量能波动;量能比,3,False
SZ300112,9.8,4.941625,0.8831118813787792,0.8401694588869633,0.07760446755247448,0.21432697862507222,量能水平;量能波动,2,False
SZ300113,15.91,2.5764136,0.5507413826304641,0.6098594261505873,0.0011554015020219526,0.5873290968611593,,0,True
SZ300115,22.480001,6.3023295,0.6568457538994801,0.5482380127094165,0.7371461582900057,0.23416137107644908,,0,True
SZ300118,8.96,1.6441745,0.8813787791257462,0.7015212786443289,0.8016560754862314,0.6146735990756788,量能水平;量能动量,2,False
SZ300119,16.76,0.74534273,0.3400731754284614,0.22318505680724052,0.5544001540535336,0.22780666281532833,,0,True
SZ300120,7.1699996,2.172428,0.8280377431157327,0.8480647024841133,0.4673599075678798,0.7694974003466204,量能水平;量能波动,2,False
SZ300121,9.509999,1.1436253,0.34161371076449065,0.423839784325053,0.38051222799922974,0.37897169266320047,,0,True
SZ300122,13.9800005,4.16515,0.77315617176969,0.9196995956094743,0.9258617369535914,0.8600038513383401,量能波动;量能动量;量能比,3,False
SZ300123,4.2799997,1.3775927,0.7408049297130753,0.6117850953206239,0.5351434623531677,0.18467167340650875,,0,True
SZ300124,51.899998,13.964984,0.5696129404968227,0.4833429616791835,0.36799537839399193,0.5002888503755055,,0,True
SZ300125,8.56,0.5914882,0.511265164644714,0.16252647795108802,0.11708068553822454,0.0803004043905257,,0,True
SZ300126,6.6400003,0.2374392,0.19661082226073562,0.21259387637203928,0.699788176391296,0.534950895436164,,0,True
SZ300127,23.089998,0.6766861,0.1326786058155209,0.13999614866165994,0.13999614866165994,0.5224340458309262,,0,True
SZ300128,4.8,1.3506024,0.5855959946081263,0.5659541690737532,0.8898517234739072,0.2869247063354516,量能动量,1,False
SZ300129,7.5700006,1.7896436,0.7431157327171192,0.6965145388022338,0.8665511265164645,0.7411900635470826,量能动量,1,False
SZ300130,17.949999,1.6963552,0.3620258039668785,0.16502984787213557,0.2622761409589833,0.12247255921432698,,0,True
SZ300131,13.6,8.937768,0.6932409012131716,0.6787983824378971,0.762950125168496,0.2518775274407857,,0,True
SZ300132,6.1099997,0.83433247,0.4380897361833237,0.1835162719044868,0.13807047949162335,0.05314846909300982,,0,True
SZ300133,7.7000003,5.3139486,0.8811862122087425,0.8875409204698633,0.7702676680146351,0.6300789524359715,量能水平;量能波动,2,False
SZ300134,8.17,0.7469356,0.6115925284036202,0.49797804737146156,0.46601193914885425,0.28268823416137107,,0,True
SZ300135,3.46,0.96915305,0.5399576352782592,0.2628538417099942,0.4798767571731177,0.05565183901405738,,0,True
SZ300136,51.230003,17.873602,0.6543423839784325,0.7188523011746581,0.5174273059888311,0.7446562680531484,,0,True
SZ300137,9.87,2.4178832,0.7436934334681302,0.9191218948584633,0.24359715000962834,0.8411322934719815,量能波动;量能比,2,False
SZ300138,11.150001,0.6581658,0.23974581166955516,0.00924321201617562,0.07221259387637204,0.023108030040439053,,0,True
SZ300139,42.620003,13.79229,0.9391488542268438,0.7625649913344887,0.4273059888311188,0.09974966300789524,量能水平,1,False
SZ300140,5.36,0.46749824,0.587521663778163,0.4517619872905835,0.5713460427498556,0.3882149046793761,,0,True
SZ300141,9.96,0.49696583,0.4192181783169651,0.3470055844405931,0.2880801078374735,0.5811669555170422,,0,True
SZ300142,14.2300005,11.011641,0.9805507413826304,0.9874831503947622,0.8089736183323705,0.8628923550933949,量能水平;量能波动;量能动量;量能比,4,False
SZ300143,7.8500004,0.6095445,0.4417485076063932,0.512420566146736,0.35181975736568455,0.8189870980165608,量能比,1,False
SZ300144,5.6200004,1.9070807,0.6622376275755825,0.33756980550741383,0.5832851916040824,0.1274792990564221,,0,True
SZ300145,4.5400004,4.525236,0.7904871943000192,0.6449066050452532,0.2570768341998845,0.18313113807047948,,0,True
SZ300146,9.429999,1.032986,0.2994415559406894,0.1438474870017331,0.553052185634508,0.1752358944733295,,0,True
SZ300147,5.9,0.7172771,0.528211053341036,0.6414404005391874,0.9316387444637011,0.9347198151357596,量能动量;量能比,2,False
SZ300148,3.53,1.0216651,0.7461968033891777,0.6807240516079338,0.276526092817254,0.5497785480454458,,0,True
SZ300149,9.900001,2.1477323,0.7084536876564607,0.6002310803004044,0.5066435586366262,0.8576930483342962,量能比,1,False
SZ300150,4.1400003,0.24932778,0.47525515116502987,0.40920469863277487,0.6096668592335837,0.6545349508954361,,0,True
SZ300151,19.820002,3.9198103,0.60947429231658,0.5447718082033507,0.3275563258232236,0.4941267090313884,,0,True
SZ300152,1.58,0.2195808,0.5748122472559214,0.5183901405738495,0.08838821490467938,0.25245522819179667,,0,True
SZ300153,23.71,4.3289638,0.7275178124398228,0.4465626805314847,0.389948006932409,0.10571923743500866,,0,True
SZ300154,13.68,1.8733321,0.5699980743308299,0.45657616021567493,0.3643366069709224,0.48083959175813595,,0,True
SZ300155,4.64,0.90437055,0.6291161178509532,0.9139225880993646,0.9734257654534951,0.997689196995956,量能波动;量能动量;量能比,3,False
SZ300157,3.6000001,1.2668815,0.9131523204313499,0.8505680724051607,0.49008280377431157,0.05834777585210861,量能水平;量能波动,2,False
SZ300158,5.2099996,1.1321049,0.6994030425572887,0.6595416907375313,0.36356633930290777,0.3756980550741383,,0,True
SZ300159,2.72,0.8322316,0.6951665703832082,0.6077411900635471,0.40477565954169076,0.36799537839399193,,0,True
SZ300160,4.42,0.27005407,0.1265164644714038,0.24879645676872714,0.6493356441363374,0.47005584440593107,,0,True
SZ300161,25.98,0.7294799,0.31831311380704796,0.20142499518582707,0.08761794723666474,0.2796071634893125,,0,True
SZ300162,9.13,2.5547922,0.8424802618910071,0.9720777970344695,0.9811284421336415,0.9865203158097439,量能水平;量能波动;量能动量;量能比,4,False
SZ300163,7.2599998,3.2353795,0.787791257461968,0.5771230502599654,0.4833429616791835,0.5805892547660312,,0,True
SZ300164,8.679999,9.971589,0.9874831503947622,0.949740034662045,0.39322164452147124,0.08184093972655498,量能水平;量能波动,2,False
SZ300165,4.98,0.62816656,0.5803966878490275,0.8074330829963412,0.5661467359907568,0.8349701521278644,量能波动;量能比,2,False
SZ300166,11.389999,3.6691444,0.48892740227228965,0.8016560754862314,0.113999614866166,0.8490275370691315,量能波动;量能比,2,False
SZ300168,4.84,0.72896487,0.28827267475447715,0.21933371846716734,0.47660311958405543,0.6204506065857885,,0,True
SZ300169,5.52,0.4725606,0.6202580396687849,0.8372809551319084,0.9066050452532255,0.918736761024456,量能波动;量能动量;量能比,3,False
SZ300170,15.13,6.5483828,0.7198151357596765,0.7396495282110533,0.18601964182553438,0.5640284999037165,,0,True
SZ300171,16.43,2.6285758,0.739264394377046,0.6772578471018679,0.7115347583285192,0.8650105911804352,量能比,1,False
SZ300172,4.54,0.38852668,0.1812054689004429,0.28615443866743695,0.5696129404968227,0.683419988445985,,0,True
SZ300174,16.960001,2.3790405,0.5160793375698055,0.5599845946466397,0.5992682457153861,0.6279607163489312,,0,True
SZ300175,5.3800006,0.35417116,0.15790487194300018,0.10937800885807818,0.4055459272097054,0.33429616791835165,,0,True
SZ300176,4.44,0.514533,0.3106104371269016,0.21124590795301368,0.5959946081263239,0.22241478913922588,,0,True
SZ300177,5.9999995,0.55413735,0.260157904871943,0.09917196225688427,0.6239168110918544,0.4444444444444444,,0,True
SZ300179,39.16,23.562542,0.8497978047371462,0.6972848064702484,0.4479106489505103,0.39591758135952243,量能水平,1,False
SZ300180,4.33,1.6865977,0.6044675524744849,0.39168110918544197,0.07182746004236472,0.09859426150587329,,0,True
SZ300181,13.209999,1.0613116,0.13133063739649528,0.1582900057770075,0.6221837088388215,0.30329289428076256,,0,True
SZ300182,5.25,6.1816974,0.853841709994223,0.9152705565183902,0.9200847294434816,0.6117850953206239,量能水平;量能波动;量能动量,3,False
SZ300183,10.630001,0.80723155,0.4082418640477566,0.40843443096476023,0.78105141536684,0.4804544579241286,,0,True
SZ300184,10.94,4.1959624,0.58578856152513,0.4685153090699018,0.3689582129790102,0.5097246293086848,,0,True
SZ300185,2.8,2.0137126,0.7945310995570961,0.8490275370691315,0.7783554785287887,0.7124975929135374,量能波动,1,False
SZ300187,4.51,0.29298815,0.16194877720007703,0.05680724051607934,0.4975929135374543,0.300789524359715,,0,True
SZ300188,10.55,1.0551562,0.22588099364529174,0.29308684767956866,0.7843250529559022,0.7881763912959754,,0,True
SZ300189,6.0,16.52904,0.9894088195647988,0.9137300211823609,0.5139611014827653,0.06104371269015983,量能水平;量能波动,2,False
SZ300190,3.74,0.6246786,0.5432312728673214,0.5114577315617177,0.7427305988831119,0.3483535528596187,,0,True
SZ300191,30.6,4.0365443,0.660889659156557,0.5104948969766994,0.3693433468130175,0.03254380897361833,,0,True
SZ300192,23.419998,5.6506834,0.7019064124783362,0.7879838243789717,0.934527248218756,0.9639899865203158,量能动量;量能比,2,False
SZ300193,7.89,0.2435986,0.11034084344309647,0.13652994415559408,0.7105719237435009,0.32197188523011744,,0,True
SZ300194,3.8899999,0.5442967,0.5156942037357982,0.5185827074908531,0.4328904294242249,0.6216060080878105,,0,True
SZ300195,6.27,0.47372732,0.5220489119969189,0.3731946851530907,0.6017716156364337,0.22915463123435395,,0,True
SZ300196,17.140001,4.4015355,0.6778355478528789,0.5923358367032544,0.08126323897554401,0.11014827652609281,,0,True
SZ300197,1.9699999,1.5518682,0.7797034469478143,0.600423647217408,0.8114769882534181,0.1615636433660697,量能动量,1,False
SZ300198,2.43,0.21369714,0.13094550356248796,0.5285961871750433,0.9562873098401694,0.9196995956094743,量能动量;量能比,2,False
SZ300199,23.92,9.081136,0.6901598305411131,0.8367032543808973,0.8925476603119584,0.8472944348160986,量能波动;量能动量;量能比,3,False
SZ300200,8.14,0.58487606,0.19795879067976122,0.12593876372039284,0.31812054689004426,0.08626997881763913,,0,True
SZ300201,12.72,3.5950823,0.3791642595802041,0.19410745233968804,0.09397265549778548,0.16425958020412093,,0,True
SZ300203,13.5199995,1.1722441,0.7623724244174851,0.9202772963604853,0.13364144040053919,0.9460812632389756,量能波动;量能比,2,False
SZ300204,20.439999,2.8014054,0.5341806277681495,0.7178894665896399,0.8043520123242827,0.82842287694974,量能动量;量能比,2,False
SZ300206,11.669999,0.5044809,0.09589832466782207,0.0878105141536684,0.317157712305026,0.28191796649335643,,0,True
SZ300207,22.0,17.288603,0.8509532062391681,0.9143077219333718,0.9204698632774889,0.9420373579818987,量能水平;量能波动;量能动量;量能比,4,False
SZ300209,33.15,23.433704,0.9505103023300597,0.8147506258424803,0.38320816483728093,0.219526285384171,量能水平;量能波动,2,False
SZ300210,6.99,0.50777054,0.16310417870209898,0.2668977469670711,0.3344887348353553,0.4194107452339688,,0,True
SZ300212,7.9399996,0.8472638,0.19256691700365877,0.24860388985172346,0.7999229732331985,0.3629886385518968,,0,True
SZ300213,6.5,0.6500079,0.16271904486809166,0.423262083574042,0.8278451761987291,0.7723859041016753,量能动量,1,False
SZ300214,9.69,2.3971717,0.693048334296168,0.5222414789139226,0.2955902176006162,0.06932409012131716,,0,True
SZ300215,6.46,0.9661998,0.42018101290198345,0.779896013864818,0.8159060273445022,0.9616791835162719,量能动量;量能比,2,False
SZ300217,3.99,0.5476777,0.1592528403620258,0.12382052763335259,0.5836703254380897,0.380897361833237,,0,True
SZ300218,12.559999,0.22348277,0.03755054881571346,0.02772963604852686,0.7271326786058155,0.5482380127094165,,0,True
SZ300219,6.66,0.92134464,0.28037743115732716,0.5291738879260544,0.674369343346813,0.8401694588869633,量能比,1,False
SZ300220,11.23,0.27497828,0.08087810514153669,0.11072597727710379,0.8836895821297901,0.6605045253225496,量能动量,1,False
SZ300221,13.08,3.1918,0.570575775081841,0.68053148469093,0.5461197766223763,0.7311765838628923,,0,True
SZ300222,9.53,1.3229616,0.42306951665703835,0.36741767764298094,0.511265164644714,0.47429231658001153,,0,True
SZ300223,129.15,27.084158,0.8888888888888888,0.3579818987098017,0.2536106296938186,0.4931638744463701,量能水平,1,False
SZ300224,11.570001,1.5945638,0.42075871365299444,0.36857307914500287,0.049104563835932986,0.26323897554400155,,0,True
SZ300225,7.8300004,1.6765834,0.455998459464664,0.30155979202772965,0.07837473522048911,0.09609089158482573,,0,True
SZ300226,16.69,1.321902,0.0966685923358367,0.36279607163489314,0.11515501636818795,0.7094165222414789,,0,True
SZ300227,9.99,3.2606227,0.5081840939726555,0.30483342961679183,0.45561332563065665,0.1369150779896014,,0,True
SZ300228,6.46,0.60170627,0.24398228384363566,0.21105334103601,0.227999229732332,0.2851916040824186,,0,True
SZ300229,12.7699995,2.5624156,0.39495474677450415,0.463316002310803,0.0340843443096476,0.36356633930290777,,0,True
SZ300230,4.3500004,0.28641555,0.02484113229347198,0.06836125553629886,0.4417485076063932,0.7165414981706143,,0,True
SZ300231,8.16,0.6281706,0.05815520893510495,0.025803966878490275,0.5736568457538995,0.5809743886000385,,0,True
SZ300232,5.35,0.59548026,0.06932409012131716,0.08299634122857694,0.45657616021567493,0.6884267282880802,,0,True
SZ300233,13.599999,1.1019316,0.4629308684767957,0.5074138263046408,0.7592913537454266,0.5409204698632775,,0,True
SZ300234,10.06,1.8001873,0.2543808973618332,0.430579626420181,0.29135374542653575,0.7949162333911034,,0,True
SZ300235,11.61,0.70969546,0.16368187945310997,0.18717504332755633,0.0910841517427306,0.4377046023493164,,0,True
SZ300236,84.81999,4.857717,0.19603312150972463,0.17446562680531486,0.5312921240130946,0.3787791257461968,,0,True
SZ300237,2.4099998,0.5448998,0.2719044868091662,0.30675909878682844,0.8542268438282303,0.18370883882149047,量能动量,1,False
SZ300238,11.950001,0.50796723,0.30906990179087235,0.3941844791064895,0.10129019834392451,0.6782206816868862,,0,True
SZ300239,5.46,0.4046069,0.23088773348738686,0.21047564028499904,0.3824378971692663,0.8777200077026767,量能比,1,False
SZ300240,6.1499996,0.3690361,0.35085692278066627,0.31349894088195646,0.3052185634507992,0.4642788368958213,,0,True
SZ300241,5.6700006,0.8037163,0.41324860388985174,0.5765453495089543,0.6108222607356056,0.7523589447332948,,0,True
SZ300242,3.9100003,0.5970999,0.3011746581937223,0.45137685345657613,0.22530329289428075,0.7057577508184094,,0,True
SZ300243,20.380001,5.6524262,0.7336799537839399,0.7506258424802619,0.7662237627575582,0.8430579626420182,量能比,1,False
SZ300244,20.52,5.045773,0.5956094742923166,0.4072790294627383,0.2241478913922588,0.7015212786443289,,0,True
SZ300245,5.83,0.5152753,0.37954939341421146,0.3974581166955517,0.11862122087425381,0.22530329289428075,,0,True
SZ300246,15.459999,1.1848903,0.3704987483150395,0.24533025226266128,0.26940111688811863,0.19487772000770268,,0,True
SZ300247,3.68,0.35972223,0.24918159060273445,0.05565183901405738,0.20777970344694782,0.47275178124398226,,0,True
SZ300248,8.25,0.56502986,0.14827652609281725,0.18621220874253802,0.22318505680724052,0.3075293664548431,,0,True
SZ300249,12.38,1.6778483,0.5158867706528019,0.4392451376853457,0.39399191218948587,0.19083381475062583,,0,True
SZ300250,14.49,0.9112413,0.41267090313884075,0.5268630849220104,0.060658578856152515,0.6751396110148277,,0,True
SZ300251,10.97,3.9382741,0.5644136337377239,0.21220874253803196,0.5630656653186983,0.15540150202195263,,0,True
SZ300252,11.39,5.2199435,0.8080107837473522,0.6318120546890045,0.14038128249566725,0.0527633352590025,量能水平,1,False
SZ300253,6.98,2.5086548,0.2784517619872906,0.08915848257269401,0.16175621028307338,0.5284036202580397,,0,True
SZ300254,9.19,0.77137375,0.5786635855959946,0.6990179087232813,0.8037743115732717,0.725207009435779,量能动量,1,False
SZ300255,22.939999,4.1591163,0.45561332563065665,0.5278259195070287,0.8282303100327364,0.8220681686886193,量能动量;量能比,2,False
SZ300256,2.5900002,0.588536,0.6364336606970923,0.36683997689196995,0.13017523589447333,0.27074908530714425,,0,True
SZ300257,17.38,2.4107926,0.7232813402657423,0.601001347968419,0.17292509146928559,0.1097631426920855,,0,True
SZ300258,8.87,0.59266996,0.3423839784325053,0.5836703254380897,0.8263046408626998,0.8838821490467937,量能动量;量能比,2,False
SZ300259,3.9099998,1.6853576,0.47101867899094935,0.8328519160408242,0.5391873676102446,0.9456961294049683,量能波动;量能比,2,False
SZ300260,54.44,7.998234,0.5613325630656654,0.21894858463316003,0.27806662815328326,0.46485653764683227,,0,True
SZ300261,4.92,0.80052227,0.2890429424224918,0.17061428846524168,0.7775852108607741,0.08126323897554401,,0,True
SZ300263,9.79,3.269941,0.6562680531484691,0.7519738108992875,0.4265357211631042,0.7635278259195071,,0,True
SZ300264,5.9300003,0.98219705,0.4619680338917774,0.6549200847294435,0.619680338917774,0.7517812439822839,,0,True
SZ300265,11.85,2.6310635,0.6847679568650106,0.6393221644521471,0.19468515309069903,0.3849412670903139,,0,True
SZ300266,1.87,0.4846,0.23782014249951858,0.16830348546119778,0.3597150009628346,0.2530329289428076,,0,True
SZ300267,3.26,0.9402396,0.4340458309262469,0.2618910071249759,0.4646639707298286,0.747159637974196,,0,True
SZ300268,11.910001,0.33392322,0.05680724051607934,0.022530329289428077,0.12824956672443674,0.11361448103215868,,0,True
SZ300269,4.56,0.75641215,0.5216637781629117,0.8985172347390719,0.9855574812247256,0.9770845368765646,量能波动;量能动量;量能比,3,False
SZ300270,10.209999,0.9009195,0.36972848064702485,0.6479876757173118,0.8994800693240901,0.7394569612940497,量能动量,1,False
SZ300271,5.75,0.82018894,0.40804929713075294,0.34045830926246873,0.11476988253418063,0.610629693818602,,0,True
SZ300272,6.06,0.38139024,0.12362796071634893,0.3695359137300212,0.9381860196418256,0.9046793760831889,量能动量;量能比,2,False
SZ300274,82.49,35.74863,0.7080685538224533,0.4642788368958213,0.22568842672828807,0.42480261891007126,,0,True
SZ300275,8.860001,0.38228244,0.21702291546312344,0.28827267475447715,0.8341998844598498,0.4369343346813018,量能动量,1,False
SZ300276,6.15,1.2630842,0.28134026574234544,0.7627575582514924,0.9025611399961486,0.950895436164067,量能动量;量能比,2,False
SZ300277,12.75,2.416127,0.6152512998266898,0.4467552474484883,0.23069516657038322,0.1471211245907953,,0,True
SZ300278,3.5100002,0.50667095,0.34623531677257846,0.12170229154631235,0.2722896206431735,0.422684382823031,,0,True
SZ300279,5.83,0.84852505,0.24533025226266128,0.40477565954169076,0.28499903716541497,0.35952243404583095,,0,True
SZ300281,6.9799995,0.5390426,0.12593876372039284,0.3302522626612748,0.2618910071249759,0.48834970152127866,,0,True
SZ300283,12.900001,5.1441193,0.748315039476218,0.6269978817639129,0.3460427498555748,0.6158290005777007,,0,True
SZ300284,5.1,0.5075827,0.17119198921625264,0.14095898324667822,0.8499903716541498,0.6387444637011361,量能动量,1,False
SZ300285,63.059998,49.68322,0.7332948199499326,0.8474870017331022,0.488157134604275,0.7768149431927595,量能波动,1,False
SZ300286,18.800001,0.6562587,0.05257076834199884,0.16406701328711729,0.4016945888696322,0.5339880608511458,,0,True
SZ300287,3.5,1.0694318,0.22260735605622953,0.5389948006932409,0.38686693626035046,0.8507606393221645,量能比,1,False
SZ300288,9.639999,0.33695596,0.10244559984594646,0.1274792990564221,0.35759676487579434,0.5413056036972848,,0,True
SZ300289,6.06,0.31798738,0.19969189293279416,0.22684382823031005,0.6984402079722704,0.8162911611785095,量能比,1,False
SZ300290,6.68,3.2799094,0.6614673599075679,0.6443289042942423,0.12150972462930869,0.34777585210860773,,0,True
SZ300291,4.99,3.3185854,0.9308684767956865,0.970152127864433,0.3050259965337955,0.9376083188908145,量能水平;量能波动;量能比,3,False
SZ300292,4.35,2.5966148,0.6558829193144617,0.6225688426728289,0.11091854419410745,0.1322934719815136,,0,True
SZ300293,13.800001,0.41962716,0.07721933371846716,0.043327556325823226,0.5867513961101483,0.3423839784325053,,0,True
SZ300294,14.940001,0.67561185,0.21451954554207586,0.44020797227036396,0.8773348738686694,0.5376468322742153,量能动量,1,False
SZ300295,11.9800005,0.25670516,0.18659734257654534,0.21779318313113807,0.25977277103793567,0.6062006547275178,,0,True
SZ300296,4.71,1.6827161,0.2657423454650491,0.18082033506643558,0.20662430194492587,0.3866743693433468,,0,True
SZ300298,16.3,0.56549793,0.07163489312536106,0.010206046601193916,0.4284613903331408,0.6768727132678606,,0,True
SZ300299,5.3399997,0.9722705,0.32505295590217603,0.3150394762179857,0.35990756787983824,0.38628923550933947,,0,True
SZ300300,11.129999,11.796233,0.9297130752936645,0.9639899865203158,0.884267282880801,0.877527440785673,量能水平;量能波动;量能动量;量能比,4,False
SZ300301,3.99,0.4079565,0.2697862507221259,0.7429231658001155,0.9894088195647988,0.9605237820142499,量能动量;量能比,2,False
SZ300302,25.679998,4.4813247,0.4124783362218371,0.4896976699403043,0.2293471981513576,0.5380319661082226,,0,True
SZ300303,6.3599997,2.0827634,0.32909686115925285,0.32447525515116504,0.3803196610822261,0.6133256306566532,,0,True
SZ300304,12.08,2.166451,0.3096476025418833,0.4113229347198151,0.560947429231658,0.49528211053341037,,0,True
SZ300305,6.32,0.97929114,0.6739842095128057,0.878682842287695,0.9229732331985365,0.9713075293664548,量能波动;量能动量;量能比,3,False
SZ300306,10.4,0.22532232,0.064895051030233,0.17350279222029655,0.7575582514923936,0.7885615251299827,,0,True
SZ300307,6.870001,0.9206255,0.7496630078952436,0.6306566531869825,0.594261505873291,0.30887733487386865,,0,True
SZ300308,808.44,208.1692,0.49528211053341037,0.5480454457924129,0.4400154053533603,0.38937030618139806,,0,True
SZ300310,4.23,0.70579886,0.25803966878490275,0.35181975736568455,0.2050837666088966,0.6695551704217215,,0,True
SZ300311,6.1499996,3.8115141,0.6934334681301753,0.8497978047371462,0.6780281147698826,0.7654534950895436,量能波动,1,False
SZ300313,12.0599985,3.8155062,0.8101290198343924,0.6067783554785288,0.15482380127094164,0.11342191411515502,量能水平,1,False
SZ300314,12.860001,0.94848824,0.3843635663393029,0.4455998459464664,0.1346042749855575,0.887733487386867,量能比,1,False
SZ300315,3.94,3.4262636,0.7359907567879839,0.5220489119969189,0.1386481802426343,0.038128249566724434,,0,True
SZ300316,35.88,3.9281,0.20469863277488928,0.380897361833237,0.9123820527633353,0.8977469670710572,量能动量;量能比,2,False
SZ300317,4.07,2.2122045,0.8419025611399962,0.9299056422106682,0.8580781821683034,0.7583285191604082,量能水平;量能波动;量能动量,3,False
SZ300318,5.23,0.38144416,0.09628345850182939,0.11650298478721356,0.41421143847487,0.8264972077797035,量能比,1,False
SZ300319,18.099998,22.650362,0.8189870980165608,0.715578663585596,0.30560369728480646,0.20758713652994415,量能水平,1,False
SZ300320,8.13,0.40843725,0.021567494704409784,0.050645099171962256,0.6999807433082996,0.27691122665126133,,0,True
SZ300321,32.28,1.0355045,0.1981513575967649,0.46601193914885425,0.2218370883882149,0.5322549585981129,,0,True
SZ300322,15.96,4.5615315,0.505103023300597,0.463893703061814,0.32813402657423457,0.3306373964952821,,0,True
SZ300323,10.7,5.6842737,0.877527440785673,0.7766223762757558,0.36510687463893704,0.4055459272097054,量能水平,1,False
SZ300324,3.68,2.2869685,0.4016945888696322,0.845368765646062,0.009050645099171962,0.9740034662045061,量能波动;量能比,2,False
SZ300326,6.22,0.3010411,0.0779896013864818,0.07452339688041594,0.6092817253995764,0.536106296938186,,0,True
SZ300327,24.769999,2.331278,0.2106682072020027,0.4646639707298286,0.22395532447525515,0.8542268438282303,量能比,1,False
SZ300328,11.989999,4.8133125,0.5455420758713653,0.584055459272097,0.09897939533988061,0.13190833814750627,,0,True
SZ300329,11.78,0.24329986,0.02002695936838051,0.03601001347968419,0.22915463123435395,0.37300211823608703,,0,True
SZ300331,42.269997,4.2676873,0.39033314076641634,0.39957635278259196,0.38224533025226265,0.3362218370883882,,0,True
SZ300332,4.7999997,1.2146602,0.6606970922395532,0.5588291931446178,0.13749277874061236,0.06412478336221837,,0,True
SZ300333,11.400001,3.2466583,0.8103215867513961,0.6709031388407471,0.2260735605622954,0.12362796071634893,量能水平,1,False
SZ300334,8.530001,0.72006774,0.6520315809743886,0.3531677257847102,0.7340650876179472,0.4927787406123628,,0,True
SZ300335,5.57,0.6859841,0.46254573464278836,0.45002888503755056,0.6214134411708069,0.2647795108800308,,0,True
SZ300337,8.91,1.069582,0.26843828230310035,0.22010398613518198,0.3722318505680724,0.37203928365106875,,0,True
SZ300338,2.6399999,0.21163154,0.2620835740419796,0.4891199691892933,0.8940881956479877,0.9310610437126902,量能动量;量能比,2,False
SZ300339,33.8,4.41799,0.3075293664548431,0.2526477951088003,0.1681109185441941,0.27402272289620644,,0,True
SZ300340,9.04,0.5157301,0.634893125361063,0.9736183323704988,0.9788176391295975,0.970152127864433,量能波动;量能动量;量能比,3,False
SZ300341,12.77,0.42136124,0.019641825534373193,0.042172154823801274,0.722896206431735,0.6096668592335837,,0,True
SZ300342,29.41,3.1386924,0.20797227036395147,0.6217985750048142,0.7011361448103216,0.9066050452532255,量能比,1,False
SZ300343,5.15,0.58490247,0.12574619680338917,0.17119198921625264,0.44521471211245905,0.3506643558636626,,0,True
SZ300345,6.4,2.709209,0.6976699403042558,0.49104563835932985,0.44714038128249567,0.3545156942037358,,0,True
SZ300346,49.449997,14.133772,0.7350279222029655,0.431735027922203,0.36395147313691506,0.3608704024648565,,0,True
SZ300347,58.4,7.266841,0.33140766416329676,0.2994415559406894,0.7954939341421143,0.3539379934527248,,0,True
SZ300348,9.24,1.4154395,0.15058732909686115,0.09801656075486231,0.16271904486809166,0.1523204313498941,,0,True
SZ300349,10.11,0.5110963,0.11573271711919893,0.5742345465049105,0.6564606200654728,0.9299056422106682,量能比,1,False
SZ300350,4.82,0.8355779,0.471211245907953,0.6250722125938764,0.7515886770652802,0.97631426920855,量能比,1,False
SZ300351,13.409999,0.8454896,0.21355671095705758,0.17908723281340266,0.5047178894665897,0.3104178702098979,,0,True
SZ300352,2.8899999,1.2287735,0.4563835932986713,0.4536876564606201,0.6194877720007703,0.5642210668207202,,0,True
SZ300353,16.660002,1.5729421,0.35432312728673215,0.3884074715963797,0.7671865973425765,0.6271904486809167,,0,True
SZ300354,27.019999,0.35731572,0.02079722703639515,0.10360100134796842,0.6866936260350471,0.7265549778548045,,0,True
SZ300355,2.78,0.60516155,0.2961679183516272,0.097631426920855,0.5128056999807433,0.17311765838628923,,0,True
SZ300357,20.33,1.9152406,0.31311380704794917,0.3533602927017138,0.7099942229924899,0.28788754092046986,,0,True
SZ300358,9.83,2.5298057,0.8825341806277681,0.952050837666089,0.6397072982861545,0.9449258617369536,量能水平;量能波动;量能比,3,False
SZ300359,4.08,0.57618713,0.47621798575004815,0.49354900828037745,0.455998459464664,0.7658386289235509,,0,True
SZ300360,11.04,0.4016942,0.17581359522434045,0.20546890044290392,0.568264972077797,0.46870787598690544,,0,True
SZ300363,24.560001,4.9336033,0.7924128634700558,0.748315039476218,0.698632774889274,0.6539572501444252,,0,True
SZ300364,23.37,17.707096,0.6955517042172155,0.40939726554977857,0.24167148083959175,0.32582322357019067,,0,True
SZ300365,4.54,0.42566195,0.33756980550741383,0.2293471981513576,0.6137107644906605,0.6418255343731947,,0,True
SZ300366,5.5599995,0.35110715,0.14095898324667822,0.22665126131330637,0.6994030425572887,0.3745426535721163,,0,True
SZ300368,9.13,4.3953085,0.7267475447718083,0.19930675909878684,0.6633930290776044,0.2414789139225881,,0,True
SZ300369,9.26,6.4659257,0.9557096090891585,0.9664933564413634,0.7315617176968997,0.8372809551319084,量能水平;量能波动;量能比,3,False
SZ300370,2.13,0.536021,0.4898902368573079,0.3936067783554785,0.21451954554207586,0.5975351434623531,,0,True
SZ300371,10.12,0.2733089,0.18024263431542462,0.04563835932986713,0.5195455420758713,0.3077219333718467,,0,True
SZ300373,84.46,8.563918,0.3188908145580589,0.2670903138840747,0.1769689967263624,0.4043905257076834,,0,True
SZ300374,10.14,0.43828073,0.21317157712305027,0.10475640284999037,0.19584055459272098,0.6735990756787984,,0,True
SZ300375,4.0899997,0.31809396,0.17369535913730022,0.18929327941459656,0.7777777777777778,0.488157134604275,,0,True
SZ300376,4.1,0.63974166,0.05622953976506836,0.05796264201810129,0.2709416522241479,0.48257269401116887,,0,True
SZ300377,13.07,3.7900608,0.48083959175813595,0.19430001925669171,0.5145388022337762,0.11842865395725015,,0,True
SZ300378,37.640003,6.4425745,0.814365492008473,0.7151935297515887,0.09127671865973426,0.41787020989793955,量能水平,1,False
SZ300380,27.28,0.74015033,0.2555362988638552,0.03389177739264394,0.23416137107644908,0.060658578856152515,,0,True
SZ300381,5.6899996,0.66921693,0.455420758713653,0.19064124783362218,0.4461775466974774,0.16079337569805507,,0,True
SZ300382,14.0,4.5369196,0.6479876757173118,0.7485076063932217,0.8954361640670133,0.6375890621991142,量能动量,1,False
SZ300383,10.75,3.837468,0.5461197766223763,0.5653764683227421,0.3167725784710187,0.5012516849605237,,0,True
SZ300384,12.009999,0.2881493,0.05796264201810129,0.4284613903331408,0.8935104948969766,0.910841517427306,量能动量;量能比,2,False
SZ300385,13.03,0.81118816,0.18332370498748315,0.25919507028692473,0.03466204506065858,0.1451954554207587,,0,True
SZ300386,10.65,1.1926392,0.6131330637396495,0.17773926439437704,0.2932794145965723,0.019449258617369534,,0,True
SZ300387,7.4299994,0.73883134,0.4290390910841517,0.0966685923358367,0.3550933949547468,0.024263431542461005,,0,True
SZ300388,6.71,0.27550942,0.021182360870402466,0.011939148854226844,0.6949740034662045,0.13941844791064895,,0,True
SZ300389,12.85,0.5206008,0.09281725399576353,0.121894858463316,0.11034084344309647,0.5892547660311959,,0,True
SZ300390,49.089996,10.990292,0.13537454265357213,0.03678028114769882,0.6672443674176777,0.577315617176969,,0,True
SZ300393,5.9,0.9349388,0.3768534565761602,0.2905834777585211,0.29116117850953205,0.40227228962064315,,0,True
SZ300394,260.77,95.63799,0.5060658578856152,0.3371846716734065,0.7500481417292509,0.31696514538802234,,0,True
SZ300395,94.92,21.867792,0.5339880608511458,0.31465434238397844,0.5578663585595994,0.45330252262661275,,0,True
SZ300397,10.95,2.4522069,0.805314846909301,0.9788176391295975,0.21182360870402464,0.9738108992875024,量能水平;量能波动;量能比,3,False
SZ300398,33.920002,10.984722,0.6988253418062776,0.6377816291161178,0.4174850760639322,0.5726940111688812,,0,True
SZ300399,19.119999,1.2648014,0.24841132293471982,0.035047178894665895,0.3082996341228577,0.03851338340073175,,0,True
SZ300400,32.2,4.698583,0.2722896206431735,0.38551896784132483,0.35201232428268825,0.20258039668784902,,0,True
SZ300401,15.410001,3.817727,0.2967456191026382,0.1812054689004429,0.31869824764105525,0.3073367995378394,,0,True
SZ300402,14.509998,0.3054616,0.02638166762950125,0.059310610437126904,0.09281725399576353,0.44059310610437125,,0,True
SZ300403,8.83,0.5477318,0.14172925091469285,0.317735413056037,0.8565376468322742,0.7182746004236472,量能动量,1,False
SZ300404,14.73,5.742483,0.7417677642980935,0.7277103793568265,0.455420758713653,0.8463316002310803,量能比,1,False
SZ300405,5.86,0.42132425,0.28788754092046986,0.1523204313498941,0.454265357211631,0.5898324667822068,,0,True
SZ300406,11.94,0.4742447,0.05719237435008666,0.14172925091469285,0.6154438667436934,0.835162719044868,量能比,1,False
SZ300407,10.580001,0.5370787,0.2218370883882149,0.2676680146350857,0.06855382245330252,0.43558636626227615,,0,True
SZ300408,117.329994,54.29783,0.9329867128827267,0.8811862122087425,0.15906027344502213,0.28037743115732716,量能水平;量能波动,2,False
SZ300409,16.96,2.267113,0.35894473329481996,0.4278836895821298,0.7546697477373387,0.8817639129597535,量能比,1,False
SZ300410,8.5,2.0024683,0.4758328519160408,0.45272482187560176,0.5699980743308299,0.7361833237049875,,0,True
SZ300411,8.240001,1.0802037,0.42191411515501637,0.616214134411708,0.7899094935490083,0.5164644714038128,,0,True
SZ300412,4.54,0.3639744,0.07105719237435008,0.040631619487772004,0.26554977854804546,0.5128056999807433,,0,True
SZ300413,21.0,24.982471,0.9872905834777586,0.9709223955324475,0.8480647024841133,0.08646254573464279,量能水平;量能波动;量能动量,3,False
SZ300414,10.49,1.275434,0.40188715578663586,0.2828808010783747,0.26035047178894666,0.06450991719622569,,0,True
SZ300415,18.81,0.69719905,0.04891199691892933,0.17253995763527827,0.7616021567494704,0.7072982861544387,,0,True
SZ300416,13.5,1.2082376,0.0822260735605623,0.105526670518005,0.570575775081841,0.6990179087232813,,0,True
SZ300417,12.04,0.3888534,0.08742538031966109,0.04737146158290006,0.3011746581937223,0.63316002310803,,0,True
SZ300418,40.079998,23.627392,0.9222029655305218,0.8910071249759292,0.06720585403427691,0.2027729636048527,量能水平;量能波动,2,False
SZ300419,7.9600005,0.57719666,0.22953976506836127,0.3269786250722126,0.5865588291931446,0.6456768727132679,,0,True
SZ300420,7.1499996,5.409591,0.5303292894280762,0.46485653764683227,0.138263046408627,0.16368187945310997,,0,True
SZ300421,16.78,0.81742024,0.10668207202002696,0.05545927209705372,0.6616599268245715,0.6075486231465435,,0,True
SZ300422,4.1,0.41900423,0.14673599075678798,0.04833429616791835,0.5131908338147506,0.2925091469285577,,0,True
SZ300423,5.4,0.3898378,0.16291161178509533,0.1929520508376661,0.3539379934527248,0.7238590410167534,,0,True
SZ300424,12.78,1.9546933,0.6624301944925862,0.619680338917774,0.0504525322549586,0.38917773926439436,,0,True
SZ300425,4.05,0.2901114,0.06508761794723666,0.33641440400539185,0.7036395147313691,0.8286154438667437,量能比,1,False
SZ300426,7.57,1.9360422,0.7446562680531484,0.6899672636241094,0.07259772771037935,0.607163489312536,,0,True
SZ300427,6.09,2.5110083,0.7512035432312729,0.8659734257654534,0.6104371269015983,0.8151357596764875,量能波动;量能比,2,False
SZ300428,19.2,1.0058758,0.13190833814750627,0.02214519545542076,0.7935682649720778,0.31754284613903333,,0,True
SZ300429,10.66,1.806643,0.39591758135952243,0.34681301752358945,0.4190256113999615,0.3385326400924321,,0,True
SZ300430,4.15,0.71971154,0.5954169073753129,0.49066050452532256,0.6156364336606971,0.38975544001540535,,0,True
SZ300432,12.930001,4.182134,0.3510494896976699,0.07837473522048911,0.41671480839591757,0.3764683227421529,,0,True
SZ300433,32.31,23.455856,0.9168110918544194,0.8261120739456961,0.17542846139033313,0.35008665511265163,量能水平;量能波动,2,False
SZ300434,12.92,3.2717206,0.616214134411708,0.5493934142114385,0.6799537839399191,0.8740612362796072,量能比,1,False
SZ300435,15.63,0.99412787,0.23416137107644908,0.22125938763720393,0.7096090891584825,0.455998459464664,,0,True
SZ300436,83.68,2.153667,0.22530329289428075,0.05584440593106104,0.4771808203350664,0.44251877527440786,,0,True
SZ300437,10.65,0.7217274,0.18524937415751974,0.032351242056614674,0.3778162911611785,0.17253995763527827,,0,True
SZ300438,49.07,7.1915755,0.4259580204120932,0.47737338725207007,0.911419218178317,0.7760446755247449,量能动量,1,False
SZ300439,10.25,0.39073217,0.3167725784710187,0.58578856152513,0.552474484883497,0.8811862122087425,量能比,1,False
SZ300440,16.58,1.8384125,0.4685153090699018,0.33988060851145774,0.15212786443289042,0.24224918159060274,,0,True
SZ300441,7.07,0.28193435,0.006547275178124398,0.04429039091084152,0.60157904871943,0.6949740034662045,,0,True
SZ300442,64.020004,12.664403,0.869054496437512,0.8902368573079145,0.0943577893317928,0.876372039283651,量能水平;量能波动;量能比,3,False
SZ300443,20.92,1.5982358,0.5241671480839591,0.7255921432697863,0.9162333911034084,0.8821490467937608,量能动量;量能比,2,False
SZ300444,8.45,1.958958,0.5569035239745812,0.5332177931831311,0.2326208357404198,0.13749277874061236,,0,True
SZ300445,18.42,0.48425165,0.03446947814365492,0.07721933371846716,0.6549200847294435,0.4161371076449066,,0,True
SZ300446,12.38,0.69839025,0.07182746004236472,0.055266705180050064,0.6248796456768727,0.3156171769689967,,0,True
SZ300447,14.27,0.518138,0.07587136529944155,0.12767186597342575,0.8902368573079145,0.6339302907760447,量能动量,1,False
SZ300448,5.4100003,0.8370447,0.2640092432120162,0.3964952821105334,0.6139033314076642,0.5861736953591373,,0,True
SZ300449,6.85,0.5681518,0.38166762950125166,0.5967648757943386,0.9220103986135182,0.8434430964760254,量能动量;量能比,2,False
SZ300450,34.94,11.743624,0.3464278836895821,0.8403620258039669,0.9886385518967842,0.9401116888118621,量能波动;量能动量;量能比,3,False
SZ300451,3.49,0.7078836,0.10360100134796842,0.11322934719815136,0.08299634122857694,0.7092239553244752,,0,True
SZ300452,13.259999,0.4776545,0.03254380897361833,0.011554015020219527,0.7527440785673022,0.5599845946466397,,0,True
SZ300453,9.05,0.44802836,0.026189100712497592,0.02984787213556711,0.8182168303485461,0.35374542653572116,量能动量,1,False
SZ300454,137.42,18.185377,0.9614866165992683,0.9046793760831889,0.17773926439437704,0.49855574812247255,量能水平;量能波动,2,False
SZ300455,16.16,0.75144935,0.022530329289428077,0.058925476603119586,0.6943963027151935,0.6589639899865203,,0,True
SZ300456,35.88,13.086236,0.6524167148083959,0.6635855959946081,0.20007702676680147,0.5143462353167726,,0,True
SZ300457,21.36,2.1287005,0.16406701328711729,0.35952243404583095,0.8740612362796072,0.8332370498748315,量能动量;量能比,2,False
SZ300458,32.18,10.596615,0.5684575389948007,0.6572308877334874,0.007317542846139034,0.5374542653572116,,0,True
SZ300459,3.49,2.8725142,0.42422491815906027,0.3574041979587907,0.1550163681879453,0.3872520700943578,,0,True
SZ300460,8.91,0.28698355,0.09146928557673792,0.21702291546312344,0.7941459657230888,0.8619295205083767,量能比,1,False
SZ300461,37.35,2.6631422,0.3212016175621028,0.39591758135952243,0.829000577700751,0.7332948199499326,量能动量,1,False
SZ300463,9.53,0.39103475,0.333525900250337,0.3783939919121895,0.7485076063932217,0.7631426920854997,,0,True
SZ300464,10.1,2.9800951,0.7485076063932217,0.6712882726747544,0.3466204506065858,0.7806662815328327,,0,True
SZ300465,11.0,1.212266,0.33660697092239555,0.08800308107067206,0.20681686886192951,0.11611785095320624,,0,True
SZ300466,7.2200003,0.3203781,0.024648565376468323,0.08280377431157328,0.8675139611014827,0.7400346620450606,量能动量,1,False
SZ300467,32.29,0.8912036,0.17812439822838436,0.11034084344309647,0.5819372231850568,0.30714423262083573,,0,True
SZ300468,20.51,11.12832,0.8407471596379742,0.7049874831503947,0.039476217985750045,0.013094550356248796,量能水平,1,False
SZ300469,49.22,2.1915603,0.08415174273059889,0.16888118621220874,0.5834777585210861,0.7327171191989216,,0,True
SZ300470,27.140001,0.33630437,0.0415944540727903,0.01694588869632197,0.25399576352782594,0.40804929713075294,,0,True
SZ300471,9.84,0.49719447,0.48834970152127866,0.2622761409589833,0.1284421336414404,0.27902946273830154,,0,True
SZ300473,36.75,3.0987923,0.916425958020412,0.8967841324860389,0.7754669747737338,0.9137300211823609,量能水平;量能波动;量能比,3,False
SZ300474,50.71,3.3307812,0.2634315424610052,0.4586943963027152,0.22896206431735028,0.8266897746967071,量能比,1,False
SZ300475,153.24,42.74021,0.6940111688811862,0.3878297708453688,0.4088195647987676,0.19160408241864046,,0,True
SZ300476,210.3,62.91574,0.6589639899865203,0.6013864818024264,0.1130367802811477,0.5388022337762373,,0,True
SZ300477,2.7599998,0.54960656,0.31138070479491625,0.5580589254766031,0.9724629308684768,0.49297130752936646,量能动量,1,False
SZ300478,30.699999,1.4313,0.3082996341228577,0.13344887348353554,0.8409397265549778,0.6321971885230118,量能动量,1,False
SZ300479,14.580001,0.4471942,0.10899287502407086,0.0681686886192952,0.7196225688426728,0.33314076641632967,,0,True
SZ300480,29.76,3.388047,0.1864047756595417,0.24417485076063933,0.8288080107837473,0.4273059888311188,量能动量,1,False
SZ300481,13.31,0.89618754,0.10687463893703061,0.06662815328326593,0.7433082996341228,0.6793760831889082,,0,True
SZ300482,16.76,0.6701177,0.06778355478528789,0.13133063739649528,0.8424802618910071,0.7935682649720778,量能动量,1,False
SZ300483,22.89,2.9847257,0.62526477951088,0.4394377046023493,0.2653572116310418,0.22819179664933564,,0,True
SZ300484,13.02,0.34609887,0.055266705180050064,0.27922202965530524,0.7423454650491046,0.8638551896784132,量能比,1,False
SZ300485,8.65,0.36796957,0.36395147313691506,0.26593491238205275,0.6187175043327556,0.6137107644906605,,0,True
SZ300486,17.140001,1.1599782,0.21548238012709417,0.12324282688234162,0.4534950895436164,0.18505680724051607,,0,True
SZ300487,67.03,3.0005977,0.049489697669940304,0.049297130752936645,0.24436741767764297,0.13210090506450992,,0,True
SZ300488,35.63,2.265172,0.4261505873290969,0.3637589062199114,0.17908723281340266,0.2251107259772771,,0,True
SZ300489,278.35,28.169949,0.5873290968611593,0.5357211631041787,0.6761024455998459,0.7837473522048912,,0,True
SZ300490,10.78,1.198645,0.46023493163874446,0.6325823223570191,0.7983824378971692,0.6965145388022338,,0,True
SZ300491,35.16,4.1738124,0.5755825149239361,0.6583862892355093,0.3866743693433468,0.7352204891199692,,0,True
SZ300492,20.449999,0.6632759,0.008472944348160986,0.00789524359715001,0.48488349701521277,0.5655690352397458,,0,True
SZ300493,12.4800005,1.2247394,0.11419218178316966,0.08588484498363182,0.20951280569998074,0.6942037357981898,,0,True
SZ300494,8.02,0.5940781,0.3275563258232236,0.24128634700558443,0.6645484305796264,0.24764105526670518,,0,True
SZ300496,52.9,4.481161,0.4328904294242249,0.2738301559792028,0.1451954554207587,0.18852301174658193,,0,True
SZ300497,17.86,8.014263,0.7094165222414789,0.6177546697477373,0.5020219526285384,0.544579241286347,,0,True
SZ300498,15.12,6.0410104,0.989793953398806,0.974581166955517,0.5809743886000385,0.20238782977084538,量能水平;量能波动,2,False
SZ300499,31.41,12.82337,0.7875986905449643,0.544579241286347,0.5245522819179665,0.06373964952821105,,0,True
SZ300500,9.77,0.32527846,0.21798575004814172,0.38455613325630655,0.8873483535528596,0.8330444829578278,量能动量;量能比,2,False
SZ300501,11.05,0.56251657,0.21875601771615635,0.8051222799922974,0.9961486616599268,0.9890236857307915,量能波动;量能动量;量能比,3,False
SZ300502,389.0,135.59044,0.3928365106874639,0.37762372424417484,0.4829578278451762,0.44637011361448103,,0,True
SZ300503,60.949997,5.438547,0.21644521471211245,0.34257654534950893,0.6568457538994801,0.7606393221644522,,0,True
SZ300504,16.710001,1.437117,0.699210475640285,0.8419025611399962,0.13479684190256114,0.7979973040631619,量能波动,1,False
SZ300505,18.02,4.3416257,0.7109570575775082,0.5709609089158483,0.446947814365492,0.06605045253225496,,0,True
SZ300506,4.78,0.77149904,0.16252647795108802,0.520315809743886,0.6553052185634508,0.8239938378586559,量能比,1,False
SZ300507,6.2400002,0.47216135,0.11053341036010013,0.15520893510494896,0.6410552667051801,0.49451184286539573,,0,True
SZ300508,36.15,0.7739322,0.15443866743693432,0.09050645099171963,0.8128249566724437,0.4937415751973811,量能动量,1,False
SZ300509,8.77,0.39751604,0.07279029462738301,0.21548238012709417,0.918736761024456,0.8051222799922974,量能动量;量能比,2,False
SZ300510,3.4199998,0.6202003,0.33371846716734066,0.2345465049104564,0.7288657808588485,0.5241671480839591,,0,True
SZ300511,4.87,1.858672,0.8709801656075487,0.6801463508569228,0.4053533602927017,0.04120932023878298,量能水平,1,False
SZ300512,7.44,0.2843158,0.1933371846716734,0.35374542653572116,0.4925861736953591,0.7202002695936838,,0,True
SZ300513,7.3999996,0.358465,0.14269208549971116,0.2801848642403235,0.03158097438860004,0.7637203928365107,,0,True
SZ300514,10.150001,0.26824552,0.04236472174080493,0.170421721548238,0.7438860003851339,0.822260735605623,量能比,1,False
SZ300515,16.13,0.58634806,0.07760446755247448,0.4858463316002311,0.6903523974581167,0.9324090121317158,量能比,1,False
SZ300516,34.000004,1.876169,0.4999037165414982,0.4404005391873676,0.7067205854034276,0.40862699788176393,,0,True
SZ300517,11.44,0.80839974,0.34681301752358945,0.1111111111111111,0.25861736953591374,0.07721933371846716,,0,True
SZ300518,25.93,2.0329587,0.6682072020026959,0.6660889659156557,0.40843443096476023,0.7099942229924899,,0,True
SZ300519,14.82,0.37469193,0.06412478336221837,0.045060658578856154,0.5495859811284421,0.5619102638166763,,0,True
SZ300520,22.57,2.1069295,0.3758906219911419,0.869632197188523,0.9237435008665511,0.9857500481417293,量能波动;量能动量;量能比,3,False
SZ300521,24.35,0.64363414,0.105526670518005,0.09705372616984402,0.22838436356633932,0.40708646254573466,,0,True
SZ300522,13.8,2.9482825,0.5992682457153861,0.5555555555555556,0.24533025226266128,0.7196225688426728,,0,True
SZ300523,23.22,0.895158,0.3034854611977662,0.6248796456768727,0.9765068361255537,0.9695744271134219,量能动量;量能比,2,False
SZ300525,7.680001,0.81404495,0.06797612170229154,0.10398613518197573,0.12112459079530137,0.39379934527248217,,0,True
SZ300528,13.05,2.4494228,0.6915077989601387,0.5418833044482958,0.6522241478913923,0.09012131715771231,,0,True
SZ300529,15.27,0.5803742,0.13383400731754286,0.16714808395917582,0.7475447718082033,0.5782784517619873,,0,True
SZ300530,20.07,1.0440127,0.2199114192181783,0.5255151165029848,0.9341421143847487,0.6079337569805507,量能动量,1,False
SZ300531,15.25,1.2512189,0.2628538417099942,0.16194877720007703,0.5597920277296361,0.11226651261313306,,0,True
SZ300532,7.34,0.5215144,0.09050645099171963,0.01559792027729636,0.48700173310225303,0.5041401887155786,,0,True
SZ300533,13.9,1.1630629,0.6140958983246678,0.5045253225495859,0.052185634507991525,0.03889851723473907,,0,True
SZ300534,12.58,6.269196,0.8534565761602156,0.8349701521278644,0.1900635470826112,0.7267475447718083,量能水平;量能波动,2,False
SZ300535,15.869999,0.31422958,0.1611785095320624,0.08241864047756596,0.5237820142499519,0.5867513961101483,,0,True
SZ300536,8.07,0.54145586,0.1205468900442904,0.07644906605045253,0.7417677642980935,0.27922202965530524,,0,True
SZ300537,19.75,1.8794974,0.4665896398998652,0.3558636626227614,0.31369150779896016,0.29135374542653575,,0,True
SZ300538,14.3,0.6106522,0.19025611399961487,0.16849605237820142,0.26843828230310035,0.464471403812825,,0,True
SZ300539,17.4,1.1258744,0.11168881186212208,0.3951473136915078,0.5996533795493935,0.7764298093587522,,0,True
SZ300540,24.69,2.1573381,0.5528596187175043,0.742152898132101,0.27768149431927597,0.7082611207394569,,0,True
SZ300541,9.27,0.49265876,0.10764490660504525,0.06450991719622569,0.25919507028692473,0.2821105334103601,,0,True
SZ300542,12.19,0.8591201,0.10610437126901598,0.05815520893510495,0.06797612170229154,0.05334103601001348,,0,True
SZ300543,7.77,0.30262592,0.1359522434045831,0.060466011939148856,0.713845561332563,0.5715386096668592,,0,True
SZ300545,26.210001,2.2469666,0.4823801270941652,0.8472944348160986,0.43963027151935297,0.9312536106296938,量能波动;量能比,2,False
SZ300546,16.74,1.158371,0.3762757558251492,0.2909686115925284,0.1559792027729636,0.03119584055459272,,0,True
SZ300547,23.2,1.7081896,0.30714423262083573,0.32389755440015405,0.027344502214519544,0.2896206431735028,,0,True
SZ300548,219.83,27.451618,0.48257269401116887,0.2749855574812247,0.6782206816868862,0.45099171962256884,,0,True
SZ300549,14.87,0.25389764,0.060658578856152515,0.056999807433083,0.6978625072212594,0.7560177161563644,,0,True
SZ300550,13.84,0.87243134,0.2470633545156942,0.3023300596957443,0.09012131715771231,0.1405738494126709,,0,True
SZ300551,11.7,1.345363,0.3264009243212016,0.1415366839976892,0.2828808010783747,0.10051993067590988,,0,True
SZ300552,20.08,0.9455526,0.25669170036587713,0.16040824186404776,0.520893510494897,0.15674947044097823,,0,True
SZ300553,56.35,3.5442855,0.4583092624687079,0.32197188523011744,0.5798189870980166,0.21028307336799537,,0,True
SZ300554,22.5,1.0085946,0.3418062776814943,0.7336799537839399,0.5264779510880031,0.967841324860389,量能比,1,False
SZ300556,15.95,0.9255055,0.27344502214519545,0.04409782399383786,0.292894280762565,0.06662815328326593,,0,True
SZ300557,23.810001,0.5631503,0.07009435778933179,0.057770075101097634,0.2823031003273638,0.528211053341036,,0,True
SZ300558,50.480003,4.8532987,0.8401694588869633,0.9185441941074524,0.7947236664740998,0.8083959175813595,量能水平;量能波动;量能比,3,False
SZ300559,12.56,1.0404711,0.21009050645099173,0.024263431542461005,0.4363566339302908,0.04525322549585981,,0,True
SZ300560,15.38,1.9368014,0.382052763335259,0.3562487964567687,0.308107067205854,0.8112844213364144,量能比,1,False
SZ300561,13.76,2.5190132,0.5802041209320239,0.4652416714808396,0.7610244559984595,0.22876949740034663,,0,True
SZ300562,14.75,2.7997591,0.610051993067591,0.5099171962256884,0.68053148469093,0.5168496052378202,,0,True
SZ300563,24.3,2.9709964,0.46139033314076644,0.18833044482957828,0.2564991334488735,0.062006547275178125,,0,True
SZ300564,12.72,0.29763168,0.24032351242056615,0.2703639514731369,0.8444059310610437,0.7381089928750241,量能动量,1,False
SZ300565,9.75,0.7529223,0.46774504140188716,0.2185634507991527,0.6189100712497593,0.3945696129404968,,0,True
SZ300566,23.39,4.5711675,0.6603119584055459,0.8270749085307144,0.14596572308877334,0.8224533025226266,量能波动;量能比,2,False
SZ300567,184.03,11.0918045,0.3316002310803004,0.2823031003273638,0.6905449643751204,0.43038705950317735,,0,True
SZ300568,15.74,9.234566,0.8451761987290584,0.908530714423262,0.6526092817253996,0.8184093972655497,量能水平;量能波动;量能比,3,False
SZ300569,5.29,1.71703,0.8232235701906413,0.9674561910263817,0.9241286347005584,0.9557096090891585,量能水平;量能波动;量能动量;量能比,4,False
SZ300570,212.34999,35.465675,0.8392066243019449,0.6599268245715386,0.21740804929713076,0.3167725784710187,量能水平,1,False
SZ300571,26.960001,1.3975277,0.1415366839976892,0.13383400731754286,0.3125361062969382,0.512998266897747,,0,True
SZ300572,23.08,1.3311716,0.2208742538031966,0.26266127479299056,0.9214326978625073,0.5068361255536299,量能动量,1,False
SZ300573,36.43,1.3600364,0.004043905257076834,0.005391873676102446,0.7406123627960717,0.5934912382052764,,0,True
SZ300575,6.11,0.9351015,0.46543423839784326,0.6262276140958983,0.014442518775274409,0.5538224533025227,,0,True
SZ300576,26.76,3.2070103,0.15116502984787214,0.1550163681879453,0.3231272867321394,0.32563065665318697,,0,True
SZ300577,18.5,0.59552294,0.11149624494511842,0.15540150202195263,0.02233776237242442,0.0635470826112074,,0,True
SZ300578,15.199999,0.57121086,0.14134411708068553,0.3185056807240516,0.6013864818024264,0.7548623146543424,,0,True
SZ300579,23.59,1.3406283,0.17427305988831118,0.15135759676487578,0.5151165029847872,0.4862314654342384,,0,True
SZ300580,18.06,1.1989862,0.2204891199691893,0.19584055459272098,0.6271904486809167,0.5280184864240324,,0,True
SZ300581,9.950001,1.6233318,0.2848064702484113,0.07182746004236472,0.2176006162141344,0.02079722703639515,,0,True
SZ300582,10.65,0.82455534,0.4421336414404005,0.24263431542461006,0.6786058155208935,0.0933949547467745,,0,True
SZ300583,13.7,0.57985944,0.7124975929135374,0.32158675139611015,0.3558636626227614,0.3321779318313114,,0,True
SZ300584,31.179998,0.7008932,0.10437126901598305,0.3539379934527248,0.9420373579818987,0.8293857115347584,量能动量;量能比,2,False
SZ300586,8.580001,1.6792104,0.23050259965337955,0.3377623724244175,0.24301944925861738,0.733102253032929,,0,True
SZ300587,4.44,1.2032828,0.38648180242634317,0.7527440785673022,0.02060466011939149,0.9162333911034084,量能比,1,False
SZ300588,20.86,1.0645164,0.08472944348160986,0.0625842480261891,0.374157519738109,0.05488157134604275,,0,True
SZ300589,13.6,3.7056565,0.39264394377046025,0.19911419218178317,0.6296938186019642,0.0999422299248989,,0,True
SZ300590,11.170001,1.4016436,0.5264779510880031,0.5520893510494898,0.25380319661082223,0.6487579433853264,,0,True
SZ300591,6.17,0.906514,0.2823031003273638,0.260157904871943,0.22588099364529174,0.32351242056614676,,0,True
SZ300592,18.57,2.619403,0.44906605045253223,0.5950317735413057,0.3321779318313114,0.4421336414404005,,0,True
SZ300593,28.740002,5.7431717,0.2405160793375698,0.18370883882149047,0.3997689196995956,0.39322164452147124,,0,True
SZ300594,15.12,0.24046612,0.26593491238205275,0.3791642595802041,0.6110148276526093,0.3957250144425188,,0,True
SZ300595,10.16,0.75275457,0.07336799537839399,0.10244559984594646,0.7502407086462546,0.44482957827845176,,0,True
SZ300596,39.329998,0.8614978,0.09358752166377816,0.06778355478528789,0.1523204313498941,0.487579433853264,,0,True
SZ300597,7.9900002,0.29576552,0.15520893510494896,0.0803004043905257,0.39899865203158097,0.48777200077026767,,0,True
SZ300598,29.92,2.0660183,0.17908723281340266,0.12786443289042942,0.35374542653572116,0.12728673213941843,,0,True
SZ300599,14.2,1.5901394,0.6254573464278836,0.8983246678220682,0.8640477565954169,0.9782399383785866,量能波动;量能动量;量能比,3,False
SZ300600,10.110001,1.259412,0.4927787406123628,0.1700365877142307,0.3483535528596187,0.04891199691892933,,0,True
SZ300601,13.579999,2.2528648,0.186789909493549,0.5031773541305604,0.7862507221259387,0.8045445792412863,量能比,1,False
SZ300602,34.88,8.13689,0.5520893510494898,0.3581744656268053,0.2152898132100905,0.13133063739649528,,0,True
SZ300603,7.7899995,0.84612656,0.1317157712305026,0.10514153668399769,0.3202387829770845,0.3624109378008858,,0,True
SZ300604,239.79,41.56731,0.17870209897939535,0.2227999229732332,0.6321971885230118,0.4095898324667822,,0,True
SZ300605,10.509999,0.53573,0.20527633352590025,0.5029847872135567,0.8619295205083767,0.8303485461197766,量能动量;量能比,2,False
SZ300606,31.71,2.5872808,0.3631812054689004,0.19738108992875025,0.040631619487772004,0.3783939919121895,,0,True
SZ300607,30.199999,10.072073,0.7082611207394569,0.5299441555940689,0.3658771423069517,0.053533602927017136,,0,True
SZ300608,9.8,0.6985478,0.2690159830541113,0.1369150779896014,0.20469863277488928,0.5285961871750433,,0,True
SZ300609,23.67,0.71322286,0.1798575004814173,0.46119776622376274,0.496630078952436,0.7348353552859619,,0,True
SZ300610,10.419999,0.35176888,0.09069901790872328,0.15963797419603312,0.5651839014057385,0.37954939341421146,,0,True
SZ300611,27.34,0.94962686,0.15077989601386482,0.14192181783169652,0.3138840747159638,0.5089543616406701,,0,True
SZ300612,12.160001,0.68702704,0.37492778740612365,0.25630656653186984,0.38340073175428463,0.5803966878490275,,0,True
SZ300613,80.799995,9.712015,0.7874061236279607,0.6759098786828422,0.26497207779703447,0.6479876757173118,,0,True
SZ300614,10.389999,0.2746849,0.567109570575775,0.4511842865395725,0.5024070864625457,0.5969574427113422,,0,True
SZ300615,12.82,1.8465054,0.6223762757558251,0.6167918351627191,0.38128249566724437,0.3464278836895821,,0,True
SZ300616,11.07,0.5305757,0.772000770267668,0.7390718274600424,0.23955324475255152,0.8076256499133448,量能比,1,False
SZ300617,34.29,1.1123662,0.32851916040824186,0.3202387829770845,0.39091084151742733,0.2152898132100905,,0,True
SZ300618,30.54,0.99282545,0.10860774119006354,0.10841517427305988,0.423839784325053,0.3758906219911419,,0,True
SZ300619,23.96,1.7208992,0.2975158867706528,0.5178124398228384,0.8403620258039669,0.863470055844406,量能动量;量能比,2,False
SZ300620,270.48,29.963226,0.47332948199499325,0.35470826112073944,0.6293086847679569,0.4003466204506066,,0,True
SZ300621,7.1000004,0.2861254,0.18043520123242826,0.07105719237435008,0.4020797227036395,0.446947814365492,,0,True
SZ300622,14.58,1.222912,0.13113807047949164,0.3188908145580589,0.004236472174080493,0.2713267860581552,,0,True
SZ300623,31.92,6.2325892,0.6102445599845946,0.5867513961101483,0.1009050645099172,0.5158867706528019,,0,True
SZ300624,48.09,5.3112993,0.6052378201424995,0.6017716156364337,0.10514153668399769,0.4036202580396688,,0,True
SZ300625,10.0,0.21379209,0.2796071634893125,0.12555362988638552,0.46774504140188716,0.36452917388792605,,0,True
SZ300626,28.499998,1.3314672,0.14558058925476602,0.3602927017138456,0.8176391295975352,0.6414404005391874,量能动量,1,False
SZ300627,26.22,1.4886229,0.05661467359907568,0.03716541498170614,0.4652416714808396,0.29404968226458694,,0,True
SZ300628,39.49,3.199448,0.3036780281147699,0.33930290776044675,0.5241671480839591,0.37011361448103214,,0,True
SZ300629,17.6,1.1562487,0.1517427305988831,0.5711534758328519,0.9093009820912767,0.9483920662430194,量能动量;量能比,2,False
SZ300631,21.99,0.3305539,0.04679376083188908,0.18236087040246485,0.9464663970729829,0.6449066050452532,量能动量,1,False
SZ300632,17.58,2.813262,0.4746774504140189,0.26940111688811863,0.4754477180820335,0.3631812054689004,,0,True
SZ300633,19.419998,0.7669638,0.1475062584248026,0.04120932023878298,0.6682072020026959,0.2605430387059503,,0,True
SZ300634,20.679998,2.3551178,0.6296938186019642,0.7733487386866936,0.019064124783362217,0.7589062199114193,,0,True
SZ300635,11.860001,0.37518537,0.2018101290198344,0.06701328711727325,0.3213941844791065,0.506258424802619,,0,True
SZ300636,7.0899997,0.32562554,0.11842865395725015,0.12401309455035625,0.3608704024648565,0.7105719237435009,,0,True
SZ300637,9.36,0.27949157,0.09397265549778548,0.10995570960908915,0.26092817253995765,0.34623531677257846,,0,True
SZ300638,19.72,2.4558845,0.09243212016175621,0.1975736568457539,0.05584440593106104,0.4970152127864433,,0,True
SZ300639,6.32,0.64755523,0.24013094550356248,0.4348160985942615,0.6231465434238398,0.9062199114192182,量能比,1,False
SZ300640,6.25,0.659031,0.2938571153475833,0.20065472751781244,0.5060658578856152,0.6260350471788947,,0,True
SZ300641,12.99,0.51281726,0.1621413441170807,0.2270363951473137,0.4353937993452725,0.3755054881571346,,0,True
SZ300642,20.84,5.119004,0.9464663970729829,0.9379934527248219,0.40939726554977857,0.7814365492008473,量能水平;量能波动,2,False
SZ300643,17.730001,0.9424017,0.16079337569805507,0.22568842672828807,0.7529366454843058,0.39822838436356633,,0,True
SZ300644,20.64,0.44531977,0.16714808395917582,0.4292316580011554,0.04833429616791835,0.8415174273059889,量能比,1,False
SZ300645,13.9,0.47652125,0.17408049297130754,0.349894088195648,0.04602349316387445,0.6866936260350471,,0,True
SZ300647,10.04,5.3955426,0.8833044482957828,0.9326015790487194,0.9697669940304255,0.8677065280184865,量能水平;量能波动;量能动量;量能比,4,False
SZ300648,37.44,0.6912219,0.07606393221644521,0.09589832466782207,0.3208164837280955,0.414789139225881,,0,True
SZ300649,27.720001,1.5099293,0.20200269593683806,0.24301944925861738,0.7465819372231851,0.2576545349508954,,0,True
SZ300650,11.98,0.8299984,0.2817253995763528,0.5551704217215483,0.7042172154823801,0.5490082803774312,,0,True
SZ300651,15.9800005,0.9748516,0.4145965723088773,0.0943577893317928,0.17947236664740998,0.03292894280762565,,0,True
SZ300652,27.46,0.7722381,0.27999229732331987,0.6890044290390911,0.2120161756210283,0.9300982091276718,量能比,1,False
SZ300653,15.939999,0.29208785,0.02657423454650491,0.08665511265164645,0.7436934334681302,0.674947044097824,,0,True
SZ300654,9.72,0.9581692,0.16695551704217215,0.1563643366069709,0.6306566531869825,0.3585595994608126,,0,True
SZ300655,12.32,4.101945,0.1881378779125746,0.30791450028885037,0.5052955902176006,0.5775081840939726,,0,True
SZ300656,29.92,2.032954,0.3878297708453688,0.4925861736953591,0.8669362603504718,0.739264394377046,量能动量,1,False
SZ300657,32.399998,9.241844,0.5172347390718275,0.3344887348353553,0.39148854226843827,0.29867128827267475,,0,True
SZ300658,10.26,0.7379888,0.43963027151935297,0.2576545349508954,0.4095898324667822,0.3986135181975737,,0,True
SZ300659,11.219999,1.4777889,0.5738494126709032,0.8393991912189486,0.7176968996726363,0.8736761024455999,量能波动;量能比,2,False
SZ300660,23.66,0.9833813,0.29636048526863085,0.16657038320816484,0.7227036395147314,0.5320623916811091,,0,True
SZ300661,110.21,11.221614,0.26882341613710764,0.18005006739842094,0.6414404005391874,0.6266127479299056,,0,True
SZ300662,20.599998,0.8792676,0.21971885230117466,0.12305025996533796,0.05103023300596957,0.018293857115347582,,0,True
SZ300663,7.3300004,1.7701821,0.4352012324282688,0.5151165029847872,0.1588677065280185,0.13980358174465626,,0,True
SZ300664,4.62,0.2329957,0.22896206431735028,0.1733102253032929,0.79684190256114,0.7053726169844021,,0,True
SZ300665,8.700001,0.5317565,0.22645869439630273,0.17716156364336608,0.3479684190256114,0.2778740612362796,,0,True
SZ300666,222.78,21.882458,0.3884074715963797,0.14981706142884652,0.35528596187175043,0.16002310803004044,,0,True
SZ300667,14.5599985,0.88714606,0.23993837858655884,0.5339880608511458,0.4623531677257847,0.7972270363951474,,0,True
SZ300668,29.91,0.9424432,0.1854419410745234,0.4082418640477566,0.7402272289620643,0.7151935297515887,,0,True
SZ300669,24.15,0.479588,0.046408626997881765,0.18948584633160023,0.05642210668207202,0.8644328904294242,量能比,1,False
SZ300670,7.2400002,0.8636328,0.4479106489505103,0.6364336606970923,0.047756595416907376,0.7473522048911997,,0,True
SZ300671,54.640003,7.2895865,0.5097246293086848,0.5393799345272482,0.5906027344502215,0.7825919507028692,,0,True
SZ300672,180.65001,16.023685,0.4319275948392066,0.41363373772385903,0.41170806855382247,0.5262853841709995,,0,True
SZ300673,14.95,0.5754328,0.2807625649913345,0.08704024648565377,0.4563835932986713,0.18428653957250143,,0,True
SZ300674,15.040001,3.0439148,0.6593491238205277,0.8765646062006547,0.9222029655305218,0.44868091661852494,量能波动;量能动量,2,False
SZ300675,14.4800005,0.52094793,0.07548623146543423,0.6999807433082996,0.9973040631619488,0.9942229924898902,量能动量;量能比,2,False
SZ300676,45.86,4.5029745,0.8043520123242827,0.893895628730984,0.5108800308107068,0.9453109955709609,量能水平;量能波动;量能比,3,False
SZ300677,50.960003,4.3099813,0.25457346427883687,0.1752358944733295,0.8149431927594839,0.4923936067783555,量能动量,1,False
SZ300678,20.74,0.72594464,0.03581744656268053,0.0373579818987098,0.27864432890429425,0.34719815135759674,,0,True
SZ300679,40.170002,7.288225,0.9349123820527633,0.9247063354515694,0.19603312150972463,0.5418833044482958,量能水平;量能波动,2,False
SZ300680,20.099998,1.084903,0.07837473522048911,0.06373964952821105,0.5594068938956287,0.37242441748507604,,0,True
SZ300681,21.93,2.2238743,0.5443866743693433,0.6707105719237435,0.3057962642018101,0.9146928557673791,量能比,1,False
SZ300682,8.67,1.0611553,0.37203928365106875,0.2434045830926247,0.3185056807240516,0.3377623724244175,,0,True
SZ300683,25.539999,1.2008196,0.8218756017716157,0.7548623146543424,0.3756980550741383,0.5122279992297323,量能水平,1,False
SZ300684,108.1,23.816345,0.5120354323127286,0.5201232428268824,0.41787020989793955,0.6905449643751204,,0,True
SZ300685,21.34,1.9525377,0.23531677257847103,0.5744271134219141,0.277103793568265,0.9618717504332756,量能比,1,False
SZ300686,14.299999,0.76165587,0.2755632582322357,0.3316002310803004,0.8748315039476218,0.8105141536683997,量能动量;量能比,2,False
SZ300687,28.380001,3.862082,0.5715386096668592,0.39822838436356633,0.46081263238975545,0.6813017523589447,,0,True
SZ300688,33.23,3.2896466,0.45888696321971884,0.527055651839014,0.2667051800500674,0.42942422491815907,,0,True
SZ300689,60.42,2.5416625,0.317735413056037,0.27171191989216253,0.8671288272674754,0.7698825341806278,量能动量,1,False
SZ300690,26.58,1.9736623,0.6772578471018679,0.8630849220103987,0.9505103023300597,0.9535913730021183,量能波动;量能动量;量能比,3,False
SZ300691,20.55,2.5346298,0.6256499133448874,0.8777200077026767,0.08569227806662816,0.9886385518967842,量能波动;量能比,2,False
SZ300692,8.969999,1.3205876,0.4072790294627383,0.511265164644714,0.8078182168303486,0.586366262276141,量能动量,1,False
SZ300693,35.93,2.932613,0.27305988831118816,0.3373772385904102,0.4059310610437127,0.528788754092047,,0,True
SZ300694,10.65,0.42102572,0.3564413633737724,0.04968226458694396,0.5368765646062007,0.24455998459464665,,0,True
SZ300695,49.13,0.56894493,0.4217215482380127,0.5522819179664934,0.4357789331792798,0.4783362218370884,,0,True
SZ300696,20.150002,1.15785,0.27074908530714425,0.12016175621028308,0.5659541690737532,0.4197958790679761,,0,True
SZ300697,14.139999,2.3356774,0.35490082803774314,0.28499903716541497,0.0878105141536684,0.04294242249181591,,0,True
SZ300698,26.54,0.67140245,0.09223955324475255,0.11939148854226844,0.13133063739649528,0.48642403235124204,,0,True
SZ300699,22.83,1.7371885,0.3050259965337955,0.36221837088388215,0.464471403812825,0.4816098594261506,,0,True
SZ300700,16.699999,1.4201229,0.20489119969189293,0.24956672443674177,0.03427691122665126,0.423839784325053,,0,True
SZ300701,9.84,0.2785451,0.040631619487772004,0.10109763142692085,0.9091084151742731,0.7429231658001155,量能动量,1,False
SZ300702,22.68,0.57104033,0.17157712305025996,0.5193529751588677,0.8985172347390719,0.9121894858463316,量能动量;量能比,2,False
SZ300703,13.83,1.0025078,0.5035624879645677,0.26843828230310035,0.44540727902946275,0.2532254958598113,,0,True
SZ300705,11.07,0.53224146,0.057577508184093976,0.3059888311188138,0.9021760061621413,0.7787406123627961,量能动量,1,False
SZ300706,45.93,2.9898598,0.31022530329289427,0.4174850760639322,0.29578278451761986,0.5917581359522434,,0,True
SZ300707,12.09,0.3093066,0.13903331407664163,0.13672251107259772,0.24090121317157712,0.5919507028692471,,0,True
SZ300708,9.06,3.0190735,0.3304448295782785,0.7167340650876179,0.28846524167148085,0.8923550933949548,量能比,1,False
SZ300709,34.39,5.0042853,0.9081455805892548,0.6841902561139996,0.40689389562873096,0.026189100712497592,量能水平,1,False
SZ300710,29.12,0.8600522,0.2499518582707491,0.6241093780088581,0.8399768919699596,0.8621220874253803,量能动量;量能比,2,False
SZ300711,16.960001,1.9575524,0.4442518775274408,0.28365106874638935,0.47852878875409205,0.10706720585403427,,0,True
SZ300712,20.0,0.30234233,0.07259772771037935,0.07221259387637204,0.5994608126323897,0.5216637781629117,,0,True
SZ300713,14.3,0.431167,0.40689389562873096,0.8020412093202388,0.9181590602734451,0.9297130752936645,量能波动;量能动量;量能比,3,False
SZ300715,13.3,1.1607605,0.2241478913922588,0.5024070864625457,0.7040246485653765,0.6452917388792605,,0,True
SZ300716,17.05,0.320711,0.08241864047756596,0.27402272289620644,0.21606008087810513,0.5588291931446178,,0,True
SZ300717,20.800001,0.5722986,0.2087425380319661,0.7198151357596765,0.952050837666089,0.933371846716734,量能动量;量能比,2,False
SZ300718,53.999996,2.7103028,0.2316580011554015,0.6360485268630849,0.9634122857693048,0.9551319083381475,量能动量;量能比,2,False
SZ300719,11.77,0.429194,0.22876949740034663,0.04544579241286347,0.40284999037165414,0.15155016368187946,,0,True
SZ300720,56.719997,4.9872866,0.2905834777585211,0.3208164837280955,0.2405160793375698,0.5880993645291739,,0,True
SZ300721,19.93,1.7502877,0.575004814172925,0.19468515309069903,0.6697477373387252,0.2668977469670711,,0,True
SZ300722,21.1,0.9771346,0.04602349316387445,0.012709416522241479,0.5580589254766031,0.02330059695744271,,0,True
SZ300723,33.27,1.9535506,0.32100905064509916,0.30849220103986136,0.5037550548815714,0.28422876949740034,,0,True
SZ300724,53.550003,3.1229885,0.6266127479299056,0.5946466397072983,0.4330829963412286,0.6489505103023301,,0,True
SZ300725,55.35,10.588802,0.6888118621220874,0.6845753899480069,0.730791450028885,0.8509532062391681,量能比,1,False
SZ300726,50.68,6.874868,0.7716156364336607,0.5626805314846909,0.14269208549971116,0.28596187175043325,,0,True
SZ300727,32.09,1.85397,0.22819179664933564,0.19834392451376853,0.847679568650106,0.4261505873290969,量能动量,1,False
SZ300729,11.07,0.40778995,0.14326978625072212,0.3144617754669748,0.036395147313691506,0.7902946273830156,,0,True
SZ300730,11.24,0.48839185,0.07895243597150009,0.37203928365106875,0.7005584440593106,0.9366454843057963,量能比,1,False
SZ300731,42.920002,4.6149144,0.5480454457924129,0.6639707298286155,0.6029270171384556,0.7101867899094936,,0,True
SZ300732,5.88,0.2937355,0.3964952821105334,0.2663200462160601,0.7519738108992875,0.4604274985557481,,0,True
SZ300733,13.12,0.7090485,0.29135374542653575,0.382052763335259,0.5334103601001348,0.7046023493163874,,0,True
SZ300735,17.579998,2.0222042,0.4844983631812055,0.5251299826689775,0.11265164644714037,0.35836703254380897,,0,True
SZ300736,33.399998,1.7022779,0.3807047949162334,0.1500096283458502,0.4914307721933372,0.43886000385133833,,0,True
SZ300737,4.83,1.2074335,0.7683419988445985,0.8103215867513961,0.8186019641825535,0.8648180242634316,量能波动;量能动量;量能比,3,False
SZ300738,18.5,4.611208,0.3312150972462931,0.3104178702098979,0.08357404197958791,0.39148854226843827,,0,True
SZ300739,27.850002,6.457673,0.8740612362796072,0.7128827267475448,0.49740034662045063,0.4895051030233006,量能水平,1,False
SZ300740,21.249998,6.277132,0.9044868091661853,0.9401116888118621,0.6945888696321972,0.9014057384941268,量能水平;量能波动;量能比,3,False
SZ300741,24.73,5.14734,0.9832466782206817,0.9304833429616792,0.47910648950510304,0.8565376468322742,量能水平;量能波动;量能比,3,False
SZ300743,14.41,0.3115472,0.06874638937030618,0.055074138263046406,0.10822260735605622,0.40573849412670904,,0,True
SZ300745,26.000002,1.5853902,0.569420373579819,0.4675524744848835,0.7943385326400925,0.5572886578085885,,0,True
SZ300746,14.87,0.879104,0.27517812439822836,0.8341998844598498,0.9903716541498171,0.9664933564413634,量能波动;量能动量;量能比,3,False
SZ300747,36.17,8.394812,0.8519160408241864,0.7487001733102253,0.38648180242634317,0.18274600423647216,量能水平,1,False
SZ300748,24.11,3.0991735,0.20026959368380512,0.15212786443289042,0.40747159637974195,0.46639707298286154,,0,True
SZ300749,21.9,0.989006,0.22722896206431736,0.21471211245907953,0.42249181590602736,0.7253995763527826,,0,True
SZ300750,291.11002,113.49692,0.9716926632004622,0.8149431927594839,0.3807047949162334,0.4061236279607163,量能水平;量能波动,2,False
SZ300751,176.90001,9.790197,0.5226266127479299,0.3489312536106297,0.19198921625264778,0.20585403427691124,,0,True
SZ300752,12.65,1.1119874,0.4662045060658579,0.3354515694203736,0.2349316387444637,0.15559406893895628,,0,True
SZ300753,20.66,0.9614827,0.4236472174080493,0.2536106296938186,0.16888118621220874,0.3431542461005199,,0,True
SZ300755,11.36,0.7040545,0.4740997496630079,0.6198729058347776,0.6115925284036202,0.8894665896398999,量能比,1,False
SZ300756,28.130001,1.7866389,0.5249374157519738,0.455420758713653,0.5665318698247641,0.7036395147313691,,0,True
SZ300757,533.5,34.23992,0.5730791450028885,0.24687078759869055,0.738686693626035,0.610051993067591,,0,True
SZ300758,11.240001,0.7860376,0.43269786250722125,0.46813017523589445,0.8910071249759292,0.268630849220104,量能动量,1,False
SZ300759,44.969997,20.70555,0.8241864047756595,0.806470248411323,0.81263238975544,0.6214134411708069,量能水平;量能波动;量能动量,3,False
SZ300760,161.32,11.06352,0.9327941459657231,0.917581359522434,0.8459464663970729,0.6243019449258618,量能水平;量能波动;量能动量,3,False
SZ300761,20.81,1.597312,0.729636048526863,0.8266897746967071,0.5703832081648372,0.3762757558251492,量能波动,1,False
SZ300762,24.539999,3.364222,0.4581166955517042,0.37897169266320047,0.2204891199691893,0.5465049104563836,,0,True
SZ300763,52.960003,4.085832,0.40477565954169076,0.39437704602349316,0.5357211631041787,0.602734450221452,,0,True
SZ300765,47.19,7.5577292,0.5794338532640092,0.6370113614481032,0.7261698440207972,0.42249181590602736,,0,True
SZ300766,21.19,3.8026989,0.8917773926439437,0.6928557673791642,0.129790102060466,0.10957057577508184,量能水平,1,False
SZ300767,19.220001,1.5575278,0.4569612940496823,0.6441363373772386,0.2530329289428076,0.6246870787598691,,0,True
SZ300768,14.82,0.9339943,0.43000192566917006,0.5108800308107068,0.7812439822838436,0.8056999807433083,量能比,1,False
SZ300769,39.6,3.1530268,0.5347583285191604,0.5871365299441555,0.8848449836318121,0.6614673599075679,量能动量,1,False
SZ300770,34.03,0.85950375,0.3527825919507029,0.34103601001347966,0.7020989793953398,0.8607741190063547,量能比,1,False
SZ300771,11.320001,0.3793542,0.350471788946659,0.22260735605622953,0.4923936067783555,0.691892932794146,,0,True
SZ300772,9.879999,1.6228052,0.5268630849220104,0.7718082033506644,0.9591758135952243,0.9033314076641633,量能动量;量能比,2,False
SZ300773,14.38,6.743536,0.9674561910263817,0.8438282303100327,0.0887733487386867,0.03716541498170614,量能水平;量能波动,2,False
SZ300774,9.6,1.0745877,0.7469670710571924,0.5984979780473715,0.3302522626612748,0.11746581937223186,,0,True
SZ300775,19.85,2.3987043,0.5544001540535336,0.24013094550356248,0.49123820527633355,0.20527633352590025,,0,True
SZ300776,128.90999,10.899671,0.7612170229154631,0.7494704409782399,0.9568650105911805,0.9555170421721548,量能动量;量能比,2,False
SZ300777,19.990002,1.1579485,0.2900057770075101,0.4804544579241286,0.660889659156557,0.455420758713653,,0,True
SZ300778,11.049999,0.4703127,0.4769882534180628,0.3052185634507992,0.822260735605623,0.7843250529559022,量能动量,1,False
SZ300779,50.039997,3.2603672,0.38282303100327364,0.3945696129404968,0.4161371076449066,0.34334681301752357,,0,True
SZ300780,18.59,1.0259473,0.520315809743886,0.3606778355478529,0.18390140573849412,0.25168496052378203,,0,True
SZ300781,26.91,1.3701445,0.38513383400731754,0.47332948199499325,0.1923743500866551,0.4787213556710957,,0,True
SZ300782,70.170006,6.8958907,0.5526670518005007,0.6227614095898325,0.6075486231465435,0.8001155401502021,量能比,1,False
SZ300783,16.64,0.8321011,0.5767379164259581,0.5416907375312922,0.6318120546890045,0.4040053918736761,,0,True
SZ300784,42.34,0.20566545,0.4032351242056615,0.23088773348738686,0.4043905257076834,0.5228191796649335,,0,True
SZ300785,36.219997,3.6367757,0.642788368958213,0.847679568650106,0.18659734257654534,0.9202772963604853,量能波动;量能比,2,False
SZ300786,13.879999,1.0106279,0.5343731946851531,0.3260157904871943,0.2335836703254381,0.38320816483728093,,0,True
SZ300787,11.87,0.7088211,0.3774311573271712,0.42980935875216636,0.48315039476217986,0.8682842287694974,量能比,1,False
SZ300788,29.89,4.680308,0.8757943385326401,0.8463316002310803,0.33371846716734066,0.5686501059118043,量能水平;量能波动,2,False
SZ300789,15.77,0.38060567,0.22299248989023684,0.3722318505680724,0.034854611977662237,0.5992682457153861,,0,True
SZ300790,18.490002,4.7913322,0.7404197958790679,0.740997496630079,0.7972270363951474,0.6703254380897362,,0,True
SZ300791,18.41,0.2927001,0.16830348546119778,0.47044097823993836,0.9555170421721548,0.6194877720007703,量能动量,1,False
SZ300792,24.55,2.3903248,0.7772000770267669,0.6633930290776044,0.043520123242826884,0.4415559406893896,,0,True
SZ300793,11.63,0.59902096,0.38744463701136145,0.4369343346813018,0.06682072020026959,0.6025418833044482,,0,True
SZ300795,12.809999,2.48985,0.6435586366262276,0.6724436741767764,0.06605045253225496,0.6036972848064702,,0,True
SZ300796,7.0400004,0.2792361,0.1779318313113807,0.4610051993067591,0.9337569805507414,0.568264972077797,量能动量,1,False
SZ300797,13.009999,0.47767425,0.04448295782784518,0.04871943000192567,0.4409782399383786,0.5474677450414018,,0,True
SZ300798,8.620001,2.848738,0.8505680724051607,0.7540920469863277,0.5794338532640092,0.2719044868091662,量能水平,1,False
SZ300800,10.610001,0.29014742,0.41825534373194684,0.31927594839206624,0.47448488349701523,0.5453495089543616,,0,True
SZ300801,21.4,0.6047942,0.4055459272097054,0.11188137877912574,0.4725592143269786,0.6090891584825727,,0,True
SZ300802,24.099998,2.792838,0.6693626035047179,0.5016368187945311,0.2988638551896784,0.2553437319468515,,0,True
SZ300803,53.03,12.721284,0.5678798382437897,0.39071827460042363,0.3254380897361833,0.21683034854611977,,0,True
SZ300804,55.41,0.73796296,0.39322164452147124,0.8648180242634316,0.9940304255728866,0.9341421143847487,量能波动;量能动量;量能比,3,False
SZ300805,8.67,0.7664237,0.6710957057577508,0.8028114769882534,0.8345850182938571,0.9302907760446755,量能波动;量能动量;量能比,3,False
SZ300806,47.89,14.384722,0.5318698247641055,0.5399576352782592,0.35605622953976507,0.24590795301367224,,0,True
SZ300807,35.33,0.33439967,0.10475640284999037,0.15020219526285383,0.9000577700751011,0.7648757943385326,量能动量,1,False
SZ300808,20.09,1.209617,0.529366454843058,0.24552281917966493,0.260157904871943,0.04448295782784518,,0,True
SZ300809,23.609999,0.7852547,0.3441170806855382,0.2975158867706528,0.18332370498748315,0.33005969574427113,,0,True
SZ300810,24.420002,0.93531376,0.5210860774119006,0.15848257269401117,0.211631041787021,0.025418833044482957,,0,True
SZ300811,78.55,10.091344,0.4623531677257847,0.4943192759483921,0.11438474870017332,0.28653957250144424,,0,True
SZ300812,18.199999,1.1412061,0.4531099557096091,0.6437512035432312,0.4067013287117273,0.8497978047371462,量能比,1,False
SZ300813,22.83,0.5906298,0.18756017716156365,0.32505295590217603,0.7829770845368765,0.6410552667051801,,0,True
SZ300814,121.86,8.6839075,0.7808588484498363,0.9171962256884267,0.1611785095320624,0.7178894665896399,量能波动,1,False
SZ300815,14.939999,0.67033386,0.3797419603312151,0.4128634700558444,0.0658578856152513,0.31022530329289427,,0,True
SZ300816,58.359997,2.3898168,0.6121702291546313,0.41883304448295783,0.36125553629886387,0.11708068553822454,,0,True
SZ300817,17.18,0.5152715,0.14923936067783555,0.715000962834585,0.9959560947429231,0.9822838436356633,量能动量;量能比,2,False
SZ300818,15.700001,0.46356753,0.15212786443289042,0.1317157712305026,0.03851338340073175,0.6967071057192374,,0,True
SZ300819,42.35,2.0048118,0.3708838821490468,0.5097246293086848,0.4151742730598883,0.4325052955902176,,0,True
SZ300820,64.97,3.8462682,0.5068361255536299,0.35701906412478335,0.42114384748700173,0.39495474677450415,,0,True
SZ300821,14.309999,5.7802324,0.9091084151742731,0.8045445792412863,0.3516271904486809,0.3774311573271712,量能水平;量能波动,2,False
SZ300822,11.2300005,0.36571428,0.20258039668784902,0.04660119391488542,0.36048526863084923,0.2045060658578856,,0,True
SZ300823,14.7,0.37618253,0.2303100327363759,0.18987098016560755,0.7693048334296168,0.3601001347968419,,0,True
SZ300824,8.179999,0.38600868,0.11688811862122088,0.5328326593491238,0.9456961294049683,0.917581359522434,量能动量;量能比,2,False
SZ300825,11.27,3.0683978,0.7055651839014058,0.7290583477758521,0.260735605622954,0.5844405931061044,,0,True
SZ300826,14.859999,0.73200387,0.4163296745619103,0.4442518775274408,0.5965723088773349,0.6865010591180435,,0,True
SZ300827,24.48,1.8897283,0.21374927787406123,0.17311765838628923,0.5734642788368958,0.3993837858655883,,0,True
SZ300828,17.26,1.2355299,0.4675524744848835,0.7752744078567302,0.9487772000770268,0.8099364529173888,量能动量;量能比,2,False
SZ300829,21.96,4.965401,0.935682649720778,0.9643751203543232,0.34219141151550164,0.9541690737531292,量能水平;量能波动;量能比,3,False
SZ300830,7.95,2.1056793,0.7078759869054496,0.4026574234546505,0.12613133063739648,0.006932409012131715,,0,True
SZ300831,13.24,0.48404005,0.07298286154438667,0.154631234353938,0.4244174850760639,0.5033699210475641,,0,True
SZ300832,50.37,1.9747536,0.5257076834199884,0.4769882534180628,0.9058347775852109,0.619680338917774,量能动量,1,False
SZ300833,43.54,0.4619151,0.3138840747159638,0.5827074908530715,0.7510109763142692,0.934527248218756,量能比,1,False
SZ300834,37.31,0.5895094,0.4392451376853457,0.6088965915655691,0.6085114577315617,0.5532447525515116,,0,True
SZ300835,187.20999,6.0208287,0.3574041979587907,0.23300596957442712,0.3556710957057578,0.4999037165414982,,0,True
SZ300836,55.5,1.622698,0.4049682264586944,0.4895051030233006,0.6042749855574813,0.5522819179664934,,0,True
SZ300837,22.33,0.38393697,0.2474484883497015,0.20912767186597342,0.6680146350856923,0.2909686115925284,,0,True
SZ300838,14.5199995,0.32193133,0.18062776814943193,0.18255343731946852,0.7904871943000192,0.4502214519545542,,0,True
SZ300839,12.45,1.4508761,0.617947236664741,0.23146543423839785,0.2817253995763528,0.021182360870402466,,0,True
SZ300840,18.03,1.9078853,0.5166570383208164,0.3125361062969382,0.07567879838243789,0.13017523589447333,,0,True
SZ300841,56.359997,1.5177125,0.6491430772193337,0.6751396110148277,0.7101867899094936,0.7995378393991912,,0,True
SZ300842,59.1,2.9919422,0.48411322934719814,0.6476025418833045,0.6456768727132679,0.697477373387252,,0,True
SZ300843,119.80999,7.7375546,0.5207009435778933,0.6131330637396495,0.7190448680916619,0.7773926439437705,,0,True
SZ300844,24.530003,0.37986833,0.42942422491815907,0.5894473329481995,0.8694396302715194,0.8559599460812632,量能动量;量能比,2,False
SZ300845,14.400001,0.8433873,0.42114384748700173,0.5004814172925092,0.10244559984594646,0.6924706335451569,,0,True
SZ300846,18.140001,4.0956583,0.5906027344502215,0.40053918736761024,0.31311380704794917,0.21047564028499904,,0,True
SZ300847,14.280001,0.66303027,0.1588677065280185,0.471788946658964,0.7864432890429425,0.9158482572694011,量能比,1,False
SZ300848,10.92,0.30533853,0.06682072020026959,0.5156942037357982,0.6803389177739264,0.9227806662815329,量能比,1,False
SZ300849,20.94,0.59480876,0.2093202387829771,0.5284036202580397,0.602734450221452,0.7452339688041595,,0,True
SZ300850,31.81,5.4569855,0.7658386289235509,0.9087232813402657,0.9801656075486231,0.9000577700751011,量能波动;量能动量;量能比,3,False
SZ300851,24.98,0.2462167,0.23146543423839785,0.2322357019064125,0.7061428846524167,0.7519738108992875,,0,True
SZ300852,70.700005,9.335259,0.8542268438282303,0.7086462545734643,0.6878490275370691,0.5488157134604275,量能水平,1,False
SZ300853,31.090002,1.2342627,0.5796264201810128,0.697477373387252,0.7361833237049875,0.8095513190833815,量能比,1,False
SZ300854,14.959999,0.7545927,0.6329674561910263,0.28942807625649913,0.5803966878490275,0.06123627960716349,,0,True
SZ300855,33.2,1.6968204,0.21220874253803196,0.09474292316580012,0.12574619680338917,0.15135759676487578,,0,True
SZ300856,10.400001,0.28561977,0.1294049682264587,0.05160793375698055,0.7084536876564607,0.09146928557673792,,0,True
SZ300857,251.16002,41.121246,0.6060080878105142,0.5170421721548238,0.5268630849220104,0.27999229732331987,,0,True
SZ300858,15.120001,0.51317424,0.2532254958598113,0.4563835932986713,0.12478336221837089,0.8118621220874254,量能比,1,False
SZ300859,22.5,1.9805901,0.47564028499903716,0.24590795301367224,0.25746196803389176,0.027537069131523203,,0,True
SZ300860,28.74,1.1298769,0.8575004814172925,0.838628923550934,0.0747159637974196,0.37704602349316385,量能水平;量能波动,2,False
SZ300861,15.1,1.1726645,0.8713652994415559,0.8037743115732717,0.49971114962449453,0.6593491238205277,量能水平;量能波动,2,False
SZ300862,44.190002,12.525172,0.9917196225688427,0.9840169458886964,0.49393414211438474,0.8182168303485461,量能水平;量能波动;量能比,3,False
SZ300863,37.449997,2.530197,0.8264972077797035,0.8422876949740035,0.25226266127479297,0.439052570768342,量能水平;量能波动,2,False
SZ300864,24.649998,1.3245519,0.813210090506451,0.7864432890429425,0.06701328711727325,0.16560754862314656,量能水平,1,False
SZ300865,28.27,1.4473392,0.8804159445407279,0.7537069131523204,0.6678220681686886,0.5676872713267861,量能水平,1,False
SZ300866,124.63,4.700245,0.9181590602734451,0.8752166377816292,0.4600423647217408,0.5932986712882726,量能水平;量能波动,2,False
SZ300867,16.710001,0.89519614,0.8245715386096668,0.6951665703832082,0.5441941074523396,0.22337762372424416,量能水平,1,False
SZ300868,72.71,2.8559608,0.8395917581359522,0.8565376468322742,0.5031773541305604,0.5865588291931446,量能水平;量能波动,2,False
SZ300869,11.35,0.34659204,0.9071827460042364,0.9146928557673791,0.5422684382823031,0.8879260543038706,量能水平;量能波动;量能比,3,False
SZ300870,175.3,11.204805,0.8963989986520315,0.8596187175043327,0.3391103408434431,0.44925861736953593,量能水平;量能波动,2,False
SZ300871,21.099998,0.7740956,0.681686886192952,0.5780858848449836,0.8103215867513961,0.5902176006162141,量能动量,1,False
SZ300872,14.88,1.4574168,0.9243212016175621,0.7706528018486424,0.09878682842287695,0.2093202387829771,量能水平,1,False
SZ300873,14.510001,1.8518406,0.8715578663585596,0.8598112844213364,0.8239938378586559,0.830155979202773,量能水平;量能波动;量能动量;量能比,4,False
SZ300875,31.299997,1.6928961,0.958790679761217,0.7833622183708839,0.08530714423262084,0.007510109763142692,量能水平,1,False
SZ300876,16.07,0.40097043,0.6217985750048142,0.7227036395147314,0.9314461775466975,0.7221259387637204,量能动量,1,False
SZ300877,26.83,0.62985164,0.6701328711727326,0.3512420566146736,0.3475832851916041,0.14596572308877334,,0,True
SZ300878,30.160002,0.7426067,0.5763527825919507,0.47891392258809934,0.10186789909493549,0.2499518582707491,,0,True
SZ300879,17.06,1.013931,0.9270171384556133,0.8808010783747352,0.029270171384556135,0.25611399961486614,量能水平;量能波动,2,False
SZ300880,18.0,0.6090918,0.7128827267475448,0.8511457731561718,0.13672251107259772,0.657423454650491,量能波动,1,False
SZ300881,29.609999,0.29059526,0.41151550163681877,0.7694974003466204,0.42075871365299444,0.8754092046986328,量能比,1,False
SZ300882,13.16,0.21305025,0.16541498170614288,0.10302330059695744,0.4694781436549201,0.2807625649913345,,0,True
SZ300883,6.3599997,0.43869913,0.7175043327556326,0.23011746581937223,0.8517234739071827,0.2041209320238783,量能动量,1,False
SZ300884,11.78,0.56130755,0.7209705372616985,0.4623531677257847,0.5725014442518775,0.2670903138840747,,0,True
SZ300885,18.259998,0.4773869,0.24879645676872714,0.15482380127094164,0.7292509146928557,0.5855959946081263,,0,True
SZ300886,23.720001,0.46771392,0.6942037357981898,0.5859811284421337,0.01405738494126709,0.15309069901790873,,0,True
SZ300887,6.95,0.6070042,0.7153860966685923,0.7427305988831119,0.2624687078759869,0.4174850760639322,,0,True
SZ300888,29.25,0.6600884,0.7666088965915656,0.4740997496630079,0.471211245907953,0.5307144232620836,,0,True
SZ300889,21.3,1.9663272,0.9166185249374158,0.7096090891584825,0.40015405353360295,0.06682072020026959,量能水平,1,False
SZ300890,28.880001,1.2989259,0.8748315039476218,0.9944155594068939,0.9953783939919122,0.9580204120932024,量能水平;量能波动;量能动量;量能比,4,False
SZ300891,7.6900005,0.42034107,0.6576160215674947,0.570575775081841,0.7710379356826497,0.5395725014442518,,0,True
SZ300892,22.599998,0.53719246,0.7590987868284229,0.47294434816098596,0.7013287117273252,0.29982668977469673,,0,True
SZ300893,15.13,0.6654395,0.2653572116310418,0.8534565761602156,0.9957635278259195,0.9585981128442134,量能波动;量能动量;量能比,3,False
SZ300894,10.01,0.6332733,0.8646254573464279,0.537261698440208,0.7583285191604082,0.2875024070864625,量能水平,1,False
SZ300895,56.8,3.4424474,0.8719430001925669,0.9670710571923743,0.19545542075871367,0.8782977084536877,量能水平;量能波动;量能比,3,False
SZ300896,95.0,1.9776872,0.8600038513383401,0.9004429039091084,0.835162719044868,0.7675717311765838,量能水平;量能波动;量能动量,3,False
SZ300897,16.45,0.39669275,0.28153283265934914,0.7292509146928557,0.9626420181012902,0.9728480647024841,量能动量;量能比,2,False
SZ300898,20.570002,0.6292598,0.7583285191604082,0.92894280762565,0.9637974196033121,0.8397843250529559,量能波动;量能动量;量能比,3,False
SZ300899,30.31,0.20346326,0.31465434238397844,0.26786058155208936,0.4197958790679761,0.5330252262661275,,0,True
SZ300900,21.48,2.2871442,0.9507028692470634,0.8794531099557096,0.7773926439437705,0.7336799537839399,量能水平;量能波动,2,False
SZ300901,16.59,1.5120661,0.894473329481995,0.8291931446177546,0.14558058925476602,0.07433082996341228,量能水平;量能波动,2,False
SZ300902,17.93,0.82859737,0.8037743115732717,0.8382437897169266,0.5796264201810128,0.8523011746581938,量能水平;量能波动;量能比,3,False
SZ300903,92.29,22.531193,0.9772771037935682,0.8958212979010206,0.3470055844405931,0.22549585981128442,量能水平;量能波动,2,False
SZ300904,50.839996,0.9555907,0.8569227806662816,0.9730406316194877,0.9559021760061621,0.9653379549393414,量能水平;量能波动;量能动量;量能比,4,False
SZ300905,41.489998,3.3257318,0.9274022722896207,0.9765068361255537,0.8615443866743694,0.847679568650106,量能水平;量能波动;量能动量;量能比,4,False
SZ300906,27.960001,0.28720868,0.3924513768534566,0.2938571153475833,0.5085692278066628,0.4792990564221067,,0,True
SZ300907,52.280003,1.830896,0.7768149431927595,0.6924706335451569,0.4777585210860774,0.7373387252070094,,0,True
SZ300908,17.23,0.3128177,0.5474677450414018,0.6102445599845946,0.8817639129597535,0.7030618139803582,量能动量,1,False
SZ300909,60.970005,2.8561857,0.8621220874253803,0.9468515309069901,0.9543616406701328,0.9206624301944926,量能水平;量能波动;量能动量;量能比,4,False
SZ300910,28.02,1.388014,0.7656460620065473,0.6081263238975544,0.26420181012901983,0.2507221259387637,,0,True
SZ300911,32.01,4.902323,0.9603312150972463,0.9507028692470634,0.4846909300982091,0.35181975736568455,量能水平;量能波动,2,False
SZ300912,19.09,0.56429905,0.762950125168496,0.5056807240516079,0.5416907375312922,0.3367995378393992,,0,True
SZ300913,35.77,8.209279,0.8960138648180243,0.7683419988445985,0.05006739842095128,0.07356056229539765,量能水平,1,False
SZ300915,23.18,0.3985673,0.6485653764683228,0.7173117658386289,0.568842672828808,0.6957442711342191,,0,True
SZ300916,26.810001,0.8833805,0.7305988831118814,0.5544001540535336,0.32794145965723087,0.6050452532254958,,0,True
SZ300917,34.55,4.8627186,0.933371846716734,0.975736568457539,0.950895436164067,0.9412670903138841,量能水平;量能波动;量能动量;量能比,4,False
SZ300918,10.610001,0.599193,0.5582514923936068,0.7159637974196034,0.6685923358367033,0.7538994800693241,,0,True
SZ300919,37.24,2.8062882,0.9310610437126902,0.7820142499518583,0.6454843057962643,0.617947236664741,量能水平,1,False
SZ300920,30.939999,0.57373166,0.35413056036972845,0.300211823608704,0.6204506065857885,0.5049104563835933,,0,True
SZ300921,15.86,1.1876546,0.6554977854804545,0.5611399961486616,0.170421721548238,0.4760254188330445,,0,True
SZ300922,16.92,2.2343757,0.8800308107067206,0.6229539765068361,0.2869247063354516,0.010398613518197574,量能水平,1,False
SZ300923,23.92,0.32360438,0.40111688811862123,0.3849412670903139,0.7336799537839399,0.4571538609666859,,0,True
SZ300925,13.69,0.743883,0.5642210668207202,0.23416137107644908,0.1765838628923551,0.3626035047178895,,0,True
SZ300926,16.390001,0.4607567,0.17485076063932217,0.29828615443866746,0.8886963219718852,0.699788176391296,量能动量,1,False
SZ300927,27.57,3.909014,0.8790679761217023,0.8478721355671096,0.6402849990371654,0.0910841517427306,量能水平;量能波动,2,False
SZ300928,24.27,0.4489924,0.7311765838628923,0.7621798575004815,0.005199306759098787,0.6256499133448874,,0,True
SZ300929,16.02,0.47035167,0.5251299826689775,0.268053148469093,0.5657616021567494,0.1840939726554978,,0,True
SZ300930,25.48,0.28869388,0.2512998266897747,0.33525900250336993,0.12247255921432698,0.5981128442133642,,0,True
SZ300931,17.82,2.213581,0.8035817446562681,0.9805507413826304,0.9609089158482572,0.9892162526477951,量能水平;量能波动;量能动量;量能比,4,False
SZ300932,10.89,1.0330527,0.6762950125168496,0.5374542653572116,0.6254573464278836,0.6125553629886386,,0,True
SZ300933,6.5600004,0.779538,0.7092239553244752,0.3924513768534566,0.5827074908530715,0.1363373772385904,,0,True
SZ300935,27.18,0.5126148,0.8070479491623339,0.7987675717311766,0.13094550356248796,0.4702484113229347,量能水平,1,False
SZ300936,68.659996,2.8164415,0.829000577700751,0.7604467552474485,0.4259580204120932,0.382052763335259,量能水平,1,False
SZ300937,24.050001,0.762916,0.6497207779703447,0.31831311380704796,0.3229347198151358,0.259580204120932,,0,True
SZ300938,29.74,3.436401,0.6657038320816484,0.5205083766608897,0.45041401887155785,0.6424032351242056,,0,True
SZ300939,99.43,4.677391,0.8066628153283266,0.7843250529559022,0.22857693048334296,0.7350279222029655,量能水平,1,False
SZ300940,13.36,0.443921,0.812054689004429,0.4777585210860774,0.49566724436741766,0.36510687463893704,量能水平,1,False
SZ300941,14.99,0.65473914,0.7400346620450606,0.35490082803774314,0.26362410937800884,0.1009050645099172,,0,True
SZ300942,6.65,0.31315076,0.7521663778162911,0.6281532832659349,0.610629693818602,0.31985364914307723,,0,True
SZ300943,31.78,4.3608007,0.8777200077026767,0.879838243789717,0.43558636626227615,0.4467552474484883,量能水平;量能波动,2,False
SZ300945,11.190001,1.3977976,0.8311188137877913,0.5472751781243982,0.2316580011554015,0.011746581937223185,量能水平,1,False
SZ300946,36.21,0.48711553,0.48661659926824574,0.24821875601771615,0.7126901598305411,0.1681109185441941,,0,True
SZ300947,15.949999,0.68586487,0.6857307914500289,0.8157134604274986,0.8105141536683997,0.910263816676295,量能波动;量能动量;量能比,3,False
SZ300948,17.77,0.58641297,0.7003658771423069,0.8829193144617755,0.13152320431349895,0.9210475640284999,量能波动;量能比,2,False
SZ300949,23.900002,0.29694027,0.5680724051607934,0.35239745811669554,0.380897361833237,0.1733102253032929,,0,True
SZ300950,19.86,0.9186124,0.7739264394377046,0.487579433853264,0.09724629308684768,0.07105719237435008,,0,True
SZ300951,81.88999,4.39275,0.8769497400346621,0.9083381475062584,0.8867706528018486,0.7227036395147314,量能水平;量能波动;量能动量,3,False
SZ300952,16.49,0.6758716,0.7756595416907376,0.7123050259965338,0.36452917388792605,0.7140381282495667,,0,True
SZ300953,92.15,5.965736,0.8900442903909108,0.9416522241478914,0.640477565954169,0.7673791642595802,量能水平;量能波动,2,False
SZ300955,29.08,0.4111758,0.5482380127094165,0.5312921240130946,0.9041016753321779,0.8035817446562681,量能动量;量能比,2,False
SZ300956,11.18,0.39864552,0.6062006547275178,0.5303292894280762,0.8806085114577316,0.6171769689967264,量能动量,1,False
SZ300957,32.7,1.8535829,0.9855574812247256,0.9481994993260158,0.5919507028692471,0.5420758713652994,量能水平;量能波动,2,False
SZ300958,12.42,0.27958953,0.68053148469093,0.6008087810514153,0.48892740227228965,0.42191411515501637,,0,True
SZ300959,85.62,2.065008,0.8467167340650876,0.8407471596379742,0.5343731946851531,0.7587136529944155,量能水平;量能波动,2,False
SZ300960,19.349998,0.5073379,0.47660311958405543,0.7373387252070094,0.32967456191026384,0.9705372616984402,量能比,1,False
SZ300961,12.11,1.6750705,0.9691892932794146,0.911419218178317,0.7404197958790679,0.010591180435201233,量能水平;量能波动,2,False
SZ300962,12.910001,0.23044424,0.3739649528211053,0.12805699980743307,0.585210860774119,0.560369728480647,,0,True
SZ300963,10.589999,0.5147172,0.37993452724821875,0.34739071827460044,0.3287117273252455,0.3394954746774504,,0,True
SZ300964,68.979996,5.909314,0.927787406123628,0.9062199114192182,0.39553244752551514,0.4330829963412286,量能水平;量能波动,2,False
SZ300965,42.33,0.26995295,0.4989408819564799,0.4521471211245908,0.7746967071057193,0.6316194877720007,,0,True
SZ300966,25.7,0.51820767,0.6474099749663008,0.5748122472559214,0.46139033314076644,0.7577508184093973,,0,True
SZ300967,15.8,0.9087913,0.7246293086847679,0.41825534373194684,0.15386096668592336,0.043520123242826884,,0,True
SZ300968,9.64,0.8561944,0.755054881571346,0.44521471211245905,0.5859811284421337,0.047949162333911034,,0,True
SZ300969,75.649994,1.8388739,0.4278836895821298,0.2588099364529174,0.5946466397072983,0.1606008087810514,,0,True
SZ300970,17.449999,3.050082,0.9493549008280378,0.6870787598690545,0.2451376853456576,0.022915463123435394,量能水平,1,False
SZ300971,17.560001,0.34086952,0.38263046408627,0.1471211245907953,0.6298863855189678,0.5721163104178703,,0,True
SZ300972,152.27,2.753908,0.27248218756017717,0.3870595031773541,0.76526092817254,0.7931831311380705,,0,True
SZ300973,25.800001,0.5688636,0.8078182168303486,0.5018293857115348,0.6054303870595031,0.33641440400539185,量能水平,1,False
SZ300975,23.09,9.54593,0.9784325052955902,0.9075678798382438,0.4180627768149432,0.2830733679953784,量能水平;量能波动,2,False
SZ300976,56.02,3.2974458,0.901213171577123,0.7417677642980935,0.6350856922780667,0.23011746581937223,量能水平,1,False
SZ300977,19.050001,0.68685246,0.5971500096283459,0.6915077989601387,0.9166185249374158,0.9250914692855767,量能动量;量能比,2,False
SZ300978,8.75,0.30407754,0.553629886385519,0.21432697862507222,0.5932986712882726,0.6283458501829385,,0,True
SZ300979,33.43,0.78867275,0.7956865010591181,0.9256691700365877,0.650683612555363,0.8908145580589255,量能波动;量能比,2,False
SZ300980,15.98,0.6903731,0.5959946081263239,0.5359137300211824,0.7456191026381668,0.6150587329096862,,0,True
SZ300981,20.3,2.9767008,0.9711149624494512,0.9936452917388793,0.9183516271904487,0.9133448873483535,量能水平;量能波动;量能动量;量能比,4,False
SZ300982,14.33,0.27221477,0.33834007317542847,0.3011746581937223,0.41074523396880414,0.4180627768149432,,0,True
SZ300983,37.04,0.40986192,0.40939726554977857,0.36048526863084923,0.33005969574427113,0.4450221451954554,,0,True
SZ300984,32.63,1.0886617,0.39957635278259196,0.6050452532254958,0.9541690737531292,0.9098786828422877,量能动量;量能比,2,False
SZ300985,34.91,0.9794497,0.5178124398228384,0.7710379356826497,0.08819564798767572,0.8058925476603119,量能比,1,False
SZ300986,11.27,2.475101,0.8367032543808973,0.8575004814172925,0.5605622953976507,0.5646062006547276,量能水平;量能波动,2,False
SZ300987,14.29,1.4341389,0.9162333911034084,0.8417099942229925,0.14923936067783555,0.40920469863277487,量能水平;量能波动,2,False
SZ300988,16.28,0.5334778,0.4993260157904872,0.48488349701521277,0.6069709223955324,0.8080107837473522,量能比,1,False
SZ300989,14.650001,0.6127025,0.5368765646062007,0.4902753706913152,0.03312150972462931,0.21317157712305027,,0,True
SZ300990,97.02,8.375331,0.8488349701521278,0.6356633930290776,0.20566146735990756,0.08049297130752936,量能水平,1,False
SZ300991,26.079998,1.7963744,0.7831696514538802,0.4363566339302908,0.5738494126709032,0.20123242826882343,,0,True
SZ300992,26.86,1.0974706,0.7820142499518583,0.788368958212979,0.1228576930483343,0.31138070479491625,,0,True
SZ300993,9.76,0.23501556,0.1835162719044868,0.316580011554015,0.41209320238782976,0.7535143462353168,,0,True
SZ300994,11.42,0.2253046,0.31812054689004426,0.3306373964952821,0.48141729250914694,0.6972848064702484,,0,True
SZ300995,25.95,0.40392908,0.4534950895436164,0.2480261891007125,0.5547852878875409,0.23724244174850762,,0,True
SZ300996,11.99,2.4405074,0.8665511265164645,0.9041016753321779,0.011939148854226844,0.30618139803581745,量能水平;量能波动,2,False
SZ300997,15.25,1.8475348,0.8946658963989986,0.7433082996341228,0.471788946658964,0.1032158675139611,量能水平,1,False
SZ300998,29.67,1.4092523,0.7985750048141729,0.9320238782977085,0.09262468707875987,0.7714230695166571,量能波动,1,False
SZ300999,24.1,3.0262425,0.9697669940304255,0.48026189100712496,0.5432312728673214,0.14692855767379165,量能水平,1,False
SZ301000,23.490002,0.71287864,0.35701906412478335,0.35990756787983824,0.6038898517234739,0.46581937223185055,,0,True
SZ301001,25.270002,0.33582824,0.49740034662045063,0.3516271904486809,0.1475062584248026,0.2588099364529174,,0,True
SZ301002,28.17,1.0256057,0.8692470633545157,0.9499326015790487,0.9622568842672828,0.812054689004429,量能水平;量能波动;量能动量;量能比,4,False
SZ301003,57.14,1.5118251,0.5728865780858848,0.40227228962064315,0.12998266897746968,0.1340265742345465,,0,True
SZ301004,35.14,0.3444113,0.07394569612940496,0.6988253418062776,0.9743886000385134,0.9926824571538609,量能动量;量能比,2,False
SZ301005,56.75,2.948694,0.5116502984787213,0.626420181012902,0.494896976699403,0.7169266320046216,,0,True
SZ301006,13.87,0.22972482,0.31638744463701135,0.29135374542653575,0.14095898324667822,0.36645484305796266,,0,True
SZ301007,31.520002,0.80393326,0.4754477180820335,0.3601001347968419,0.5811669555170422,0.30155979202772965,,0,True
SZ301008,51.63,5.9656,0.9499326015790487,0.9553244752551512,0.10841517427305988,0.7192374350086655,量能水平;量能波动,2,False
SZ301009,9.25,0.24049719,0.4348160985942615,0.3556710957057578,0.316580011554015,0.37473522048911995,,0,True
SZ301010,19.92,0.5146724,0.5093394954746775,0.17369535913730022,0.6325823223570191,0.9125746196803389,量能比,1,False
SZ301011,15.4,0.5700427,0.6703254380897362,0.5848257269401117,0.0691315232043135,0.5513190833814751,,0,True
SZ301012,21.859999,1.4282501,0.7169266320046216,0.6961294049682265,0.010398613518197574,0.1022530329289428,,0,True
SZ301013,32.899998,5.861959,0.910263816676295,0.8014635085692278,0.3512420566146736,0.3647217408049297,量能水平;量能波动,2,False
SZ301015,25.68,1.5214845,0.8819564798767572,0.7176968996726363,0.5468900442903909,0.48931253610629694,量能水平,1,False
SZ301016,14.99,0.7194442,0.4783362218370884,0.49971114962449453,0.6358559599460812,0.2457153860966686,,0,True
SZ301017,14.839999,0.80151474,0.7594839206624302,0.9595609474292317,0.9815135759676488,0.9647602541883304,量能波动;量能动量;量能比,3,False
SZ301018,88.310005,15.067375,0.8756017716156365,0.6477951088003081,0.3240901213171577,0.07953013672251107,量能水平,1,False
SZ301019,15.9,0.21865918,0.15193529751588677,0.3452724821875602,0.9247063354515694,0.7762372424417485,量能动量,1,False
SZ301020,22.08,0.8426892,0.6462545734642788,0.7800885807818216,0.7051800500673984,0.9173887926054304,量能比,1,False
SZ301021,76.38,8.666091,0.9443481609859427,0.9225880993645291,0.24687078759869055,0.37531292124013094,量能水平;量能波动,2,False
SZ301022,22.309998,0.2930962,0.3602927017138456,0.11245907953013672,0.4714038128249567,0.19507028692470635,,0,True
SZ301023,28.810001,0.36071151,0.29597535143462356,0.6504910456383594,0.9004429039091084,0.8804159445407279,量能动量;量能比,2,False
SZ301024,33.57,0.31990823,0.29366454843057965,0.17388792605430387,0.6025418833044482,0.7791257461968034,,0,True
SZ301025,9.97,1.8128027,0.9605237820142499,0.8031966108222607,0.29867128827267475,0.10013479684190256,量能水平;量能波动,2,False
SZ301026,18.600002,0.74888337,0.7650683612555363,0.7756595416907376,0.30059695744271137,0.19584055459272098,,0,True
SZ301027,18.87,1.0884743,0.7277103793568265,0.6121702291546313,0.030233005969574428,0.1457731561717697,,0,True
SZ301028,13.04,0.52099687,0.39399191218948587,0.6920854997111496,0.5260928172539958,0.8844598497978048,量能比,1,False
SZ301029,24.11,1.5141275,0.9364529173887927,0.8384363566339302,0.4895051030233006,0.3988060851145773,量能水平;量能波动,2,False
SZ301030,4.18,0.80985767,0.8438282303100327,0.9160408241864048,0.9121894858463316,0.9179664933564413,量能水平;量能波动;量能动量;量能比,4,False
SZ301031,92.63999,1.9459435,0.6366262276140959,0.7995378393991912,0.5438089736183324,0.7113421914115156,,0,True
SZ301032,10.25,0.32032263,0.2772963604852686,0.28711727325245523,0.4610051993067591,0.5948392066243019,,0,True
SZ301033,53.66,0.449188,0.3716541498170614,0.22241478913922588,0.2778740612362796,0.5545927209705372,,0,True
SZ301035,49.5,0.96581894,0.309840169458887,0.5759676487579434,0.018101290198343924,0.7933756980550741,,0,True
SZ301036,22.4,0.20414552,0.2715193529751589,0.11688811862122088,0.6468322742152898,0.6335451569420374,,0,True
SZ301037,13.339999,0.25380963,0.2428268823416137,0.24186404775659542,0.34585018293857117,0.5470826112073945,,0,True
SZ301038,17.130001,0.54608256,0.2736375890621991,0.6720585403427691,0.9472366647409975,0.829000577700751,量能动量;量能比,2,False
SZ301039,7.2200003,0.83319104,0.7121124590795301,0.48372809551319085,0.8892740227228962,0.6580011554015021,量能动量,1,False
SZ301040,25.930002,0.4623817,0.49393414211438474,0.340265742345465,0.8530714423262084,0.26612747929905645,量能动量,1,False
SZ301041,37.2,3.3906531,0.9146928557673791,0.9335644136337378,0.7007510109763143,0.8940881956479877,量能水平;量能波动;量能比,3,False
SZ301042,29.179998,0.8619915,0.6302715193529752,0.3889851723473907,0.6023493163874446,0.4082418640477566,,0,True
SZ301043,47.370003,0.67115355,0.31407664163296745,0.40188715578663586,0.3853264009243212,0.3100327363758906,,0,True
SZ301045,65.09,2.2149162,0.6632004621606008,0.6886192952050838,0.19661082226073562,0.6210283073367996,,0,True
SZ301046,33.140003,2.2690082,0.9106489505103024,0.8881186212208743,0.31234353937993453,0.2303100327363759,量能水平;量能波动,2,False
SZ301047,159.0,11.269689,0.997689196995956,0.9940304255728866,0.5757750818409397,0.9015983054111304,量能水平;量能波动;量能比,3,False
SZ301048,9.06,0.2768887,0.34353937993452727,0.24032351242056615,0.4989408819564799,0.28326593491238206,,0,True
SZ301050,26.640001,0.77366257,0.8863855189678413,0.7460042364721741,0.6464471403812825,0.39264394377046025,量能水平,1,False
SZ301051,17.75,1.3086123,0.8661659926824572,0.6610822260735606,0.3887926054303871,0.29019834392451377,量能水平,1,False
SZ301052,24.34,1.2053531,0.7005584440593106,0.35085692278066627,0.6177546697477373,0.45657616021567493,,0,True
SZ301053,33.98,0.9578607,0.45272482187560176,0.4377046023493164,0.6868861929520509,0.10302330059695744,,0,True
SZ301055,29.849998,1.1539152,0.6528018486424032,0.635470826112074,0.04371269015983054,0.1349894088195648,,0,True
SZ301056,12.99,0.6543077,0.391103408434431,0.15443866743693432,0.3304448295782785,0.1900635470826112,,0,True
SZ301057,22.93,0.7602899,0.4983631812054689,0.5401502021952629,0.5120354323127286,0.9566724436741768,量能比,1,False
SZ301058,8.58,1.1125175,0.7315617176968997,0.8919699595609474,0.5253225495859811,0.5567109570575776,量能波动,1,False
SZ301059,12.849999,0.29828003,0.20238782977084538,0.43385326400924323,0.21413441170806854,0.8280377431157327,量能比,1,False
SZ301060,12.02,1.7711012,0.861159252840362,0.7750818409397265,0.5740419795879068,0.7910648950510303,量能水平,1,False
SZ301061,41.21,1.6177915,0.5414981706142885,0.5008665511265165,0.3017523589447333,0.3843635663393029,,0,True
SZ301062,6.87,0.4012918,0.6570383208164837,0.11361448103215868,0.6262276140958983,0.35605622953976507,,0,True
SZ301063,18.71,0.31807262,0.53841709994223,0.6826497207779704,0.9310610437126902,0.9314461775466975,量能动量;量能比,2,False
SZ301065,20.060001,0.27184513,0.4511842865395725,0.1228576930483343,0.7927979973040632,0.7417677642980935,,0,True
SZ301066,12.300001,0.6551522,0.4714038128249567,0.575004814172925,0.439052570768342,0.46370113614481034,,0,True
SZ301067,31.75,1.0642902,0.6741767764298093,0.7787406123627961,0.2428268823416137,0.4496437512035432,,0,True
SZ301068,23.41,0.433787,0.20585403427691124,0.0920469863277489,0.2821105334103601,0.26362410937800884,,0,True
SZ301069,15.47,0.5837668,0.6437512035432312,0.34854611977662237,0.46813017523589445,0.3951473136915078,,0,True
SZ301070,62.709995,1.5052575,0.34950895436164064,0.39148854226843827,0.725207009435779,0.46408626997881763,,0,True
SZ301071,61.62,14.934521,0.9953783939919122,0.9882534180627768,0.3454650491045638,0.24205661467359907,量能水平;量能波动,2,False
SZ301072,44.8,1.2767684,0.431735027922203,0.6291161178509532,0.064895051030233,0.7745041401887156,,0,True
SZ301073,17.26,1.5105535,0.5798189870980166,0.34623531677257846,0.34719815135759674,0.0737531292124013,,0,True
SZ301075,63.170002,0.68781656,0.30618139803581745,0.28846524167148085,0.12805699980743307,0.34161371076449065,,0,True
SZ301076,20.400002,0.7417418,0.35759676487579434,0.2973233198536491,0.20604660119391488,0.30040439052570767,,0,True
SZ301077,21.25,0.4131176,0.25572886578085885,0.2368573079145003,0.06316194877720008,0.09589832466782207,,0,True
SZ301078,6.9700003,1.4324598,0.9412670903138841,0.6874638937030618,0.44906605045253223,0.06759098786828423,量能水平,1,False
SZ301079,27.91,1.0254313,0.5422684382823031,0.8058925476603119,0.9780473714615829,0.8719430001925669,量能波动;量能动量;量能比,3,False
SZ301080,141.06999,15.732747,0.9911419218178317,0.9809358752166378,0.707683419988446,0.8326593491238206,量能水平;量能波动;量能比,3,False
SZ301081,17.67,1.249218,0.6318120546890045,0.812054689004429,0.8234161371076449,0.8503755054881571,量能波动;量能动量;量能比,3,False
SZ301082,9.51,0.5469418,0.4810321586751396,0.32486038898517233,0.25669170036587713,0.14076641632967457,,0,True
SZ301083,14.240001,0.22155377,0.1284421336414404,0.27537069131523206,0.22260735605622953,0.806470248411323,量能比,1,False
SZ301085,75.229996,4.8054037,0.8184093972655497,0.7124975929135374,0.41305603697284804,0.5185827074908531,量能水平,1,False
SZ301086,150.70001,8.6388855,0.8619295205083767,0.6782206816868862,0.6826497207779704,0.09262468707875987,量能水平,1,False
SZ301087,52.100002,1.3060607,0.7030618139803582,0.5497785480454458,0.38513383400731754,0.14538802233776238,,0,True
SZ301089,24.499998,0.4734867,0.37897169266320047,0.3801270941652224,0.1933371846716734,0.8134026574234546,量能比,1,False
SZ301090,6.94,0.45137915,0.6477951088003081,0.32254958598112843,0.5413056036972848,0.31118813787791255,,0,True
SZ301091,19.990002,1.2658157,0.4244174850760639,0.4737146158290006,0.5701906412478336,0.6425958020412094,,0,True
SZ301092,41.79,0.9016739,0.4642788368958213,0.5607548623146543,0.4650491045638359,0.45291738879260546,,0,True
SZ301093,63.11,3.8477998,0.7525515116502984,0.8332370498748315,0.1821683034854612,0.7835547852878876,量能波动,1,False
SZ301095,68.11,3.439559,0.9734257654534951,0.9058347775852109,0.5289813210090506,0.3652994415559407,量能水平;量能波动,2,False
SZ301096,49.300003,1.720588,0.9083381475062584,0.796264201810129,0.6955517042172155,0.729636048526863,量能水平,1,False
SZ301097,34.7,0.23227727,0.15713460427498555,0.4217215482380127,0.9318313113807047,0.6836125553629886,量能动量,1,False
SZ301098,8.88,0.55274755,0.6868861929520509,0.4398228384363566,0.7981898709801656,0.33988060851145774,,0,True
SZ301099,50.700005,4.979766,0.8546119776622376,0.9285576737916426,0.910841517427306,0.9668784902753707,量能水平;量能波动;量能动量;量能比,4,False
SZ301100,16.03,0.21441816,0.45522819179664936,0.8496052378201425,0.9112266512613133,0.9568650105911805,量能波动;量能动量;量能比,3,False
SZ301101,29.9,0.51435906,0.4719815135759676,0.27575582514923935,0.1835162719044868,0.38128249566724437,,0,True
SZ301102,9.45,0.21838067,0.22202965530521857,0.4236472174080493,0.07433082996341228,0.7275178124398228,,0,True
SZ301103,17.03,0.30325815,0.4255728865780859,0.8039668784902754,0.9395339880608512,0.9258617369535914,量能波动;量能动量;量能比,3,False
SZ301105,48.5,0.31691638,0.10514153668399769,0.029655305218563452,0.6000385133834008,0.20026959368380512,,0,True
SZ301106,18.5,0.71768224,0.49585981128442136,0.20989793953398805,0.32486038898517233,0.06970922395532447,,0,True
SZ301107,23.05,0.6238494,0.4592720970537262,0.33891777392643946,0.6198729058347776,0.8197573656845754,量能比,1,False
SZ301108,51.230003,1.0901465,0.6697477373387252,0.7325245522819179,0.901213171577123,0.9472366647409975,量能动量;量能比,2,False
SZ301109,12.919999,0.4338833,0.2536106296938186,0.2041209320238783,0.8157134604274986,0.39726554977854805,量能动量,1,False
SZ301110,35.36,1.2074376,0.6618524937415752,0.6000385133834008,0.020989793953398807,0.260735605622954,,0,True
SZ301111,21.300001,1.0659145,0.7298286154438668,0.54631234353938,0.8058925476603119,0.38397843250529556,量能动量,1,False
SZ301112,29.24,0.24325342,0.29173887926054304,0.3652994415559407,0.7564028499903717,0.5116502984787213,,0,True
SZ301113,17.69,0.20824581,0.2778740612362796,0.2817253995763528,0.4015020219526285,0.5114577315617177,,0,True
SZ301115,33.520004,2.1516151,0.8006932409012132,0.9064124783362218,0.32274215289813213,0.9006354708261121,量能水平;量能波动;量能比,3,False
SZ301116,9.309999,0.43967792,0.7423454650491046,0.6753321779318313,0.6911226651261313,0.2840362025803967,,0,True
SZ301117,12.08,0.8373613,0.8447910648950511,0.9098786828422877,0.60947429231658,0.39206624301944926,量能水平;量能波动,2,False
SZ301118,24.130001,0.57556474,0.6953591373002118,0.7916425958020412,0.9387637203928365,0.7463893703061814,量能动量,1,False
SZ301119,27.7,1.1269873,0.6414404005391874,0.7673791642595802,0.9703446947814366,0.5778933179279799,量能动量,1,False
SZ301120,14.249999,0.8337023,0.47063354515694206,0.30906990179087235,0.39206624301944926,0.17176968996726363,,0,True
SZ301121,35.31,0.38873047,0.4450221451954554,0.2794145965723089,0.854419410745234,0.6747544771808204,量能动量,1,False
SZ301122,66.670006,3.6711388,0.9121894858463316,0.8942807625649913,0.7791257461968034,0.9320238782977085,量能水平;量能波动;量能比,3,False
SZ301123,67.6,6.5220747,0.9247063354515694,0.8440207972270364,0.26381667629501254,0.13575967648757944,量能水平;量能波动,2,False
SZ301125,14.849999,0.47459203,0.2584248026189101,0.30290776044675527,0.5220489119969189,0.911996918929328,量能比,1,False
SZ301126,10.52,0.29311913,0.43212016175621026,0.2133641440400539,0.6764875794338533,0.7032543808973618,,0,True
SZ301127,14.999999,3.515756,0.9002503369921048,0.8994800693240901,0.08434430964760255,0.5569035239745812,量能水平;量能波动,2,False
SZ301128,105.799995,8.648825,0.7939533988060851,0.625842480261891,0.7044097823993838,0.12420566146735991,,0,True
SZ301129,23.15,0.46518368,0.4423262083574042,0.05738494126709032,0.5526670518005007,0.38455613325630655,,0,True
SZ301130,28.51,1.4911872,0.8802233776237243,0.8249566724436742,0.13730021182360871,0.5166570383208164,量能水平;量能波动,2,False
SZ301131,33.7,0.24052584,0.3535528596187175,0.38571153475832853,0.5969574427113422,0.6081263238975544,,0,True
SZ301132,66.62,7.8605433,0.9589832466782207,0.9584055459272097,0.33314076641632967,0.8311188137877913,量能水平;量能波动;量能比,3,False
SZ301133,25.769999,0.8701,0.7538994800693241,0.3506643558636626,0.40920469863277487,0.09127671865973426,,0,True
SZ301135,18.03,0.27829438,0.23743500866551126,0.309262468707876,0.37531292124013094,0.7367610244559984,,0,True
SZ301136,12.250001,1.5012165,0.8738686693626035,0.9803581744656268,0.9688041594454073,0.9468515309069901,量能水平;量能波动;量能动量;量能比,4,False
SZ301137,29.779999,0.8362538,0.3963027151935298,0.2564991334488735,0.4581166955517042,0.21182360870402464,,0,True
SZ301138,28.36,0.28608,0.4708261120739457,0.25341806277681495,0.2457153860966686,0.634893125361063,,0,True
SZ301141,35.329998,0.53702664,0.275948392066243,0.5896398998652032,0.11592528403620259,0.8299634122857693,量能比,1,False
SZ301148,57.56,0.76406145,0.26824571538609665,0.5378393991912189,0.6947814365492009,0.7540920469863277,,0,True
SZ301149,7.81,1.2085354,0.8455613325630656,0.9641825534373195,0.9449258617369536,0.9693818601964183,量能水平;量能波动;量能动量;量能比,4,False
SZ301150,40.99,9.231343,0.9570575775081841,0.9528211053341036,0.9404968226458694,0.9607163489312536,量能水平;量能波动;量能动量;量能比,4,False
SZ301151,20.92,1.2754669,0.7140381282495667,0.45984979780473717,0.42711342191411517,0.07298286154438667,,0,True
SZ301152,22.23,1.2071044,0.9193144617754669,0.9870980165607549,0.9651453880223377,0.7956865010591181,量能水平;量能波动;量能动量,3,False
SZ301153,16.980001,0.6046825,0.3460427498555748,0.21028307336799537,0.30791450028885037,0.2133641440400539,,0,True
SZ301155,44.8,2.7631283,0.990949354900828,0.9770845368765646,0.8080107837473522,0.6501059118043521,量能水平;量能波动;量能动量,3,False
SZ301156,11.76,0.5667716,0.414789139225881,0.1727325245522819,0.4026574234546505,0.12459079530136723,,0,True
SZ301157,61.710003,0.48601207,0.42249181590602736,0.36780281147698823,0.3928365106874639,0.4577315617176969,,0,True
SZ301158,14.059999,1.1293532,0.7032543808973618,0.317157712305026,0.0999422299248989,0.0019256691700365878,,0,True
SZ301159,31.640001,0.49906403,0.561525129982669,0.5513190833814751,0.12401309455035625,0.5551704217215483,,0,True
SZ301160,39.59,1.8008484,0.5667244367417678,0.7675717311765838,0.29231658001155403,0.8494126709031389,量能比,1,False
SZ301161,28.560001,0.8154344,0.4852686308492201,0.4076641632967456,0.37069131523204313,0.36164067013287116,,0,True
SZ301162,36.999996,0.51355875,0.2152898132100905,0.0999422299248989,0.25476603119584057,0.5153090699017908,,0,True
SZ301163,23.6,0.27044463,0.2335836703254381,0.18178316965145389,0.3510494896976699,0.7854804544579241,,0,True
SZ301165,100.74,13.901341,0.8253418062776815,0.7223185056807241,0.17831696514538803,0.22568842672828807,量能水平,1,False
SZ301166,35.350002,0.65191966,0.8045445792412863,0.8906219911419219,0.8457538994800693,0.9349123820527633,量能水平;量能波动;量能动量;量能比,4,False
SZ301167,13.67,0.29464933,0.4013094550356249,0.1386481802426343,0.42634315424610053,0.45792412863470056,,0,True
SZ301168,40.329998,0.31305316,0.3017523589447333,0.658578856152513,0.9557096090891585,0.7922202965530522,量能动量,1,False
SZ301169,50.37,0.8844217,0.48372809551319085,0.4222992489890237,0.12690159830541112,0.2749855574812247,,0,True
SZ301171,32.61,22.20467,0.993260157904872,0.9822838436356633,0.030618139803581745,0.170999422299249,量能水平;量能波动,2,False
SZ301172,17.019999,1.1080126,0.6943963027151935,0.6268053148469093,0.7845176198729058,0.333525900250337,,0,True
SZ301175,5.5799994,0.6341336,0.5149239360677835,0.22106682072020026,0.3889851723473907,0.39842095128057,,0,True
SZ301176,52.07,7.9283834,0.8858078182168303,0.9270171384556133,0.13306373964952822,0.7964567687271327,量能水平;量能波动,2,False
SZ301177,23.16,0.5013131,0.8894665896398999,0.4714038128249567,0.5934912382052764,0.03331407664163297,量能水平,1,False
SZ301178,33.91,1.0962868,0.6489505103023301,0.8340073175428462,0.02984787213556711,0.4540727902946274,量能波动,1,False
SZ301179,19.630001,0.7988248,0.45657616021567493,0.45965723088773347,0.1471211245907953,0.15193529751588677,,0,True
SZ301180,12.07,0.5178219,0.7406123627960717,0.6119776622376276,0.7581359522434046,0.317157712305026,,0,True
SZ301181,25.1,0.61120915,0.39091084151742733,0.5492008472944349,0.0560369728480647,0.7020989793953398,,0,True
SZ301182,59.050003,2.4928288,0.7531292124013095,0.6830348546119777,0.14365492008472944,0.19121894858463315,,0,True
SZ301183,276.62,12.372728,0.7814365492008473,0.6926632004621606,0.5018293857115348,0.4679376083188908,,0,True
SZ301185,17.14,0.25389692,0.2805699980743308,0.14211438474870017,0.7579433853264009,0.625842480261891,,0,True
SZ301186,32.9,0.6493507,0.48353552859618715,0.6139033314076642,0.6452917388792605,0.8856152512998267,量能比,1,False
SZ301187,15.62,0.56693655,0.4353937993452725,0.5362988638551897,0.3212016175621028,0.8259195070286924,量能比,1,False
SZ301188,33.28,5.022137,0.9218178316965145,0.9455035624879645,0.4269208549971115,0.804159445407279,量能水平;量能波动;量能比,3,False
SZ301189,68.13,4.989464,0.8906219911419219,0.9445407279029463,0.37300211823608703,0.7279029462738301,量能水平;量能波动,2,False
SZ301190,35.93,1.836524,0.8782977084536877,0.9776622376275755,0.961101482765261,0.9476217985750048,量能水平;量能波动;量能动量;量能比,4,False
SZ301191,76.22,2.8764253,0.7413826304640863,0.7941459657230888,0.6063932216445215,0.6955517042172155,,0,True
SZ301192,19.68,0.2552397,0.2853841709994223,0.3718467167340651,0.9426150587329097,0.6360485268630849,量能动量,1,False
SZ301193,21.420002,1.318134,0.7192374350086655,0.8692470633545157,0.1503947621798575,0.8732909686115925,量能波动;量能比,2,False
SZ301195,26.699999,0.24861634,0.2385904101675332,0.3321779318313114,0.0831889081455806,0.5979202772963604,,0,True
SZ301196,86.08,4.5249,0.8180242634315424,0.7323319853649143,0.6880415944540728,0.211631041787021,量能水平,1,False
SZ301197,26.699999,0.766539,0.6040824186404775,0.7192374350086655,0.029655305218563452,0.7126901598305411,,0,True
SZ301198,14.1,0.5528954,0.683419988445985,0.8806085114577316,0.004043905257076834,0.9021760061621413,量能波动;量能比,2,False
SZ301199,18.13,0.21294805,0.19526285384171,0.04987483150394762,0.6460620065472752,0.2772963604852686,,0,True
SZ301200,224.78998,6.4755697,0.7203928365106874,0.6683997689196995,0.2181783169651454,0.5759676487579434,,0,True
SZ301201,30.49,2.0157015,0.9449258617369536,0.9911419218178317,0.8603889851723474,0.9481994993260158,量能水平;量能波动;量能动量;量能比,4,False
SZ301202,35.64,0.52433,0.3824378971692663,0.40708646254573466,0.22645869439630273,0.3587521663778163,,0,True
SZ301205,283.31998,18.892159,0.7592913537454266,0.8517234739071827,0.8638551896784132,0.6616599268245715,量能波动;量能动量,2,False
SZ301206,25.01,1.5354575,0.9401116888118621,0.9341421143847487,0.9274022722896207,0.20335066435586366,量能水平;量能波动;量能动量,3,False
SZ301207,20.11,1.6616466,0.9143077219333718,0.9158482572694011,0.8266897746967071,0.9156556903523975,量能水平;量能波动;量能动量;量能比,4,False
SZ301208,30.33,0.32865566,0.18236087040246485,0.10013479684190256,0.3859041016753322,0.29770845368765647,,0,True
SZ301209,61.71,1.3697037,0.2801848642403235,0.41305603697284804,0.8846524167148084,0.8950510302330059,量能动量;量能比,2,False
SZ301210,29.18,1.389836,0.6630078952435972,0.6535721163104179,0.22626612747929906,0.34854611977662237,,0,True
SZ301211,12.7,1.1857946,0.7937608318890814,0.6726362410937801,0.6938186019641825,0.7213556710957058,,0,True
SZ301212,26.17,0.3570221,0.3367995378393992,0.2848064702484113,0.27671865973425763,0.2863470055844406,,0,True
SZ301213,42.449997,0.94465786,0.5420758713652994,0.7797034469478143,0.008665511265164644,0.8187945310995571,量能比,1,False
SZ301215,5.28,0.38358763,0.494896976699403,0.49335644136337375,0.7375312921240131,0.6528018486424032,,0,True
SZ301216,16.689999,4.418365,0.9456961294049683,0.7660311958405546,0.49220103986135183,0.04429039091084152,量能水平,1,False
SZ301217,99.56,31.156994,0.9653379549393414,0.9807433082996341,0.17446562680531486,0.5324475255151165,量能水平;量能波动,2,False
SZ301218,69.75,6.748212,0.9543616406701328,0.9786250722125939,0.9493549008280378,0.894473329481995,量能水平;量能波动;量能动量;量能比,4,False
SZ301219,39.75,1.9727954,0.8490275370691315,0.7040246485653765,0.4467552474484883,0.39399191218948587,量能水平,1,False
SZ301220,29.02,0.77439034,0.5395725014442518,0.610051993067591,0.07625649913344887,0.32736375890621994,,0,True
SZ301221,26.53,0.40180093,0.5532447525515116,0.47159637974196034,0.14692855767379165,0.4696707105719237,,0,True
SZ301222,24.979998,0.5355126,0.5153090699017908,0.6734065087617948,0.18255343731946852,0.8954361640670133,量能比,1,False
SZ301225,58.52,2.0361826,0.6281532832659349,0.5253225495859811,0.8291931446177546,0.42634315424610053,量能动量,1,False
SZ301226,36.389996,0.9092044,0.49797804737146156,0.6682072020026959,0.5676872713267861,0.9252840362025804,量能比,1,False
SZ301227,31.08,0.9687198,0.41671480839591757,0.4290390910841517,0.8636626227614096,0.6302715193529752,量能动量,1,False
SZ301228,51.590004,1.391721,0.5336029270171384,0.4061236279607163,0.7706528018486424,0.5647987675717312,,0,True
SZ301229,12.0,0.33439717,0.5572886578085885,0.5166570383208164,0.5395725014442518,0.6206431735027922,,0,True
SZ301230,38.48,6.428084,0.9216252647795109,0.9131523204313499,0.3046408626997882,0.7423454650491046,量能水平;量能波动,2,False
SZ301231,29.23,1.7862058,0.7931831311380705,0.7329096861159253,0.05719237435008666,0.20103986135181975,,0,True
SZ301232,78.78,2.6433446,0.5894473329481995,0.7531292124013095,0.7993452724821876,0.8209127671865973,量能比,1,False
SZ301233,36.58,0.47728395,0.3531677257847102,0.6766801463508569,0.6662815328326593,0.9699595609474292,量能比,1,False
SZ301234,135.65,2.5168257,0.5646062006547276,0.7286732139418448,0.12786443289042942,0.9129597535143462,量能比,1,False
SZ301235,40.68,3.3870983,0.9041016753321779,0.7922202965530522,0.15116502984787214,0.1864047756595417,量能水平,1,False
SZ301236,35.23,5.216479,0.9179664933564413,0.81263238975544,0.19930675909878684,0.32062391681109187,量能水平;量能波动,2,False
SZ301237,36.18,0.7938948,0.4792990564221067,0.6672443674176777,0.569420373579819,0.6318120546890045,,0,True
SZ301238,15.95,1.0739256,0.8293857115347584,0.8245715386096668,0.8765646062006547,0.668784902753707,量能水平;量能波动;量能动量,3,False
SZ301239,31.98,0.55346346,0.544001540535336,0.5929135374542653,0.45984979780473717,0.8357404197958791,量能比,1,False
SZ301246,17.539999,0.95287496,0.8214904679376083,0.5753899480069324,0.5492008472944349,0.6129404968226458,量能水平,1,False
SZ301248,53.050003,1.7687899,0.5364914307721933,0.1392258809936453,0.5010591180435201,0.7927979973040632,,0,True
SZ301251,81.1,8.568126,0.9601386481802426,0.8652031580974389,0.6300789524359715,0.821683034854612,量能水平;量能波动;量能比,3,False
SZ301252,35.86,1.2020267,0.5553629886385519,0.3275563258232236,0.30290776044675527,0.3614481032158675,,0,True
SZ301255,19.09,0.23851104,0.08838821490467938,0.03312150972462931,0.34739071827460044,0.45676872713267863,,0,True
SZ301256,9.76,0.7213713,0.5744271134219141,0.14423262083574043,0.24455998459464665,0.0317735413056037,,0,True
SZ301257,42.71,1.6218876,0.8299634122857693,0.8557673791642596,0.868476795686501,0.6551126516464472,量能水平;量能波动;量能动量,3,False
SZ301258,27.400002,0.24341436,0.3849412670903139,0.3728095513190834,0.6167918351627191,0.8919699595609474,量能比,1,False
SZ301259,19.25,0.9862911,0.45676872713267863,0.7109570575775082,0.1563643366069709,0.7565954169073753,,0,True
SZ301260,11.690001,0.21932124,0.4586943963027152,0.43366069709223953,0.5595994608126323,0.30849220103986136,,0,True
SZ301261,52.47,1.1161804,0.5031773541305604,0.18101290198343925,0.7508184093972655,0.18197573656845753,,0,True
SZ301262,20.550001,2.1180851,0.911419218178317,0.868476795686501,0.6807240516079338,0.5680724051607934,量能水平;量能波动,2,False
SZ301263,19.09,0.95405257,0.4667822068168689,0.8561525129982669,0.2796071634893125,0.9223955324475255,量能波动;量能比,2,False
SZ301265,21.9,2.146372,0.7383015597920277,0.5337954939341422,0.7348353552859619,0.32505295590217603,,0,True
SZ301267,15.16,0.46706495,0.7051800500673984,0.578471018678991,0.6766801463508569,0.6208357404197958,,0,True
SZ301268,11.78,0.3363757,0.5128056999807433,0.5586366262276141,0.18428653957250143,0.8122472559214327,量能比,1,False
SZ301269,84.66,4.273862,0.911996918929328,0.6784132486038899,0.5099171962256884,0.2541883304448296,量能水平,1,False
SZ301270,32.199997,0.73749113,0.5378393991912189,0.27440785673021373,0.30194492586173693,0.10494896976699403,,0,True
SZ301272,35.1,0.2453802,0.3835932986712883,0.3231272867321394,0.6976699403042558,0.608318890814558,,0,True
SZ301273,35.510002,0.6248344,0.30791450028885037,0.36510687463893704,0.6123627960716349,0.6476025418833045,,0,True
SZ301275,38.35,1.5801765,0.846524167148084,0.7966493356441363,0.6886192952050838,0.49971114962449453,量能水平,1,False
SZ301276,17.36,0.36031163,0.34219141151550164,0.23377623724244176,0.5499711149624494,0.5187752744078568,,0,True
SZ301277,10.47,0.2884656,0.21047564028499904,0.18910071249759292,0.4993260157904872,0.7752744078567302,,0,True
SZ301278,29.02,0.3554583,0.6449066050452532,0.6739842095128057,0.20720200269593683,0.6759098786828422,,0,True
SZ301279,23.300001,0.57837075,0.33641440400539185,0.4301944925861737,0.6863084922010398,0.28365106874638935,,0,True
SZ301280,41.06,0.7923144,0.17831696514538803,0.5674947044097824,0.0317735413056037,0.902368573079145,量能比,1,False
SZ301281,47.249996,1.247013,0.44714038128249567,0.41536683997689194,0.2158675139611015,0.3381475062584248,,0,True
SZ301282,41.67,7.175763,0.942422491815906,0.8043520123242827,0.7585210860774119,0.6762950125168496,量能水平;量能波动,2,False
SZ301283,25.25,0.26021987,0.15944540727902945,0.10167533217793183,0.22549585981128442,0.12536106296938185,,0,True
SZ301285,88.89,2.2937481,0.35239745811669554,0.3379549393414211,0.02811476988253418,0.3525900250336992,,0,True
SZ301286,44.100002,0.7284713,0.2919314461775467,0.25380319661082223,0.7452339688041595,0.29308684767956866,,0,True
SZ301287,41.24,0.33989212,0.2382052763335259,0.3277488927402272,0.4506065857885615,0.6366262276140959,,0,True
SZ301288,17.099998,0.23018746,0.33468130175235894,0.2582322357019064,0.1615636433660697,0.5859811284421337,,0,True
SZ301289,44.53,0.28533718,0.10591180435201232,0.3466204506065858,0.8055074138263046,0.8135952243404583,量能动量;量能比,2,False
SZ301290,28.7,0.45277703,0.49817061428846526,0.7646832274215289,0.5954169073753129,0.9422299248989023,量能比,1,False
SZ301291,35.98,2.0152009,0.7725784710186789,0.5996533795493935,0.7668014635085693,0.8085884844983632,量能比,1,False
SZ301292,56.76,3.2760057,0.7346427883689582,0.7099942229924899,0.8567302137492778,0.4662045060658579,量能动量,1,False
SZ301293,48.85,1.925774,0.7236664740997497,0.5584440593106105,0.16310417870209898,0.40516079337569805,,0,True
SZ301295,35.350002,0.4973626,0.25977277103793567,0.16425958020412093,0.5043327556325823,0.3050259965337955,,0,True
SZ301297,47.699997,11.652031,0.9196995956094743,0.9339495474677451,0.7893317927979973,0.8062776814943192,量能水平;量能波动;量能比,3,False
SZ301298,12.859999,0.21769904,0.2794145965723089,0.10899287502407086,0.19718852301174658,0.2676680146350857,,0,True
SZ301299,45.059998,0.77603346,0.4694781436549201,0.35297515886770653,0.08511457731561718,0.20951280569998074,,0,True
SZ301300,32.94,0.5535049,0.519738108992875,0.7332948199499326,0.0005777007510109763,0.6531869824764106,,0,True
SZ301301,8.19,1.0601536,0.6516464471403813,0.6387444637011361,0.7419603312150973,0.29173887926054304,,0,True
SZ301302,20.93,0.9968892,0.8018486424032352,0.7298286154438668,0.02041209320238783,0.3356441363373772,量能水平,1,False
SZ301303,14.04,0.4366064,0.454265357211631,0.7981898709801656,0.6913152320431349,0.9127671865973426,量能比,1,False
SZ301305,24.359999,1.8598195,0.7294434816098594,0.6982476410552667,0.1985364914307722,0.308684767956865,,0,True
SZ301306,86.53,2.371805,0.6880415944540728,0.7592913537454266,0.6934334681301753,0.7706528018486424,,0,True
SZ301307,55.609997,4.5819592,0.8334296167918351,0.6813017523589447,0.26323897554400155,0.20469863277488928,量能水平,1,False
SZ301308,301.93,29.645056,0.9838243789716926,0.8975544001540535,0.2900057770075101,0.5422684382823031,量能水平;量能波动,2,False
SZ301309,29.7,0.29548892,0.16233391103408434,0.22395532447525515,0.1798575004814173,0.19256691700365877,,0,True
SZ301310,61.6,3.768598,0.8122472559214327,0.8083959175813595,0.879838243789717,0.8998652031580975,量能水平;量能波动;量能动量;量能比,4,False
SZ301311,18.32,1.772972,0.8082033506643559,0.9653379549393414,0.8571153475832852,0.9982668977469671,量能水平;量能波动;量能动量;量能比,4,False
SZ301312,79.05,4.8126893,0.6424032351242056,0.7891392258809936,0.1929520508376661,0.7026766801463509,,0,True
SZ301313,28.939999,1.4555824,0.6776429809358753,0.4927787406123628,0.5545927209705372,0.26824571538609665,,0,True
SZ301314,48.68,0.5255953,0.46639707298286154,0.7571731176583862,0.887733487386867,0.9154631234353938,量能动量;量能比,2,False
SZ301315,42.82,0.90807825,0.6556903523974581,0.7671865973425765,0.03620258039668785,0.721740804929713,,0,True
SZ301316,38.739998,4.4584303,0.8890814558058926,0.9474292316580012,0.5137685345657615,0.9237435008665511,量能水平;量能波动;量能比,3,False
SZ301317,43.6,1.3810112,0.47756595416907377,0.41267090313884075,0.2611207394569613,0.08992875024070865,,0,True
SZ301319,81.770004,7.1402283,0.6645484305796264,0.5432312728673214,0.5303292894280762,0.3918736761024456,,0,True
SZ301320,14.000001,0.22486636,0.2570768341998845,0.33237049874831504,0.31542461005199307,0.60947429231658,,0,True
SZ301321,44.95,2.99248,0.7061428846524167,0.6115925284036202,0.381475062584248,0.4754477180820335,,0,True
SZ301322,42.42,1.9410996,0.8540342769112267,0.9470440978239938,0.9104563835932987,0.8108992875024071,量能水平;量能波动;量能动量;量能比,4,False
SZ301323,72.34,1.0177888,0.4689004429039091,0.559214326978625,0.7359907567879839,0.6814943192759484,,0,True
SZ301325,31.31,0.7130823,0.7560177161563644,0.8209127671865973,0.8349701521278644,0.7496630078952436,量能波动;量能动量,2,False
SZ301326,93.53,1.8805394,0.5386096668592336,0.5297515886770653,0.593106104371269,0.23512420566146736,,0,True
SZ301327,41.55,0.41963664,0.6298863855189678,0.22376275755825148,0.08607741190063548,0.19911419218178317,,0,True
SZ301328,46.84,1.2109203,0.5601771615636434,0.45099171962256884,0.7294434816098594,0.6801463508569228,,0,True
SZ301329,20.31,0.7741615,0.5981128442133642,0.5696129404968227,0.6857307914500289,0.5792412863470056,,0,True
SZ301330,25.28,0.7218592,0.5640284999037165,0.32331985364914306,0.5149239360677835,0.4192181783169651,,0,True
SZ301331,21.84,0.25205725,0.1752358944733295,0.08357404197958791,0.542846139033314,0.6293086847679569,,0,True
SZ301332,7.7099996,0.23541486,0.260735605622954,0.4180627768149432,0.5185827074908531,0.8320816483728095,量能比,1,False
SZ301333,66.67,1.9010229,0.7548623146543424,0.31985364914307723,0.6920854997111496,0.24417485076063933,,0,True
SZ301335,24.880001,0.67538834,0.5189678413248604,0.5673021374927787,0.024263431542461005,0.4531099557096091,,0,True
SZ301336,41.670002,0.5243551,0.5626805314846909,0.5517042172154824,0.16599268245715387,0.16945888696321973,,0,True
SZ301337,27.359999,0.55593336,0.5836703254380897,0.6352782591950703,0.057770075101097634,0.6851530906990179,,0,True
SZ301338,86.799995,5.0073905,0.8016560754862314,0.8501829385711535,0.30849220103986136,0.8145580589254766,量能水平;量能波动;量能比,3,False
SZ301339,12.25,0.99907,0.6370113614481032,0.9572501444251877,0.7540920469863277,0.9793953398806086,量能波动;量能比,2,False
SZ301345,228.0,1.7737608,0.2518775274407857,0.308107067205854,0.861736953591373,0.2480261891007125,量能动量,1,False
SZ301348,21.64,1.3583444,0.8732909686115925,0.772000770267668,0.4290390910841517,0.6156364336606971,量能水平,1,False
SZ301349,42.9,1.6055585,0.8573079145002889,0.7394569612940497,0.08704024648565377,0.37820142499518583,量能水平,1,False
SZ301353,20.130001,0.26802713,0.21663778162911612,0.2181783169651454,0.82052763335259,0.8501829385711535,量能动量;量能比,2,False
SZ301355,12.5,0.7689876,0.697477373387252,0.4569612940496823,0.6830348546119777,0.11823608704024649,,0,True
SZ301356,19.74,0.39630252,0.38802233776237244,0.7835547852878876,0.3731946851530907,0.9510880030810707,量能比,1,False
SZ301357,88.149994,5.6466117,0.8330444829578278,0.5403427691122665,0.2919314461775467,0.027151935297515885,量能水平,1,False
SZ301358,50.69,6.118471,0.9641825534373195,0.7656460620065473,0.5403427691122665,0.4914307721933372,量能水平,1,False
SZ301359,19.27,0.32520705,0.20335066435586366,0.3968804159445407,0.8777200077026767,0.7943385326400925,量能动量,1,False
SZ301360,59.620007,1.4527376,0.6447140381282496,0.7490853071442326,0.05950317735413056,0.6308492201039861,,0,True
SZ301361,27.150002,0.23680025,0.14461775466974774,0.32967456191026384,0.8815713460427499,0.7741190063547082,量能动量,1,False
SZ301362,102.47,3.2088058,0.5911804352012324,0.62526477951088,0.27748892740227227,0.552474484883497,,0,True
SZ301363,16.25,1.4968895,0.748892740227229,0.9331792797997304,0.07298286154438667,0.9139225880993646,量能波动;量能比,2,False
SZ301365,33.62,1.0151043,0.36683997689196995,0.2784517619872906,0.1592528403620258,0.6202580396687849,,0,True
SZ301366,69.76,10.411567,0.9110340843443097,0.862314654342384,0.454843057962642,0.7849027537069132,量能水平;量能波动,2,False
SZ301367,46.64,0.7306788,0.8259195070286924,0.6853456576160216,0.6635855959946081,0.6277681494319276,量能水平,1,False
SZ301368,38.699997,0.51188785,0.21278644328904295,0.19507028692470635,0.6223762757558251,0.8078182168303486,量能比,1,False
SZ301369,137.73,3.494121,0.7219333718467167,0.8860003851338341,0.7808588484498363,0.965530521856345,量能波动;量能比,2,False
SZ301371,20.810001,0.5469854,0.6662815328326593,0.3109955709609089,0.3298671288272675,0.14095898324667822,,0,True
SZ301372,34.25,0.49583188,0.7063354515694203,0.7044097823993838,0.6797612170229155,0.5110725977277104,,0,True
SZ301373,119.149994,9.834956,0.9066050452532255,0.8729058347775852,0.6418255343731947,0.7912574619680339,量能水平;量能波动,2,False
SZ301376,22.27,1.0227656,0.6283458501829385,0.49220103986135183,0.5674947044097824,0.14827652609281725,,0,True
SZ301377,341.0,9.858284,0.5139611014827653,0.4868091661852494,0.2559214326978625,0.7049874831503947,,0,True
SZ301378,25.400002,0.48028004,0.5861736953591373,0.3810899287502407,0.1369150779896014,0.3785865588291931,,0,True
SZ301379,19.09,1.8830414,0.5879067976121702,0.5850182938571153,0.8401694588869633,0.471211245907953,量能动量,1,False
SZ301380,33.75,1.0167068,0.5588291931446178,0.4731369150779896,0.699210475640285,0.45619102638166764,,0,True
SZ301381,23.12,1.3707668,0.8365106874638937,0.5983054111303678,0.18890814558058924,0.36183323704987486,量能水平,1,False
SZ301382,36.33,4.092107,0.8698247641055267,0.9636048526863085,0.9410745233968805,0.9495474677450414,量能水平;量能波动;量能动量;量能比,4,False
SZ301383,23.150002,0.35387743,0.3129212401309455,0.29019834392451377,0.06162141344117081,0.3512420566146736,,0,True
SZ301386,20.64,0.29289752,0.21105334103601,0.5386096668592336,0.0602734450221452,0.8669362603504718,量能比,1,False
SZ301387,50.3,1.0566096,0.44290390910841515,0.4665896398998652,0.8118621220874254,0.6647409974966301,量能动量,1,False
SZ301388,25.06,0.3039541,0.23647217408049298,0.17022915463123436,0.6266127479299056,0.5517042172154824,,0,True
SZ301389,52.04,5.305366,0.7635278259195071,0.7924128634700558,0.48834970152127866,0.633737723859041,,0,True
SZ301391,43.91,0.5592959,0.47852878875409205,0.41421143847487,0.3096476025418833,0.3188908145580589,,0,True
SZ301392,148.22,6.4972987,0.9241286347005584,0.9214326978625073,0.3934142114384749,0.4829578278451762,量能水平;量能波动,2,False
SZ301393,67.13,2.1244142,0.9052570768341999,0.9747737338725208,0.3774311573271712,0.9218178316965145,量能水平;量能波动;量能比,3,False
SZ301395,11.51,0.3920011,0.2834585018293857,0.2898132100905064,0.6558829193144617,0.6701328711727326,,0,True
SZ301396,155.92,19.136927,0.8255343731946851,0.8925476603119584,0.050645099171962256,0.6633930290776044,量能水平;量能波动,2,False
SZ301397,21.980001,0.6082111,0.3533602927017138,0.22645869439630273,0.37704602349316385,0.044868091661852495,,0,True
SZ301398,38.0,0.68665427,0.3381475062584248,0.49740034662045063,0.18948584633160023,0.41036010013479685,,0,True
SZ301399,20.28,1.2374,0.6233391103408434,0.2971307529366455,0.19526285384171,0.06566531869824764,,0,True
SZ301408,14.929999,1.6038268,0.8559599460812632,0.8236087040246486,0.20315809743886,0.77315617176969,量能水平;量能波动,2,False
SZ301413,52.02,1.4911158,0.7057577508184094,0.7047949162333911,0.7384941267090314,0.7461968033891777,,0,True
SZ301418,34.73,0.34629723,0.5850182938571153,0.6133256306566532,0.7987675717311766,0.7671865973425765,,0,True
SZ301419,41.489998,3.442734,0.8688619295205083,0.7456191026381668,0.37723859041016755,0.4342383978432505,量能水平,1,False
SZ301421,71.37,2.2056332,0.7123050259965338,0.6383593298671288,0.5307144232620836,0.34045830926246873,,0,True
SZ301428,27.029999,0.6114989,0.5907953013672251,0.6832274215289813,0.08261120739456962,0.6323897554400154,,0,True
SZ301429,17.43,0.25897503,0.2988638551896784,0.19198921625264778,0.6314269208549971,0.7970344694781436,,0,True
SZ301439,13.8099985,1.1558937,0.7675717311765838,0.5595994608126323,0.11996918929327942,0.007124975929135375,,0,True
SZ301446,37.370003,0.3651118,0.15135759676487578,0.2921240130945504,0.40708646254573466,0.8630849220103987,量能比,1,False
SZ301448,50.91,0.8794676,0.3475832851916041,0.6073560562295398,0.4082418640477566,0.9247063354515694,量能比,1,False
SZ301449,39.18,0.5389008,0.5619102638166763,0.4319275948392066,0.7818216830348547,0.23435393799345272,,0,True
SZ301456,25.369999,0.7740893,0.7225110725977277,0.8207202002695937,0.8588484498363181,0.8756017716156365,量能波动;量能动量;量能比,3,False
SZ301458,35.68,2.4263284,0.82842287694974,0.7874061236279607,0.7186597342576545,0.6227614095898325,量能水平,1,False
SZ301459,31.199999,0.26340145,0.2176006162141344,0.1588677065280185,0.6058155208935105,0.292894280762565,,0,True
SZ301468,29.869999,1.0558573,0.5829000577700751,0.5649913344887348,0.33237049874831504,0.37069131523204313,,0,True
SZ301469,28.77,0.25559884,0.3481609859426151,0.3167725784710187,0.8112844213364144,0.7413826304640863,量能动量,1,False
SZ301479,47.920002,1.2299088,0.7893317927979973,0.6508761794723666,0.07163489312536106,0.3327556325823224,,0,True
SZ301486,190.73001,14.318812,0.9406893895628731,0.8405545927209706,0.3716541498170614,0.2867321394184479,量能水平;量能波动,2,False
SZ301487,17.16,2.014731,0.9934527248218756,1.0,0.9911419218178317,0.9091084151742731,量能水平;量能波动;量能动量;量能比,4,False
SZ301488,90.41,1.0114552,0.5630656653186983,0.510687463893703,0.6660889659156557,0.4145965723088773,,0,True
SZ301489,108.409996,9.052598,0.8422876949740035,0.6127479299056422,0.14654342383978433,0.07683419988445984,量能水平,1,False
SZ301491,36.21,0.21820913,0.3073367995378394,0.2643943770460235,0.13383400731754286,0.2988638551896784,,0,True
SZ301498,38.74,1.5612535,0.8251492393606779,0.7342576545349508,0.07741190063547082,0.505103023300597,量能水平,1,False
SZ301499,25.46,0.44434756,0.3947621798575005,0.6580011554015021,0.05622953976506836,0.8823416137107645,量能比,1,False
SZ301500,24.2,3.7080145,0.9079530136722511,0.9206624301944926,0.10032736375890622,0.47756595416907377,量能水平;量能波动,2,False
SZ301501,26.82,0.24862625,0.2747929905642211,0.6647409974966301,0.23473907182746004,0.8655882919314462,量能比,1,False
SZ301502,49.03,0.43591884,0.3254380897361833,0.2509146928557674,0.4606200654727518,0.3591373002118236,,0,True
SZ301503,22.269999,0.25460535,0.18255343731946852,0.05449643751203543,0.5538224533025227,0.17119198921625264,,0,True
SZ301505,18.650002,0.6694873,0.6023493163874446,0.4484883497015213,0.9069901790872328,0.09917196225688427,量能动量,1,False
SZ301507,13.420001,0.51744556,0.6709031388407471,0.7492778740612362,0.03909108415174273,0.8097438860003852,量能比,1,False
SZ301508,23.76,0.21782248,0.26940111688811863,0.1559792027729636,0.6065857885615251,0.4397265549778548,,0,True
SZ301509,31.25,1.0131171,0.747159637974196,0.8228384363566339,0.6056229539765068,0.7096090891584825,量能波动,1,False
SZ301510,27.77,1.806338,0.9404968226458694,0.8802233776237243,0.8093587521663779,0.5043327556325823,量能水平;量能波动;量能动量,3,False
SZ301511,95.24999,32.689007,0.9888311188137878,0.9591758135952243,0.4169073753129212,0.3017523589447333,量能水平;量能波动,2,False
SZ301512,31.360003,0.28994775,0.36414404005391876,0.3481609859426151,0.869632197188523,0.7789331792797998,量能动量,1,False
SZ301513,56.52,0.7658522,0.7394569612940497,0.9901790872328134,0.9971114962449451,0.9574427113421914,量能波动;量能动量;量能比,3,False
SZ301515,20.52,0.2428891,0.32254958598112843,0.5578663585595994,0.18197573656845753,0.8236087040246486,量能比,1,False
SZ301516,18.11,2.217901,0.8992875024070864,0.6880415944540728,0.14192181783169652,0.036395147313691506,量能水平,1,False
SZ301517,34.43,0.9668044,0.6886192952050838,0.8571153475832852,0.07644906605045253,0.9195070286924706,量能波动;量能比,2,False
SZ301518,24.820002,0.5903035,0.5064509917196226,0.7423454650491046,0.774311573271712,0.7554400154053533,,0,True
SZ301519,12.130001,0.2349019,0.431157327171192,0.21683034854611977,0.31927594839206624,0.38282303100327364,,0,True
SZ301520,71.049995,9.133079,0.9736183323704988,0.9079530136722511,0.5551704217215483,0.7040246485653765,量能水平;量能波动,2,False
SZ301522,21.7,0.7044448,0.837473522048912,0.7770075101097631,0.7454265357211631,0.6248796456768727,量能水平,1,False
SZ301525,43.250004,0.65136087,0.7026766801463509,0.9782399383785866,0.9942229924898902,0.8913922588099364,量能波动;量能动量;量能比,3,False
SZ301526,26.97,40.568966,0.9863277488927402,0.8896591565569035,0.21471211245907953,0.09320238782977085,量能水平;量能波动,2,False
SZ301528,71.06,1.4015247,0.7627575582514924,0.7354130560369728,0.17080685538224533,0.16252647795108802,,0,True
SZ301529,140.6,4.494617,0.7373387252070094,0.7321394184479106,0.803004043905257,0.7450414018871558,量能动量,1,False
SZ301531,46.890003,1.5020629,0.8767571731176584,0.7200077026766801,0.4342383978432505,0.5669170036587714,量能水平,1,False
SZ301533,28.420002,0.5474251,0.6890044290390911,0.21086077411900636,0.5158867706528019,0.025996533795493933,,0,True
SZ301535,13.54,0.33909535,0.380897361833237,0.20893510494896977,0.5054881571346043,0.16695551704217215,,0,True
SZ301536,123.36001,14.948456,0.9628345850182939,0.8640477565954169,0.19025611399961487,0.602156749470441,量能水平;量能波动,2,False
SZ301538,39.350002,0.64815164,0.39822838436356633,0.4049682264586944,0.36221837088388215,0.45907953013672254,,0,True
SZ301539,15.35,0.3054701,0.45792412863470056,0.14134411708068553,0.4918159060273445,0.0845368765646062,,0,True
SZ301548,53.32,0.7769373,0.4827652609281725,0.4186404775659542,0.20103986135181975,0.5929135374542653,,0,True
SZ301550,100.22,9.653113,0.7737338725207009,0.787791257461968,0.8678990949354901,0.6462545734642788,量能动量,1,False
SZ301551,21.83,1.8768661,0.8929327941459657,0.8573079145002889,0.1288272674754477,0.5091469285576737,量能水平;量能波动,2,False
SZ301552,24.25,0.2585292,0.22549585981128442,0.2050837666088966,0.7257847101867899,0.14904679376083188,,0,True
SZ301555,35.11,0.581185,0.6225688426728289,0.7825919507028692,0.6008087810514153,0.8875409204698633,量能比,1,False
SZ301556,60.07,1.419828,0.8736761024455999,0.7381089928750241,0.3762757558251492,0.0658578856152513,量能水平,1,False
SZ301557,80.049995,0.5815052,0.27286732139418446,0.5927209705372617,0.6587714230695166,0.8987098016560755,量能比,1,False
SZ301558,6.7299995,0.6381351,0.76526092817254,0.9312536106296938,0.925476603119584,0.9150779896013865,量能波动;量能动量;量能比,3,False
SZ301560,37.86,1.3995051,0.8176391295975352,0.9614866165992683,0.997689196995956,0.9961486616599268,量能水平;量能波动;量能动量;量能比,4,False
SZ301563,105.43,1.4734411,0.6402849990371654,0.7945310995570961,0.927787406123628,0.8447910648950511,量能动量;量能比,2,False
SZ301565,19.22,0.8161363,0.7440785673021375,0.7130752936645485,0.3606778355478529,0.3437319468515309,,0,True
SZ301566,23.480001,5.60487,0.9680338917773926,0.9420373579818987,0.14442518775274407,0.5476603119584056,量能水平;量能波动,2,False
SZ301567,36.6,0.4668636,0.5018293857115348,0.34912382052763336,0.3758906219911419,0.309262468707876,,0,True
SZ301568,66.3,2.1203487,0.7839399191218949,0.8428653957250144,0.7587136529944155,0.8526863084922011,量能波动;量能比,2,False
SZ301571,67.1,3.4762852,0.7571731176583862,0.7469670710571924,0.19064124783362218,0.5316772578471018,,0,True
SZ301575,23.75,1.2269738,0.8630849220103987,0.6578085884844984,0.3161948777200077,0.15906027344502213,量能水平,1,False
SZ301577,54.21,0.6241631,0.4690930098209128,0.47852878875409205,0.7444637011361448,0.5135759676487579,,0,True
SZ301578,23.2,0.22590674,0.1939148854226844,0.44637011361448103,0.9331792797997304,0.8340073175428462,量能动量;量能比,2,False
SZ301580,50.11,2.9836981,0.8139803581744657,0.8457538994800693,0.8024263431542461,0.7356056229539765,量能水平;量能波动;量能动量,3,False
SZ301581,35.47,0.2513854,0.3059888311188138,0.3751203543231273,0.17408049297130754,0.8005006739842095,量能比,1,False
SZ301584,18.53,0.3425207,0.4113229347198151,0.7057577508184094,0.9300982091276718,0.9200847294434816,量能动量;量能比,2,False
SZ301585,27.68,0.22295418,0.27575582514923935,0.14076641632967457,0.27902946273830154,0.10783747352204891,,0,True
SZ301586,28.999998,0.2953213,0.3961101482765261,0.3381475062584248,0.55420758713653,0.22395532447525515,,0,True
SZ301587,21.859999,0.5585676,0.5717311765838629,0.8817639129597535,0.983054111303678,0.9749663007895244,量能波动;量能动量;量能比,3,False
SZ301588,25.65,0.6202527,0.5145388022337762,0.6183323704987483,0.6425958020412094,0.7481224725592144,,0,True
SZ301589,157.0,1.1158301,0.7163489312536107,0.5884844983631812,0.09609089158482573,0.43731946851530906,,0,True
SZ301590,65.85,0.52941436,0.5076063932216445,0.5459272097053726,0.7614095898324668,0.29347198151357595,,0,True
SZ301591,40.01,5.2948,0.9657230887733488,0.9123820527633353,0.2846139033314077,0.11053341036010013,量能水平;量能波动,2,False
SZ301592,110.0,1.4368675,0.82052763335259,0.6499133448873483,0.5097246293086848,0.32678605815520895,量能水平,1,False
SZ301595,45.96,0.9421876,0.6314269208549971,0.8315039476217986,0.7683419988445985,0.8422876949740035,量能波动;量能比,2,False
SZ301596,44.789997,0.61316603,0.29308684767956866,0.31812054689004426,0.6961294049682265,0.706528018486424,,0,True
SZ301598,50.609997,0.25704417,0.24821875601771615,0.21971885230117466,0.536106296938186,0.55420758713653,,0,True
SZ301599,32.7,1.0666649,0.8060851145773156,0.9589832466782207,0.9653379549393414,0.8705950317735413,量能水平;量能波动;量能动量;量能比,4,False
SZ301600,74.1,0.5831268,0.15751973810899286,0.4282688234161371,0.7658386289235509,0.7929905642210668,,0,True
SZ301601,16.099998,0.7103933,0.8033891777392644,0.9815135759676488,0.6333525900250337,0.989793953398806,量能水平;量能波动;量能比,3,False
SZ301602,16.16,0.47114328,0.5622953976506836,0.5838628923550934,0.34777585210860773,0.6406701328711727,,0,True
SZ301603,113.009995,2.0441484,0.5357211631041787,0.43731946851530906,0.4009243212016176,0.25746196803389176,,0,True
SZ301606,49.89,2.9004908,0.8324667822068169,0.7365684575389948,0.08241864047756596,0.1438474870017331,量能水平,1,False
SZ301607,41.93,3.858956,0.845368765646062,0.893317927979973,0.23242826882341613,0.5940689389562873,量能水平;量能波动,2,False
SZ301608,50.12,1.128892,0.7038320816483729,0.8305411130367802,0.4839206624301945,0.7891392258809936,量能波动,1,False
SZ301609,30.130001,0.57417077,0.6452917388792605,0.7036395147313691,0.20123242826882343,0.12073945696129405,,0,True
SZ301611,84.1,6.1835403,0.8434430964760254,0.6576160215674947,0.4862314654342384,0.35932986712882725,量能水平,1,False
SZ301613,33.86,0.24435788,0.34488734835355284,0.2761409589832467,0.15963797419603312,0.6445214712112459,,0,True
SZ301616,35.4,0.25737953,0.22164452147121125,0.6113999614866166,0.9002503369921048,0.9143077219333718,量能动量;量能比,2,False
SZ301617,53.97,0.9630905,0.5297515886770653,0.551896784132486,0.8808010783747352,0.8578856152512998,量能动量;量能比,2,False
SZ301618,29.880001,0.25498343,0.7334873868669363,0.2840362025803967,0.4891199691892933,0.3040631619487772,,0,True
SZ301622,35.89,0.3992515,0.6113999614866166,0.4101675332177932,0.49162333911034084,0.3751203543231273,,0,True
SZ301626,285.35,7.7326074,0.8848449836318121,0.8447910648950511,0.3377623724244175,0.6087040246485653,量能水平;量能波动,2,False
SZ301628,110.3,5.143464,0.9643751203543232,0.9231658001155402,0.41729250914692856,0.5651839014057385,量能水平;量能波动,2,False
SZ301629,266.19998,3.2432098,0.7714230695166571,0.8626997881763913,0.9073753129212402,0.5093394954746775,量能波动;量能动量,2,False
SZ301630,191.55,3.5633588,0.8399768919699596,0.8996726362410937,0.5877142306951666,0.6963219718852302,量能水平;量能波动,2,False
SZ301631,59.479996,1.6596655,0.8653957250144425,0.519160408241864,0.6899672636241094,0.11554015020219527,量能水平,1,False
SZ301632,13.120001,0.5105915,0.6716734065087618,0.8415174273059889,0.097631426920855,0.730791450028885,量能波动,1,False
SZ301633,59.94,1.176717,0.8523011746581938,0.9048719430001926,0.8056999807433083,0.6085114577315617,量能水平;量能波动;量能动量,3,False
SZ301636,40.18,0.542006,0.5403427691122665,0.6175621028307337,0.09320238782977085,0.8263046408626998,量能比,1,False
SZ301638,20.59,1.2713275,0.618524937415752,0.5241671480839591,0.38860003851338343,0.3190833814750626,,0,True
SZ301656,13.71,0.53918815,0.635470826112074,0.756210283073368,0.9044868091661853,0.8904294242249181,量能动量;量能比,2,False
SZ301658,21.72,0.57263714,0.6035047178894666,0.5713460427498556,0.8950510302330059,0.5480454457924129,量能动量,1,False
SZ301662,73.89,2.511253,0.7671865973425765,0.9495474677450414,0.9869054496437512,0.8193722318505681,量能波动;量能动量;量能比,3,False
SZ301665,22.03,0.41243893,0.4506065857885615,0.11611785095320624,0.3601001347968419,0.03427691122665126,,0,True
SZ301666,339.90002,9.711547,0.965530521856345,0.9580204120932024,0.3034854611977662,0.5276333525900251,量能水平;量能波动,2,False
SZ301667,55.019997,0.72928786,0.706528018486424,0.6558829193144617,0.5388022337762373,0.5220489119969189,,0,True
SZ301668,29.640001,0.39026308,0.46408626997881763,0.6379741960331216,0.8243789716926632,0.5443866743693433,量能动量,1,False
SZ301669,24.18,1.1014781,0.8172539957635279,0.7958790679761217,0.7666088965915656,0.7425380319661082,量能水平,1,False
SZ301678,51.26,2.7045252,0.8153283265934912,0.9716926632004622,0.3437319468515309,0.9784325052955902,量能水平;量能波动;量能比,3,False
SZ301680,95.43,1.3651283,0.7533217793183131,0.5721163104178703,0.24398228384363566,0.1111111111111111,,0,True
SZ301682,100.6,2.2671773,0.8551896784132486,0.9460812632389756,0.5035624879645677,0.8557673791642596,量能水平;量能波动;量能比,3,False
SZ301683,97.2,0.598435,0.49162333911034084,0.5657616021567494,0.8646254573464279,0.8962064317350279,量能动量;量能比,2,False
SZ301687,48.5,1.7944672,0.8411322934719815,0.789524359715001,0.1812054689004429,0.36741767764298094,量能水平,1,False
SZ301696,87.08,1.2691393,0.659734257654535,0.36395147313691506,0.578471018678991,0.3728095513190834,,0,True
SZ302132,57.760002,5.776306,0.6036972848064702,0.37954939341421146,0.5892547660311959,0.14365492008472944,,0,True
