code,close,amount20_yi,量能水平,量能波动,量能动量,量能比,excluded_by,n_hit,keep
BJ920001,11.159999,0.29321405,0.3545908567038033,0.5389934690741452,0.17537456780637725,0.7831348444102958,,0,True
BJ920002,52.32,0.5429059,0.22570111409911642,0.619285439877065,0.9846331156358048,0.9035728006146754,量能动量;量能比,2,False
BJ920006,17.17,0.886941,0.6530925854782943,0.47541298501728774,0.050326546292739145,0.008835958509412217,,0,True
BJ920008,20.11,0.49840152,0.5812524010756819,0.35151747983096426,0.05589704187475989,0.014022281982328083,,0,True
BJ920010,8.49,0.8526131,0.6356127545140223,0.38686131386861317,0.18555512869765656,0.031694199001152515,,0,True
BJ920012,49.26,0.52007693,0.33384556281213984,0.6918939684978871,0.7452938916634653,0.92835190165194,量能比,1,False
BJ920015,43.100002,0.88453406,0.5420668459469843,0.8711102573953131,0.9362274298885901,0.9736842105263158,量能波动;量能动量;量能比,3,False
BJ920016,14.02,0.3107165,0.36534767575873994,0.6204379562043796,0.009988474836726853,0.22896657702650788,,0,True
BJ920017,15.55,0.2477445,0.13157894736842105,0.3857087975412985,0.006530925854782943,0.39262389550518634,,0,True
BJ920019,15.919999,0.56108993,0.5211294660007684,0.495197848636189,0.787168651555897,0.2422205147906262,,0,True
BJ920021,7.8500004,3.262933,0.847867844794468,0.8647714175950826,0.4805993084902036,0.21571263926238954,量能水平;量能波动,2,False
BJ920026,16.77,0.41290712,0.3755282366500192,0.5883595850941221,0.4765655013446024,0.566461774875144,,0,True
BJ920028,14.740001,0.31278545,0.2961966961198617,0.4362274298885901,0.041106415674222054,0.2829427583557434,,0,True
BJ920029,32.199997,0.2527085,0.2431809450633884,0.22685363042643103,0.8217441413753361,0.1371494429504418,量能动量,1,False
BJ920036,30.990002,0.29081774,0.21686515558970418,0.33442182097579715,0.020553207837111027,0.05455243949289282,,0,True
BJ920037,37.559998,0.28496823,0.26238955051863233,0.4456396465616596,0.528812908182866,0.525355359200922,,0,True
BJ920045,506.80002,8.981775,0.9147137917787168,0.8292354975028813,0.485593545908567,0.23665001920860546,量能水平;量能波动,2,False
BJ920046,18.88,0.76340914,0.34114483288513253,0.20053784095274682,0.16941990011525163,0.015751056473300037,,0,True
BJ920047,15.25,0.5694455,0.5464848252016904,0.5514790626200538,0.16653860929696504,0.7078371110257395,,0,True
BJ920058,22.29,0.20870632,0.13119477525931617,0.4621590472531694,0.020361121782558587,0.8436419515943142,量能比,1,False
BJ920060,28.509998,1.7704685,0.7794852093737995,0.6782558586246639,0.4233576642335766,0.8284671532846716,量能比,1,False
BJ920068,15.28,0.25966522,0.2047637341529005,0.0758739915482136,0.25278524779101036,0.02324241260084518,,0,True
BJ920072,22.58,0.2348841,0.3011909335382251,0.6058394160583942,0.0005762581636573184,0.5069150979638878,,0,True
BJ920075,15.78,0.594476,0.5728006146753746,0.7078371110257395,0.08029197080291971,0.12139838647714175,,0,True
BJ920077,13.09,0.52910805,0.35190165194006917,0.41663465232424124,0.7270457164809835,0.7368421052631579,,0,True
BJ920078,17.22,0.35465035,0.419131771033423,0.32597003457548984,0.5568574721475221,0.28371110257395316,,0,True
BJ920083,38.86,1.798844,0.8246254321936227,0.9394928928159816,0.24241260084517863,0.9220130618517096,量能水平;量能波动;量能比,3,False
BJ920087,14.13,3.386281,0.8822512485593546,0.7804456396465617,0.1853630426431041,0.08912792931233192,量能水平,1,False
BJ920088,39.51,2.2214634,0.6892047637341528,0.4656165962351133,0.5011525163273146,0.14310411064156742,,0,True
BJ920092,24.06,0.55403644,0.4723396081444487,0.5040338071456012,0.3169419900115252,0.040530157510564734,,0,True
BJ920096,29.6,0.27541944,0.5533999231655782,0.4717633499807914,0.5257395313100269,0.15194006915097963,,0,True
BJ920098,17.13,0.36289468,0.36323472915866306,0.24529389166346524,0.1648098348059931,0.0044179792547061085,,0,True
BJ920100,29.15,0.5510544,0.5751056473300038,0.5945063388398002,0.9187475989243181,0.6941990011525163,量能动量,1,False
BJ920106,33.27,0.2638904,0.14560122935074912,0.3584325777948521,0.8386477141759509,0.6016135228582405,量能动量,1,False
BJ920111,25.13,0.4701524,0.22973492124471764,0.1698040722243565,0.5772185939300807,0.38878217441413754,,0,True
BJ920116,42.51,0.7895605,0.29888590088359585,0.2397233960814445,0.2829427583557434,0.28102189781021897,,0,True
BJ920119,53.92,0.4412456,0.39992316557817903,0.19976949673453706,0.2548981943910872,0.022089896273530543,,0,True
BJ920122,23.760002,0.4343773,0.4394928928159816,0.7354975028812908,0.9515943142527853,0.8607376104494814,量能动量;量能比,2,False
BJ920125,140.31999,2.4856625,0.5363042643104111,0.6050710718401844,0.041490587783326933,0.21859393008067615,,0,True
BJ920126,9.719999,0.2379821,0.24183634268152132,0.20783711102573954,0.14118325009604302,0.06204379562043796,,0,True
BJ920128,18.49,0.56174,0.5038417210910487,0.39377641183250095,0.050710718401844025,0.06703803303880139,,0,True
BJ920130,16.17,0.48966643,0.469842489435267,0.7796772954283518,0.7095658855167115,0.7948520937379946,,0,True
BJ920139,14.66,0.62784874,0.6014214368036881,0.8607376104494814,0.08663081060315021,0.8966577026507876,量能波动;量能比,2,False
BJ920146,5.43,0.3310038,0.379369957741068,0.7041874759892431,0.2675758739915482,0.9869381482904341,量能比,1,False
BJ920156,34.94,0.28889507,0.17345370726085285,0.16327314636957357,0.023626584709950056,0.1104494813676527,,0,True
BJ920158,7.72,0.22483218,0.19957741067998463,0.10872070687668076,0.1409911640414906,0.001536688436419516,,0,True
BJ920159,27.669998,0.7363028,0.6275451402228198,0.4940453323088744,0.023818670764502496,0.007107184018440261,,0,True
BJ920161,19.619999,0.63020843,0.6400307337687284,0.6290818286592393,0.17825585862466384,0.5249711870918171,,0,True
BJ920169,19.33,0.83446085,0.6286976565501344,0.5109489051094891,0.04725316941990011,0.01171724932769881,,0,True
BJ920171,15.28,0.3652178,0.349212447176335,0.26872839031886286,0.1260084517864003,0.020169035728006147,,0,True
BJ920174,30.010004,0.47278833,0.5167114867460623,0.4394928928159816,0.22262773722627738,0.13100268920476374,,0,True
BJ920178,81.5,1.0232918,0.7881290818286593,0.7662312716096812,0.20514790626200538,0.4079907798693815,,0,True
BJ920179,56.13,1.9067675,0.6690357280061467,0.5843257779485209,0.42374183634268153,0.3301959277756435,,0,True
BJ920181,65.689995,0.384145,0.19054936611601997,0.3384556281213984,0.24529389166346524,0.6425278524779101,,0,True
BJ920184,11.0,0.3287626,0.36938148290434114,0.2485593545908567,0.032654629273914715,0.013830195927775643,,0,True
BJ920185,20.34,0.8006606,0.6628889742604687,0.7343449865539762,0.9519784863618901,0.6801767191701883,量能动量,1,False
BJ920186,67.39,2.565987,0.8447944679216289,0.8059930849020361,0.13503649635036497,0.35190165194006917,量能水平;量能波动,2,False
BJ920188,21.0,0.24815197,0.17306953515174797,0.08490203611217825,0.08797541298501729,0.006915097963887821,,0,True
BJ920190,22.800001,1.0997977,0.6548213599692663,0.5820207452938917,0.1454091432961967,0.1542451018056089,,0,True
BJ920193,28.95,0.79592633,0.7270457164809835,0.6893968497887053,0.21820975797157127,0.45601229350749134,,0,True
BJ920199,23.13,0.26145163,0.21225509028044565,0.27775643488282753,0.0374567806377257,0.39031886285055706,,0,True
BJ920200,31.260002,0.92258966,0.8716865155589704,0.9617748751440646,0.8490203611217826,0.8680368805224741,量能水平;量能波动;量能动量;量能比,4,False
BJ920206,36.09,0.84620297,0.7408759124087592,0.6269688820591625,0.017287744909719554,0.059546676911256244,,0,True
BJ920207,21.109999,0.6083127,0.4206684594698425,0.44199001152516326,0.6988090664617749,0.36534767575873994,,0,True
BJ920208,10.89,0.46086457,0.46696119861698043,0.39089512101421436,0.5190165194006915,0.2470226661544372,,0,True
BJ920211,87.09,0.32756957,0.4911640414905878,0.5606991932385709,0.7664233576642335,0.7166730695351518,,0,True
BJ920212,10.2300005,0.4412115,0.36150595466769114,0.16961198616980408,0.35151747983096426,0.02746830580099885,,0,True
BJ920220,39.33,0.40563008,0.6747983096427199,0.6407990779869381,0.07894736842105263,0.10968113714944296,,0,True
BJ920222,23.240002,0.6319005,0.5109489051094891,0.14079907798693814,0.42470226661544375,0.0228582404917403,,0,True
BJ920223,12.22,1.3067875,0.7187860161352286,0.6669227814060699,0.4683058009988475,0.09028044563964656,,0,True
BJ920225,15.700001,0.87055266,0.6137149442950441,0.11794083749519785,0.5001920860545525,0.049750288129081825,,0,True
BJ920227,50.600002,0.34692168,0.2339608144448713,0.6813292354975029,0.9865539761813292,0.9600461006530926,量能动量;量能比,2,False
BJ920230,11.209999,0.2445736,0.1742220514790626,0.3290434114483288,0.10641567422205148,0.19804072224356511,,0,True
BJ920247,14.339999,0.35103297,0.3713023434498655,0.27276219746446406,0.7973492124471764,0.7860161352285824,,0,True
BJ920249,8.71,0.40081024,0.42777564348828273,0.6052631578947368,0.2422205147906262,0.344410295812524,,0,True
BJ920252,14.73,0.22545657,0.3213599692662313,0.7264694583173261,0.9927007299270073,0.7087975412985017,量能动量,1,False
BJ920273,17.05,0.6512841,0.6296580868228967,0.3213599692662313,0.15386092969650403,0.0021129466000768342,,0,True
BJ920274,14.7300005,0.24009839,0.3044563964656166,0.13926238955051864,0.6100653092585478,0.020937379946215903,,0,True
BJ920284,17.25,0.44458613,0.5943142527852477,0.9045332308874375,0.9892431809450634,0.6594314252785248,量能波动;量能动量,2,False
BJ920299,13.2,0.2380812,0.15097963887821744,0.13772570111409912,0.3755282366500192,0.043219362274298886,,0,True
BJ920304,8.960001,0.4487549,0.3640030733768728,0.17729542835190165,0.22147522089896274,0.000768344218209758,,0,True
BJ920344,21.03,0.77328753,0.5678063772570111,0.6217825585862466,0.7773722627737226,0.9124087591240876,量能比,1,False
BJ920346,15.070001,0.20646705,0.2086054552439493,0.7358816749903957,0.9796388782174414,0.9706108336534768,量能动量;量能比,2,False
BJ920351,12.18,0.32458085,0.39416058394160586,0.41817134076066076,0.005570495582020745,0.16423357664233576,,0,True
BJ920357,14.829999,0.37107992,0.3146369573568959,0.4936611601997695,0.43161736457933153,0.5977718017671917,,0,True
BJ920367,25.500002,1.3659955,0.6129466000768344,0.6838263542066846,0.03726469458317326,0.49481367652708413,,0,True
BJ920368,22.480001,0.6629198,0.5447560507107184,0.7039953899346908,0.5036496350364964,0.6957356895889358,,0,True
BJ920371,7.0200005,0.7594173,0.5512869765655013,0.38090664617748754,0.021705724164425663,0.0034575489819439107,,0,True
BJ920392,13.339999,0.22109374,0.3180945063388398,0.17748751440645408,0.017479830964271994,0.004802151363810988,,0,True
BJ920394,45.76,0.6886999,0.38897426046869,0.5441797925470611,0.35190165194006917,0.6790242028428736,,0,True
BJ920402,8.01,0.46708727,0.40299654245101807,0.4368036880522474,0.5720322704571648,0.21667306953515175,,0,True
BJ920403,18.730001,1.4487649,0.6976565501344603,0.4189396849788705,0.22646945831732615,0.014406454091432963,,0,True
BJ920415,8.71,0.21137284,0.22454859777180178,0.1060315021129466,0.4863618901267768,0.09296965040338072,,0,True
BJ920418,18.16,0.30464995,0.30676142912024584,0.7487514406454091,0.9855935459085671,0.9473684210526315,量能动量;量能比,2,False
BJ920422,9.19,0.2460115,0.19611986169804072,0.2076450249711871,0.43257779485209374,0.010564733000384172,,0,True
BJ920425,13.9,0.26446167,0.16116019976949675,0.12312716096811371,0.31732616212063003,0.10238186707645025,,0,True
BJ920427,10.52,0.52374935,0.47157126392623894,0.7819823280829812,0.7401075681905493,0.9978870533999231,量能比,1,False
BJ920429,10.100001,0.24905363,0.2349212447176335,0.26892047637341526,0.49635036496350365,0.038993469074145214,,0,True
BJ920438,109.99999,4.8267765,0.7971571263926239,0.779293123319247,0.4938532462543219,0.8165578179024203,量能比,1,False
BJ920445,7.36,0.26257503,0.20610833653476757,0.6344602381867076,0.9456396465616597,0.8699577410679985,量能动量;量能比,2,False
BJ920471,11.219999,0.23501316,0.13580484056857473,0.029965424510180562,0.3891663465232424,0.009028044563964657,,0,True
BJ920476,22.279999,0.282041,0.17921628889742605,0.26431041106415676,0.3668843641951594,0.27007299270072993,,0,True
BJ920478,10.72,0.68433315,0.5487898578563196,0.8993469074145217,0.1225509028044564,0.9888590088359586,量能波动;量能比,2,False
BJ920489,12.030001,0.27096397,0.33595850941221667,0.419131771033423,0.4577410679984633,0.4861698040722244,,0,True
BJ920491,21.01,0.4240968,0.4114483288513254,0.4051094890510949,0.5795236265847099,0.40683826354206687,,0,True
BJ920493,107.61,1.4384193,0.7719938532462544,0.8058009988474837,0.033230887437572035,0.3851325393776412,量能波动,1,False
BJ920505,24.89,0.23948592,0.32366500192086056,0.5537840952746831,0.4187475989243181,0.8196311947752594,量能比,1,False
BJ920509,22.15,0.9810812,0.6715328467153284,0.8749519784863619,0.566845946984249,0.9241260084517864,量能波动;量能比,2,False
BJ920510,19.870003,1.1485521,0.6096811371494429,0.7445255474452555,0.8590088359585094,0.8551671148674607,量能动量;量能比,2,False
BJ920522,18.88,1.0222383,0.8592009220130619,0.9769496734537073,0.9900115251632732,0.7278140606991932,量能水平;量能波动;量能动量,3,False
BJ920526,21.27,0.68461025,0.528812908182866,0.9262389550518633,0.906069919323857,0.990395697272378,量能波动;量能动量;量能比,3,False
BJ920527,14.72,0.22773778,0.13330772185939302,0.06742220514790626,0.34767575873991546,0.019784863618901267,,0,True
BJ920533,16.21,0.513808,0.5691509796388782,0.384172109104879,0.08451786400307337,0.04686899731079524,,0,True
BJ920564,13.469999,0.2840873,0.21667306953515175,0.15001920860545526,0.1361890126776796,0.029773338455628122,,0,True
BJ920571,8.62,2.7347538,0.869765655013446,0.8557433730311179,0.48175182481751827,0.3730311179408375,量能水平;量能波动,2,False
BJ920576,35.96,0.6101819,0.3447944679216289,0.2737226277372263,0.750864387245486,0.452362658470995,,0,True
BJ920592,24.3,1.7412133,0.8695735689588936,0.8453707260852862,0.2767960046100653,0.2675758739915482,量能水平;量能波动,2,False
BJ920593,23.109999,0.3936484,0.4200922013061852,0.3803303880138302,0.812524010756819,0.6492508643872454,量能动量,1,False
BJ920599,17.56,0.48840404,0.33000384172109104,0.35420668459469845,0.6830580099884749,0.29101037264694585,,0,True
BJ920608,13.37,0.24553518,0.22243565117172492,0.039185555128697654,0.06069919323857088,0.0001920860545524395,,0,True
BJ920634,15.419999,0.24724802,0.2873607376104495,0.12524010756819054,0.7262773722627737,0.013061851709565886,,0,True
BJ920640,26.480001,0.93442315,0.5889358432577795,0.7362658470995006,0.9108720706876681,0.8349980791394545,量能动量;量能比,2,False
BJ920642,9.63,0.29953635,0.2691125624279677,0.15021129466000768,0.261813292354975,0.014598540145985401,,0,True
BJ920651,19.769999,0.20352732,0.18747598924318096,0.3244333461390703,0.46196696119861697,0.7892815981559739,,0,True
BJ920662,17.91,0.4053462,0.39147137917787167,0.20245870149827122,0.3446023818670764,0.01824817518248175,,0,True
BJ920693,23.289999,0.20168124,0.23357664233576642,0.40472531694199,0.21628889742604687,0.3778332693046485,,0,True
BJ920699,61.8,0.49421045,0.15962351133307723,0.3866692278140607,0.1736457933154053,0.4323857087975413,,0,True
BJ920701,10.65,0.20839699,0.1819054936611602,0.40703034959661927,0.05474452554744526,0.2305032654629274,,0,True
BJ920706,15.89,0.47447604,0.43315405301575105,0.7614291202458702,0.8895505186323472,0.9091432961966961,量能动量;量能比,2,False
BJ920725,82.7,5.3074107,0.7374183634268152,0.46965040338071457,0.6911256242796773,0.30215136381098734,,0,True
BJ920726,14.76,0.55127186,0.3891663465232424,0.23069535151747983,0.14041490587783326,0.011909335382251248,,0,True
BJ920735,25.099998,0.59243983,0.48252016903572803,0.4542835190165194,0.0914329619669612,0.4782942758355743,,0,True
BJ920748,31.07,1.3033874,0.7224356511717249,0.8953131002689205,0.9700345754898194,0.8438340376488667,量能波动;量能动量;量能比,3,False
BJ920770,9.84,0.40865,0.4800230503265463,0.2625816365731848,0.09277756434882828,0.03361505954667691,,0,True
BJ920779,28.4,0.3391221,0.3716865155589704,0.8966577026507876,0.9961582789089513,0.8326930464848252,量能波动;量能动量;量能比,3,False
BJ920786,6.9900002,1.2004128,0.7001536688436419,0.6719170188244333,0.026123703419131773,0.04840568574721475,,0,True
BJ920790,21.6,0.8864465,0.7120630042258932,0.5528236650019208,0.04802151363810987,0.02650787552823665,,0,True
BJ920799,30.7,1.90402,0.8987706492508644,0.8209757971571264,0.19189396849788706,0.0539761813292355,量能水平;量能波动,2,False
BJ920806,10.01,0.23008364,0.17057241644256627,0.08067614291202459,0.2291586630810603,0.09642719938532462,,0,True
BJ920807,8.83,0.32834077,0.4327698809066462,0.6625048021513638,0.6592393392239724,0.8146369573568959,量能比,1,False
BJ920808,57.1,1.3258861,0.795044179792547,0.6177487514406454,0.5580099884748367,0.13945447560507107,,0,True
BJ920809,6.91,0.57264066,0.32039953899346907,0.42873607376104494,0.8970418747598924,0.5626200537840953,量能动量,1,False
BJ920819,3.05,0.28088418,0.23319247022666154,0.26046868997310796,0.2923549750288129,0.05320783711102574,,0,True
BJ920821,19.890001,1.8787093,0.8469074145217057,0.8202074529389166,0.44928928159815595,0.3058009988474837,量能水平;量能波动,2,False
BJ920826,8.290001,0.58200747,0.4733000384172109,0.28620822128313483,0.051671148674606225,0.0013446023818670765,,0,True
BJ920855,12.81,0.4998596,0.42470226661544375,0.2952362658470995,0.01114099116404149,0.0009604302727621974,,0,True
BJ920866,6.18,0.482583,0.3789857856319631,0.16308106031502112,0.1930464848252017,0.0017287744909719553,,0,True
BJ920873,7.2599993,0.25907326,0.1269688820591625,0.6390703034959662,0.163465232424126,0.9829043411448329,量能比,1,False
BJ920876,15.849999,0.37038937,0.40933538225124855,0.298501728774491,0.25989243180945065,0.01517479830964272,,0,True
BJ920885,11.7300005,0.2750142,0.26046868997310796,0.1955436035343834,0.35036496350364965,0.10315021129466001,,0,True
BJ920892,11.67,0.25185382,0.18939684978870533,0.469842489435267,0.09431425278524778,0.7500960430272762,,0,True
BJ920895,20.8,2.3443654,0.8069535151747983,0.6724932769880907,0.4394928928159816,0.24836726853630425,量能水平,1,False
BJ920924,14.3,0.33118996,0.3478678447944679,0.37860161352285826,0.11640414905877833,0.10180560891279293,,0,True
BJ920942,16.499998,0.2000088,0.25278524779101036,0.1527084133691894,0.7479830964271994,0.058970418747598924,,0,True
BJ920943,13.79,0.22837465,0.20995005762581637,0.12178255858624663,0.10948905109489052,0.033422973492124475,,0,True
BJ920946,10.7,0.61360455,0.4149058778332693,0.33864771417595085,0.5764502497118709,0.5572416442566269,,0,True
BJ920953,22.51,0.44217584,0.42815981559738764,0.30560891279293123,0.46023818670764505,0.1279293123319247,,0,True
BJ920961,21.93,1.1290034,0.6957356895889358,0.9494813676527084,0.7787168651555897,0.9900115251632732,量能波动;量能比,2,False
BJ920964,4.8399997,0.47235364,0.4266231271609681,0.07875528236650019,0.2673837879369958,0.0005762581636573184,,0,True
BJ920970,6.23,0.5483764,0.4483288513253938,0.2149442950441798,0.10026892047637341,0.009796388782174413,,0,True
BJ920971,26.949999,1.1520519,0.7462543219362274,0.7105263157894737,0.9377641183250096,0.8482520169035728,量能动量;量能比,2,False
BJ920976,23.460001,0.35989153,0.25854782942758353,0.43603534383403764,0.8517095658855167,0.30656934306569344,量能动量,1,False
BJ920978,16.9,0.22684897,0.29984633115635806,0.3463311563580484,0.29369957741068,0.46926623127160966,,0,True
BJ920981,28.88,0.6398421,0.4923165578179024,0.6413753361505955,0.21724932769880906,0.7399154821359969,,0,True
BJ920982,128.66,1.1266087,0.8442182097579716,0.9458317326162121,0.9829043411448329,0.9598540145985401,量能水平;量能波动;量能动量;量能比,4,False
SH600000,9.18,6.428092,0.5923933922397234,0.7122550902804456,0.857087975412985,0.6771033422973493,量能动量,1,False
SH600004,7.6099997,0.64111614,0.125432193622743,0.18075297733384557,0.6406069919323857,0.2904341144832885,,0,True
SH600006,5.58,1.2162385,0.1542451018056089,0.7013061851709566,0.9902036112178256,0.9844410295812523,量能动量;量能比,2,False
SH600007,20.35,0.43878725,0.004994237418363427,0.010564733000384172,0.7109104878985786,0.4721475220898963,,0,True
SH600008,2.71,1.8298243,0.6150595466769112,0.29542835190165195,0.7208989627353054,0.32808298117556667,,0,True
SH600009,22.380001,1.5580138,0.16519400691509797,0.10776027660391856,0.7251248559354591,0.3019592777564349,,0,True
SH600010,2.08,6.0714684,0.8106031502112947,0.6263926238955052,0.5610833653476758,0.5800998847483673,量能水平,1,False
SH600011,6.95,4.3360815,0.7197464464079908,0.8814829043411448,0.969842489435267,0.7445255474452555,量能波动;量能动量,2,False
SH600012,15.469999,0.88296056,0.006723011909335382,0.001920860545524395,0.11582789089512101,0.11217825585862466,,0,True
SH600015,6.21,5.302202,0.5543603534383403,0.4752208989627353,0.39320015366884364,0.08509412216673069,,0,True
SH600016,3.47,9.174066,0.6578947368421053,0.18593930080676144,0.6703803303880138,0.23703419131771034,,0,True
SH600017,2.81,0.9157252,0.361890126776796,0.17249327698809067,0.6542451018056089,0.34748367268536307,,0,True
SH600018,5.4300003,3.0794573,0.6494429504417979,0.3930080676142912,0.7408759124087592,0.23280829811755666,,0,True
SH600019,5.85,5.1591973,0.7145601229350749,0.6238955051863234,0.860161352285824,0.5153668843641952,量能动量,1,False
SH600020,3.83,0.48269707,0.07837111025739531,0.10948905109489052,0.5178640030733769,0.530157510564733,,0,True
SH600021,12.780001,3.5733807,0.5608912792931233,0.43027276219746446,0.4256626968882059,0.12235881674990395,,0,True
SH600022,1.3,1.1560851,0.5528236650019208,0.7201306185170957,0.838263542066846,0.8040722243565117,量能动量;量能比,2,False
SH600023,5.1800003,2.4843016,0.8050326546292739,0.757395313100269,0.6502112946600077,0.48905109489051096,量能水平,1,False
SH600025,9.78,2.8192167,0.4577410679984633,0.3924318094506339,0.7385708797541298,0.6794083749519785,,0,True
SH600026,20.269999,16.206688,0.7610449481367653,0.6796004610065309,0.5132539377641183,0.46331156358048403,,0,True
SH600027,4.86,3.483203,0.6870918171340761,0.4944295044179793,0.8734152900499423,0.4206684594698425,量能动量,1,False
SH600028,5.2799997,11.626692,0.7975412985017287,0.687475989243181,0.6724932769880907,0.6557817902420284,,0,True
SH600029,4.84,2.3495233,0.6114099116404149,0.517479830964272,0.20437956204379562,0.40703034959661927,,0,True
SH600030,25.82,24.45326,0.4323857087975413,0.29984633115635806,0.7230119093353823,0.28275067230119094,,0,True
SH600031,17.060001,12.8839245,0.13446023818670763,0.06262005378409527,0.512677679600461,0.44928928159815595,,0,True
SH600032,8.17,2.1112463,0.6963119477525932,0.9039569727237803,0.9854014598540146,0.8019592777564348,量能波动;量能动量;量能比,3,False
SH600033,3.62,1.199516,0.17575873991548213,0.4796388782174414,0.7159047253169419,0.8065693430656934,量能比,1,False
SH600035,3.68,0.51011515,0.0933538225124856,0.03572800614675375,0.8903188628505571,0.30176719170188243,量能动量,1,False
SH600036,40.510002,25.140644,0.5756819054936612,0.24932769880906647,0.6267767960046101,0.2742988859008836,,0,True
SH600037,7.06,1.1208495,0.49961582789089515,0.33038801383019595,0.5570495582020746,0.5754898194391087,,0,True
SH600038,26.6,1.3525218,0.1523242412600845,0.10026892047637341,0.39377641183250095,0.13830195927775643,,0,True
SH600039,8.69,1.8068649,0.02324241260084518,0.015943142527852477,0.8515174798309643,0.3724548597771802,量能动量,1,False
SH600048,5.84,11.627574,0.7418363426815213,0.8578563196311948,0.631578947368421,0.8709181713407607,量能波动;量能比,2,False
SH600050,4.17,4.5497937,0.7445255474452555,0.45793315405301577,0.8657318478678447,0.5263157894736842,量能动量,1,False
SH600051,6.3899994,0.2724946,0.059354590856703804,0.042066845946984247,0.8511333077218594,0.5547445255474452,量能动量,1,False
SH600052,3.8000002,0.49854705,0.6154437187860161,0.45255474452554745,0.766615443718786,0.4028044563964656,,0,True
SH600054,10.53,1.1512165,0.17691125624279677,0.07837111025739531,0.17134076066077603,0.01536688436419516,,0,True
SH600055,10.420001,0.49043772,0.005186323472915867,0.033230887437572035,0.21571263926238954,0.7218593930080676,,0,True
SH600056,8.78,0.73060447,0.012293507491356128,0.000768344218209758,0.33192470226661547,0.5639646561659624,,0,True
SH600057,6.0,1.2700651,0.4273914713791779,0.3401844026123703,0.3336534767575874,0.16173645793315405,,0,True
SH600058,8.559999,0.63331294,0.12408759124087591,0.23011909335382252,0.9356511717249327,0.9387245485977718,量能动量;量能比,2,False
SH600059,11.15,7.1330748,0.776219746446408,0.641567422205148,0.8023434498655397,0.9454475605071072,量能动量;量能比,2,False
SH600060,27.229998,2.3390102,0.0895121014214368,0.17767960046100653,0.04936611601997695,0.3361505954667691,,0,True
SH600061,6.1499996,2.018828,0.20630042258932002,0.16634652324241261,0.5023050326546292,0.35209373799462157,,0,True
SH600062,15.92,0.7499478,0.007107184018440261,0.008451786400307337,0.3092585478294276,0.6665386092969651,,0,True
SH600063,5.35,1.6575189,0.14752208989627352,0.3223203995389935,0.04552439492892816,0.7942758355743373,,0,True
SH600064,7.75,1.1763533,0.06626968882059163,0.058202074529389164,0.8219362274298886,0.4882827506723012,量能动量,1,False
SH600066,26.340002,5.7448325,0.005762581636573185,0.029773338455628122,0.08490203611217825,0.8073376872839032,量能比,1,False
SH600067,2.62,0.6323254,0.08298117556665387,0.14636957356895888,0.7675758739915483,0.8624663849404534,量能比,1,False
SH600071,16.24,0.41384247,0.008643872454859777,0.0155589704187476,0.17960046100653093,0.21686515558970418,,0,True
SH600072,8.82,1.8079615,0.40107568190549364,0.2785247791010373,0.4183634268152132,0.20879754129850173,,0,True
SH600073,5.4799995,0.638962,0.2222435651171725,0.10295812524010757,0.4955820207452939,0.160391855551287,,0,True
SH600075,4.52,1.1253061,0.3507491356127545,0.02746830580099885,0.48252016903572803,0.0374567806377257,,0,True
SH600076,2.14,0.99606013,0.8340376488666923,0.732039953899347,0.029004994237418362,0.42815981559738764,量能水平,1,False
SH600078,9.78,1.5514576,0.18171340760660776,0.09469842489435266,0.50787552823665,0.08394160583941605,,0,True
SH600079,18.83,1.2844881,0.008835958509412217,0.027852477910103726,0.5710718401844026,0.588743757203227,,0,True
SH600081,10.81,0.32282904,0.014406454091432963,0.14829043411448328,0.9727237802535535,0.9368036880522475,量能动量;量能比,2,False
SH600082,3.3500001,0.27583495,0.08144448713023435,0.14656165962351134,0.9089512101421436,0.8179024202842874,量能动量;量能比,2,False
SH600085,23.300001,0.91251045,0.006338839800230503,0.01920860545524395,0.11313868613138686,0.3780253553592009,,0,True
SH600088,13.339998,4.1965313,0.7602766039185556,0.80945063388398,0.24106799846331156,0.4811755666538609,量能波动,1,False
SH600089,17.15,9.005924,0.19996158278908951,0.3107952362658471,0.6317710334229735,0.47368421052631576,,0,True
SH600094,4.1299996,1.0069569,0.7414521705724164,0.4888590088359585,0.8582404917402997,0.8517095658855167,量能动量;量能比,2,False
SH600095,8.86,6.295306,0.948905109489051,0.8645793315405301,0.4162504802151364,0.15597387629658085,量能水平;量能波动,2,False
SH600096,27.32,8.408571,0.5405301575105648,0.32712255090280445,0.3000384172109105,0.03419131771033423,,0,True
SH600097,9.29,0.5436392,0.18632347291586632,0.07011140991164042,0.395121014214368,0.03553592009220131,,0,True
SH600098,6.2,1.2398894,0.3330772185939301,0.20380330388013831,0.49731079523626587,0.19131771033422973,,0,True
SH600099,9.41,0.286138,0.02746830580099885,0.023626584709950056,0.9308490203611218,0.6183250096043027,量能动量,1,False
SH600100,6.5099998,1.3263175,0.4867460622358817,0.6098732232039954,0.6600076834421821,0.6972723780253554,,0,True
SH600101,7.7799997,1.2103631,0.3008067614291203,0.23876296580868228,0.2203227045716481,0.049942374183634265,,0,True
SH600103,3.41,12.061826,0.957164809834806,0.7618132923549751,0.10103726469458317,0.016519400691509797,量能水平,1,False
SH600104,10.71,6.6269436,0.47022666154437187,0.11736457933154053,0.733384556281214,0.0749135612754514,,0,True
SH600105,37.0,53.154636,0.846139070303496,0.6926623127160968,0.6125624279677295,0.30676142912024584,量能水平,1,False
SH600106,4.4500003,0.5690993,0.03707260852862082,0.08355743373031117,0.9452554744525548,0.6392623895505186,量能动量,1,False
SH600108,3.8700001,13.0291605,0.9216288897426047,0.8634268152132155,0.06934306569343066,0.08067614291202459,量能水平;量能波动,2,False
SH600109,8.08,1.8566432,0.11563580484056857,0.12620053784095275,0.28044563964656166,0.3645793315405302,,0,True
SH600110,11.18,19.458712,0.8036880522474068,0.7660391855551287,0.0968113714944295,0.41087207068766807,量能水平,1,False
SH600111,35.41,11.652697,0.09104878985785632,0.20495582020745293,0.10430272762197465,0.5687668075297734,,0,True
SH600113,27.860003,1.7490216,0.03073376872839032,0.01517479830964272,0.246062235881675,0.06723011909335382,,0,True
SH600114,25.37,3.7617729,0.14329619669611987,0.1565501344602382,0.4460238186707645,0.22973492124471764,,0,True
SH600115,3.32,5.3099113,0.9387245485977718,0.8653476757587399,0.3129081828659239,0.41317710334229735,量能水平;量能波动,2,False
SH600116,6.08,0.75255805,0.08739915482135997,0.009604302727621975,0.5925854782942759,0.3647714175950826,,0,True
SH600117,2.16,0.326755,0.41759508259700345,0.5987322320399538,0.655589704187476,0.758739915482136,,0,True
SH600118,55.27,11.412616,0.08682289665770265,0.15693430656934307,0.23857087975412986,0.630234344986554,,0,True
SH600120,4.63,1.4984928,0.10315021129466001,0.05436035343834038,0.46043027276219745,0.19573568958893584,,0,True
SH600121,5.33,10.871809,0.9940453323088744,0.9500576258163658,0.9510180560891279,0.5420668459469843,量能水平;量能波动;量能动量,3,False
SH600123,6.81,1.5746971,0.08778332693046485,0.06473300038417211,0.40760660776027663,0.2952362658470995,,0,True
SH600125,5.22,0.48773685,0.042066845946984247,0.012869765655013446,0.4832885132539378,0.21263926238955053,,0,True
SH600126,5.9900002,2.164697,0.3378793699577411,0.3837879369957741,0.6071840184402613,0.44967345370726086,,0,True
SH600127,13.360002,30.462147,0.97637341529005,0.9854014598540146,0.6064156742220514,0.3962735305416827,量能水平;量能波动,2,False
SH600128,8.64,0.3127049,0.039185555128697654,0.02228198232808298,0.7205147906262005,0.37879369957741066,,0,True
SH600129,13.19,1.166341,0.32808298117556667,0.3257779485209374,0.1580868228966577,0.5852862082212832,,0,True
SH600130,4.5899997,1.1000477,0.6893968497887053,0.6628889742604687,0.3384556281213984,0.4932769880906646,,0,True
SH600131,13.99,0.83246064,0.050134460238186705,0.08086822896657703,0.5733768728390319,0.3956972723780254,,0,True
SH600132,37.260002,1.0266787,0.014790626200537841,0.019784863618901267,0.5583941605839416,0.46907414521705726,,0,True
SH600133,7.79,0.8397389,0.25835574337303113,0.11928543987706493,0.7681521321552055,0.40875912408759124,,0,True
SH600135,7.54,0.74753445,0.5226661544371879,0.4473684210526316,0.11698040722243565,0.600076834421821,,0,True
SH600137,18.259998,0.23596364,0.018056089127929314,0.0024971187091817133,0.8134844410295813,0.6663465232424126,量能动量,1,False
SH600138,6.9399996,0.7982608,0.27122550902804454,0.2208989627353054,0.17710334229734923,0.043603534383403766,,0,True
SH600141,26.5,6.9059725,0.4517864003073377,0.1892047637341529,0.9039569727237803,0.2879369957741068,量能动量,1,False
SH600143,12.740001,2.7340596,0.043795620437956206,0.1244717633499808,0.35977718017671917,0.5818286592393392,,0,True
SH600148,15.92,0.45940053,0.08163657318478679,0.044179792547061086,0.3789857856319631,0.06069919323857088,,0,True
SH600149,5.14,0.3964668,0.09930849020361122,0.090472531694199,0.8663081060315021,0.5059546676911256,量能动量,1,False
SH600150,38.949997,50.34143,0.8620822128313484,0.6250480215136381,0.5145985401459854,0.15405301575105648,量能水平,1,False
SH600151,9.14,1.9266008,0.3563196311947753,0.23223203995389935,0.31271609681137147,0.30945063388398003,,0,True
SH600152,8.32,1.0192881,0.4391087207068767,0.7904341144832885,0.981175566653861,0.8582404917402997,量能动量;量能比,2,False
SH600153,8.65,1.7884178,0.06530925854782943,0.08048405685747215,0.7547061083365347,0.5704955820207452,,0,True
SH600155,5.92,1.7337372,0.7260852862082213,0.7266615443718786,0.05685747214752209,0.4577410679984633,,0,True
SH600156,8.170001,1.7530936,0.6331156358048405,0.8791778716865155,0.9531310026892048,0.9723396081444488,量能波动;量能动量;量能比,3,False
SH600157,1.4500002,5.4569893,0.916058394160584,0.931809450633884,0.7839031886285056,0.5735689588935843,量能水平;量能波动,2,False
SH600158,6.98,1.6400313,0.3200153668843642,0.029389166346523242,0.5003841721091049,0.17864003073376872,,0,True
SH600159,2.8300002,0.6927055,0.43545908567038033,0.24798309642719937,0.7969650403380715,0.2009220130618517,,0,True
SH600160,33.100002,8.55807,0.1371494429504418,0.18459469842489434,0.8228966577026507,0.80157510564733,量能动量;量能比,2,False
SH600161,12.12,1.2144024,0.042835190165194006,0.059354590856703804,0.142912024587015,0.5005762581636574,,0,True
SH600162,4.3199997,6.910358,0.665194006915098,0.69842489435267,0.4654245101805609,0.3593930080676143,,0,True
SH600163,5.55,4.2564173,0.8711102573953131,0.8722627737226277,0.42585478294275836,0.7051479062620054,量能水平;量能波动,2,False
SH600165,3.25,0.5930567,0.1892047637341529,0.4245101805608913,0.5827890895121014,0.704571648098348,,0,True
SH600166,2.7599998,2.448375,0.4823280829811756,0.08451786400307337,0.8040722243565117,0.27698809066461777,量能动量,1,False
SH600167,5.52,0.4300531,0.024202842873607376,0.009028044563964657,0.5247791010372647,0.12639262389550518,,0,True
SH600168,4.3799996,0.20457362,0.05551286976565501,0.04494813676527084,0.7472147522089896,0.5593545908567038,,0,True
SH600169,2.18,0.21273412,0.013446023818670765,0.04744525547445255,0.6938148290434114,0.1692278140606992,,0,True
SH600170,2.21,2.8646796,0.38052247406838263,0.41701882443334615,0.5426431041106415,0.7174414137533615,,0,True
SH600171,22.14,1.8557618,0.49980791394544755,0.4821359969266231,0.29004994237418363,0.615827890895121,,0,True
SH600172,14.9,37.6322,0.9414137533615059,0.6903572800614676,0.8338455628121398,0.4583173261621206,量能水平;量能动量,2,False
SH600173,5.930001,0.2612976,0.025163273146369573,0.043987706492508646,0.8789857856319632,0.6872839031886285,量能动量,1,False
SH600176,39.690002,104.96747,0.4892431809450634,0.42374183634268153,0.1498271225509028,0.27449097195543604,,0,True
SH600177,8.330001,2.051074,0.017864003073376874,0.021705724164425663,0.6165962351133307,0.2558586246638494,,0,True
SH600178,9.919999,0.803438,0.19727237802535535,0.6081444487130234,0.9871302343449866,0.8980023050326547,量能动量;量能比,2,False
SH600179,4.3500004,1.3141874,0.5111409911640414,0.28006146753745675,0.7047637341529005,0.3325009604302728,,0,True
SH600180,1.5000001,0.3806524,0.7850557049558202,0.5860545524394929,0.32558586246638493,0.06511717249327699,,0,True
SH600183,132.98001,93.71945,0.42239723396081447,0.27449097195543604,0.2746830580099885,0.18747598924318096,,0,True
SH600184,18.119999,6.4403186,0.5897041874759893,0.5789473684210527,0.03515174798309643,0.19938532462543218,,0,True
SH600185,4.77,2.5070276,0.6945831732616212,0.25701114099116407,0.3761044948136765,0.029581252401075682,,0,True
SH600186,11.570001,30.18579,0.9635036496350365,0.9596619285439877,0.8737994621590472,0.6913177103342297,量能水平;量能波动;量能动量,3,False
SH600187,1.2399999,0.20679802,0.2669996158278909,0.15097963887821744,0.41317710334229735,0.40049942374183634,,0,True
SH600188,19.259998,8.890371,0.1717249327698809,0.08643872454859777,0.30829811755666536,0.10718401844026124,,0,True
SH600189,9.010001,1.2216281,0.30618517095658854,0.7143680368805225,0.8837879369957741,0.9667691125624279,量能动量;量能比,2,False
SH600191,8.74,1.0937444,0.3628505570495582,0.4031886285055705,0.11601997694967345,0.16308106031502112,,0,True
SH600192,7.25,1.7164459,0.6897810218978102,0.6959277756434883,0.2856319631194775,0.16192854398770648,,0,True
SH600195,6.6399994,0.51053345,0.024587014982712256,0.032462543219362275,0.3472915866308106,0.2652708413369189,,0,True
SH600196,23.39,3.9099412,0.1726853630426431,0.3574721475220899,0.6248559354590857,0.8908951210142144,量能比,1,False
SH600197,9.18,0.42163965,0.02631578947368421,0.26930464848252017,0.18632347291586632,0.7099500576258163,,0,True
SH600198,7.27,1.6852949,0.8974260468689973,0.77794852093738,0.26277372262773724,0.09950057625816365,量能水平,1,False
SH600199,6.8899994,1.5981784,0.3603534383403765,0.48751440645409144,0.35382251248559354,0.7003457548981944,,0,True
SH600201,11.429999,1.202765,0.010564733000384172,0.006723011909335382,0.43315405301575105,0.5918171340760661,,0,True
SH600202,5.2400002,0.2798757,0.043027276219746446,0.029004994237418362,0.8029197080291971,0.5564733000384172,量能动量,1,False
SH600203,9.890001,2.5854645,0.6375336150595466,0.26623127160968113,0.5457164809834806,0.05724164425662697,,0,True
SH600206,49.700005,37.33109,0.9368036880522475,0.9225893200153669,0.8407606607760276,0.7105263157894737,量能水平;量能波动;量能动量,3,False
SH600207,5.4800005,1.9069648,0.8845562812139839,0.9563964656165962,0.954091432961967,0.9552439492892816,量能水平;量能波动;量能动量;量能比,4,False
SH600208,2.9,2.0181897,0.7024587014982713,0.6807529773338455,0.8263542066845947,0.8599692662312716,量能动量;量能比,2,False
SH600210,6.26,0.89579225,0.0612754514022282,0.06281213983864771,0.7702650787552824,0.1990011525163273,,0,True
SH600211,35.760002,0.9001648,0.03572800614675375,0.09892431809450634,0.5572416442566269,0.5693430656934306,,0,True
SH600212,5.7100005,0.6063964,0.27449097195543604,0.5259316173645794,0.8803303880138302,0.8419131771033423,量能动量;量能比,2,False
SH600215,6.31,0.37291527,0.28236650019208603,0.32769880906646176,0.9544756050710719,0.7276219746446408,量能动量,1,False
SH600216,12.18,1.597284,0.09124087591240876,0.07817902420284287,0.20265078755282367,0.31348444102958123,,0,True
SH600217,3.2600002,0.41960856,0.08528620822128313,0.06780637725701114,0.4771417595082597,0.23453707260852863,,0,True
SH600218,7.9199996,0.77378577,0.43161736457933153,0.798501728774491,0.025355359200922013,0.9631194775259316,量能比,1,False
SH600219,4.62,6.0293894,0.7487514406454091,0.5891279293123319,0.7531694199001152,0.2097579715712639,,0,True
SH600221,1.2099999,2.4412167,0.8893584325777949,0.916058394160584,0.20341913177103343,0.7917787168651556,量能水平;量能波动,2,False
SH600222,7.87,1.3657782,0.47368421052631576,0.5766423357664233,0.4110641567422205,0.652132155205532,,0,True
SH600223,5.66,0.4189408,0.2652708413369189,0.15597387629658085,0.39665770265078754,0.6108336534767576,,0,True
SH600226,5.32,4.8214545,0.384172109104879,0.36880522474068383,0.48040722243565115,0.6680752977333846,,0,True
SH600227,3.8099997,10.566873,0.9437187860161352,0.9446792162888974,0.36995774106799845,0.22800614675374567,量能水平;量能波动,2,False
SH600228,10.180001,3.7075145,0.6757587399154822,0.5439877064925086,0.417402996542451,0.5169035728006147,,0,True
SH600229,5.85,0.81195587,0.5232424126008451,0.4727237802535536,0.3467153284671533,0.22205147906262004,,0,True
SH600230,13.179999,1.908799,0.4231655781790242,0.788897426046869,0.9736842105263158,0.9521705724164425,量能动量;量能比,2,False
SH600231,1.6500001,0.43534747,0.11486746062235882,0.6338839800230504,0.9529389166346524,0.975989243180945,量能动量;量能比,2,False
SH600232,6.8100004,0.40679157,0.1434882827506723,0.5714560122935075,0.9827122550902805,0.9477525931617364,量能动量;量能比,2,False
SH600233,18.0,4.26937,0.5009604302727622,0.4567806377257011,0.2973492124471763,0.47195543603534384,,0,True
SH600234,19.63,0.80401194,0.15923933922397235,0.1123703419131771,0.48424894352669995,0.09700345754898194,,0,True
SH600235,5.96,0.26539105,0.14905877833269304,0.18248175182481752,0.879369957741068,0.6488666922781406,量能动量,1,False
SH600236,9.179999,1.2591625,0.1367652708413369,0.22454859777180178,0.9243180945063388,0.20207452938916634,量能动量,1,False
SH600237,9.03,4.498469,0.858432577794852,0.9296965040338071,0.7257011140991164,0.7835190165194007,量能水平;量能波动,2,False
SH600239,1.43,0.20716485,0.030157510564733002,0.13292354975028814,0.4700345754898194,0.8253937764118325,量能比,1,False
SH600241,8.84,0.35698405,0.24990395697272377,0.837879369957741,0.9936611601997695,0.9688820591625048,量能波动;量能动量;量能比,3,False
SH600243,3.6399999,0.2042592,0.45927775643488283,0.6279293123319247,0.6494429504417979,0.9010756819054937,量能比,1,False
SH600246,13.13,14.550269,0.7548981943910872,0.8490203611217826,0.4193238570879754,0.795044179792547,量能波动,1,False
SH600248,2.82,0.48039007,0.4988474836726854,0.21955436035343834,0.6167883211678832,0.49596619285439875,,0,True
SH600249,5.36,0.59862083,0.1828659239339224,0.11006530925854784,0.15290049942374184,0.08643872454859777,,0,True
SH600250,8.82,1.676952,0.615827890895121,0.3780253553592009,0.13004225893200153,0.016135228582404917,,0,True
SH600251,9.769999,3.2773774,0.1897810218978102,0.2844794467921629,0.8766807529773338,0.10833653476757588,量能动量,1,False
SH600252,2.17,1.119569,0.10257395313100269,0.0622358816749904,0.5409143296196696,0.6853630426431041,,0,True
SH600255,3.3799999,4.3598347,0.8930080676142912,0.7322320399538993,0.18766807529773338,0.06108336534767576,量能水平,1,False
SH600256,6.6800003,9.726929,0.3169419900115252,0.35382251248559354,0.7195543603534383,0.2733384556281214,,0,True
SH600257,5.4500003,1.0239534,0.3079139454475605,0.2184018440261237,0.3325009604302728,0.11717249327698809,,0,True
SH600258,11.01,2.0377398,0.6965040338071457,0.7475989243180945,0.2702650787552824,0.18613138686131386,,0,True
SH600259,74.2,5.454355,0.5906646177487515,0.5564733000384172,0.2518248175182482,0.5316941990011526,,0,True
SH600261,3.2699997,0.6556939,0.03860929696504034,0.14118325009604302,0.004802151363810988,0.8346139070303495,量能比,1,False
SH600262,14.53,0.7759068,0.18248175182481752,0.20265078755282367,0.11160199769496734,0.21475220898962735,,0,True
SH600266,4.4800005,1.6990831,0.4241260084517864,0.6786400307337688,0.8106031502112947,0.9079907798693815,量能动量;量能比,2,False
SH600267,11.43,2.2797453,0.4498655397618133,0.296772954283519,0.13407606607760278,0.6824817518248175,,0,True
SH600268,9.99,1.055717,0.1235113330772186,0.2929312331924702,0.4533230887437572,0.4911640414905878,,0,True
SH600269,3.76,0.6730418,0.08720706876680753,0.033422973492124475,0.7178255858624664,0.12043795620437957,,0,True
SH600271,6.6499996,0.65129817,0.03361505954667691,0.010180560891279293,0.6304264310411064,0.5122935074913562,,0,True
SH600272,14.99,5.0938582,0.9145217057241645,0.9329619669611986,0.23165578179024202,0.7038033038801383,量能水平;量能波动,2,False
SH600273,6.13,0.85728943,0.2489435266999616,0.16192854398770648,0.26431041106415676,0.16903572800614675,,0,True
SH600276,45.62,26.137354,0.11505954667691126,0.24587014982712255,0.48520937379946216,0.5685747214752209,,0,True
SH600278,6.53,0.32925883,0.23684210526315788,0.2066845946984249,0.7226277372262774,0.5345754898194391,,0,True
SH600279,4.2700005,0.33607823,0.19573568958893584,0.08259700345754899,0.6859393008067615,0.2164809834805993,,0,True
SH600280,3.0,2.0379586,0.5453323088743757,0.23261621206300423,0.18862850557049557,0.020361121782558587,,0,True
SH600281,4.7099996,0.70272505,0.6073761044948137,0.9150979638878217,0.58739915482136,0.9577410679984633,量能波动;量能比,2,False
SH600282,4.4300003,1.6350981,0.19496734537072608,0.19189396849788706,0.2781406069919324,0.6137149442950441,,0,True
SH600283,8.0,0.2535383,0.041682673837879367,0.025931617364579333,0.677487514406454,0.14464079907798694,,0,True
SH600284,5.1,0.5469709,0.14809834805993086,0.20399538993469074,0.8177103342297349,0.5622358816749904,量能动量,1,False
SH600285,18.69,0.9405564,0.015751056473300037,0.04859777180176719,0.3713023434498655,0.4456396465616596,,0,True
SH600288,10.51,1.6487887,0.6379177871686516,0.47291586630810606,0.495197848636189,0.13446023818670763,,0,True
SH600292,11.13,0.933828,0.3019592777564349,0.3495966192854399,0.12658470995005763,0.49923165578179024,,0,True
SH600295,12.84,1.410346,0.11813292354975029,0.09796388782174414,0.6588551671148675,0.16019976949673453,,0,True
SH600298,37.300003,2.57241,0.0977718017671917,0.3136765270841337,0.9175950825970035,0.8184786784479446,量能动量;量能比,2,False
SH600299,8.07,2.797153,0.7241644256626969,0.7036112178255859,0.444487130234345,0.422205147906262,,0,True
SH600300,3.05,1.0815415,0.4594698424894353,0.37668075297733383,0.4229734921244718,0.20303495966192855,,0,True
SH600302,6.7700005,0.34482265,0.1959277756434883,0.16596235113330773,0.35824049174029965,0.2529773338455628,,0,True
SH600303,3.06,0.8589419,0.4994237418363427,0.6417595082597003,0.059930849020361124,0.8194391087207069,量能比,1,False
SH600305,6.67,0.46638,0.017479830964271994,0.040914329619669614,0.3440261237034191,0.5804840568574722,,0,True
SH600307,1.46,0.65043926,0.44083749519784865,0.6711486746062236,0.6133307721859393,0.7693046484825201,,0,True
SH600308,3.2500002,0.3908517,0.06415674222051479,0.42815981559738764,0.000768344218209758,0.8503649635036497,量能比,1,False
SH600309,67.66,22.128994,0.09162504802151364,0.1609681137149443,0.7608528620822128,0.49289281598155976,,0,True
SH600310,4.56,3.0383477,0.6135228582404917,0.46696119861698043,0.9316173645793315,0.20514790626200538,量能动量,1,False
SH600312,19.95,2.8989341,0.2500960430272762,0.525355359200922,0.9525547445255474,0.5812524010756819,量能动量,1,False
SH600313,6.4500003,7.346687,0.8997310795236266,0.6805608912792931,0.06799846331156358,0.0072992700729927005,量能水平,1,False
SH600315,17.7,1.3621525,0.09393008067614292,0.01882443334613907,0.3551671148674606,0.26834421820975796,,0,True
SH600316,32.84,4.1281114,0.4124087591240876,0.3657318478678448,0.25662696888205916,0.14694583173261622,,0,True
SH600318,6.8499994,3.433736,0.7773722627737226,0.5,0.040914329619669614,0.005186323472915867,,0,True
SH600319,6.2999997,0.26147947,0.2864003073376873,0.20995005762581637,0.7007299270072993,0.4679216288897426,,0,True
SH600320,4.02,1.5710328,0.20361121782558586,0.16941990011525163,0.5918171340760661,0.4212447176334998,,0,True
SH600322,2.79,0.70070493,0.5647330003841721,0.5724164425662697,0.7470226661544372,0.8280829811755667,量能比,1,False
SH600323,29.140001,1.2433167,0.031310026892047635,0.05243949289281598,0.41432961966961196,0.3860929696504034,,0,True
SH600325,2.9499998,2.7443612,0.6546292739147138,0.7879369957741068,0.8084902036112178,0.9462159047253169,量能动量;量能比,2,False
SH600326,6.6300006,1.6676507,0.2485593545908567,0.6465616596235113,0.6227429888590088,0.7958125240107569,,0,True
SH600327,3.8500001,0.6705132,0.05243949289281598,0.0676142912024587,0.36496350364963503,0.26892047637341526,,0,True
SH600328,5.59,1.0472163,0.40049942374183634,0.17210910487898579,0.08182865923933923,0.09565885516711486,,0,True
SH600329,34.6,0.5898852,0.022089896273530543,0.003073376872839032,0.4467921628889743,0.5257395313100269,,0,True
SH600330,27.839998,27.330175,0.952362658470995,0.9001152516327314,0.319054936611602,0.4189396849788705,量能水平;量能波动,2,False
SH600331,11.650001,4.4452286,0.39223972339608143,0.2529773338455628,0.09258547829427584,0.211102573953131,,0,True
SH600332,19.400002,1.146507,0.30426431041106416,0.13657318478678449,0.2852477910103726,0.2197464464079908,,0,True
SH600333,6.73,0.839742,0.44141375336150596,0.1897810218978102,0.6156358048405686,0.1415674222051479,,0,True
SH600335,5.21,0.5661787,0.1940069150979639,0.3008067614291203,0.6106415674222051,0.4124087591240876,,0,True
SH600336,6.3300004,0.59428006,0.24375720322704572,0.017671917018824434,0.48309642719938534,0.039569727237802534,,0,True
SH600337,3.7,0.6127732,0.24836726853630425,0.42239723396081447,0.9344986553976181,0.9861698040722243,量能动量;量能比,2,False
SH600338,11.929999,3.4614947,0.8374951978486362,0.19611986169804072,0.7585478294275836,0.3084902036112178,量能水平,1,False
SH600339,3.21,1.5987567,0.8438340376488667,0.600076834421821,0.3860929696504034,0.2741067998463312,量能水平,1,False
SH600340,1.3699999,0.7957978,0.11390703034959662,0.5872070687668075,0.9734921244717634,0.9880906646177487,量能动量;量能比,2,False
SH600343,19.159998,6.7562613,0.6790242028428736,0.7746830580099885,0.5593545908567038,0.8580484056857473,量能比,1,False
SH600345,47.059998,6.206366,0.8647714175950826,0.8154053015751056,0.46254321936227427,0.23645793315405303,量能水平;量能波动,2,False
SH600346,15.910001,5.4930215,0.32827506723011907,0.1974644640799078,0.8634268152132155,0.6955436035343834,量能动量,1,False
SH600348,8.72,2.9055285,0.04610065309258548,0.03476757587399155,0.7483672685363043,0.16461774875144064,,0,True
SH600350,9.96,1.283334,0.0622358816749904,0.017864003073376874,0.26776796004610065,0.12773722627737227,,0,True
SH600351,6.7000003,1.265123,0.18056089127929312,0.20649250864387245,0.33326930464848253,0.5762581636573185,,0,True
SH600352,12.1,5.863748,0.10641567422205148,0.25566653860929694,0.090472531694199,0.2787168651555897,,0,True
SH600353,29.3,18.128044,0.5307337687283903,0.5708797541298501,0.33384556281213984,0.6171724932769881,,0,True
SH600354,8.96,12.382267,0.9442950441797926,0.8870533999231656,0.12639262389550518,0.176142912024587,量能水平;量能波动,2,False
SH600356,10.42,1.4986268,0.7704571648098348,0.9364195159431425,0.9441029581252401,0.9775259316173646,量能波动;量能动量;量能比,3,False
SH600358,5.76,0.49564224,0.271417595082597,0.8188628505570495,0.9898194391087207,0.9859777180176719,量能波动;量能动量;量能比,3,False
SH600359,7.2500005,4.2545094,0.8657318478678447,0.8762965808682289,0.6638494045332309,0.20111409911640415,量能水平;量能波动,2,False
SH600360,11.31,7.112077,0.7896657702650788,0.7005378409527468,0.6219746446407991,0.838263542066846,量能比,1,False
SH600361,3.4699998,1.2783952,0.5981559738762966,0.2547061083365348,0.8240491740299655,0.35708797541298504,量能动量,1,False
SH600362,41.740005,26.300077,0.6974644640799078,0.6490587783326931,0.5482135996926624,0.15059546676911256,,0,True
SH600366,10.76,2.2065258,0.2612370341913177,0.3801383019592778,0.14848252016903574,0.4838647714175951,,0,True
SH600367,34.59,12.377733,0.8734152900499423,0.8632347291586631,0.11198616980407222,0.614483288513254,量能水平;量能波动,2,False
SH600368,4.1200004,1.2293427,0.3524779101037265,0.3434498655397618,0.5372646945831733,0.2276219746446408,,0,True
SH600369,3.91,1.2649335,0.5466769112562428,0.38935843257779484,0.6275451402228198,0.34421820975797157,,0,True
SH600370,1.45,0.2111211,0.08893584325777948,0.1098732232039954,0.0549366116019977,0.30810603150211296,,0,True
SH600371,12.840001,10.80778,0.855359200922013,0.8883980023050326,0.1323472915866308,0.41759508259700345,量能水平;量能波动,2,False
SH600372,11.150001,3.4462996,0.6723011909335382,0.5028812908182866,0.452362658470995,0.17076450249711872,,0,True
SH600373,7.54,1.1058959,0.14368036880522475,0.3029197080291971,0.8175182481751825,0.8056089127929312,量能动量;量能比,2,False
SH600375,3.6599998,0.7514124,0.6680752977333846,0.4832885132539378,0.527084133691894,0.24490971955436036,,0,True
SH600376,3.39,2.0037622,0.7449097195543604,0.9110641567422205,0.9041490587783327,0.9076066077602766,量能波动;量能动量;量能比,3,False
SH600377,12.93,1.3023875,0.08067614291202459,0.09277756434882828,0.5670380330388014,0.5679984633115636,,0,True
SH600378,41.750004,27.239418,0.9289281598155974,0.7848636189012678,0.2149442950441798,0.06742220514790626,量能水平,1,False
SH600379,14.180001,1.861783,0.3223203995389935,0.4877064925086439,0.1765270841336919,0.7091817134076066,,0,True
SH600380,9.9,1.5639588,0.3624663849404533,0.7702650787552824,0.9598540145985401,0.9195159431425278,量能动量;量能比,2,False
SH600381,4.13,0.25286743,0.6786400307337688,0.7572032270457165,0.11486746062235882,0.6544371878601614,,0,True
SH600382,5.57,0.7344389,0.09277756434882828,0.43161736457933153,0.049750288129081825,0.9031886285055705,量能比,1,False
SH600383,2.5499997,3.4359143,0.7998463311563581,0.9202842873607376,0.4295044179792547,0.9393008067614291,量能波动;量能比,2,False
SH600386,3.55,0.29120997,0.07606607760276604,0.06089127929312332,0.7906262005378409,0.7147522089896273,,0,True
SH600388,16.69,1.844821,0.11294660007683442,0.18882059162504802,0.9122166730695351,0.7306953515174799,量能动量,1,False
SH600389,17.480001,2.5038655,0.3263542066845947,0.1479062620053784,0.12716096811371494,0.04936611601997695,,0,True
SH600390,4.7900004,1.6708236,0.7877449097195544,0.6213983864771417,0.47752593161736456,0.3517095658855167,,0,True
SH600391,40.92,7.1589985,0.6890126776796005,0.5019208605455244,0.05512869765655013,0.3054168267383788,,0,True
SH600392,20.269999,7.535132,0.41202458701498273,0.45812524010756817,0.11736457933154053,0.4485209373799462,,0,True
SH600395,4.9500003,2.0480402,0.45351517479830966,0.2164809834805993,0.36880522474068383,0.15328467153284672,,0,True
SH600396,12.35,18.28632,0.90472531694199,0.882443334613907,0.19957741067998463,0.11179408374951978,量能水平;量能波动,2,False
SH600397,15.94,11.83306,0.8054168267383788,0.7675758739915483,0.46331156358048403,0.59527468305801,量能水平,1,False
SH600398,5.62,2.1939127,0.4133691893968498,0.18440261237034192,0.31386861313868614,0.08663081060315021,,0,True
SH600399,4.25,1.4519416,0.42527852477910105,0.38551671148674604,0.3730311179408375,0.24721475220898964,,0,True
SH600400,3.3100002,2.2157986,0.5426431041106415,0.6703803303880138,0.001152516327314637,0.31502112946600075,,0,True
SH600403,7.0499997,9.141767,0.8486361890126777,0.6999615827890895,0.8113714944295044,0.6242796772954283,量能水平;量能动量,2,False
SH600405,5.02,0.58208835,0.1803688052247407,0.1390703034959662,0.8271225509028045,0.1628889742604687,量能动量,1,False
SH600406,22.21,6.6623797,0.009412216673069535,0.0739531310026892,0.8647714175950826,0.8528620822128313,量能动量;量能比,2,False
SH600408,3.04,1.6205784,0.6465616596235113,0.4260468689973108,0.9343065693430657,0.6073761044948137,量能动量,1,False
SH600409,6.05,1.5704201,0.12620053784095275,0.06799846331156358,0.6173645793315405,0.12005378409527469,,0,True
SH600410,14.589999,18.240772,0.8065693430656934,0.8398002305032655,0.008835958509412217,0.24260468689973108,量能水平;量能波动,2,False
SH600415,10.72,6.046628,0.12312716096811371,0.5420668459469843,0.8538225124855936,0.8718786016135228,量能动量;量能比,2,False
SH600416,8.15,1.0711877,0.3054168267383788,0.2742988859008836,0.4611986169804072,0.3939684978870534,,0,True
SH600418,26.039999,20.445162,0.7848636189012678,0.8223203995389935,0.990395697272378,0.9779101037264695,量能波动;量能动量;量能比,3,False
SH600419,8.77,0.56604326,0.35977718017671917,0.11313868613138686,0.37533615059546677,0.01901651940069151,,0,True
SH600420,8.21,0.50615263,0.007875528236650019,0.031886285055704955,0.14656165962351134,0.5858624663849404,,0,True
SH600422,8.0,0.33527407,0.016327314636957357,0.01114099116404149,0.25336150595466767,0.44256626968882057,,0,True
SH600425,3.62,0.52540034,0.0549366116019977,0.2339608144448713,0.6058394160583942,0.7913945447560508,,0,True
SH600426,19.05,7.3776436,0.09316173645793316,0.03534383403764887,0.13349980791394545,0.21071840184402613,,0,True
SH600428,10.42,4.318061,0.40703034959661927,0.3440261237034191,0.6073761044948137,0.1819054936611602,,0,True
SH600429,4.7499995,0.63593286,0.42931233192470225,0.7424126008451787,0.9629273914713792,0.7669996158278909,量能动量,1,False
SH600433,3.2400002,0.72298455,0.17518248175182483,0.05532078371110257,0.5678063772570111,0.4162504802151364,,0,True
SH600435,10.870001,3.1254249,0.1250480215136381,0.08797541298501729,0.009220130618517095,0.050710718401844025,,0,True
SH600436,115.22,2.2909162,0.000768344218209758,0.0009604302727621974,0.3563196311947753,0.43853246254321937,,0,True
SH600438,11.07,3.3893516,0.1479062620053784,0.06684594698424895,0.7155205532078371,0.6004610065309258,,0,True
SH600444,14.53,0.29912245,0.06300422589320015,0.0704955820207453,0.8369189396849789,0.6419515943142527,量能动量,1,False
SH600446,10.389999,1.4126655,0.02708413369189397,0.09950057625816365,0.09450633883980022,0.6200537840952747,,0,True
SH600448,3.1100001,2.2719378,0.887245485977718,0.9781021897810219,0.09642719938532462,0.9928928159815598,量能水平;量能波动;量能比,3,False
SH600449,12.49,1.1588187,0.04686899731079524,0.04898194391087207,0.0155589704187476,0.17748751440645408,,0,True
SH600452,8.73,2.144789,0.09604302727621974,0.22320399538993468,0.014598540145985401,0.5011525163273146,,0,True
SH600455,24.809998,0.34722096,0.12677679600461006,0.09412216673069534,0.834805993084902,0.6661544371878602,量能动量,1,False
SH600456,24.58,1.0096352,0.1142912024587015,0.11909335382251249,0.27103342297349214,0.2134076066077603,,0,True
SH600458,10.86,1.5470016,0.10622358816749904,0.16173645793315405,0.30945063388398003,0.41990011525163273,,0,True
SH600459,18.02,2.3956614,0.15943142527852477,0.11813292354975029,0.3930080676142912,0.29254706108336537,,0,True
SH600460,31.84,22.417313,0.5816365731847868,0.592201306185171,0.20687668075297733,0.48424894352669995,,0,True
SH600461,8.73,0.9186454,0.06146753745678064,0.09642719938532462,0.13196311947752593,0.3601613522858241,,0,True
SH600463,8.41,0.28003645,0.04590856703803304,0.09969266231271609,0.8613138686131386,0.7854398770649251,量能动量,1,False
SH600467,2.42,1.1873982,0.41990011525163273,0.21993853246254322,0.3490203611217826,0.19419900115251632,,0,True
SH600468,5.8599997,2.0493214,0.47349212447176336,0.4454475605071072,0.15309258547829427,0.08144448713023435,,0,True
SH600469,4.9,0.41283107,0.08048405685747215,0.024971187091817133,0.2470226661544372,0.042835190165194006,,0,True
SH600470,5.46,1.7621509,0.58739915482136,0.40875912408759124,0.29120245870149825,0.04878985785631963,,0,True
SH600475,14.299999,1.2551926,0.03457548981943911,0.05339992316557818,0.18248175182481752,0.19035728006146754,,0,True
SH600477,2.4100003,0.81432426,0.03726469458317326,0.019976949673453707,0.5013446023818671,0.2996542451018056,,0,True
SH600478,4.4900002,0.9238056,0.06703803303880139,0.15136381098732232,0.747406838263542,0.8386477141759509,量能比,1,False
SH600479,11.95,10.771286,0.7606607760276604,0.8146369573568959,0.46523242412600846,0.46139070303495966,量能波动,1,False
SH600480,7.67,0.97828233,0.07702650787552824,0.021129466000768343,0.4562043795620438,0.2646945831732616,,0,True
SH600481,3.9099998,1.3084018,0.17287744909719555,0.39665770265078754,0.8522858240491741,0.8025355359200922,量能动量;量能比,2,False
SH600482,33.8,6.1023674,0.2276219746446408,0.13734152900499424,0.46926623127160966,0.08432577794852093,,0,True
SH600483,10.83,1.2889553,0.05378409527468306,0.1152516327314637,0.9339223972339609,0.7685363042643104,量能动量,1,False
SH600486,50.45,2.6578875,0.04725316941990011,0.021897810218978103,0.6980407222435652,0.043795620437956206,,0,True
SH600487,57.11,107.58702,0.7837111025739532,0.7719938532462544,0.8127160968113715,0.6229350749135613,量能动量,1,False
SH600488,6.8999996,6.1318665,0.9504417979254706,0.9533230887437572,0.8305800998847483,0.5343834037648867,量能水平;量能波动;量能动量,3,False
SH600489,21.59,17.164864,0.2885132539377641,0.2808298117556665,0.7990779869381482,0.39435266999615826,,0,True
SH600490,6.7,2.9666195,0.2543219362274299,0.19631194775259317,0.8640030733768729,0.25105647330003844,量能动量,1,False
SH600491,1.5499998,1.145261,0.6534767575873992,0.38974260468689975,0.541106415674222,0.19323857087975413,,0,True
SH600493,6.569999,0.4260664,0.07011140991164042,0.15117172493276987,0.7716096811371495,0.7466384940453323,,0,True
SH600495,4.07,0.3564321,0.014982712255090281,0.043027276219746446,0.6669227814060699,0.6212063004225893,,0,True
SH600496,3.32,0.9290901,0.14963503649635038,0.13349980791394545,0.4001152516327315,0.3202074529389166,,0,True
SH600497,8.93,9.669713,0.3945447560507107,0.4383403764886669,0.29542835190165195,0.29658086822896657,,0,True
SH600498,36.28,34.54372,0.9640799077986938,0.9035728006146754,0.6014214368036881,0.2656550134460238,量能水平;量能波动,2,False
SH600499,11.07,4.197559,0.09469842489435266,0.518824433346139,0.8834037648866693,0.9638878217441413,量能动量;量能比,2,False
SH600500,5.0099998,6.333518,0.693622742988859,0.5960430272762197,0.590472531694199,0.4829043411448329,,0,True
SH600501,14.490001,0.8532885,0.19669611986169805,0.1978486361890127,0.6119861698040723,0.3578563196311948,,0,True
SH600502,4.1600003,1.2622159,0.07817902420284287,0.058394160583941604,0.04648482520169036,0.53937764118325,,0,True
SH600503,2.47,2.1984274,0.9686899731079524,0.9976949673453708,0.9633115635804841,0.9990395697272378,量能水平;量能波动;量能动量;量能比,4,False
SH600505,10.29,1.085665,0.21436803688052247,0.2541298501728774,0.5824049174029965,0.22262773722627738,,0,True
SH600506,16.18,3.998895,0.7495197848636189,0.7825585862466385,0.9241260084517864,0.7310795236265847,量能动量,1,False
SH600507,3.98,0.7587007,0.0028812908182865925,0.016327314636957357,0.8908951210142144,0.5082597003457549,量能动量,1,False
SH600508,10.45,3.8932247,0.4907798693814829,0.23665001920860546,0.4898194391087207,0.009604302727621975,,0,True
SH600509,7.1800003,1.0902255,0.18017671917018824,0.07702650787552824,0.8092585478294276,0.4327698809066462,量能动量,1,False
SH600510,6.5400004,0.34835744,0.040530157510564734,0.028428736073761045,0.7710334229734921,0.8180945063388398,量能比,1,False
SH600511,25.8,0.808648,0.002305032654629274,0.012293507491356128,0.3131002689204764,0.512677679600461,,0,True
SH600512,2.09,0.47464424,0.2057241644256627,0.15789473684210525,0.7764118325009605,0.6684594698424894,,0,True
SH600513,14.810001,1.0028943,0.06338839800230503,0.09316173645793316,0.29389166346523243,0.6767191701882443,,0,True
SH600515,2.71,2.35016,0.9006915097963888,0.6895889358432578,0.5872070687668075,0.4421820975797157,量能水平,1,False
SH600516,5.2700005,2.6990864,0.2650787552823665,0.2791010372646946,0.11717249327698809,0.36265847099500576,,0,True
SH600517,4.85,0.9733219,0.01844026123703419,0.0074913561275451405,0.5608912792931233,0.3290434114483288,,0,True
SH600518,1.3299999,2.0353532,0.620630042258932,0.3219362274298886,0.4368036880522474,0.2349212447176335,,0,True
SH600519,1235.5801,32.558273,0.017671917018824434,0.009412216673069535,0.7912024587014983,0.7610449481367653,,0,True
SH600520,25.029997,1.9542147,0.544563964656166,0.4329619669611986,0.5215136381098732,0.40376488666922783,,0,True
SH600521,15.989999,3.1525338,0.09815597387629658,0.15770265078755283,0.2669996158278909,0.6707645024971187,,0,True
SH600522,31.33,68.12508,0.8540145985401459,0.8880138301959277,0.18689973107952362,0.5580099884748367,量能水平;量能波动,2,False
SH600523,11.8099985,0.41243163,0.0457164809834806,0.16999615827890896,0.47694967345370726,0.39281598155973874,,0,True
SH600525,4.85,0.76222754,0.11947752593161737,0.10833653476757588,0.07529773338455628,0.2310795236265847,,0,True
SH600526,4.5899997,0.30261704,0.1571263926238955,0.06895889358432578,0.6598155973876296,0.5280445639646562,,0,True
SH600527,2.16,0.740524,0.017095658855167114,0.052055320783711105,0.3031117940837495,0.5768344218209758,,0,True
SH600528,6.75,0.49413773,0.1133307721859393,0.05551286976565501,0.3803303880138302,0.2641183250096043,,0,True
SH600529,17.97,0.87807,0.01882443334613907,0.01824817518248175,0.524010756819055,0.3447944679216289,,0,True
SH600531,11.119999,4.070182,0.2441413753361506,0.20188244333461391,0.47483672685363043,0.2383787936995774,,0,True
SH600533,2.29,0.43880776,0.2825585862466385,0.16384940453323088,0.7451018056089128,0.5266999615827891,,0,True
SH600535,13.740002,1.533843,0.06262005378409527,0.05416826738378794,0.32597003457548984,0.4727237802535536,,0,True
SH600536,30.979998,4.870246,0.3257779485209374,0.2775643488282751,0.6373415290049942,0.23165578179024202,,0,True
SH600537,2.11,0.52468663,0.45370726085286206,0.7752593161736457,0.6842105263157895,0.9419900115251633,量能比,1,False
SH600538,4.7099996,0.41404992,0.22512485593545908,0.1498271225509028,0.938340376488667,0.6440645409143296,量能动量,1,False
SH600539,13.62,1.6624454,0.6459854014598541,0.7794852093737995,0.9206684594698424,0.9229734921244718,量能动量;量能比,2,False
SH600540,5.67,7.8415685,0.9056857472147523,0.8835958509412216,0.933538225124856,0.5261237034191317,量能水平;量能波动;量能动量,3,False
SH600545,3.97,4.367587,0.7981175566653861,0.7716096811371495,0.2330003841721091,0.5758739915482136,,0,True
SH600546,13.0,2.865751,0.10199769496734537,0.040722243565117174,0.5835574337303112,0.16500192086054552,,0,True
SH600547,26.49,27.651295,0.23127160968113714,0.4323857087975413,0.9442950441797926,0.7867844794467922,量能动量,1,False
SH600548,8.059999,0.43397024,0.020169035728006147,0.0032654629273914716,0.3834037648866692,0.012869765655013446,,0,True
SH600549,43.75,16.902725,0.30484056857472147,0.2535535920092201,0.5543603534383403,0.4756050710718402,,0,True
SH600550,10.08,1.7634156,0.20591625048021514,0.3307721859393008,0.5649250864387245,0.4638878217441414,,0,True
SH600551,7.870001,3.5046787,0.7041874759892431,0.46427199385324625,0.837879369957741,0.1114099116404149,量能动量,1,False
SH600552,17.2,9.310441,0.5161352285824049,0.6480983480599308,0.8013830195927776,0.9398770649250865,量能动量;量能比,2,False
SH600556,4.65,2.0559573,0.7944679216288898,0.8228966577026507,0.919131771033423,0.6759508259700345,量能波动;量能动量,2,False
SH600557,12.1,0.53035486,0.0074913561275451405,0.020361121782558587,0.3812908182865924,0.6058394160583942,,0,True
SH600558,4.7500005,0.5344407,0.11083365347675758,0.4421820975797157,0.15097963887821744,0.9022281982328083,量能比,1,False
SH600559,10.809999,1.1959289,0.05704955820207453,0.18171340760660776,0.26719170188244334,0.566845946984249,,0,True
SH600560,11.549999,0.2480137,0.013638109873223205,0.07164809834805994,0.9323857087975413,0.869765655013446,量能动量;量能比,2,False
SH600561,6.0699997,0.27863297,0.14137533615059547,0.03726469458317326,0.8202074529389166,0.411256242796773,量能动量,1,False
SH600562,26.349998,2.8598237,0.08509412216673069,0.2441413753361506,0.27948520937379945,0.30042258932001537,,0,True
SH600563,115.84,3.8173375,0.032462543219362275,0.072992700729927,0.4861698040722244,0.7852477910103727,,0,True
SH600566,24.869999,1.1278456,0.1853630426431041,0.15482135996926624,0.7328082981175567,0.4400691509796389,,0,True
SH600567,1.31,0.75409585,0.7091817134076066,0.4339223972339608,0.4544756050710718,0.27160968113714945,,0,True
SH600568,2.4,0.23609348,0.14675374567806376,0.16250480215136381,0.08816749903956973,0.09258547829427584,,0,True
SH600569,1.7800001,0.47183344,0.407798693814829,0.6601997694967345,0.6525163273146369,0.8058009988474837,量能比,1,False
SH600570,19.32,3.5496385,0.005954667691125624,0.008643872454859777,0.5313100268920476,0.30772185939300806,,0,True
SH600571,10.280001,0.6293234,0.028428736073761045,0.03707260852862082,0.6699961582789089,0.4988474836726854,,0,True
SH600572,4.2400002,1.7584627,0.18305800998847482,0.2155205532078371,0.14771417595082598,0.5655013446023819,,0,True
SH600573,10.25,0.5721553,0.30772185939300806,0.6164041490587784,0.9583173261621206,0.9281598155973876,量能动量;量能比,2,False
SH600575,3.1299999,1.16137,0.09085670380330388,0.0958509412216673,0.24202842873607375,0.18363426815213216,,0,True
SH600576,5.32,0.78555405,0.3184786784479447,0.12946600076834422,0.1114099116404149,0.0074913561275451405,,0,True
SH600577,8.249999,5.2046366,0.32328082981175565,0.4045332308874376,0.043603534383403766,0.7162888974260468,,0,True
SH600578,5.15,3.255428,0.6160199769496735,0.48693814829043414,0.3607376104494814,0.08355743373031117,,0,True
SH600579,7.0200005,0.46686944,0.27276219746446406,0.1803688052247407,0.26008451786400305,0.24798309642719937,,0,True
SH600580,25.96,5.7874894,0.24087591240875914,0.12927391471379177,0.4206684594698425,0.341336918939685,,0,True
SH600582,4.7999997,1.1924288,0.03495966192854399,0.03092585478294276,0.16308106031502112,0.08009988474836727,,0,True
SH600583,6.5299997,2.479915,0.1298501728774491,0.25835574337303113,0.27929312331924705,0.8472915866308106,量能比,1,False
SH600584,65.700005,50.976376,0.8021513638109873,0.8165578179024203,0.08643872454859777,0.4656165962351133,量能水平;量能波动,2,False
SH600585,16.98,3.5689604,0.08586246638494045,0.12043795620437957,0.6154437187860161,0.5545524394928928,,0,True
SH600586,3.95,0.5078582,0.04763734152900499,0.11505954667691126,0.6358048405685747,0.7414521705724164,,0,True
SH600587,12.820001,1.2975465,0.14425662696888206,0.7401075681905493,0.20457164809834805,0.9925086438724549,量能比,1,False
SH600588,9.25,4.5644584,0.4844410295812524,0.6928543987706492,0.6696119861698041,0.6436803688052247,,0,True
SH600589,7.5300007,6.608873,0.949289281598156,0.9736842105263158,0.5898962735305416,0.26680752977333844,量能水平;量能波动,2,False
SH600590,8.12,2.0544903,0.6125624279677295,0.5645409143296196,0.0977718017671917,0.25547445255474455,,0,True
SH600592,14.73,1.004368,0.12139838647714175,0.5015366884364195,0.9804072224356511,0.8893584325777949,量能动量;量能比,2,False
SH600593,48.05,4.080734,0.5779869381482904,0.6494429504417979,0.6870918171340761,0.9535151747983096,量能比,1,False
SH600594,3.6,1.1127408,0.28332693046484825,0.3175182481751825,0.05704955820207453,0.15923933922397235,,0,True
SH600595,5.97,4.951433,0.7168651555897042,0.24433346139070303,0.7132155205532078,0.09508259700345754,,0,True
SH600596,10.46,9.088479,0.6050710718401844,0.5105647330003842,0.1215904725316942,0.08336534767575873,,0,True
SH600597,6.8,0.6149424,0.25893200153668844,0.2579715712639262,0.23472915866308106,0.40299654245101807,,0,True
SH600598,12.42,6.417754,0.6492508643872454,0.5837495197848637,0.45159431425278523,0.0530157510564733,,0,True
SH600600,49.52,1.5587443,0.03611217825585863,0.08874375720322704,0.5376488666922782,0.607952362658471,,0,True
SH600601,13.72,31.799358,0.9483288513253938,0.8766807529773338,0.5180560891279293,0.38436419515943143,量能水平;量能波动,2,False
SH600602,16.210001,3.120365,0.563388398002305,0.5138301959277757,0.38263542066845946,0.21705724164425663,,0,True
SH600603,4.7999997,0.6337889,0.4150979638878217,0.3073376872839032,0.803303880138302,0.19708029197080293,量能动量,1,False
SH600604,4.8500004,1.12707,0.3784095274683058,0.5776027660391856,0.8054168267383788,0.8559354590856704,量能动量;量能比,2,False
SH600605,29.600002,1.6945486,0.18555512869765656,0.6016135228582405,0.6379177871686516,0.9734921244717634,量能比,1,False
SH600606,1.5000001,3.384797,0.9517864003073376,0.9869381482904341,0.498271225509028,0.9692662312716097,量能水平;量能波动;量能比,3,False
SH600609,3.5900002,1.6716598,0.7228198232808298,0.7130234344986554,0.058394160583941604,0.7844794467921629,,0,True
SH600610,7.3599997,4.017211,0.45255474452554745,0.5678063772570111,0.10872070687668076,0.0739531310026892,,0,True
SH600611,4.31,4.3410926,0.7147522089896273,0.7483672685363043,0.41375336150595465,0.07875528236650019,,0,True
SH600612,30.79,0.608963,0.0017287744909719553,0.0001920860545524395,0.7243565117172494,0.06588551671148675,,0,True
SH600613,8.110001,9.5266075,0.9813676527084134,0.9863618901267768,0.384172109104879,0.5220898962735305,量能水平;量能波动,2,False
SH600616,5.0200005,1.9890846,0.28428736073761046,0.6018056089127929,0.8862850557049559,0.9740683826354206,量能动量;量能比,2,False
SH600617,3.27,1.1964757,0.6580868228966577,0.3956972723780254,0.5374567806377257,0.1901651940069151,,0,True
SH600618,9.52,0.5872216,0.15040338071456014,0.07529773338455628,0.46696119861698043,0.1304264310411064,,0,True
SH600619,13.18,1.9517602,0.3252016903572801,0.6014214368036881,0.8928159815597387,0.9402612370341913,量能动量;量能比,2,False
SH600620,4.35,0.24538782,0.03880138301959278,0.006338839800230503,0.6532846715328468,0.6162120630042259,,0,True
SH600621,13.450001,2.4446833,0.48175182481751827,0.6630810603150211,0.012101421436803688,0.8770649250864387,量能比,1,False
SH600622,2.5199997,0.97009766,0.42873607376104494,0.4694583173261621,0.8336534767575874,0.5743373031117941,量能动量,1,False
SH600623,8.42,1.2246062,0.3751440645409143,0.417402996542451,0.9266231271609681,0.538033038801383,量能动量,1,False
SH600626,3.75,0.4753114,0.11352285824049174,0.17402996542451019,0.21686515558970418,0.887245485977718,量能比,1,False
SH600628,6.29,0.56971985,0.06819054936611602,0.06991932385708798,0.06319631194775259,0.10679984633115636,,0,True
SH600629,16.349998,4.8583803,0.4834805993084902,0.28179024202842873,0.8563196311947753,0.22358816749903956,量能动量,1,False
SH600630,7.71,3.018572,0.798501728774491,0.961966961198617,0.9216288897426047,0.996926623127161,量能波动;量能动量;量能比,3,False
SH600633,10.11,1.4415754,0.1386861313868613,0.22301190933538226,0.33653476757587397,0.33442182097579715,,0,True
SH600635,4.4,1.277978,0.20495582020745293,0.11179408374951978,0.2547061083365348,0.2660391855551287,,0,True
SH600637,8.799999,3.257646,0.8301959277756434,0.8399923165578179,0.3764886669227814,0.7983096427199385,量能水平;量能波动,2,False
SH600638,5.23,0.66268486,0.5366884364195159,0.5474452554744526,0.3107952362658471,0.8046484825201691,量能比,1,False
SH600639,9.75,0.50076795,0.07337687283903188,0.339608144448713,0.42143680368805225,0.8665001920860546,量能比,1,False
SH600640,12.62,1.9934074,0.7318478678447945,0.9389166346523242,0.10776027660391856,0.9709950057625817,量能波动;量能比,2,False
SH600641,48.759995,28.2673,0.8772570111409912,0.9717633499807914,0.4498655397618133,0.938340376488667,量能水平;量能波动;量能比,3,False
SH600642,8.760001,1.4423902,0.15693430656934307,0.1386861313868613,0.9072224356511718,0.6895889358432578,量能动量,1,False
SH600643,4.07,0.62363386,0.29927007299270075,0.08989627353054168,0.6066077602766039,0.4644640799077987,,0,True
SH600644,8.86,3.7289498,0.5499423741836342,0.6759508259700345,0.1352285824049174,0.33269304648482523,,0,True
SH600645,18.74,1.2924913,0.15001920860545526,0.3599692662312716,0.1872839031886285,0.8424894352669996,量能比,1,False
SH600649,4.13,1.1064256,0.503073376872839,0.5520553207837111,0.5130618517095659,0.7558586246638495,,0,True
SH600650,10.22,0.59730506,0.0676142912024587,0.30099884748367267,0.9295044179792548,0.4003073376872839,量能动量,1,False
SH600651,4.9900002,0.8068,0.2416442566269689,0.2537456780637726,0.9185555128697657,0.8632347291586631,量能动量;量能比,2,False
SH600653,1.71,0.6297061,0.6046868997310795,0.9097195543603535,0.9433346139070303,0.9805993084902036,量能波动;量能动量;量能比,3,False
SH600654,3.0500002,2.80849,0.91260084517864,0.5497502881290818,0.5551286976565502,0.059738762965808684,量能水平,1,False
SH600655,4.5400004,0.6579587,0.07433730311179408,0.051479062620053785,0.3590088359585094,0.2856319631194775,,0,True
SH600657,3.38,3.156597,0.9231655781790242,0.902996542451018,0.4085670380330388,0.2658470995005763,量能水平;量能波动,2,False
SH600658,4.24,0.5273834,0.24567806377257012,0.33538225124855936,0.909527468305801,0.7825585862466385,量能动量,1,False
SH600660,53.000004,5.036066,0.0009604302727621974,0.00384172109104879,0.8192470226661545,0.49250864387245485,量能动量,1,False
SH600661,9.3,0.69055456,0.5107568190549366,0.8363426815213215,0.6482904341144833,0.9310411064156742,量能波动;量能比,2,False
SH600662,4.1899996,0.41247797,0.04955820207452939,0.051863234729158665,0.4615827890895121,0.4938532462543219,,0,True
SH600663,9.19,1.2393385,0.2591240875912409,0.4588935843257779,0.9162504802151363,0.9245101805608913,量能动量;量能比,2,False
SH600664,7.14,32.126854,0.9625432193622743,0.9696504033807145,0.9640799077986938,0.8090664617748752,量能水平;量能波动;量能动量;量能比,4,False
SH600665,3.42,0.48633188,0.26546292739147137,0.43699577410679985,0.5854782942758355,0.7817902420284287,,0,True
SH600666,3.2,3.6023514,0.6469458317326162,0.7074529389166346,0.07817902420284287,0.23684210526315788,,0,True
SH600667,17.949999,40.908833,0.9149058778332693,0.9018440261237034,0.12754514022281982,0.3607376104494814,量能水平;量能波动,2,False
SH600668,7.39,0.2966894,0.021705724164425663,0.014214368036880523,0.35094122166730696,0.5422589320015367,,0,True
SH600671,21.619999,0.7621511,0.1615443718786016,0.19823280829811757,0.1847867844794468,0.27218593930080676,,0,True
SH600673,30.44,6.4385624,0.07894736842105263,0.20802919708029197,0.14829043411448328,0.46369573568958894,,0,True
SH600674,16.5,4.074214,0.02247406838263542,0.08528620822128313,0.7566269688820592,0.6724932769880907,,0,True
SH600675,2.49,1.5557595,0.33480599308490205,0.6256242796772954,0.7860161352285824,0.9767575873991549,量能比,1,False
SH600676,6.65,0.5710126,0.058778332693046484,0.23319247022666154,0.6288897426046869,0.8532462543219362,量能比,1,False
SH600678,5.75,0.44624743,0.0968113714944295,0.27698809066461777,0.9306569343065694,0.30388013830195926,量能动量,1,False
SH600679,10.5199995,0.5242803,0.11121782558586246,0.5424510180560891,0.2704571648098348,0.9694583173261622,量能比,1,False
SH600681,3.48,0.85879946,0.2781406069919324,0.17671917018824435,0.863618901267768,0.27986938148290436,量能动量,1,False
SH600682,5.7400002,1.178162,0.21724932769880906,0.2475989243180945,0.021129466000768343,0.1917018824433346,,0,True
SH600683,9.25,2.245984,0.2608528620822128,0.1615443718786016,0.7176334998079139,0.42547061083365345,,0,True
SH600684,3.6599998,0.68402326,0.08278908951210143,0.14464079907798694,0.8230887437572032,0.4200922013061852,量能动量,1,False
SH600685,28.45,4.919727,0.29158663081060315,0.2597003457548982,0.08470995005762581,0.1561659623511333,,0,True
SH600686,11.26,1.911685,0.14118325009604302,0.34652324241260085,0.8628505570495582,0.6765270841336919,量能动量,1,False
SH600688,2.73,1.7944038,0.42585478294275836,0.1959277756434883,0.5167114867460623,0.2514406454091433,,0,True
SH600689,12.02,0.51030296,0.13004225893200153,0.11352285824049174,0.26046868997310796,0.11448328851325394,,0,True
SH600690,20.210001,6.778514,0.17537456780637725,0.3096427199385325,0.060315021129466004,0.5774106799846331,,0,True
SH600691,2.7200003,3.4988563,0.8252016903572801,0.6673069535151748,0.2591240875912409,0.010180560891279293,量能水平,1,False
SH600692,6.7299995,0.42733932,0.10084517864003073,0.14752208989627352,0.9137533615059547,0.7258932001536689,量能动量,1,False
SH600693,9.12,9.941275,0.6334998079139454,0.42585478294275836,0.21955436035343834,0.06550134460238187,,0,True
SH600694,14.26,0.6939109,0.010372646945831733,0.0017287744909719553,0.3363426815213216,0.008067614291202459,,0,True
SH600697,11.36,1.1195284,0.3590088359585094,0.180945063388398,0.2091817134076066,0.05628121398386477,,0,True
SH600698,6.86,4.2500935,0.8211678832116789,0.43353822512485596,0.4089512101421437,0.010756819054936612,量能水平,1,False
SH600699,22.75,10.421275,0.7139838647714176,0.8983864771417595,0.8997310795236266,0.9715712639262389,量能波动;量能动量;量能比,3,False
SH600702,31.76,1.8652817,0.1711486746062236,0.2353054168267384,0.20053784095274682,0.36746062235881677,,0,True
SH600703,11.41,13.577981,0.2879369957741068,0.3651555897041875,0.4012677679600461,0.3384556281213984,,0,True
SH600704,4.78,1.9823767,0.2767960046100653,0.1628889742604687,0.5595466769112563,0.27103342297349214,,0,True
SH600706,8.059999,1.7964649,0.7545140222819823,0.5975797157126392,0.072992700729927,0.020553207837111027,,0,True
SH600707,9.57,12.87113,0.9867460622358817,0.995197848636189,0.7118709181713407,0.9546676911256243,量能水平;量能波动;量能比,3,False
SH600708,3.12,0.57298005,0.13081060315021129,0.26277372262773724,0.6978486361890127,0.8743757203227046,量能比,1,False
SH600710,11.1,1.3275017,0.029965424510180562,0.010948905109489052,0.3799462159047253,0.08932001536688436,,0,True
SH600711,10.29,8.6030655,0.6189012677679601,0.4838647714175951,0.49807913945447563,0.07933154053015751,,0,True
SH600712,5.4,2.6419501,0.5683826354206685,0.6530925854782943,0.0013446023818670765,0.08202074529389167,,0,True
SH600713,4.94,0.5099157,0.05282366500192086,0.07068766807529774,0.16634652324241261,0.4538993469074145,,0,True
SH600714,17.490002,6.360092,0.6650019208605455,0.6819054936611602,0.27506723011909334,0.1959277756434883,,0,True
SH600715,1.65,0.76867867,0.5868228966577026,0.7072608528620822,0.9079907798693815,0.9133691893968497,量能动量;量能比,2,False
SH600716,3.79,0.21042392,0.025739531310026893,0.12274298885900883,0.7942758355743373,0.8054168267383788,量能比,1,False
SH600717,4.23,0.8183202,0.02343449865539762,0.010372646945831733,0.3399923165578179,0.21129466000768343,,0,True
SH600718,7.9,0.62487286,0.3296196696119862,0.30042258932001537,0.1755666538609297,0.3663081060315021,,0,True
SH600719,8.179999,1.6393284,0.41663465232424124,0.7043795620437956,0.8576642335766423,0.9193238570879754,量能动量;量能比,2,False
SH600720,5.1200004,0.3703021,0.006146753745678064,0.014022281982328083,0.32174414137533613,0.15751056473300037,,0,True
SH600721,12.949999,14.84838,0.9857856319631195,0.9800230503265462,0.8893584325777949,0.8655397618132924,量能水平;量能波动;量能动量;量能比,4,False
SH600722,14.570001,22.007128,0.9944295044179793,0.9844410295812523,0.5889358432577795,0.431809450633884,量能水平;量能波动,2,False
SH600724,5.0000005,0.38458064,0.025355359200922013,0.01901651940069151,0.885900883595851,0.7205147906262005,量能动量,1,False
SH600725,3.27,0.502001,0.06934306569343066,0.042643104110641566,0.7827506723011909,0.5770265078755282,,0,True
SH600726,4.9599996,4.754078,0.9189396849788706,0.8482520169035728,0.30042258932001537,0.0895121014214368,量能水平;量能波动,2,False
SH600727,7.4299994,0.9363576,0.7034191317710334,0.5756819054936612,0.38321167883211676,0.18440261237034192,,0,True
SH600728,4.47,0.8662473,0.34613907030349594,0.20898962735305418,0.6043027276219747,0.5170956588551671,,0,True
SH600729,18.08,0.6554652,0.06569343065693431,0.032270457164809835,0.15328467153284672,0.1215904725316942,,0,True
SH600730,8.410001,0.8888,0.17210910487898579,0.21263926238955053,0.08567038033038801,0.3641951594314253,,0,True
SH600731,5.83,0.37657356,0.09719554360353438,0.028044563964656165,0.3146369573568959,0.024779101037264696,,0,True
SH600732,10.88,2.180409,0.19823280829811757,0.3369189396849789,0.07337687283903188,0.6461774875144064,,0,True
SH600733,4.93,4.681409,0.922205147906262,0.9734921244717634,0.9587014982712255,0.9329619669611986,量能水平;量能波动;量能动量;量能比,4,False
SH600734,1.8499999,1.3912723,0.8870533999231656,0.662120630042259,0.08240491740299655,0.032846715328467155,量能水平,1,False
SH600735,6.51,0.31055897,0.021129466000768343,0.08202074529389167,0.7310795236265847,0.40107568190549364,,0,True
SH600736,6.5299997,1.2617253,0.39646561659623514,0.26104494813676526,0.3117556665386093,0.47791010372646947,,0,True
SH600737,13.8,18.09321,0.880714560122935,0.6991932385708798,0.2904341144832885,0.06607760276603919,量能水平,1,False
SH600738,4.23,0.7449259,0.25720322704571646,0.2295428351901652,0.20303495966192855,0.21724932769880906,,0,True
SH600739,10.08,1.1101881,0.0530157510564733,0.07337687283903188,0.5501344602381867,0.37418363426815215,,0,True
SH600740,3.6999998,1.4260728,0.38647714175950826,0.2383787936995774,0.5781790242028428,0.24337303111794084,,0,True
SH600741,15.179999,2.4302506,0.0311179408374952,0.11947752593161737,0.8703419131771033,0.40491740299654244,量能动量,1,False
SH600742,7.7,0.47884545,0.008451786400307337,0.0013446023818670765,0.6613522858240491,0.3209757971571264,,0,True
SH600743,2.4,1.5562072,0.6953515174798309,0.9754129850172878,0.9986553976181329,0.9911640414905878,量能波动;量能动量;量能比,3,False
SH600744,6.0,6.968245,0.9569727237802536,0.938340376488667,0.05320783711102574,0.10756819054936612,量能水平;量能波动,2,False
SH600745,16.51,5.06587,0.8228966577026507,0.8659239339223972,0.47579715712639264,0.4723396081444487,量能水平;量能波动,2,False
SH600746,6.7599998,1.0407648,0.4139454475605071,0.36650019208605455,0.09623511333077218,0.2114867460622359,,0,True
SH600748,4.09,0.5525037,0.11217825585862466,0.2330003841721091,0.7631578947368421,0.8638109873223204,量能比,1,False
SH600749,12.76,1.9453772,0.4955820207452939,0.2990779869381483,0.1444487130234345,0.014790626200537841,,0,True
SH600750,22.3,0.89296263,0.001536688436419516,0.002689204763734153,0.8332693046484825,0.38762965808682287,量能动量,1,False
SH600751,2.86,0.786678,0.5539761813292355,0.6023818670764503,0.5274683058009988,0.6329235497502881,,0,True
SH600753,13.73,0.33827803,0.05263157894736842,0.32942758355743373,0.8878217441413754,0.9496734537072609,量能动量;量能比,2,False
SH600754,17.849998,2.3860667,0.32712255090280445,0.15347675758739915,0.5973876296580868,0.08624663849404533,,0,True
SH600755,5.6899996,1.2384244,0.05359200922013062,0.34306569343065696,0.9341144832885132,0.9615827890895121,量能动量;量能比,2,False
SH600756,13.95,0.95276713,0.08432577794852093,0.1673069535151748,0.8770649250864387,0.46081444487130235,量能动量,1,False
SH600757,7.41,0.8672019,0.17864003073376872,0.3580484056857472,0.21033422973492125,0.3446023818670764,,0,True
SH600758,3.7699997,2.9193738,0.9204763734152901,0.8655397618132924,0.9754129850172878,0.5950825970034576,量能水平;量能波动;量能动量,3,False
SH600759,2.2,2.5600014,0.8421052631578947,0.7145601229350749,0.7247406838263543,0.17787168651555896,量能水平,1,False
SH600760,42.649998,7.3593745,0.2946600076834422,0.20879754129850173,0.6396465616596235,0.17306953515174797,,0,True
SH600761,14.699999,1.3351358,0.008259700345754899,0.01133307721859393,0.7424126008451787,0.37034191317710335,,0,True
SH600763,33.0,2.0444033,0.050710718401844025,0.028620822128313485,0.08759124087591241,0.3184786784479447,,0,True
SH600764,18.3,1.4242088,0.11659623511333077,0.06415674222051479,0.228582404917403,0.09623511333077218,,0,True
SH600765,13.08,2.3401763,0.10545524394928928,0.023818670764502496,0.2320399538993469,0.07184018440261238,,0,True
SH600768,14.89,0.37249616,0.0948905109489051,0.06434882827506723,0.7589320015366884,0.5731847867844795,,0,True
SH600769,14.56,1.6862011,0.3641951594314253,0.29773338455628123,0.33269304648482523,0.36304264310411066,,0,True
SH600770,6.1800003,3.9166675,0.928736073761045,0.9871302343449866,0.635036496350365,0.8630426431041106,量能水平;量能波动;量能比,3,False
SH600771,13.889999,0.9090081,0.17191701882443336,0.44525547445255476,0.8411448328851325,0.8519016519400692,量能动量;量能比,2,False
SH600773,9.67,2.2622535,0.4172109104878986,0.2658470995005763,0.718978102189781,0.40434114483288514,,0,True
SH600774,7.9600005,0.34999007,0.040914329619669614,0.03054168267383788,0.4888590088359585,0.3613138686131387,,0,True
SH600775,9.29,1.1164032,0.5297733384556281,0.5731847867844795,0.5622358816749904,0.655589704187476,,0,True
SH600776,12.340001,3.917678,0.7892815981559739,0.6940069150979639,0.0948905109489051,0.07260852862082212,,0,True
SH600777,4.0,1.1614939,0.09969266231271609,0.15578179024202843,0.14271993853246254,0.12927391471379177,,0,True
SH600778,5.7799997,1.3490176,0.5760660776027661,0.4158663081060315,0.3428736073761045,0.02343449865539762,,0,True
SH600779,25.729998,0.5433353,0.04859777180176719,0.160391855551287,0.11294660007683442,0.5539761813292355,,0,True
SH600780,6.1,0.8506094,0.058970418747598924,0.007107184018440261,0.17095658855167115,0.06262005378409527,,0,True
SH600782,2.66,0.94949853,0.31982328082981176,0.3019592777564349,0.6356127545140223,0.6432961966961198,,0,True
SH600783,14.62,2.0013278,0.23088743757203228,0.16423357664233576,0.3050326546292739,0.18901267767960045,,0,True
SH600784,7.06,0.7810681,0.17979254706108336,0.05724164425662697,0.36707645024971186,0.06146753745678064,,0,True
SH600785,10.280001,4.6548915,0.5879754129850173,0.6938148290434114,0.14368036880522475,0.08567038033038801,,0,True
SH600787,4.57,0.74151367,0.14829043411448328,0.10199769496734537,0.21071840184402613,0.25950825970034574,,0,True
SH600789,7.6299996,1.7411451,0.37091817134076066,0.3759124087591241,0.22839031886285055,0.7041874759892431,,0,True
SH600790,3.65,1.1021497,0.24145217057241644,0.5933538225124856,0.9273914713791779,0.981175566653861,量能动量;量能比,2,False
SH600791,7.1000004,1.3319098,0.3157894736842105,0.2310795236265847,0.7604686899731079,0.28428736073761046,,0,True
SH600792,5.2900004,6.9565096,0.8309642719938533,0.758739915482136,0.6838263542066846,0.7839031886285056,量能水平,1,False
SH600793,16.39,0.9060173,0.18075297733384557,0.22781406069919324,0.0987322320399539,0.3672685363042643,,0,True
SH600794,3.19,0.3749666,0.014214368036880523,0.013253937764118325,0.6432961966961198,0.5366884364195159,,0,True
SH600795,5.3600006,5.7942376,0.22262773722627738,0.3668843641951594,0.7266615443718786,0.7153284671532847,,0,True
SH600796,5.0899997,0.26205647,0.08874375720322704,0.039953899346907414,0.7545140222819823,0.2608528620822128,,0,True
SH600797,6.49,0.87381256,0.2305032654629274,0.33346139070303493,0.35881674990395696,0.4508259700345755,,0,True
SH600798,3.3799999,1.2954383,0.5656934306569343,0.49961582789089515,0.2815981559738763,0.04629273914713792,,0,True
SH600800,3.2,0.5876833,0.6824817518248175,0.684402612370342,0.2174414137533615,0.57164809834806,,0,True
SH600801,23.799997,2.1081543,0.001920860545524395,0.004610065309258548,0.8674606223588167,0.2844794467921629,量能动量,1,False
SH600802,6.94,2.6444962,0.6327314636957357,0.8678447944679216,0.9836726853630426,0.9210526315789473,量能波动;量能动量;量能比,3,False
SH600803,18.39,1.6054143,0.08855167114867461,0.02708413369189397,0.5368805224740684,0.0714560122935075,,0,True
SH600805,4.63,0.31278768,0.08663081060315021,0.04552439492892816,0.7306953515174799,0.7643104110641568,,0,True
SH600807,2.6799998,0.35341012,0.2593161736457933,0.05608912792931233,0.7241644256626969,0.6690357280061467,,0,True
SH600808,2.46,1.5332353,0.4285439877064925,0.42547061083365345,0.7376104494813677,0.7956204379562044,,0,True
SH600809,111.5,6.326497,0.0036496350364963502,0.0042258932001536685,0.8086822896657703,0.44045332308874374,量能动量,1,False
SH600810,6.22,0.3854172,0.052055320783711105,0.14406454091432963,0.7798693814829043,0.4033807145601229,,0,True
SH600812,4.84,2.0690038,0.5914329619669612,0.8609296965040338,0.022089896273530543,0.7700729927007299,量能波动,1,False
SH600814,6.87,1.3247782,0.2291586630810603,0.23568958893584327,0.02650787552823665,0.005954667691125624,,0,True
SH600815,3.77,4.4464645,0.8019592777564348,0.9517864003073376,0.9775259316173646,0.933538225124856,量能水平;量能波动;量能动量;量能比,4,False
SH600816,2.3400002,1.4904872,0.3484441029581252,0.29273914713791777,0.2708413369189397,0.23376872839031887,,0,True
SH600818,9.17,0.3742107,0.06185170956588552,0.18517095658855168,0.13561275451402227,0.3955051863234729,,0,True
SH600819,5.6099997,0.5000376,0.326930464848252,0.28044563964656166,0.45409143296196697,0.5038417210910487,,0,True
SH600820,5.2,1.0746735,0.12370341913177103,0.05378409527468306,0.16577026507875528,0.04456396465616596,,0,True
SH600821,5.7,4.0338826,0.8169419900115251,0.7495197848636189,0.2139838647714176,0.07087975412985018,量能水平,1,False
SH600822,9.18,0.87358487,0.31732616212063003,0.5178640030733769,0.08720706876680753,0.7729542835190165,,0,True
SH600824,3.66,0.64520276,0.043411448328851326,0.029581252401075682,0.4145217057241644,0.08797541298501729,,0,True
SH600826,7.98,0.44297564,0.04821359969266231,0.16749903956972723,0.6790242028428736,0.9485209373799462,量能比,1,False
SH600827,7.76,1.009752,0.2053399923165578,0.1215904725316942,0.3357664233576642,0.18459469842489434,,0,True
SH600828,4.2799997,2.5788164,0.5265078755282366,0.5470610833653476,0.08701498271225509,0.03073376872839032,,0,True
SH600829,9.33,1.2913992,0.040338071456012294,0.08893584325777948,0.04437187860161352,0.3123319247022666,,0,True
SH600830,8.359999,3.0312006,0.6233192470226662,0.31156358048405686,0.032078371110257395,0.000384172109104879,,0,True
SH600831,3.41,0.6490173,0.20437956204379562,0.6951594314252785,0.9535151747983096,0.9669611986169804,量能动量;量能比,2,False
SH600833,10.56,0.56337535,0.05666538609296965,0.0895121014214368,0.11390703034959662,0.4473684210526316,,0,True
SH600835,18.21,1.0254911,0.04840568574721475,0.2057241644256627,0.01882443334613907,0.8874375720322705,量能比,1,False
SH600838,8.15,1.7127906,0.5478294275835575,0.5437956204379562,0.008643872454859777,0.12082212831348445,,0,True
SH600839,6.4100003,2.894109,0.8011909335382251,0.6091048789857856,0.3958893584325778,0.14425662696888206,量能水平,1,False
SH600841,5.6499996,0.7904679,0.3962735305416827,0.26162120630042257,0.650787552823665,0.2704571648098348,,0,True
SH600843,7.6800003,0.9820984,0.3795620437956204,0.8962735305416827,0.9963503649635036,0.9986553976181329,量能波动;量能动量;量能比,3,False
SH600844,3.21,2.348851,0.8547829427583558,0.7022666154437188,0.36765270841336917,0.021321552055320783,量能水平,1,False
SH600845,17.81,2.2600052,0.01536688436419516,0.11717249327698809,0.19093353822512485,0.8215520553207837,量能比,1,False
SH600846,10.679999,0.28973305,0.009796388782174413,0.0034575489819439107,0.6300422589320015,0.2504802151363811,,0,True
SH600847,12.86,0.5992382,0.1746062235881675,0.4435266999615828,0.027852477910103726,0.9350749135612755,量能比,1,False
SH600848,8.7,0.6109994,0.193622742988859,0.2852477910103726,0.8603534383403765,0.8252016903572801,量能动量;量能比,2,False
SH600850,13.65,0.9708013,0.03515174798309643,0.07433730311179408,0.6713407606607761,0.7308874375720322,,0,True
SH600851,7.9,0.6061273,0.040145985401459854,0.107952362658471,0.06204379562043796,0.5514790626200538,,0,True
SH600853,3.2899997,0.2833433,0.021513638109873223,0.039761813292354974,0.8325009604302728,0.6471379177871687,量能动量,1,False
SH600854,4.78,0.28822896,0.31828659239339224,0.4154821359969266,0.925278524779101,0.70630042258932,量能动量,1,False
SH600855,12.349999,1.623456,0.5024971187091817,0.1822896657702651,0.7840952746830581,0.10142143680368805,,0,True
SH600857,17.529999,2.2339766,0.4898194391087207,0.5384172109104879,0.9291202458701499,0.7804456396465617,量能动量,1,False
SH600858,4.94,0.45324585,0.051286976565501345,0.050518632347291585,0.7232039953899347,0.2902420284287361,,0,True
SH600859,9.679999,1.5024091,0.24068382635420668,0.060315021129466004,0.2427967729542835,0.13119477525931617,,0,True
SH600860,7.5199995,0.5104126,0.14464079907798694,0.3678447944679216,0.03073376872839032,0.7314636957356896,,0,True
SH600861,12.69,0.21850719,0.01152516327314637,0.02631578947368421,0.7958125240107569,0.1492508643872455,,0,True
SH600862,17.73,2.4042244,0.3707260852862082,0.12005378409527469,0.34268152132155205,0.12370341913177103,,0,True
SH600863,4.68,4.488052,0.3058009988474837,0.33192470226661547,0.8257779485209373,0.291970802919708,量能动量,1,False
SH600864,5.63,3.051251,0.4358432577794852,0.4133691893968498,0.050134460238186705,0.1409911640414906,,0,True
SH600865,10.43,5.105757,0.635036496350365,0.7055320783711102,0.019976949673453707,0.16442566269688821,,0,True
SH600866,4.09,1.1299615,0.3140606991932386,0.3507491356127545,0.11659623511333077,0.08739915482135997,,0,True
SH600867,7.6800003,0.9879941,0.009604302727621975,0.016903572800614674,0.4343065693430657,0.5647330003841721,,0,True
SH600868,2.7799997,1.1883638,0.498271225509028,0.5207452938916635,0.81732616212063,0.3638109873223204,量能动量,1,False
SH600869,18.03,56.471638,0.9419900115251633,0.8784095274683058,0.03054168267383788,0.11678832116788321,量能水平;量能波动,2,False
SH600871,2.09,3.1555018,0.8810987322320399,0.8467153284671532,0.11851709565885517,0.20802919708029197,量能水平;量能波动,2,False
SH600872,16.84,1.5961653,0.08932001536688436,0.051286976565501345,0.6815213215520554,0.2860161352285824,,0,True
SH600873,7.24,1.6478294,0.10833653476757588,0.04821359969266231,0.7633499807913946,0.19247022666154437,,0,True
SH600874,5.46,0.3877917,0.08605455243949289,0.11582789089512101,0.7001536688436419,0.31156358048405686,,0,True
SH600875,22.97,8.143364,0.46369573568958894,0.31732616212063003,0.4389166346523242,0.15290049942374184,,0,True
SH600876,7.5400004,1.2840756,0.39089512101421436,0.38878217441413754,0.24740683826354207,0.6496350364963503,,0,True
SH600877,11.4,1.2681712,0.150787552823665,0.15251632731463696,0.5134460238186708,0.5159431425278524,,0,True
SH600879,13.66,8.600683,0.37322320399538994,0.32885132539377643,0.4677295428351902,0.5578179024202843,,0,True
SH600880,4.18,3.3130355,0.5956588551671149,0.7399154821359969,0.14214368036880523,0.5566653860929697,,0,True
SH600881,1.84,2.444957,0.7620053784095274,0.7197464464079908,0.01824817518248175,0.22704571648098348,,0,True
SH600882,18.71,0.832828,0.06972723780253554,0.043603534383403766,0.7862082212831348,0.14809834805993086,,0,True
SH600883,8.21,0.44018272,0.08643872454859777,0.032846715328467155,0.7673837879369958,0.16653860929696504,,0,True
SH600884,11.58,3.5667853,0.4060699193238571,0.7620053784095274,0.9709950057625817,0.9512101421436804,量能动量;量能比,2,False
SH600885,33.48,4.254713,0.07107184018440262,0.03784095274683058,0.5142143680368805,0.19054936611601997,,0,True
SH600886,15.150001,3.644215,0.058394160583941604,0.27506723011909334,0.8778332693046484,0.8403764886669228,量能动量;量能比,2,False
SH600887,27.240002,12.925783,0.14003073376872838,0.08778332693046485,0.8655397618132924,0.3440261237034191,量能动量,1,False
SH600888,9.670001,3.628446,0.19477525931617365,0.3092585478294276,0.8196311947752594,0.7821744141375336,量能动量,1,False
SH600892,4.16,3.3611412,0.7629658086822897,0.7305032654629274,0.6469458317326162,0.0622358816749904,,0,True
SH600893,38.41,12.783751,0.5376488666922782,0.4863618901267768,0.1742220514790626,0.27064925086438724,,0,True
SH600894,7.66,0.49982995,0.013830195927775643,0.2577794852093738,0.08932001536688436,0.9621590472531695,量能比,1,False
SH600895,27.77,4.592924,0.20514790626200538,0.3628505570495582,0.569919323857088,0.6139070303495966,,0,True
SH600897,15.0199995,0.54010385,0.0155589704187476,0.39761813292354975,0.9684978870533999,0.9654245101805609,量能动量;量能比,2,False
SH600900,28.38,24.948252,0.6913177103342297,0.5916250480215136,0.7691125624279678,0.5766423357664233,,0,True
SH600901,6.8500004,1.8017949,0.6217825585862466,0.5505186323472916,0.7393392239723396,0.6202458701498271,,0,True
SH600903,6.51,5.131906,0.7379946215904726,0.5295812524010757,0.15405301575105648,0.03034959661928544,,0,True
SH600905,3.52,2.359262,0.8269304648482521,0.841336918939685,0.8678447944679216,0.6150595466769112,量能水平;量能波动;量能动量,3,False
SH600906,6.2699995,1.797617,0.6911256242796773,0.5996926623127161,0.1945831732616212,0.13849404533230888,,0,True
SH600908,5.84,1.3015949,0.5989243180945063,0.49923165578179024,0.8645793315405301,0.31636573184786787,量能动量,1,False
SH600909,7.6899996,7.3420525,0.969842489435267,0.8851325393776411,0.24490971955436036,0.2291586630810603,量能水平;量能波动,2,False
SH600916,7.1399994,2.3035853,0.766615443718786,0.5003841721091049,0.5441797925470611,0.051671148674606225,,0,True
SH600917,4.79,0.4365156,0.19861698040722245,0.08932001536688436,0.4469842489435267,0.04494813676527084,,0,True
SH600918,5.39,1.7619956,0.7827506723011909,0.5059546676911256,0.6006530925854783,0.2564348828275067,,0,True
SH600919,12.16,11.148953,0.9454475605071072,0.9408374951978487,0.5286208221283135,0.6407990779869381,量能水平;量能波动,2,False
SH600925,4.1,0.47032,0.5021129466000769,0.32366500192086056,0.7383787936995774,0.13138686131386862,,0,True
SH600926,16.810001,6.660729,0.8805224740683827,0.8311563580484057,0.23069535151747983,0.36323472915866306,量能水平;量能波动,2,False
SH600927,12.060001,0.76305497,0.7107184018440261,0.6406069919323857,0.2929312331924702,0.2139838647714176,,0,True
SH600928,3.4799998,0.9227869,0.6832500960430272,0.37322320399538994,0.8004225893200154,0.17921628889742605,量能动量,1,False
SH600930,3.8200002,4.220639,0.9807913945447561,0.9552439492892816,0.24567806377257012,0.3186707645024971,量能水平;量能波动,2,False
SH600933,13.300001,1.5687112,0.7191701882443334,0.8515174798309643,0.029197080291970802,0.8129081828659239,量能波动;量能比,2,False
SH600935,2.3000002,0.55231994,0.6684594698424894,0.7850557049558202,0.08009988474836727,0.5728006146753746,,0,True
SH600936,4.25,2.9887145,0.9277756434882828,0.7913945447560508,0.33211678832116787,0.03380714560122935,量能水平,1,False
SH600938,33.36,14.25414,0.9393008067614291,0.8000384172109105,0.27276219746446406,0.2086054552439493,量能水平;量能波动,2,False
SH600939,2.65,0.3371477,0.3384556281213984,0.40491740299654244,0.8361505954667691,0.7629658086822897,量能动量,1,False
SH600941,97.36001,7.4878855,0.9104878985785632,0.8325009604302728,0.423933922397234,0.4556281213983865,量能水平;量能波动,2,False
SH600955,12.280001,0.29895157,0.5764502497118709,0.3795620437956204,0.633307721859393,0.4704187475989243,,0,True
SH600956,7.02,0.52504146,0.15136381098732232,0.12139838647714175,0.577794852093738,0.4091432961966961,,0,True
SH600958,8.610001,3.7427642,0.9441029581252401,0.955436035343834,0.29216288897426046,0.3764886669227814,量能水平;量能波动,2,False
SH600959,3.11,0.9075679,0.7339608144448713,0.5478294275835575,0.8713023434498656,0.6083365347675759,量能动量,1,False
SH600960,3.8899999,0.33827317,0.16250480215136381,0.07356895889358432,0.5349596619285439,0.39992316557817903,,0,True
SH600961,22.59,6.6428933,0.5157510564733,0.34594698424894355,0.29773338455628123,0.261813292354975,,0,True
SH600962,25.24,1.2975945,0.10929696504033808,0.29600461006530926,0.28812908182865926,0.7727621974644641,,0,True
SH600963,3.3400002,0.94345313,0.2952362658470995,0.439684978870534,0.38647714175950826,0.709757971571264,,0,True
SH600966,4.77,0.60528314,0.10430272762197465,0.09546676911256242,0.2575873991548214,0.2203227045716481,,0,True
SH600967,12.730001,13.754971,0.7677679600461007,0.4644640799077987,0.21705724164425663,0.02669996158278909,,0,True
SH600968,3.91,1.5452318,0.5689588935843258,0.304648482520169,0.6002689204763734,0.22550902804456396,,0,True
SH600969,9.500001,2.0277553,0.6448328851325393,0.3196311947752593,0.1978486361890127,0.00384172109104879,,0,True
SH600970,7.63,1.0350343,0.039569727237802534,0.1133307721859393,0.38148290434114485,0.7193622742988859,,0,True
SH600971,8.14,1.415106,0.07990779869381483,0.014406454091432963,0.628505570495582,0.1653860929696504,,0,True
SH600973,5.71,1.0040977,0.05762581636573185,0.12485593545908567,0.3497887053399923,0.2785247791010373,,0,True
SH600975,5.2200003,2.002412,0.48578563196311947,0.14502497118709182,0.4066461774875144,0.050134460238186705,,0,True
SH600976,26.559998,0.41763437,0.006530925854782943,0.009796388782174413,0.012677679600461006,0.051863234729158665,,0,True
SH600977,13.13,3.3962898,0.8857087975412985,0.7729542835190165,0.1425278524779101,0.7024587014982713,量能水平,1,False
SH600979,3.8900003,1.2953551,0.1584709950057626,0.17595082597003459,0.3837879369957741,0.11083365347675758,,0,True
SH600980,18.779999,0.3983016,0.032846715328467155,0.04936611601997695,0.5655013446023819,0.7612370341913177,,0,True
SH600981,2.41,0.4065562,0.1288897426046869,0.13561275451402227,0.5891279293123319,0.6726853630426431,,0,True
SH600982,5.49,1.678712,0.4003073376872839,0.5835574337303112,0.9688820591625048,0.7257011140991164,量能动量,1,False
SH600984,3.58,1.0034122,0.5491740299654245,0.487322320399539,0.9325777948520937,0.3228966577026508,量能动量,1,False
SH600985,15.9,3.587208,0.2685363042643104,0.3645793315405302,0.9033807145601229,0.1698040722243565,量能动量,1,False
SH600986,6.98,3.5926445,0.5822128313484441,0.7095658855167115,0.8978102189781022,0.6901651940069151,量能动量,1,False
SH600987,6.2299995,0.27765,0.0005762581636573184,0.001152516327314637,0.5637725701114099,0.1822896657702651,,0,True
SH600988,38.44,19.900766,0.6763349980791394,0.5800998847483673,0.8330772185939301,0.3995389934690741,量能动量,1,False
SH600989,22.41,15.462465,0.9832885132539377,0.9041490587783327,0.7228198232808298,0.2358816749903957,量能水平;量能波动,2,False
SH600990,17.54,0.46433935,0.012101421436803688,0.020169035728006147,0.5209373799462159,0.31386861313868614,,0,True
SH600992,10.22,0.6512526,0.2383787936995774,0.6676911256242797,0.12408759124087591,0.9661928543987707,量能比,1,False
SH600993,22.210001,0.6341365,0.0013446023818670765,0.002305032654629274,0.4882827506723012,0.2990779869381483,,0,True
SH600995,11.67,1.0155712,0.02650787552823665,0.04802151363810987,0.503073376872839,0.42700729927007297,,0,True
SH600996,6.900001,1.0885919,0.7798693814829043,0.5695351517479831,0.668267383787937,0.6509796388782174,,0,True
SH600997,5.18,0.6750952,0.12466384940453323,0.03495966192854399,0.7180176719170188,0.34998079139454474,,0,True
SH600998,4.96,1.600891,0.7639262389550519,0.8269304648482521,0.4844410295812524,0.7247406838263543,量能波动,1,False
SH600999,16.939999,7.7401023,0.9692662312716097,0.9108720706876681,0.2629658086822897,0.20822128313484442,量能水平;量能波动,2,False
SH601000,4.58,1.9269115,0.2764118325009604,0.33384556281213984,0.841336918939685,0.7301190933538225,量能动量,1,False
SH601001,17.0,3.6632156,0.5341913177103342,0.6116019976949674,0.46484825201690355,0.21456012293507493,,0,True
SH601002,5.22,0.49325237,0.44333461390703033,0.34172109104878984,0.677871686515559,0.2679600461006531,,0,True
SH601003,3.4999998,0.7391126,0.36880522474068383,0.612754514022282,0.7454859777180177,0.5929696504033807,,0,True
SH601005,1.2,0.94198227,0.9521705724164425,0.9848252016903573,0.5151747983096427,0.8213599692662312,量能水平;量能波动;量能比,3,False
SH601006,4.67,4.611614,0.7904341144832885,0.36054552439492893,0.4552439492892816,0.34709950057625816,,0,True
SH601007,6.8,0.5120632,0.4035728006146754,0.2178255858624664,0.32500960430272763,0.20437956204379562,,0,True
SH601008,4.35,1.144981,0.8008067614291202,0.6486746062235882,0.38590088359585095,0.03092585478294276,量能水平,1,False
SH601009,11.79,6.0423656,0.6751824817518248,0.6849788705339992,0.7952362658470995,0.5795236265847099,,0,True
SH601010,1.43,0.20923412,0.30176719170188243,0.269688820591625,0.2614291202458702,0.1897810218978102,,0,True
SH601011,2.87,1.7953836,0.9623511333077218,0.8741836342681522,0.6590472531694199,0.22339608144448714,量能水平;量能波动,2,False
SH601012,10.889999,7.1324267,0.40376488666922783,0.39147137917787167,0.5470610833653476,0.7291586630810604,,0,True
SH601015,3.5800002,3.520903,0.9003073376872839,0.8071456012293508,0.8398002305032655,0.4085670380330388,量能水平;量能波动;量能动量,3,False
SH601016,3.2600002,3.5086777,0.641567422205148,0.6288897426046869,0.2504802151363811,0.15213215520553208,,0,True
SH601018,3.4899998,1.8577386,0.6755666538609297,0.4640799077986938,0.5741452170572416,0.39646561659623514,,0,True
SH601019,6.7599998,0.7189207,0.5945063388398002,0.7120630042258932,0.6340760660776028,0.8446023818670765,量能比,1,False
SH601020,19.949999,5.9394145,0.7846715328467153,0.8357664233576643,0.6732616212063004,0.5105647330003842,量能波动,1,False
SH601021,39.84,2.1099555,0.39435266999615826,0.7066845946984249,0.8830195927775644,0.9352669996158279,量能动量;量能比,2,False
SH601022,8.24,0.9248476,0.6452170572416442,0.8073376872839032,0.0074913561275451405,0.30714560122935075,量能波动,1,False
SH601026,14.690001,0.679619,0.6696119861698041,0.6890126776796005,0.004033807145601229,0.6742220514790627,,0,True
SH601033,14.099999,0.4016884,0.35209373799462157,0.43661160199769494,0.5545524394928928,0.382443334613907,,0,True
SH601038,13.670001,1.3360312,0.45409143296196697,0.44909719554360356,0.3517095658855167,0.2597003457548982,,0,True
SH601058,13.220001,5.596769,0.4412216673069535,0.12562427967729542,0.23665001920860546,0.2815981559738763,,0,True
SH601061,10.52,1.9288172,0.758739915482136,0.6327314636957357,0.5293891663465232,0.24740683826354207,,0,True
SH601065,6.6400003,0.27425674,0.3885900883595851,0.06377257011140991,0.5059546676911256,0.09066461774875144,,0,True
SH601066,23.01,3.2714913,0.5637725701114099,0.3490203611217826,0.4834805993084902,0.14675374567806376,,0,True
SH601068,4.3500004,0.57221276,0.4072224356511717,0.7856319631194775,0.957164809834806,0.96062235881675,量能动量;量能比,2,False
SH601069,24.35,5.1737046,0.5441797925470611,0.4085670380330388,0.6240875912408759,0.18805224740683826,,0,True
SH601077,6.5799994,4.4270663,0.9304648482520169,0.9133691893968497,0.7925470610833654,0.757395313100269,量能水平;量能波动,2,False
SH601083,12.619999,1.528059,0.7758355743373031,0.6365731847867845,0.0933538225124856,0.040338071456012294,,0,True
SH601086,14.27,12.5175,0.8549750288129082,0.7952362658470995,0.7910103726469458,0.7299270072992701,量能水平,1,False
SH601088,47.300003,11.300663,0.9638878217441413,0.9187475989243181,0.8772570111409912,0.5128697656550134,量能水平;量能波动;量能动量,3,False
SH601089,16.01,0.3807772,0.27775643488282753,0.3202074529389166,0.17345370726085285,0.7760276603918556,,0,True
SH601096,3.9199996,0.62567765,0.6198616980407222,0.7472147522089896,0.3759124087591241,0.7070687668075297,,0,True
SH601098,10.2,1.1024507,0.5149827122550903,0.40991164041490585,0.8467153284671532,0.4815597387629658,量能动量,1,False
SH601099,3.46,4.4455624,0.9975028812908183,0.996926623127161,0.19381482904341144,0.6619285439877065,量能水平;量能波动,2,False
SH601100,90.82,6.7021976,0.29792547061083363,0.33883980023050325,0.40971955436035346,0.7741067998463311,,0,True
SH601101,12.59,3.333993,0.7906262005378409,0.6383019592777565,0.6609681137149443,0.12485593545908567,,0,True
SH601106,2.92,1.7358726,0.8905109489051095,0.8543987706492508,0.5868228966577026,0.5868228966577026,量能水平;量能波动,2,False
SH601107,6.04,0.56326485,0.4162504802151364,0.4756050710718402,0.9262389550518633,0.5437956204379562,量能动量,1,False
SH601108,8.169999,4.2273073,0.9723396081444488,0.9293123319247023,0.24337303111794084,0.22070687668075298,量能水平;量能波动,2,False
SH601111,5.78,3.395849,0.6988090664617749,0.7070687668075297,0.26238955051863233,0.755666538609297,,0,True
SH601112,16.300001,1.209908,0.7685363042643104,0.7468305800998848,0.044179792547061086,0.36592393392239725,,0,True
SH601113,3.5,0.3608402,0.4229734921244718,0.3834037648866692,0.2864003073376873,0.8520937379946216,量能比,1,False
SH601116,9.85,2.089332,0.8935843257779486,0.787168651555897,0.04456396465616596,0.031310026892047635,量能水平,1,False
SH601117,7.13,3.5264876,0.8042643104110642,0.796772954283519,0.44583173261621206,0.24183634268152132,量能水平,1,False
SH601118,5.79,11.842209,0.9973107952362659,0.9454475605071072,0.6027660391855552,0.150787552823665,量能水平;量能波动,2,False
SH601121,6.91,0.83607465,0.4377641183250096,0.2086054552439493,0.6290818286592393,0.13349980791394545,,0,True
SH601126,36.629997,8.118992,0.7864003073376873,0.663465232424126,0.5351517479830964,0.29369957741068,,0,True
SH601127,46.81,10.302908,0.7547061083365347,0.7191701882443334,0.870149827122551,0.5049942374183635,量能动量,1,False
SH601128,6.1600003,3.2716718,0.7669996158278909,0.5464848252016904,0.795044179792547,0.3822512485593546,,0,True
SH601133,23.320002,2.796589,0.8551671148674607,0.9648482520169036,0.0384172109104879,0.933154053015751,量能水平;量能波动;量能比,3,False
SH601136,13.950001,3.3840582,0.8180945063388398,0.5954667691125625,0.11505954667691126,0.025739531310026893,量能水平,1,False
SH601137,19.17,2.407258,0.6590472531694199,0.5284287360737611,0.2514406454091433,0.2541298501728774,,0,True
SH601138,58.420002,51.26238,0.995197848636189,0.9713791778716865,0.2631578947368421,0.23319247022666154,量能水平;量能波动,2,False
SH601139,6.18,0.9846417,0.5274683058009988,0.3119477525931617,0.771417595082597,0.3405685747214752,,0,True
SH601155,13.01,2.9823081,0.9402612370341913,0.9250864387245485,0.5026892047637341,0.7862082212831348,量能水平;量能波动,2,False
SH601156,18.06,1.5250537,0.7358816749903957,0.7698809066461775,0.8741836342681522,0.3789857856319631,量能动量,1,False
SH601158,4.0,0.26353765,0.25067230119093353,0.024010756819054936,0.4312331924702267,0.2908182865923934,,0,True
SH601162,3.56,5.4147153,0.8976181329235497,0.8638109873223204,0.5639646561659624,0.4368036880522474,量能水平;量能波动,2,False
SH601163,12.17,0.3010922,0.3857087975412985,0.20015366884364194,0.6286976565501344,0.16769112562427968,,0,True
SH601166,17.789999,13.38642,0.8638109873223204,0.6884364195159431,0.7368421052631579,0.25989243180945065,量能水平,1,False
SH601168,35.170002,17.714937,0.9905877833269304,0.9527468305800999,0.6986169804072224,0.19976949673453706,量能水平;量能波动,2,False
SH601169,5.48,10.342391,0.9823280829811756,0.8253937764118325,0.5407222435651172,0.18709181713407608,量能水平;量能波动,2,False
SH601177,13.64,0.71858287,0.538033038801383,0.21897810218978103,0.7162888974260468,0.2149442950441798,,0,True
SH601179,11.41,6.599829,0.9093353822512485,0.7598924318094507,0.3609296965040338,0.3774490971955436,量能水平,1,False
SH601186,5.9500003,1.7248547,0.8104110641567422,0.5897041874759893,0.6306185170956589,0.3369189396849789,量能水平,1,False
SH601187,6.8399997,1.5249676,0.7235881674990395,0.7378025355359201,0.09181713407606608,0.3278908951210142,,0,True
SH601188,2.87,0.3743451,0.25220898962735305,0.19419900115251632,0.6663465232424126,0.417402996542451,,0,True
SH601199,6.44,1.151698,0.4596619285439877,0.3367268536304264,0.4567806377257011,0.39915482135996927,,0,True
SH601200,6.7700005,0.39754787,0.5795236265847099,0.3993469074145217,0.4298885900883596,0.3718786016135229,,0,True
SH601208,50.530003,33.771957,0.9464079907798694,0.9139454475605071,0.6803688052247406,0.8081060315021129,量能水平;量能波动;量能比,3,False
SH601211,16.650002,10.099537,0.9928928159815598,0.9598540145985401,0.639838647714176,0.6043027276219747,量能水平;量能波动,2,False
SH601212,5.6099997,18.719002,0.9761813292354975,0.7581636573184787,0.34882827506723013,0.05263157894736842,量能水平,1,False
SH601216,4.4399996,2.5589664,0.4840568574721475,0.5656934306569343,0.2402996542451018,0.43699577410679985,,0,True
SH601218,6.13,5.9277773,0.9846331156358048,0.9967345370726085,0.9558202074529389,0.9544756050710719,量能水平;量能波动;量能动量;量能比,4,False
SH601222,5.910001,1.3107163,0.5230503265462927,0.176142912024587,0.757395313100269,0.1152516327314637,,0,True
SH601225,25.66,8.796286,0.5215136381098732,0.3958893584325778,0.8557433730311179,0.5063388398002305,量能动量,1,False
SH601226,6.51,0.6356561,0.5217057241644256,0.7109104878985786,0.019592777564348827,0.7326162120630042,,0,True
SH601228,3.06,0.66392547,0.40818286592393394,0.18786016135228584,0.7558586246638495,0.40145985401459855,,0,True
SH601229,9.55,4.393799,0.8843641951594314,0.7283903188628505,0.7147522089896273,0.3958893584325778,量能水平,1,False
SH601231,24.089998,8.325804,0.7149442950441798,0.6527084133691894,0.4573568958893584,0.4394928928159816,,0,True
SH601233,22.49,9.267871,0.9039569727237803,0.9102958125240107,0.8887821744141375,0.15520553207837112,量能水平;量能波动;量能动量,3,False
SH601236,6.88,1.351926,0.4944295044179793,0.8134844410295813,0.5656934306569343,0.8227045716480983,量能波动;量能比,2,False
SH601279,3.55,0.55396104,0.29946215904725315,0.25989243180945065,0.8082981175566654,0.3355743373031118,量能动量,1,False
SH601288,6.9399996,20.348621,0.906069919323857,0.7235881674990395,0.8388398002305033,0.693622742988859,量能水平;量能动量,2,False
SH601298,10.09,0.96837586,0.3129081828659239,0.376296580868229,0.7537456780637726,0.4114483288513254,,0,True
SH601311,7.33,0.7752195,0.33346139070303493,0.2620053784095275,0.7347291586630811,0.1867076450249712,,0,True
SH601318,52.5,35.207157,0.9865539761813292,0.9546676911256243,0.5182481751824818,0.3734152900499424,量能水平;量能波动,2,False
SH601319,8.06,6.8845124,0.9033807145601229,0.7345370726085286,0.3175182481751825,0.19957741067998463,量能水平,1,False
SH601326,3.5099998,0.7712463,0.374567806377257,0.3807145601229351,0.6025739531310027,0.5833653476757588,,0,True
SH601328,7.620001,12.694677,0.982520169035728,0.9773338455628121,0.8991548213599693,0.531886285055705,量能水平;量能波动;量能动量,3,False
SH601330,8.259999,1.6138501,0.4938532462543219,0.3040722243565117,0.5810603150211294,0.07971571263926239,,0,True
SH601333,3.05,2.2374535,0.8864771417595083,0.7652708413369189,0.4245101805608913,0.34498655397618133,量能水平,1,False
SH601336,55.94,9.599484,0.8878217441413754,0.7629658086822897,0.3795620437956204,0.12063004225893201,量能水平,1,False
SH601339,7.2,0.68323606,0.17595082597003459,0.4638878217441414,0.7091817134076066,0.7137917787168652,,0,True
SH601360,9.120001,9.833071,0.9590856703803304,0.9560122935074914,0.811179408374952,0.5535920092201306,量能水平;量能波动;量能动量,3,False
SH601366,3.63,0.48080608,0.6867076450249712,0.5683826354206685,0.7301190933538225,0.228582404917403,,0,True
SH601369,8.419999,1.0169748,0.5261237034191317,0.7185939300806762,0.005186323472915867,0.747791010372647,,0,True
SH601375,3.94,1.4107125,0.7777564348828275,0.583941605839416,0.19535151747983096,0.23549750288129082,,0,True
SH601377,5.7200003,3.4191482,0.8830195927775644,0.708029197080292,0.57164809834806,0.3933922397233961,量能水平,1,False
SH601388,3.17,0.96148366,0.49731079523626587,0.2879369957741068,0.7103342297349212,0.3463311563580484,,0,True
SH601390,4.25,3.324096,0.9325777948520937,0.7833269304648482,0.6623127160968114,0.3226085286208221,量能水平,1,False
SH601398,8.16,22.30054,0.9087591240875912,0.8061851709565886,0.8897426046868997,0.6454091432961967,量能水平;量能波动;量能动量,3,False
SH601399,3.13,1.8098608,0.9074145217057241,0.8495966192854398,0.9024202842873608,0.8119477525931618,量能水平;量能波动;量能动量;量能比,4,False
SH601456,8.53,1.2989336,0.5290049942374183,0.5084517864003073,0.5837495197848637,0.39665770265078754,,0,True
SH601500,3.85,0.4901935,0.4304648482520169,0.1580868228966577,0.7278140606991932,0.28659239339223974,,0,True
SH601512,8.450001,0.31601208,0.2629658086822897,0.18421052631578946,0.642912024587015,0.13292354975028814,,0,True
SH601515,3.19,0.38077265,0.2597003457548982,0.2139838647714176,0.8559354590856704,0.6769112562427968,量能动量,1,False
SH601518,2.76,0.35926837,0.15866308106031501,0.025547445255474453,0.3557433730311179,0.23415290049942375,,0,True
SH601519,9.01,3.0757847,0.8880138301959277,0.9145217057241645,0.8021513638109873,0.7577794852093738,量能水平;量能波动;量能动量,3,False
SH601528,5.0400004,0.856374,0.6626968882059162,0.38743757203227047,0.8488282750672301,0.1853630426431041,量能动量,1,False
SH601555,8.14,2.865836,0.7500960430272762,0.628505570495582,0.5948905109489051,0.28236650019208603,,0,True
SH601566,9.099999,3.3410125,0.8960814444871302,0.9229734921244718,0.8200153668843642,0.31444487130234344,量能水平;量能波动;量能动量,3,False
SH601567,13.86,3.2772367,0.4711870918171341,0.7864003073376873,0.9448713023434498,0.8845562812139839,量能动量;量能比,2,False
SH601568,3.5100002,0.8337383,0.8192470226661545,0.6179408374951979,0.8528620822128313,0.1847867844794468,量能水平;量能动量,2,False
SH601577,9.7,2.1812027,0.7687283903188629,0.6943910872070688,0.7864003073376873,0.4673453707260853,,0,True
SH601579,37.66,9.888957,0.7668075297733384,0.9245101805608913,0.0034575489819439107,0.9093353822512485,量能波动;量能比,2,False
SH601588,1.8100001,0.68277454,0.6142912024587015,0.6123703419131771,0.5933538225124856,0.8734152900499423,量能比,1,False
SH601595,23.26,4.3548565,0.8248175182481752,0.6532846715328468,0.2155205532078371,0.05685747214752209,量能水平,1,False
SH601598,6.69,0.82123655,0.26815213215520556,0.5182481751824818,0.831732616212063,0.7537456780637726,量能动量,1,False
SH601599,3.27,0.77118623,0.6427199385324626,0.24836726853630425,0.7760276603918556,0.2193622742988859,,0,True
SH601600,8.94,15.544373,0.9990395697272378,0.99212447176335,0.6177487514406454,0.5841336918939685,量能水平;量能波动,2,False
SH601601,30.400002,12.558015,0.9913561275451402,0.9727237802535535,0.24798309642719937,0.5151747983096427,量能水平;量能波动,2,False
SH601606,31.09,13.71393,0.77794852093738,0.5372646945831733,0.14636957356895888,0.018056089127929314,,0,True
SH601607,16.0,1.3587362,0.17441413753361507,0.1142912024587015,0.550710718401844,0.4600461006530926,,0,True
SH601608,4.5599995,1.3230544,0.5076834421820976,0.4466000768344218,0.47253169419900115,0.4168267383787937,,0,True
SH601609,11.320001,5.7767086,0.9193238570879754,0.8847483672685363,0.7130234344986554,0.8115635804840569,量能水平;量能波动;量能比,3,False
SH601611,10.009999,2.4218535,0.5995005762581637,0.28812908182865926,0.32885132539377643,0.060122935074913564,,0,True
SH601615,9.780001,4.604804,0.8741836342681522,0.776219746446408,0.9012677679600462,0.3008067614291203,量能水平;量能动量,2,False
SH601616,3.7799997,0.44835567,0.5643488282750673,0.42086054552439495,0.6565501344602381,0.3603534383403765,,0,True
SH601618,2.5,2.0237288,0.9323857087975413,0.8805224740683827,0.7374183634268152,0.5167114867460623,量能水平;量能波动,2,False
SH601619,3.86,1.2499647,0.30157510564733,0.2276219746446408,0.9179792547061083,0.6131386861313869,量能动量,1,False
SH601628,36.619995,10.188359,0.9804072224356511,0.9490971955436035,0.5643488282750673,0.28044563964656166,量能水平;量能波动,2,False
SH601633,13.66,2.1379528,0.26450249711870916,0.17306953515174797,0.6580868228966577,0.4533230887437572,,0,True
SH601636,5.29,3.5562098,0.8163657318478679,0.7973492124471764,0.14425662696888206,0.6851709565885516,量能水平,1,False
SH601658,5.4099994,10.128382,0.9798309642719939,0.939684978870534,0.9406454091432962,0.31732616212063003,量能水平;量能波动;量能动量,3,False
SH601665,6.9399996,4.00218,0.901651940069151,0.823857087975413,0.1828659239339224,0.3713023434498655,量能水平;量能波动,2,False
SH601666,8.73,2.5161104,0.4473684210526316,0.27103342297349214,0.8565117172493277,0.28006146753745675,量能动量,1,False
SH601668,4.27,8.423564,0.9502497118709182,0.8613138686131386,0.7345370726085286,0.5741452170572416,量能水平;量能波动,2,False
SH601669,4.5200005,3.321323,0.8641951594314253,0.5347675758739916,0.44256626968882057,0.1600076834421821,量能水平,1,False
SH601677,16.16,3.439489,0.8232808298117557,0.8232808298117557,0.877641183250096,0.7677679600461007,量能水平;量能波动;量能动量,3,False
SH601678,5.64,4.2953773,0.9010756819054937,0.7994621590472532,0.25950825970034574,0.11640414905877833,量能水平,1,False
SH601686,4.97,0.2418004,0.44640799077986937,0.5151747983096427,0.6089127929312332,0.6849788705339992,,0,True
SH601688,17.720001,8.382917,0.9708029197080292,0.8567038033038802,0.6250480215136381,0.5574337303111794,量能水平;量能波动,2,False
SH601689,47.35,10.2393055,0.7281982328082981,0.7664233576642335,0.8088743757203227,0.8134844410295813,量能动量;量能比,2,False
SH601696,10.96,3.571638,0.8323088743757203,0.7258932001536689,0.21609681137149442,0.19093353822512485,量能水平,1,False
SH601698,22.7,3.8361793,0.40145985401459855,0.3113714944295044,0.31713407606607763,0.6688436419515943,,0,True
SH601699,14.790001,4.2812657,0.27602766039185556,0.27007299270072993,0.7560507107184018,0.19996158278908951,,0,True
SH601700,6.04,6.6224384,0.9375720322704572,0.92835190165194,0.21667306953515175,0.07376104494813676,量能水平;量能波动,2,False
SH601702,14.84,0.82283527,0.12869765655013446,0.2228198232808298,0.29715712639262387,0.23472915866308106,,0,True
SH601717,12.99,2.3072367,0.7395313100268921,0.7034191317710334,0.8759124087591241,0.43373031117940836,量能动量,1,False
SH601718,1.91,0.42366827,0.630234344986554,0.44487130234344985,0.598348059930849,0.0612754514022282,,0,True
SH601727,6.41,3.429571,0.8876296580868229,0.9562043795620438,0.6196696119861698,0.774490971955436,量能水平;量能波动,2,False
SH601728,6.27,5.106523,0.9241260084517864,0.9062620053784095,0.7733384556281214,0.6550134460238187,量能水平;量能波动,2,False
SH601766,6.1200004,7.309057,0.8643872454859777,0.8876296580868229,0.8115635804840569,0.7654629273914714,量能水平;量能波动;量能动量,3,False
SH601777,7.91,1.7542976,0.8966577026507876,0.9840568574721476,0.9750288129081829,0.9579331540530157,量能水平;量能波动;量能动量;量能比,4,False
SH601778,3.38,2.6846647,0.9421820975797157,0.8340376488666923,0.6273530541682674,0.5386092969650403,量能水平;量能波动,2,False
SH601788,13.55,2.07742,0.8839800230503265,0.70630042258932,0.3052247406838264,0.21763349980791394,量能水平,1,False
SH601789,4.18,1.1437535,0.6325393776411833,0.8415290049942374,0.6959277756434883,0.8766807529773338,量能波动;量能比,2,False
SH601798,7.6800003,0.33052835,0.3497887053399923,0.35439877064925085,0.922205147906262,0.4661928543987707,量能动量,1,False
SH601799,69.75001,3.7372396,0.47099500576258163,0.4202842873607376,0.5436035343834038,0.17729542835190165,,0,True
SH601800,5.83,1.2817743,0.568190549366116,0.31482904341144835,0.8373031117940838,0.33768728390318864,量能动量,1,False
SH601801,5.5399995,1.3444781,0.7116788321167883,0.836534767575874,0.680945063388398,0.9742604686899731,量能波动;量能比,2,False
SH601808,12.060001,1.6037635,0.9279677295428352,0.746062235881675,0.14387245485977718,0.21878601613522858,量能水平,1,False
SH601811,20.369999,2.3805594,0.6087207068766808,0.9610065309258548,0.8447944679216289,0.9788705339992316,量能波动;量能动量;量能比,3,False
SH601816,4.7000003,5.8279753,0.979446792162889,0.9886669227814061,0.9368036880522475,0.7969650403380715,量能水平;量能波动;量能动量,3,False
SH601818,3.01,4.953514,0.868421052631579,0.614483288513254,0.5739531310026892,0.17057241644256627,量能水平,1,False
SH601825,8.580001,1.9016174,0.7485593545908567,0.3607376104494814,0.7445255474452555,0.4127929312331925,,0,True
SH601827,7.8199997,0.41145897,0.2602766039185555,0.10334229734921245,0.031694199001152515,0.07164809834805994,,0,True
SH601828,2.1900003,1.2278414,0.9725316941990012,0.893776411832501,0.6527084133691894,0.5631963119477525,量能水平;量能波动,2,False
SH601838,18.88,3.7843478,0.6678832116788321,0.6577026507875529,0.42239723396081447,0.6323472915866308,,0,True
SH601857,11.12,13.693362,0.9994237418363426,0.9980791394544756,0.6365731847867845,0.6657702650787553,量能水平;量能波动,2,False
SH601858,22.109999,2.685431,0.6043027276219747,0.6680752977333846,0.9389166346523242,0.5733768728390319,量能动量,1,False
SH601860,2.54,1.4096867,0.7817902420284287,0.6788321167883211,0.8542066845946984,0.47541298501728774,量能动量,1,False
SH601865,9.099999,1.0350231,0.15213215520553208,0.09565885516711486,0.4373799462159047,0.3536304264310411,,0,True
SH601866,2.41,1.7029735,0.9694583173261622,0.8361505954667691,0.5606991932385709,0.2748751440645409,量能水平;量能波动,2,False
SH601868,2.3700001,4.7208877,0.947560507107184,0.8628505570495582,0.3457548981943911,0.3407606607760277,量能水平;量能波动,2,False
SH601869,407.95,55.870895,0.9404533230887437,0.8718786016135228,0.7502881290818286,0.4610065309258548,量能水平;量能波动,2,False
SH601872,19.890001,29.900099,0.9531310026892048,0.9350749135612755,0.4041490587783327,0.4304648482520169,量能水平;量能波动,2,False
SH601877,24.43,3.451113,0.7842873607376104,0.5679984633115636,0.5403380714560123,0.1336918939684979,,0,True
SH601878,8.92,1.6203153,0.7823665001920861,0.5749135612754515,0.4356511717249328,0.30618517095658854,,0,True
SH601880,1.4499999,1.2625918,0.7249327698809066,0.6183250096043027,0.7923549750288129,0.5067230119093353,,0,True
SH601881,11.51,2.8295498,0.7796772954283518,0.7149442950441798,0.6707645024971187,0.487322320399539,,0,True
SH601882,22.749998,1.7505181,0.041490587783326933,0.014790626200537841,0.22397233960814444,0.18152132155205533,,0,True
SH601886,12.8,1.9822019,0.6594314252785248,0.4218209757971571,0.6294660007683442,0.21052631578947367,,0,True
SH601888,50.93,9.6493635,0.6772954283519017,0.3860929696504034,0.45812524010756817,0.13657318478678449,,0,True
SH601890,9.23,6.372292,0.9542835190165194,0.9156742220514791,0.07107184018440262,0.06473300038417211,量能水平;量能波动,2,False
SH601898,13.900001,5.443993,0.958893584325778,0.949289281598156,0.8213599692662312,0.2631578947368421,量能水平;量能波动;量能动量,3,False
SH601899,29.460003,58.241028,0.9923165578179024,0.9832885132539377,0.7475989243180945,0.33326930464848253,量能水平;量能波动,2,False
SH601900,12.58,2.1468108,0.6173645793315405,0.7353054168267383,0.8722627737226277,0.5943142527852477,量能动量,1,False
SH601901,6.629999,2.4915369,0.7767960046100653,0.5950825970034576,0.3907030349596619,0.25662696888205916,,0,True
SH601908,2.9099998,0.84909505,0.885516711486746,0.7210910487898579,0.622358816749904,0.4283519016519401,量能水平,1,False
SH601916,2.87,3.883013,0.9408374951978487,0.8989627353054168,0.8972339608144448,0.42143680368805225,量能水平;量能波动;量能动量,3,False
SH601918,11.360001,3.6732616,0.8686131386861314,0.8355743373031118,0.7804456396465617,0.6580868228966577,量能水平;量能波动,2,False
SH601919,16.33,12.562602,0.9508259700345755,0.884172109104879,0.4711870918171341,0.32174414137533613,量能水平;量能波动,2,False
SH601921,7.5500007,0.71321994,0.6260084517864003,0.7047637341529005,0.7742988859008836,0.7447176334998079,,0,True
SH601928,8.2699995,1.0899698,0.5424510180560891,0.6096811371494429,0.41471379177871687,0.6517479830964272,,0,True
SH601929,2.3700001,3.8637013,0.9871302343449866,0.9723396081444488,0.885516711486746,0.5964271993853246,量能水平;量能波动;量能动量,3,False
SH601933,2.9600003,6.0996447,0.972915866308106,0.8346139070303495,0.11678832116788321,0.005762581636573185,量能水平;量能波动,2,False
SH601939,11.030001,10.858647,0.8980023050326547,0.7933154053015751,0.8077218593930081,0.593930080676143,量能水平;量能动量,2,False
SH601949,6.0099998,5.7454476,0.9158663081060315,0.8916634652324241,0.8607376104494814,0.6254321936227429,量能水平;量能波动;量能动量,3,False
SH601952,8.719999,4.214625,0.9135612754514022,0.749135612754514,0.06703803303880139,0.023818670764502496,量能水平,1,False
SH601956,5.07,0.3214237,0.48424894352669995,0.8899346907414522,0.9604302727621975,0.957164809834806,量能波动;量能动量;量能比,3,False
SH601958,19.299997,5.598555,0.9127929312331925,0.906454091432962,0.13964656165962352,0.34767575873991546,量能水平;量能波动,2,False
SH601963,10.97,1.2454975,0.676142912024587,0.660391855551287,0.6056473300038417,0.3680368805224741,,0,True
SH601965,13.03,0.7110038,0.08240491740299655,0.1653860929696504,0.5587783326930464,0.6480983480599308,,0,True
SH601966,10.360001,0.75834775,0.629850172877449,0.4310411064156742,0.3380714560122935,0.3557433730311179,,0,True
SH601968,4.4700003,0.31869015,0.13926238955051864,0.24779101037264695,0.8791778716865155,0.5309258547829427,量能动量,1,False
SH601969,8.89,1.2919945,0.7819823280829812,0.4892431809450634,0.42815981559738764,0.17960046100653093,,0,True
SH601975,4.4300003,9.503272,0.9742604686899731,0.9621590472531695,0.3008067614291203,0.36822896657702653,量能水平;量能波动,2,False
SH601985,9.019999,7.5168796,0.8943526699961583,0.7773722627737226,0.8932001536688436,0.48962735305416827,量能水平;量能动量,2,False
SH601988,6.65,15.399565,0.8993469074145217,0.5706876680752977,0.8161736457933154,0.6565501344602381,量能水平;量能动量,2,False
SH601990,6.54,1.1201816,0.44199001152516326,0.3517095658855167,0.5737610449481367,0.45197848636189014,,0,True
SH601991,5.2500005,11.317853,0.9815597387629658,0.9433346139070303,0.688820591625048,0.2041874759892432,量能水平;量能波动,2,False
SH601992,1.41,0.68125194,0.8607376104494814,0.9162504802151363,0.40683826354206687,0.8505570495582021,量能水平;量能波动;量能比,3,False
SH601996,2.9,0.82475615,0.4829043411448329,0.4022281982328083,0.1069919323857088,0.2057241644256627,,0,True
SH601997,5.56,2.631013,0.8599692662312716,0.7616212063004226,0.9124087591240876,0.28870533999231657,量能水平;量能动量,2,False
SH601998,9.02,4.444516,0.8576642335766423,0.8315405301575106,0.8401844026123704,0.6605839416058394,量能水平;量能波动;量能动量,3,False
SH601999,6.96,3.0530393,0.9792547061083365,0.9441029581252401,0.5645409143296196,0.3136765270841337,量能水平;量能波动,2,False
SH603000,16.650002,4.6618657,0.8123319247022666,0.7892815981559739,0.07990779869381483,0.15731847867844795,量能水平,1,False
SH603001,11.97,1.9437238,0.8770649250864387,0.9074145217057241,0.4154821359969266,0.8682289665770265,量能水平;量能波动;量能比,3,False
SH603002,17.56,15.184407,0.9223972339608144,0.8593930080676143,0.28620822128313483,0.3180945063388398,量能水平;量能波动,2,False
SH603004,19.140001,0.3409762,0.3401844026123703,0.6941990011525163,0.9625432193622743,0.8411448328851325,量能动量;量能比,2,False
SH603005,27.86,8.093613,0.857087975412985,0.7769880906646177,0.4829043411448329,0.4844410295812524,量能水平,1,False
SH603006,10.940001,0.2777179,0.0374567806377257,0.0530157510564733,0.6771033422973493,0.4241260084517864,,0,True
SH603007,4.48,0.97569126,0.4456396465616596,0.23280829811755666,0.4923165578179024,0.15635804840568573,,0,True
SH603008,9.979999,0.7788368,0.3561275451402228,0.411256242796773,0.26104494813676526,0.846139070303496,量能比,1,False
SH603009,45.57,3.4521482,0.14387245485977718,0.025739531310026893,0.4590856703803304,0.39877064925086436,,0,True
SH603010,12.069999,0.9607647,0.1390703034959662,0.27986938148290436,0.09066461774875144,0.6567422205147906,,0,True
SH603011,24.59,12.147945,0.6799846331156358,0.5220898962735305,0.6181329235497502,0.23357664233576642,,0,True
SH603012,8.47,2.0252025,0.7671917018824433,0.7858240491740299,0.6185170956588552,0.19477525931617365,,0,True
SH603013,14.2,0.4429886,0.23722627737226276,0.0987322320399539,0.5993084902036112,0.15097963887821744,,0,True
SH603014,30.880001,0.29114214,0.2228198232808298,0.22185939300806762,0.431809450633884,0.6075681905493661,,0,True
SH603015,10.429999,0.4186926,0.12773722627737227,0.031502112946600075,0.614483288513254,0.6434882827506723,,0,True
SH603016,31.879997,1.7039545,0.35478294275835576,0.3200153668843642,0.01920860545524395,0.28812908182865926,,0,True
SH603017,10.200001,0.3797284,0.16961198616980408,0.6041106415674222,0.9830964271993853,0.8486361890126777,量能动量;量能比,2,False
SH603018,5.200001,0.33679903,0.16749903956972723,0.0724164425662697,0.2691125624279677,0.565117172493277,,0,True
SH603019,80.4,16.997244,0.22320399538993468,0.4590856703803304,0.22589320015366884,0.5816365731847868,,0,True
SH603020,12.11,1.702665,0.7702650787552824,0.9310411064156742,0.1279293123319247,0.9139454475605071,量能波动;量能比,2,False
SH603021,4.95,0.31574342,0.13138686131386862,0.27122550902804454,0.6390703034959662,0.5217057241644256,,0,True
SH603022,9.17,0.28109795,0.11371494429504418,0.05455243949289282,0.7135996926623127,0.6359969266231271,,0,True
SH603023,4.08,0.50920945,0.19227814060699194,0.11659623511333077,0.43027276219746446,0.19631194775259317,,0,True
SH603025,12.949999,0.7883028,0.16442566269688821,0.26719170188244334,0.21475220898962735,0.42086054552439495,,0,True
SH603026,55.869995,3.173077,0.2819823280829812,0.06319631194775259,0.41759508259700345,0.2537456780637726,,0,True
SH603027,7.12,0.907344,0.07126392623895506,0.15943142527852477,0.6461774875144064,0.3119477525931617,,0,True
SH603028,7.26,0.28673613,0.06838263542066846,0.05474452554744526,0.6235113330772186,0.635036496350365,,0,True
SH603029,16.76,0.8388246,0.2860161352285824,0.19496734537072608,0.8071456012293508,0.039953899346907414,量能动量,1,False
SH603030,2.09,0.7716032,0.6980407222435652,0.457164809834806,0.7381867076450249,0.2831348444102958,,0,True
SH603031,36.57,3.9697433,0.3422973492124472,0.2796772954283519,0.6540530157510565,0.4110641567422205,,0,True
SH603032,17.65,1.0680355,0.14214368036880523,0.16653860929696504,0.8899346907414522,0.2575873991548214,量能动量,1,False
SH603033,7.640001,0.54542834,0.13465232424126009,0.30388013830195926,0.015943142527852477,0.7180176719170188,,0,True
SH603035,10.400001,0.3588601,0.24798309642719937,0.5764502497118709,0.4127929312331925,0.45812524010756817,,0,True
SH603036,13.7,0.87607306,0.3530541682673838,0.1711486746062236,0.3634268152132155,0.07664233576642336,,0,True
SH603037,10.440001,0.3368425,0.059162504802151364,0.34556281213983864,0.958893584325778,0.8987706492508644,量能动量;量能比,2,False
SH603038,15.679999,1.1832811,0.39761813292354975,0.4538993469074145,0.6008451786400307,0.6584709950057626,,0,True
SH603039,34.53,5.4015756,0.43469074145217057,0.764886669227814,0.8653476757587399,0.9012677679600462,量能动量;量能比,2,False
SH603040,44.329998,0.85013455,0.020937379946215903,0.2685363042643104,0.4688820591625048,0.8603534383403765,量能比,1,False
SH603041,11.66,0.2733229,0.14944295044179792,0.34882827506723013,0.6993853246254322,0.8384556281213984,量能比,1,False
SH603042,16.550001,5.7397323,0.9295044179792548,0.9731079523626585,0.9006915097963888,0.8932001536688436,量能水平;量能波动;量能动量;量能比,4,False
SH603043,12.95,0.46176404,0.23184786784479447,0.1342681521321552,0.5495582020745294,0.2981175566653861,,0,True
SH603045,47.16,3.7448955,0.4512101421436804,0.30330388013830195,0.2650787552823665,0.16711486746062235,,0,True
SH603048,24.589998,0.55724394,0.33941605839416056,0.6306185170956589,0.16845946984248944,0.8830195927775644,量能比,1,False
SH603049,43.83,1.0845666,0.6116019976949674,0.4283519016519401,0.6052631578947368,0.15347675758739915,,0,True
SH603050,16.45,0.5263274,0.029581252401075682,0.3447944679216289,0.7041874759892431,0.8668843641951595,量能比,1,False
SH603051,24.71,1.4954522,0.7393392239723396,0.6496350364963503,0.18997310795236266,0.49807913945447563,,0,True
SH603052,52.959995,2.6274652,0.5067230119093353,0.5192086054552439,0.728582404917403,0.688820591625048,,0,True
SH603055,9.04,0.72178686,0.4101037264694583,0.7535535920092201,0.8983864771417595,0.8609296965040338,量能动量;量能比,2,False
SH603057,17.74,0.49011624,0.319054936611602,0.36304264310411066,0.6473300038417211,0.9087591240875912,量能比,1,False
SH603058,8.67,1.2181698,0.47541298501728774,0.4504417979254706,0.10564733000384172,0.09431425278524778,,0,True
SH603059,25.889997,0.36240375,0.2241644256626969,0.032078371110257395,0.45927775643488283,0.6035343834037649,,0,True
SH603060,5.5299997,0.28641233,0.06665386092969651,0.5261237034191317,0.9786784479446792,0.8955051863234729,量能动量;量能比,2,False
SH603061,318.5,10.87615,0.7812139838647714,0.744333461390703,0.22550902804456396,0.3422973492124472,,0,True
SH603063,28.16,4.3770075,0.8542066845946984,0.7846715328467153,0.8374951978486362,0.3040722243565117,量能水平;量能动量,2,False
SH603065,14.830001,3.6417654,0.9346907414521706,0.9485209373799462,0.9035728006146754,0.8916634652324241,量能水平;量能波动;量能动量;量能比,4,False
SH603066,9.32,0.5872937,0.20015366884364194,0.13887821744141376,0.058778332693046484,0.13311563580484057,,0,True
SH603067,39.450005,13.539767,0.600076834421821,0.7107184018440261,0.6500192086054553,0.732039953899347,,0,True
SH603068,45.000004,5.586301,0.9022281982328083,0.9613907030349597,0.506530925854783,0.9648482520169036,量能水平;量能波动;量能比,3,False
SH603069,13.440001,0.66034687,0.12581636573184787,0.12235881674990395,0.36208221283134845,0.3628505570495582,,0,True
SH603071,12.34,0.2671337,0.22627737226277372,0.11275451402228198,0.6171724932769881,0.180945063388398,,0,True
SH603072,29.75,0.43402848,0.4314252785247791,0.3536304264310411,0.30099884748367267,0.4145217057241644,,0,True
SH603073,19.719997,0.512898,0.48309642719938534,0.8832116788321168,0.9940453323088744,0.9927007299270073,量能波动;量能动量;量能比,3,False
SH603075,19.95,0.690782,0.6509796388782174,0.6500192086054553,0.708029197080292,0.522281982328083,,0,True
SH603076,20.410002,0.2928717,0.14195159431425278,0.09854014598540146,0.7917787168651556,0.6880522474068382,,0,True
SH603077,2.1799998,5.145666,0.8399923165578179,0.5735689588935843,0.16826738378793699,0.021129466000768343,量能水平,1,False
SH603078,29.59,5.0125074,0.5829811755666539,0.5009604302727622,0.3230887437572032,0.40261237034191316,,0,True
SH603079,13.169999,0.64292455,0.3301959277756435,0.17537456780637725,0.45601229350749134,0.13695735689588937,,0,True
SH603080,19.56,0.3401507,0.14694583173261622,0.16769112562427968,0.38532462543219365,0.14713791778716864,,0,True
SH603081,9.43,0.22291607,0.17076450249711872,0.07971571263926239,0.32116788321167883,0.6102573953131003,,0,True
SH603082,42.0,4.372017,0.9268152132155205,0.9448713023434498,0.2896657702650788,0.5710718401844026,量能水平;量能波动,2,False
SH603083,201.09999,49.465153,0.8198232808298117,0.5824049174029965,0.5812524010756819,0.2174414137533615,量能水平,1,False
SH603085,9.750001,0.4363863,0.060122935074913564,0.007875528236650019,0.587014982712255,0.48578563196311947,,0,True
SH603086,5.84,1.02894,0.44967345370726086,0.04706108336534767,0.3367268536304264,0.007875528236650019,,0,True
SH603087,74.85,4.996856,0.9337303111794084,0.972915866308106,0.7039953899346908,0.9208605455243949,量能水平;量能波动;量能比,3,False
SH603088,9.960001,0.7345717,0.029004994237418362,0.06915097963887822,0.6895889358432578,0.376296580868229,,0,True
SH603089,9.53,0.4324444,0.18497887053399922,0.09738762965808682,0.4200922013061852,0.11909335382251249,,0,True
SH603090,36.68,3.2811725,0.551094890510949,0.2656550134460238,0.3534383403764887,0.02228198232808298,,0,True
SH603091,45.199997,0.2753687,0.051863234729158665,0.03419131771033423,0.5230503265462927,0.7295428351901652,,0,True
SH603092,49.02,1.0362248,0.7330003841721091,0.9429504417979254,0.9731079523626585,0.9510180560891279,量能波动;量能动量;量能比,3,False
SH603093,13.309999,2.9466186,0.5985401459854015,0.6340760660776028,0.40472531694199,0.6267767960046101,,0,True
SH603095,14.110001,0.9198191,0.5754898194391087,0.5622358816749904,0.45639646561659625,0.34037648866692277,,0,True
SH603096,16.36,0.35082287,0.27833269304648484,0.31828659239339224,0.8104110641567422,0.577794852093738,量能动量,1,False
SH603097,18.290003,0.28551817,0.029773338455628122,0.057817902420284284,0.9483288513253938,0.7437572032270457,量能动量,1,False
SH603098,10.74,0.5149034,0.306377257011141,0.058009988474836724,0.40145985401459855,0.05532078371110257,,0,True
SH603099,39.78,3.771872,0.38551671148674604,0.5489819439108721,0.13215520553207838,0.916058394160584,量能比,1,False
SH603100,18.29,0.597231,0.0704955820207453,0.1546292739147138,0.46868997310795235,0.4809834805993085,,0,True
SH603101,7.3700004,0.6503799,0.3228966577026508,0.11640414905877833,0.5084517864003073,0.07107184018440262,,0,True
SH603102,36.870003,0.5982295,0.5395697272378025,0.2612370341913177,0.5860545524394929,0.34805993084902037,,0,True
SH603103,16.13,1.0107286,0.5624279677295428,0.36611601997694965,0.10372646945831733,0.14963503649635038,,0,True
SH603105,8.829999,2.4938903,0.7806377257011141,0.7860161352285824,0.9195159431425278,0.8011909335382251,量能动量;量能比,2,False
SH603106,7.27,1.5550177,0.7381867076450249,0.7137917787168652,0.10218978102189781,0.06530925854782943,,0,True
SH603107,12.12,0.21967092,0.4389166346523242,0.6723011909335382,0.6164041490587784,0.7176334998079139,,0,True
SH603108,10.08,1.3375083,0.37764118325009605,0.40549366116019975,0.4033807145601229,0.7358816749903957,,0,True
SH603109,17.48,0.28686813,0.14636957356895888,0.15328467153284672,0.407798693814829,0.6240875912408759,,0,True
SH603110,25.18,2.5831065,0.5553207837111026,0.311179408374952,0.8307721859393008,0.3857087975412985,量能动量,1,False
SH603111,6.15,0.29269338,0.04898194391087207,0.10180560891279293,0.4091432961966961,0.48271225509028043,,0,True
SH603112,16.67,2.3586617,0.688820591625048,0.6431041106415675,0.0021129466000768342,0.1348444102958125,,0,True
SH603113,4.87,1.4602296,0.9358432577794852,0.7270457164809835,0.3469074145217057,0.017287744909719554,量能水平,1,False
SH603115,71.229996,9.966703,0.680945063388398,0.7155205532078371,0.28716865155589705,0.47925470610833654,,0,True
SH603116,7.8200006,0.50733167,0.5626200537840953,0.8947368421052632,0.9733000384172109,0.9813676527084134,量能波动;量能动量;量能比,3,False
SH603117,4.02,0.3422563,0.3113714944295044,0.14617748751440646,0.8152132155205533,0.723780253553592,量能动量,1,False
SH603118,16.300001,13.92155,0.9558202074529389,0.9206684594698424,0.03611217825585863,0.3901267767960046,量能水平;量能波动,2,False
SH603119,52.26,6.334375,0.837879369957741,0.7915866308106031,0.48271225509028043,0.6306185170956589,量能水平,1,False
SH603120,57.75,2.0164778,0.7608528620822128,0.6594314252785248,0.024394928928159816,0.7777564348828275,,0,True
SH603121,12.58,0.8111851,0.3328851325393776,0.5263157894736842,0.3284671532846715,0.8301959277756434,量能比,1,False
SH603122,14.0199995,5.800325,0.8351901651940069,0.9170188244333461,0.6690357280061467,0.9145217057241645,量能水平;量能波动;量能比,3,False
SH603123,9.219999,5.888304,0.971187091817134,0.9544756050710719,0.013638109873223205,0.031502112946600075,量能水平;量能波动,2,False
SH603124,120.2,7.7970247,0.9389166346523242,0.9508259700345755,0.7704571648098348,0.8123319247022666,量能水平;量能波动;量能比,3,False
SH603125,20.769999,1.0352259,0.5555128697656551,0.8670764502497119,0.97637341529005,0.958893584325778,量能波动;量能动量;量能比,3,False
SH603126,6.2999997,0.42073232,0.08009988474836727,0.12293507491356127,0.7796772954283518,0.4352669996158279,,0,True
SH603127,44.82,13.765803,0.45140222819823284,0.5021129466000769,0.5437956204379562,0.8296196696119862,量能比,1,False
SH603128,5.3399997,0.9605965,0.24126008451786402,0.2558586246638494,0.3910872070687668,0.2814060699193239,,0,True
SH603129,284.0,3.7342288,0.09700345754898194,0.2629658086822897,0.26661544371878604,0.7935074913561275,,0,True
SH603130,38.660004,0.36605144,0.12716096811371494,0.25220898962735305,0.9081828659239339,0.6611601997694967,量能动量,1,False
SH603131,13.6900015,0.72149104,0.12293507491356127,0.18017671917018824,0.2602766039185555,0.517479830964272,,0,True
SH603132,18.42,1.4061501,0.5674222051479063,0.6137149442950441,0.9490971955436035,0.2698809066461775,量能动量,1,False
SH603135,8.59,0.5106505,0.6254321936227429,0.2746830580099885,0.8286592393392239,0.4429504417979255,量能动量,1,False
SH603136,9.09,1.4002491,0.6344602381867076,0.5374567806377257,0.024587014982712256,0.07798693814829043,,0,True
SH603137,17.98,2.0662897,0.7700729927007299,0.9154821359969266,0.3058009988474837,0.8484441029581252,量能波动;量能比,2,False
SH603138,15.099999,3.5199463,0.6156358048405686,0.5799077986938148,0.16519400691509797,0.36995774106799845,,0,True
SH603139,34.940002,1.5086948,0.5055704955820207,0.5545524394928928,0.016327314636957357,0.13081060315021129,,0,True
SH603150,68.49,2.3627827,0.7404917402996543,0.5297733384556281,0.9114483288513254,0.6311947752593162,量能动量,1,False
SH603151,18.14,0.9528501,0.6496350364963503,0.5981559738762966,0.5414905877833269,0.45582020745293894,,0,True
SH603153,13.48,0.22867988,0.12946600076834422,0.16135228582404917,0.7687283903188629,0.6117940837495198,,0,True
SH603155,14.779999,1.8305866,0.7483672685363043,0.5898962735305416,0.5124855935459086,0.699769496734537,,0,True
SH603156,43.950005,4.4279003,0.8803303880138302,0.6281213983864772,0.7224356511717249,0.5906646177487515,量能水平,1,False
SH603158,10.29,1.3514607,0.37725701114099114,0.3730311179408375,0.02708413369189397,0.26488666922781406,,0,True
SH603160,54.060005,2.5134945,0.6601997694967345,0.8428736073761045,0.5833653476757588,0.5916250480215136,量能波动,1,False
SH603161,14.5,0.79449475,0.4815597387629658,0.4550518632347292,0.2890895121014214,0.06665386092969651,,0,True
SH603162,12.72,9.460929,0.9706108336534768,0.7038033038801383,0.3935843257779485,0.041298501728774493,量能水平,1,False
SH603163,75.85999,2.3244276,0.5138301959277757,0.40088359585094124,0.344410295812524,0.2320399538993469,,0,True
SH603165,13.21,0.6240946,0.09796388782174414,0.23165578179024202,0.6772954283519017,0.36976565501344605,,0,True
SH603166,10.690001,0.8218233,0.2330003841721091,0.1069919323857088,0.13887821744141376,0.1517479830964272,,0,True
SH603167,7.9800005,0.20246445,0.05685747214752209,0.21283134844410295,0.7506723011909335,0.2593161736457933,,0,True
SH603168,6.04,0.42833248,0.30599308490203614,0.4352669996158279,0.138109873223204,0.6828659239339224,,0,True
SH603169,5.87,0.63234675,0.041298501728774493,0.09930849020361122,0.5576258163657318,0.5046100653092586,,0,True
SH603170,13.530001,0.41993755,0.261813292354975,0.8227045716480983,0.9932769880906647,0.9754129850172878,量能波动;量能动量;量能比,3,False
SH603171,39.88,2.7539988,0.6463695735689589,0.8184786784479446,0.1546292739147138,0.4615827890895121,量能波动,1,False
SH603172,19.81,0.39948523,0.23472915866308106,0.4834805993084902,0.9139454475605071,0.7451018056089128,量能动量,1,False
SH603173,28.779999,0.22673796,0.07452938916634652,0.10391855551286977,0.03572800614675375,0.11870918171340761,,0,True
SH603175,109.7,2.2220137,0.7708413369189396,0.7706492508643873,0.6131386861313869,0.9344986553976181,量能比,1,False
SH603176,5.28,0.22366248,0.016135228582404917,0.10257395313100269,0.7623895505186323,0.4250864387245486,,0,True
SH603177,10.990001,0.50610393,0.1060315021129466,0.05743373031117941,0.14464079907798694,0.2116788321167883,,0,True
SH603178,16.420002,1.5152733,0.5520553207837111,0.6870918171340761,0.9404533230887437,0.6039185555128698,量能动量,1,False
SH603179,40.22,7.8322635,0.6089127929312332,0.4150979638878217,0.42201306185170956,0.3050326546292739,,0,True
SH603181,12.190001,0.5050341,0.06588551671148675,0.04840568574721475,0.31771033422973494,0.46196696119861697,,0,True
SH603182,13.639999,0.30616584,0.16019976949673453,0.1352285824049174,0.34364195159431427,0.3113714944295044,,0,True
SH603183,5.19,0.93287253,0.474644640799078,0.5941221667306954,0.7729542835190165,0.6640414905877833,,0,True
SH603185,13.770001,0.9640006,0.5199769496734538,0.2447176334998079,0.326930464848252,0.37668075297733383,,0,True
SH603186,212.00002,41.723576,0.7003457548981944,0.22205147906262004,0.7112946600076835,0.23242412600845178,,0,True
SH603187,10.629999,0.37967077,0.20380330388013831,0.11198616980407222,0.04821359969266231,0.09104878985785632,,0,True
SH603188,4.91,0.76604986,0.8154053015751056,0.8818670764502498,0.9600461006530926,0.26046868997310796,量能水平;量能波动;量能动量,3,False
SH603189,9.4,0.20706154,0.08759124087591241,0.38494045332308874,0.3330772185939301,0.5192086054552439,,0,True
SH603190,16.380001,0.25055677,0.2704571648098348,0.30272762197464465,0.4594698424894353,0.5787552823665002,,0,True
SH603191,13.12,1.8281574,0.8034959661928543,0.5391855551286977,0.160391855551287,0.008643872454859777,量能水平,1,False
SH603192,19.849998,0.6867125,0.42086054552439495,0.6235113330772186,0.8000384172109105,0.8294275835574337,量能动量;量能比,2,False
SH603193,20.0,0.5497051,0.36304264310411066,0.22589320015366884,0.13926238955051864,0.1317710334229735,,0,True
SH603194,32.77,0.29312837,0.28390318862850555,0.3234729158663081,0.7833269304648482,0.33480599308490205,,0,True
SH603195,38.079998,1.0273507,0.4116404149058778,0.28659239339223974,0.7677679600461007,0.22493276988090666,,0,True
SH603196,17.84,0.3448605,0.051671148674606225,0.01844026123703419,0.6534767575873992,0.32155205532078374,,0,True
SH603197,28.939999,0.72155774,0.32597003457548984,0.09911640414905878,0.4429504417979255,0.2702650787552824,,0,True
SH603198,37.45,1.4671235,0.29120245870149825,0.33269304648482523,0.17383787936995773,0.3419131771033423,,0,True
SH603199,32.02,0.69750977,0.17633499807913947,0.1298501728774491,0.2791010372646946,0.04514022281982328,,0,True
SH603200,40.67,3.1849837,0.503457548981944,0.13407606607760278,0.5879754129850173,0.03803303880138302,,0,True
SH603201,15.23,0.426244,0.2990779869381483,0.3079139454475605,0.17076450249711872,0.37764118325009605,,0,True
SH603202,51.039997,0.4193904,0.5343834037648867,0.4627353054168267,0.4907798693814829,0.7616212063004226,,0,True
SH603203,42.899998,3.7316005,0.30272762197464465,0.33980023050326547,0.12427967729542835,0.6390703034959662,,0,True
SH603205,21.55,0.29867834,0.4506338839800231,0.3205916250480215,0.06473300038417211,0.1225509028044564,,0,True
SH603206,13.8,0.38391855,0.3593930080676143,0.39819439108720706,0.88897426046869,0.8202074529389166,量能动量;量能比,2,False
SH603207,24.14,1.4069431,0.749135612754514,0.7387629658086823,0.10718401844026124,0.07203227045716482,,0,True
SH603208,11.43,0.2036635,0.1104494813676527,0.1371494429504418,0.6513638109873223,0.7618132923549751,,0,True
SH603209,14.490001,0.66531485,0.566845946984249,0.5864387245485978,0.855359200922013,0.4177871686515559,量能动量,1,False
SH603210,13.380001,0.3127574,0.45159431425278523,0.4028044563964656,0.21917018824433346,0.7274298885900884,,0,True
SH603211,18.999998,0.7793114,0.20841336918939685,0.2358816749903957,0.5912408759124088,0.6817134076066078,,0,True
SH603212,11.660001,0.9802572,0.6536688436419515,0.7865923933922397,0.4377641183250096,0.8211678832116789,量能比,1,False
SH603213,13.75,0.23515107,0.028236650019208605,0.039569727237802534,0.8953131002689205,0.5945063388398002,量能动量,1,False
SH603214,13.85,0.72266686,0.5606991932385709,0.28217441413753364,0.758739915482136,0.08470995005762581,,0,True
SH603215,15.27,0.3619628,0.23626584709950058,0.6598155973876296,0.9304648482520169,0.9896273530541683,量能动量;量能比,2,False
SH603216,21.699999,2.5235445,0.838263542066846,0.9099116404149059,0.6423357664233577,0.6917018824433346,量能水平;量能波动,2,False
SH603217,26.460001,0.95842296,0.6029581252401076,0.35824049174029965,0.5119093353822513,0.13061851709565886,,0,True
SH603218,9.5,0.8176915,0.69054936611602,0.7439492892815982,0.9410295812524011,0.6388782174414137,量能动量,1,False
SH603219,12.83,0.33064228,0.10276603918555513,0.19688820591625047,0.8150211294660008,0.7585478294275836,量能动量,1,False
SH603220,17.07,2.8520038,0.6646177487514406,0.6930464848252017,0.34210526315789475,0.36054552439492893,,0,True
SH603221,25.43,4.5761633,0.8615059546676911,0.9043411448328851,0.6655781790242028,0.6187091817134076,量能水平;量能波动,2,False
SH603222,7.9200006,1.2702733,0.37149442950441797,0.7627737226277372,0.9337303111794084,0.97637341529005,量能动量;量能比,2,False
SH603223,9.46,0.81801087,0.10814444871302344,0.25336150595466767,0.7249327698809066,0.19343065693430658,,0,True
SH603225,16.65,2.7163725,0.8568958893584325,0.8674606223588167,0.725509028044564,0.32597003457548984,量能水平;量能波动,2,False
SH603226,29.47,2.3994153,0.2520169035728006,0.4594698424894353,0.18593930080676144,0.8388398002305033,量能比,1,False
SH603227,7.3500004,0.4581735,0.06742220514790626,0.07414521705724164,0.16615443718786016,0.18689973107952362,,0,True
SH603228,100.52999,38.301373,0.9575489819439109,0.8534383403764887,0.585670380330388,0.3131002689204764,量能水平;量能波动,2,False
SH603229,8.139999,0.5826923,0.05570495582020745,0.49289281598155976,0.32942758355743373,0.972915866308106,量能比,1,False
SH603230,15.3099985,3.654202,0.9122166730695351,0.9882827506723012,0.9421820975797157,0.9834805993084902,量能水平;量能波动;量能动量;量能比,4,False
SH603231,17.3,0.34183013,0.3451786400307338,0.466769112562428,0.6903572800614676,0.5084517864003073,,0,True
SH603232,16.690002,2.1967084,0.5845178640030734,0.7602766039185556,0.7349212447176335,0.9164425662696888,量能比,1,False
SH603233,17.83,1.2321959,0.4752208989627353,0.46081444487130235,0.17287744909719555,0.6484825201690357,,0,True
SH603236,70.3,10.923241,0.8367268536304264,0.7840952746830581,0.18843641951594314,0.21417595082597005,量能水平,1,False
SH603237,15.149999,0.454386,0.42047637341529004,0.13753361505954667,0.23818670764502498,0.05551286976565501,,0,True
SH603238,12.709999,0.33086503,0.16826738378793699,0.16269688820591624,0.7458701498271225,0.733384556281214,,0,True
SH603239,13.71,0.31976184,0.06915097963887822,0.08336534767575873,0.7193622742988859,0.5136381098732232,,0,True
SH603248,21.309998,2.8423529,0.9431425278524779,0.9218209757971572,0.2733384556281214,0.9802151363810987,量能水平;量能波动;量能比,3,False
SH603255,30.82,0.6536429,0.4145217057241644,0.5276603918555512,0.12216673069535151,0.5485977718017672,,0,True
SH603256,139.05,34.61708,0.712831348444103,0.8532462543219362,0.125432193622743,0.800230503265463,量能波动;量能比,2,False
SH603257,64.4,1.6746955,0.8288513253937764,0.6454091432961967,0.30330388013830195,0.27929312331924705,量能水平,1,False
SH603258,14.190001,0.6249323,0.5378409527468305,0.8933922397233961,0.8910872070687668,0.9675374567806377,量能波动;量能动量;量能比,3,False
SH603259,160.66,52.813175,0.9245101805608913,0.7420284287360738,0.3409527468305801,0.6371494429504418,量能水平,1,False
SH603260,31.01,2.1417468,0.6402228198232808,0.4800230503265463,0.44371878601613524,0.4771417595082597,,0,True
SH603261,49.480003,1.4132931,0.45601229350749134,0.2637341529004994,0.731655781790242,0.34210526315789475,,0,True
SH603262,17.13,0.78296584,0.7537456780637726,0.49212447176335,0.8820591625048021,0.16692278140606992,量能动量,1,False
SH603266,19.29,1.1184636,0.409527468305801,0.6064156742220514,0.7940837495197849,0.870149827122551,量能比,1,False
SH603267,47.210003,3.6720378,0.7070687668075297,0.7160968113714944,0.020169035728006147,0.4104878985785632,,0,True
SH603268,214.02,12.703511,0.47253169419900115,0.4859777180176719,0.26892047637341526,0.5541682673837879,,0,True
SH603269,23.439999,10.8647,0.61102573953131,0.4074145217057242,0.3267383787936996,0.021513638109873223,,0,True
SH603270,31.87,4.447944,0.9661928543987707,0.7016903572800615,0.5324625432193623,0.03880138301959278,量能水平,1,False
SH603271,38.25,0.52505434,0.38321167883211676,0.6784479446792163,0.11966961198616981,0.61102573953131,,0,True
SH603272,15.7300005,0.70497733,0.49423741836342683,0.37725701114099114,0.06626968882059163,0.31482904341144835,,0,True
SH603273,14.700001,0.25700283,0.23645793315405303,0.06703803303880139,0.560315021129466,0.44756050710718404,,0,True
SH603275,37.000004,0.23457351,0.2466384940453323,0.2072608528620822,0.08835958509412217,0.633307721859393,,0,True
SH603276,17.58,0.6461352,0.5245870149827122,0.4500576258163657,0.12581636573184787,0.5036496350364964,,0,True
SH603277,11.199999,0.2445996,0.0758739915482136,0.1454091432961967,0.4400691509796389,0.24683058009988476,,0,True
SH603278,10.559999,1.3338368,0.7952362658470995,0.993469074145217,0.9988474836726854,0.9959661928543988,量能波动;量能动量;量能比,3,False
SH603279,10.71,0.73237664,0.43200153668843644,0.3497887053399923,0.8422973492124471,0.253937764118325,量能动量,1,False
SH603280,27.199999,0.5367182,0.4168267383787937,0.831732616212063,0.9565885516711486,0.9181713407606608,量能波动;量能动量;量能比,3,False
SH603281,18.119999,0.4851012,0.3816749903956973,0.7781406069919324,0.5272762197464465,0.9525547445255474,量能比,1,False
SH603282,17.32,0.2785268,0.24337303111794084,0.25451402228198233,0.42700729927007297,0.5434114483288514,,0,True
SH603283,42.94,5.9275966,0.41432961966961196,0.33595850941221667,0.2808298117556665,0.4902036112178256,,0,True
SH603284,40.54,0.4417702,0.40088359585094124,0.5199769496734538,0.3180945063388398,0.48693814829043414,,0,True
SH603285,36.72,2.1641345,0.8394160583941606,0.7024587014982713,0.23953131002689204,0.06569343065693431,量能水平,1,False
SH603286,44.769997,1.8678001,0.29715712639262387,0.3524779101037265,0.8580484056857473,0.7013061851709566,量能动量,1,False
SH603288,32.91,4.093765,0.5384172109104879,0.6477141759508259,0.6279293123319247,0.6396465616596235,,0,True
SH603289,11.360001,0.84023845,0.39127929312331927,0.7132155205532078,0.44967345370726086,0.9700345754898194,量能比,1,False
SH603290,83.399994,3.5613742,0.3367268536304264,0.40203611217825586,0.12274298885900883,0.44141375336150596,,0,True
SH603291,8.679999,0.5439579,0.30330388013830195,0.17076450249711872,0.23184786784479447,0.1444487130234345,,0,True
SH603293,35.61,0.87999696,0.7424126008451787,0.44813676527084134,0.09124087591240876,0.014982712255090281,,0,True
SH603296,75.34999,10.267003,0.9444871302343449,0.919131771033423,0.6336918939684979,0.5384172109104879,量能水平;量能波动,2,False
SH603297,107.39001,1.3837539,0.18209757971571264,0.15674222051479061,0.19861698040722245,0.22570111409911642,,0,True
SH603298,21.909998,1.1158096,0.1990011525163273,0.4106799846331156,0.6594314252785248,0.7973492124471764,,0,True
SH603299,8.619999,0.3141414,0.04437187860161352,0.04878985785631963,0.17575873991548213,0.2773722627737226,,0,True
SH603300,4.5299997,1.3445532,0.3845562812139839,0.16711486746062235,0.5820207452938917,0.3196311947752593,,0,True
SH603301,75.799995,1.1620532,0.058009988474836724,0.13273146369573569,0.7191701882443334,0.8628505570495582,量能比,1,False
SH603303,28.09,0.7687987,0.15155589704187475,0.1790242028428736,0.7489435266999616,0.7764118325009605,,0,True
SH603305,11.11,1.675329,0.6262005378409528,0.29792547061083363,0.2875528236650019,0.407798693814829,,0,True
SH603306,71.87,7.5362644,0.47310795236265846,0.42969650403380716,0.374567806377257,0.590472531694199,,0,True
SH603307,25.620003,0.23756884,0.12658470995005763,0.25950825970034574,0.5996926623127161,0.8676527084133692,量能比,1,False
SH603308,36.79,10.988598,0.7860161352285824,0.43373031117940836,0.5147906262005378,0.3609296965040338,,0,True
SH603309,11.099999,0.27562615,0.058586246638494044,0.016519400691509797,0.31828659239339224,0.35055704955820205,,0,True
SH603310,14.509999,0.21759696,0.18325009604302728,0.22800614675374567,0.582597003457549,0.5313100268920476,,0,True
SH603311,25.79,1.7488704,0.2933154053015751,0.2489435266999616,0.8419131771033423,0.13887821744141376,量能动量,1,False
SH603312,32.899998,0.25992724,0.16884364195159432,0.6066077602766039,0.9563964656165962,0.7708413369189396,量能动量,1,False
SH603313,6.2100005,1.5042435,0.8628505570495582,0.8203995389934691,0.06819054936611602,0.27794852093737993,量能水平;量能波动,2,False
SH603315,10.650001,0.7013732,0.28716865155589705,0.21917018824433346,0.7846715328467153,0.2591240875912409,,0,True
SH603316,15.839998,4.093952,0.773146369573569,0.930080676142912,0.593930080676143,0.9189396849788706,量能波动;量能比,2,False
SH603317,12.419999,0.90275663,0.3040722243565117,0.20457164809834805,0.6782558586246639,0.30099884748367267,,0,True
SH603318,8.65,5.7750707,0.768344218209758,0.5533999231655782,0.15731847867844795,0.033230887437572035,,0,True
SH603319,28.4,4.560766,0.3956972723780254,0.6240875912408759,0.0695351517479831,0.7093737994621591,,0,True
SH603320,18.02,0.47726625,0.1317710334229735,0.04610065309258548,0.7504802151363811,0.11505954667691126,,0,True
SH603321,7.1400003,0.8539253,0.5480215136381099,0.6195735689588936,0.07510564733000384,0.49980791394544755,,0,True
SH603322,29.1,2.55069,0.47406838263542067,0.6087207068766808,0.8259700345754898,0.5973876296580868,量能动量,1,False
SH603323,4.4299994,1.74096,0.7429888590088359,0.3720706876680753,0.8497887053399923,0.17402996542451019,量能动量,1,False
SH603324,24.969997,0.6896175,0.39473684210526316,0.14022281982328083,0.7166730695351518,0.34306569343065696,,0,True
SH603326,7.63,0.27226886,0.08317326162120631,0.08835958509412217,0.4279677295428352,0.5243949289281599,,0,True
SH603327,8.0,1.8952875,0.5551286976565502,0.4615827890895121,0.5155589704187477,0.06396465616596235,,0,True
SH603328,14.44,7.1313434,0.9220130618517096,0.933154053015751,0.150787552823665,0.7650787552823665,量能水平;量能波动,2,False
SH603329,10.34,0.25213265,0.12754514022281982,0.21705724164425663,0.5309258547829427,0.5374567806377257,,0,True
SH603330,9.34,5.6600766,0.8622742988859009,0.7064925086438725,0.11563580484056857,0.039185555128697654,量能水平,1,False
SH603331,12.39,0.60180193,0.2475989243180945,0.1536688436419516,0.44640799077986937,0.13503649635036497,,0,True
SH603332,11.99,0.3740588,0.2606607760276604,0.23914713791778716,0.469842489435267,0.5653092585478294,,0,True
SH603333,8.849999,1.03632,0.5071071840184402,0.4809834805993085,0.5061467537456781,0.2427967729542835,,0,True
SH603334,31.499998,0.39288747,0.5124855935459086,0.48578563196311947,0.009028044563964657,0.2543219362274299,,0,True
SH603335,6.1900005,0.61621094,0.15443718786016136,0.12370341913177103,0.15501344602381867,0.22935074913561276,,0,True
SH603336,9.900001,2.769316,0.5276603918555512,0.43814829043411446,0.11832500960430273,0.11294660007683442,,0,True
SH603337,35.46,0.9115,0.12216673069535151,0.45217057241644254,0.38052247406838263,0.8703419131771033,量能比,1,False
SH603338,52.56,1.6653064,0.052247406838263545,0.06972723780253554,0.8672685363042643,0.6991932385708798,量能动量,1,False
SH603339,12.17,1.593639,0.5866308106031503,0.5111409911640414,0.0739531310026892,0.10353438340376489,,0,True
SH603341,35.420002,3.10099,0.9306569343065694,0.9923165578179024,0.4950057625816366,0.9431425278524779,量能水平;量能波动;量能比,3,False
SH603344,22.35,0.8180016,0.6340760660776028,0.7068766807529774,0.2835190165194007,0.16634652324241261,,0,True
SH603345,79.05,4.3457665,0.48809066461774875,0.3102189781021898,0.4416058394160584,0.1565501344602382,,0,True
SH603348,14.4800005,0.3633938,0.3369189396849789,0.3634268152132155,0.7823665001920861,0.6575105647330004,,0,True
SH603351,27.209997,0.37597147,0.17825585862466384,0.6794083749519785,0.015751056473300037,0.9467921628889743,量能比,1,False
SH603352,24.84,0.22665282,0.3901267767960046,0.12197464464079907,0.6769112562427968,0.29485209373799465,,0,True
SH603353,40.550003,4.5978303,0.8922397233960815,0.885516711486746,0.042258932001536686,0.4635036496350365,量能水平;量能波动,2,False
SH603355,30.420002,1.216216,0.38148290434114485,0.6459854014598541,0.1415674222051479,0.7952362658470995,,0,True
SH603356,16.599998,0.43726617,0.21513638109873223,0.46311947752593163,0.4450633883980023,0.8981943910872071,量能比,1,False
SH603358,43.039997,4.3218613,0.6619285439877065,0.43411448328851326,0.19708029197080293,0.11851709565885517,,0,True
SH603360,12.19,1.3073776,0.08029197080291971,0.13580484056857473,0.10852862082212832,0.258739915482136,,0,True
SH603363,2.78,1.6031446,0.8578563196311948,0.6713407606607761,0.2197464464079908,0.03592009220130619,量能水平,1,False
SH603365,15.91,0.23285808,0.09661928543987706,0.13138686131386862,0.9133691893968497,0.5338071456012293,量能动量,1,False
SH603366,7.26,2.6309206,0.860161352285824,0.5580099884748367,0.07087975412985018,0.029389166346523242,量能水平,1,False
SH603367,14.219999,0.8192,0.49289281598155976,0.5562812139838648,0.2892815981559739,0.6782558586246639,,0,True
SH603368,15.03,0.4648873,0.19343065693430658,0.16845946984248944,0.7299270072992701,0.42777564348828273,,0,True
SH603369,27.13,2.943665,0.5080676142912025,0.6767191701882443,0.44717633499807913,0.5172877449097195,,0,True
SH603370,27.350002,0.44132483,0.6066077602766039,0.7347291586630811,0.27007299270072993,0.864963503649635,量能比,1,False
SH603373,53.8,1.0989547,0.4767575873991548,0.8042643104110642,0.9742604686899731,0.9875144064540914,量能波动;量能动量;量能比,3,False
SH603375,46.469997,2.2230318,0.8611217825585863,0.9172109104878986,0.18497887053399922,0.9264310411064157,量能水平;量能波动;量能比,3,False
SH603376,26.29,0.9438488,0.8119477525931618,0.44314252785247793,0.08855167114867461,0.005570495582020745,量能水平,1,False
SH603378,4.69,0.78459346,0.6119861698040723,0.8008067614291202,0.49097195543603533,0.6125624279677295,量能波动,1,False
SH603379,49.04,3.1508222,0.7646945831732617,0.444487130234345,0.6886285055704956,0.6648098348059931,,0,True
SH603380,32.87,1.1494719,0.284095274683058,0.13446023818670763,0.8146369573568959,0.28774490971955435,量能动量,1,False
SH603381,14.790001,0.4389574,0.527084133691894,0.4172109104878986,0.284095274683058,0.5409143296196696,,0,True
SH603382,18.840002,0.3765445,0.6123703419131771,0.566461774875144,0.7324241260084517,0.6519400691509797,,0,True
SH603383,26.83,0.70079607,0.11966961198616981,0.17441413753361507,0.19496734537072608,0.08855167114867461,,0,True
SH603385,5.79,0.22030154,0.3152132155205532,0.35535920092201306,0.6728774490971955,0.5610833653476758,,0,True
SH603386,18.449999,3.3604736,0.622358816749904,0.5005762581636574,0.7963887821744141,0.5491740299654245,,0,True
SH603387,9.81,0.81289417,0.38762965808682287,0.6456012293507492,0.10910487898578564,0.8730311179408375,量能比,1,False
SH603389,43.579998,1.0972933,0.09623511333077218,0.059546676911256244,0.20188244333461391,0.1803688052247407,,0,True
SH603390,11.32,1.7631828,0.8188628505570495,0.8117556665386093,0.9302727621974645,0.5132539377641183,量能水平;量能波动;量能动量,3,False
SH603391,69.00001,1.4084532,0.6235113330772186,0.7727621974644641,0.934882827506723,0.7639262389550519,量能动量,1,False
SH603392,26.48,1.6603049,0.13253937764118326,0.2241644256626969,0.29927007299270075,0.5989243180945063,,0,True
SH603393,24.519999,1.7259102,0.5361121782558587,0.28371110257395316,0.48962735305416827,0.16269688820591624,,0,True
SH603395,24.619999,3.7819827,0.9963503649635036,0.9936611601997695,0.02324241260084518,0.10084517864003073,量能水平;量能波动,2,False
SH603396,35.280003,2.2893085,0.6853630426431041,0.9325777948520937,0.9204763734152901,0.952362658470995,量能波动;量能动量;量能比,3,False
SH603398,8.32,0.6587604,0.2802535535920092,0.38052247406838263,0.1746062235881675,0.19823280829811757,,0,True
SH603399,13.16,3.7052207,0.8530541682673838,0.7621974644640799,0.6820975797157126,0.4542835190165194,量能水平,1,False
SH603402,59.780003,2.247446,0.8964656165962351,0.8392239723396081,0.009412216673069535,0.06626968882059163,量能水平;量能波动,2,False
SH603406,27.61,0.81160504,0.7135996926623127,0.588743757203227,0.1882443334613907,0.04782942758355743,,0,True
SH603407,57.89,2.5002985,0.9262389550518633,0.9200922013061852,0.10065309258547829,0.7564348828275067,量能水平;量能波动,2,False
SH603408,11.599999,0.29941544,0.26488666922781406,0.07548981943910872,0.45217057241644254,0.06434882827506723,,0,True
SH603409,17.62,0.2622486,0.31002689204763734,0.16077602766039187,0.8810987322320399,0.7297349212447176,量能动量,1,False
SH603416,46.18,0.64308673,0.10161352285824049,0.05628121398386477,0.4588935843257779,0.3574721475220899,,0,True
SH603418,48.17,0.98538303,0.7456780637725701,0.9629273914713792,0.9834805993084902,0.9731079523626585,量能波动;量能动量;量能比,3,False
SH603421,6.3799996,2.6620739,0.9479446792162889,0.8271225509028045,0.4358432577794852,0.14944295044179792,量能水平;量能波动,2,False
SH603429,8.879999,0.2029346,0.004033807145601229,0.025355359200922013,0.6448328851325393,0.23184786784479447,,0,True
SH603435,45.289997,1.3369641,0.909527468305801,0.8380714560122935,0.3689973107952363,0.2956204379562044,量能水平;量能波动,2,False
SH603439,13.46,3.0301335,0.815981559738763,0.8438340376488667,0.02343449865539762,0.22742988859008836,量能水平;量能波动,2,False
SH603444,335.96,5.291216,0.4950057625816366,0.19074145217057242,0.6400307337687284,0.13253937764118326,,0,True
SH603456,16.26,3.0792723,0.5946984248943527,0.5578179024202843,0.2986938148290434,0.8167499039569728,量能比,1,False
SH603458,10.900001,1.4208138,0.7869765655013446,0.7583557433730311,0.9145217057241645,0.09220130618517096,量能动量,1,False
SH603459,83.619995,8.762687,0.9608144448713023,0.9393008067614291,0.04590856703803304,0.1974644640799078,量能水平;量能波动,2,False
SH603466,11.78,9.591042,0.925278524779101,0.8747598924318094,0.29888590088359585,0.17767960046100653,量能水平;量能波动,2,False
SH603477,14.300001,1.7787611,0.5436035343834038,0.331732616212063,0.7879369957741068,0.5388013830195928,,0,True
SH603486,49.219997,2.0695884,0.49154821359969264,0.3565117172493277,0.8223203995389935,0.31252401075681907,量能动量,1,False
SH603488,7.7899995,0.63176066,0.3253937764118325,0.22435651171724932,0.19669611986169805,0.16212063004225893,,0,True
SH603489,28.99,0.66241544,0.4339223972339608,0.2416442566269689,0.7312716096811371,0.4469842489435267,,0,True
SH603496,21.97,1.4947956,0.2958125240107568,0.2575873991548214,0.21532846715328466,0.20188244333461391,,0,True
SH603499,12.719999,0.595487,0.039377641183250094,0.050902804456396465,0.3645793315405302,0.12831348444102958,,0,True
SH603500,10.440001,0.83735806,0.3363426815213216,0.7658470995005763,0.9289281598155974,0.9865539761813292,量能动量;量能比,2,False
SH603501,80.36,9.876217,0.5430272762197464,0.7226277372262774,0.4406454091432962,0.49577410679984635,,0,True
SH603505,14.08,1.1601022,0.01901651940069151,0.020553207837111027,0.7575873991548213,0.41605839416058393,,0,True
SH603506,12.290001,0.49649188,0.2120630042258932,0.25316941990011527,0.5585862466384941,0.6002689204763734,,0,True
SH603507,27.6,2.6829429,0.8184786784479446,0.6117940837495198,0.5799077986938148,0.9494813676527084,量能水平;量能比,2,False
SH603508,20.47,0.42388445,0.2178255858624664,0.20706876680752978,0.3378793699577411,0.2913945447560507,,0,True
SH603515,14.619999,0.20200196,0.05474452554744526,0.04590856703803304,0.49135612754514024,0.3949289281598156,,0,True
SH603516,77.59,3.5701618,0.3517095658855167,0.382443334613907,0.7364579331540531,0.45639646561659625,,0,True
SH603517,11.3,0.5704798,0.44928928159815595,0.3895505186323473,0.49980791394544755,0.354014598540146,,0,True
SH603518,7.84,0.497506,0.6221667306953516,0.5943142527852477,0.723780253553592,0.5363042643104111,,0,True
SH603519,16.560001,1.1578338,0.12427967729542835,0.4562043795620438,0.8935843257779486,0.931809450633884,量能动量;量能比,2,False
SH603520,8.39,0.48455676,0.17018824433346139,0.025163273146369573,0.5950825970034576,0.6450249711870918,,0,True
SH603527,9.84,0.68448466,0.3730311179408375,0.38321167883211676,0.8363426815213215,0.43353822512485596,量能动量,1,False
SH603528,6.4799995,0.6209062,0.2518248175182482,0.33711102573953133,0.32155205532078374,0.5802919708029197,,0,True
SH603529,21.8,0.88923895,0.43987706492508644,0.6311947752593162,0.92835190165194,0.6709565885516712,量能动量,1,False
SH603530,40.900005,2.0131595,0.19976949673453706,0.32155205532078374,0.7712255090280445,0.1454091432961967,,0,True
SH603533,23.650002,8.378269,0.7927391471379178,0.6544371878601614,0.8288513253937764,0.15001920860545526,量能动量,1,False
SH603535,6.14,0.20749424,0.09220130618517096,0.0549366116019977,0.696696119861698,0.3910872070687668,,0,True
SH603536,10.0199995,0.7305844,0.23415290049942375,0.08605455243949289,0.7145601229350749,0.08586246638494045,,0,True
SH603538,25.99,10.0727,0.8853246254321936,0.9381482904341145,0.503457548981944,0.787168651555897,量能水平;量能波动,2,False
SH603556,22.28,0.91954774,0.4917402996542451,0.31213983864771416,0.41990011525163273,0.12331924702266615,,0,True
SH603557,3.03,0.21396133,0.44717633499807913,0.6901651940069151,0.9277756434882828,0.7095658855167115,量能动量,1,False
SH603558,13.1,0.57736653,0.11179408374951978,0.19535151747983096,0.6922781406069919,0.8447944679216289,量能比,1,False
SH603559,8.809999,2.0277865,0.6849788705339992,0.6772954283519017,0.29504417979254705,0.043987706492508646,,0,True
SH603565,11.4,2.2461693,0.6993853246254322,0.6195735689588936,0.19688820591625047,0.14003073376872838,,0,True
SH603566,10.22,0.2549526,0.09508259700345754,0.06300422589320015,0.15059546676911256,0.16077602766039187,,0,True
SH603567,5.2,1.0821421,0.8837879369957741,0.8196311947752594,0.17191701882443336,0.6179408374951979,量能水平;量能波动,2,False
SH603568,13.219999,1.0288609,0.11986169804072225,0.10622358816749904,0.15981559738762965,0.19439108720706877,,0,True
SH603577,9.679999,0.3224485,0.10372646945831733,0.009988474836726853,0.6148674606223589,0.35920092201306186,,0,True
SH603578,14.379999,0.5574804,0.21456012293507493,0.25854782942758353,0.9056857472147523,0.7251248559354591,量能动量,1,False
SH603579,17.85,0.49814564,0.34556281213983864,0.5509028044563965,0.4227814060699193,0.8818670764502498,量能比,1,False
SH603580,75.5,6.764877,0.4187475989243181,0.5257395313100269,0.8309642719938533,0.8182865923933922,量能动量;量能比,2,False
SH603583,27.919998,1.6022159,0.5063388398002305,0.5067230119093353,0.1386861313868613,0.42258932001536686,,0,True
SH603585,10.559999,0.538783,0.4039569727237802,0.3240491740299654,0.7264694583173261,0.09162504802151364,,0,True
SH603586,14.0,0.24689513,0.2625816365731848,0.5995005762581637,0.8860929696504034,0.791970802919708,量能动量,1,False
SH603587,12.22,0.5256082,0.5434114483288514,0.5251632731463696,0.7766039185555129,0.2775643488282751,,0,True
SH603588,16.25,7.9932933,0.7735305416826739,0.7725701114099116,0.47099500576258163,0.7470226661544372,,0,True
SH603589,17.3,1.0810014,0.6027660391855552,0.7151363810987322,0.41663465232424124,0.7116788321167883,,0,True
SH603590,29.19,0.45971844,0.31655781790242027,0.3718786016135229,0.4060699193238571,0.7243565117172494,,0,True
SH603595,31.5,0.81196487,0.11409911640414906,0.12216673069535151,0.843065693430657,0.28332693046484825,量能动量,1,False
SH603596,27.82,5.149202,0.7635420668459469,0.5585862466384941,0.5343834037648867,0.12216673069535151,,0,True
SH603598,19.13,4.0993333,0.6277372262773723,0.8457548981943911,0.9798309642719939,0.9360353438340376,量能波动;量能动量;量能比,3,False
SH603599,10.120001,1.7771804,0.49481367652708413,0.2908182865923934,0.5265078755282366,0.024010756819054936,,0,True
SH603600,10.259999,0.5800122,0.10180560891279293,0.040530157510564734,0.5814444871302343,0.08413369189396849,,0,True
SH603601,9.759999,12.5373,0.5831732616212063,0.709757971571264,0.3851325393776412,0.7566269688820592,,0,True
SH603602,12.71,0.3350101,0.1069919323857088,0.6300422589320015,0.9909719554360353,0.9154821359969266,量能动量;量能比,2,False
SH603605,53.98,2.8301823,0.3202074529389166,0.22819823280829812,0.5800998847483673,0.658663081060315,,0,True
SH603606,35.33,5.091127,0.19247022666154437,0.18325009604302728,0.8311563580484057,0.23031117940837495,量能动量,1,False
SH603607,23.13,1.3853675,0.36592393392239725,0.39857856319631196,0.07702650787552824,0.21244717633499807,,0,True
SH603608,19.54,3.327661,0.6895889358432578,0.7395313100268921,0.1089127929312332,0.3367268536304264,,0,True
SH603609,6.26,0.38247624,0.15482135996926624,0.21763349980791394,0.22378025355359202,0.21801767191701882,,0,True
SH603610,13.18,0.62757814,0.5954667691125625,0.7007299270072993,0.6471379177871687,0.8079139454475605,量能比,1,False
SH603611,15.41,0.22968362,0.016903572800614674,0.08432577794852093,0.4003073376872839,0.44083749519784865,,0,True
SH603612,15.78,1.748363,0.466769112562428,0.5378409527468305,0.3507491356127545,0.4062620053784095,,0,True
SH603613,18.87,2.8396358,0.4373799462159047,0.14387245485977718,0.49596619285439875,0.3031117940837495,,0,True
SH603615,18.460001,0.96412086,0.34210526315789475,0.3278908951210142,0.017671917018824434,0.26661544371878604,,0,True
SH603616,5.68,0.66326773,0.5572416442566269,0.3778332693046485,0.8344218209757972,0.2723780253553592,量能动量,1,False
SH603617,6.85,0.33914876,0.08547829427583557,0.16019976949673453,0.8882059162504802,0.6089127929312332,量能动量,1,False
SH603618,33.690002,38.535427,0.9500576258163658,0.8903188628505571,0.13791778716865155,0.058009988474836724,量能水平;量能波动,2,False
SH603619,20.760002,7.290978,0.987322320399539,0.806377257011141,0.18958893584325778,0.017671917018824434,量能水平;量能波动,2,False
SH603626,23.910002,9.9521,0.9650403380714561,0.9567806377257011,0.735113330772186,0.7402996542451018,量能水平;量能波动,2,False
SH603628,10.320001,0.805106,0.382443334613907,0.1828659239339224,0.7848636189012678,0.14867460622358816,,0,True
SH603629,98.159996,26.866447,0.8321167883211679,0.8857087975412985,0.2742988859008836,0.46177487514406457,量能水平;量能波动,2,False
SH603630,15.57,0.87087005,0.6248559354590857,0.8517095658855167,0.9673453707260853,0.819054936611602,量能波动;量能动量;量能比,3,False
SH603633,6.3499994,0.432055,0.10122935074913561,0.1600076834421821,0.8432577794852094,0.8100268920476373,量能动量;量能比,2,False
SH603636,7.87,1.9372171,0.6196696119861698,0.934882827506723,0.868421052631579,0.9957741067998463,量能波动;量能动量;量能比,3,False
SH603637,13.690001,1.1801581,0.3837879369957741,0.34940453323088744,0.3822512485593546,0.26219746446407993,,0,True
SH603638,19.65,1.705647,0.06511717249327699,0.2660391855551287,0.9694583173261622,0.8976181329235497,量能动量;量能比,2,False
SH603639,10.36,0.20210716,0.0724164425662697,0.02247406838263542,0.19880906646177487,0.012677679600461006,,0,True
SH603648,9.559999,0.2199022,0.0739531310026892,0.07087975412985018,0.2568190549366116,0.6066077602766039,,0,True
SH603650,63.209995,13.155728,0.8916634652324241,0.8803303880138302,0.684402612370342,0.42201306185170956,量能水平;量能波动,2,False
SH603655,31.03,0.48345923,0.033038801383019595,0.344410295812524,0.2441413753361506,0.9102958125240107,量能比,1,False
SH603656,17.410002,0.25101343,0.09527468305800998,0.28716865155589705,0.331732616212063,0.815981559738763,量能比,1,False
SH603657,37.88,1.790663,0.5530157510564733,0.3933922397233961,0.5971955436035343,0.6505954667691125,,0,True
SH603658,33.610004,1.0989348,0.276219746446408,0.7612370341913177,0.9298885900883596,0.9821359969266231,量能动量;量能比,2,False
SH603659,21.269999,4.153002,0.5960430272762197,0.5674222051479063,0.6642335766423357,0.4106799846331156,,0,True
SH603660,9.3,1.4984037,0.5345754898194391,0.44045332308874374,0.1990011525163273,0.42931233192470225,,0,True
SH603661,33.4,1.1297455,0.7654629273914714,0.80157510564733,0.5111409911640414,0.6728774490971955,量能波动,1,False
SH603662,48.15,1.5151892,0.19765655013446023,0.1590472531694199,0.36938148290434114,0.5232424126008451,,0,True
SH603663,44.26,10.749942,0.2898578563196312,0.39473684210526316,0.5386092969650403,0.7370341913177103,,0,True
SH603665,24.32,0.775508,0.43257779485209374,0.6688436419515943,0.9832885132539377,0.8578563196311948,量能动量;量能比,2,False
SH603666,26.720001,0.883998,0.38935843257779484,0.5194006915097964,0.4218209757971571,0.7191701882443334,,0,True
SH603667,49.84,6.468559,0.6231271609681137,0.795044179792547,0.8987706492508644,0.735113330772186,量能动量,1,False
SH603668,12.030001,1.5458281,0.4508259700345755,0.2101421436803688,0.0311179408374952,0.02708413369189397,,0,True
SH603669,6.01,1.5271804,0.696696119861698,0.7222435651171725,0.06511717249327699,0.7785247791010372,,0,True
SH603677,14.419999,0.26986665,0.08470995005762581,0.07606607760276604,0.39435266999615826,0.38820591625048023,,0,True
SH603678,43.760002,10.431948,0.6425278524779101,0.6150595466769112,0.21091048789857855,0.40242028428736076,,0,True
SH603679,22.98,2.7726083,0.6104494813676528,0.7737226277372263,0.296772954283519,0.8117556665386093,量能比,1,False
SH603680,10.009999,0.47661057,0.6041106415674222,0.6592393392239724,0.06838263542066846,0.6892047637341528,,0,True
SH603681,18.740002,1.3584248,0.5679984633115636,0.7366500192086054,0.2946600076834422,0.8956972723780253,量能比,1,False
SH603682,9.360001,0.9699283,0.5094122166730696,0.4905877833269305,0.5249711870918171,0.6081444487130234,,0,True
SH603683,15.32,2.988966,0.6955436035343834,0.4450633883980023,0.4965424510180561,0.1523242412600845,,0,True
SH603685,25.08,0.66921383,0.23991548213599692,0.25124855935459084,0.7034191317710334,0.15021129466000768,,0,True
SH603686,14.049999,4.9628305,0.8203995389934691,0.8822512485593546,0.012869765655013446,0.8219362274298886,量能水平;量能波动;量能比,3,False
SH603687,14.29,3.170717,0.8009988474836727,0.6352285824049174,0.31540530157510566,0.11601997694967345,量能水平,1,False
SH603688,44.439995,7.0455027,0.3278908951210142,0.3757203227045717,0.13638109873223203,0.40645409143296196,,0,True
SH603689,7.6700006,0.30150902,0.11717249327698809,0.03361505954667691,0.6083365347675759,0.09450633883980022,,0,True
SH603690,22.95,4.0295296,0.19323857087975413,0.29888590088359585,0.28236650019208603,0.6601997694967345,,0,True
SH603693,12.71,1.9019722,0.6882443334613907,0.8090664617748752,0.9648482520169036,0.7560507107184018,量能波动;量能动量,2,False
SH603696,13.119999,3.193289,0.6698040722243566,0.5328467153284672,0.4118325009604303,0.2552823665001921,,0,True
SH603697,9.49,0.47769907,0.16596235113330773,0.4344986553976181,0.9022281982328083,0.7819823280829812,量能动量,1,False
SH603698,20.04,1.7826966,0.6081444487130234,0.48713023434498653,0.4994237418363427,0.5927775643488282,,0,True
SH603699,43.600002,1.9535539,0.4838647714175951,0.3885900883595851,0.6023818670764503,0.5161352285824049,,0,True
SH603700,11.559999,0.5990124,0.4902036112178256,0.6757587399154822,0.5754898194391087,0.7606607760276604,,0,True
SH603701,18.18,0.73159593,0.07913945447560507,0.06146753745678064,0.5144064540914329,0.1834421820975797,,0,True
SH603703,9.88,1.2512301,0.3622742988859009,0.5382251248559354,0.04917402996542451,0.6650019208605455,,0,True
SH603707,7.89,0.78449255,0.12639262389550518,0.15981559738762965,0.09028044563964656,0.6534767575873992,,0,True
SH603708,8.9,0.6312522,0.4256626968882059,0.25605071071840185,0.21456012293507493,0.029965424510180562,,0,True
SH603709,12.860001,0.3892091,0.253937764118325,0.34152900499423744,0.9496734537072609,0.8044563964656166,量能动量;量能比,2,False
SH603711,11.650001,0.44537416,0.4467921628889743,0.4565885516711487,0.6454091432961967,0.3622742988859009,,0,True
SH603712,11.28,1.1771339,0.417402996542451,0.46811371494429505,0.08259700345754899,0.5080676142912025,,0,True
SH603713,66.649994,1.3293092,0.16577026507875528,0.37475989243180946,0.352285824049174,0.503073376872839,,0,True
SH603716,16.579998,2.0228906,0.6709565885516712,0.8296196696119862,0.4189396849788705,0.9110641567422205,量能波动;量能比,2,False
SH603717,6.04,0.54736906,0.6719170188244333,0.5155589704187477,0.788897426046869,0.3090664617748751,,0,True
SH603719,9.08,0.3598293,0.3818670764502497,0.22243565117172492,0.36265847099500576,0.24049174029965426,,0,True
SH603721,18.45,2.2653832,0.5263157894736842,0.47598924318094504,0.6680752977333846,0.059162504802151364,,0,True
SH603722,28.49,0.29883593,0.04533230887437572,0.11217825585862466,0.6331156358048405,0.43757203227045716,,0,True
SH603725,12.03,1.3198771,0.4878985785631963,0.23511333077218594,0.4168267383787937,0.7789089512101421,,0,True
SH603726,23.61,0.70111704,0.0768344218209758,0.0968113714944295,0.4821359969266231,0.6502112946600077,,0,True
SH603727,18.95,0.5871595,0.5291970802919708,0.8013830195927776,0.26872839031886286,0.8467153284671532,量能波动;量能比,2,False
SH603728,52.47,3.185576,0.48751440645409144,0.6375336150595466,0.7084133691893969,0.5835574337303112,,0,True
SH603730,9.63,1.6302904,0.5228582404917403,0.7427967729542835,0.6698040722243566,0.7514406454091433,,0,True
SH603733,17.6,1.3970362,0.6505954667691125,0.7009220130618518,0.9223972339608144,0.33384556281213984,量能动量,1,False
SH603737,21.82,1.9310781,0.09757971571263926,0.20610833653476757,0.5626200537840953,0.7222435651171725,,0,True
SH603738,33.829998,8.907498,0.6269688820591625,0.4965424510180561,0.6016135228582405,0.6177487514406454,,0,True
SH603739,12.76,0.5597392,0.26104494813676526,0.4661928543987707,0.20495582020745293,0.48847483672685366,,0,True
SH603755,25.51,0.46129024,0.23434498655397618,0.6156358048405686,0.9487130234344987,0.8678447944679216,量能动量;量能比,2,False
SH603757,69.310005,7.150002,0.6673069535151748,0.43200153668843644,0.7606607760276604,0.3495966192854399,,0,True
SH603758,10.79,1.1288928,0.6361890126776796,0.3672685363042643,0.3240491740299654,0.0704955820207453,,0,True
SH603759,7.9700003,0.34880304,0.2892815981559739,0.33154053015751056,0.10468689973107953,0.6628889742604687,,0,True
SH603766,14.21,1.9487218,0.32942758355743373,0.5850941221667307,0.7579715712639262,0.8161736457933154,量能比,1,False
SH603767,15.349999,0.90550226,0.3774490971955436,0.9247022666154437,0.9978870533999231,0.9919323857087975,量能波动;量能动量;量能比,3,False
SH603768,11.809999,0.26163596,0.32270457164809835,0.5132539377641183,0.9667691125624279,0.6630810603150211,量能动量,1,False
SH603773,90.600006,23.807327,0.9563964656165962,0.9592777564348828,0.8179024202842874,0.9256626968882059,量能水平;量能波动;量能动量;量能比,4,False
SH603776,21.069998,0.42773172,0.16461774875144064,0.23626584709950058,0.9567806377257011,0.9304648482520169,量能动量;量能比,2,False
SH603777,13.83,1.2219254,0.5835574337303112,0.6346523242412601,0.16077602766039187,0.5925854782942759,,0,True
SH603778,8.03,6.413583,0.8707260852862082,0.9498655397618133,0.3956972723780254,0.6855551286976566,量能水平;量能波动,2,False
SH603779,8.04,1.2658542,0.43757203227045716,0.3313484441029581,0.4717633499807914,0.11813292354975029,,0,True
SH603786,37.17,0.6921932,0.423933922397234,0.19957741067998463,0.6824817518248175,0.18882059162504802,,0,True
SH603787,10.55,0.22117779,0.05320783711102574,0.04763734152900499,0.7314636957356896,0.6623127160968114,,0,True
SH603790,24.75,0.6585418,0.16269688820591624,0.30234344986553974,0.21763349980791394,0.7353054168267383,,0,True
SH603797,5.3599997,0.552793,0.2694967345370726,0.7712255090280445,0.9757971571263926,0.9446792162888974,量能动量;量能比,2,False
SH603798,13.69,0.6424794,0.1911256242796773,0.5332308874375721,0.90472531694199,0.8399923165578179,量能动量;量能比,2,False
SH603799,34.03,13.3611555,0.5714560122935075,0.5751056473300038,0.6229350749135613,0.545908567038033,,0,True
SH603800,53.929996,2.6665914,0.422205147906262,0.4373799462159047,0.3628505570495582,0.43641951594314254,,0,True
SH603801,6.22,0.76655966,0.6252401075681906,0.47157126392623894,0.4548597771801767,0.11544371878601614,,0,True
SH603803,11.39,2.6934378,0.9343065693430657,0.9909719554360353,0.9715712639262389,0.9456396465616597,量能水平;量能波动;量能动量;量能比,4,False
SH603806,13.76,2.5281699,0.5818286592393392,0.4279677295428352,0.4266231271609681,0.5612754514022282,,0,True
SH603808,8.81,0.25442138,0.18958893584325778,0.37533615059546677,0.6765270841336919,0.7533615059546677,,0,True
SH603809,8.490001,0.50766194,0.10391855551286977,0.06242796772954284,0.7439492892815982,0.4279677295428352,,0,True
SH603810,12.25,0.22619614,0.1790242028428736,0.10929696504033808,0.6087207068766808,0.401651940069151,,0,True
SH603811,6.9500003,0.32254407,0.04917402996542451,0.058778332693046484,0.24548597771801767,0.3751440645409143,,0,True
SH603813,25.910002,0.21752422,0.019784863618901267,0.0914329619669612,0.26815213215520556,0.7906262005378409,,0,True
SH603815,5.09,0.32283956,0.25662696888205916,0.2631578947368421,0.6258163657318478,0.6456012293507492,,0,True
SH603816,22.97,1.3922989,0.539761813292355,0.5804840568574722,0.7514406454091433,0.5364963503649635,,0,True
SH603817,5.73,0.75612575,0.44237418363426817,0.753937764118325,0.961966961198617,0.9441029581252401,量能动量;量能比,2,False
SH603818,4.0,1.1191529,0.7710334229734921,0.6367652708413369,0.12043795620437957,0.6625048021513638,,0,True
SH603819,16.539999,1.3681544,0.34306569343065696,0.5280445639646562,0.6561659623511333,0.8593930080676143,量能比,1,False
SH603822,62.7,0.41117415,0.016519400691509797,0.051094890510948905,0.6957356895889358,0.14118325009604302,,0,True
SH603823,42.690002,11.76123,0.7341529004994237,0.6746062235881675,0.8933922397233961,0.8453707260852862,量能动量;量能比,2,False
SH603826,15.53,2.2760522,0.3578563196311948,0.6632731463695736,0.8630426431041106,0.9235497502881291,量能动量;量能比,2,False
SH603829,15.68,0.40497288,0.11832500960430273,0.15386092969650403,0.6990011525163273,0.614099116404149,,0,True
SH603833,30.259998,0.9055489,0.6502112946600077,0.7552823665001921,0.902996542451018,0.7600845178640031,量能动量,1,False
SH603836,9.66,0.26907417,0.27314636957356897,0.41375336150595465,0.6425278524779101,0.60315021129466,,0,True
SH603838,12.450001,0.34085557,0.03822512485593546,0.08221283134844411,0.3482520169035728,0.17134076066077603,,0,True
SH603839,6.88,0.38027796,0.4441029581252401,0.35286208221283133,0.6465616596235113,0.2806377257011141,,0,True
SH603843,6.1800003,0.7538735,0.35920092201306186,0.5092201306185171,0.6736457933154053,0.823857087975413,量能比,1,False
SH603848,13.219999,0.33631015,0.11448328851325394,0.03380714560122935,0.24375720322704572,0.4039569727237802,,0,True
SH603855,16.929998,0.2667287,0.02305032654629274,0.0749135612754514,0.3223203995389935,0.2135996926623127,,0,True
SH603856,11.71,0.2584214,0.10007683442182097,0.06338839800230503,0.23607376104494815,0.25163273146369575,,0,True
SH603858,14.46,0.55890983,0.6780637725701114,0.5361121782558587,0.1911256242796773,0.4587014982712255,,0,True
SH603859,38.16,2.1444,0.23665001920860546,0.4704187475989243,0.2869765655013446,0.6861313868613139,,0,True
SH603860,26.499998,0.28270277,0.10334229734921245,0.08394160583941605,0.7341529004994237,0.5583941605839416,,0,True
SH603861,10.75,0.58835685,0.3768728390318863,0.2904341144832885,0.5211294660007684,0.5407222435651172,,0,True
SH603863,12.11,0.44933307,0.33211678832116787,0.45697272378025355,0.9471763349980792,0.8545908567038033,量能动量;量能比,2,False
SH603866,4.19,0.561058,0.38705339992316556,0.2885132539377641,0.7362658470995006,0.7583557433730311,,0,True
SH603867,34.510002,2.3867736,0.6438724548597772,0.6550134460238187,0.7752593161736457,0.8394160583941606,量能比,1,False
SH603868,30.690002,0.44282427,0.14041490587783326,0.13157894736842105,0.2785247791010373,0.5194006915097964,,0,True
SH603871,11.82,1.2716838,0.1920860545524395,0.3084902036112178,0.5714560122935075,0.4256626968882059,,0,True
SH603876,17.21,3.1531231,0.7397233960814444,0.8213599692662312,0.8275067230119093,0.5516711486746062,量能波动;量能动量,2,False
SH603878,4.92,0.47763193,0.3428736073761045,0.11563580484056857,0.9026123703419132,0.4877064925086439,量能动量,1,False
SH603879,4.97,0.35837036,0.13023434498655398,0.09085670380330388,0.822128313484441,0.6269688820591625,量能动量,1,False
SH603880,8.629999,1.0082777,0.38993469074145215,0.3918555512869766,0.028044563964656165,0.2579715712639262,,0,True
SH603881,23.039997,5.0442586,0.3997310795236266,0.6753745678063773,0.12024587014982713,0.6893968497887053,,0,True
SH603882,28.249998,2.316023,0.4673453707260853,0.5136381098732232,0.6863234729158663,0.8791778716865155,量能比,1,False
SH603883,12.89,1.3205521,0.5242028428736074,0.2427967729542835,0.712831348444103,0.3457548981943911,,0,True
SH603885,9.759999,1.2473745,0.41644256626968884,0.5608912792931233,0.37149442950441797,0.7064925086438725,,0,True
SH603886,13.2,0.63471955,0.28774490971955435,0.29120245870149825,0.9393008067614291,0.7529773338455628,量能动量,1,False
SH603887,8.49,1.7529556,0.6868997310795236,0.547637341529005,0.6865155589704187,0.14387245485977718,,0,True
SH603888,17.27,4.705382,0.8582404917402997,0.911256242796773,0.02228198232808298,0.5995005762581637,量能水平;量能波动,2,False
SH603889,5.9700003,0.5772783,0.10468689973107953,0.02650787552823665,0.3778332693046485,0.1978486361890127,,0,True
SH603890,14.91,6.0401893,0.9175950825970035,0.7839031886285056,0.3463311563580484,0.11659623511333077,量能水平,1,False
SH603893,212.93999,26.5083,0.7625816365731848,0.9195159431425278,0.5914329619669612,0.9014598540145985,量能波动;量能比,2,False
SH603895,26.560001,0.28980133,0.08106031502112947,0.21379177871686517,0.9385324625432193,0.48520937379946216,量能动量,1,False
SH603896,14.690001,0.26256156,0.08701498271225509,0.271417595082597,0.0072992700729927005,0.5937379946215905,,0,True
SH603897,29.01,2.6908848,0.7353054168267383,0.6613522858240491,0.37668075297733383,0.14214368036880523,,0,True
SH603898,11.54,0.3399783,0.10238186707645025,0.3989627353054168,0.7758355743373031,0.8695735689588936,量能比,1,False
SH603899,21.87,0.9258156,0.1736457933154053,0.1104494813676527,0.7979254706108336,0.10295812524010757,,0,True
SH603900,6.29,2.2206378,0.9210526315789473,0.7890895121014214,0.05570495582020745,0.020745293891663467,量能水平,1,False
SH603901,9.320001,0.84814566,0.2896657702650788,0.2591240875912409,0.5251632731463696,0.15770265078755283,,0,True
SH603903,13.830001,1.410264,0.4202842873607376,0.6488666922781406,0.9435266999615828,0.9625432193622743,量能动量;量能比,2,False
SH603906,17.310001,2.219487,0.4971187091817134,0.5484056857472147,0.9446792162888974,0.3073376872839032,量能动量,1,False
SH603908,19.77,0.25527,0.06396465616596235,0.16903572800614675,0.800230503265463,0.7766039185555129,量能动量,1,False
SH603909,10.17,0.30005038,0.05743373031117941,0.4971187091817134,0.9923165578179024,0.9439108720706877,量能动量;量能比,2,False
SH603912,9.01,1.7365011,0.49923165578179024,0.7410679984633116,0.8038801383019593,0.7815981559738763,量能动量,1,False
SH603915,13.15,0.6266715,0.2846715328467153,0.10641567422205148,0.6571263926238955,0.6653860929696505,,0,True
SH603916,10.43,0.8237656,0.4542835190165194,0.22147522089896274,0.49481367652708413,0.06991932385708798,,0,True
SH603917,14.04,0.512656,0.3186707645024971,0.3351901651940069,0.029965424510180562,0.45101805608912793,,0,True
SH603918,10.59,1.110229,0.23242412600845178,0.4356511717249328,0.26930464848252017,0.6490587783326931,,0,True
SH603919,15.82,0.80956465,0.22742988859008836,0.407798693814829,0.07875528236650019,0.4700345754898194,,0,True
SH603920,46.13,14.404282,0.936611601997695,0.8127160968113715,0.6901651940069151,0.7182097579715713,量能水平;量能波动,2,False
SH603926,16.84,0.8781112,0.44909719554360356,0.18958893584325778,0.176142912024587,0.0447560507107184,,0,True
SH603927,13.610001,0.87618816,0.4312331924702267,0.36169804072224354,0.2958125240107568,0.35094122166730696,,0,True
SH603928,11.879999,1.2425041,0.4756050710718402,0.46023818670764505,0.22013061851709567,0.29792547061083363,,0,True
SH603929,142.76001,5.3083653,0.07933154053015751,0.17960046100653093,0.2500960430272762,0.3885900883595851,,0,True
SH603931,33.399998,1.3346524,0.3701498271225509,0.32654629273914715,0.563388398002305,0.4976949673453707,,0,True
SH603933,18.82,0.46884224,0.19074145217057242,0.35593545908567037,0.5305416826738378,0.8186707645024971,量能比,1,False
SH603936,20.53,13.591606,0.9195159431425278,0.9239339223972339,0.7965808682289666,0.5259316173645794,量能水平;量能波动,2,False
SH603937,12.87,0.75875664,0.47887053399923163,0.9164425662696888,0.9948136765270841,0.9961582789089513,量能波动;量能动量;量能比,3,False
SH603938,43.56,12.8822,0.6901651940069151,0.704571648098348,0.22185939300806762,0.38148290434114485,,0,True
SH603939,23.009998,1.7035687,0.16212063004225893,0.3663081060315021,0.8351901651940069,0.6129466000768344,量能动量,1,False
SH603948,19.42,0.23016807,0.06799846331156358,0.23722627737226276,0.8724548597771802,0.7929312331924703,量能动量,1,False
SH603949,20.45,0.5086298,0.21878601613522858,0.8219362274298886,0.9594698424894352,0.968113714944295,量能波动;量能动量;量能比,3,False
SH603950,52.2,3.8520236,0.5655013446023819,0.3361505954667691,0.233384556281214,0.11582789089512101,,0,True
SH603955,25.03,0.652399,0.29216288897426046,0.4266231271609681,0.3340376488666923,0.8004225893200154,量能比,1,False
SH603956,6.85,1.4334285,0.7406838263542067,0.6511717249327699,0.10046100653092585,0.2719938532462543,,0,True
SH603958,18.59,3.154898,0.8073376872839032,0.8301959277756434,0.15347675758739915,0.3484441029581252,量能水平;量能波动,2,False
SH603959,4.2,0.3068111,0.1600076834421821,0.1323472915866308,0.38993469074145215,0.07068766807529774,,0,True
SH603960,17.24,1.5942402,0.23568958893584327,0.5739531310026892,0.02266615443718786,0.8515174798309643,量能比,1,False
SH603966,7.3,0.4691828,0.07664233576642336,0.2305032654629274,0.12869765655013446,0.6467537456780638,,0,True
SH603967,11.92,0.25534213,0.13791778716865155,0.3451786400307338,0.952362658470995,0.46638494045332307,量能动量,1,False
SH603968,11.149999,0.45550513,0.2902420284287361,0.8175182481751825,0.996542451018056,0.987322320399539,量能波动;量能动量;量能比,3,False
SH603969,7.19,0.69560254,0.21859393008067615,0.23761044948136764,0.2741067998463312,0.2854398770649251,,0,True
SH603970,11.740001,0.73055744,0.30368805224740686,0.8401844026123704,0.9950057625816365,0.9587014982712255,量能波动;量能动量;量能比,3,False
SH603976,29.9,2.252977,0.5537840952746831,0.5875912408759124,0.15001920860545526,0.20072992700729927,,0,True
SH603977,10.67,0.69335246,0.11755666538609297,0.06607760276603919,0.48194391087207067,0.18305800998847482,,0,True
SH603978,27.299997,4.3458953,0.9266231271609681,0.9012677679600462,0.40875912408759124,0.661736457933154,量能水平;量能波动,2,False
SH603979,72.35,4.6857343,0.5418747598924318,0.3180945063388398,0.6208221283134845,0.11198616980407222,,0,True
SH603980,8.84,5.1533003,0.9854014598540146,0.9271993853246254,0.704955820207453,0.2890895121014214,量能水平;量能波动,2,False
SH603982,6.4799995,0.33492097,0.4727237802535536,0.1847867844794468,0.7869765655013446,0.3624663849404533,,0,True
SH603983,30.399998,1.8050467,0.7258932001536689,0.53937764118325,0.1561659623511333,0.18651555897041874,,0,True
SH603985,16.79,1.4487104,0.452362658470995,0.5726085286208221,0.9627353054168267,0.7506723011909335,量能动量,1,False
SH603986,367.56998,109.688965,0.7524010756819055,0.8275067230119093,0.39992316557817903,0.6965040338071457,量能波动,1,False
SH603987,7.47,0.24949968,0.06723011909335382,0.23741836342681522,0.1673069535151748,0.7550902804456396,,0,True
SH603988,17.02,0.6588859,0.09450633883980022,0.0364963503649635,0.5635804840568575,0.24375720322704572,,0,True
SH603989,28.000002,11.515048,0.9369957741067998,0.7921628889742605,0.12005378409527469,0.077794852093738,量能水平,1,False
SH603990,18.939999,2.9048295,0.40991164041490585,0.6799846331156358,0.3974260468689973,0.7706492508643873,,0,True
SH603991,169.20001,7.217096,0.4089512101421437,0.49097195543603533,0.5902804456396465,0.7702650787552824,,0,True
SH603992,19.27,0.61248475,0.3405685747214752,0.2758355743373031,0.2658470995005763,0.2873607376104495,,0,True
SH603993,16.75,27.030256,0.9199001152516327,0.7783326930464848,0.7059162504802151,0.40472531694199,量能水平,1,False
SH603995,25.270002,1.069821,0.49596619285439875,0.40145985401459855,0.12485593545908567,0.3044563964656166,,0,True
SH603997,13.65,3.2313933,0.7493276988090665,0.8853246254321936,0.006338839800230503,0.8332693046484825,量能波动;量能比,2,False
SH603998,10.26,1.038084,0.2646945831732616,0.26680752977333844,0.26623127160968113,0.3157894736842105,,0,True
SH603999,6.65,1.6537373,0.6909335382251248,0.6684594698424894,0.5916250480215136,0.5605071071840184,,0,True
SH605001,5.86,0.430627,0.6308106031502113,0.30676142912024584,0.3880138301959278,0.05359200922013062,,0,True
SH605003,24.47,0.3236002,0.20322704571648098,0.24145217057241644,0.6490587783326931,0.6438724548597772,,0,True
SH605006,14.640001,10.906047,0.870149827122551,0.8052247406838263,0.11083365347675758,0.08778332693046485,量能水平;量能波动,2,False
SH605007,14.2,0.5602737,0.32116788321167883,0.24740683826354207,0.7036112178255859,0.3907030349596619,,0,True
SH605008,13.98,0.5815912,0.27218593930080676,0.6133307721859393,0.936611601997695,0.730311179408375,量能动量,1,False
SH605009,25.09,0.27638373,0.24433346139070303,0.21859393008067615,0.60315021129466,0.6231271609681137,,0,True
SH605011,17.46,2.0666454,0.5660776027660391,0.2673837879369958,0.3736073761044948,0.12427967729542835,,0,True
SH605016,20.73,0.9621046,0.13657318478678449,0.24971187091817135,0.4927007299270073,0.22147522089896274,,0,True
SH605018,11.830001,0.5616453,0.3878217441413753,0.8476757587399155,0.8651555897041875,0.9823280829811756,量能波动;量能动量;量能比,3,False
SH605020,30.4,2.3420372,0.31598155973876296,0.27218593930080676,0.41087207068766807,0.3551671148674606,,0,True
SH605028,23.89,0.34259367,0.10872070687668076,0.42777564348828273,0.30560891279293123,0.8407606607760276,量能比,1,False
SH605033,19.490002,0.6735357,0.3828275067230119,0.47253169419900115,0.03764886669227814,0.12389550518632347,,0,True
SH605055,8.76,0.3754097,0.1409911640414906,0.10968113714944296,0.4905877833269305,0.550710718401844,,0,True
SH605056,13.73,0.8311287,0.5993084902036112,0.8586246638494045,0.6913177103342297,0.9565885516711486,量能波动;量能比,2,False
SH605058,59.600002,5.9502225,0.8780253553592009,0.9608144448713023,0.6567422205147906,0.934882827506723,量能水平;量能波动;量能比,3,False
SH605060,37.850002,1.2442247,0.4083749519784864,0.38109873223203994,0.10007683442182097,0.5339992316557818,,0,True
SH605066,6.7000003,0.3651547,0.3374951978486362,0.21052631578947367,0.11928543987706493,0.26162120630042257,,0,True
SH605068,20.12,1.5104129,0.8263542066845947,0.8351901651940069,0.025547445255474453,0.26930464848252017,量能水平;量能波动,2,False
SH605069,12.459999,1.3657304,0.7756434882827506,0.8104110641567422,0.9214368036880523,0.9003073376872839,量能波动;量能动量;量能比,3,False
SH605077,11.31,1.7936624,0.9137533615059547,0.820783711102574,0.1304264310411064,0.0977718017671917,量能水平;量能波动,2,False
SH605080,23.0,0.41731828,0.3599692662312716,0.4867460622358817,0.9247022666154437,0.43795620437956206,量能动量,1,False
SH605086,23.310001,0.25748244,0.03092585478294276,0.03073376872839032,0.8065693430656934,0.4640799077986938,量能动量,1,False
SH605088,23.75,3.3450317,0.8665001920860546,0.9189396849788706,0.4538993469074145,0.7499039569727238,量能水平;量能波动,2,False
SH605089,21.94,0.3365355,0.2614291202458702,0.5061467537456781,0.9863618901267768,0.7404917402996543,量能动量,1,False
SH605090,30.329998,2.2934608,0.7800614675374568,0.6075681905493661,0.7093737994621591,0.4268152132155206,,0,True
SH605098,52.469997,0.44432572,0.058202074529389164,0.006915097963887821,0.32328082981175565,0.2875528236650019,,0,True
SH605099,27.77,0.39590976,0.12927391471379177,0.1409911640414906,0.4072224356511717,0.17537456780637725,,0,True
SH605100,34.55,1.4174702,0.4888590088359585,0.2470226661544372,0.7892815981559739,0.5518632347291587,,0,True
SH605108,12.209999,0.43744707,0.3860929696504034,0.25163273146369575,0.2597003457548982,0.13465232424126009,,0,True
SH605111,56.120003,7.2441115,0.5455243949289281,0.6077602766039185,0.2009220130618517,0.7084133691893969,,0,True
SH605116,19.28,0.34117985,0.07760276603918556,0.05666538609296965,0.22608528620822127,0.46043027276219745,,0,True
SH605117,77.85,9.852967,0.4660007683442182,0.6970802919708029,0.6855551286976566,0.8455628121398386,量能比,1,False
SH605118,31.619997,2.2241025,0.5044179792547061,0.6135228582404917,0.1473300038417211,0.2808298117556665,,0,True
SH605122,12.24,0.29569212,0.5810603150211294,0.6085286208221283,0.7160968113714944,0.8499807913945447,量能比,1,False
SH605123,77.46,1.1766614,0.3895505186323473,0.30426431041106416,0.09738762965808682,0.3555512869765655,,0,True
SH605128,23.619997,1.0674546,0.2660391855551287,0.4782942758355743,0.7387629658086823,0.6225509028044564,,0,True
SH605133,24.35,1.1443043,0.5841336918939685,0.3090664617748751,0.5943142527852477,0.7055320783711102,,0,True
SH605136,8.9800005,0.830107,0.7402996542451018,0.9677295428351902,0.9930849020361122,0.9127929312331925,量能波动;量能动量;量能比,3,False
SH605138,6.18,0.2937068,0.40971955436035346,0.20514790626200538,0.8730311179408375,0.16749903956972723,量能动量,1,False
SH605151,18.78,0.2945764,0.19266231271609682,0.040338071456012294,0.5238186707645025,0.215904725316942,,0,True
SH605155,14.42,0.29081377,0.1498271225509028,0.1434882827506723,0.795428351901652,0.4083749519784864,,0,True
SH605158,7.75,0.40786016,0.2702650787552824,0.13196311947752593,0.6354206684594699,0.4060699193238571,,0,True
SH605162,11.77,4.827462,0.8962735305416827,0.8069535151747983,0.6346523242412601,0.3705339992316558,量能水平;量能波动,2,False
SH605166,8.45,0.39650097,0.2562427967729543,0.21532846715328466,0.03361505954667691,0.24010756819054938,,0,True
SH605167,15.379999,1.3170927,0.35151747983096426,0.09661928543987706,0.5897041874759893,0.10411064156742221,,0,True
SH605168,49.869995,4.084633,0.7942758355743373,0.7812139838647714,0.19515943142527853,0.24587014982712255,,0,True
SH605169,13.1,0.5217974,0.3862850557049558,0.35266999615827893,0.45370726085286206,0.288897426046869,,0,True
SH605177,24.819998,2.4596791,0.9377641183250096,0.6882443334613907,0.2431809450633884,0.17326162120630043,量能水平,1,False
SH605178,63.539997,2.4097323,0.8296196696119862,0.9285439877064925,0.4028044563964656,0.8789857856319632,量能水平;量能波动;量能比,3,False
SH605179,23.47,5.735273,0.8613138686131386,0.9358432577794852,0.27718017671917017,0.8232808298117557,量能水平;量能波动;量能比,3,False
SH605180,14.179999,0.38639563,0.32212831348444104,0.6790242028428736,0.6550134460238187,0.9652324241260084,量能比,1,False
SH605183,16.449999,0.4366919,0.31482904341144835,0.11986169804072225,0.12235881674990395,0.09661928543987706,,0,True
SH605186,25.07,0.4352047,0.19189396849788706,0.5482135996926624,0.6661544371878602,0.8910872070687668,量能比,1,False
SH605188,12.41,3.3339798,0.723780253553592,0.5923933922397234,0.0044179792547061085,0.00768344218209758,,0,True
SH605189,13.72,0.94993514,0.6306185170956589,0.5925854782942759,0.6519400691509797,0.5,,0,True
SH605196,33.17,4.3676653,0.5484056857472147,0.7516327314636957,0.2748751440645409,0.8524779101037264,量能比,1,False
SH605198,65.68,3.7752957,0.352285824049174,0.474644640799078,0.8951210142143681,0.9170188244333461,量能动量;量能比,2,False
SH605208,14.61,1.0416389,0.4784863618901268,0.6354206684594699,0.47157126392623894,0.7691125624279678,,0,True
SH605218,14.13,0.8362452,0.5328467153284672,0.9004994237418363,0.8947368421052632,0.9721475220898963,量能波动;量能动量;量能比,3,False
SH605222,21.79,1.802781,0.8031117940837496,0.5291970802919708,0.11102573953131002,0.06895889358432578,量能水平,1,False
SH605228,11.21,0.46537355,0.2022666154437188,0.2116788321167883,0.10199769496734537,0.6947752593161737,,0,True
SH605255,56.2,0.35462847,0.010756819054936612,0.024202842873607376,0.38090664617748754,0.7345370726085286,,0,True
SH605258,44.01,2.659679,0.8380714560122935,0.8801383019592778,0.9220130618517096,0.8951210142143681,量能水平;量能波动;量能动量;量能比,4,False
SH605266,15.96,0.23011439,0.3000384172109105,0.2831348444102958,0.6467537456780638,0.49538993469074144,,0,True
SH605268,10.22,0.44971868,0.37860161352285826,0.8522858240491741,0.9792547061083365,0.9913561275451402,量能波动;量能动量;量能比,3,False
SH605277,17.039999,3.0832825,0.69842489435267,0.5057625816365732,0.3453707260852862,0.03668843641951594,,0,True
SH605286,24.380001,0.88959235,0.4606223588167499,0.31982328082981176,0.10315021129466001,0.0987322320399539,,0,True
SH605287,33.989998,1.2301781,0.5975797157126392,0.57164809834806,0.9481367652708413,0.2184018440261237,量能动量,1,False
SH605288,65.3,1.6108282,0.7199385324625432,0.5797157126392624,0.5676142912024587,0.4022281982328083,,0,True
SH605289,94.91,2.630154,0.36265847099500576,0.29254706108336537,0.23415290049942375,0.3096427199385325,,0,True
SH605296,31.600002,1.3289189,0.7727621974644641,0.9435266999615828,0.7402996542451018,0.8275067230119093,量能波动;量能比,2,False
SH605298,41.920002,0.31352422,0.009220130618517095,0.12082212831348445,0.4352669996158279,0.6986169804072224,,0,True
SH605299,12.299999,2.0110934,0.6978486361890127,0.44083749519784865,0.24817518248175183,0.04802151363810987,,0,True
SH605300,10.26,1.0336355,0.7174414137533615,0.48905109489051096,0.20802919708029197,0.019592777564348827,,0,True
SH605305,30.239998,1.1525924,0.5653092585478294,0.33653476757587397,0.5447560507107184,0.20341913177103343,,0,True
SH605318,71.46,0.7150286,0.04802151363810987,0.06550134460238187,0.703227045716481,0.7349212447176335,,0,True
SH605319,22.299997,1.1944643,0.33442182097579715,0.35728006146753744,0.28870533999231657,0.3213599692662313,,0,True
SH605333,16.300001,0.47757912,0.08394160583941605,0.07126392623895506,0.40107568190549364,0.15885516711486747,,0,True
SH605337,9.099999,0.293025,0.16231271609681136,0.1279293123319247,0.2660391855551287,0.1955436035343834,,0,True
SH605338,17.59,0.34238696,0.15597387629658085,0.2733384556281214,0.8774490971955436,0.5509028044563965,量能动量,1,False
SH605339,13.200001,0.2213662,0.22378025355359202,0.23376872839031887,0.7210910487898579,0.296772954283519,,0,True
SH605358,46.129997,15.166644,0.7280061467537456,0.8194391087207069,0.7915866308106031,0.919131771033423,量能波动;量能比,2,False
SH605365,14.510001,1.4857084,0.8196311947752594,0.7135996926623127,0.24010756819054938,0.1098732232039954,量能水平,1,False
SH605366,9.75,2.884326,0.8346139070303495,0.9673453707260853,0.9928928159815598,0.9846331156358048,量能水平;量能波动;量能动量;量能比,4,False
SH605368,6.63,0.25687903,0.25105647330003844,0.07856319631194775,0.4542835190165194,0.11736457933154053,,0,True
SH605369,18.05,0.32545525,0.15194006915097963,0.10756819054936612,0.4859777180176719,0.639838647714176,,0,True
SH605376,118.55,15.948696,0.7785247791010372,0.8300038417210911,0.3885900883595851,0.8311563580484057,量能波动;量能比,2,False
SH605377,7.92,0.4233138,0.249135612754514,0.09757971571263926,0.19285439877064925,0.22589320015366884,,0,True
SH605378,16.58,0.6416906,0.31271609681137147,0.8257779485209373,0.9861698040722243,0.9583173261621206,量能波动;量能动量;量能比,3,False
SH605388,6.7200003,0.6182091,0.6671148674606223,0.8520937379946216,0.9823280829811756,0.8849404533230888,量能波动;量能动量;量能比,3,False
SH605389,61.440002,0.5485222,0.10449481367652709,0.19035728006146754,0.4039569727237802,0.3374951978486362,,0,True
SH605398,23.159998,1.7831095,0.7057241644256627,0.6974644640799078,0.8236650019208606,0.6746062235881675,量能动量,1,False
SH605399,11.7300005,0.4040214,0.21897810218978103,0.5687668075297734,0.9767575873991549,0.8298117556665386,量能动量;量能比,2,False
SH605488,29.979998,2.4763522,0.6210142143680368,0.7906262005378409,0.8622742988859009,0.7890895121014214,量能动量,1,False
SH605499,110.189995,4.4880447,0.6924702266615443,0.6909335382251248,0.2134076066077603,0.16116019976949675,,0,True
SH605500,7.4200006,0.2869604,0.2856319631194775,0.15731847867844795,0.6459854014598541,0.2669996158278909,,0,True
SH605507,17.87,1.7870715,0.8820591625048021,0.9104878985785632,0.20361121782558586,0.6943910872070688,量能水平;量能波动,2,False
SH605555,12.76,0.56961554,0.439684978870534,0.7844794467921629,0.5474452554744526,0.8764886669227814,量能比,1,False
SH605566,32.02,1.6067069,0.8038801383019593,0.9014598540145985,0.2752593161736458,0.90472531694199,量能水平;量能波动;量能比,3,False
SH605567,9.64,0.53411335,0.549366116019977,0.49731079523626587,0.7783326930464848,0.17038033038801384,,0,True
SH605580,21.03,3.9945478,0.6657702650787553,0.4235497502881291,0.16596235113330773,0.1250480215136381,,0,True
SH605588,45.600002,0.47303075,0.24241260084517863,0.35766423357664234,0.7356895889358432,0.8027276219746446,量能比,1,False
SH605589,36.08,11.147057,0.9863618901267768,0.9414137533615059,0.4260468689973108,0.6899731079523627,量能水平;量能波动,2,False
SH605598,23.699999,0.5761005,0.17383787936995773,0.1819054936611602,0.46907414521705726,0.5203611217825586,,0,True
SH605599,13.24,0.8216625,0.43027276219746446,0.3284671532846715,0.7610449481367653,0.38052247406838263,,0,True
SH688001,62.449997,8.616372,0.9769496734537073,0.8442182097579716,0.8079139454475605,0.587014982712255,量能水平;量能波动;量能动量,3,False
SH688002,176.56001,17.424479,0.9448713023434498,0.8021513638109873,0.6179408374951979,0.22685363042643103,量能水平;量能波动,2,False
SH688003,74.46001,3.0784924,0.7512485593545909,0.5693430656934306,0.3720706876680753,0.32500960430272763,,0,True
SH688004,31.04,2.5680628,0.9765655013446024,0.9815597387629658,0.2564348828275067,0.9051094890510949,量能水平;量能波动;量能比,3,False
SH688005,23.070002,1.9622475,0.8528620822128313,0.7977333845562812,0.8853246254321936,0.5618517095658855,量能水平;量能动量,2,False
SH688006,20.29,1.4795569,0.8538225124855936,0.7493276988090665,0.9312331924702266,0.47733384556281216,量能水平;量能动量,2,False
SH688007,10.66,0.70092213,0.8409527468305801,0.9185555128697657,0.0017287744909719553,0.885900883595851,量能水平;量能波动;量能比,3,False
SH688008,212.6,63.160355,0.998271225509028,0.9998079139454475,0.549366116019977,0.8567038033038802,量能水平;量能波动;量能比,3,False
SH688009,4.6400003,1.1300395,0.8275067230119093,0.5593545908567038,0.5599308490203612,0.12562427967729542,量能水平,1,False
SH688010,27.77,1.2732172,0.8077218593930081,0.8100268920476373,0.7708413369189396,0.7750672301190934,量能水平;量能波动,2,False
SH688011,61.070004,1.8870411,0.755666538609297,0.7677679600461007,0.17633499807913947,0.843065693430657,量能比,1,False
SH688012,324.78,44.715176,0.975989243180945,0.9531310026892048,0.5620437956204379,0.465040338071456,量能水平;量能波动,2,False
SH688013,24.800001,0.3047668,0.28102189781021897,0.23645793315405303,0.8019592777564348,0.8960814444871302,量能动量;量能比,2,False
SH688016,83.84,0.8474645,0.5687668075297734,0.15866308106031501,0.6404149058778332,0.39320015366884364,,0,True
SH688017,275.59998,14.045996,0.8006146753745678,0.7208989627353054,0.3895505186323473,0.4506338839800231,量能水平,1,False
SH688018,115.79,5.0736485,0.7977333845562812,0.9556281213983865,0.8321167883211679,0.9039569727237803,量能波动;量能动量;量能比,3,False
SH688019,214.21999,9.944179,0.8113714944295044,0.7397233960814444,0.6457933154053016,0.5557049558202074,量能水平,1,False
SH688020,137.29,7.767839,0.9546676911256243,0.868421052631579,0.19477525931617365,0.12524010756819054,量能水平;量能波动,2,False
SH688021,20.269999,0.2689351,0.2729542835190165,0.1473300038417211,0.662120630042259,0.5843257779485209,,0,True
SH688023,47.47,2.1728387,0.8768728390318863,0.9137533615059547,0.8980023050326547,0.8390318862850557,量能水平;量能波动;量能动量;量能比,4,False
SH688025,414.00003,12.644561,0.757395313100269,0.7124471763349981,0.730311179408375,0.6331156358048405,,0,True
SH688026,24.54,2.237629,0.9110641567422205,0.968113714944295,0.15040338071456014,0.858816749903957,量能水平;量能波动;量能比,3,False
SH688027,339.00998,4.8972235,0.9487130234344987,0.9928928159815598,0.892047637341529,0.9400691509796388,量能水平;量能波动;量能动量;量能比,4,False
SH688028,116.25,12.261682,0.9208605455243949,0.8017671917018825,0.5295812524010757,0.6116019976949674,量能水平;量能波动,2,False
SH688029,84.05,1.9121039,0.7597003457548982,0.607952362658471,0.14675374567806376,0.4193238570879754,,0,True
SH688030,19.38,0.79041386,0.7923549750288129,0.69054936611602,0.6012293507491356,0.6938148290434114,,0,True
SH688031,90.39,6.747971,0.9458317326162121,0.91260084517864,0.7844794467921629,0.4391087207068767,量能水平;量能波动,2,False
SH688032,67.240005,0.4974988,0.7222435651171725,0.7643104110641568,0.7645024971187092,0.4118325009604303,,0,True
SH688033,7.2900004,0.38318935,0.8090664617748752,0.7600845178640031,0.7051479062620054,0.11774875144064541,量能水平,1,False
SH688035,74.670006,5.4630785,0.9565885516711486,0.9010756819054937,0.2612370341913177,0.7531694199001152,量能水平;量能波动,2,False
SH688036,53.49,4.822235,0.8860929696504034,0.9466000768344218,0.18805224740683826,0.6980407222435652,量能水平;量能波动,2,False
SH688037,340.63,12.620709,0.6194775259316173,0.5388013830195928,0.43545908567038033,0.3684210526315789,,0,True
SH688038,19.1,0.30884442,0.32500960430272763,0.2981175566653861,0.45793315405301577,0.6244717633499808,,0,True
SH688039,34.78,1.1738334,0.7748751440645409,0.9177871686515559,0.9809834805993085,0.423933922397234,量能波动;量能动量,2,False
SH688041,235.87999,44.579334,0.9915482135996927,0.9963503649635036,0.5461006530925855,0.8398002305032655,量能水平;量能波动;量能比,3,False
SH688045,57.4,0.9999692,0.614099116404149,0.4882827506723012,0.8964656165962351,0.7224356511717249,量能动量,1,False
SH688046,34.98,3.530313,0.7739147137917787,0.7157126392623896,0.5195927775643489,0.7047637341529005,,0,True
SH688047,100.200005,3.6523616,0.8918555512869766,0.9733000384172109,0.5315021129466001,0.8753361505954668,量能水平;量能波动;量能比,3,False
SH688048,296.9,30.815874,0.9633115635804841,0.917402996542451,0.23568958893584327,0.4588935843257779,量能水平;量能波动,2,False
SH688049,46.999996,2.940699,0.9187475989243181,0.9748367268536304,0.9235497502881291,0.9592777564348828,量能水平;量能波动;量能动量;量能比,4,False
SH688050,38.0,0.7377874,0.841336918939685,0.6709565885516712,0.29254706108336537,0.6713407606607761,量能水平,1,False
SH688051,25.539999,0.47433615,0.8161736457933154,0.7431809450633884,0.4022281982328083,0.7554744525547445,量能水平,1,False
SH688052,240.36,5.236943,0.9250864387245485,0.8958893584325778,0.6277372262773723,0.6167883211678832,量能水平;量能波动,2,False
SH688053,39.390003,0.23063865,0.16769112562427968,0.10660776027660392,0.5770265078755282,0.5537840952746831,,0,True
SH688055,3.6499999,0.2873498,0.48079139454475606,0.3273146369573569,0.5875912408759124,0.5910487898578564,,0,True
SH688056,48.309998,0.76266056,0.44525547445255476,0.8451786400307337,0.9867460622358817,0.99212447176335,量能波动;量能动量;量能比,3,False
SH688057,18.800001,0.81989425,0.7257011140991164,0.8887821744141375,0.37879369957741066,0.9033807145601229,量能波动;量能比,2,False
SH688058,26.220001,0.28732222,0.3711102573953131,0.4527468305800999,0.9014598540145985,0.7112946600076835,量能动量,1,False
SH688059,84.700005,3.104926,0.6033422973492124,0.5720322704571648,0.2520169035728006,0.4310411064156742,,0,True
SH688061,44.07,1.4472294,0.7879369957741068,0.8092585478294276,0.376296580868229,0.29120245870149825,量能波动,1,False
SH688062,26.01,1.7267187,0.7289665770265079,0.7326162120630042,0.2416442566269689,0.6609681137149443,,0,True
SH688063,40.16,1.7112392,0.9717633499807914,0.9223972339608144,0.7331924702266616,0.6442566269688821,量能水平;量能波动,2,False
SH688065,38.2,1.77572,0.9466000768344218,0.8332693046484825,0.2593161736457933,0.20130618517095658,量能水平;量能波动,2,False
SH688066,8.5,0.8082477,0.890703034959662,0.9529389166346524,0.311179408374952,0.8997310795236266,量能水平;量能波动;量能比,3,False
SH688067,24.53,0.24233308,0.2272378025355359,0.16461774875144064,0.6974644640799078,0.5585862466384941,,0,True
SH688068,90.0,2.0705063,0.5895121014214368,0.7593161736457933,0.18171340760660776,0.8059930849020361,量能比,1,False
SH688069,35.55,0.83126974,0.4863618901267768,0.7228198232808298,0.0714560122935075,0.8144448713023434,量能比,1,False
SH688070,35.300003,0.5989937,0.5599308490203612,0.6262005378409528,0.2814060699193239,0.8175182481751825,量能比,1,False
SH688071,36.399998,0.6831483,0.5278524779101037,0.47791010372646947,0.41356127545140225,0.8369189396849789,量能比,1,False
SH688072,656.67993,28.686665,0.7673837879369958,0.639838647714176,0.6486746062235882,0.6096811371494429,,0,True
SH688073,74.28,3.292831,0.8138686131386861,0.7718017671917019,0.48463311563580486,0.7783326930464848,量能水平,1,False
SH688076,29.35,0.5681242,0.6002689204763734,0.6106415674222051,0.6456012293507492,0.7568190549366116,,0,True
SH688077,26.9,0.65225965,0.5718401844026124,0.7404917402996543,0.8424894352669996,0.9663849404533231,量能动量;量能比,2,False
SH688078,30.6,0.49922627,0.5119093353822513,0.465040338071456,0.28275067230119094,0.6344602381867076,,0,True
SH688079,16.82,2.606007,0.927007299270073,0.9679216288897426,0.6640414905877833,0.949289281598156,量能水平;量能波动;量能比,3,False
SH688080,37.239998,0.3212105,0.5015366884364195,0.6181329235497502,0.6231271609681137,0.7089896273530542,,0,True
SH688081,25.4,0.42154172,0.38205916250480215,0.3230887437572032,0.4610065309258548,0.21532846715328466,,0,True
SH688082,303.43997,11.903852,0.9544756050710719,0.9775259316173646,0.9293123319247023,0.8795620437956204,量能水平;量能波动;量能动量;量能比,4,False
SH688083,50.500004,0.8533349,0.8355743373031118,0.6730695351517479,0.7003457548981944,0.24932769880906647,量能水平,1,False
SH688084,42.100002,0.69909745,0.6805608912792931,0.4066461774875144,0.3918555512869766,0.0958509412216673,,0,True
SH688085,13.32,0.3122048,0.341336918939685,0.14271993853246254,0.7625816365731848,0.746062235881675,,0,True
SH688087,31.950003,0.57983965,0.5403380714560123,0.7312716096811371,0.30599308490203614,0.7245485977718018,,0,True
SH688088,29.119999,1.1249489,0.8315405301575106,0.8672685363042643,0.32712255090280445,0.572992700729927,量能水平;量能波动,2,False
SH688090,78.3,6.499961,0.907798693814829,0.7990779869381482,0.04533230887437572,0.2577794852093738,量能水平,1,False
SH688091,38.829998,0.910872,0.3647714175950826,0.504802151363811,0.12331924702266615,0.7858240491740299,,0,True
SH688093,22.240002,0.4056826,0.1867076450249712,0.36995774106799845,0.49538993469074144,0.8071456012293508,量能比,1,False
SH688095,56.39,1.6255134,0.9341144832885132,0.9642719938532462,0.20322704571648098,0.5007683442182097,量能水平;量能波动,2,False
SH688096,7.3400006,0.55050665,0.5752977333845563,0.5163273146369574,0.7149442950441798,0.5324625432193623,,0,True
SH688097,41.959995,2.3805723,0.607952362658471,0.442758355743373,0.4596619285439877,0.5355359200922013,,0,True
SH688098,8.43,0.23613964,0.5804840568574722,0.7787168651555897,0.3722627737226277,0.9200922013061852,量能比,1,False
SH688099,90.32,7.098082,0.99212447176335,0.9927007299270073,0.6884364195159431,0.841336918939685,量能水平;量能波动;量能比,3,False
SH688100,24.380001,0.5235122,0.48713023434498653,0.3563196311947753,0.9464079907798694,0.5255474452554745,量能动量,1,False
SH688101,14.289999,0.2525245,0.269688820591625,0.14848252016903574,0.4158663081060315,0.6041106415674222,,0,True
SH688102,29.14,3.080714,0.6008451786400307,0.7564348828275067,0.33730311179408373,0.7230119093353823,,0,True
SH688103,79.670006,1.5079805,0.7020745293891664,0.6834421820975797,0.16212063004225893,0.7185939300806762,,0,True
SH688105,25.490002,2.9298995,0.9805993084902036,0.9971187091817134,0.6256242796772954,0.9604302727621975,量能水平;量能波动;量能比,3,False
SH688106,25.25,4.14351,0.9596619285439877,0.8689973107952362,0.2241644256626969,0.193622742988859,量能水平;量能波动,2,False
SH688107,29.03,1.6113611,0.919131771033423,0.8330772185939301,0.5910487898578564,0.582597003457549,量能水平;量能波动,2,False
SH688108,14.65,1.1013253,0.7208989627353054,0.7249327698809066,0.306377257011141,0.6626968882059162,,0,True
SH688109,71.270004,0.48935652,0.23376872839031887,0.29004994237418363,0.7518248175182481,0.7232039953899347,,0,True
SH688110,117.73,15.603515,0.9667691125624279,0.9391087207068767,0.6367652708413369,0.5985401459854015,量能水平;量能波动,2,False
SH688111,216.9,10.763206,0.9615827890895121,0.9704187475989243,0.7139838647714176,0.5954667691125625,量能水平;量能波动,2,False
SH688112,104.24999,5.788992,0.9312331924702266,0.927007299270073,0.8129081828659239,0.9832885132539377,量能水平;量能波动;量能动量;量能比,4,False
SH688113,37.4,0.2336429,0.25547445255474455,0.4850172877449097,0.6529004994237418,0.8876296580868229,量能比,1,False
SH688114,71.59,5.8561287,0.9852093737994622,0.9558202074529389,0.47406838263542067,0.7687283903188629,量能水平;量能波动,2,False
SH688115,63.600002,1.4284543,0.4932769880906646,0.5772185939300807,0.5028812908182866,0.9053015751056473,量能比,1,False
SH688116,33.73,1.9679059,0.7915866308106031,0.7646945831732617,0.9116404149058779,0.49750288129081827,量能动量,1,False
SH688117,17.8,1.762807,0.7829427583557433,0.9878985785631963,0.6630810603150211,0.9923165578179024,量能波动;量能比,2,False
SH688118,20.269999,0.4416964,0.5334229734921244,0.4805993084902036,0.846139070303496,0.5322704571648098,量能动量,1,False
SH688119,3.82,0.33043092,0.60315021129466,0.18747598924318096,0.5749135612754515,0.5893200153668844,,0,True
SH688120,233.0,19.250374,0.914329619669612,0.8686131386861314,0.5341913177103342,0.5311179408374952,量能水平;量能波动,2,False
SH688122,52.119995,4.3621845,0.8901267767960046,0.8987706492508644,0.9271993853246254,0.8131002689204764,量能水平;量能波动;量能动量;量能比,4,False
SH688123,166.23001,12.352806,0.9469842489435267,0.9829043411448329,0.7842873607376104,0.9066461774875144,量能水平;量能波动;量能比,3,False
SH688125,115.01,1.0370947,0.228582404917403,0.26334998079139454,0.7883211678832117,0.6796004610065309,,0,True
SH688126,23.660002,11.348241,0.9527468305800999,0.9346907414521706,0.525355359200922,0.7495197848636189,量能水平;量能波动,2,False
SH688127,62.239998,6.096848,0.8835958509412216,0.7948520937379946,0.12082212831348445,0.4907798693814829,量能水平,1,False
SH688128,21.81,0.33255106,0.2072608528620822,0.2222435651171725,0.3857087975412985,0.49961582789089515,,0,True
SH688129,22.59,0.26532045,0.22013061851709567,0.5080676142912025,0.41797925470610836,0.8895505186323472,量能比,1,False
SH688130,26.479998,0.4996634,0.411256242796773,0.5691509796388782,0.4116404149058778,0.866692278140607,量能比,1,False
SH688131,97.600006,4.345557,0.9481367652708413,0.975989243180945,0.8707260852862082,0.9262389550518633,量能水平;量能波动;量能动量;量能比,4,False
SH688132,16.5,0.46907252,0.4583173261621206,0.20822128313484442,0.5937379946215905,0.11563580484056857,,0,True
SH688133,21.76,1.05008,0.7422205147906262,0.7689204763734153,0.3622742988859009,0.8157894736842105,量能比,1,False
SH688135,37.53,6.889393,0.9817518248175182,0.9890510948905109,0.012485593545908566,0.5176719170188244,量能水平;量能波动,2,False
SH688136,23.570002,1.6124194,0.8739915482135997,0.9623511333077218,0.3724548597771802,0.9354590856703804,量能水平;量能波动;量能比,3,False
SH688137,141.35,7.794678,0.9642719938532462,0.9248943526699962,0.8144448713023434,0.8121398386477142,量能水平;量能波动;量能动量;量能比,4,False
SH688138,37.519997,3.0270073,0.7205147906262005,0.8342297349212447,0.6872839031886285,0.831732616212063,量能波动;量能比,2,False
SH688139,35.19,1.3287873,0.6288897426046869,0.7499039569727238,0.19074145217057242,0.9141375336150596,量能比,1,False
SH688141,102.98,13.568672,0.9658086822896658,0.954091432961967,0.4314252785247791,0.8082981175566654,量能水平;量能波动;量能比,3,False
SH688143,180.23001,25.129892,0.9512101421436804,0.8513253937764118,0.6715328467153284,0.3482520169035728,量能水平;量能波动,2,False
SH688146,193.25002,26.420515,0.9598540145985401,0.9830964271993853,0.6402228198232808,0.7992700729927007,量能水平;量能波动,2,False
SH688147,107.00001,9.197758,0.8267383787936996,0.47579715712639264,0.40491740299654244,0.11832500960430273,量能水平,1,False
SH688148,5.8900003,0.6797236,0.9233576642335767,0.8447944679216289,0.8509412216673069,0.609296965040338,量能水平;量能波动;量能动量,3,False
SH688150,39.460003,3.4697287,0.7218593930080676,0.7360737610449481,0.22704571648098348,0.6219746446407991,,0,True
SH688151,16.64,0.7494056,0.7771801767191702,0.633307721859393,0.025163273146369573,0.09200922013061852,,0,True
SH688152,41.440002,2.0698977,0.9665770265078756,0.9915482135996927,0.9784863618901268,0.7139838647714176,量能水平;量能波动;量能动量,3,False
SH688153,25.89,0.8352339,0.6859393008067615,0.5353438340376488,0.7082212831348444,0.6358048405685747,,0,True
SH688155,54.350002,1.4114039,0.7124471763349981,0.7898578563196312,0.9364195159431425,0.5003841721091049,量能动量,1,False
SH688156,23.050001,1.135524,0.6918939684978871,0.46043027276219745,0.4656165962351133,0.06454091432961967,,0,True
SH688157,18.869999,0.48508796,0.5720322704571648,0.52362658470995,0.6834421820975797,0.6114099116404149,,0,True
SH688158,28.55,3.539748,0.9842489435267,0.9932769880906647,0.4504417979254706,0.7383787936995774,量能水平;量能波动,2,False
SH688159,36.550003,1.3411255,0.80945063388398,0.5539761813292355,0.6648098348059931,0.7360737610449481,量能水平,1,False
SH688160,95.0,1.0915302,0.3935843257779485,0.4262389550518632,0.3613138686131387,0.42489435266999614,,0,True
SH688161,21.76,0.27552742,0.6598155973876296,0.606223588167499,0.17729542835190165,0.11755666538609297,,0,True
SH688162,25.8,0.23114358,0.509604302727622,0.7174414137533615,0.9066461774875144,0.8530541682673838,量能动量;量能比,2,False
SH688163,38.0,0.46191287,0.39915482135996927,0.8113714944295044,0.9840568574721476,0.9623511333077218,量能波动;量能动量;量能比,3,False
SH688165,15.000001,0.7439267,0.7176334998079139,0.6947752593161737,0.38878217441413754,0.5749135612754515,,0,True
SH688166,34.36,3.590503,0.8828275067230119,0.8138686131386861,0.16865155589704187,0.542835190165194,量能水平;量能波动,2,False
SH688167,284.26,24.9213,0.9917402996542451,0.9243180945063388,0.48905109489051096,0.19074145217057242,量能水平;量能波动,2,False
SH688168,43.989998,2.7095814,0.9646561659623512,0.9660007683442182,0.2466384940453323,0.561659623511333,量能水平;量能波动,2,False
SH688169,114.759995,6.0615563,0.9652324241260084,0.914329619669612,0.4271993853246254,0.25451402228198233,量能水平;量能波动,2,False
SH688170,64.549995,5.172178,0.8186707645024971,0.7514406454091433,0.22819823280829812,0.18382635420668458,量能水平,1,False
SH688171,23.910002,0.53300756,0.3513253937764118,0.6847867844794467,0.8905109489051095,0.971187091817134,量能动量;量能比,2,False
SH688172,44.05,5.6547756,0.8722627737226277,0.6646177487514406,0.37860161352285826,0.1965040338071456,量能水平,1,False
SH688173,13.2699995,1.1116796,0.9179792547061083,0.8023434498655397,0.5850941221667307,0.598348059930849,量能水平;量能波动,2,False
SH688175,28.070002,1.1789284,0.6571263926238955,0.8182865923933922,0.7931233192470226,0.9738762965808683,量能波动;量能比,2,False
SH688176,13.75,1.9913775,0.8490203611217826,0.8761044948136766,0.039569727237802534,0.8361505954667691,量能水平;量能波动;量能比,3,False
SH688177,20.210001,0.79566425,0.8419131771033423,0.9631194775259316,0.16135228582404917,0.9686899731079524,量能水平;量能波动;量能比,3,False
SH688178,29.55,0.34241623,0.3812908182865924,0.41029581252401076,0.2917787168651556,0.684402612370342,,0,True
SH688179,22.57,3.1439037,0.7712255090280445,0.9216288897426047,0.4250864387245486,0.9854014598540146,量能波动;量能比,2,False
SH688180,34.94,3.6249747,0.9961582789089513,0.9894352669996158,0.5831732616212063,0.8757203227045717,量能水平;量能波动;量能比,3,False
SH688181,43.6,3.74414,0.9177871686515559,0.858816749903957,0.20879754129850173,0.5412985017287745,量能水平;量能波动,2,False
SH688182,26.910002,1.2155527,0.5172877449097195,0.4546676911256243,0.781021897810219,0.6106415674222051,,0,True
SH688183,110.49999,21.56208,0.9081828659239339,0.5783711102573953,0.5804840568574722,0.44429504417979254,量能水平,1,False
SH688185,85.53,7.0116596,0.9998079139454475,0.9992316557817903,0.6342681521321553,0.8592009220130619,量能水平;量能波动;量能比,3,False
SH688186,14.170001,0.38436535,0.6836342681521321,0.864963503649635,0.509604302727622,0.8670764502497119,量能波动;量能比,2,False
SH688187,44.269997,1.3613579,0.7272378025355359,0.6248559354590857,0.5128697656550134,0.5875912408759124,,0,True
SH688188,95.00001,1.7235254,0.606223588167499,0.48847483672685366,0.45197848636189014,0.39531310026892047,,0,True
SH688190,67.14,0.60846436,0.6048789857856319,0.5451402228198233,0.22877449097195543,0.5643488282750673,,0,True
SH688191,20.000002,1.2107079,0.4154821359969266,0.5434114483288514,0.47983096427199384,0.8939684978870533,量能比,1,False
SH688192,55.819996,2.6508858,0.781021897810219,0.7558586246638495,0.3495966192854399,0.6776796004610065,,0,True
SH688193,49.959995,0.20678154,0.13561275451402227,0.20111409911640415,0.9233576642335767,0.7203227045716482,量能动量,1,False
SH688195,181.24,21.257751,0.7345370726085286,0.7262773722627737,0.10756819054936612,0.17671917018824435,,0,True
SH688196,30.63,0.8207448,0.6025739531310027,0.6878601613522858,0.6692278140606992,0.42873607376104494,,0,True
SH688197,37.66,0.8869035,0.5092201306185171,0.5324625432193623,0.11371494429504418,0.6457933154053016,,0,True
SH688198,68.40001,0.27934426,0.012677679600461006,0.020745293891663467,0.825585862466385,0.7082212831348444,量能动量,1,False
SH688199,25.329996,0.9303512,0.7598924318094507,0.7087975412985017,0.5672301190933539,0.7160968113714944,,0,True
SH688200,398.99,15.629438,0.9316173645793315,0.8665001920860546,0.46139070303495966,0.77794852093738,量能水平;量能波动,2,False
SH688201,7.7000003,0.2107323,0.19515943142527853,0.19093353822512485,0.2573953131002689,0.5315021129466001,,0,True
SH688202,103.96001,6.509876,0.8284671532846716,0.6692278140606992,0.5779869381482904,0.650787552823665,量能水平,1,False
SH688203,20.4,2.4076052,0.8503649635036497,0.948905109489051,0.8832116788321168,0.9827122550902805,量能水平;量能波动;量能动量;量能比,4,False
SH688205,207.19,29.41924,0.9548597771801767,0.9087591240875912,0.49750288129081827,0.5558970418747599,量能水平;量能波动,2,False
SH688206,35.18,2.7171276,0.8795620437956204,0.7814060699193238,0.01940069150979639,0.12293507491356127,量能水平,1,False
SH688207,19.660002,2.2098143,0.8874375720322705,0.8739915482135997,0.4800230503265463,0.7009220130618518,量能水平;量能波动,2,False
SH688208,25.38,1.8342986,0.8945447560507107,0.9421820975797157,0.4902036112178256,0.4197080291970803,量能水平;量能波动,2,False
SH688209,32.44,8.645877,0.9562043795620438,0.8409527468305801,0.2485593545908567,0.11256242796772954,量能水平;量能波动,2,False
SH688210,27.45,1.3235052,0.5814444871302343,0.5121014214368037,0.39761813292354975,0.15386092969650403,,0,True
SH688211,32.42,0.21229194,0.3340376488666923,0.6283134844410296,0.08509412216673069,0.9118325009604302,量能比,1,False
SH688212,27.830002,0.57953167,0.4790626200537841,0.6751824817518248,0.6142912024587015,0.8805224740683827,量能比,1,False
SH688213,94.01,4.540611,0.8605455243949289,0.9573568958893585,0.5071071840184402,0.7721859393008068,量能水平;量能波动,2,False
SH688215,43.96,0.60032773,0.31924702266615446,0.25509028044563964,0.5708797541298501,0.2885132539377641,,0,True
SH688216,40.75,2.9553661,0.9604302727621975,0.7940837495197849,0.6377257011140991,0.5914329619669612,量能水平,1,False
SH688217,25.68,0.23109128,0.5793315405301576,0.5430272762197464,0.7583557433730311,0.7520169035728006,,0,True
SH688218,38.05,1.1618183,0.5324625432193623,0.6640414905877833,0.10084517864003073,0.7570111409911641,,0,True
SH688219,10.17,0.38786316,0.6941990011525163,0.544563964656166,0.4673453707260853,0.6308106031502113,,0,True
SH688220,93.54001,6.4593,0.9790626200537841,0.9784863618901268,0.3768728390318863,0.674414137533615,量能水平;量能波动,2,False
SH688221,16.42,2.2256622,0.9239339223972339,0.9091432961966961,0.13388398002305033,0.4733000384172109,量能水平;量能波动,2,False
SH688222,43.68,8.363973,0.9890510948905109,0.9877064925086438,0.14502497118709182,0.8488282750672301,量能水平;量能波动;量能比,3,False
SH688223,3.7400002,2.4421926,0.9684978870533999,0.9093353822512485,0.6033422973492124,0.7172493276988091,量能水平;量能波动,2,False
SH688225,16.28,1.4859405,0.9285439877064925,0.9792547061083365,0.914329619669612,0.8549750288129082,量能水平;量能波动;量能动量;量能比,4,False
SH688226,29.77,1.8298819,0.6279293123319247,0.5966192854398771,0.9611986169804072,0.8768728390318863,量能动量;量能比,2,False
SH688227,73.03,2.1969914,0.5703034959661929,0.629850172877449,0.5316941990011526,0.7748751440645409,,0,True
SH688228,91.2,1.3689939,0.7036112178255859,0.7374183634268152,0.9479446792162889,0.8367268536304264,量能动量;量能比,2,False
SH688229,60.36001,0.3915272,0.4700345754898194,0.4781021897810219,0.8301959277756434,0.31271609681137147,量能动量,1,False
SH688230,59.100002,0.6607489,0.5875912408759124,0.4573568958893584,0.43219362274298884,0.7118709181713407,,0,True
SH688231,32.300003,1.5993168,0.6771033422973493,0.574721475220899,0.11352285824049174,0.5351517479830964,,0,True
SH688232,17.659998,0.3531214,0.5284287360737611,0.5793315405301576,0.7406838263542067,0.6404149058778332,,0,True
SH688233,92.950005,6.427082,0.9494813676527084,0.901651940069151,0.2694967345370726,0.45754898194391086,量能水平;量能波动,2,False
SH688234,109.0,8.086446,0.9715712639262389,0.8914713791778717,0.8816749903956973,0.8620822128313484,量能水平;量能波动;量能动量;量能比,4,False
SH688235,259.46,7.323744,0.9400691509796388,0.8198232808298117,0.27218593930080676,0.5140222819823281,量能水平;量能波动,2,False
SH688236,14.110001,0.25012675,0.3031117940837495,0.41087207068766807,0.3361505954667691,0.6995774106799846,,0,True
SH688237,58.399998,0.8326402,0.5693430656934306,0.7331924702266616,0.6146753745678064,0.5439877064925086,,0,True
SH688238,8.54,2.0043101,0.938340376488667,0.9752208989627353,0.8616980407222435,0.9765655013446024,量能水平;量能波动;量能动量;量能比,4,False
SH688239,53.0,3.6302724,0.7894736842105263,0.48079139454475606,0.5099884748367268,0.2581636573184787,,0,True
SH688244,21.24,1.4027269,0.7153284671532847,0.9204763734152901,0.9675374567806377,0.9423741836342682,量能波动;量能动量;量能比,3,False
SH688246,17.5,0.37501496,0.5570495582020746,0.769688820591625,0.5355359200922013,0.844410295812524,量能比,1,False
SH688247,9.87,0.5491711,0.48693814829043414,0.4711870918171341,0.31598155973876296,0.8995389934690742,量能比,1,False
SH688248,49.4,2.5667768,0.6959277756434883,0.8029197080291971,0.20610833653476757,0.4738762965808682,量能波动,1,False
SH688249,34.08,5.4021645,0.8812908182865924,0.7162888974260468,0.5485977718017672,0.5591625048021513,量能水平,1,False
SH688251,18.84,0.41506597,0.44813676527084134,0.2873607376104495,0.6262005378409528,0.8401844026123704,量能比,1,False
SH688252,20.869999,0.85319746,0.5136381098732232,0.48463311563580486,0.4917402996542451,0.5993084902036112,,0,True
SH688253,54.350006,0.6638793,0.21917018824433346,0.18709181713407608,0.29101037264694585,0.352285824049174,,0,True
SH688255,26.47,0.57311034,0.4967345370726085,0.32500960430272763,0.5405301575105648,0.7439492892815982,,0,True
SH688256,1046.0,92.501114,0.9932769880906647,0.9636957356895889,0.7153284671532847,0.4035728006146754,量能水平;量能波动,2,False
SH688257,55.519993,7.128117,0.7516327314636957,0.6638494045332309,0.2812139838647714,0.69054936611602,,0,True
SH688258,84.97,2.812416,0.6383019592777565,0.8098348059930849,0.3916634652324241,0.8248175182481752,量能波动;量能比,2,False
SH688259,32.71,0.3617283,0.44621590472531697,0.6851709565885516,0.9154821359969266,0.8713023434498656,量能动量;量能比,2,False
SH688260,100.8,7.091226,0.7693046484825201,0.7958125240107569,0.14079907798693814,0.5783711102573953,,0,True
SH688261,74.950005,3.404749,0.893776411832501,0.8997310795236266,0.01863234729158663,0.7595082597003457,量能水平;量能波动,2,False
SH688262,28.160002,2.1753414,0.8459469842489435,0.9483288513253938,0.6982328082981175,0.9223972339608144,量能水平;量能波动;量能比,3,False
SH688265,54.210003,1.2115114,0.7662312716096812,0.8432577794852094,0.5497502881290818,0.9239339223972339,量能波动;量能比,2,False
SH688266,106.659996,3.9479318,0.8515174798309643,0.7560507107184018,0.2873607376104495,0.684018440261237,量能水平,1,False
SH688267,21.81,0.59688914,0.5326546292739147,0.6457933154053016,0.013446023818670765,0.5403380714560123,,0,True
SH688268,123.34999,5.6976066,0.8084902036112178,0.7301190933538225,0.11870918171340761,0.1784479446792163,量能水平,1,False
SH688269,26.54,0.40607643,0.49635036496350365,0.41990011525163273,0.06588551671148675,0.44813676527084134,,0,True
SH688270,54.15,2.280282,0.5101805608912793,0.38205916250480215,0.5069150979638878,0.34325777948520936,,0,True
SH688271,105.1,3.8591213,0.9713791778716865,0.990395697272378,0.7819823280829812,0.8169419900115251,量能水平;量能波动;量能比,3,False
SH688272,28.789999,0.37196884,0.38820591625048023,0.4006915097963888,0.7835190165194007,0.7241644256626969,,0,True
SH688273,29.42,0.31965232,0.2698809066461775,0.45601229350749134,0.5776027660391856,0.7694967345370726,,0,True
SH688275,68.3,2.0588691,0.9308490203611218,0.9579331540530157,0.9521705724164425,0.7581636573184787,量能水平;量能波动;量能动量,3,False
SH688276,17.5,0.6332271,0.9362274298885901,0.9838647714175951,0.08874375720322704,0.91260084517864,量能水平;量能波动;量能比,3,False
SH688277,15.4800005,0.6965284,0.9229734921244718,0.9166346523242412,0.32769880906646176,0.7625816365731848,量能水平;量能波动,2,False
SH688278,51.2,1.324077,0.5207452938916635,0.3691893968497887,0.26392623895505185,0.5201690357280061,,0,True
SH688279,204.32999,3.5719862,0.6358048405685747,0.1425278524779101,0.2003457548981944,0.15040338071456014,,0,True
SH688280,4.9999995,0.4636454,0.7335766423357665,0.8217441413753361,0.8880138301959277,0.9072224356511718,量能波动;量能动量;量能比,3,False
SH688281,49.249996,1.5070702,0.6742220514790627,0.4629273914713792,0.43795620437956206,0.3580484056857472,,0,True
SH688282,50.74,0.36549023,0.215904725316942,0.43545908567038033,0.6890126776796005,0.7066845946984249,,0,True
SH688283,29.490002,0.6919651,0.3749519784863619,0.7141759508259701,0.3716865155589704,0.9867460622358817,量能比,1,False
SH688286,52.94,2.1352956,0.9767575873991549,0.9884748367268537,0.9613907030349597,0.9074145217057241,量能水平;量能波动;量能动量;量能比,4,False
SH688288,19.77,0.30927455,0.31540530157510566,0.5422589320015367,0.8503649635036497,0.877641183250096,量能动量;量能比,2,False
SH688289,16.27,0.7286162,0.8809066461774875,0.7328082981175567,0.5038417210910487,0.7543219362274299,量能水平,1,False
SH688290,56.79999,0.46842548,0.07741067998463312,0.08509412216673069,0.258739915482136,0.7646945831732617,,0,True
SH688292,22.699999,1.2842046,0.6450249711870918,0.4917402996542451,0.21878601613522858,0.8918555512869766,量能比,1,False
SH688293,74.56,4.3732257,0.9579331540530157,0.9079907798693815,0.4738762965808682,0.7408759124087592,量能水平;量能波动,2,False
SH688295,35.22,1.6076325,0.720706876680753,0.7011140991164041,0.17499039569727237,0.5520553207837111,,0,True
SH688296,25.21,1.8819227,0.8313484441029582,0.5791394544756051,0.6296580868228967,0.6638494045332309,量能水平,1,False
SH688297,41.45,4.845827,0.9679216288897426,0.6513638109873223,0.37264694583173263,0.0685747214752209,量能水平,1,False
SH688298,18.92,0.25598615,0.609296965040338,0.6396465616596235,0.2097579715712639,0.8536304264310411,量能比,1,False
SH688299,13.29,0.5837121,0.4894352669996158,0.5737610449481367,0.20169035728006146,0.7746830580099885,,0,True
SH688300,148.68001,23.344666,0.7933154053015751,0.6094890510948905,0.4638878217441414,0.2208989627353054,,0,True
SH688301,83.72001,4.337414,0.7804456396465617,0.8726469458317326,0.7366500192086054,0.9556281213983865,量能波动;量能比,2,False
SH688302,32.29,0.45208663,0.26277372262773724,0.34998079139454474,0.1448328851325394,0.6375336150595466,,0,True
SH688303,15.700001,1.1537428,0.9212447176334998,0.9354590856703804,0.3407606607760277,0.8008067614291202,量能水平;量能波动;量能比,3,False
SH688305,54.9,1.0691152,0.7134076066077603,0.5658855167114868,0.17595082597003459,0.17441413753361507,,0,True
SH688306,9.92,1.0004241,0.46868997310795235,0.6980407222435652,0.03092585478294276,0.9337303111794084,量能比,1,False
SH688307,44.839996,1.5150201,0.6108336534767576,0.5572416442566269,0.5384172109104879,0.38590088359585095,,0,True
SH688308,80.4,5.9450984,0.7912024587014983,0.7595082597003457,0.16384940453323088,0.3453707260852862,,0,True
SH688309,73.71,1.4338384,0.7143680368805225,0.5889358432577795,0.2495197848636189,0.320783711102574,,0,True
SH688310,15.599999,0.2628887,0.11736457933154053,0.22704571648098348,0.13753361505954667,0.8269304648482521,量能比,1,False
SH688311,24.17,0.75025135,0.8868613138686131,0.8538225124855936,0.5864387245485978,0.8048405685747215,量能水平;量能波动;量能比,3,False
SH688312,49.93,4.367121,0.9423741836342682,0.9469842489435267,0.2931233192470227,0.906069919323857,量能水平;量能波动;量能比,3,False
SH688313,153.7,26.877573,0.9738762965808683,0.9400691509796388,0.6075681905493661,0.49731079523626587,量能水平;量能波动,2,False
SH688314,30.579998,0.31271055,0.39819439108720706,0.6254321936227429,0.14233576642335766,0.9429504417979254,量能比,1,False
SH688315,18.9,2.4083679,0.9133691893968497,0.977718017671917,0.9189396849788706,0.995197848636189,量能水平;量能波动;量能动量;量能比,4,False
SH688316,45.8,0.75063235,0.677487514406454,0.7965808682289666,0.48079139454475606,0.7704571648098348,,0,True
SH688317,18.1,0.4311612,0.7356895889358432,0.9661928543987707,0.7992700729927007,0.9948136765270841,量能波动;量能比,2,False
SH688318,76.9,5.6204276,0.8390318862850557,0.7547061083365347,0.18267383787936997,0.13964656165962352,量能水平,1,False
SH688319,31.000002,2.068342,0.8661160199769496,0.9487130234344987,0.6135228582404917,0.9216288897426047,量能水平;量能波动;量能比,3,False
SH688320,36.25,1.1095992,0.4062620053784095,0.3296196696119862,0.4483288513253938,0.9037648866692278,量能比,1,False
SH688321,24.920002,1.8645042,0.9752208989627353,0.9437187860161352,0.07376104494813676,0.7579715712639262,量能水平;量能波动,2,False
SH688322,85.100006,5.347726,0.8428736073761045,0.7230119093353823,0.5009604302727622,0.46484825201690355,量能水平,1,False
SH688323,24.140001,2.5148187,0.8532462543219362,0.8505570495582021,0.5401459854014599,0.6448328851325393,量能水平;量能波动,2,False
SH688325,109.0,0.77741617,0.22397233960814444,0.5103726469458317,0.9782942758355744,0.8534383403764887,量能动量;量能比,2,False
SH688326,56.46,0.6998498,0.6329235497502881,0.5754898194391087,0.25605071071840185,0.15981559738762965,,0,True
SH688327,9.71,1.4764974,0.820783711102574,0.8050326546292739,0.47887053399923163,0.5908567038033039,量能水平;量能波动,2,False
SH688328,74.99,4.118331,0.8519016519400692,0.7187860161352286,0.5466769112562428,0.42912024587014985,量能水平,1,False
SH688329,23.86,0.3145841,0.21993853246254322,0.3378793699577411,0.7433730311179408,0.8801383019592778,量能比,1,False
SH688330,36.85,0.6256401,0.6396465616596235,0.7260852862082213,0.35766423357664234,0.6194775259316173,,0,True
SH688331,116.67,6.822627,0.8278908951210142,0.7170572416442567,0.27545140222819825,0.7673837879369958,量能水平,1,False
SH688332,87.83,4.4762626,0.7900499423741837,0.8265462927391471,0.49039569727237803,0.5155589704187477,量能波动,1,False
SH688333,101.00001,13.629599,0.8718786016135228,0.887245485977718,0.684018440261237,0.5242028428736074,量能水平;量能波动,2,False
SH688335,17.380001,0.3565136,0.3584325777948521,0.47694967345370726,0.9329619669611986,0.7011140991164041,量能动量,1,False
SH688336,40.68,2.3667684,0.8098348059930849,0.7597003457548982,0.614099116404149,0.8538225124855936,量能水平;量能比,2,False
SH688337,49.739998,3.0807092,0.731655781790242,0.9385324625432193,0.9070303495966193,0.9946215904725317,量能波动;量能动量;量能比,3,False
SH688338,31.67,0.4641873,0.7729542835190165,0.7981175566653861,0.15443718786016136,0.7689204763734153,,0,True
SH688339,19.92,0.7984285,0.8799462159047253,0.9604302727621975,0.9953899346907414,0.9852093737994622,量能水平;量能波动;量能动量;量能比,4,False
SH688343,62.53,5.4580984,0.9880906646177487,0.9857856319631195,0.2305032654629274,0.6669227814060699,量能水平;量能波动,2,False
SH688345,47.08,0.54557747,0.5470610833653476,0.7139838647714176,0.8985785631963119,0.644640799077987,量能动量,1,False
SH688347,219.09999,31.670689,0.9782942758355744,0.9587014982712255,0.4241260084517864,0.3845562812139839,量能水平;量能波动,2,False
SH688348,30.169998,0.3075536,0.7051479062620054,0.6242796772954283,0.387245485977718,0.6169804072224356,,0,True
SH688349,13.13,1.0375957,0.8271225509028045,0.5906646177487515,0.7550902804456396,0.5764502497118709,量能水平,1,False
SH688350,29.220001,0.6728267,0.3680368805224741,0.5822128313484441,0.7024587014982713,0.8465232424126008,量能比,1,False
SH688351,16.97,0.674512,0.32174414137533613,0.1367652708413369,0.07548981943910872,0.07625816365731848,,0,True
SH688352,18.23,4.019449,0.917402996542451,0.7479830964271994,0.7395313100268921,0.5889358432577795,量能水平,1,False
SH688353,78.95,2.7182763,0.8371110257395313,0.6892047637341528,0.6665386092969651,0.28716865155589705,量能水平,1,False
SH688356,95.79,4.8312793,0.977718017671917,0.9235497502881291,0.6375336150595466,0.839608144448713,量能水平;量能波动;量能比,3,False
SH688358,28.9,0.20876905,0.10487898578563196,0.18862850557049557,0.3273146369573569,0.7061083365347676,,0,True
SH688359,106.00001,3.8441155,0.7053399923165579,0.506530925854783,0.6190933538225125,0.7504802151363811,,0,True
SH688360,16.03,0.53855586,0.5389934690741452,0.43930080676142913,0.40818286592393394,0.9043411448328851,量能比,1,False
SH688361,354.72,26.443703,0.9538993469074145,0.9054936611601998,0.36611601997694965,0.47579715712639264,量能水平;量能波动,2,False
SH688362,56.8,10.143338,0.9477525931617364,0.9404533230887437,0.18132923549750288,0.42585478294275836,量能水平;量能波动,2,False
SH688363,34.1,0.7417385,0.7618132923549751,0.6471379177871687,0.3774490971955436,0.8342297349212447,量能比,1,False
SH688365,15.849999,2.4193726,0.9629273914713792,0.9961582789089513,0.9193238570879754,0.9684978870533999,量能水平;量能波动;量能动量;量能比,4,False
SH688367,29.650002,0.47185493,0.2101421436803688,0.21244717633499807,0.5566653860929697,0.3029197080291971,,0,True
SH688368,127.020004,6.129329,0.8146369573568959,0.7339608144448713,0.6557817902420284,0.7114867460622358,量能水平,1,False
SH688369,19.720001,0.5671789,0.7005378409527468,0.8503649635036497,0.7706492508643873,0.811179408374952,量能波动;量能比,2,False
SH688370,28.67,0.21256644,0.11794083749519785,0.3761044948136765,0.61102573953131,0.9469842489435267,量能比,1,False
SH688371,22.66,1.7476668,0.7988859008835959,0.7645024971187092,0.6853630426431041,0.6327314636957357,,0,True
SH688372,103.45,7.5531135,0.9321936227429889,0.8576642335766423,0.42086054552439495,0.5528236650019208,量能水平;量能波动,2,False
SH688373,5.73,0.9015057,0.7541298501728775,0.8928159815597387,0.08912792931233192,0.880714560122935,量能波动;量能比,2,False
SH688375,65.200005,1.9722589,0.7570111409911641,0.6824817518248175,0.7137917787168652,0.5299654245101806,,0,True
SH688376,57.199997,0.7823224,0.2875528236650019,0.4256626968882059,0.6861313868613139,0.6046868997310795,,0,True
SH688377,16.810001,0.44321275,0.5046100653092586,0.5119093353822513,0.39031886285055706,0.5234344986553976,,0,True
SH688378,46.070004,5.107074,0.8688052247406838,0.6698040722243566,0.35593545908567037,0.5424510180560891,量能水平,1,False
SH688379,55.82,2.3037567,0.7835190165194007,0.9070303495966193,0.8273146369573569,0.9089512101421436,量能波动;量能动量;量能比,3,False
SH688380,40.639996,3.057359,0.9281598155973876,0.9565885516711486,0.2072608528620822,0.7155205532078371,量能水平;量能波动,2,False
SH688381,42.260002,4.5268264,0.9550518632347291,0.9327698809066461,0.6509796388782174,0.7395313100268921,量能水平;量能波动,2,False
SH688382,18.2,1.9008594,0.7195543603534383,0.7370341913177103,0.8782174414137534,0.8663081060315021,量能动量;量能比,2,False
SH688383,129.0,3.4031951,0.7370341913177103,0.6523242412600845,0.7725701114099116,0.6940069150979639,,0,True
SH688385,57.519997,6.684857,0.9702266615443719,0.9512101421436804,0.22935074913561276,0.7005378409527468,量能水平;量能波动,2,False
SH688386,47.26,1.2942365,0.5449481367652709,0.7251248559354591,0.8912792931233192,0.8616980407222435,量能动量;量能比,2,False
SH688387,11.49,3.8235145,0.7664233576642335,0.6963119477525932,0.37821744141375335,0.3972339608144449,,0,True
SH688388,28.099998,10.329415,0.9884748367268537,0.9875144064540914,0.10545524394928928,0.7996542451018056,量能水平;量能波动,2,False
SH688390,54.800003,3.685241,0.879369957741068,0.7704571648098348,0.4202842873607376,0.4387245485977718,量能水平,1,False
SH688391,26.45,0.28535515,0.4368036880522474,0.5097963887821744,0.3780253553592009,0.7791010372646946,,0,True
SH688392,161.59999,5.4522214,0.8580484056857473,0.9158663081060315,0.14867460622358816,0.7199385324625432,量能水平;量能波动,2,False
SH688393,22.24,0.4296678,0.6352285824049174,0.8371110257395313,0.09200922013061852,0.9377641183250096,量能波动;量能比,2,False
SH688395,26.33,0.33654985,0.2973492124471763,0.4206684594698425,0.7353054168267383,0.9204763734152901,量能比,1,False
SH688396,56.890003,7.996669,0.9610065309258548,0.9022281982328083,0.31790242028428733,0.5981559738762966,量能水平;量能波动,2,False
SH688398,22.810001,0.42393893,0.4661928543987707,0.6867076450249712,0.020745293891663467,0.8273146369573569,量能比,1,False
SH688399,26.779997,0.39045444,0.16711486746062235,0.3707260852862082,0.4623511333077219,0.8924318094506339,量能比,1,False
SH688400,42.51,4.4589963,0.8970418747598924,0.8837879369957741,0.7076450249711871,0.45140222819823284,量能水平;量能波动,2,False
SH688401,65.68,3.4025104,0.7885132539377642,0.8353822512485594,0.2933154053015751,0.7134076066077603,量能波动,1,False
SH688403,22.25,13.189913,0.9844410295812523,0.9550518632347291,0.44429504417979254,0.20745293891663466,量能水平;量能波动,2,False
SH688408,22.529999,0.7109697,0.7230119093353823,0.679216288897426,0.4124087591240876,0.2737226277372263,,0,True
SH688409,178.78,10.76715,0.9275835574337303,0.9076066077602766,0.35920092201306186,0.479446792162889,量能水平;量能波动,2,False
SH688410,9.309999,0.85080266,0.4504417979254706,0.4583173261621206,0.2898578563196312,0.44525547445255476,,0,True
SH688411,154.90001,3.6912627,0.6861313868613139,0.5197848636189013,0.28582404917403,0.29946215904725315,,0,True
SH688416,75.63,4.098422,0.7963887821744141,0.6046868997310795,0.5412985017287745,0.574721475220899,,0,True
SH688418,29.86,0.80729383,0.6054552439492893,0.5447560507107184,0.6308106031502113,0.6346523242412601,,0,True
SH688419,49.47,1.4949883,0.5370726085286208,0.3910872070687668,0.2990779869381483,0.27314636957356897,,0,True
SH688425,3.9300003,0.48348647,0.5412985017287745,0.2864003073376873,0.5242028428736074,0.25124855935459084,,0,True
SH688426,21.230001,0.42461136,0.4489051094890511,0.7257011140991164,0.9512101421436804,0.9800230503265462,量能动量;量能比,2,False
SH688428,28.88,4.1038013,0.6640414905877833,0.7908182865923934,0.4838647714175951,0.9152900499423742,量能比,1,False
SH688433,80.98,5.5117607,0.7581636573184787,0.49135612754514024,0.42105263157894735,0.2120630042258932,,0,True
SH688435,30.46,1.263038,0.9310411064156742,0.8403764886669228,0.5768344218209758,0.0724164425662697,量能水平;量能波动,2,False
SH688439,37.04,0.6264294,0.7376104494813677,0.7435651171724933,0.5416826738378794,0.7343449865539762,,0,True
SH688443,24.140001,0.70665985,0.5883595850941221,0.6755666538609297,0.22493276988090666,0.8853246254321936,量能比,1,False
SH688448,65.19,1.6610488,0.3336534767575874,0.47310795236265846,0.7487514406454091,0.5608912792931233,,0,True
SH688449,57.690006,3.996678,0.8949289281598156,0.8163657318478679,0.29946215904725315,0.3478678447944679,量能水平;量能波动,2,False
SH688450,32.16,0.36123884,0.3230887437572032,0.19919323857087975,0.6897810218978102,0.7393392239723396,,0,True
SH688455,17.58,0.35902545,0.2737226277372263,0.2812139838647714,0.40703034959661927,0.5464848252016904,,0,True
SH688456,69.96,4.122371,0.8175182481751825,0.7996542451018056,0.21244717633499807,0.6530925854782943,量能水平,1,False
SH688458,37.81,0.6858643,0.5560891279293123,0.642912024587015,0.45313100268920475,0.5009604302727622,,0,True
SH688469,9.0,7.562869,0.9585094122166731,0.9930849020361122,0.9857856319631195,0.8761044948136766,量能水平;量能波动;量能动量;量能比,4,False
SH688472,8.33,2.37327,0.9079907798693815,0.6008451786400307,0.5366884364195159,0.32616212063004224,量能水平,1,False
SH688475,26.99,0.9893122,0.3910872070687668,0.3638109873223204,0.8484441029581252,0.6976565501344603,量能动量,1,False
SH688478,48.68,2.704211,0.8336534767575874,0.890703034959662,0.6010372646945832,0.884172109104879,量能水平;量能波动;量能比,3,False
SH688479,34.71,0.8293007,0.2854398770649251,0.50787552823665,0.8755282366500192,0.8102189781021898,量能动量;量能比,2,False
SH688480,65.45,0.7373922,0.1225509028044564,0.2875528236650019,0.23626584709950058,0.3862850557049558,,0,True
SH688484,32.769997,2.2589648,0.9214368036880523,0.8386477141759509,0.43757203227045716,0.23127160968113714,量能水平;量能波动,2,False
SH688485,105.07999,8.033039,0.7378025355359201,0.6817134076066078,0.5391855551286977,0.701498271225509,,0,True
SH688486,47.039997,2.1304688,0.7103342297349212,0.7466384940453323,0.30676142912024584,0.7990779869381482,,0,True
SH688488,16.120003,1.1575311,0.8236650019208606,0.6611601997694967,0.27314636957356897,0.5484056857472147,量能水平,1,False
SH688489,27.779999,0.50895333,0.6071840184402613,0.8864771417595083,0.7126392623895506,0.9646561659623512,量能波动;量能比,2,False
SH688498,1638.5,52.009865,0.7621974644640799,0.6742220514790627,0.796772954283519,0.6820975797157126,,0,True
SH688499,41.54,1.9209188,0.9727237802535535,0.9946215904725317,0.9748367268536304,0.9277756434882828,量能水平;量能波动;量能动量;量能比,4,False
SH688500,30.850004,0.6407757,0.8079139454475605,0.8755282366500192,0.35535920092201306,0.7575873991548213,量能水平;量能波动,2,False
SH688501,15.3,0.5807863,0.3225124855935459,0.5320783711102574,0.016903572800614674,0.7769880906646177,,0,True
SH688502,414.57,5.514727,0.8392239723396081,0.8246254321936227,0.7339608144448713,0.6859393008067615,量能水平;量能波动,2,False
SH688503,72.3,11.479341,0.9894352669996158,0.9867460622358817,0.15194006915097963,0.5532078371110257,量能水平;量能波动,2,False
SH688505,8.2300005,0.592082,0.8513253937764118,0.9398770649250865,0.1917018824433346,0.9437187860161352,量能水平;量能波动;量能比,3,False
SH688506,236.0,4.188935,0.34652324241260085,0.5293891663465232,0.2397233960814445,0.7535535920092201,,0,True
SH688507,134.63,4.44803,0.9101037264694584,0.7691125624279678,0.4782942758355743,0.26872839031886286,量能水平,1,False
SH688508,78.649994,4.598925,0.9740683826354206,0.9260468689973108,0.6671148674606223,0.5793315405301576,量能水平;量能波动,2,False
SH688509,4.25,0.20228396,0.23857087975412986,0.25067230119093353,0.8073376872839032,0.4790626200537841,量能动量,1,False
SH688510,23.2,1.7871048,0.8451786400307337,0.43257779485209374,0.5724164425662697,0.34613907030349594,量能水平,1,False
SH688511,22.22,0.3657269,0.5526315789473685,0.5998847483672686,0.5533999231655782,0.5470610833653476,,0,True
SH688512,16.47,2.8775897,0.9085670380330388,0.9911640414905878,0.977718017671917,0.9902036112178256,量能水平;量能波动;量能动量;量能比,4,False
SH688513,50.36,0.96121705,0.5672301190933539,0.48040722243565115,0.25220898962735305,0.6868997310795236,,0,True
SH688515,143.40001,3.7114506,0.961966961198617,0.9377641183250096,0.6098732232039954,0.6878601613522858,量能水平;量能波动,2,False
SH688516,42.469997,2.6382046,0.6246638494045332,0.5491740299654245,0.4051094890510949,0.5382251248559354,,0,True
SH688517,18.27,0.41500175,0.1901651940069151,0.6917018824433346,0.9717633499807914,0.9279677295428352,量能动量;量能比,2,False
SH688518,20.3,1.924246,0.8280829811755667,0.8123319247022666,0.6817134076066078,0.7602766039185556,量能水平;量能波动,2,False
SH688519,276.13995,18.488686,0.9108720706876681,0.8759124087591241,0.33883980023050325,0.42105263157894735,量能水平;量能波动,2,False
SH688520,35.22,0.77750033,0.7391471379177872,0.912985017287745,0.49865539761813293,0.9515943142527853,量能波动;量能比,2,False
SH688521,193.63998,35.651447,0.9988474836726854,0.9948136765270841,0.457164809834806,0.5670380330388014,量能水平;量能波动,2,False
SH688522,17.86,0.58330095,0.44583173261621206,0.3734152900499424,0.27660391855551286,0.4946215904725317,,0,True
SH688523,37.59,1.0836736,0.5409143296196696,0.4012677679600461,0.7253169419900115,0.6290818286592393,,0,True
SH688525,198.59999,33.809757,0.843065693430657,0.8845562812139839,0.4062620053784095,0.8300038417210911,量能水平;量能波动;量能比,3,False
SH688529,15.05,0.21679704,0.6200537840952747,0.587014982712255,0.7552823665001921,0.8171340760660776,量能比,1,False
SH688530,56.97,4.7717524,0.80157510564733,0.7912024587014983,0.22800614675374567,0.5184402612370342,量能水平,1,False
SH688531,129.8,5.0529394,0.8958893584325778,0.8536304264310411,0.39281598155973874,0.7043795620437956,量能水平;量能波动,2,False
SH688535,101.450005,6.80197,0.8603534383403765,0.863618901267768,0.14560122935074912,0.7623895505186323,量能水平;量能波动,2,False
SH688536,337.49997,8.582937,0.9118325009604302,0.8309642719938533,0.6799846331156358,0.5791394544756051,量能水平;量能波动,2,False
SH688538,2.05,1.4354875,0.8680368805224741,0.6502112946600077,0.6711486746062236,0.1498271225509028,量能水平,1,False
SH688539,23.91,0.49164805,0.31790242028428733,0.35209373799462157,0.08106031502112947,0.48021513638109875,,0,True
SH688543,41.699997,4.337674,0.8651555897041875,0.7299270072992701,0.1717249327698809,0.06242796772954284,量能水平,1,False
SH688545,71.65,6.218215,0.8177103342297349,0.7935074913561275,0.1653860929696504,0.4898194391087207,量能水平,1,False
SH688548,31.93,8.48813,0.9089512101421436,0.7961966961198617,0.07203227045716482,0.3686131386861314,量能水平,1,False
SH688549,21.72,13.0766115,0.9827122550902805,0.9583173261621206,0.10257395313100269,0.18497887053399922,量能水平;量能波动,2,False
SH688550,36.3,0.99502504,0.6390703034959662,0.650787552823665,0.06876680752977334,0.6087207068766808,,0,True
SH688551,38.549995,1.6390761,0.7203227045716482,0.7831348444102958,0.7061083365347676,0.7781406069919324,,0,True
SH688552,29.060001,1.1894163,0.5833653476757588,0.5977718017671917,0.08528620822128313,0.10026892047637341,,0,True
SH688553,12.170001,1.1895447,0.8403764886669228,0.9323857087975413,0.06415674222051479,0.901651940069151,量能水平;量能波动;量能比,3,False
SH688556,7.55,1.4363195,0.7721859393008068,0.5701114099116404,0.35420668459469845,0.1755666538609297,,0,True
SH688557,20.970001,0.27923888,0.25124855935459084,0.5557049558202074,0.08278908951210143,0.7597003457548982,,0,True
SH688558,33.6,0.37020525,0.28179024202842873,0.2402996542451018,0.5261237034191317,0.7324241260084517,,0,True
SH688559,49.75,6.946797,0.9225893200153669,0.8745678063772571,0.9414137533615059,0.7328082981175567,量能水平;量能波动;量能动量,3,False
SH688560,12.81,0.31573686,0.5159431425278524,0.1648098348059931,0.8046484825201691,0.6903572800614676,量能动量,1,False
SH688561,29.860003,3.3706067,0.9957741067998463,0.9984633115635805,0.9354590856703804,0.8205916250480215,量能水平;量能波动;量能动量;量能比,4,False
SH688562,14.469999,0.3956242,0.4900115251632731,0.40760660776027663,0.9093353822512485,0.3759124087591241,量能动量,1,False
SH688563,50.120003,1.5065436,0.7550902804456396,0.6915097963887822,0.9467921628889743,0.4152900499423742,量能动量,1,False
SH688565,11.71,0.22740142,0.21628889742604687,0.029197080291970802,0.31886285055704955,0.6237034191317711,,0,True
SH688566,27.800001,0.48846877,0.47925470610833654,0.6277372262773723,0.8847483672685363,0.9323857087975413,量能动量;量能比,2,False
SH688567,9.09,0.7823853,0.8361505954667691,0.8799462159047253,0.9502497118709182,0.4994237418363427,量能水平;量能波动;量能动量,3,False
SH688568,29.169998,2.6556141,0.819054936611602,0.7971571263926239,0.48866692278140605,0.41701882443334615,量能水平,1,False
SH688571,8.27,0.45775607,0.34709950057625816,0.43853246254321937,0.5906646177487515,0.8148290434114484,量能比,1,False
SH688573,16.96,0.4623111,0.6354206684594699,0.90472531694199,0.9919323857087975,0.9857856319631195,量能波动;量能动量;量能比,3,False
SH688575,10.299999,0.983947,0.9302727621974645,0.9575489819439109,0.2130234344986554,0.764886669227814,量能水平;量能波动,2,False
SH688577,39.18,0.4005759,0.08413369189396849,0.06819054936611602,0.5363042643104111,0.3866692278140607,,0,True
SH688578,106.25,6.14064,0.8136765270841337,0.8839800230503265,0.7996542451018056,0.9316173645793315,量能水平;量能波动;量能比,3,False
SH688579,7.9399996,0.21603388,0.4946215904725317,0.5195927775643489,0.8551671148674607,0.7379946215904726,量能动量,1,False
SH688580,42.41,0.48205176,0.6663465232424126,0.638109873223204,0.38935843257779484,0.660391855551287,,0,True
SH688581,56.5,0.52000105,0.48905109489051096,0.6986169804072224,0.5228582404917403,0.8236650019208606,量能比,1,False
SH688582,36.72,1.3481315,0.7274298885900884,0.5728006146753746,0.2723780253553592,0.4377641183250096,,0,True
SH688583,80.1,2.060086,0.6807529773338455,0.8507491356127546,0.17306953515174797,0.6160199769496735,量能波动,1,False
SH688584,27.51,2.6424863,0.7956204379562044,0.7168651555897042,0.568190549366116,0.8067614291202458,量能比,1,False
SH688585,131.01,3.9431481,0.26892047637341526,0.47983096427199384,0.014982712255090281,0.4627353054168267,,0,True
SH688586,10.910001,0.5418432,0.5593545908567038,0.5660776027660391,0.693622742988859,0.5799077986938148,,0,True
SH688588,9.05,0.36188793,0.7084133691893969,0.6811371494429505,0.5895121014214368,0.17979254706108336,,0,True
SH688589,20.619999,0.55099845,0.7009220130618518,0.4498655397618133,0.45024971187091817,0.6911256242796773,,0,True
SH688590,12.150001,0.6697548,0.6177487514406454,0.7708413369189396,0.2541298501728774,0.7758355743373031,,0,True
SH688591,31.109999,1.3863723,0.7093737994621591,0.885900883595851,0.5601229350749135,0.9225893200153669,量能波动;量能比,2,False
SH688593,29.929998,4.1129055,0.8670764502497119,0.8417210910487899,0.7410679984633116,0.593545908567038,量能水平;量能波动,2,False
SH688595,30.689999,0.7322429,0.612754514022282,0.6865155589704187,0.4809834805993085,0.79369957741068,,0,True
SH688596,59.94,11.088154,0.9587014982712255,0.7452938916634653,0.33346139070303493,0.16384940453323088,量能水平,1,False
SH688597,6.31,0.30799603,0.19880906646177487,0.33000384172109104,0.2543219362274299,0.5837495197848637,,0,True
SH688598,33.44,3.9045713,0.9439108720706877,0.952362658470995,0.46811371494429505,0.7641183250096043,量能水平;量能波动,2,False
SH688599,10.8,3.0347235,0.9373799462159047,0.7671917018824433,0.5862466384940453,0.41413753361505956,量能水平,1,False
SH688600,34.95,2.2581854,0.81732616212063,0.6588551671148675,0.18786016135228584,0.276219746446408,量能水平,1,False
SH688601,59.399998,2.4719791,0.8759124087591241,0.7910103726469458,0.7072608528620822,0.33538225124855936,量能水平,1,False
SH688602,6.89,0.26020315,0.2829427583557434,0.18901267767960045,0.6450249711870918,0.6012293507491356,,0,True
SH688603,112.6,7.530574,0.8455628121398386,0.846139070303496,0.25259316173645796,0.49635036496350365,量能水平;量能波动,2,False
SH688605,83.53,3.8749487,0.9014598540145985,0.7960046100653092,0.487322320399539,0.2130234344986554,量能水平,1,False
SH688607,36.030003,0.44812515,0.5658855167114868,0.6726853630426431,0.9147137917787168,0.6196696119861698,量能动量,1,False
SH688608,108.75,5.3689404,0.9878985785631963,0.9986553976181329,0.7981175566653861,0.9298885900883596,量能水平;量能波动;量能比,3,False
SH688609,8.93,1.5004677,0.8121398386477142,0.7867844794467922,0.6701882443334614,0.5414905877833269,量能水平,1,False
SH688610,152.62001,1.8739214,0.5103726469458317,0.5570495582020746,0.2272378025355359,0.6325393776411833,,0,True
SH688611,63.300003,0.8350434,0.11928543987706493,0.06934306569343066,0.36592393392239725,0.2973492124471763,,0,True
SH688612,33.18,2.1518,0.8597771801767192,0.6957356895889358,0.5159431425278524,0.19285439877064925,量能水平,1,False
SH688613,20.5,1.1166323,0.960238186707645,0.9738762965808683,0.5518632347291587,0.9285439877064925,量能水平;量能波动;量能比,3,False
SH688615,84.62,3.6096387,0.8227045716480983,0.9452554744525548,0.3933922397233961,0.8947368421052632,量能水平;量能波动;量能比,3,False
SH688617,240.03001,3.525626,0.7568190549366116,0.6444487130234345,0.5462927391471379,0.6356127545140223,,0,True
SH688618,28.69,0.49980912,0.2852477910103726,0.4371878601613523,0.8349980791394545,0.5117172493276988,量能动量,1,False
SH688619,14.06,0.5445075,0.703227045716481,0.43987706492508644,0.6847867844794467,0.1882443334613907,,0,True
SH688620,16.78,2.7122118,0.8253937764118325,0.8082981175566654,0.3098348059930849,0.7635420668459469,量能水平;量能波动,2,False
SH688621,70.95,2.0216832,0.8325009604302728,0.9116404149058779,0.10583941605839416,0.33154053015751056,量能水平;量能波动,2,False
SH688622,136.0,0.95569634,0.47579715712639264,0.5142143680368805,0.2101421436803688,0.7912024587014983,,0,True
SH688623,63.23,0.3616878,0.2427967729542835,0.6044948136765271,0.7431809450633884,0.9596619285439877,量能比,1,False
SH688625,68.11,4.773068,0.7011140991164041,0.524010756819055,0.7806377257011141,0.7723780253553592,,0,True
SH688626,42.049995,0.84396726,0.5322704571648098,0.8376872839031886,0.2908182865923934,0.9427583557433731,量能波动;量能比,2,False
SH688627,441.07004,19.110731,0.885900883595851,0.8121398386477142,0.5263157894736842,0.16231271609681136,量能水平;量能波动,2,False
SH688628,88.06999,5.844593,0.9293123319247023,0.9431425278524779,0.7335766423357665,0.977718017671917,量能水平;量能波动;量能比,3,False
SH688629,104.50001,14.831168,0.8632347291586631,0.8106031502112947,0.4391087207068767,0.6273530541682674,量能水平;量能波动,2,False
SH688630,397.17,14.9176855,0.7239723396081444,0.6563580484056858,0.24145217057241644,0.4344986553976181,,0,True
SH688631,35.72,0.45404363,0.2314636957356896,0.3323088743757203,0.893776411832501,0.7787168651555897,量能动量,1,False
SH688633,21.85,0.4956224,0.4110641567422205,0.1834421820975797,0.571263926238955,0.16961198616980408,,0,True
SH688635,258.69998,4.9498863,0.9927007299270073,0.97637341529005,0.6738378793699578,0.4900115251632731,量能水平;量能波动,2,False
SH688636,19.8,1.1356696,0.7643104110641568,0.6450249711870918,0.20245870149827122,0.6123703419131771,,0,True
SH688639,17.76,0.91851425,0.5163273146369574,0.6728774490971955,0.14752208989627352,0.7339608144448713,,0,True
SH688646,72.770004,1.6682777,0.6432961966961198,0.7485593545908567,0.7218593930080676,0.8759124087591241,量能比,1,False
SH688648,28.59,0.53165877,0.37879369957741066,0.3590088359585094,0.5226661544371879,0.31002689204763734,,0,True
SH688651,25.560001,0.6024662,0.5862466384940453,0.5568574721475221,0.8989627353054168,0.7493276988090665,量能动量,1,False
SH688652,134.68001,5.1230936,0.803303880138302,0.597003457548982,0.23376872839031887,0.31540530157510566,量能水平,1,False
SH688653,14.679999,1.5498456,0.8713023434498656,0.7091817134076066,0.48751440645409144,0.7946600076834421,量能水平,1,False
SH688655,75.700005,8.490777,0.8887821744141375,0.6434882827506723,0.70630042258932,0.5595466769112563,量能水平,1,False
SH688656,132.02998,1.2919993,0.42431809450633884,0.6208221283134845,0.8624663849404534,0.8513253937764118,量能动量;量能比,2,False
SH688657,33.78,0.3128535,0.22531694199001154,0.14214368036880523,0.4466000768344218,0.36611601997694965,,0,True
SH688658,12.97,1.6245337,0.9072224356511718,0.899923165578179,0.22570111409911642,0.6696119861698041,量能水平;量能波动,2,False
SH688659,9.33,0.27653417,0.3088743757203227,0.14886669227814062,0.6688436419515943,0.6037264694583173,,0,True
SH688660,8.76,3.1520033,0.9296965040338071,0.6421436803688052,0.30868228966577027,0.07606607760276604,量能水平,1,False
SH688661,97.100006,3.8058622,0.4562043795620438,0.31790242028428733,0.439684978870534,0.47983096427199384,,0,True
SH688662,114.090004,11.671259,0.8851325393776411,0.8640030733768729,0.5679984633115636,0.9231655781790242,量能水平;量能波动;量能比,3,False
SH688663,56.329998,1.256222,0.18440261237034192,0.228582404917403,0.5282366500192086,0.6112178255858625,,0,True
SH688665,42.6,0.2855291,0.1406069919323857,0.5051863234729159,0.6417595082597003,0.9781021897810219,量能比,1,False
SH688667,102.79,0.76740223,0.5737610449481367,0.47368421052631576,0.8799462159047253,0.7545140222819823,量能动量,1,False
SH688668,210.49,10.9843855,0.6730695351517479,0.49154821359969264,0.7800614675374568,0.7397233960814444,,0,True
SH688669,62.65,1.6348916,0.545908567038033,0.6229350749135613,0.3263542066845947,0.6275451402228198,,0,True
SH688670,18.26,0.3743137,0.6552055320783711,0.5979638878217441,0.7493276988090665,0.6807529773338455,,0,True
SH688671,25.8,0.31034303,0.5272762197464465,0.551094890510949,0.16711486746062235,0.7927391471379178,,0,True
SH688676,61.550003,6.25576,0.815597387629658,0.7289665770265079,0.3434498655397618,0.21187091817134077,量能水平,1,False
SH688677,76.399994,6.380476,0.8720706876680753,0.8630426431041106,0.53937764118325,0.35977718017671917,量能水平;量能波动,2,False
SH688678,32.0,6.972693,0.9141375336150596,0.8970418747598924,0.3447944679216289,0.9158663081060315,量能水平;量能波动;量能比,3,False
SH688679,38.890003,1.6540412,0.45985401459854014,0.38705339992316556,0.32385708797541296,0.3545908567038033,,0,True
SH688680,38.57,0.5505398,0.8995389934690742,0.9273914713791779,0.2825585862466385,0.9341144832885132,量能水平;量能波动;量能比,3,False
SH688681,15.670002,0.29129836,0.2741067998463312,0.2451018056089128,0.8069535151747983,0.5072992700729927,量能动量,1,False
SH688682,33.2,0.6186664,0.4383403764886669,0.9227814060699193,0.9942374183634268,0.9930849020361122,量能波动;量能动量;量能比,3,False
SH688683,30.300001,0.37741068,0.08912792931233192,0.12331924702266615,0.27449097195543604,0.5359200922013062,,0,True
SH688685,39.7,1.2303988,0.4905877833269305,0.7668075297733384,0.949289281598156,0.9020361121782559,量能动量;量能比,2,False
SH688686,131.14,2.3461251,0.8282750672301191,0.68267383787937,0.23933922397233962,0.1584709950057626,量能水平,1,False
SH688687,18.41,0.4543881,0.582597003457549,0.6536688436419515,0.5322704571648098,0.9444871302343449,量能比,1,False
SH688689,39.77,2.1544607,0.7437572032270457,0.8826354206684595,0.7214752208989628,0.8914713791778717,量能波动;量能比,2,False
SH688690,45.28,4.9930153,0.9936611601997695,0.9656165962351133,0.5284287360737611,0.5276603918555512,量能水平;量能波动,2,False
SH688691,61.429996,1.8123513,0.6991932385708798,0.6769112562427968,0.7616212063004226,0.7456780637725701,,0,True
SH688692,187.91998,1.7983782,0.6903572800614676,0.7389550518632347,0.8716865155589704,0.6963119477525932,量能动量,1,False
SH688693,72.27,1.0564995,0.6384940453323089,0.5082597003457549,0.40088359585094124,0.3891663465232424,,0,True
SH688695,20.400002,0.22488546,0.3580484056857472,0.16577026507875528,0.753937764118325,0.47310795236265846,,0,True
SH688696,81.0,1.2017794,0.950633883980023,0.9569727237802536,0.28371110257395316,0.29542835190165195,量能水平;量能波动,2,False
SH688697,14.590001,0.98948145,0.4356511717249328,0.22128313484441028,0.42777564348828273,0.3296196696119862,,0,True
SH688698,42.169994,1.4054064,0.40261237034191316,0.1990011525163273,0.09950057625816365,0.22109104878985786,,0,True
SH688699,66.81,2.2153804,0.7760276603918556,0.5722243565117172,0.69842489435267,0.8150211294660008,量能比,1,False
SH688700,61.32,8.453776,0.8672685363042643,0.8334613907030349,0.40991164041490585,0.3342297349212447,量能水平;量能波动,2,False
SH688701,8.809999,0.20567504,0.22935074913561276,0.24548597771801767,0.9202842873607376,0.5737610449481367,量能动量,1,False
SH688702,304.25998,20.80134,0.9260468689973108,0.8941605839416058,0.40587783326930466,0.6542451018056089,量能水平;量能波动,2,False
SH688707,10.290001,0.4921185,0.8134844410295813,0.8695735689588936,0.9485209373799462,0.5695351517479831,量能水平;量能波动;量能动量,3,False
SH688708,38.39,0.6744188,0.6179408374951979,0.46523242412600846,0.3328851325393776,0.18056089127929312,,0,True
SH688709,25.85,0.88399494,0.44756050710718404,0.5718401844026124,0.7456780637725701,0.8050326546292739,量能比,1,False
SH688710,96.8,3.1296854,0.5605071071840184,0.7093737994621591,0.8313484441029582,0.8463311563580485,量能动量;量能比,2,False
SH688711,26.779999,2.5861099,0.9031886285055705,0.9268152132155205,0.3040722243565117,0.7280061467537456,量能水平;量能波动,2,False
SH688712,30.52,0.49213603,0.49538993469074144,0.6922781406069919,0.10814444871302344,0.7621974644640799,,0,True
SH688716,25.9,0.37596837,0.2733384556281214,0.6388782174414137,0.5453323088743757,0.8442182097579716,量能比,1,False
SH688717,41.0,2.1710227,0.931809450633884,0.7147522089896273,0.6767191701882443,0.7372262773722628,量能水平,1,False
SH688718,14.849999,0.25199568,0.442758355743373,0.6663465232424126,0.15578179024202843,0.8526699961582789,量能比,1,False
SH688719,58.8,2.8304646,0.8294275835574337,0.8465232424126008,0.6878601613522858,0.6915097963887822,量能水平;量能波动,2,False
SH688720,65.64,2.3281887,0.7343449865539762,0.5591625048021513,0.6953515174798309,0.6104494813676528,,0,True
SH688721,39.670002,1.1268097,0.5770265078755282,0.5184402612370342,0.6517479830964272,0.6148674606223589,,0,True
SH688722,14.47,0.32035366,0.19938532462543218,0.1945831732616212,0.6313868613138686,0.547637341529005,,0,True
SH688726,45.310005,2.5522158,0.9185555128697657,0.9688820591625048,0.08739915482135997,0.861890126776796,量能水平;量能波动;量能比,3,False
SH688727,45.36,1.3478707,0.7633499807913946,0.5885516711486746,0.2940837495197849,0.3989627353054168,,0,True
SH688728,14.05,2.8849316,0.9754129850172878,0.9644640799077987,0.18382635420668458,0.6300422589320015,量能水平;量能波动,2,False
SH688729,22.59,6.9107647,0.9734921244717634,0.9241260084517864,0.42489435266999614,0.47137917787168654,量能水平;量能波动,2,False
SH688733,28.13,1.3201399,0.866692278140607,0.8132923549750288,0.8081060315021129,0.6968882059162504,量能水平;量能波动;量能动量,3,False
SH688737,17.08,0.22255693,0.39262389550518634,0.3684210526315789,0.7815981559738763,0.7837111025739532,,0,True
SH688739,20.55,0.30492237,0.6058394160583942,0.6932385708797542,0.08893584325777948,0.7126392623895506,,0,True
SH688750,13.85,0.2971742,0.4012677679600461,0.3578563196311948,0.6442566269688821,0.3797541298501729,,0,True
SH688755,29.21,0.6823888,0.5151747983096427,0.8136765270841337,0.4556281213983865,0.9877064925086438,量能波动;量能比,2,False
SH688757,28.68,2.7729263,0.8401844026123704,0.8816749903956973,0.7500960430272762,0.8163657318478679,量能水平;量能波动;量能比,3,False
SH688758,30.03,3.0723455,0.8059930849020361,0.720706876680753,0.5816365731847868,0.7796772954283518,量能水平,1,False
SH688759,21.57,0.8410267,0.633307721859393,0.6968882059162504,0.48578563196311947,0.7645024971187092,,0,True
SH688765,39.469997,1.3838671,0.8941605839416058,0.9846331156358048,0.5184402612370342,0.9508259700345755,量能水平;量能波动;量能比,3,False
SH688766,377.90002,33.219044,0.9886669227814061,0.9855935459085671,0.28774490971955435,0.6553976181329235,量能水平;量能波动,2,False
SH688767,40.460003,0.91648275,0.590472531694199,0.6955436035343834,0.04629273914713792,0.8880138301959277,量能比,1,False
SH688768,52.300003,0.38210437,0.20245870149827122,0.6644256626968882,0.9373799462159047,0.9567806377257011,量能动量;量能比,2,False
SH688772,14.17,2.797304,0.9654245101805609,0.9667691125624279,0.7983096427199385,0.7260852862082213,量能水平;量能波动,2,False
SH688775,90.67,3.8373945,0.9744525547445255,0.9306569343065694,0.4621590472531694,0.7971571263926239,量能水平;量能波动,2,False
SH688776,48.82,0.9643985,0.7783326930464848,0.9827122550902805,0.9644640799077987,0.9886669227814061,量能波动;量能动量;量能比,3,False
SH688777,78.479996,9.041424,0.9796388782174414,0.9796388782174414,0.18305800998847482,0.6822896657702651,量能水平;量能波动,2,False
SH688778,42.17,2.4742923,0.9206684594698424,0.9254706108336535,0.8148290434114484,0.5230503265462927,量能水平;量能波动;量能动量,3,False
SH688779,7.32,1.2373346,0.9124087591240876,0.8530541682673838,0.4583173261621206,0.768344218209758,量能水平;量能波动,2,False
SH688781,41.26,1.6821226,0.7600845178640031,0.9387245485977718,0.6434882827506723,0.9782942758355744,量能波动;量能比,2,False
SH688783,27.780003,5.874255,0.955436035343834,0.9740683826354206,0.6004610065309258,0.8651555897041875,量能水平;量能波动;量能比,3,False
SH688785,360.86002,2.5376685,0.8726469458317326,0.8565117172493277,0.3029197080291971,0.6686515558970418,量能水平;量能波动,2,False
SH688786,26.689999,1.0619675,0.6834421820975797,0.5147906262005378,0.2489435266999616,0.4187475989243181,,0,True
SH688787,88.4,1.5143317,0.7362658470995006,0.7239723396081444,0.5067230119093353,0.4694583173261621,,0,True
SH688788,27.26,0.7570027,0.7750672301190934,0.7385708797541298,0.6348444102958125,0.34556281213983864,,0,True
SH688789,50.93,1.0637265,0.7577794852093738,0.8713023434498656,0.779293123319247,0.9214368036880523,量能波动;量能比,2,False
SH688790,99.549995,2.0395389,0.9356511717249327,0.9665770265078756,0.07011140991164042,0.8263542066845947,量能水平;量能波动;量能比,3,False
SH688793,18.8,0.28592917,0.7789089512101421,0.8501728774490972,0.8926238955051863,0.8557433730311179,量能波动;量能动量;量能比,3,False
SH688795,409.48,24.395395,0.9996158278908951,1.0,0.26488666922781406,0.5163273146369574,量能水平;量能波动,2,False
SH688796,121.7,3.655891,0.7781406069919324,0.712831348444103,0.37283903188628503,0.4552439492892816,,0,True
SH688797,256.02,8.356801,0.9971187091817134,0.9880906646177487,0.05647330003841721,0.2548981943910872,量能水平;量能波动,2,False
SH688798,54.67,2.2369838,0.9756050710718401,0.982520169035728,0.40261237034191316,0.3803303880138302,量能水平;量能波动,2,False
SH688799,56.59,1.4644647,0.5749135612754515,0.630234344986554,0.08432577794852093,0.7660391855551287,,0,True
SH688800,57.51,7.087666,0.9264310411064157,0.9101037264694584,0.7618132923549751,0.6044948136765271,量能水平;量能波动,2,False
SH688802,518.46,18.36595,0.9992316557817903,0.9996158278908951,0.032270457164809835,0.7030349596619285,量能水平;量能波动,2,False
SH688805,38.499996,0.45053688,0.41260084517864004,0.44141375336150596,0.05339992316557818,0.4859777180176719,,0,True
SH688807,310.06,6.568439,0.9398770649250865,0.8599692662312716,0.2524010756819055,0.4116404149058778,量能水平;量能波动,2,False
SH688808,1496.0,20.64954,0.9736842105263158,0.871494429504418,0.3818670764502497,0.2923549750288129,量能水平;量能波动,2,False
SH688809,493.74002,7.909395,0.9139454475605071,0.8691893968497887,0.8246254321936227,0.17575873991548213,量能水平;量能波动;量能动量,3,False
SH688811,19.220001,0.9189721,0.48520937379946216,0.5153668843641952,0.15539761813292355,0.469842489435267,,0,True
SH688813,137.95,7.9474835,0.8745678063772571,0.8868613138686131,0.5704955820207452,0.5822128313484441,量能水平;量能波动,2,False
SH688818,40.08,2.02859,0.8895505186323472,0.8006146753745678,0.3816749903956973,0.653860929696504,量能水平;量能波动,2,False
SH688819,20.699999,0.35132432,0.5518632347291587,0.2846715328467153,0.8102189781021898,0.6402228198232808,量能动量,1,False
SH688820,121.01,14.348987,0.9830964271993853,0.9757971571263926,0.05416826738378794,0.20457164809834805,量能水平;量能波动,2,False
SH688981,117.509995,32.329014,0.9980791394544756,0.9938532462543219,0.4932769880906646,0.41260084517864004,量能水平;量能波动,2,False
SZ000001,11.35,10.173209,0.839608144448713,0.7076450249711871,0.6217825585862466,0.5637725701114099,量能水平,1,False
SZ000002,4.08,12.375997,0.7420284287360738,0.9020361121782559,0.7305032654629274,0.9892431809450634,量能波动;量能比,2,False
SZ000006,7.6200004,1.4547546,0.08125240107568191,0.2986938148290434,0.9660007683442182,0.9542835190165194,量能动量;量能比,2,False
SZ000007,11.080001,0.9149907,0.14848252016903574,0.0933538225124856,0.869765655013446,0.2961966961198617,量能动量,1,False
SZ000008,2.39,0.60982674,0.6016135228582405,0.49692662312716096,0.6492508643872454,0.5676142912024587,,0,True
SZ000009,6.86,0.9240292,0.042643104110641566,0.039377641183250094,0.7837111025739532,0.6897810218978102,,0,True
SZ000010,1.4699999,0.31646106,0.20937379946215906,0.21820975797157127,0.4665770265078755,0.09969266231271609,,0,True
SZ000011,11.13,2.2495162,0.4877064925086439,0.6605839416058394,0.9514022281982328,0.5418747598924318,量能动量,1,False
SZ000012,3.6700003,0.7771578,0.032270457164809835,0.08317326162120631,0.21052631578947367,0.5987322320399538,,0,True
SZ000014,11.55,0.8877976,0.03438340376488667,0.4494813676527084,0.9769496734537073,0.9487130234344987,量能动量;量能比,2,False
SZ000017,7.5,5.9044776,0.871494429504418,0.8849404533230888,0.2679600461006531,0.29984633115635806,量能水平;量能波动,2,False
SZ000019,6.7,2.529179,0.5785631963119477,0.3751440645409143,0.3995389934690741,0.032654629273914715,,0,True
SZ000020,14.650001,1.7595161,0.5130618517095659,0.8580484056857473,0.9817518248175182,0.9045332308874375,量能波动;量能动量;量能比,3,False
SZ000021,33.79,23.228872,0.9594698424894352,0.9339223972339609,0.1133307721859393,0.34594698424894355,量能水平;量能波动,2,False
SZ000025,15.379999,1.2214116,0.1822896657702651,0.2735305416826738,0.8851325393776411,0.17210910487898579,量能动量,1,False
SZ000026,18.699999,1.5750618,0.1098732232039954,0.13081060315021129,0.26450249711870916,0.16807529773338456,,0,True
SZ000027,6.24,1.3329964,0.14579331540530158,0.041106415674222054,0.7141759508259701,0.22320399538993468,,0,True
SZ000028,19.37,0.38486215,0.0021129466000768342,0.0005762581636573184,0.5537840952746831,0.6348444102958125,,0,True
SZ000029,22.12,1.2164907,0.0714560122935075,0.30868228966577027,0.5149827122550903,0.9202842873607376,量能比,1,False
SZ000030,3.89,0.35505927,0.05339992316557818,0.006530925854782943,0.4456396465616596,0.36438724548597773,,0,True
SZ000031,2.43,1.3049594,0.3534383403764887,0.47195543603534384,0.7370341913177103,0.8799462159047253,量能比,1,False
SZ000032,13.379999,3.6826077,0.730311179408375,0.6296580868228967,0.5140222819823281,0.5635804840568575,,0,True
SZ000034,23.679998,4.1372013,0.47195543603534384,0.6972723780253554,0.9642719938532462,0.9056857472147523,量能动量;量能比,2,False
SZ000035,4.66,1.4629695,0.7802535535920092,0.7447176334998079,0.12178255858624663,0.43411448328851326,,0,True
SZ000036,4.21,1.1242977,0.12063004225893201,0.3974260468689973,0.7449097195543604,0.930080676142912,量能比,1,False
SZ000037,9.0,1.6822666,0.3972339608144449,0.5072992700729927,0.8695735689588936,0.2629658086822897,量能动量,1,False
SZ000039,8.549999,2.4727023,0.12120630042258931,0.08163657318478679,0.5399538993469074,0.25278524779101036,,0,True
SZ000042,8.299999,0.42962223,0.0923933922397234,0.20841336918939685,0.8480599308490203,0.8509412216673069,量能动量;量能比,2,False
SZ000045,11.21,0.48660445,0.08835958509412217,0.22358816749903956,0.8474836726853631,0.7312716096811371,量能动量,1,False
SZ000048,17.92,3.621722,0.8205916250480215,0.9106799846331156,0.10411064156742221,0.48040722243565115,量能水平;量能波动,2,False
SZ000049,21.989998,0.97338885,0.016711486746062237,0.013638109873223205,0.7662312716096812,0.506530925854783,,0,True
SZ000050,6.29,1.252615,0.35881674990395696,0.314252785247791,0.215904725316942,0.6930464848252017,,0,True
SZ000055,3.88,0.5915199,0.22109104878985786,0.3624663849404533,0.3298117556665386,0.8359585094122167,量能比,1,False
SZ000056,2.7,0.9466788,0.5355359200922013,0.4145217057241644,0.18613138686131386,0.24817518248175183,,0,True
SZ000058,7.29,0.6379207,0.5789473684210527,0.7518248175182481,0.9371878601613522,0.8970418747598924,量能动量;量能比,2,False
SZ000059,5.47,3.613914,0.7510564733000384,0.5535920092201306,0.15789473684210525,0.08182865923933923,,0,True
SZ000060,5.83,5.4276185,0.2908182865923934,0.31271609681137147,0.3486361890126777,0.2441413753361506,,0,True
SZ000061,5.8399997,1.7802781,0.31329235497502883,0.09162504802151364,0.42431809450633884,0.029197080291970802,,0,True
SZ000062,21.96,5.1374445,0.7479830964271994,0.7280061467537456,0.013253937764118325,0.1571263926238955,,0,True
SZ000063,30.72,19.874342,0.6968882059162504,0.6990011525163273,0.050902804456396465,0.6213983864771417,,0,True
SZ000065,9.610001,1.5948668,0.07472147522089896,0.14771417595082598,0.0958509412216673,0.6559738762965809,,0,True
SZ000066,14.42,15.575114,0.9425662696888206,0.9955820207452939,0.4333461390703035,0.9804072224356511,量能水平;量能波动;量能比,3,False
SZ000068,3.54,0.46379215,0.3029197080291971,0.6504033807145602,0.9706108336534768,0.8325009604302728,量能动量;量能比,2,False
SZ000069,1.97,1.3613485,0.11621206300422589,0.22512485593545908,0.6945831732616212,0.9371878601613522,量能比,1,False
SZ000070,16.19,14.756708,0.9757971571263926,0.9798309642719939,0.0228582404917403,0.5641567422205148,量能水平;量能波动,2,False
SZ000078,1.49,1.0727195,0.6703803303880138,0.5635804840568575,0.14521705724164424,0.13753361505954667,,0,True
SZ000088,4.6299996,1.4221516,0.15539761813292355,0.16365731847867845,0.7767960046100653,0.14175950825970035,,0,True
SZ000089,6.59,0.8510888,0.24644640799077988,0.17095658855167115,0.2902420284287361,0.5499423741836342,,0,True
SZ000090,3.64,0.74395734,0.20898962735305418,0.47483672685363043,0.8205916250480215,0.8574721475220899,量能动量;量能比,2,False
SZ000096,7.9400005,0.41576785,0.08086822896657703,0.024394928928159816,0.5697272378025355,0.090472531694199,,0,True
SZ000099,12.56,0.77578527,0.14656165962351134,0.0923933922397234,0.8107952362658472,0.45985401459854014,量能动量,1,False
SZ000100,4.7699995,17.871998,0.9773338455628121,0.9379562043795621,0.10180560891279293,0.47099500576258163,量能水平;量能波动,2,False
SZ000151,10.059999,0.82410514,0.3342297349212447,0.5071071840184402,0.8353822512485594,0.814252785247791,量能动量;量能比,2,False
SZ000153,6.08,0.66063887,0.2568190549366116,0.2174414137533615,0.19804072224356511,0.44314252785247793,,0,True
SZ000155,10.7699995,2.5277398,0.6094890510948905,0.36707645024971186,0.8446023818670765,0.18555512869765656,量能动量,1,False
SZ000156,7.0600004,0.7609677,0.7689204763734153,0.9183634268152132,0.211102573953131,0.885516711486746,量能波动;量能比,2,False
SZ000157,5.8599997,2.3336031,0.01114099116404149,0.04456396465616596,0.9314252785247791,0.7410679984633116,量能动量,1,False
SZ000158,12.19,5.1917677,0.6674990395697272,0.6152516327314637,0.024010756819054936,0.059354590856703804,,0,True
SZ000159,5.4999995,0.49017832,0.3357664233576642,0.23991548213599692,0.8036880522474068,0.7053399923165579,量能动量,1,False
SZ000166,4.36,2.7129622,0.9788705339992316,0.9056857472147523,0.5877833269304649,0.39089512101421436,量能水平;量能波动,2,False
SZ000301,12.8,4.1714272,0.7447176334998079,0.6067998463311564,0.8761044948136766,0.09469842489435266,量能动量,1,False
SZ000333,81.66,19.453579,0.741260084517864,0.8048405685747215,0.07280061467537456,0.6734537072608529,量能波动,1,False
SZ000338,25.0,21.840338,0.8219362274298886,0.7881290818286593,0.6684594698424894,0.4512101421436804,量能水平,1,False
SZ000400,21.03,2.2754967,0.3248175182481752,0.6198616980407222,0.9375720322704572,0.7698809066461775,量能动量,1,False
SZ000401,3.5900002,0.366725,0.11890126776796005,0.34748367268536307,0.8276988090664618,0.8230887437572032,量能动量;量能比,2,False
SZ000402,2.71,1.828916,0.2353054168267384,0.5466769112562428,0.48021513638109875,0.9212447176334998,量能比,1,False
SZ000403,9.74,0.5414475,0.0384172109104879,0.1050710718401844,0.2969650403380715,0.7869765655013446,,0,True
SZ000404,6.74,0.40292472,0.05647330003841721,0.04782942758355743,0.48655397618132923,0.3079139454475605,,0,True
SZ000407,4.2,0.64900666,0.20053784095274682,0.09393008067614292,0.609296965040338,0.38897426046869,,0,True
SZ000408,69.8,7.0448027,0.12197464464079907,0.041490587783326933,0.6611601997694967,0.25566653860929694,,0,True
SZ000409,8.789999,0.6430236,0.5053784095274683,0.38263542066845946,0.39089512101421436,0.059930849020361124,,0,True
SZ000410,5.14,1.2525672,0.4306569343065693,0.5802919708029197,0.0001920860545524395,0.4832885132539378,,0,True
SZ000411,9.98,0.4303131,0.017287744909719554,0.35670380330388013,0.89684978870534,0.9408374951978487,量能动量;量能比,2,False
SZ000415,4.07,2.7957683,0.7082212831348444,0.8109873223203995,0.09661928543987706,0.4333461390703035,量能波动,1,False
SZ000417,5.6600003,2.986016,0.24625432193622743,0.24683058009988476,0.3657318478678448,0.04533230887437572,,0,True
SZ000419,5.06,0.3476894,0.04744525547445255,0.0311179408374952,0.6310026892047638,0.13273146369573569,,0,True
SZ000420,3.4700003,1.6588029,0.5929696504033807,0.5818286592393392,0.40530157510564735,0.20706876680752978,,0,True
SZ000421,5.7,0.47117352,0.13100268920476374,0.22397233960814444,0.49250864387245485,0.22166730695351516,,0,True
SZ000422,11.48,2.3765006,0.2193622742988859,0.2767960046100653,0.36323472915866306,0.11160199769496734,,0,True
SZ000423,45.24,2.1765294,0.013061851709565886,0.018056089127929314,0.43200153668843644,0.5293891663465232,,0,True
SZ000425,7.05,9.719689,0.42143680368805225,0.3034959661928544,0.6237034191317711,0.3246254321936227,,0,True
SZ000426,31.57,16.962053,0.4197080291970803,0.38839800230503263,0.6254321936227429,0.2933154053015751,,0,True
SZ000428,3.83,3.5666277,0.6820975797157126,0.5685747214752209,0.025739531310026893,0.0457164809834806,,0,True
SZ000429,12.28,1.0312291,0.04648482520169036,0.017287744909719554,0.4344986553976181,0.07702650787552824,,0,True
SZ000430,6.6400003,2.1109326,0.6498271225509028,0.45370726085286206,0.17479830964271995,0.012101421436803688,,0,True
SZ000488,2.08,0.31006253,0.19285439877064925,0.28486361890126777,0.2295428351901652,0.2101421436803688,,0,True
SZ000498,5.61,0.9564619,0.35094122166730696,0.9028044563964657,0.9911640414905878,0.9932769880906647,量能波动;量能动量;量能比,3,False
SZ000501,7.0600004,0.890376,0.12831348444102958,0.05762581636573185,0.17038033038801384,0.024587014982712256,,0,True
SZ000503,7.72,1.2380637,0.4056857472147522,0.9220130618517096,0.9967345370726085,0.9744525547445255,量能波动;量能动量;量能比,3,False
SZ000504,11.29,2.560505,0.5710718401844026,0.9744525547445255,0.9996158278908951,0.9998079139454475,量能波动;量能动量;量能比,3,False
SZ000505,6.0699997,3.9770062,0.8703419131771033,0.6231271609681137,0.08413369189396849,0.016711486746062237,量能水平,1,False
SZ000506,16.58,9.985071,0.791970802919708,0.14963503649635038,0.6951594314252785,0.142912024587015,,0,True
SZ000507,4.9300003,0.47361052,0.06876680752977334,0.1415674222051479,0.14809834805993086,0.21609681137149442,,0,True
SZ000509,3.51,1.3102983,0.7118709181713407,0.9199001152516327,0.005378409527468306,0.9389166346523242,量能波动;量能比,2,False
SZ000510,17.27,7.28688,0.5351517479830964,0.5357280061467538,0.2228198232808298,0.5378409527468305,,0,True
SZ000513,32.23,2.7069972,0.0228582404917403,0.6329235497502881,0.9990395697272378,0.9940453323088744,量能动量;量能比,2,False
SZ000514,4.55,0.63958746,0.4683058009988475,0.485593545908567,0.7064925086438725,0.5124855935459086,,0,True
SZ000516,4.27,0.8679625,0.031886285055704955,0.0457164809834806,0.07721859393008068,0.33941605839416056,,0,True
SZ000517,2.07,0.768887,0.2969650403380715,0.1911256242796773,0.6427199385324626,0.7842873607376104,,0,True
SZ000518,3.5900002,1.2213029,0.16327314636957357,0.0977718017671917,0.49289281598155976,0.23991548213599692,,0,True
SZ000519,14.4,10.916817,0.8505570495582021,0.6988090664617749,0.06108336534767576,0.032462543219362275,量能水平,1,False
SZ000520,4.03,2.1255789,0.7130234344986554,0.49481367652708413,0.058009988474836724,0.010948905109489052,,0,True
SZ000521,4.29,0.41107172,0.11102573953131002,0.052247406838263545,0.34114483288513253,0.08893584325777948,,0,True
SZ000523,3.1699998,6.2408338,0.9427583557433731,0.8244333461390703,0.20822128313484442,0.15155589704187475,量能水平;量能波动,2,False
SZ000524,8.75,0.9498235,0.2397233960814445,0.24990395697272377,0.24990395697272377,0.08701498271225509,,0,True
SZ000525,4.3900003,1.1177788,0.5620437956204379,0.5145985401459854,0.14195159431425278,0.10641567422205148,,0,True
SZ000526,34.81,1.0177248,0.05455243949289282,0.08298117556665387,0.6605839416058394,0.28179024202842873,,0,True
SZ000528,7.3599997,2.3338933,0.07548981943910872,0.031310026892047635,0.8109873223203995,0.12274298885900883,量能动量,1,False
SZ000529,5.03,0.28747645,0.15520553207837112,0.05282366500192086,0.3878217441413753,0.05474452554744526,,0,True
SZ000530,5.2100005,0.9466675,0.16941990011525163,0.1348444102958125,0.43469074145217057,0.2178255858624664,,0,True
SZ000531,5.49,0.43434477,0.023818670764502496,0.028812908182865925,0.19266231271609682,0.11371494429504418,,0,True
SZ000532,12.49,2.8803914,0.37379946215904725,0.7637341529004994,0.06492508643872455,0.9658086822896658,量能比,1,False
SZ000533,10.02,5.5155296,0.8398002305032655,0.7585478294275836,0.04763734152900499,0.051094890510948905,量能水平,1,False
SZ000534,21.959997,3.6345153,0.30656934306569344,0.27257011140991166,0.5063388398002305,0.44909719554360356,,0,True
SZ000536,3.38,2.8829873,0.7132155205532078,0.773146369573569,0.02689204763734153,0.5305416826738378,,0,True
SZ000537,7.2900004,1.4102046,0.6018056089127929,0.4587014982712255,0.6081444487130234,0.09854014598540146,,0,True
SZ000538,50.239994,3.6479065,0.0032654629273914716,0.0072992700729927005,0.38205916250480215,0.5674222051479063,,0,True
SZ000539,5.04,2.643904,0.6075681905493661,0.5549366116019977,0.8981943910872071,0.24625432193622743,量能动量,1,False
SZ000541,4.8599997,0.239914,0.001152516327314637,0.004802151363810988,0.32424126008451787,0.3837879369957741,,0,True
SZ000543,7.06,1.4532262,0.15674222051479061,0.19266231271609682,0.8555512869765655,0.48655397618132923,量能动量,1,False
SZ000545,2.2199998,1.5271316,0.6319631194775259,0.2996542451018056,0.5685747214752209,0.009988474836726853,,0,True
SZ000546,4.3199997,0.4453301,0.2850557049558202,0.28275067230119094,0.5791394544756051,0.668267383787937,,0,True
SZ000547,13.87,8.2439165,0.6822896657702651,0.843065693430657,0.7693046484825201,0.7864003073376873,量能波动,1,False
SZ000548,4.64,0.24165222,0.10103726469458317,0.10583941605839416,0.574721475220899,0.26104494813676526,,0,True
SZ000550,16.279999,0.77517754,0.0034575489819439107,0.013446023818670765,0.8956972723780253,0.5307337687283903,量能动量,1,False
SZ000551,11.69,1.1995107,0.19535151747983096,0.284095274683058,0.45351517479830966,0.36112178255858624,,0,True
SZ000552,2.46,1.981236,0.5931617364579331,0.36150595466769114,0.3686131386861314,0.16365731847867845,,0,True
SZ000553,5.3900003,0.5272444,0.21801767191701882,0.13215520553207838,0.37322320399538994,0.06185170956588552,,0,True
SZ000554,6.19,1.2653022,0.2266615443718786,0.15962351133307723,0.38359585094122167,0.032078371110257395,,0,True
SZ000555,10.05,1.851817,0.4742604686899731,0.8590088359585094,0.9575489819439109,0.9702266615443719,量能波动;量能动量;量能比,3,False
SZ000557,3.61,0.2808427,0.23280829811755666,0.29504417979254705,0.7635420668459469,0.5931617364579331,,0,True
SZ000558,3.5599997,1.416049,0.36553976181329234,0.2608528620822128,0.4006915097963888,0.07741067998463312,,0,True
SZ000559,10.76,4.987841,0.11256242796772954,0.36208221283134845,0.014790626200537841,0.9085670380330388,量能比,1,False
SZ000560,3.7599998,17.582432,0.9821359969266231,0.9859777180176719,0.947560507107184,0.7374183634268152,量能水平;量能波动;量能动量,3,False
SZ000561,7.5899997,0.8612436,0.33826354206684595,0.44583173261621206,0.07452938916634652,0.4056857472147522,,0,True
SZ000563,2.8899999,1.1416397,0.331732616212063,0.18382635420668458,0.6221667306953516,0.35382251248559354,,0,True
SZ000564,1.4499999,6.60322,0.9809834805993085,0.8273146369573569,0.2116788321167883,0.01152516327314637,量能水平;量能波动,2,False
SZ000565,6.3999996,1.5332769,0.33768728390318864,0.2272378025355359,0.12562427967729542,0.05282366500192086,,0,True
SZ000566,4.61,2.9938416,0.41029581252401076,0.7205147906262005,0.07645024971187092,0.8315405301575106,量能比,1,False
SZ000567,5.8799996,1.7751096,0.1342681521321552,0.06396465616596235,0.29158663081060315,0.06358048405685747,,0,True
SZ000568,69.38,6.3934245,0.02266615443718786,0.04686899731079524,0.5560891279293123,0.5941221667306954,,0,True
SZ000570,5.2700005,0.4285426,0.20745293891663466,0.14041490587783326,0.3707260852862082,0.4684978870533999,,0,True
SZ000571,6.5699997,1.3147023,0.5051863234729159,0.4439108720706877,0.5268920476373415,0.7366500192086054,,0,True
SZ000572,4.0,4.120667,0.8653476757587399,0.8524779101037264,0.7933154053015751,0.8223203995389935,量能水平;量能波动;量能比,3,False
SZ000573,3.9300003,0.46917683,0.1847867844794468,0.1726853630426431,0.7975412985017287,0.7341529004994237,,0,True
SZ000576,8.240001,1.528768,0.3678447944679216,0.12024587014982713,0.21379177871686517,0.006146753745678064,,0,True
SZ000581,17.92,0.9663571,0.005570495582020745,0.012101421436803688,0.314252785247791,0.37149442950441797,,0,True
SZ000582,8.970001,6.362912,0.8457548981943911,0.7481751824817519,0.36112178255858624,0.20898962735305418,量能水平,1,False
SZ000586,12.7699995,1.4339356,0.4965424510180561,0.34268152132155205,0.17326162120630043,0.09834805993084902,,0,True
SZ000589,4.18,0.82970273,0.18574721475220898,0.125432193622743,0.2956204379562044,0.17710334229734923,,0,True
SZ000590,9.14,0.25678378,0.06204379562043796,0.155589704187476,0.8693814829043411,0.6334998079139454,量能动量,1,False
SZ000591,4.15,1.7858065,0.34940453323088744,0.36553976181329234,0.2775643488282751,0.2825585862466385,,0,True
SZ000592,8.74,29.198925,0.9592777564348828,0.9590856703803304,0.9062620053784095,0.6694199001152517,量能水平;量能波动;量能动量,3,False
SZ000593,20.0,3.0268102,0.41413753361505956,0.6325393776411833,0.7856319631194775,0.9254706108336535,量能比,1,False
SZ000595,5.45,1.3936837,0.395121014214368,0.7099500576258163,0.8874375720322705,0.8816749903956973,量能动量;量能比,2,False
SZ000596,89.03001,3.4989066,0.038993469074145214,0.07107184018440262,0.5138301959277757,0.3223203995389935,,0,True
SZ000597,4.69,0.52653366,0.07856319631194775,0.11698040722243565,0.10660776027660392,0.4483288513253938,,0,True
SZ000598,7.01,1.0889077,0.03419131771033423,0.01171724932769881,0.26334998079139454,0.1546292739147138,,0,True
SZ000599,4.4300003,0.42802235,0.1215904725316942,0.022089896273530543,0.5076834421820976,0.5001920860545525,,0,True
SZ000600,6.97,1.2130396,0.32616212063004224,0.19227814060699194,0.746062235881675,0.20495582020745293,,0,True
SZ000601,6.02,2.1411858,0.45543603534383403,0.4304648482520169,0.6094890510948905,0.16327314636957357,,0,True
SZ000603,31.08,12.248261,0.6940069150979639,0.3228966577026508,0.5516711486746062,0.1736457933154053,,0,True
SZ000605,6.0600004,0.21625645,0.051479062620053785,0.0228582404917403,0.7971571263926239,0.5023050326546292,,0,True
SZ000607,4.1299996,1.6504235,0.5305416826738378,0.8810987322320399,0.9894352669996158,0.9894352669996158,量能波动;量能动量;量能比,3,False
SZ000608,7.18,1.8335942,0.4684978870533999,0.3129081828659239,0.8505570495582021,0.32039953899346907,量能动量,1,False
SZ000609,9.34,0.4558497,0.07414521705724164,0.14713791778716864,0.3296196696119862,0.43469074145217057,,0,True
SZ000610,7.46,1.1565882,0.4552439492892816,0.6580868228966577,0.6694199001152517,0.45370726085286206,,0,True
SZ000612,10.63,4.5915422,0.3803303880138302,0.249135612754514,0.7896657702650788,0.43545908567038033,,0,True
SZ000617,6.56,5.759183,0.6067998463311564,0.3749519784863619,0.17767960046100653,0.07894736842105263,,0,True
SZ000619,5.25,0.31196237,0.06492508643872455,0.21801767191701882,0.11467537456780638,0.6721091048789858,,0,True
SZ000620,3.1100001,9.733645,0.9978870533999231,0.9990395697272378,0.39531310026892047,0.72205147906262,量能水平;量能波动,2,False
SZ000623,17.2,1.6410047,0.03592009220130619,0.041874759892431807,0.43853246254321937,0.1609681137149443,,0,True
SZ000625,7.0600004,3.1481693,0.0466769112562428,0.005378409527468306,0.907798693814829,0.6279293123319247,量能动量,1,False
SZ000626,8.58,2.1629539,0.48962735305416827,0.31636573184786787,0.5090280445639647,0.0676142912024587,,0,True
SZ000628,54.66,6.521928,0.5708797541298501,0.319054936611602,0.07952362658470995,0.07280061467537456,,0,True
SZ000629,2.78,2.011633,0.4435266999615828,0.250864387245486,0.561659623511333,0.4660007683442182,,0,True
SZ000630,5.79,12.773778,0.5998847483672686,0.5242028428736074,0.755666538609297,0.35593545908567037,,0,True
SZ000631,3.0400002,0.3619811,0.043603534383403766,0.2548981943910872,0.18152132155205533,0.8857087975412985,量能比,1,False
SZ000632,3.7,0.5818831,0.2114867460622359,0.5215136381098732,0.7739147137917787,0.7164809834805993,,0,True
SZ000633,5.34,0.400269,0.6717249327698809,0.5752977333845563,0.5514790626200538,0.5478294275835575,,0,True
SZ000635,7.6000004,1.3815609,0.5013446023818671,0.24817518248175183,0.8536304264310411,0.05762581636573185,量能动量,1,False
SZ000636,51.21,63.111202,0.9850172877449097,0.9525547445255474,0.08989627353054168,0.30484056857472147,量能水平;量能波动,2,False
SZ000637,4.2399993,0.35538408,0.033230887437572035,0.09008835958509412,0.6183250096043027,0.7122550902804456,,0,True
SZ000639,1.5,0.65961885,0.2935074913561275,0.28774490971955435,0.29062620053784094,0.2451018056089128,,0,True
SZ000650,5.14,0.80342406,0.020361121782558587,0.03515174798309643,0.043027276219746446,0.37322320399538994,,0,True
SZ000651,38.100002,11.76755,0.008067614291202459,0.01940069150979639,0.13983864771417595,0.3284671532846715,,0,True
SZ000652,3.34,0.42033663,0.11640414905877833,0.07645024971187092,0.6943910872070688,0.38705339992316556,,0,True
SZ000655,7.21,0.49134263,0.13407606607760278,0.16500192086054552,0.9254706108336535,0.2606607760276604,量能动量,1,False
SZ000656,1.26,2.2344415,0.774490971955436,0.8574721475220899,0.5489819439108721,0.8674606223588167,量能波动;量能比,2,False
SZ000657,53.69,32.760212,0.7873607376104494,0.7758355743373031,0.14003073376872838,0.4245101805608913,,0,True
SZ000659,2.73,0.6757723,0.2890895121014214,0.22992700729927007,0.8267383787936996,0.7389550518632347,量能动量,1,False
SZ000661,70.55,3.270319,0.041106415674222054,0.03668843641951594,0.2558586246638494,0.49097195543603533,,0,True
SZ000663,6.1,0.58917576,0.5568574721475221,0.7562427967729543,0.9636957356895889,0.7572032270457165,量能动量,1,False
SZ000665,4.18,0.86171633,0.5827890895121014,0.768344218209758,0.9859777180176719,0.8832116788321168,量能动量;量能比,2,False
SZ000668,17.000002,0.75107586,0.12965808682289665,0.4927007299270073,0.17057241644256627,0.9757971571263926,量能比,1,False
SZ000669,4.0099998,0.23569985,0.13638109873223203,0.020937379946215903,0.7322320399538993,0.10564733000384172,,0,True
SZ000670,7.6,4.306577,0.7698809066461775,0.8419131771033423,0.3972339608144449,0.6292739147137918,量能波动,1,False
SZ000672,14.650001,2.5743077,0.16192854398770648,0.3006146753745678,0.5977718017671917,0.6400307337687284,,0,True
SZ000676,6.65,5.140595,0.744333461390703,0.9344986553976181,0.9821359969266231,0.9798309642719939,量能波动;量能动量;量能比,3,False
SZ000677,1.76,0.56068414,0.27007299270072993,0.1304264310411064,0.31252401075681907,0.08029197080291971,,0,True
SZ000678,11.72,1.0792449,0.21820975797157127,0.718978102189781,0.8753361505954668,0.9150979638878217,量能动量;量能比,2,False
SZ000679,6.3199997,0.8419503,0.17671917018824435,0.08586246638494045,0.2184018440261237,0.02247406838263542,,0,True
SZ000680,8.82,1.7596235,0.06358048405685747,0.18363426815213216,0.5522474068382636,0.6256242796772954,,0,True
SZ000681,15.86,4.7588043,0.7681521321552055,0.7741067998463311,0.7168651555897042,0.17191701882443336,,0,True
SZ000682,10.24,0.8913749,0.4585094122166731,0.3905109489051095,0.339608144448713,0.45543603534383403,,0,True
SZ000683,5.58,3.743922,0.525355359200922,0.08374951978486361,0.4441029581252401,0.058778332693046484,,0,True
SZ000685,10.62,1.1178654,0.028044563964656165,0.028236650019208605,0.3155973876296581,0.19919323857087975,,0,True
SZ000686,7.51,1.1435959,0.04494813676527084,0.027660391855551286,0.3113714944295044,0.18632347291586632,,0,True
SZ000688,24.15,4.0705085,0.45793315405301577,0.4967345370726085,0.19765655013446023,0.5265078755282366,,0,True
SZ000690,5.15,3.2511811,0.2174414137533615,0.3098348059930849,0.6238955051863234,0.2929312331924702,,0,True
SZ000691,8.9800005,0.7545557,0.12274298885900883,0.3438340376488667,0.5849020361121783,0.5779869381482904,,0,True
SZ000692,4.17,0.6376322,0.4283519016519401,0.18766807529773338,0.7541298501728775,0.06300422589320015,,0,True
SZ000695,12.83,0.70550144,0.12812139838647715,0.09834805993084902,0.8728390318862851,0.2155205532078371,量能动量,1,False
SZ000697,9.139999,0.6629214,0.5372646945831733,0.4815597387629658,0.8718786016135228,0.3167499039569727,量能动量,1,False
SZ000700,12.25,5.8661723,0.4262389550518632,0.541106415674222,0.7143680368805225,0.6235113330772186,,0,True
SZ000701,5.13,0.77722627,0.6746062235881675,0.8980023050326547,0.9181713407606608,0.8726469458317326,量能波动;量能动量;量能比,3,False
SZ000702,5.85,0.8632448,0.4665770265078755,0.1780637725701114,0.6169804072224356,0.03534383403764887,,0,True
SZ000703,15.69,14.232921,0.5941221667306954,0.6653860929696505,0.9466000768344218,0.6500192086054553,量能动量,1,False
SZ000705,7.1299996,0.34003153,0.033422973492124475,0.021321552055320783,0.3866692278140607,0.6204379562043796,,0,True
SZ000707,4.59,0.34410316,0.1244717633499808,0.2650787552823665,0.7274298885900884,0.5224740683826354,,0,True
SZ000708,12.8,1.6329136,0.07721859393008068,0.024779101037264696,0.3555512869765655,0.20380330388013831,,0,True
SZ000709,2.0,1.6211349,0.40491740299654244,0.4295044179792547,0.7746830580099885,0.6238955051863234,,0,True
SZ000710,9.88,2.1654596,0.6300422589320015,0.8436419515943142,0.69054936611602,0.9786784479446792,量能波动;量能比,2,False
SZ000711,4.6800003,5.947454,0.7910103726469458,0.750864387245486,0.13273146369573569,0.1060315021129466,,0,True
SZ000712,9.82,10.82681,0.7898578563196312,0.5069150979638878,0.06396465616596235,0.008259700345754899,,0,True
SZ000713,6.0600004,2.898979,0.5908567038033039,0.4327698809066462,0.042835190165194006,0.041490587783326933,,0,True
SZ000715,5.2999997,0.5095162,0.05416826738378794,0.02324241260084518,0.4494813676527084,0.10430272762197465,,0,True
SZ000716,4.9399996,2.706579,0.8088743757203227,0.5409143296196696,0.1726853630426431,0.004994237418363427,量能水平,1,False
SZ000717,2.17,0.4522623,0.13292354975028814,0.24337303111794084,0.7668075297733384,0.7910103726469458,,0,True
SZ000718,2.1100001,0.5982476,0.16135228582404917,0.2641183250096043,0.7212831348444103,0.8711102573953131,量能比,1,False
SZ000719,11.880001,0.612595,0.027852477910103726,0.09200922013061852,0.5113330772185939,0.7086054552439492,,0,True
SZ000720,3.5900002,1.5503649,0.6765270841336919,0.8044563964656166,0.22435651171724932,0.5814444871302343,量能波动,1,False
SZ000721,6.06,2.2575305,0.465040338071456,0.39127929312331927,0.014022281982328083,0.017479830964271994,,0,True
SZ000722,12.88,3.7831671,0.8200153668843642,0.6584709950057626,0.1571263926238955,0.07318478678447944,量能水平,1,False
SZ000723,3.4700003,3.0619075,0.7293507491356127,0.6436803688052247,0.47310795236265846,0.12965808682289665,,0,True
SZ000725,5.7099996,65.81162,1.0,0.9994237418363426,0.2066845946984249,0.7710334229734921,量能水平;量能波动,2,False
SZ000726,5.9700007,0.5061054,0.049942374183634265,0.1235113330772186,0.10449481367652709,0.35286208221283133,,0,True
SZ000727,2.18,1.4079877,0.7472147522089896,0.13503649635036497,0.6194775259316173,0.6723011909335382,,0,True
SZ000728,7.2,1.8101717,0.27257011140991166,0.06108336534767576,0.6822896657702651,0.2524010756819055,,0,True
SZ000729,10.809999,2.162774,0.34805993084902037,0.4400691509796389,0.12139838647714175,0.6838263542066846,,0,True
SZ000731,8.03,1.8550923,0.2723780253553592,0.08759124087591241,0.09508259700345754,0.040914329619669614,,0,True
SZ000733,39.04,3.831379,0.5311179408374952,0.5768344218209758,0.06742220514790626,0.5449481367652709,,0,True
SZ000735,5.7599998,5.6909246,0.8140606991932385,0.5560891279293123,0.5806761429120246,0.09892431809450634,量能水平,1,False
SZ000736,4.7999997,1.1800811,0.6915097963887822,0.6690357280061467,0.5103726469458317,0.5330388013830196,,0,True
SZ000737,13.43,15.237743,0.9150979638878217,0.8978102189781022,0.6019976949673453,0.3323088743757203,量能水平;量能波动,2,False
SZ000738,18.67,2.8266604,0.3424894352669996,0.17383787936995773,0.2095658855167115,0.14886669227814062,,0,True
SZ000739,26.559998,3.6720903,0.09950057625816365,0.09028044563964656,0.6628889742604687,0.806377257011141,量能比,1,False
SZ000750,3.5900002,1.6110193,0.291970802919708,0.21686515558970418,0.4587014982712255,0.2625816365731848,,0,True
SZ000751,4.3799996,1.9332207,0.6479062620053784,0.38762965808682287,0.3244333461390703,0.03572800614675375,,0,True
SZ000753,5.44,2.6590636,0.6010372646945832,0.8200153668843642,0.9229734921244718,0.9291202458701499,量能波动;量能动量;量能比,3,False
SZ000755,4.6800003,0.20692752,0.10737610449481368,0.005762581636573185,0.7182097579715713,0.22781406069919324,,0,True
SZ000756,13.98,3.458802,0.7028428736073761,0.9179792547061083,0.9610065309258548,0.9996158278908951,量能波动;量能动量;量能比,3,False
SZ000757,4.2999997,0.41043133,0.20188244333461391,0.34421820975797157,0.4133691893968498,0.7039953899346908,,0,True
SZ000758,5.7100005,1.5993146,0.18267383787936997,0.261813292354975,0.6755666538609297,0.41202458701498273,,0,True
SZ000759,6.1,9.052437,0.8223203995389935,0.7241644256626969,0.06185170956588552,0.04898194391087207,量能水平,1,False
SZ000761,2.27,0.45473883,0.2422205147906262,0.3995389934690741,0.8326930464848252,0.7885132539377642,量能动量,1,False
SZ000762,20.49,2.0681686,0.18901267767960045,0.04725316941990011,0.48367268536304264,0.24452554744525548,,0,True
SZ000766,15.17,1.7836717,0.4227814060699193,0.4552439492892816,0.12677679600461006,0.4183634268152132,,0,True
SZ000767,3.2700002,2.901935,0.8330772185939301,0.8038801383019593,0.35670380330388013,0.18017671917018824,量能水平;量能波动,2,False
SZ000768,22.5,7.1447334,0.518824433346139,0.6165962351133307,0.8801383019592778,0.32366500192086056,量能动量,1,False
SZ000776,19.74,10.293264,0.708029197080292,0.5566653860929697,0.354014598540146,0.21379177871686517,,0,True
SZ000777,16.1,0.6079746,0.004802151363810988,0.004994237418363427,0.48847483672685366,0.24394928928159815,,0,True
SZ000778,3.53,1.906352,0.24260468689973108,0.2942758355743373,0.5053784095274683,0.16250480215136381,,0,True
SZ000779,8.45,4.638568,0.742604686899731,0.6859393008067615,0.14406454091432963,0.060315021129466004,,0,True
SZ000782,8.120001,0.9908221,0.27564348828275065,0.3088743757203227,0.06281213983864771,0.45409143296196697,,0,True
SZ000783,7.94,7.503769,0.5224740683826354,0.5232424126008451,0.38686131386861317,0.11794083749519785,,0,True
SZ000785,2.29,1.4668636,0.8593930080676143,0.8605455243949289,0.7030349596619285,0.8622742988859009,量能水平;量能波动;量能比,3,False
SZ000786,16.24,3.0734668,0.08355743373031117,0.04648482520169036,0.7422205147906262,0.4629273914713792,,0,True
SZ000788,5.44,0.7173735,0.14771417595082598,0.19285439877064925,0.24625432193622743,0.5341913177103342,,0,True
SZ000789,4.17,0.37443683,0.025931617364579333,0.10218978102189781,0.5332308874375721,0.16673069535151747,,0,True
SZ000790,4.44,1.3223507,0.38532462543219365,0.858432577794852,0.9550518632347291,0.9909719554360353,量能波动;量能动量;量能比,3,False
SZ000791,6.9999995,1.3968868,0.3601613522858241,0.06646177487514407,0.39646561659623514,0.14195159431425278,,0,True
SZ000792,23.5,12.221145,0.5145985401459854,0.24490971955436036,0.752593161736458,0.5678063772570111,,0,True
SZ000793,2.0,0.28079432,0.21244717633499807,0.29062620053784094,0.8520937379946216,0.34364195159431427,量能动量,1,False
SZ000795,8.179999,0.8834632,0.107952362658471,0.4033807145601229,0.42969650403380716,0.9054936611601998,量能比,1,False
SZ000796,3.49,2.9722986,0.9045332308874375,0.7894736842105263,0.15693430656934307,0.07952362658470995,量能水平,1,False
SZ000797,2.7,1.279822,0.45197848636189014,0.5512869765655013,0.8296196696119862,0.88897426046869,量能动量;量能比,2,False
SZ000798,9.599999,4.0137243,0.7360737610449481,0.45197848636189014,0.21801767191701882,0.012293507491356128,,0,True
SZ000799,36.010002,1.940735,0.31156358048405686,0.36496350364963503,0.17441413753361507,0.31943910872070685,,0,True
SZ000800,5.84,0.80394626,0.18152132155205533,0.08144448713023435,0.742604686899731,0.18766807529773338,,0,True
SZ000801,11.52,1.529629,0.24587014982712255,0.09220130618517096,0.5049942374183635,0.09604302727621974,,0,True
SZ000802,3.91,3.0223584,0.8497887053399923,0.5042258932001537,0.7435651171724933,0.3935843257779485,量能水平,1,False
SZ000803,6.8599997,0.69431347,0.090472531694199,0.15501344602381867,0.3424894352669996,0.36938148290434114,,0,True
SZ000807,26.470001,16.391,0.31386861313868614,0.2902420284287361,0.8545908567038033,0.38993469074145215,量能动量,1,False
SZ000809,3.4699998,0.6941064,0.39684978870534,0.61102573953131,0.8814829043411448,0.8941605839416058,量能动量;量能比,2,False
SZ000810,9.1,1.6338623,0.30945063388398003,0.3157894736842105,0.4152900499423742,0.2547061083365348,,0,True
SZ000811,37.88,14.963465,0.2009220130618517,0.32039953899346907,0.10122935074913561,0.5090280445639647,,0,True
SZ000812,3.7399998,1.3056903,0.5255474452554745,0.5558970418747599,0.5975797157126392,0.33211678832116787,,0,True
SZ000813,3.2000003,2.1621828,0.9058778332693046,0.7324241260084517,0.1784479446792163,0.01114099116404149,量能水平,1,False
SZ000815,14.46,6.5427155,0.5966192854398771,0.7247406838263543,0.043411448328851326,0.4358432577794852,,0,True
SZ000816,2.79,1.8890662,0.6171724932769881,0.7429888590088359,0.16999615827890896,0.2620053784095275,,0,True
SZ000818,11.309999,1.3926063,0.21609681137149442,0.3847483672685363,0.021897810218978103,0.6421436803688052,,0,True
SZ000819,12.1900015,0.41167924,0.02727621974644641,0.06838263542066846,0.7379946215904726,0.6615443718786016,,0,True
SZ000820,3.5600002,0.41267335,0.3684210526315789,0.5443718786016135,0.5760660776027661,0.7272378025355359,,0,True
SZ000821,7.2899995,0.59246373,0.2524010756819055,0.13330772185939302,0.4529389166346523,0.11890126776796005,,0,True
SZ000822,4.23,0.5592071,0.2134076066077603,0.138109873223204,0.5455243949289281,0.08451786400307337,,0,True
SZ000823,24.4,29.92296,0.9613907030349597,0.9658086822896658,0.4079907798693815,0.8497887053399923,量能水平;量能波动;量能比,3,False
SZ000825,3.35,1.0345811,0.21571263926238954,0.1723011909335382,0.7291586630810604,0.7076450249711871,,0,True
SZ000826,1.7299999,0.25256675,0.06281213983864771,0.3722627737226277,0.8574721475220899,0.8991548213599693,量能动量;量能比,2,False
SZ000828,9.91,0.52523035,0.03476757587399155,0.006146753745678064,0.8188628505570495,0.3357664233576642,量能动量,1,False
SZ000829,9.15,2.234221,0.16077602766039187,0.36938148290434114,0.45101805608912793,0.9498655397618133,量能比,1,False
SZ000830,11.219999,3.3625207,0.23549750288129082,0.06723011909335382,0.4911640414905878,0.11064156742220514,,0,True
SZ000831,53.23,11.651039,0.22339608144448714,0.18805224740683826,0.3196311947752593,0.3711102573953131,,0,True
SZ000833,18.41,6.102824,0.5182481751824818,0.4195159431425278,0.1892047637341529,0.05339992316557818,,0,True
SZ000837,9.51,1.0433261,0.15731847867844795,0.15827890895121013,0.16327314636957357,0.22512485593545908,,0,True
SZ000838,2.23,0.93052936,0.2956204379562044,0.3380714560122935,0.2913945447560507,0.5879754129850173,,0,True
SZ000839,2.8899999,3.2276974,0.8655397618132924,0.6185170956588552,0.5347675758739916,0.2664233576642336,量能水平,1,False
SZ000848,7.9399996,0.9148561,0.010180560891279293,0.03764886669227814,0.687475989243181,0.7184018440261237,,0,True
SZ000850,4.63,1.0545185,0.11601997694967345,0.8743757203227046,0.06434882827506723,0.9963503649635036,量能波动;量能比,2,False
SZ000852,5.2799997,1.6160096,0.35766423357664234,0.09373799462159048,0.3739915482135997,0.01133307721859393,,0,True
SZ000856,8.900001,0.45320877,0.09892431809450634,0.07203227045716482,0.7948520937379946,0.27506723011909334,,0,True
SZ000858,68.77,13.518097,0.25566653860929694,0.14329619669611987,0.411256242796773,0.2339608144448713,,0,True
SZ000859,8.62,4.4154787,0.6740299654245102,0.7633499807913946,0.024971187091817133,0.3311563580484057,,0,True
SZ000860,10.089999,1.1606399,0.1945831732616212,0.25662696888205916,0.06991932385708798,0.4235497502881291,,0,True
SZ000862,5.32,1.0852238,0.6511717249327699,0.5180560891279293,0.5512869765655013,0.19669611986169805,,0,True
SZ000863,4.5199995,1.0418991,0.5117172493276988,0.5149827122550903,0.7737226277372263,0.5662696888205916,,0,True
SZ000868,4.1800003,1.7507197,0.35055704955820205,0.5866308106031503,0.9260468689973108,0.9627353054168267,量能动量;量能比,2,False
SZ000869,16.76,0.38661155,0.028620822128313485,0.19765655013446023,0.6212063004225893,0.9185555128697657,量能比,1,False
SZ000875,4.6,1.5765233,0.6782558586246639,0.5582020745293892,0.0364963503649635,0.37283903188628503,,0,True
SZ000876,6.89,4.5447836,0.3467153284671533,0.20130618517095658,0.2860161352285824,0.06050710718401844,,0,True
SZ000877,3.6899998,0.76610774,0.18132923549750288,0.7233960814444871,0.9352669996158279,0.9842489435267,量能动量;量能比,2,False
SZ000878,15.950002,9.318089,0.8522858240491741,0.8421052631578947,0.6784479446792163,0.3595850941221667,量能水平;量能波动,2,False
SZ000880,23.59,4.0399895,0.31636573184786787,0.22550902804456396,0.03495966192854399,0.14848252016903574,,0,True
SZ000881,6.3699994,0.4389173,0.22301190933538226,0.31886285055704955,0.09412216673069534,0.4051094890510949,,0,True
SZ000882,1.5299999,1.0861702,0.8017671917018825,0.8096427199385324,0.09911640414905878,0.7026507875528236,量能水平;量能波动,2,False
SZ000883,4.33,1.2550551,0.3346139070303496,0.11832500960430273,0.6801767191701883,0.14368036880522475,,0,True
SZ000885,11.61,0.33216283,0.042258932001536686,0.026123703419131773,0.35478294275835576,0.16865155589704187,,0,True
SZ000886,4.69,0.6548362,0.4106799846331156,0.4483288513253938,0.820783711102574,0.5455243949289281,量能动量,1,False
SZ000887,18.45,5.246558,0.3739915482135997,0.44756050710718404,0.31655781790242027,0.3052247406838264,,0,True
SZ000888,9.079999,1.2602509,0.1114099116404149,0.058586246638494044,0.193622742988859,0.026123703419131773,,0,True
SZ000889,3.7,1.7072036,0.8261621206300422,0.849212447176335,0.6794083749519785,0.34652324241260085,量能水平;量能波动,2,False
SZ000890,7.08,4.009823,0.7754514022281982,0.3267383787936996,0.27775643488282753,0.006530925854782943,,0,True
SZ000892,4.5800004,7.2447233,0.9834805993084902,0.969842489435267,0.8680368805224741,0.3795620437956204,量能水平;量能波动;量能动量,3,False
SZ000893,35.949997,6.349973,0.33922397233960816,0.3025355359200922,0.6242796772954283,0.246062235881675,,0,True
SZ000895,23.41,2.3993132,0.0042258932001536685,0.0466769112562428,0.8465232424126008,0.5683826354206685,量能动量,1,False
SZ000897,1.9500002,0.63137376,0.37418363426815215,0.4683058009988475,0.8315405301575106,0.8474836726853631,量能动量;量能比,2,False
SZ000898,2.0199997,0.81261075,0.2197464464079908,0.26219746446407993,0.7495197848636189,0.6536688436419515,,0,True
SZ000899,8.99,1.1213963,0.2904341144832885,0.2314636957356896,0.3978102189781022,0.17825585862466384,,0,True
SZ000900,3.5600002,0.40156087,0.010948905109489052,0.0021129466000768342,0.679216288897426,0.3678447944679216,,0,True
SZ000901,13.810001,1.6733234,0.1978486361890127,0.19996158278908951,0.38762965808682287,0.41644256626968884,,0,True
SZ000902,13.36,1.3533148,0.1089127929312332,0.07568190549366116,0.37725701114099114,0.04437187860161352,,0,True
SZ000903,1.9199998,0.53396946,0.06377257011140991,0.08125240107568191,0.520553207837111,0.06934306569343066,,0,True
SZ000905,9.169999,2.1936328,0.5501344602381867,0.7537456780637726,0.9425662696888206,0.8953131002689205,量能动量;量能比,2,False
SZ000906,6.1699996,0.69054824,0.1260084517864003,0.11486746062235882,0.24683058009988476,0.1361890126776796,,0,True
SZ000908,5.9500003,0.67608184,0.31098732232039955,0.4193238570879754,0.2850557049558202,0.8086822896657703,量能比,1,False
SZ000909,5.19,0.43605012,0.4638878217441414,0.5530157510564733,0.24779101037264695,0.12908182865923934,,0,True
SZ000910,6.44,1.4134394,0.4927007299270073,0.9152900499423742,0.9296965040338071,0.9992316557817903,量能波动;量能动量;量能比,3,False
SZ000911,4.9100003,1.0068109,0.41817134076066076,0.2193622742988859,0.1406069919323857,0.006338839800230503,,0,True
SZ000912,3.88,3.5737267,0.8484441029581252,0.7817902420284287,0.10238186707645025,0.033038801383019595,量能水平,1,False
SZ000913,10.5,0.34200215,0.0072992700729927005,0.013830195927775643,0.8169419900115251,0.6210142143680368,量能动量,1,False
SZ000915,23.58,0.9162823,0.031502112946600075,0.012485593545908566,0.26680752977333844,0.019976949673453707,,0,True
SZ000917,6.8100004,1.8898143,0.6417595082597003,0.5461006530925855,0.3647714175950826,0.19688820591625047,,0,True
SZ000919,6.4300003,0.64293283,0.2358816749903957,0.16557817902420285,0.24433346139070303,0.4306569343065693,,0,True
SZ000920,12.16,1.7305704,0.37917787168651557,0.6596235113330772,0.008451786400307337,0.906454091432962,量能比,1,False
SZ000921,26.500002,2.5944126,0.5918171340760661,0.5074913561275451,0.03399923165578179,0.08298117556665387,,0,True
SZ000922,11.99,0.88875693,0.1678832116788321,0.12754514022281982,0.5945063388398002,0.4072224356511717,,0,True
SZ000923,15.45,3.0801487,0.49807913945447563,0.09124087591240876,0.5968113714944295,0.0948905109489051,,0,True
SZ000925,7.9000006,2.3939583,0.8832116788321168,0.545908567038033,0.7414521705724164,0.04744525547445255,量能水平,1,False
SZ000926,2.16,0.71848905,0.5800998847483673,0.6190933538225125,0.6244717633499808,0.8653476757587399,量能比,1,False
SZ000927,2.43,0.94026417,0.6828659239339224,0.4708029197080292,0.6463695735689589,0.6029581252401076,,0,True
SZ000928,5.29,1.3773206,0.43373031117940836,0.3058009988474837,0.39915482135996927,0.03688052247406838,,0,True
SZ000929,9.45,0.3968036,0.13196311947752593,0.11890126776796005,0.8866692278140607,0.6190933538225125,量能动量,1,False
SZ000930,5.0200005,4.7725673,0.849212447176335,0.7575873991548213,0.039377641183250094,0.06819054936611602,量能水平,1,False
SZ000931,4.52,1.2048191,0.9327698809066461,0.8709181713407607,0.24126008451786402,0.10872070687668076,量能水平;量能波动,2,False
SZ000932,3.4399998,2.7038553,0.7182097579715713,0.5893200153668844,0.6955436035343834,0.42969650403380716,,0,True
SZ000933,26.099998,9.611383,0.11698040722243565,0.10430272762197465,0.8136765270841337,0.40530157510564735,量能动量,1,False
SZ000935,19.2,0.9122535,0.01824817518248175,0.03034959661928544,0.5558970418747599,0.742604686899731,,0,True
SZ000936,5.44,1.044619,0.3705339992316558,0.35324625432193624,0.2846715328467153,0.47291586630810606,,0,True
SZ000937,4.3599997,2.087285,0.17479830964271995,0.09700345754898194,0.23549750288129082,0.16884364195159432,,0,True
SZ000938,31.53,44.24514,0.9909719554360353,0.9627353054168267,0.32654629273914715,0.2495197848636189,量能水平;量能波动,2,False
SZ000948,13.220001,0.9799479,0.47752593161736456,0.6452170572416442,0.5040338071456012,0.4800230503265463,,0,True
SZ000949,6.4100003,3.5388749,0.5347675758739916,0.37821744141375335,0.8659239339223972,0.07126392623895506,量能动量,1,False
SZ000950,5.2000003,0.9057904,0.4233576642335766,0.2741067998463312,0.20130618517095658,0.306377257011141,,0,True
SZ000951,19.92,1.9460522,0.019592777564348827,0.00768344218209758,0.5046100653092586,0.4362274298885901,,0,True
SZ000952,6.6,0.39610136,0.14233576642335766,0.11083365347675758,0.4129850172877449,0.6384940453323089,,0,True
SZ000953,5.9999995,0.43598193,0.09738762965808682,0.11160199769496734,0.20072992700729927,0.26719170188244334,,0,True
SZ000955,4.09,0.4057136,0.29369957741068,0.31771033422973494,0.5484056857472147,0.8052247406838263,量能比,1,False
SZ000957,9.86,1.5449204,0.12178255858624663,0.12658470995005763,0.8186707645024971,0.11409911640414906,量能动量,1,False
SZ000958,4.92,0.55845094,0.13503649635036497,0.19439108720706877,0.8805224740683827,0.6406069919323857,量能动量,1,False
SZ000959,3.4499998,0.8464363,0.32769880906646176,0.06588551671148675,0.6601997694967345,0.47349212447176336,,0,True
SZ000960,30.599998,9.013475,0.4298885900883596,0.3916634652324241,0.5015366884364195,0.46023818670764505,,0,True
SZ000962,55.45,11.5222025,0.7948520937379946,0.7414521705724164,0.10679984633115636,0.2846715328467153,,0,True
SZ000963,26.85,3.251015,0.06319631194775259,0.35881674990395696,0.8165578179024203,0.8563196311947753,量能动量;量能比,2,False
SZ000965,3.49,1.262145,0.6863234729158663,0.6899731079523627,0.8438340376488667,0.24298885900883596,量能动量,1,False
SZ000966,3.95,1.5599339,0.6609681137149443,0.6442566269688821,0.8918555512869766,0.4233576642335766,量能动量,1,False
SZ000967,8.099999,4.3764997,0.7983096427199385,0.7589320015366884,0.9256626968882059,0.7604686899731079,量能动量,1,False
SZ000968,6.83,1.8847134,0.6842105263157895,0.4285439877064925,0.07664233576642336,0.042066845946984247,,0,True
SZ000969,16.25,2.7653055,0.5739531310026892,0.5407222435651172,0.2652708413369189,0.5211294660007684,,0,True
SZ000970,10.989999,2.180321,0.2775643488282751,0.409527468305801,0.16807529773338456,0.46811371494429505,,0,True
SZ000972,3.8600001,1.183235,0.677871686515559,0.34709950057625816,0.1060315021129466,0.027852477910103726,,0,True
SZ000973,11.400001,3.3671076,0.6185170956588552,0.577794852093738,0.3034959661928544,0.3098348059930849,,0,True
SZ000975,22.269997,9.606061,0.31771033422973494,0.37437572032270455,0.6102573953131003,0.5512869765655013,,0,True
SZ000977,67.18,54.416904,0.8939684978870533,0.755666538609297,0.3603534383403765,0.05378409527468306,量能水平,1,False
SZ000978,7.27,7.3599496,0.9656165962351133,0.9715712639262389,0.466769112562428,0.7562427967729543,量能水平;量能波动,2,False
SZ000980,2.22,8.952917,0.9986553976181329,0.9959661928543988,0.9450633883980023,0.769688820591625,量能水平;量能波动;量能动量,3,False
SZ000981,2.7600002,13.844228,0.9953899346907414,0.9786784479446792,0.6137149442950441,0.6698040722243566,量能水平;量能波动,2,False
SZ000983,6.37,4.8399243,0.42201306185170956,0.15155589704187475,0.5960430272762197,0.1580868228966577,,0,True
SZ000985,17.24,0.5577074,0.2573953131002689,0.1965040338071456,0.880714560122935,0.12120630042258931,量能动量,1,False
SZ000987,7.14,1.7648333,0.15635804840568573,0.10411064156742221,0.23703419131771034,0.2047637341529005,,0,True
SZ000988,94.24999,48.257607,0.8526699961582789,0.8651555897041875,0.3705339992316558,0.3847483672685363,量能水平;量能波动,2,False
SZ000989,8.55,1.1713277,0.3409527468305801,0.24087591240875914,0.13292354975028814,0.40760660776027663,,0,True
SZ000990,6.1299996,2.2338374,0.7969650403380715,0.5929696504033807,0.23088743757203228,0.24875144064540913,,0,True
SZ000993,16.28,10.342898,0.9473684210526315,0.9625432193622743,0.7295428351901652,0.8494045332308875,量能水平;量能波动;量能比,3,False
SZ000995,11.279999,1.0867224,0.5320783711102574,0.8424894352669996,0.7420284287360738,0.9796388782174414,量能波动;量能比,2,False
SZ000997,19.31,3.6305137,0.32750672301190936,0.2606607760276604,0.15155589704187475,0.058202074529389164,,0,True
SZ000998,8.38,5.5732584,0.8115635804840569,0.6861313868613139,0.032846715328467155,0.01920860545524395,量能水平,1,False
SZ000999,23.44,1.7080338,0.2815981559738763,0.1940069150979639,0.16019976949673453,0.4006915097963888,,0,True
SZ001201,15.720001,1.57186,0.9611986169804072,0.870149827122551,0.6530925854782943,0.8722627737226277,量能水平;量能波动;量能比,3,False
SZ001202,15.020001,0.28493324,0.1590472531694199,0.2431809450633884,0.040145985401459854,0.3298117556665386,,0,True
SZ001203,21.619999,3.435823,0.746062235881675,0.6678832116788321,0.47867844794467923,0.5218978102189781,,0,True
SZ001205,14.410001,0.4944562,0.3565117172493277,0.37283903188628503,0.13734152900499424,0.19496734537072608,,0,True
SZ001206,16.93,0.531882,0.5213215520553208,0.5395697272378025,0.06454091432961967,0.28486361890126777,,0,True
SZ001207,19.08,0.8141394,0.3778332693046485,0.5647330003841721,0.8757203227045717,0.8449865539761813,量能动量;量能比,2,False
SZ001208,13.059999,1.7160306,0.4001152516327315,0.6304264310411064,0.13023434498655398,0.6304264310411064,,0,True
SZ001209,18.669998,0.9104715,0.6886285055704956,0.7986938148290434,0.001536688436419516,0.498271225509028,,0,True
SZ001210,27.22,1.9643412,0.6012293507491356,0.3647714175950826,0.2764118325009604,0.07414521705724164,,0,True
SZ001211,27.660002,1.2442904,0.6661544371878602,0.7418363426815213,0.3351901651940069,0.8870533999231656,量能比,1,False
SZ001212,36.78,1.8900023,0.6623127160968114,0.728582404917403,0.028812908182865925,0.8432577794852094,量能比,1,False
SZ001213,3.49,0.20686236,0.17038033038801384,0.08470995005762581,0.3369189396849789,0.23511333077218594,,0,True
SZ001215,32.3,0.5778037,0.2495197848636189,0.4660007683442182,0.10334229734921245,0.8371110257395313,量能比,1,False
SZ001216,29.089998,3.3474407,0.7301190933538225,0.9771417595082597,1.0,0.9975028812908183,量能波动;量能动量;量能比,3,False
SZ001217,11.21,0.37169996,0.31713407606607763,0.37379946215904725,0.6976565501344603,0.8716865155589704,量能比,1,False
SZ001218,23.59,0.33762527,0.36822896657702653,0.13599692662312715,0.5693430656934306,0.5806761429120246,,0,True
SZ001219,12.9,0.26666015,0.08989627353054168,0.0948905109489051,0.5758739915482136,0.3252016903572801,,0,True
SZ001220,31.400002,0.32531205,0.3757203227045717,0.40971955436035346,0.041874759892431807,0.18862850557049557,,0,True
SZ001221,32.43,1.0290868,0.8131002689204764,0.652132155205532,0.36438724548597773,0.31213983864771416,量能水平,1,False
SZ001222,15.27,1.0316391,0.5330388013830196,0.4072224356511717,0.16173645793315405,0.08970418747598924,,0,True
SZ001223,41.93,1.1736094,0.6102573953131003,0.6661544371878602,0.11621206300422589,0.22819823280829812,,0,True
SZ001225,33.350002,0.54156977,0.4421820975797157,0.4250864387245486,0.29984633115635806,0.7960046100653092,,0,True
SZ001226,47.83,0.38949823,0.14886669227814062,0.38532462543219365,0.9350749135612755,0.8319247022666154,量能动量;量能比,2,False
SZ001227,2.0900002,1.4926733,0.8801383019592778,0.7975412985017287,0.7535535920092201,0.28217441413753364,量能水平,1,False
SZ001228,37.670002,0.9554295,0.6304264310411064,0.704955820207453,0.8676527084133692,0.902996542451018,量能动量;量能比,2,False
SZ001229,38.43,1.709744,0.5574337303111794,0.5993084902036112,0.23011909335382252,0.5197848636189013,,0,True
SZ001230,19.170002,0.9868637,0.6532846715328468,0.7929312331924703,0.6202458701498271,0.5971955436035343,,0,True
SZ001231,22.810001,0.4943164,0.3607376104494814,0.14944295044179792,0.1523242412600845,0.06799846331156358,,0,True
SZ001233,43.62,0.76943165,0.6851709565885516,0.8905109489051095,0.000384172109104879,0.8945447560507107,量能波动;量能比,2,False
SZ001234,28.67,0.8972812,0.4406454091432962,0.9460238186707645,0.9946215904725317,0.9950057625816365,量能波动;量能动量;量能比,3,False
SZ001236,7.8500004,0.8838188,0.1546292739147138,0.10142143680368805,0.5055704955820207,0.3069535151747983,,0,True
SZ001237,49.38,0.6130506,0.6817134076066078,0.7212831348444103,0.051094890510948905,0.29004994237418363,,0,True
SZ001238,26.13,0.23967227,0.043987706492508646,0.2933154053015751,0.014214368036880523,0.9346907414521706,量能比,1,False
SZ001239,12.290001,0.23469079,0.2869765655013446,0.7510564733000384,0.847867844794468,0.9548597771801767,量能动量;量能比,2,False
SZ001248,11.5,4.2030473,0.9836726853630426,0.9341144832885132,0.07164809834805994,0.34882827506723013,量能水平;量能波动,2,False
SZ001255,27.390001,0.3184893,0.18382635420668458,0.44967345370726086,0.9097195543603535,0.6819054936611602,量能动量,1,False
SZ001256,21.42,0.4148256,0.20553207837111026,0.07452938916634652,0.5161352285824049,0.3472915866308106,,0,True
SZ001257,21.259998,1.6073335,0.7775643488282751,0.6509796388782174,0.36054552439492893,0.48367268536304264,,0,True
SZ001258,10.120001,10.127967,0.9273914713791779,0.9577410679984633,0.419131771033423,0.24779101037264695,量能水平;量能波动,2,False
SZ001259,44.9,0.4849263,0.15290049942374184,0.4312331924702267,0.36553976181329234,0.9083749519784864,量能比,1,False
SZ001260,19.01,0.4971928,0.3298117556665386,0.7742988859008836,0.9658086822896658,0.9848252016903573,量能动量;量能比,2,False
SZ001266,36.329998,1.1654115,0.6561659623511333,0.861890126776796,0.9790626200537841,0.9878985785631963,量能波动;量能动量;量能比,3,False
SZ001267,33.37,10.294971,0.7383787936995774,0.7992700729927007,0.3701498271225509,0.6636573184786785,,0,True
SZ001268,25.400002,1.1389657,0.5155589704187477,0.8177103342297349,0.9429504417979254,0.9671532846715328,量能波动;量能动量;量能比,3,False
SZ001269,19.029999,0.3604104,0.1517479830964272,0.215904725316942,0.8524779101037264,0.7598924318094507,量能动量,1,False
SZ001270,93.99,4.660953,0.5049942374183635,0.4508259700345755,0.4454475605071072,0.5975797157126392,,0,True
SZ001277,30.279999,0.5938134,0.5097963887821744,0.21033422973492125,0.5658855167114868,0.0466769112562428,,0,True
SZ001278,17.15,0.88681024,0.6648098348059931,0.28332693046484825,0.7898578563196312,0.042451018056089126,,0,True
SZ001279,26.170002,0.2100796,0.6970802919708029,0.6448328851325393,0.2178255858624664,0.18325009604302728,,0,True
SZ001280,60.210003,2.8008618,0.8743757203227046,0.8119477525931618,0.23261621206300423,0.10218978102189781,量能水平;量能波动,2,False
SZ001282,16.35,0.4864353,0.27986938148290436,0.4673453707260853,0.038993469074145214,0.9412216673069536,量能比,1,False
SZ001283,46.269997,1.6563139,0.7833269304648482,0.8843641951594314,0.8924318094506339,0.7718017671917019,量能波动;量能动量,2,False
SZ001285,41.95,0.3793588,0.35420668459469845,0.19861698040722245,0.7814060699193238,0.3409527468305801,,0,True
SZ001286,9.419999,1.7963539,0.823857087975413,0.5403380714560123,0.6845946984248944,0.14905877833269304,量能水平,1,False
SZ001287,23.37,4.0367928,0.9690741452170573,0.9684978870533999,0.07472147522089896,0.46427199385324625,量能水平;量能波动,2,False
SZ001288,32.160004,1.5980082,0.4550518632347292,0.5313100268920476,0.8184786784479446,0.8634268152132155,量能动量;量能比,2,False
SZ001289,14.81,0.5135624,0.5019208605455244,0.2956204379562044,0.5197848636189013,0.19189396849788706,,0,True
SZ001296,19.51,0.80612326,0.47291586630810606,0.542835190165194,0.016519400691509797,0.2758355743373031,,0,True
SZ001298,16.36,1.3962523,0.4708029197080292,0.26834421820975796,0.6327314636957357,0.17345370726085285,,0,True
SZ001299,9.990001,1.9728773,0.7074529389166346,0.5128697656550134,0.01133307721859393,0.001920860545524395,,0,True
SZ001300,12.42,0.61750853,0.5072992700729927,0.5920092201306185,0.0724164425662697,0.3248175182481752,,0,True
SZ001301,46.09,2.4855673,0.7262773722627737,0.4127929312331925,0.8380714560122935,0.7216673069535152,量能动量,1,False
SZ001306,56.5,0.50193095,0.5772185939300807,0.5743373031117941,0.059162504802151364,0.795428351901652,,0,True
SZ001308,17.96,0.2752202,0.314252785247791,0.22896657702650788,0.839608144448713,0.6813292354975029,量能动量,1,False
SZ001309,372.2,41.30169,0.7170572416442567,0.6108336534767576,0.46715328467153283,0.442758355743373,,0,True
SZ001311,16.869999,0.637821,0.6133307721859393,0.5023050326546292,0.5005762581636574,0.4894352669996158,,0,True
SZ001312,17.820002,0.41587067,0.44775259316173643,0.6400307337687284,0.09104878985785632,0.81732616212063,量能比,1,False
SZ001313,7.1600003,1.3358513,0.6721091048789858,0.41221667306953513,0.05282366500192086,0.030157510564733002,,0,True
SZ001314,50.69,1.6052601,0.7155205532078371,0.5601229350749135,0.35708797541298504,0.7264694583173261,,0,True
SZ001316,27.539999,1.4117632,0.5706876680752977,0.431809450633884,0.03419131771033423,0.14752208989627352,,0,True
SZ001317,62.499996,3.791571,0.7066845946984249,0.879369957741068,0.8818670764502498,0.9809834805993085,量能波动;量能动量;量能比,3,False
SZ001318,11.849999,0.3674689,0.23933922397233962,0.3482520169035728,0.7527852477910104,0.3816749903956973,,0,True
SZ001319,21.550001,0.5822418,0.3438340376488667,0.12831348444102958,0.5217057241644256,0.13542066845946985,,0,True
SZ001322,6.51,0.38986644,0.5695351517479831,0.9291202458701499,0.9546676911256243,0.9953899346907414,量能波动;量能动量;量能比,3,False
SZ001323,18.22,0.2665668,0.3918555512869766,0.6100653092585478,0.8242412600845178,0.7840952746830581,量能动量,1,False
SZ001324,20.499998,0.82609665,0.5566653860929697,0.17345370726085285,0.20591625048021514,0.4314252785247791,,0,True
SZ001325,36.14,0.3119333,0.3463311563580484,0.19669611986169805,0.5766423357664233,0.33864771417595085,,0,True
SZ001326,103.79,2.8124278,0.7908182865923934,0.8081060315021129,0.2854398770649251,0.8373031117940838,量能波动;量能比,2,False
SZ001328,30.45,0.39252564,0.43699577410679985,0.5290049942374183,0.8726469458317326,0.29216288897426046,量能动量,1,False
SZ001330,6.63,9.123483,0.9919323857087975,0.998271225509028,0.9888590088359586,0.6644256626968882,量能水平;量能波动;量能动量,3,False
SZ001331,38.5,2.8351703,0.46811371494429505,0.5399538993469074,0.8586246638494045,0.8786016135228583,量能动量;量能比,2,False
SZ001332,27.19,0.5955204,0.47983096427199384,0.4767575873991548,0.19938532462543218,0.8686131386861314,量能比,1,False
SZ001333,19.97,0.27499253,0.3292354975028813,0.5670380330388014,0.5920092201306185,0.8568958893584325,量能比,1,False
SZ001335,32.920002,0.2234263,0.2097579715712639,0.2091817134076066,0.6742220514790627,0.725509028044564,,0,True
SZ001336,19.14,0.4296034,0.3663081060315021,0.479446792162889,0.22051479062620052,0.5272762197464465,,0,True
SZ001337,44.550003,5.7047405,0.6169804072224356,0.23818670764502498,0.5532078371110257,0.09412216673069534,,0,True
SZ001338,9.070001,1.0607275,0.597003457548982,0.40818286592393394,0.7881290818286593,0.2431809450633884,,0,True
SZ001339,70.42,3.9182532,0.5641567422205148,0.41471379177871687,0.4967345370726085,0.5278524779101037,,0,True
SZ001356,9.27,0.50325316,0.6523242412600845,0.6267767960046101,0.03380714560122935,0.3075297733384556,,0,True
SZ001358,24.54,0.48736864,0.47694967345370726,0.7998463311563581,0.18517095658855168,0.8351901651940069,量能比,1,False
SZ001359,82.509995,2.3015573,0.431809450633884,0.2568190549366116,0.823857087975413,0.541106415674222,量能动量,1,False
SZ001360,19.01,1.2334661,0.7560507107184018,0.6233192470226662,0.21513638109873223,0.29888590088359585,,0,True
SZ001365,36.350002,1.8171502,0.8989627353054168,0.8526699961582789,0.2806377257011141,0.812524010756819,量能水平;量能波动;量能比,3,False
SZ001366,13.15,1.5371461,0.7013061851709566,0.2552823665001921,0.28006146753745675,0.005378409527468306,,0,True
SZ001367,22.21,0.3591578,0.3686131386861314,0.538033038801383,0.7598924318094507,0.8737994621590472,量能比,1,False
SZ001368,37.620003,1.5807408,0.726853630426431,0.9175950825970035,0.043219362274298886,0.9248943526699962,量能波动;量能比,2,False
SZ001369,11.960001,0.78865063,0.6500192086054553,0.527084133691894,0.03457548981943911,0.20610833653476757,,0,True
SZ001373,31.589998,0.685134,0.5933538225124856,0.9114483288513254,0.658663081060315,0.9790626200537841,量能波动;量能比,2,False
SZ001376,12.3,2.4012344,0.9779101037264695,0.9950057625816365,0.79369957741068,0.9608144448713023,量能水平;量能波动;量能比,3,False
SZ001378,22.150002,1.3515291,0.8956972723780253,0.9521705724164425,0.05743373031117941,0.7510564733000384,量能水平;量能波动,2,False
SZ001379,15.879999,0.2283599,0.19150979638878218,0.12101421436803687,0.8131002689204764,0.47694967345370726,量能动量,1,False
SZ001380,18.839998,0.38291845,0.15501344602381867,0.4298885900883596,0.7389550518632347,0.8109873223203995,量能比,1,False
SZ001382,16.45,0.4118602,0.4621590472531694,0.23684210526315788,0.36534767575873994,0.029004994237418362,,0,True
SZ001386,15.990001,0.6084418,0.6281213983864772,0.48175182481751827,0.33038801383019595,0.22397233960814444,,0,True
SZ001387,12.539999,0.3458446,0.44467921628889745,0.617556665386093,0.9635036496350365,0.899923165578179,量能动量;量能比,2,False
SZ001388,19.679998,1.1360528,0.8194391087207069,0.6655781790242028,0.44621590472531697,0.1367652708413369,量能水平,1,False
SZ001389,191.84,17.06172,0.9460238186707645,0.9865539761813292,0.7961966961198617,0.9656165962351133,量能水平;量能波动;量能比,3,False
SZ001390,17.150002,0.3932586,0.4635036496350365,0.580868228966577,0.05628121398386477,0.8098348059930849,量能比,1,False
SZ001391,3.7999997,0.8434127,0.7808298117556666,0.9181713407606608,0.3530541682673838,0.842681521321552,量能波动;量能比,2,False
SZ001393,41.460003,1.1829474,0.9004994237418363,0.9127929312331925,0.8543987706492508,0.7356895889358432,量能水平;量能波动;量能动量,3,False
SZ001395,29.970001,0.39989603,0.3131002689204764,0.49346907414521707,0.320783711102574,0.7057241644256627,,0,True
SZ001396,31.34,0.26078233,0.24106799846331156,0.10122935074913561,0.47349212447176336,0.2228198232808298,,0,True
SZ001399,22.0,6.7358613,0.993469074145217,0.9917402996542451,0.005762581636573185,0.677871686515559,量能水平;量能波动,2,False
SZ001400,85.329994,1.8874732,0.6165962351133307,0.819054936611602,0.9878985785631963,0.9168267383787937,量能波动;量能动量;量能比,3,False
SZ001696,15.329999,7.597692,0.09911640414905878,0.16404149058778333,0.8530541682673838,0.5555128697656551,量能动量,1,False
SZ001872,24.400002,0.71589226,0.0024971187091817133,0.10161352285824049,0.955436035343834,0.7944679216288898,量能动量,1,False
SZ001896,10.290001,9.165154,0.9354590856703804,0.9423741836342682,0.19631194775259317,0.3161736457933154,量能水平;量能波动,2,False
SZ001914,9.36,0.8591975,0.04456396465616596,0.18574721475220898,0.9431425278524779,0.9008835958509412,量能动量;量能比,2,False
SZ001965,10.0,1.378673,0.6310026892047638,0.5322704571648098,0.6523242412600845,0.2475989243180945,,0,True
SZ001979,7.5899997,7.2865224,0.996926623127161,0.9957741067998463,0.767960046100653,0.8376872839031886,量能水平;量能波动;量能比,3,False
SZ002001,25.33,5.010388,0.014598540145985401,0.031694199001152515,0.80157510564733,0.4711870918171341,量能动量,1,False
SZ002003,11.39,1.6739432,0.011909335382251248,0.03630426431041106,0.6536688436419515,0.3584325777948521,,0,True
SZ002004,4.26,1.2965972,0.0914329619669612,0.10718401844026124,0.11275451402228198,0.14022281982328083,,0,True
SZ002005,2.7099998,0.65765655,0.42258932001536686,0.4984633115635805,0.12120630042258931,0.9108720706876681,量能比,1,False
SZ002006,13.290001,0.8585299,0.03380714560122935,0.043219362274298886,0.3084902036112178,0.25259316173645796,,0,True
SZ002007,13.0199995,1.3752997,0.003073376872839032,0.01152516327314637,0.11986169804072225,0.5881674990395698,,0,True
SZ002008,81.759995,42.517456,0.6732616212063004,0.5101805608912793,0.3075297733384556,0.32328082981175565,,0,True
SZ002009,15.37,1.1085402,0.07645024971187092,0.16865155589704187,0.7938916634652324,0.7637341529004994,,0,True
SZ002010,4.57,0.69413006,0.11064156742220514,0.06876680752977334,0.8561275451402228,0.22877449097195543,量能动量,1,False
SZ002011,12.499999,7.2723694,0.653860929696504,0.5516711486746062,0.6625048021513638,0.2767960046100653,,0,True
SZ002012,6.89,0.65508074,0.142912024587015,0.08855167114867461,0.5728006146753746,0.4133691893968498,,0,True
SZ002014,11.070001,0.29922414,0.000384172109104879,0.000384172109104879,0.8534383403764887,0.06415674222051479,量能动量,1,False
SZ002015,14.55,16.041891,0.8417210910487899,0.7001536688436419,0.19247022666154437,0.025355359200922013,量能水平,1,False
SZ002016,4.84,0.4896754,0.0695351517479831,0.13830195927775643,0.7900499423741837,0.8188628505570495,量能比,1,False
SZ002017,13.860001,5.4318485,0.41701882443334615,0.395121014214368,0.007107184018440261,0.0155589704187476,,0,True
SZ002019,9.23,0.6794608,0.006915097963887821,0.008067614291202459,0.4306569343065693,0.44467921628889745,,0,True
SZ002020,11.340001,1.4294078,0.024010756819054936,0.0539761813292355,0.3438340376488667,0.5209373799462159,,0,True
SZ002021,2.63,0.64833206,0.10564733000384172,0.05589704187475989,0.836534767575874,0.6263926238955052,量能动量,1,False
SZ002022,5.97,0.69138306,0.03630426431041106,0.3407606607760277,0.5528236650019208,0.9938532462543219,量能比,1,False
SZ002023,9.440001,1.2267172,0.06684594698424895,0.32328082981175565,0.08317326162120631,0.9271993853246254,量能比,1,False
SZ002024,1.15,0.20478012,0.0044179792547061085,0.005954667691125624,0.5927775643488282,0.3230887437572032,,0,True
SZ002025,68.1,8.150877,0.12101421436803687,0.15923933922397235,0.16442566269688821,0.14233576642335766,,0,True
SZ002026,11.089999,1.6637281,0.23761044948136764,0.3962735305416827,0.02727621974644641,0.7464464079907799,,0,True
SZ002027,4.6499996,5.6282406,0.5791394544756051,0.39684978870534,0.8052247406838263,0.5178640030733769,量能动量,1,False
SZ002028,120.81,15.075728,0.032078371110257395,0.11544371878601614,0.8711102573953131,0.8021513638109873,量能动量;量能比,2,False
SZ002029,8.96,2.3608744,0.16653860929696504,0.4187475989243181,0.7330003841721091,0.9558202074529389,量能比,1,False
SZ002030,5.6400003,0.9725511,0.01171724932769881,0.05512869765655013,0.11179408374951978,0.8421052631578947,量能比,1,False
SZ002031,5.69,6.0817666,0.4218209757971571,0.688820591625048,0.9773338455628121,0.8267383787936996,量能动量;量能比,2,False
SZ002032,39.510002,0.79176295,0.0001920860545524395,0.001536688436419516,0.7748751440645409,0.2796772954283519,,0,True
SZ002033,8.18,2.1323164,0.22589320015366884,0.12120630042258931,0.23722627737226276,0.021705724164425663,,0,True
SZ002034,13.969999,0.87884307,0.05608912792931233,0.02669996158278909,0.7184018440261237,0.14521705724164424,,0,True
SZ002035,4.8100004,0.7424872,0.005378409527468306,0.18401844026123704,0.9168267383787937,0.9713791778716865,量能动量;量能比,2,False
SZ002036,6.0199995,2.0570626,0.17729542835190165,0.13695735689588937,0.39147137917787167,0.13215520553207838,,0,True
SZ002037,6.7400002,0.35009715,0.012485593545908566,0.10007683442182097,0.19227814060699194,0.3707260852862082,,0,True
SZ002038,5.59,1.2114953,0.023626584709950056,0.06069919323857088,0.08970418747598924,0.4439108720706877,,0,True
SZ002039,19.09,1.0006343,0.026123703419131773,0.14425662696888206,0.9391087207068767,0.7145601229350749,量能动量,1,False
SZ002040,8.78,3.0066202,0.6644256626968882,0.4990395697272378,0.1434882827506723,0.03726469458317326,,0,True
SZ002041,9.299999,5.863886,0.5597387629658087,0.28236650019208603,0.05359200922013062,0.015943142527852477,,0,True
SZ002042,3.6499999,1.4690036,0.1352285824049174,0.4955820207452939,0.06569343065693431,0.9379562043795621,量能比,1,False
SZ002043,11.370001,1.2095037,0.004610065309258548,0.07664233576642336,0.22512485593545908,0.5326546292739147,,0,True
SZ002044,4.47,2.8607054,0.19093353822512485,0.2896657702650788,0.12927391471379177,0.6069919323857088,,0,True
SZ002045,8.780001,1.919759,0.288897426046869,0.5122935074913562,0.674414137533615,0.45255474452554745,,0,True
SZ002046,60.45,8.858419,0.160391855551287,0.2197464464079908,0.3342297349212447,0.6091048789857856,,0,True
SZ002047,3.1200001,0.9919931,0.495197848636189,0.4556281213983865,0.07856319631194775,0.20015366884364194,,0,True
SZ002048,17.789999,2.3388748,0.014022281982328083,0.0044179792547061085,0.27794852093737993,0.32385708797541296,,0,True
SZ002049,58.41,5.974737,0.01940069150979639,0.077794852093738,0.3663081060315021,0.6294660007683442,,0,True
SZ002050,35.65,14.358109,0.09373799462159048,0.150787552823665,0.1867076450249712,0.5666538609296965,,0,True
SZ002051,8.59,1.9192456,0.6486746062235882,0.8150211294660008,0.051863234729158665,0.8422973492124471,量能波动;量能比,2,False
SZ002052,8.030001,0.5790943,0.2041874759892432,0.23549750288129082,0.49193238570879755,0.249135612754514,,0,True
SZ002053,9.570001,0.74101734,0.2579715712639262,0.14521705724164424,0.7854398770649251,0.1799846331156358,,0,True
SZ002054,7.060001,0.5570182,0.11851709565885517,0.04917402996542451,0.5745293891663465,0.3895505186323473,,0,True
SZ002055,6.54,0.9497748,0.2831348444102958,0.5436035343834038,0.32212831348444104,0.8613138686131386,量能比,1,False
SZ002056,19.55,3.4953253,0.14022281982328083,0.10065309258547829,0.6041106415674222,0.4373799462159047,,0,True
SZ002057,8.79,1.1254666,0.09066461774875144,0.14195159431425278,0.3025355359200922,0.4139454475605071,,0,True
SZ002058,18.359999,0.5220806,0.03784095274683058,0.18939684978870533,0.6584709950057626,0.6431041106415675,,0,True
SZ002059,4.23,5.585717,0.9156742220514791,0.7791010372646946,0.07184018440261238,0.03515174798309643,量能水平,1,False
SZ002060,3.02,0.4645142,0.10218978102189781,0.0028812908182865925,0.3901267767960046,0.5142143680368805,,0,True
SZ002061,3.3000002,0.62861407,0.30388013830195926,0.16116019976949675,0.8390318862850557,0.3034959661928544,量能动量,1,False
SZ002062,8.96,2.0445824,0.1444487130234345,0.31348444102958123,0.2844794467921629,0.35036496350364965,,0,True
SZ002063,5.24,0.9738088,0.03034959661928544,0.043411448328851326,0.5172877449097195,0.4066461774875144,,0,True
SZ002064,9.4,3.9787068,0.13599692662312715,0.10526315789473684,0.597003457548982,0.21321552055320783,,0,True
SZ002065,6.4999995,1.7111408,0.06895889358432578,0.17691125624279677,0.06089127929312332,0.49193238570879755,,0,True
SZ002066,19.6,0.4789658,0.009988474836726853,0.024587014982712256,0.34613907030349594,0.45159431425278523,,0,True
SZ002067,3.9499998,1.0305861,0.40875912408759124,0.20937379946215906,0.36746062235881677,0.3451786400307338,,0,True
SZ002068,9.1,6.4464583,0.7212831348444103,0.7942758355743373,0.2247406838263542,0.39223972339608143,,0,True
SZ002069,3.6599998,0.5170869,0.6615443718786016,0.5816365731847868,0.19343065693430658,0.2963887821744141,,0,True
SZ002072,7.160001,1.2419016,0.4961582789089512,0.16826738378793699,0.5042258932001537,0.072992700729927,,0,True
SZ002073,5.6399994,0.60051024,0.3490203611217826,0.2646945831732616,0.6811371494429505,0.39608144448713023,,0,True
SZ002074,28.679998,5.7252703,0.44371878601613524,0.8019592777564348,0.9437187860161352,0.9575489819439109,量能波动;量能动量;量能比,3,False
SZ002075,3.4800003,0.8029404,0.3880138301959278,0.3797541298501729,0.6924702266615443,0.5361121782558587,,0,True
SZ002076,2.1200001,0.54082257,0.4127929312331925,0.3486361890126777,0.6759508259700345,0.3524779101037265,,0,True
SZ002077,14.35,7.038464,0.9097195543603535,0.8572800614675374,0.6786400307337688,0.7898578563196312,量能水平;量能波动,2,False
SZ002078,13.55,2.4296937,0.22704571648098348,0.17940837495197848,0.6311947752593162,0.4821359969266231,,0,True
SZ002079,8.58,1.805912,0.304648482520169,0.3530541682673838,0.253937764118325,0.5560891279293123,,0,True
SZ002080,54.809998,34.086205,0.7354975028812908,0.8305800998847483,0.05608912792931233,0.7668075297733384,量能波动,1,False
SZ002081,4.78,13.9499235,0.7349212447176335,0.8027276219746446,0.20706876680752978,0.5628121398386478,量能波动,1,False
SZ002082,12.81,1.4853176,0.3025355359200922,0.49807913945447563,0.933154053015751,0.9748367268536304,量能动量;量能比,2,False
SZ002083,9.250001,2.181712,0.4260468689973108,0.4721475220898963,0.3451786400307338,0.5215136381098732,,0,True
SZ002084,5.7999997,7.3548527,0.9581252401075682,0.9214368036880523,0.9310411064156742,0.5958509412216673,量能水平;量能波动;量能动量,3,False
SZ002085,9.18,2.194045,0.09412216673069534,0.09258547829427584,0.3980023050326546,0.5923933922397234,,0,True
SZ002086,2.0,1.3294686,0.8075297733384557,0.6565501344602381,0.2719938532462543,0.17940837495197848,量能水平,1,False
SZ002088,7.9899993,0.21719606,0.013253937764118325,0.008259700345754899,0.3419131771033423,0.12658470995005763,,0,True
SZ002090,8.94,0.47841436,0.10526315789473684,0.06530925854782943,0.2787168651555897,0.38647714175950826,,0,True
SZ002091,7.460001,0.68346256,0.03764886669227814,0.042451018056089126,0.3718786016135229,0.37091817134076066,,0,True
SZ002092,4.31,2.262749,0.7742988859008836,0.4823280829811756,0.20841336918939685,0.09911640414905878,,0,True
SZ002093,7.9799995,2.5977015,0.4271993853246254,0.5416826738378794,0.906454091432962,0.8862850557049559,量能动量;量能比,2,False
SZ002094,5.05,2.427077,0.6365731847867845,0.6373415290049942,0.032462543219362275,0.15693430656934307,,0,True
SZ002095,15.68,1.8062899,0.7297349212447176,0.6548213599692663,0.5259316173645794,0.6982328082981175,,0,True
SZ002096,8.95,0.4301631,0.03688052247406838,0.09066461774875144,0.03476757587399155,0.3200153668843642,,0,True
SZ002097,6.7799997,1.4150662,0.6037264694583173,0.5167114867460623,0.08086822896657703,0.19842489435267,,0,True
SZ002098,8.280001,0.58352566,0.17326162120630043,0.24644640799077988,0.45543603534383403,0.30829811755666536,,0,True
SZ002099,6.0,1.4841033,0.4183634268152132,0.5309258547829427,0.9218209757971572,0.9026123703419132,量能动量;量能比,2,False
SZ002100,7.87,2.1273258,0.2658470995005763,0.233384556281214,0.6152516327314637,0.125432193622743,,0,True
SZ002101,8.5,0.29761615,0.041874759892431807,0.016711486746062237,0.3828275067230119,0.49692662312716096,,0,True
SZ002102,2.5499997,0.4050352,0.0685747214752209,0.08182865923933923,0.06338839800230503,0.1288897426046869,,0,True
SZ002103,6.74,0.5625893,0.233384556281214,0.661736457933154,0.8495966192854398,0.8507491356127546,量能动量;量能比,2,False
SZ002104,10.16,10.035532,0.725509028044564,0.733384556281214,0.002689204763734153,0.058586246638494044,,0,True
SZ002105,6.08,0.40338072,0.19035728006146754,0.31060315021129464,0.620630042258932,0.753937764118325,,0,True
SZ002106,12.059999,4.3222737,0.8755282366500192,0.8809066461774875,0.7172493276988091,0.912985017287745,量能水平;量能波动;量能比,3,False
SZ002107,7.1,1.7373202,0.37668075297733383,0.46753745678063774,0.10295812524010757,0.1765270841336919,,0,True
SZ002108,4.2500005,1.0607867,0.10718401844026124,0.09450633883980022,0.39223972339608143,0.042643104110641566,,0,True
SZ002110,2.87,0.71887326,0.5927775643488282,0.561659623511333,0.884172109104879,0.7908182865923934,量能动量,1,False
SZ002111,9.2,0.7326681,0.2814060699193239,0.14905877833269304,0.35728006146753744,0.24145217057241644,,0,True
SZ002112,13.870001,1.3985624,0.3096427199385325,0.28832116788321166,0.572992700729927,0.23953131002689204,,0,True
SZ002114,7.21,0.63236886,0.6990011525163273,0.3949289281598156,0.8323088743757203,0.11966961198616981,量能动量,1,False
SZ002115,9.42,3.5423498,0.6100653092585478,0.701498271225509,0.7466384940453323,0.7767960046100653,,0,True
SZ002116,7.15,0.25225577,0.019976949673453707,0.03399923165578179,0.5549366116019977,0.27257011140991166,,0,True
SZ002117,7.8300004,0.57990813,0.06050710718401844,0.10315021129466001,0.37917787168651557,0.41855551286976567,,0,True
SZ002119,28.269999,11.769588,0.8511333077218594,0.9725316941990012,0.9761813292354975,0.9690741452170573,量能水平;量能波动;量能动量;量能比,4,False
SZ002120,6.8,1.9866793,0.6388782174414137,0.6797925470610834,0.19976949673453706,0.5291970802919708,,0,True
SZ002121,4.12,1.6392683,0.40242028428736076,0.6540530157510565,0.009796388782174413,0.7487514406454091,,0,True
SZ002122,2.7700002,0.2767214,0.5142143680368805,0.46580868228966577,0.7831348444102958,0.2402996542451018,,0,True
SZ002123,7.6600003,1.4391426,0.6596235113330772,0.9051094890510949,0.021321552055320783,0.8935843257779486,量能波动;量能比,2,False
SZ002124,2.0,3.3554409,0.8056089127929312,0.8955051863234729,0.23741836342681522,0.5055704955820207,量能水平;量能波动,2,False
SZ002125,11.91,1.3087204,0.34325777948520936,0.26661544371878604,0.7520169035728006,0.33922397233960816,,0,True
SZ002126,34.2,5.812607,0.33864771417595085,0.48655397618132923,0.744333461390703,0.6409911640414906,,0,True
SZ002127,2.98,1.1996157,0.4811755666538609,0.36534767575873994,0.8476757587399155,0.80945063388398,量能动量;量能比,2,False
SZ002128,28.140003,3.895061,0.5912408759124088,0.34613907030349594,0.5432193622742989,0.409527468305801,,0,True
SZ002129,9.110001,6.107139,0.8067614291202458,0.9671532846715328,0.8371110257395313,0.936611601997695,量能水平;量能波动;量能动量;量能比,4,False
SZ002130,15.66,6.4543104,0.5541682673837879,0.4894352669996158,0.1123703419131771,0.10199769496734537,,0,True
SZ002131,4.25,16.042414,0.8209757971571264,0.8622742988859009,0.5389934690741452,0.2562427967729543,量能水平;量能波动,2,False
SZ002132,3.97,1.9554135,0.657318478678448,0.6121782558586246,0.2447176334998079,0.16999615827890896,,0,True
SZ002133,2.9299998,0.7076156,0.6949673453707261,0.5226661544371879,0.6719170188244333,0.12946600076834422,,0,True
SZ002134,25.16,4.439104,0.844410295812524,0.8323088743757203,0.20399538993469074,0.7800614675374568,量能水平;量能波动,2,False
SZ002135,5.94,0.73120487,0.5282366500192086,0.5973876296580868,0.6941990011525163,0.7771801767191702,,0,True
SZ002136,11.76,0.4958938,0.3355743373031118,0.11851709565885517,0.5207452938916635,0.528812908182866,,0,True
SZ002137,7.8999996,2.7916334,0.8951210142143681,0.8724548597771802,0.3209757971571264,0.69842489435267,量能水平;量能波动,2,False
SZ002138,48.88,14.073304,0.6838263542066846,0.6534767575873992,0.25720322704571646,0.6532846715328468,,0,True
SZ002139,9.580001,1.2508874,0.2812139838647714,0.21724932769880906,0.42758355743373033,0.20265078755282367,,0,True
SZ002140,8.95,0.6175412,0.19919323857087975,0.211102573953131,0.2339608144448713,0.46696119861698043,,0,True
SZ002141,6.5799994,11.260629,0.9535151747983096,0.9640799077986938,0.7794852093737995,0.8138686131386861,量能水平;量能波动;量能比,3,False
SZ002142,34.81,9.055564,0.8230887437572032,0.5274683058009988,0.5981559738762966,0.30868228966577027,量能水平,1,False
SZ002144,11.09,0.32421875,0.530157510564733,0.35190165194006917,0.8009988474836727,0.6799846331156358,量能动量,1,False
SZ002145,4.6,2.7316542,0.9360353438340376,0.936611601997695,0.09892431809450634,0.8978102189781022,量能水平;量能波动;量能比,3,False
SZ002146,1.2899998,2.0967922,0.9771417595082597,0.9942374183634268,0.8941605839416058,0.9611986169804072,量能水平;量能波动;量能动量;量能比,4,False
SZ002148,6.26,0.6608078,0.41087207068766807,0.7116788321167883,0.7548981943910872,0.8905109489051095,量能比,1,False
SZ002149,31.550001,4.5880795,0.7612370341913177,0.7877449097195544,0.5165194006915098,0.6788321167883211,,0,True
SZ002150,19.61,1.3803918,0.3119477525931617,0.2890895121014214,0.644640799077987,0.5576258163657318,,0,True
SZ002151,28.15,3.5242074,0.6456012293507492,0.8770649250864387,0.663465232424126,0.948905109489051,量能波动;量能比,2,False
SZ002152,8.940001,1.6704239,0.479446792162889,0.4600461006530926,0.32808298117556667,0.37379946215904725,,0,True
SZ002153,7.4,1.3152623,0.16999615827890896,0.4229734921244718,0.5691509796388782,0.7589320015366884,,0,True
SZ002154,3.8200002,0.92884606,0.45101805608912793,0.16673069535151747,0.5117172493276988,0.34114483288513253,,0,True
SZ002155,23.08,17.604687,0.9930849020361122,0.9118325009604302,0.41221667306953513,0.057817902420284284,量能水平;量能波动,2,False
SZ002156,60.36,39.233414,0.9775259316173646,0.9907798693814829,0.6780637725701114,0.8009988474836727,量能水平;量能波动;量能比,3,False
SZ002157,2.9200003,5.425071,0.933538225124856,0.7756434882827506,0.19919323857087975,0.10103726469458317,量能水平,1,False
SZ002158,24.839998,3.1893241,0.524010756819055,0.6402228198232808,0.7281982328082981,0.26334998079139454,,0,True
SZ002159,13.290001,0.46526772,0.3691893968497887,0.4116404149058778,0.08298117556665387,0.13791778716865155,,0,True
SZ002160,3.8999999,0.49452993,0.79369957741068,0.6686515558970418,0.8960814444871302,0.6165962351133307,量能动量,1,False
SZ002161,6.4399996,2.8942819,0.8148290434114484,0.8234729158663081,0.029389166346523242,0.4562043795620438,量能水平;量能波动,2,False
SZ002162,4.18,1.5183754,0.8499807913945447,0.7829427583557433,0.06242796772954284,0.09008835958509412,量能水平,1,False
SZ002163,7.4900007,2.9145732,0.7658470995005763,0.4902036112178256,0.16903572800614675,0.29062620053784094,,0,True
SZ002164,12.049999,2.2007873,0.7764118325009605,0.950633883980023,0.9231655781790242,0.998271225509028,量能波动;量能动量;量能比,3,False
SZ002165,6.7699995,6.8524942,0.9519784863618901,0.9464079907798694,0.06780637725701114,0.09719554360353438,量能水平;量能波动,2,False
SZ002166,6.6600003,0.87564546,0.39857856319631196,0.12869765655013446,0.2502881290818287,0.051286976565501345,,0,True
SZ002167,15.59,6.6397157,0.8689973107952362,0.7869765655013446,0.27890895121014214,0.3378793699577411,量能水平,1,False
SZ002169,12.13,3.531004,0.6083365347675759,0.7489435266999616,0.018056089127929314,0.8132923549750288,量能比,1,False
SZ002170,10.52,2.0632112,0.37283903188628503,0.3167499039569727,0.5958509412216673,0.10929696504033808,,0,True
SZ002171,9.639999,7.693067,0.9560122935074914,0.8326930464848252,0.18709181713407608,0.08163657318478679,量能水平;量能波动,2,False
SZ002172,5.49,9.246409,0.9984633115635805,0.996542451018056,0.9527468305800999,0.6959277756434883,量能水平;量能波动;量能动量,3,False
SZ002173,17.080002,4.1339617,0.8678447944679216,0.8981943910872071,0.03668843641951594,0.5145985401459854,量能水平;量能波动,2,False
SZ002174,13.4,6.3870873,0.8474836726853631,0.5351517479830964,0.6653860929696505,0.32424126008451787,量能水平,1,False
SZ002175,2.4799998,0.3274966,0.5920092201306185,0.569919323857088,0.4339223972339608,0.15789473684210525,,0,True
SZ002176,8.2,3.078783,0.6928543987706492,0.4878985785631963,0.6085286208221283,0.3146369573568959,,0,True
SZ002177,5.49,1.4517466,0.7660391855551287,0.6945831732616212,0.3524779101037265,0.1260084517864003,,0,True
SZ002178,4.9900002,1.5146632,0.6392623895505186,0.9368036880522475,0.7260852862082213,0.9976949673453708,量能波动;量能比,2,False
SZ002179,32.9,6.12244,0.3407606607760277,0.34325777948520936,0.5908567038033039,0.527084133691894,,0,True
SZ002180,16.26,1.650573,0.4704187475989243,0.7224356511717249,0.007875528236650019,0.8689973107952362,量能比,1,False
SZ002181,9.0,8.401946,0.9840568574721476,0.9813676527084134,0.9058778332693046,0.7253169419900115,量能水平;量能波动;量能动量,3,False
SZ002182,11.039999,1.2383144,0.30560891279293123,0.17153284671532848,0.8100268920476373,0.28390318862850555,量能动量,1,False
SZ002183,4.15,1.8817371,0.7095658855167115,0.684018440261237,0.44467921628889745,0.7364579331540531,,0,True
SZ002184,9.940001,0.3203059,0.10353438340376489,0.19727237802535535,0.15635804840568573,0.5912408759124088,,0,True
SZ002185,17.02,38.975414,0.9433346139070303,0.9721475220898963,0.012293507491356128,0.781021897810219,量能水平;量能波动,2,False
SZ002186,9.34,0.5502153,0.5837495197848637,0.3557433730311179,0.1819054936611602,0.050326546292739145,,0,True
SZ002187,5.46,0.84649307,0.8234729158663081,0.5962351133307722,0.5424510180560891,0.06876680752977334,量能水平,1,False
SZ002188,5.8199997,0.5483986,0.6480983480599308,0.6054552439492893,0.7988859008835959,0.7833269304648482,,0,True
SZ002189,19.05,0.66208196,0.20649250864387245,0.3601613522858241,0.6037264694583173,0.13196311947752593,,0,True
SZ002190,22.92,2.305852,0.4041490587783327,0.23242412600845178,0.291970802919708,0.010372646945831733,,0,True
SZ002191,3.5,0.39210612,0.2673837879369958,0.3330772185939301,0.3845562812139839,0.5228582404917403,,0,True
SZ002192,56.969997,7.3133364,0.5165194006915098,0.2573953131002689,0.3939684978870534,0.30272762197464465,,0,True
SZ002194,9.98,4.9793816,0.9510180560891279,0.8924318094506339,0.08048405685747215,0.12466384940453323,量能水平;量能波动,2,False
SZ002195,5.9500003,4.7920885,0.5382251248559354,0.30618517095658854,0.4565885516711487,0.34940453323088744,,0,True
SZ002196,10.160001,2.550383,0.7990779869381482,0.8369189396849789,0.7016903572800615,0.3561275451402228,量能波动,1,False
SZ002197,6.5000005,1.1021886,0.652132155205532,0.44102958125240105,0.5328467153284672,0.6482904341144833,,0,True
SZ002198,3.59,0.23995385,0.14175950825970035,0.1448328851325394,0.057817902420284284,0.024394928928159816,,0,True
SZ002199,11.51,0.6305948,0.29101037264694585,0.6475220898962736,0.0032654629273914716,0.8661160199769496,量能比,1,False
SZ002200,6.8200006,0.28077048,0.5535920092201306,0.668267383787937,0.8253937764118325,0.7735305416826739,量能动量,1,False
SZ002201,9.3,6.5570197,0.8753361505954668,0.7837111025739532,0.07606607760276604,0.11275451402228198,量能水平,1,False
SZ002202,17.09,15.344134,0.9946215904725317,0.9535151747983096,0.547637341529005,0.18171340760660776,量能水平;量能波动,2,False
SZ002203,17.48,3.8850203,0.7216673069535152,0.6308106031502113,0.5701114099116404,0.3918555512869766,,0,True
SZ002204,5.27,2.2660432,0.8449865539761813,0.7570111409911641,0.14137533615059547,0.1746062235881675,量能水平,1,False
SZ002205,12.759999,0.7747118,0.5858624663849404,0.9289281598155974,0.9971187091817134,0.9936611601997695,量能波动;量能动量;量能比,3,False
SZ002206,4.8500004,0.42127684,0.08816749903956973,0.2053399923165578,0.6104494813676528,0.36707645024971186,,0,True
SZ002207,5.3999996,0.4407766,0.5614675374567807,0.7278140606991932,0.931809450633884,0.3689973107952363,量能动量,1,False
SZ002208,10.06,2.6875298,0.6724932769880907,0.6463695735689589,0.5434114483288514,0.6054552439492893,,0,True
SZ002209,13.389999,0.5797757,0.3761044948136765,0.08413369189396849,0.3484441029581252,0.24529389166346524,,0,True
SZ002210,2.08,1.0519758,0.6600076834421821,0.6765270841336919,0.5291970802919708,0.5895121014214368,,0,True
SZ002212,7.3800006,8.284459,0.9888590088359586,0.9905877833269304,0.8632347291586631,0.8061851709565886,量能水平;量能波动;量能动量;量能比,4,False
SZ002213,27.83,3.1680825,0.4485209373799462,0.3955051863234729,0.33941605839416056,0.6473300038417211,,0,True
SZ002214,17.779999,1.2737067,0.21417595082597005,0.23031117940837495,0.2135996926623127,0.39761813292354975,,0,True
SZ002215,9.26,2.6235983,0.6139070303495966,0.6738378793699578,0.11121782558586246,0.0923933922397234,,0,True
SZ002216,11.330001,0.57884705,0.11275451402228198,0.050326546292739145,0.8006146753745678,0.14502497118709182,量能动量,1,False
SZ002217,1.52,1.948465,0.9673453707260853,0.9585094122166731,0.03592009220130619,0.48136765270841336,量能水平;量能波动,2,False
SZ002218,3.75,3.0702305,0.9709950057625817,0.9805993084902036,0.44813676527084134,0.5399538993469074,量能水平;量能波动,2,False
SZ002219,2.08,1.8450922,0.6106415674222051,0.6419515943142527,0.11794083749519785,0.5101805608912793,,0,True
SZ002221,5.58,0.9810594,0.4350749135612755,0.2869765655013446,0.12063004225893201,0.12869765655013446,,0,True
SZ002222,62.149998,13.690233,0.6932385708797542,0.7356895889358432,0.47637341529004995,0.7894736842105263,,0,True
SZ002223,25.67,1.7806466,0.012869765655013446,0.08624663849404533,0.9358432577794852,0.7900499423741837,量能动量,1,False
SZ002224,3.7100003,0.9096885,0.5007683442182097,0.2514406454091433,0.20783711102573954,0.013446023818670765,,0,True
SZ002225,3.4099998,0.6484254,0.6797925470610834,0.5247791010372647,0.40549366116019975,0.6548213599692663,,0,True
SZ002226,4.85,1.2503175,0.29446792162888974,0.5948905109489051,0.003073376872839032,0.8864771417595083,量能比,1,False
SZ002228,3.2299998,0.75263464,0.1784479446792163,0.3161736457933154,0.7858240491740299,0.629850172877449,,0,True
SZ002229,10.21,3.7114441,0.7018824433346139,0.6546292739147138,0.3044563964656166,0.107952362658471,,0,True
SZ002230,37.2,7.0277953,0.23914713791778716,0.32212831348444104,0.5472531694199001,0.5165194006915098,,0,True
SZ002232,17.15,1.9467442,0.4371878601613523,0.8373031117940838,0.972915866308106,0.9471763349980792,量能波动;量能动量;量能比,3,False
SZ002233,6.68,0.82813513,0.3290434114483288,0.6392623895505186,0.6515558970418748,0.9135612754514022,量能比,1,False
SZ002234,7.9299994,0.47171903,0.5349596619285439,0.3939684978870534,0.6717249327698809,0.23857087975412986,,0,True
SZ002235,7.6600003,1.547604,0.4679216288897426,0.4333461390703035,0.479446792162889,0.3691893968497887,,0,True
SZ002236,15.2300005,3.3245082,0.059930849020361124,0.11966961198616981,0.5338071456012293,0.4489051094890511,,0,True
SZ002237,12.35,3.1077514,0.6907414521705724,0.5013446023818671,0.8194391087207069,0.40933538225124855,量能动量,1,False
SZ002238,7.52,1.168345,0.5176719170188244,0.9708029197080292,0.9994237418363426,0.9984633115635805,量能波动;量能动量;量能比,3,False
SZ002239,2.4599998,1.254836,0.4984633115635805,0.13465232424126009,0.6546292739147138,0.6014214368036881,,0,True
SZ002240,25.05,6.1002207,0.8555512869765655,0.43757203227045716,0.8234729158663081,0.5776027660391856,量能水平;量能动量,2,False
SZ002241,23.0,18.35877,0.5843257779485209,0.8797541298501729,0.22128313484441028,0.8989627353054168,量能波动;量能比,2,False
SZ002242,11.360001,1.6634167,0.6961198616980407,0.5946984248943527,0.8868613138686131,0.8203995389934691,量能动量;量能比,2,False
SZ002243,6.939999,0.6472795,0.36169804072224354,0.25278524779101036,0.5541682673837879,0.4441029581252401,,0,True
SZ002244,9.460001,3.53492,0.7089896273530542,0.7687283903188629,0.7719938532462544,0.8930080676142912,量能比,1,False
SZ002245,16.2,9.209672,0.3672685363042643,0.4679216288897426,0.5783711102573953,0.7472147522089896,,0,True
SZ002246,25.070002,5.975595,0.7502881290818286,0.9058778332693046,0.44083749519784865,0.9677295428351902,量能波动;量能比,2,False
SZ002247,2.48,0.44690955,0.339608144448713,0.20149827122550903,0.6129466000768344,0.6252401075681906,,0,True
SZ002248,9.34,1.6486943,0.6796004610065309,0.6699961582789089,0.011909335382251248,0.16058394160583941,,0,True
SZ002249,6.4,2.0617235,0.39204763734152903,0.19938532462543218,0.07798693814829043,0.26277372262773724,,0,True
SZ002250,13.92,1.7256252,0.11544371878601614,0.14867460622358816,0.8457548981943911,0.36650019208605455,量能动量,1,False
SZ002251,3.39,4.042647,0.9869381482904341,0.8597771801767192,0.30388013830195926,0.07337687283903188,量能水平;量能波动,2,False
SZ002252,5.17,2.06567,0.1955436035343834,0.4840568574721475,0.9120245870149827,0.8659239339223972,量能动量;量能比,2,False
SZ002253,8.56,0.58801574,0.15328467153284672,0.7253169419900115,0.9704187475989243,0.9773338455628121,量能动量;量能比,2,False
SZ002254,11.57,1.7765797,0.42489435266999614,0.39416058394160586,0.43084902036112177,0.6352285824049174,,0,True
SZ002255,7.26,0.53036845,0.17940837495197848,0.3419131771033423,0.4383403764886669,0.49346907414521707,,0,True
SZ002256,3.13,1.0612392,0.20303495966192855,0.18997310795236266,0.30176719170188243,0.2969650403380715,,0,True
SZ002258,13.83,4.028564,0.6023818670764503,0.44871302343449865,0.269688820591625,0.11102573953131002,,0,True
SZ002259,4.89,1.0654684,0.5001920860545525,0.7543219362274299,0.5582020745293892,0.9838647714175951,量能比,1,False
SZ002261,24.079998,7.910723,0.5622358816749904,0.6525163273146369,0.041298501728774493,0.43930080676142913,,0,True
SZ002262,21.5,1.3488896,0.01133307721859393,0.07318478678447944,0.107952362658471,0.4621590472531694,,0,True
SZ002263,3.21,1.421847,0.5439877064925086,0.6260084517864003,0.8034959661928543,0.6951594314252785,量能动量,1,False
SZ002264,7.57,4.051804,0.9054936611601998,0.9258547829427584,0.4706108336534768,0.9373799462159047,量能水平;量能波动;量能比,3,False
SZ002265,18.900002,4.7192483,0.6667306953515175,0.539761813292355,0.1342681521321552,0.023626584709950056,,0,True
SZ002266,4.54,3.123761,0.6625048021513638,0.5643488282750673,0.42547061083365345,0.6067998463311564,,0,True
SZ002267,7.1499996,0.67528576,0.2773722627737226,0.06358048405685747,0.44871302343449865,0.017095658855167114,,0,True
SZ002268,15.08,2.1682591,0.28275067230119094,0.4062620053784095,0.749135612754514,0.6738378793699578,,0,True
SZ002269,1.37,0.70878977,0.8766807529773338,0.8728390318862851,0.4197080291970803,0.6907414521705724,量能水平;量能波动,2,False
SZ002270,17.02,1.5919298,0.23818670764502498,0.3346139070303496,0.8455628121398386,0.7518248175182481,量能动量,1,False
SZ002271,10.43,4.858063,0.08797541298501729,0.017095658855167114,0.22531694199001154,0.35151747983096426,,0,True
SZ002272,14.2300005,4.2097974,0.8574721475220899,0.7550902804456396,0.366692278140607,0.31790242028428733,量能水平,1,False
SZ002273,23.51,7.23407,0.561659623511333,0.2946600076834422,0.8300038417210911,0.7752593161736457,量能动量,1,False
SZ002275,12.070001,0.2045952,0.13695735689588937,0.10737610449481368,0.042643104110641566,0.13734152900499424,,0,True
SZ002276,9.740001,1.075994,0.4527468305800999,0.4391087207068767,0.23280829811755666,0.4567806377257011,,0,True
SZ002277,4.85,1.1876861,0.6515558970418748,0.6953515174798309,0.9227814060699193,0.5109489051094891,量能动量,1,False
SZ002278,8.32,1.389322,0.8244333461390703,0.9373799462159047,0.9917402996542451,0.1940069150979639,量能水平;量能波动;量能动量,3,False
SZ002279,6.67,2.8365762,0.8257779485209373,0.866692278140607,0.7602766039185556,0.3346139070303496,量能水平;量能波动,2,False
SZ002281,166.90001,56.657566,0.8640030733768729,0.8161736457933154,0.665194006915098,0.38359585094122167,量能水平;量能波动,2,False
SZ002283,7.4500003,1.5302509,0.49692662312716096,0.6552055320783711,0.9087591240875912,0.6336918939684979,量能动量,1,False
SZ002284,9.249999,2.5409534,0.57164809834806,0.29389166346523243,0.07433730311179408,0.041874759892431807,,0,True
SZ002285,3.21,5.477643,0.9053015751056473,0.8480599308490203,0.7998463311563581,0.9673453707260853,量能水平;量能波动;量能比,3,False
SZ002286,8.24,2.0620935,0.7815981559738763,0.9026123703419132,0.6383019592777565,0.8000384172109105,量能波动;量能比,2,False
SZ002287,19.119999,0.2580915,0.06550134460238187,0.07798693814829043,0.32366500192086056,0.5991164041490588,,0,True
SZ002289,33.58,1.4037384,0.3638109873223204,0.4978870533999232,0.17940837495197848,0.3812908182865924,,0,True
SZ002290,69.9,5.083242,0.5735689588935843,0.8192470226661545,0.29485209373799465,0.8542066845946984,量能波动;量能比,2,False
SZ002291,5.5899997,2.4663067,0.9583173261621206,0.8470995005762582,0.9183634268152132,0.3916634652324241,量能水平;量能波动;量能动量,3,False
SZ002292,8.559999,4.104777,0.8373031117940838,0.6173645793315405,0.3123319247022666,0.4761813292354975,量能水平,1,False
SZ002293,10.589999,0.3961628,0.024779101037264696,0.11256242796772954,0.9562043795620438,0.49154821359969264,量能动量,1,False
SZ002294,29.95,2.9097786,0.33154053015751056,0.253937764118325,0.13446023818670763,0.3267383787936996,,0,True
SZ002295,9.860001,1.9402336,0.8048405685747215,0.5918171340760661,0.1897810218978102,0.04859777180176719,量能水平,1,False
SZ002296,9.58,0.9969913,0.4333461390703035,0.6961198616980407,0.8355743373031118,0.7961966961198617,量能动量,1,False
SZ002297,20.150002,24.851606,0.9829043411448329,0.9802151363810987,0.3599692662312716,0.23876296580868228,量能水平;量能波动,2,False
SZ002298,9.04,4.0820746,0.825585862466385,0.8250096043027276,0.32616212063004224,0.7808298117556666,量能水平;量能波动,2,False
SZ002299,15.51,1.679944,0.5758739915482136,0.2923549750288129,0.8090664617748752,0.11025739531310026,量能动量,1,False
SZ002300,7.7699995,5.8224306,0.8981943910872071,0.907798693814829,0.010948905109489052,0.4950057625816366,量能水平;量能波动,2,False
SZ002301,8.82,1.6293856,0.6077602766039185,0.8298117556665386,0.8709181713407607,0.9850172877449097,量能波动;量能动量;量能比,3,False
SZ002302,4.69,0.27814895,0.24356511717249327,0.6083365347675759,0.7124471763349981,0.8470995005762582,量能比,1,False
SZ002303,6.7000003,4.7418003,0.812524010756819,0.9442950441797926,0.9896273530541683,0.9531310026892048,量能水平;量能波动;量能动量;量能比,4,False
SZ002304,36.9,1.5711015,0.4387245485977718,0.4018440261237034,0.7865923933922397,0.6830580099884749,,0,True
SZ002305,2.08,0.31504595,0.5697272378025355,0.7061083365347676,0.8394160583941606,0.8092585478294276,量能动量;量能比,2,False
SZ002306,2.11,0.33717045,0.5630042258932002,0.49308490203611216,0.6344602381867076,0.11486746062235882,,0,True
SZ002307,2.9499998,0.6905899,0.5303495966192855,0.47099500576258163,0.5478294275835575,0.656934306569343,,0,True
SZ002309,2.8000002,2.3993292,0.9948136765270841,0.9913561275451402,0.7066845946984249,0.5781790242028428,量能水平;量能波动,2,False
SZ002310,2.25,1.7979965,0.7875528236650019,0.6010372646945832,0.7723780253553592,0.6463695735689589,,0,True
SZ002311,41.199997,3.6018767,0.25605071071840185,0.3812908182865924,0.7698809066461775,0.5436035343834038,,0,True
SZ002312,8.11,3.459128,0.6759508259700345,0.550710718401844,0.06165962351133308,0.04763734152900499,,0,True
SZ002313,8.929999,1.1162004,0.8411448328851325,0.987322320399539,0.9925086438724549,0.993469074145217,量能水平;量能波动;量能动量;量能比,4,False
SZ002314,2.3700001,0.644819,0.9181713407606608,0.9537072608528621,0.8720706876680753,0.9258547829427584,量能水平;量能波动;量能动量;量能比,4,False
SZ002315,24.94,1.9366817,0.5987322320399538,0.8167499039569728,0.9498655397618133,0.925278524779101,量能波动;量能动量;量能比,3,False
SZ002316,4.5,0.73607665,0.764886669227814,0.5956588551671149,0.8058009988474837,0.5057625816365732,量能动量,1,False
SZ002317,22.79,4.4238424,0.6938148290434114,0.7506723011909335,0.2698809066461775,0.7827506723011909,,0,True
SZ002318,17.519999,1.3827173,0.30099884748367267,0.2815981559738763,0.8795620437956204,0.27122550902804454,量能动量,1,False
SZ002319,10.17,0.7302881,0.7039953899346908,0.6171724932769881,0.9381482904341145,0.6701882443334614,量能动量,1,False
SZ002320,6.2700005,4.2363796,0.8025355359200922,0.7775643488282751,0.5082597003457549,0.12197464464079907,量能水平,1,False
SZ002321,2.0800002,1.7018055,0.9925086438724549,0.9975028812908183,0.7685363042643104,0.9769496734537073,量能水平;量能波动;量能比,3,False
SZ002322,11.89,0.69344944,0.32385708797541296,0.27718017671917017,0.5589704187475989,0.43257779485209374,,0,True
SZ002323,1.2199999,0.37537253,0.7287744909719555,0.747791010372647,0.44045332308874374,0.7435651171724933,,0,True
SZ002324,8.85,2.0196564,0.5057625816365732,0.3768728390318863,0.8211678832116789,0.23069535151747983,量能动量,1,False
SZ002326,16.16,2.578215,0.4533230887437572,0.32385708797541296,0.5929696504033807,0.5019208605455244,,0,True
SZ002327,6.1,0.2483103,0.01920860545524395,0.03553592009220131,0.36976565501344605,0.1406069919323857,,0,True
SZ002328,8.26,7.2973747,0.9688820591625048,0.9600461006530926,0.27122550902804454,0.4546676911256243,量能水平;量能波动,2,False
SZ002329,3.66,1.1561784,0.7086054552439492,0.5745293891663465,0.8593930080676143,0.2416442566269689,量能动量,1,False
SZ002330,4.1100006,0.4839384,0.68267383787937,0.5190165194006915,0.5232424126008451,0.263542066845947,,0,True
SZ002331,7.04,0.52574885,0.38839800230503263,0.6102573953131003,0.9617748751440646,0.6607760276603919,量能动量,1,False
SZ002332,8.58,1.1867648,0.5509028044563965,0.5053784095274683,0.40434114483288514,0.22454859777180178,,0,True
SZ002333,5.52,0.6008404,0.5516711486746062,0.6210142143680368,0.9615827890895121,0.9500576258163658,量能动量;量能比,2,False
SZ002334,6.42,0.6889762,0.376296580868229,0.4489051094890511,0.6321552055320784,0.4823280829811756,,0,True
SZ002335,30.750002,6.163789,0.5885516711486746,0.8964656165962351,0.9573568958893585,0.9733000384172109,量能波动;量能动量;量能比,3,False
SZ002337,4.77,0.41823936,0.46177487514406457,0.7760276603918556,0.4900115251632731,0.9302727621974645,量能比,1,False
SZ002338,43.170002,1.8339984,0.4352669996158279,0.7114867460622358,0.7817902420284287,0.9581252401075682,量能比,1,False
SZ002339,7.06,1.9185888,0.7172493276988091,0.7735305416826739,0.041682673837879367,0.7965808682289666,,0,True
SZ002340,6.0400004,3.1393757,0.6240875912408759,0.5113330772185939,0.593545908567038,0.4654245101805609,,0,True
SZ002342,8.45,5.3900795,0.974644640799078,0.9988474836726854,0.9913561275451402,0.9725316941990012,量能水平;量能波动;量能动量;量能比,4,False
SZ002343,5.72,1.5525776,0.8953131002689205,0.7554744525547445,0.5364963503649635,0.06338839800230503,量能水平,1,False
SZ002344,4.0,0.35847592,0.25509028044563964,0.142912024587015,0.6893968497887053,0.4706108336534768,,0,True
SZ002345,8.11,1.3270732,0.40760660776027663,0.37264694583173263,0.9102958125240107,0.22646945831732615,量能动量,1,False
SZ002346,17.9,1.5596981,0.457164809834806,0.39646561659623514,0.13119477525931617,0.3511333077218594,,0,True
SZ002347,6.6,1.2804598,0.704571648098348,0.9852093737994622,0.9992316557817903,0.9761813292354975,量能波动;量能动量;量能比,3,False
SZ002348,10.68,1.449598,0.2577794852093738,0.33058009988474835,0.22742988859008836,0.48252016903572803,,0,True
SZ002349,8.370001,7.1172094,0.8482520169035728,0.8772570111409912,0.5280445639646562,0.47752593161736456,量能水平;量能波动,2,False
SZ002350,13.449999,1.1274502,0.34268152132155205,0.3680368805224741,0.5088359585094122,0.23722627737226276,,0,True
SZ002351,9.87,0.55677855,0.11198616980407222,0.19515943142527853,0.2796772954283519,0.5962351133307722,,0,True
SZ002352,30.51,4.5542393,0.6475220898962736,0.5272762197464465,0.8876296580868229,0.28620822128313483,量能动量,1,False
SZ002353,109.78,19.797346,0.6559738762965809,0.7306953515174799,0.4074145217057242,0.7362658470995006,,0,True
SZ002354,7.24,21.819353,0.996542451018056,0.9953899346907414,0.09700345754898194,0.14656165962351134,量能水平;量能波动,2,False
SZ002355,4.6200004,0.57390267,0.517479830964272,0.31713407606607763,0.5224740683826354,0.3011909335382251,,0,True
SZ002356,2.65,0.44373772,0.5910487898578564,0.47406838263542067,0.4327698809066462,0.46311947752593163,,0,True
SZ002357,11.580001,1.2659246,0.2913945447560507,0.13791778716865155,0.43353822512485596,0.1269688820591625,,0,True
SZ002358,5.13,0.6298288,0.24875144064540913,0.5487898578563196,0.2606607760276604,0.5645409143296196,,0,True
SZ002360,5.3700004,0.3438827,0.18651555897041874,0.401651940069151,0.10622358816749904,0.8265462927391471,量能比,1,False
SZ002361,9.79,8.78158,0.8334613907030349,0.7681521321552055,0.7404917402996543,0.3401844026123703,量能水平,1,False
SZ002362,15.820001,1.2686692,0.8910872070687668,0.8054168267383788,0.23991548213599692,0.4343065693430657,量能水平;量能波动,2,False
SZ002363,6.98,0.2965999,0.23069535151747983,0.30829811755666536,0.774490971955436,0.4742604686899731,,0,True
SZ002364,32.800003,8.575936,0.7514406454091433,0.7854398770649251,0.18113714944295045,0.2850557049558202,,0,True
SZ002365,13.000001,4.1496267,0.9106799846331156,0.9197080291970803,0.17518248175182483,0.24971187091817135,量能水平;量能波动,2,False
SZ002366,5.4700003,2.0885713,0.9320015366884364,0.9147137917787168,0.2737226277372263,0.07913945447560507,量能水平;量能波动,2,False
SZ002367,6.1699996,1.2760947,0.5028812908182866,0.7577794852093738,0.8993469074145217,0.9784863618901268,量能动量;量能比,2,False
SZ002368,12.719999,1.1099917,0.5336150595466769,0.40645409143296196,0.3989627353054168,0.4406454091432962,,0,True
SZ002369,5.6000004,0.71733487,0.5209373799462159,0.33326930464848253,0.5021129466000769,0.17633499807913947,,0,True
SZ002370,5.1,0.9724554,0.6190933538225125,0.5610833653476758,0.3797541298501729,0.2791010372646946,,0,True
SZ002371,628.96,39.46333,0.35266999615827893,0.24260468689973108,0.4946215904725317,0.24990395697272377,,0,True
SZ002372,8.27,0.653695,0.07222435651171726,0.13311563580484057,0.916058394160584,0.5432193622742989,量能动量,1,False
SZ002373,7.37,0.9178752,0.6934306569343066,0.5224740683826354,0.6048789857856319,0.5071071840184402,,0,True
SZ002374,3.3,0.5516166,0.5595466769112563,0.6696119861698041,0.7068766807529774,0.9106799846331156,量能比,1,False
SZ002375,3.8600001,0.7440017,0.6294660007683442,0.8067614291202458,0.6968882059162504,0.8774490971955436,量能波动;量能比,2,False
SZ002376,6.59,0.58283335,0.38974260468689975,0.45582020745293894,0.8839800230503265,0.7881290818286593,量能动量,1,False
SZ002377,2.93,2.345641,0.9429504417979254,0.8359585094122167,0.27391471379177873,0.09796388782174414,量能水平;量能波动,2,False
SZ002378,21.28,5.108735,0.8217441413753361,0.7164809834805993,0.1692278140606992,0.20245870149827122,量能水平,1,False
SZ002379,16.300001,6.409923,0.8144448713023434,0.6705724164425663,0.37034191317710335,0.1717249327698809,量能水平,1,False
SZ002380,26.849998,1.0199629,0.5247791010372647,0.45543603534383403,0.33922397233960816,0.2022666154437188,,0,True
SZ002381,5.6499996,0.22665668,0.21263926238955053,0.21513638109873223,0.6749903956972724,0.27564348828275065,,0,True
SZ002382,6.1000004,0.6862796,0.5662696888205916,0.7883211678832117,0.9237418363426815,0.909527468305801,量能动量;量能比,2,False
SZ002383,8.080001,2.8412333,0.9731079523626585,0.9779101037264695,0.5526315789473685,0.7214752208989628,量能水平;量能波动,2,False
SZ002384,171.21,108.5746,0.954091432961967,0.9444871302343449,0.5094122166730696,0.5144064540914329,量能水平;量能波动,2,False
SZ002385,3.07,4.5641785,0.9802151363810987,0.9053015751056473,0.01517479830964272,0.012485593545908566,量能水平;量能波动,2,False
SZ002386,5.79,0.9216823,0.7725701114099116,0.6600076834421821,0.010180560891279293,0.4454475605071072,,0,True
SZ002387,6.63,0.71302205,0.7452938916634653,0.5336150595466769,0.6386861313868614,0.4585094122166731,,0,True
SZ002388,8.27,3.0912452,0.9671532846715328,0.9861698040722243,0.8405685747214752,0.9410295812524011,量能水平;量能波动;量能动量;量能比,4,False
SZ002389,17.93,4.3218617,0.8764886669227814,0.6189012677679601,0.1615443718786016,0.04610065309258548,量能水平,1,False
SZ002390,2.92,0.7422255,0.6311947752593162,0.19343065693430658,0.4508259700345755,0.52362658470995,,0,True
SZ002391,5.11,0.39609507,0.5147906262005378,0.3511333077218594,0.5468689973107952,0.47253169419900115,,0,True
SZ002392,7.4099994,0.77585214,0.3797541298501729,0.3146369573568959,0.5032654629273915,0.31598155973876296,,0,True
SZ002393,13.870001,0.27229533,0.3311563580484057,0.14809834805993086,0.1542451018056089,0.3634268152132155,,0,True
SZ002394,10.59,0.55051434,0.38109873223203994,0.6694199001152517,0.9638878217441413,0.6740299654245102,量能动量,1,False
SZ002395,13.68,1.0346366,0.5026892047637341,0.9083749519784864,0.9955820207452939,0.9708029197080292,量能波动;量能动量;量能比,3,False
SZ002396,32.86,34.861088,0.9696504033807145,0.906069919323857,0.22320399538993468,0.1911256242796773,量能水平;量能波动,2,False
SZ002397,3.6200001,0.64652354,0.5032654629273915,0.3880138301959278,0.6918939684978871,0.27775643488282753,,0,True
SZ002398,4.27,0.45374036,0.28678447944679214,0.19131771033422973,0.7825585862466385,0.741260084517864,,0,True
SZ002399,9.610001,0.3772165,0.7552823665001921,0.44467921628889745,0.16365731847867845,0.4467921628889743,,0,True
SZ002400,6.48,4.716338,0.7410679984633116,0.7723780253553592,0.9003073376872839,0.47887053399923163,量能动量,1,False
SZ002401,12.080001,0.34622756,0.057817902420284284,0.005570495582020745,0.47022666154437187,0.19727237802535535,,0,True
SZ002402,17.81,2.9223187,0.37706492508643874,0.352285824049174,0.39204763734152903,0.477718017671917,,0,True
SZ002403,10.23,2.9540966,0.9028044563964657,0.72205147906262,0.6409911640414906,0.24548597771801767,量能水平,1,False
SZ002404,5.8400006,0.4554826,0.12908182865923934,0.07510564733000384,0.33154053015751056,0.38494045332308874,,0,True
SZ002405,5.9100003,1.7600552,0.8023434498655397,0.7103342297349212,0.45754898194391086,0.3568958893584326,量能水平,1,False
SZ002406,6.4199996,0.6921682,0.37475989243180946,0.42470226661544375,0.43641951594314254,0.43219362274298884,,0,True
SZ002407,29.779999,22.032463,0.8787936995774107,0.7101421436803688,0.2935074913561275,0.20399538993469074,量能水平,1,False
SZ002408,5.0899997,1.1974196,0.4051094890510949,0.24394928928159815,0.72205147906262,0.1723011909335382,,0,True
SZ002409,124.549995,20.42397,0.7193622742988859,0.6674990395697272,0.24721475220898964,0.32116788321167883,,0,True
SZ002410,8.46,1.7600719,0.4028044563964656,0.1561659623511333,0.5255474452554745,0.3273146369573569,,0,True
SZ002412,8.820001,6.0916114,0.9001152516327314,0.8943526699961583,0.25163273146369575,0.28678447944679214,量能水平;量能波动,2,False
SZ002413,8.78,6.2660728,0.8849404533230888,0.9919323857087975,0.9944295044179793,0.9898194391087207,量能水平;量能波动;量能动量;量能比,4,False
SZ002414,11.2699995,5.4541764,0.49097195543603533,0.4139454475605071,0.31482904341144835,0.3380714560122935,,0,True
SZ002415,32.109997,15.784397,0.7232039953899347,0.6830580099884749,0.1609681137149443,0.2076450249711871,,0,True
SZ002416,8.900001,1.4432265,0.7675758739915483,0.6559738762965809,0.06972723780253554,0.24433346139070303,,0,True
SZ002418,4.36,9.106844,0.9704187475989243,0.6855551286976566,0.5687668075297734,0.0028812908182865925,量能水平,1,False
SZ002419,4.63,0.6721347,0.6338839800230504,0.48021513638109875,0.40933538225124855,0.2053399923165578,,0,True
SZ002420,6.1,0.42882985,0.5891279293123319,0.3862850557049558,0.6392623895505186,0.298501728774491,,0,True
SZ002421,3.2099996,3.8704224,0.7921628889742605,0.800230503265463,0.9054936611601998,0.641183250096043,量能波动;量能动量,2,False
SZ002422,39.22,6.99469,0.8061851709565886,0.8248175182481752,0.15136381098732232,0.7716096811371495,量能水平;量能波动,2,False
SZ002423,9.11,1.6091377,0.7162888974260468,0.4110641567422205,0.3355743373031118,0.07510564733000384,,0,True
SZ002424,4.63,0.3869671,0.1698040722243565,0.5501344602381867,0.9118325009604302,0.892047637341529,量能动量;量能比,2,False
SZ002425,3.1200001,1.4125855,0.8338455628121398,0.7823665001920861,0.747791010372647,0.23607376104494815,量能水平,1,False
SZ002426,2.6499999,2.6010423,0.8955051863234729,0.9842489435267,0.9197080291970803,0.9890510948905109,量能水平;量能波动;量能动量;量能比,4,False
SZ002427,4.5299997,0.76226753,0.6557817902420284,0.3123319247022666,0.5420668459469843,0.03784095274683058,,0,True
SZ002428,87.16,42.32681,0.9537072608528621,0.9510180560891279,0.2802535535920092,0.509604302727622,量能水平;量能波动,2,False
SZ002429,8.14,3.8247652,0.7385708797541298,0.752593161736458,0.7397233960814444,0.767960046100653,,0,True
SZ002430,24.22,4.0466805,0.7137917787168652,0.29369957741068,0.5443718786016135,0.0549366116019977,,0,True
SZ002431,1.3,0.20552452,0.593930080676143,0.39915482135996927,0.28332693046484825,0.29273914713791777,,0,True
SZ002432,60.34,9.924608,0.6406069919323857,0.6271609681137149,0.29792547061083363,0.30234344986553974,,0,True
SZ002434,6.1600003,0.9624769,0.42105263157894735,0.5881674990395698,0.028236650019208605,0.790242028428736,,0,True
SZ002436,42.2,54.127674,0.9131771033422974,0.9006915097963888,0.45697272378025355,0.5570495582020746,量能水平;量能波动,2,False
SZ002437,3.4699998,13.76112,0.9950057625816365,0.9892431809450634,0.07971571263926239,0.15136381098732232,量能水平;量能波动,2,False
SZ002438,13.65,0.8563173,0.263542066845947,0.3409527468305801,0.6504033807145602,0.33000384172109104,,0,True
SZ002439,14.940001,3.8198597,0.5958509412216673,0.7885132539377642,0.9542835190165194,0.917402996542451,量能动量;量能比,2,False
SZ002440,12.99,5.187552,0.7961966961198617,0.6667306953515175,0.6162120630042259,0.5872070687668075,,0,True
SZ002441,8.25,0.36006913,0.1454091432961967,0.07952362658470995,0.7777564348828275,0.2295428351901652,,0,True
SZ002442,5.3199997,1.4810691,0.7087975412985017,0.880714560122935,0.08221283134844411,0.8645793315405301,量能波动;量能比,2,False
SZ002443,12.85,4.460757,0.7766039185555129,0.7938916634652324,0.39473684210526316,0.8084902036112178,量能比,1,False
SZ002444,26.579998,2.501848,0.3307721859393008,0.2961966961198617,0.7570111409911641,0.4927007299270073,,0,True
SZ002445,3.1000001,2.0097952,0.7604686899731079,0.6432961966961198,0.31156358048405686,0.13772570111409912,,0,True
SZ002446,7.7400002,1.9514151,0.5847099500576258,0.6104494813676528,0.44237418363426817,0.7226277372262774,,0,True
SZ002448,10.77,1.623237,0.5432193622742989,0.35977718017671917,0.11774875144064541,0.13023434498655398,,0,True
SZ002449,6.53,0.59015656,0.5084517864003073,0.5218978102189781,0.13330772185939302,0.503457548981944,,0,True
SZ002451,7.52,1.4133955,0.5704955820207452,0.40683826354206687,0.4790626200537841,0.08240491740299655,,0,True
SZ002452,11.35,1.6225791,0.4450633883980023,0.22935074913561276,0.35209373799462157,0.0758739915482136,,0,True
SZ002453,4.7200003,1.7493083,0.7691125624279678,0.96062235881675,0.899923165578179,0.9971187091817134,量能波动;量能动量;量能比,3,False
SZ002454,5.1,0.40903392,0.2504802151363811,0.1853630426431041,0.25124855935459084,0.5134460238186708,,0,True
SZ002455,6.8,1.8176967,0.6605839416058394,0.4124087591240876,0.7612370341913177,0.23434498655397618,,0,True
SZ002456,6.48,4.5936904,0.7016903572800615,0.5666538609296965,0.41644256626968884,0.4041490587783327,,0,True
SZ002457,11.11,3.7679892,0.9091432961966961,0.598348059930849,0.3401844026123703,0.02689204763734153,量能水平,1,False
SZ002458,8.05,3.1785808,0.6215904725316942,0.39992316557817903,0.5234344986553976,0.10737610449481368,,0,True
SZ002459,6.6,1.8902992,0.9166346523242412,0.7875528236650019,0.4150979638878217,0.4172109104878986,量能水平,1,False
SZ002460,43.38,12.488441,0.6183250096043027,0.5144064540914329,0.8995389934690742,0.6990011525163273,量能动量,1,False
SZ002461,8.31,0.34611812,0.145985401459854,0.3613138686131387,0.7821744141375336,0.7547061083365347,,0,True
SZ002462,12.18,0.3013508,0.138109873223204,0.10084517864003073,0.34306569343065696,0.444487130234345,,0,True
SZ002463,119.07001,56.243988,0.8693814829043411,0.8519016519400692,0.3290434114483288,0.5495582020745294,量能水平;量能波动,2,False
SZ002465,10.000001,4.3184776,0.8762965808682289,0.8974260468689973,0.6747983096427199,0.7823665001920861,量能水平;量能波动,2,False
SZ002466,40.55,12.882276,0.8732232039953899,0.6112178255858625,0.6965040338071457,0.4089512101421437,量能水平,1,False
SZ002467,5.0600004,2.3749452,0.7527852477910104,0.8540145985401459,0.9848252016903573,0.9855935459085671,量能波动;量能动量;量能比,3,False
SZ002468,14.690001,2.1682994,0.8616980407222435,0.8559354590856704,0.060122935074913564,0.328659239339224,量能水平;量能波动,2,False
SZ002469,6.02,0.6285643,0.36746062235881677,0.46139070303495966,0.2963887821744141,0.12581636573184787,,0,True
SZ002470,1.97,5.538008,0.9959661928543988,0.9767575873991549,0.16673069535151747,0.032270457164809835,量能水平;量能波动,2,False
SZ002471,5.21,3.6465838,0.8814829043411448,0.9237418363426815,0.017864003073376874,0.8597771801767192,量能水平;量能波动;量能比,3,False
SZ002472,38.699997,8.6655855,0.7931233192470226,0.8751440645409143,0.39704187475989244,0.39204763734152903,量能波动,1,False
SZ002474,6.7300005,1.2311653,0.6943910872070688,0.8882059162504802,0.9779101037264695,0.834805993084902,量能波动;量能动量;量能比,3,False
SZ002475,50.4,44.713306,0.565117172493277,0.5551286976565502,0.6329235497502881,0.3722627737226277,,0,True
SZ002476,4.88,0.40711135,0.29600461006530926,0.2825585862466385,0.25566653860929694,0.4260468689973108,,0,True
SZ002478,6.3,1.5534027,0.6794083749519785,0.812524010756819,0.6763349980791394,0.4273914713791779,量能波动,1,False
SZ002479,5.71,0.88137627,0.5280445639646562,0.32827506723011907,0.6116019976949674,0.15943142527852477,,0,True
SZ002480,5.5299997,0.48162013,0.5762581636573185,0.9410295812524011,0.9959661928543988,0.9905877833269304,量能波动;量能动量;量能比,3,False
SZ002481,4.2200003,0.74725664,0.24721475220898964,0.13849404533230888,0.5201690357280061,0.09316173645793316,,0,True
SZ002482,1.3699999,0.8893703,0.9435266999615828,0.9692662312716097,0.2451018056089128,0.8878217441413754,量能水平;量能波动;量能比,3,False
SZ002483,5.87,1.5848957,0.8004225893200154,0.6219746446407991,0.13465232424126009,0.04821359969266231,量能水平,1,False
SZ002484,52.839996,23.422039,0.7831348444102958,0.6636573184786785,0.6776796004610065,0.35862466384940456,,0,True
SZ002486,2.69,1.000287,0.6513638109873223,0.2894736842105263,0.6292739147137918,0.08605455243949289,,0,True
SZ002487,42.929996,22.374651,0.9621590472531695,0.9419900115251633,0.917402996542451,0.8741836342681522,量能水平;量能波动;量能动量;量能比,4,False
SZ002488,7.19,1.14796,0.3939684978870534,0.3774490971955436,0.4627353054168267,0.3716865155589704,,0,True
SZ002489,2.9,0.93853074,0.5854782942758355,0.6519400691509797,0.14022281982328083,0.6974644640799078,,0,True
SZ002490,6.94,3.451714,0.9371878601613522,0.7153284671532847,0.145985401459854,0.002689204763734153,量能水平,1,False
SZ002491,20.62,38.6962,0.981175566653861,0.9654245101805609,0.3346139070303496,0.5482135996926624,量能水平;量能波动,2,False
SZ002492,6.5200005,0.53186476,0.33538225124855936,0.2931233192470227,0.5987322320399538,0.8276988090664618,量能比,1,False
SZ002493,13.25,6.738158,0.790242028428736,0.7297349212447176,0.8415290049942374,0.6486746062235882,量能动量,1,False
SZ002494,5.32,0.60476005,0.6705724164425663,0.8129081828659239,0.9394928928159816,0.9308490203611218,量能波动;量能动量;量能比,3,False
SZ002495,2.43,0.47466007,0.434882827506723,0.2581636573184787,0.6909335382251248,0.5487898578563196,,0,True
SZ002496,2.1000001,0.6035222,0.6477141759508259,0.5831732616212063,0.3311563580484057,0.18421052631578946,,0,True
SZ002497,15.72,4.142022,0.6930464848252017,0.30368805224740686,0.7235881674990395,0.31655781790242027,,0,True
SZ002498,6.06,6.2762847,0.9471763349980792,0.8716865155589704,0.06607760276603919,0.03476757587399155,量能水平;量能波动,2,False
SZ002500,5.1499996,1.1133,0.8129081828659239,0.6707645024971187,0.6484825201690357,0.4329619669611986,量能水平,1,False
SZ002501,1.2700001,0.36442205,0.7439492892815982,0.5574337303111794,0.1780637725701114,0.18517095658855168,,0,True
SZ002506,2.3500001,4.663385,0.9967345370726085,0.7335766423357665,0.656934306569343,0.3590088359585094,量能水平,1,False
SZ002507,11.08,1.0398424,0.29504417979254705,0.263542066845947,0.3422973492124472,0.09527468305800998,,0,True
SZ002508,16.6,1.3733933,0.23799462159047252,0.1784479446792163,0.14905877833269304,0.2975412985017288,,0,True
SZ002510,5.68,1.4722325,0.752208989627353,0.5386092969650403,0.4362274298885901,0.18786016135228584,,0,True
SZ002511,6.91,0.6149014,0.3273146369573569,0.18132923549750288,0.34652324241260085,0.30560891279293123,,0,True
SZ002512,3.7200003,0.8588779,0.6738378793699578,0.5339992316557818,0.5024971187091817,0.2247406838263542,,0,True
SZ002513,5.47,0.41646907,0.7308874375720322,0.6043027276219747,0.8453707260852862,0.43315405301575105,量能动量,1,False
SZ002514,2.4099998,1.3256809,0.930080676142912,0.6803688052247406,0.7785247791010372,0.09085670380330388,量能水平,1,False
SZ002515,7.2500005,6.1511455,0.9381482904341145,0.6131386861313869,0.34998079139454474,0.12408759124087591,量能水平,1,False
SZ002516,5.54,1.3737252,0.36976565501344605,0.4938532462543219,0.49308490203611216,0.38090664617748754,,0,True
SZ002517,15.870001,8.760957,0.7787168651555897,0.5910487898578564,0.2208989627353054,0.07356895889358432,,0,True
SZ002518,34.33,6.866691,0.6811371494429505,0.5630042258932002,0.0895121014214368,0.20630042258932002,,0,True
SZ002519,5.66,3.6221857,0.8524779101037264,0.8079139454475605,0.34152900499423744,0.434882827506723,量能水平;量能波动,2,False
SZ002520,6.35,1.6838384,0.6865155589704187,0.857087975412985,0.8117556665386093,0.8240491740299655,量能波动;量能动量;量能比,3,False
SZ002521,6.1999993,0.26037395,0.2791010372646946,0.3336534767575874,0.03860929696504034,0.7512485593545909,,0,True
SZ002522,5.3399997,3.0434093,0.8290434114483288,0.8787936995774107,0.03034959661928544,0.6732616212063004,量能水平;量能波动,2,False
SZ002523,3.44,0.58820766,0.3102189781021898,0.3818670764502497,0.9417979254706108,0.5751056473300038,量能动量,1,False
SZ002524,4.2,0.5276211,0.6227429888590088,0.8374951978486362,0.9621590472531695,0.857087975412985,量能波动;量能动量;量能比,3,False
SZ002526,2.5900002,0.52710307,0.5806761429120246,0.5243949289281599,0.45985401459854014,0.4917402996542451,,0,True
SZ002527,10.63,0.5580735,0.2808298117556665,0.48962735305416827,0.6361890126776796,0.6052631578947368,,0,True
SZ002528,6.21,2.2771978,0.882443334613907,0.7815981559738763,0.17249327698809067,0.23088743757203228,量能水平,1,False
SZ002529,6.83,0.3405106,0.5407222435651172,0.374567806377257,0.8048405685747215,0.5466769112562428,量能动量,1,False
SZ002530,7.07,0.6804162,0.39377641183250095,0.33826354206684595,0.7977333845562812,0.4854014598540146,,0,True
SZ002531,7.6400003,8.857682,0.911256242796773,0.8753361505954668,0.9152900499423742,0.8034959661928543,量能水平;量能波动;量能动量;量能比,4,False
SZ002532,12.21,7.738446,0.8424894352669996,0.6313868613138686,0.7671917018824433,0.32885132539377643,量能水平,1,False
SZ002533,10.910001,0.557659,0.15386092969650403,0.041682673837879367,0.8244333461390703,0.46254321936227427,量能动量,1,False
SZ002534,17.03,1.9779865,0.7468305800998848,0.656934306569343,0.5722243565117172,0.5180560891279293,,0,True
SZ002535,2.5,0.39355105,0.6701882443334614,0.4932769880906646,0.7201306185170957,0.569919323857088,,0,True
SZ002536,46.519997,28.58384,0.9026123703419132,0.8321167883211679,0.0457164809834806,0.08528620822128313,量能水平;量能波动,2,False
SZ002537,5.65,2.0648787,0.7814060699193238,0.8046484825201691,0.15251632731463696,0.1479062620053784,量能波动,1,False
SZ002538,6.8899994,0.48442587,0.16673069535151747,0.6162120630042259,0.9631194775259316,0.8217441413753361,量能动量;量能比,2,False
SZ002539,11.58,1.7757164,0.3907030349596619,0.41605839416058393,0.7114867460622358,0.31771033422973494,,0,True
SZ002540,4.9700007,0.48631623,0.16692278140606992,0.38301959277756437,0.588743757203227,0.6010372646945832,,0,True
SZ002541,18.44,2.0894065,0.5545524394928928,0.7739147137917787,0.8638109873223204,0.9364195159431425,量能动量;量能比,2,False
SZ002542,1.59,0.28904715,0.17787168651555896,0.3155973876296581,0.9037648866692278,0.39684978870534,量能动量,1,False
SZ002543,7.3999996,1.2705165,0.48847483672685366,0.38359585094122167,0.8605455243949289,0.23799462159047252,量能动量,1,False
SZ002544,15.41,1.524019,0.27948520937379945,0.27564348828275065,0.4600461006530926,0.6479062620053784,,0,True
SZ002545,13.789999,3.1072102,0.6577026507875529,0.7944679216288898,0.9149058778332693,0.750864387245486,量能动量,1,False
SZ002546,7.28,0.7809094,0.2514406454091433,0.2787168651555897,0.288897426046869,0.32712255090280445,,0,True
SZ002547,2.51,0.6605636,0.5612754514022282,0.6377257011140991,0.9327698809066461,0.860161352285824,量能动量;量能比,2,False
SZ002548,3.9200003,1.5978591,0.8092585478294276,0.4412216673069535,0.5683826354206685,0.12312716096811371,量能水平,1,False
SZ002549,12.400001,1.8246063,0.3866692278140607,0.31540530157510566,0.304648482520169,0.2898578563196312,,0,True
SZ002550,6.3300004,0.63567686,0.2028428736073761,0.17287744909719555,0.24875144064540913,0.5587783326930464,,0,True
SZ002551,3.37,0.42383015,0.5474452554744526,0.5462927391471379,0.2475989243180945,0.6590472531694199,,0,True
SZ002552,46.589996,13.896448,0.8127160968113715,0.5472531694199001,0.31982328082981176,0.10391855551286977,量能水平,1,False
SZ002553,16.94,2.7709723,0.5190165194006915,0.8115635804840569,0.9590856703803304,0.8501728774490972,量能波动;量能动量;量能比,3,False
SZ002554,2.7199998,0.6507501,0.5437956204379562,0.24010756819054938,0.31098732232039955,0.0914329619669612,,0,True
SZ002555,17.060001,4.267936,0.3645793315405302,0.3716865155589704,0.40203611217825586,0.13599692662312715,,0,True
SZ002556,5.03,0.8894904,0.5820207452938917,0.23434498655397618,0.5883595850941221,0.050902804456396465,,0,True
SZ002557,18.119999,1.1452497,0.3905109489051095,0.34767575873991546,0.9008835958509412,0.37860161352285826,量能动量,1,False
SZ002558,22.119999,13.481434,0.9364195159431425,0.8703419131771033,0.636381098732232,0.45313100268920475,量能水平;量能波动,2,False
SZ002559,8.72,1.6433445,0.5468689973107952,0.5165194006915098,0.29600461006530926,0.37725701114099114,,0,True
SZ002560,6.5100007,4.4839478,0.8983864771417595,0.8764886669227814,0.033422973492124475,0.27718017671917017,量能水平;量能波动,2,False
SZ002561,7.25,1.0200573,0.7862082212831348,0.5937379946215905,0.08547829427583557,0.016903572800614674,,0,True
SZ002562,4.84,1.2648615,0.5962351133307722,0.7766039185555129,0.17671917018824435,0.6886285055704956,,0,True
SZ002563,5.3900003,0.7799452,0.6238955051863234,0.423933922397234,0.4350749135612755,0.4417979254706108,,0,True
SZ002564,5.15,2.1436431,0.9333461390703035,0.9898194391087207,0.8901267767960046,0.9004994237418363,量能水平;量能波动;量能动量;量能比,4,False
SZ002565,8.29,5.90443,0.834805993084902,0.8592009220130619,0.5303495966192855,0.8540145985401459,量能水平;量能波动;量能比,3,False
SZ002566,7.0799994,0.46609485,0.5042258932001537,0.30772185939300806,0.6832500960430272,0.22128313484441028,,0,True
SZ002567,3.6600003,1.2628918,0.7572032270457165,0.5862466384940453,0.5199769496734538,0.24106799846331156,,0,True
SZ002568,18.91,2.2516794,0.2787168651555897,0.5414905877833269,0.9200922013061852,0.9243180945063388,量能动量;量能比,2,False
SZ002569,12.000001,0.20261766,0.17710334229734923,0.21417595082597005,0.8215520553207837,0.6596235113330772,量能动量,1,False
SZ002570,4.4,0.96906674,0.9037648866692278,0.9343065693430657,0.9458317326162121,0.20687668075297733,量能水平;量能波动;量能动量,3,False
SZ002571,10.66,0.57287514,0.19842489435267,0.20072992700729927,0.13157894736842105,0.1473300038417211,,0,True
SZ002572,7.6299996,0.6858653,0.14617748751440646,0.28102189781021897,0.8699577410679985,0.6890126776796005,量能动量,1,False
SZ002573,3.1,0.34077272,0.33192470226661547,0.21129466000768343,0.46427199385324625,0.4573568958893584,,0,True
SZ002574,5.0499997,0.58376956,0.7506723011909335,0.7195543603534383,0.8826354206684595,0.18401844026123704,量能动量,1,False
SZ002575,5.05,1.0985467,0.5386092969650403,0.8528620822128313,0.8282750672301191,0.9006915097963888,量能波动;量能动量;量能比,3,False
SZ002576,14.659999,0.30109113,0.12235881674990395,0.10679984633115636,0.8736073761044948,0.6786400307337688,量能动量,1,False
SZ002577,20.91,1.5025134,0.577794852093738,0.6319631194775259,0.07741067998463312,0.5831732616212063,,0,True
SZ002578,4.16,1.1172547,0.5585862466384941,0.26008451786400305,0.40242028428736076,0.1790242028428736,,0,True
SZ002579,17.9,22.40036,0.9452554744525548,0.922205147906262,0.5614675374567807,0.5660776027660391,量能水平;量能波动,2,False
SZ002580,18.699999,11.250526,0.884172109104879,0.7625816365731848,0.8075297733384557,0.138109873223204,量能水平;量能动量,2,False
SZ002581,4.75,0.38469648,0.34421820975797157,0.6386861313868614,0.01152516327314637,0.6705724164425663,,0,True
SZ002582,9.28,1.728797,0.6699961582789089,0.5620437956204379,0.09796388782174414,0.07030349596619286,,0,True
SZ002583,7.88,1.9397599,0.4629273914713792,0.9068382635420669,0.993469074145217,0.9617748751440646,量能波动;量能动量;量能比,3,False
SZ002584,8.68,6.609847,0.9235497502881291,0.9462159047253169,0.06665386092969651,0.8810987322320399,量能水平;量能波动;量能比,3,False
SZ002585,10.670001,11.679874,0.9938532462543219,0.9978870533999231,0.37091817134076066,0.8286592393392239,量能水平;量能波动;量能比,3,False
SZ002586,3.6299999,0.33449122,0.15578179024202843,0.1444487130234345,0.4177871686515559,0.1050710718401844,,0,True
SZ002587,5.29,0.59583735,0.1152516327314637,0.07625816365731848,0.7197464464079908,0.43814829043411446,,0,True
SZ002588,7.3599997,1.3293345,0.30829811755666536,0.18152132155205533,0.16769112562427968,0.07529773338455628,,0,True
SZ002589,3.2399998,4.0711045,0.8885900883595851,0.9900115251632732,0.1723011909335382,0.9537072608528621,量能水平;量能波动;量能比,3,False
SZ002590,9.570001,0.54104835,0.08970418747598924,0.03438340376488667,0.5954667691125625,0.2573953131002689,,0,True
SZ002591,6.5600004,0.7133176,0.4031886285055705,0.3640030733768728,0.9239339223972339,0.42047637341529004,量能动量,1,False
SZ002593,4.6000004,0.5728596,0.33499807913945445,0.1692278140606992,0.6797925470610834,0.33711102573953133,,0,True
SZ002594,82.02,20.516829,0.7854398770649251,0.7654629273914714,0.6619285439877065,0.5099884748367268,,0,True
SZ002595,38.37,2.159647,0.05589704187475989,0.0447560507107184,0.8486361890126777,0.20553207837111026,量能动量,1,False
SZ002596,3.29,0.938787,0.6457933154053016,0.8075297733384557,0.8409527468305801,0.7798693814829043,量能波动;量能动量,2,False
SZ002597,21.24,1.5802844,0.2631578947368421,0.17038033038801384,0.4811755666538609,0.05666538609296965,,0,True
SZ002599,5.57,0.42156613,0.20207452938916634,0.37764118325009605,0.8764886669227814,0.7132155205532078,量能动量,1,False
SZ002600,11.9800005,12.560825,0.9394928928159816,0.834805993084902,0.4723396081444487,0.11928543987706493,量能水平;量能波动,2,False
SZ002601,14.62,2.1173487,0.641183250096043,0.379369957741068,0.6932385708797542,0.10046100653092585,,0,True
SZ002602,13.880001,16.748837,0.8751440645409143,0.7566269688820592,0.3711102573953131,0.12024587014982713,量能水平,1,False
SZ002603,15.02,1.6686136,0.6167883211678832,0.36361890126776797,0.3751440645409143,0.6008451786400307,,0,True
SZ002605,16.43,0.70077497,0.15309258547829427,0.12908182865923934,0.3955051863234729,0.14079907798693814,,0,True
SZ002606,11.84,1.5452266,0.5088359585094122,0.48520937379946216,0.30426431041106416,0.361890126776796,,0,True
SZ002607,1.8399999,2.6674666,0.9533230887437572,0.9072224356511718,0.46465616596235115,0.6027660391855552,量能水平;量能波动,2,False
SZ002608,7.2200003,1.2129416,0.7965808682289666,0.5597387629658087,0.4329619669611986,0.08547829427583557,,0,True
SZ002609,7.9599996,0.3775118,0.06165962351133308,0.15405301575105648,0.815597387629658,0.7170572416442567,量能动量,1,False
SZ002611,14.430001,2.293523,0.3073376872839032,0.5964271993853246,0.9051094890510949,0.9416058394160584,量能动量;量能比,2,False
SZ002612,17.130001,1.5691196,0.7366500192086054,0.8616980407222435,0.7929312331924703,0.766615443718786,量能波动,1,False
SZ002613,3.35,1.7679303,0.8349980791394545,0.8497887053399923,0.16231271609681136,0.6394544756050711,量能水平;量能波动,2,False
SZ002614,8.129999,2.5515487,0.8559354590856704,0.9944295044179793,0.9984633115635805,1.0,量能水平;量能波动;量能动量;量能比,4,False
SZ002615,6.3099995,0.44358847,0.14502497118709182,0.29446792162888974,0.28678447944679214,0.7141759508259701,,0,True
SZ002616,4.8,0.40214628,0.13964656165962352,0.11371494429504418,0.6252401075681906,0.10545524394928928,,0,True
SZ002617,6.78,8.044265,0.8586246638494045,0.838263542066846,0.06915097963887822,0.5013446023818671,量能水平;量能波动,2,False
SZ002620,5.39,0.35153392,0.24817518248175183,0.4101037264694583,0.8958893584325778,0.6678832116788321,量能动量,1,False
SZ002622,2.5400002,0.8943947,0.7226277372262774,0.8549750288129082,0.9045332308874375,0.9819439108720707,量能波动;量能动量;量能比,3,False
SZ002623,18.400002,1.6893452,0.8926238955051863,0.958893584325778,0.03553592009220131,0.9450633883980023,量能水平;量能波动;量能比,3,False
SZ002624,9.570001,4.963974,0.88897426046869,0.6763349980791394,0.7789089512101421,0.32558586246638493,量能水平,1,False
SZ002625,22.899998,6.3118353,0.4362274298885901,0.6880522474068382,0.9569727237802536,0.9120245870149827,量能动量;量能比,2,False
SZ002626,15.959999,0.6411674,0.08624663849404533,0.09354590856703804,0.276219746446408,0.4923165578179024,,0,True
SZ002627,6.5299997,0.85703975,0.4022281982328083,0.31502112946600075,0.19150979638878218,0.1089127929312332,,0,True
SZ002628,4.8599997,1.0009496,0.6504033807145602,0.48482520169035725,0.09085670380330388,0.2864003073376873,,0,True
SZ002629,4.41,0.6828432,0.5591625048021513,0.4358432577794852,0.41413753361505956,0.33826354206684595,,0,True
SZ002631,13.44,6.1247077,0.8572800614675374,0.7927391471379178,0.32039953899346907,0.8259700345754898,量能水平;量能比,2,False
SZ002632,9.02,3.1782944,0.6947752593161737,0.5672301190933539,0.04840568574721475,0.03860929696504034,,0,True
SZ002633,15.179999,0.43212003,0.18689973107952362,0.7462543219362274,0.982520169035728,0.9942374183634268,量能动量;量能比,2,False
SZ002634,3.91,0.20604418,0.04936611601997695,0.20207452938916634,0.7416442566269689,0.8459469842489435,量能比,1,False
SZ002635,14.760001,2.8466113,0.5916250480215136,0.8985785631963119,0.9850172877449097,0.9815597387629658,量能波动;量能动量;量能比,3,False
SZ002636,83.03,48.47238,0.8676527084133692,0.8367268536304264,0.8011909335382251,0.5900883595850941,量能水平;量能波动;量能动量,3,False
SZ002637,10.08,2.7525465,0.8013830195927776,0.4994237418363427,0.8061851709565886,0.1123703419131771,量能水平;量能动量,2,False
SZ002638,4.95,1.9618883,0.8081060315021129,0.9477525931617364,0.9686899731079524,0.9177871686515559,量能水平;量能波动;量能动量;量能比,4,False
SZ002639,13.849998,12.355217,0.9552439492892816,0.9168267383787937,0.6788321167883211,0.48194391087207067,量能水平;量能波动,2,False
SZ002640,3.94,6.196457,0.9256626968882059,0.9836726853630426,0.9504417979254706,0.9417979254706108,量能水平;量能波动;量能动量;量能比,4,False
SZ002641,3.8,0.2982759,0.09296965040338072,0.03822512485593546,0.3624663849404533,0.23818670764502498,,0,True
SZ002642,6.9900007,0.71748906,0.4074145217057242,0.5845178640030734,0.9250864387245485,0.8565117172493277,量能动量;量能比,2,False
SZ002643,12.67,1.9048053,0.38301959277756437,0.3593930080676143,0.5418747598924318,0.27890895121014214,,0,True
SZ002644,8.18,0.46690425,0.06607760276603919,0.08547829427583557,0.30618517095658854,0.4765655013446024,,0,True
SZ002645,17.19,3.3905878,0.45639646561659625,0.49538993469074144,0.3680368805224741,0.6459854014598541,,0,True
SZ002646,7.0600004,0.7520052,0.7839031886285056,0.9761813292354975,0.9210526315789473,0.9613907030349597,量能波动;量能动量;量能比,3,False
SZ002647,11.339999,2.4069047,0.3361505954667691,0.7026507875528236,0.13061851709565886,0.9362274298885901,量能比,1,False
SZ002648,25.9,9.589024,0.560315021129466,0.6002689204763734,0.9004994237418363,0.3438340376488667,量能动量,1,False
SZ002649,9.19,1.0516335,0.24740683826354207,0.25720322704571646,0.1799846331156358,0.1828659239339224,,0,True
SZ002650,6.29,0.31164807,0.029197080291970802,0.3253937764118325,0.23031117940837495,0.961966961198617,量能比,1,False
SZ002651,7.87,2.0654128,0.7210910487898579,0.5124855935459086,0.23761044948136764,0.009220130618517095,,0,True
SZ002652,4.51,1.0599564,0.3807145601229351,0.059738762965808684,0.6283134844410296,0.08682289665770265,,0,True
SZ002653,61.93,3.1111155,0.13388398002305033,0.163465232424126,0.16500192086054552,0.5199769496734538,,0,True
SZ002654,12.65,5.134642,0.5781790242028428,0.31444487130234344,0.6371494429504418,0.25835574337303113,,0,True
SZ002655,34.37,9.545121,0.6436803688052247,0.46638494045332307,0.18075297733384557,0.22435651171724932,,0,True
SZ002656,2.82,0.3229344,0.4744525547445255,0.4429504417979255,0.8346139070303495,0.6525163273146369,量能动量,1,False
SZ002657,14.849999,1.2861586,0.541106415674222,0.530157510564733,0.09834805993084902,0.4498655397618133,,0,True
SZ002658,7.25,0.38388476,0.10295812524010757,0.2669996158278909,0.8949289281598156,0.45217057241644254,量能动量,1,False
SZ002659,4.7100005,0.61973816,0.5971955436035343,0.5628121398386478,0.8328851325393777,0.7591240875912408,量能动量,1,False
SZ002660,8.059999,1.2770535,0.7007299270072993,0.44333461390703033,0.7101421436803688,0.0032654629273914716,,0,True
SZ002661,7.5099993,1.1007886,0.5532078371110257,0.366692278140607,0.08336534767575873,0.025931617364579333,,0,True
SZ002662,3.1200001,0.3231143,0.25163273146369575,0.3390318862850557,0.7418363426815213,0.6659623511333077,,0,True
SZ002663,1.7600001,0.4541418,0.6553976181329235,0.5779869381482904,0.7894736842105263,0.815597387629658,量能比,1,False
SZ002664,14.320001,0.50624424,0.10968113714944296,0.1542451018056089,0.6867076450249712,0.4796388782174414,,0,True
SZ002666,4.22,0.42487043,0.22493276988090666,0.43219362274298884,0.6407990779869381,0.7846715328467153,,0,True
SZ002667,22.19,3.2585776,0.6060315021129467,0.8088743757203227,0.9387245485977718,0.9227814060699193,量能波动;量能动量;量能比,3,False
SZ002668,8.67,1.3308401,0.2320399538993469,0.2518248175182482,0.18325009604302728,0.4389166346523242,,0,True
SZ002669,14.029999,3.9055204,0.7562427967729543,0.747406838263542,0.6067998463311564,0.9314252785247791,量能比,1,False
SZ002670,11.23,3.8460727,0.6407990779869381,0.4177871686515559,0.38743757203227047,0.028812908182865925,,0,True
SZ002671,4.06,0.37308863,0.30810603150211296,0.2047637341529005,0.544563964656166,0.457164809834806,,0,True
SZ002672,3.6799996,0.5188234,0.5495582020745294,0.9024202842873608,0.9877064925086438,0.9967345370726085,量能波动;量能动量;量能比,3,False
SZ002673,6.5899997,1.5911819,0.6550134460238187,0.3839800230503265,0.42047637341529004,0.29927007299270075,,0,True
SZ002674,19.319998,2.4694676,0.6064156742220514,0.5355359200922013,0.2608528620822128,0.366692278140607,,0,True
SZ002675,12.749999,0.6232431,0.1279293123319247,0.11121782558586246,0.5578179024202843,0.48079139454475606,,0,True
SZ002676,5.19,0.49928063,0.1648098348059931,0.03803303880138302,0.5122935074913562,0.5443718786016135,,0,True
SZ002677,6.09,0.41984165,0.040722243565117174,0.25893200153668844,0.7105263157894737,0.9458317326162121,量能比,1,False
SZ002678,4.41,0.57955384,0.48271225509028043,0.04514022281982328,0.46177487514406457,0.06838263542066846,,0,True
SZ002679,11.290001,2.445355,0.7178255858624664,0.8641951594314253,0.9579331540530157,0.6577026507875529,量能波动;量能动量,2,False
SZ002681,4.49,1.904828,0.27890895121014214,0.45313100268920475,0.5297733384556281,0.4460238186707645,,0,True
SZ002682,4.92,1.2145743,0.5368805224740684,0.5543603534383403,0.7326162120630042,0.6803688052247406,,0,True
SZ002683,27.0,1.9810112,0.21283134844410295,0.21571263926238954,0.15923933922397235,0.20053784095274682,,0,True
SZ002685,5.2599998,1.5431223,0.5338071456012293,0.6529004994237418,0.006915097963887821,0.5785631963119477,,0,True
SZ002686,6.2000003,0.7061119,0.33883980023050325,0.11102573953131002,0.7233960814444871,0.15539761813292355,,0,True
SZ002687,5.6400003,1.1345308,0.43411448328851326,0.7568190549366116,0.4489051094890511,0.9466000768344218,量能比,1,False
SZ002688,5.14,0.6192131,0.3651555897041875,0.3603534383403765,0.19323857087975413,0.05743373031117941,,0,True
SZ002690,15.319999,0.6203685,0.015943142527852477,0.11294660007683442,0.8768728390318863,0.8305800998847483,量能动量;量能比,2,False
SZ002692,4.29,0.52645266,0.26680752977333844,0.42201306185170956,0.7524010756819055,0.5368805224740684,,0,True
SZ002693,8.96,1.2481599,0.5996926623127161,0.696696119861698,0.052247406838263545,0.7627737226277372,,0,True
SZ002695,10.570001,0.8511971,0.3167499039569727,0.43795620437956206,0.6667306953515175,0.5956588551671149,,0,True
SZ002696,6.5900006,2.2285116,0.8384556281213984,0.6949673453707261,0.18574721475220898,0.11390703034959662,量能水平,1,False
SZ002697,4.67,1.0939386,0.3380714560122935,0.08240491740299655,0.5044179792547061,0.08259700345754899,,0,True
SZ002698,11.0199995,0.8502971,0.27103342297349214,0.17499039569727237,0.6029581252401076,0.21955436035343834,,0,True
SZ002700,6.38,0.3215452,0.11582789089512101,0.13253937764118326,0.5169035728006147,0.34268152132155205,,0,True
SZ002701,4.2200003,0.88446534,0.28371110257395316,0.23895505186323474,0.7750672301190934,0.41471379177871687,,0,True
SZ002702,5.3199997,3.3033254,0.8071456012293508,0.5812524010756819,0.31348444102958123,0.10622358816749904,量能水平,1,False
SZ002703,15.169999,7.9070625,0.9043411448328851,0.9337303111794084,0.7360737610449481,0.4611986169804072,量能水平;量能波动,2,False
SZ002705,11.559999,0.770355,0.2835190165194007,0.7134076066077603,0.91260084517864,0.9560122935074914,量能动量;量能比,2,False
SZ002706,8.429999,2.348184,0.3555512869765655,0.320783711102574,0.0028812908182865925,0.052055320783711105,,0,True
SZ002707,5.02,1.1573726,0.38263542066845946,0.13945447560507107,0.4421820975797157,0.15827890895121013,,0,True
SZ002708,17.039999,7.476271,0.8446023818670765,0.8144448713023434,0.8578563196311948,0.2894736842105263,量能水平;量能波动;量能动量,3,False
SZ002709,31.08,11.386969,0.2942758355743373,0.13542066845946985,0.7877449097195544,0.6033422973492124,,0,True
SZ002712,5.13,0.96566945,0.6767191701882443,0.5495582020745294,0.9020361121782559,0.26392623895505185,量能动量,1,False
SZ002713,9.89,1.7669358,0.6788321167883211,0.6461774875144064,0.077794852093738,0.4412216673069535,,0,True
SZ002714,42.29,15.579248,0.4085670380330388,0.4585094122166731,0.8154053015751056,0.3513253937764118,量能动量,1,False
SZ002715,13.299999,0.3604658,0.12331924702266615,0.14675374567806376,0.6947752593161737,0.6021897810218978,,0,True
SZ002716,8.7300005,17.165073,0.9861698040722243,0.877641183250096,0.6112178255858625,0.12754514022281982,量能水平;量能波动,2,False
SZ002717,0.69000006,0.49012107,0.663465232424126,0.8474836726853631,0.01536688436419516,0.8882059162504802,量能波动;量能比,2,False
SZ002718,81.18,0.81906646,0.039953899346907414,0.3453707260852862,0.930080676142912,0.9183634268152132,量能动量;量能比,2,False
SZ002719,6.08,0.21556737,0.4688820591625048,0.4118325009604303,0.8786016135228583,0.36361890126776797,量能动量,1,False
SZ002721,2.5800002,3.4922867,0.9627353054168267,0.8349980791394545,0.30215136381098734,0.004610065309258548,量能水平;量能波动,2,False
SZ002722,13.190001,0.31047148,0.09200922013061852,0.11621206300422589,0.911256242796773,0.5933538225124856,量能动量,1,False
SZ002723,7.4199996,0.6223221,0.34748367268536307,0.17479830964271995,0.6496350364963503,0.796772954283519,,0,True
SZ002724,7.1499996,1.9870089,0.7575873991548213,0.7750672301190934,0.8227045716480983,0.9312331924702266,量能动量;量能比,2,False
SZ002725,11.02,0.38245043,0.1425278524779101,0.17787168651555896,0.8403764886669228,0.551094890510949,量能动量,1,False
SZ002726,2.3799999,1.3735442,0.7389550518632347,0.593930080676143,0.2656550134460238,0.2812139838647714,,0,True
SZ002727,10.639999,0.5280617,0.20687668075297733,0.11409911640414906,0.11813292354975029,0.2729542835190165,,0,True
SZ002728,9.72,1.5759336,0.4066461774875144,0.32424126008451787,0.16423357664233576,0.6600076834421821,,0,True
SZ002729,13.79,0.5099448,0.09854014598540146,0.08029197080291971,0.8252016903572801,0.3565117172493277,量能动量,1,False
SZ002730,20.72,2.1341264,0.2758355743373031,0.3478678447944679,0.1901651940069151,0.4289281598155974,,0,True
SZ002732,14.200001,0.2252491,0.08259700345754899,0.17710334229734923,0.5218978102189781,0.5503265462927391,,0,True
SZ002733,17.35,1.9194785,0.5128697656550134,0.5338071456012293,0.8822512485593546,0.5708797541298501,量能动量,1,False
SZ002734,18.64,4.4156055,0.5860545524394929,0.6273530541682674,0.5802919708029197,0.8334613907030349,量能比,1,False
SZ002735,10.65,3.822264,0.6371494429504418,0.6384940453323089,0.029581252401075682,0.3102189781021898,,0,True
SZ002736,9.72,1.9567773,0.6419515943142527,0.5626200537840953,0.2942758355743373,0.2896657702650788,,0,True
SZ002737,11.179999,0.5158244,0.24202842873607375,0.07376104494813676,0.361890126776796,0.25509028044563964,,0,True
SZ002738,43.31,9.458761,0.4460238186707645,0.5238186707645025,0.9245101805608913,0.7034191317710334,量能动量,1,False
SZ002739,8.290001,4.0331216,0.9446792162888974,0.6749903956972724,0.6805608912792931,0.22608528620822127,量能水平,1,False
SZ002741,26.5,7.776201,0.7585478294275836,0.8547829427583558,0.7107184018440261,0.9369957741067998,量能波动;量能比,2,False
SZ002742,4.1,2.4179566,0.8883980023050326,0.7785247791010372,0.028620822128313485,0.017864003073376874,量能水平,1,False
SZ002745,11.87,6.0986266,0.9733000384172109,0.8626584709950058,0.8891663465232424,0.4271993853246254,量能水平;量能波动;量能动量,3,False
SZ002746,6.21,1.1625118,0.13887821744141376,0.06050710718401844,0.8123319247022666,0.12716096811371494,量能动量,1,False
SZ002747,28.160002,8.065662,0.26162120630042257,0.3891663465232424,0.39857856319631196,0.5891279293123319,,0,True
SZ002748,12.0,0.490689,0.24779101037264695,0.13983864771417595,0.3013830195927776,0.3428736073761045,,0,True
SZ002749,8.37,0.27655393,0.025547445255474453,0.0036496350364963502,0.2975412985017288,0.028044563964656165,,0,True
SZ002752,6.03,0.7276324,0.28217441413753364,0.15520553207837112,0.2114867460622359,0.11121782558586246,,0,True
SZ002753,6.6800003,0.5768077,0.2620053784095275,0.23415290049942375,0.23645793315405303,0.19150979638878218,,0,True
SZ002755,12.320001,1.6740949,0.506530925854783,0.8555512869765655,0.006146753745678064,0.8868613138686131,量能波动;量能比,2,False
SZ002756,38.649998,3.0840662,0.46023818670764505,0.2958125240107568,0.8376872839031886,0.7233960814444871,量能动量,1,False
SZ002757,18.869999,4.667572,0.7441413753361505,0.9279677295428352,0.9400691509796388,0.9375720322704572,量能波动;量能动量;量能比,3,False
SZ002758,8.41,0.96721655,0.39608144448713023,0.2502881290818287,0.5299654245101806,0.043411448328851326,,0,True
SZ002759,13.650001,2.4278014,0.6004610065309258,0.4829043411448329,0.5320783711102574,0.5290049942374183,,0,True
SZ002760,17.800001,0.552673,0.211102573953131,0.07913945447560507,0.7199385324625432,0.13157894736842105,,0,True
SZ002761,7.390001,1.0882559,0.3075297733384556,0.5001920860545525,0.8250096043027276,0.4767575873991548,量能动量,1,False
SZ002762,9.2699995,0.7941993,0.3446023818670764,0.4231655781790242,0.9001152516327314,0.5457164809834806,量能动量,1,False
SZ002763,7.3700004,0.3048339,0.12562427967729542,0.08912792931233192,0.49154821359969264,0.4606223588167499,,0,True
SZ002765,6.8200006,0.7835608,0.3736073761044948,0.27833269304648484,0.06050710718401844,0.05570495582020745,,0,True
SZ002766,4.03,0.88949543,0.6263926238955052,0.5697272378025355,0.8945447560507107,0.3117556665386093,量能动量,1,False
SZ002767,18.390001,0.44196767,0.18997310795236266,0.39281598155973874,0.06146753745678064,0.7988859008835959,,0,True
SZ002768,71.02,5.5462837,0.26431041106415676,0.36765270841336917,0.8547829427583558,0.9404533230887437,量能动量;量能比,2,False
SZ002769,6.82,1.0423676,0.6267767960046101,0.36976565501344605,0.4640799077986938,0.14329619669611987,,0,True
SZ002771,14.0199995,1.2680144,0.3993469074145217,0.3355743373031118,0.7741067998463311,0.18593930080676144,,0,True
SZ002772,10.39,1.9640931,0.6632731463695736,0.4162504802151364,0.5382251248559354,0.06319631194775259,,0,True
SZ002773,22.349998,1.3333833,0.37437572032270455,0.8620822128313484,0.9719554360353438,0.9660007683442182,量能波动;量能动量;量能比,3,False
SZ002774,16.76,1.8867176,0.48655397618132923,0.6215904725316942,0.01901651940069151,0.704955820207453,,0,True
SZ002775,3.4199998,0.35190693,0.3440261237034191,0.24049174029965426,0.8027276219746446,0.585670380330388,量能动量,1,False
SZ002777,12.700001,0.55754477,0.03534383403764887,0.050134460238186705,0.7600845178640031,0.5447560507107184,,0,True
SZ002778,15.88,0.48838755,0.12082212831348445,0.058970418747598924,0.2579715712639262,0.08278908951210143,,0,True
SZ002779,76.350006,2.2663143,0.10142143680368805,0.19323857087975413,0.5660776027660391,0.7656550134460238,,0,True
SZ002780,14.640001,1.0422276,0.3267383787936996,0.3945447560507107,0.040530157510564734,0.6286976565501344,,0,True
SZ002782,14.35,1.134356,0.15751056473300037,0.12812139838647715,0.5101805608912793,0.6676911256242797,,0,True
SZ002783,8.05,0.61230373,0.4494813676527084,0.2913945447560507,0.10276603918555513,0.40088359585094124,,0,True
SZ002785,34.93,3.160306,0.14079907798693814,0.22839031886285055,0.46369573568958894,0.8257779485209373,量能比,1,False
SZ002786,7.5899997,0.5487841,0.21071840184402613,0.2095658855167115,0.07625816365731848,0.3701498271225509,,0,True
SZ002787,25.400002,4.745706,0.7038033038801383,0.6286976565501344,0.3252016903572801,0.2535535920092201,,0,True
SZ002788,10.57,1.4727274,0.585670380330388,0.6069919323857088,0.4262389550518632,0.6805608912792931,,0,True
SZ002789,14.26,0.4763645,0.43661160199769494,0.4861698040722244,0.7769880906646177,0.22992700729927007,,0,True
SZ002790,6.49,1.8939875,0.7913945447560508,0.7650787552823665,0.1974644640799078,0.5247791010372647,,0,True
SZ002791,15.67,0.5590646,0.46926623127160966,0.5641567422205148,0.7429888590088359,0.8958893584325778,量能比,1,False
SZ002792,30.269999,9.440857,0.8924318094506339,0.9694583173261622,0.008067614291202459,0.7287744909719555,量能水平;量能波动,2,False
SZ002793,4.8,1.0620261,0.6091048789857856,0.6294660007683442,0.5555128697656551,0.8246254321936227,量能比,1,False
SZ002795,7.3999996,1.6050636,0.617556665386093,0.6934306569343066,0.013061851709565886,0.6469458317326162,,0,True
SZ002796,26.61,3.5022554,0.5601229350749135,0.49596619285439875,0.382443334613907,0.3434498655397618,,0,True
SZ002797,6.11,2.7402852,0.9202842873607376,0.8278908951210142,0.20937379946215906,0.19535151747983096,量能水平;量能波动,2,False
SZ002798,6.59,0.77480304,0.3689973107952363,0.2723780253553592,0.8682289665770265,0.4195159431425278,量能动量,1,False
SZ002799,7.55,0.3753237,0.10910487898578564,0.5532078371110257,0.9852093737994622,0.8755282366500192,量能动量;量能比,2,False
SZ002800,14.889999,0.3888146,0.03668843641951594,0.01536688436419516,0.7629658086822897,0.19765655013446023,,0,True
SZ002801,26.689999,0.2568903,0.002689204763734153,0.01863234729158663,0.7887053399923165,0.5854782942758355,,0,True
SZ002802,12.42,0.2628965,0.032654629273914715,0.03860929696504034,0.7116788321167883,0.6189012677679601,,0,True
SZ002803,21.19,2.5032551,0.19688820591625047,0.3595850941221667,0.950633883980023,0.8883980023050326,量能动量;量能比,2,False
SZ002805,15.700001,1.3511206,0.16903572800614675,0.28870533999231657,0.882443334613907,0.5589704187475989,量能动量,1,False
SZ002806,14.95,1.1875027,0.24683058009988476,0.27948520937379945,0.12466384940453323,0.518824433346139,,0,True
SZ002807,4.1600003,1.9156096,0.7372262773722628,0.5278524779101037,0.8017671917018825,0.23914713791778716,量能动量,1,False
SZ002809,8.55,0.43692556,0.3718786016135229,0.2781406069919324,0.6440645409143296,0.39416058394160586,,0,True
SZ002810,20.070002,0.7696464,0.03803303880138302,0.03688052247406838,0.47733384556281216,0.4594698424894353,,0,True
SZ002811,16.42,2.284028,0.7214752208989628,0.7800614675374568,0.4114483288513254,0.7497118709181714,,0,True
SZ002812,45.59,6.364192,0.6442566269688821,0.38148290434114485,0.7614291202458702,0.32827506723011907,,0,True
SZ002813,26.380001,0.4616705,0.07510564733000384,0.6469458317326162,0.9976949673453708,0.9792547061083365,量能动量;量能比,2,False
SZ002815,24.439999,18.912966,0.9855935459085671,0.9266231271609681,0.8067614291202458,0.33595850941221667,量能水平;量能波动;量能动量,3,False
SZ002816,21.9,0.3201674,0.05436035343834038,0.2814060699193239,0.6189012677679601,0.7433730311179408,,0,True
SZ002817,6.8400006,0.2835034,0.10065309258547829,0.05359200922013062,0.551094890510949,0.495197848636189,,0,True
SZ002818,11.129999,0.52063686,0.3551671148674606,0.6142912024587015,0.9713791778716865,0.7151363810987322,量能动量,1,False
SZ002819,24.679998,1.579592,0.20822128313484442,0.7685363042643104,0.9975028812908183,0.9944295044179793,量能动量;量能比,2,False
SZ002820,9.82,0.9344614,0.6359969266231271,0.32808298117556667,0.6659623511333077,0.09277756434882828,,0,True
SZ002821,179.12001,15.613169,0.6638494045332309,0.3422973492124472,0.5153668843641952,0.3739915482135997,,0,True
SZ002823,12.75,0.40873224,0.13945447560507107,0.1765270841336919,0.40299654245101807,0.5752977333845563,,0,True
SZ002824,25.230001,5.86381,0.687475989243181,0.549366116019977,0.04878985785631963,0.12178255858624663,,0,True
SZ002825,9.25,0.58329314,0.13734152900499424,0.05647330003841721,0.617556665386093,0.041682673837879367,,0,True
SZ002826,17.66,0.65455306,0.1628889742604687,0.5036496350364964,0.8469074145217057,0.7424126008451787,量能动量,1,False
SZ002827,62.04,8.931964,0.5503265462927391,0.6924702266615443,0.9765655013446024,0.863618901267768,量能动量;量能比,2,False
SZ002828,10.83,1.4427257,0.6409911640414906,0.6732616212063004,0.3167499039569727,0.08874375720322704,,0,True
SZ002829,19.41,1.1413404,0.3722627737226277,0.27929312331924705,0.27698809066461777,0.14829043411448328,,0,True
SZ002830,15.0199995,0.5767032,0.15347675758739915,0.12389550518632347,0.11409911640414906,0.1527084133691894,,0,True
SZ002831,27.820002,2.6813636,0.685747214752209,0.6776796004610065,0.48693814829043414,0.44717633499807913,,0,True
SZ002832,25.279999,1.5907656,0.22992700729927007,0.1901651940069151,0.8732232039953899,0.21091048789857855,量能动量,1,False
SZ002833,18.779999,0.6367907,0.024971187091817133,0.10910487898578564,0.9585094122166731,0.5395697272378025,量能动量,1,False
SZ002835,13.28,0.28906924,0.06434882827506723,0.08009988474836727,0.8857087975412985,0.4888590088359585,量能动量,1,False
SZ002836,12.23,1.2151527,0.20706876680752978,0.3263542066845947,0.2047637341529005,0.9840568574721476,量能比,1,False
SZ002837,55.579998,27.097239,0.4861698040722244,0.520553207837111,0.4546676911256243,0.22243565117172492,,0,True
SZ002838,24.130001,1.2571815,0.09181713407606608,0.08106031502112947,0.44141375336150596,0.4781021897810219,,0,True
SZ002839,4.25,1.3453566,0.6348444102958125,0.37091817134076066,0.6210142143680368,0.1590472531694199,,0,True
SZ002840,7.9799995,1.8268172,0.5134460238186708,0.7458701498271225,0.25835574337303113,0.6842105263157895,,0,True
SZ002841,44.48,3.239016,0.592201306185171,0.44026123703419134,0.7297349212447176,0.5724164425662697,,0,True
SZ002842,31.09,8.549798,0.701498271225509,0.6292739147137918,0.20015366884364194,0.1425278524779101,,0,True
SZ002843,14.889999,1.2538681,0.22839031886285055,0.27391471379177873,0.7890895121014214,0.3257779485209374,,0,True
SZ002845,13.86,0.963035,0.35286208221283133,0.47349212447176336,0.09008835958509412,0.619285439877065,,0,True
SZ002846,11.880001,1.6915812,0.4268152132155206,0.35708797541298504,0.8290434114483288,0.890703034959662,量能动量;量能比,2,False
SZ002847,42.850002,1.0652038,0.03054168267383788,0.005186323472915867,0.28217441413753364,0.09124087591240876,,0,True
SZ002848,14.88,2.4314206,0.7072608528620822,0.6035343834037649,0.09815597387629658,0.3092585478294276,,0,True
SZ002849,23.22,3.4417744,0.674414137533615,0.88897426046869,0.7873607376104494,0.9683058009988474,量能波动;量能比,2,False
SZ002850,158.17001,5.4167943,0.6052631578947368,0.8263542066845947,0.9815597387629658,0.7159047253169419,量能波动;量能动量,2,False
SZ002851,118.5,35.2198,0.8100268920476373,0.8405685747214752,0.8532462543219362,0.6667306953515175,量能水平;量能波动;量能动量,3,False
SZ002852,8.6,1.4822085,0.9062620053784095,0.9594698424894352,0.971187091817134,0.5462927391471379,量能水平;量能波动;量能动量,3,False
SZ002853,20.88,0.26868388,0.08374951978486361,0.10449481367652709,0.8762965808682289,0.3399923165578179,量能动量,1,False
SZ002855,12.58,3.6488883,0.8109873223203995,0.7030349596619285,0.2057241644256627,0.052247406838263545,量能水平,1,False
SZ002856,18.380001,1.6940786,0.6121782558586246,0.7802535535920092,0.6907414521705724,0.583941605839416,,0,True
SZ002857,17.8,0.3434748,0.05724164425662697,0.049942374183634265,0.47291586630810606,0.4944295044179793,,0,True
SZ002858,11.660001,0.5481762,0.20399538993469074,0.22531694199001154,0.8280829811755667,0.5480215136381099,量能动量,1,False
SZ002859,59.780003,9.56239,0.7064925086438725,0.6801767191701883,0.08355743373031117,0.4548597771801767,,0,True
SZ002861,14.25,0.6659007,0.49308490203611216,0.354014598540146,0.6578947368421053,0.46580868228966577,,0,True
SZ002862,15.160001,1.2606972,0.3974260468689973,0.3701498271225509,0.8670764502497119,0.07817902420284287,量能动量,1,False
SZ002863,4.8000007,0.43222252,0.2447176334998079,0.011909335382251248,0.8059930849020361,0.3761044948136765,量能动量,1,False
SZ002864,20.9,0.44607568,0.09431425278524778,0.04437187860161352,0.11448328851325394,0.2685363042643104,,0,True
SZ002865,36.010002,2.1280017,0.3205916250480215,0.15290049942374184,0.6123703419131771,0.5138301959277757,,0,True
SZ002866,15.360001,0.7197319,0.3472915866308106,0.6978486361890127,0.979446792162889,0.8313484441029582,量能动量;量能比,2,False
SZ002867,10.05,0.8085856,0.42643104110641566,0.31098732232039955,0.6686515558970418,0.41432961966961196,,0,True
SZ002868,22.0,1.1458644,0.47483672685363043,0.1882443334613907,0.25067230119093353,0.008451786400307337,,0,True
SZ002869,17.03,0.6374561,0.4588935843257779,0.8768728390318863,0.22358816749903956,0.979446792162889,量能波动;量能比,2,False
SZ002871,17.44,0.8135247,0.10948905109489052,0.23472915866308106,0.31636573184786787,0.3720706876680753,,0,True
SZ002872,6.1200004,0.24369656,0.5299654245101806,0.6037264694583173,0.8885900883595851,0.39819439108720706,量能动量,1,False
SZ002873,8.55,0.42582577,0.2247406838263542,0.24375720322704572,0.26162120630042257,0.7018824433346139,,0,True
SZ002875,12.87,0.72236186,0.48463311563580486,0.26392623895505185,0.6807529773338455,0.08048405685747215,,0,True
SZ002876,31.330002,1.4035869,0.430080676142912,0.3484441029581252,0.17864003073376872,0.326930464848252,,0,True
SZ002877,7.5299997,0.34950244,0.07971571263926239,0.038993469074145214,0.5388013830195928,0.3818670764502497,,0,True
SZ002878,12.86,0.61909884,0.16865155589704187,0.2203227045716481,0.9419900115251633,0.5530157510564733,量能动量,1,False
SZ002879,17.16,1.5374537,0.7076450249711871,0.8949289281598156,0.9085670380330388,0.9233576642335767,量能波动;量能动量;量能比,3,False
SZ002880,21.730001,0.59770584,0.2748751440645409,0.27794852093737993,0.5847099500576258,0.3749519784863619,,0,True
SZ002881,41.95,5.1444993,0.4295044179792547,0.387245485977718,0.14579331540530158,0.145985401459854,,0,True
SZ002882,24.510002,3.777114,0.6544371878601614,0.6886285055704956,0.9110641567422205,0.15482135996926624,量能动量,1,False
SZ002884,15.260001,0.23499925,0.01517479830964272,0.015751056473300037,0.5007683442182097,0.31828659239339224,,0,True
SZ002885,26.529999,5.423025,0.6819054936611602,0.4216288897426047,0.3478678447944679,0.11006530925854784,,0,True
SZ002886,24.740002,11.538003,0.8928159815597387,0.8344218209757972,0.155589704187476,0.15501344602381867,量能水平;量能波动,2,False
SZ002887,8.839999,0.44658744,0.39704187475989244,0.767960046100653,0.9915482135996927,0.9306569343065694,量能动量;量能比,2,False
SZ002888,18.72,0.79788023,0.13061851709565886,0.06569343065693431,0.7134076066077603,0.09930849020361122,,0,True
SZ002889,12.079999,0.23643243,0.029389166346523242,0.021513638109873223,0.7043795620437956,0.47483672685363043,,0,True
SZ002890,15.169999,0.37177297,0.0539761813292355,0.10353438340376489,0.2894736842105263,0.1615443718786016,,0,True
SZ002891,27.32,1.8079944,0.33980023050326547,0.32616212063004224,0.017095658855167114,0.4101037264694583,,0,True
SZ002892,8.54,0.41954944,0.03553592009220131,0.0384172109104879,0.47541298501728774,0.5157510564733,,0,True
SZ002893,10.29,1.9559574,0.6611601997694967,0.32116788321167883,0.8540145985401459,0.016327314636957357,量能动量,1,False
SZ002895,29.980001,1.3771333,0.18862850557049557,0.11064156742220514,0.4742604686899731,0.20322704571648098,,0,True
SZ002896,60.86,3.4816134,0.2451018056089128,0.5024971187091817,0.927007299270073,0.825585862466385,量能动量;量能比,2,False
SZ002897,58.46,10.372103,0.8659239339223972,0.7364579331540531,0.06300422589320015,0.11621206300422589,量能水平,1,False
SZ002899,20.480001,0.89049137,0.5802919708029197,0.4200922013061852,0.2831348444102958,0.4339223972339608,,0,True
SZ002900,12.98,1.8090016,0.8086822896657703,0.9149058778332693,0.8298117556665386,0.9635036496350365,量能水平;量能波动;量能动量;量能比,4,False
SZ002901,40.559998,0.51349324,0.07280061467537456,0.14137533615059547,0.790242028428736,0.8837879369957741,量能比,1,False
SZ002902,26.15,7.5110145,0.9076066077602766,0.842681521321552,0.05378409527468306,0.33653476757587397,量能水平;量能波动,2,False
SZ002903,28.619999,3.2642598,0.6694199001152517,0.4765655013446024,0.18440261237034192,0.06646177487514407,,0,True
SZ002905,8.849999,0.7469557,0.6208221283134845,0.6492508643872454,0.18901267767960045,0.2378025355359201,,0,True
SZ002906,26.71,1.8859024,0.6484825201690357,0.4811755666538609,0.34172109104878984,0.18248175182481752,,0,True
SZ002907,14.42,1.6523609,0.46043027276219745,0.7330003841721091,0.06684594698424895,0.7873607376104494,,0,True
SZ002908,7.1300006,0.3188841,0.04629273914713792,0.08682289665770265,0.6963119477525932,0.4517864003073377,,0,True
SZ002909,7.0499997,5.8384047,0.861890126776796,0.9275835574337303,0.9473684210526315,0.4955820207452939,量能水平;量能波动;量能动量,3,False
SZ002910,10.099999,0.8959235,0.5451402228198233,0.31002689204763734,0.6915097963887822,0.08374951978486361,,0,True
SZ002911,11.13,0.5553199,0.1780637725701114,0.193622742988859,0.9131771033422974,0.4752208989627353,量能动量,1,False
SZ002912,29.119999,3.54278,0.8179024202842874,0.9360353438340376,0.866692278140607,0.928736073761045,量能水平;量能波动;量能动量;量能比,4,False
SZ002913,91.08,9.538267,0.8303880138301959,0.8179024202842874,0.1628889742604687,0.7281982328082981,量能水平;量能波动,2,False
SZ002915,16.27,1.6483362,0.23031117940837495,0.10238186707645025,0.43661160199769494,0.03399923165578179,,0,True
SZ002916,375.6,30.031403,0.5497502881290818,0.5368805224740684,0.5612754514022282,0.7022666154437188,,0,True
SZ002917,10.06,0.29642397,0.06780637725701114,0.0768344218209758,0.641567422205148,0.37475989243180946,,0,True
SZ002918,10.5199995,2.387501,0.8972339608144448,0.8077218593930081,0.33058009988474835,0.4218209757971571,量能水平;量能波动,2,False
SZ002919,16.1,0.5297924,0.050518632347291585,0.06204379562043796,0.8140606991932385,0.6692278140606992,量能动量,1,False
SZ002920,79.25001,4.8570924,0.7233960814444871,0.6872839031886285,0.9462159047253169,0.23933922397233962,量能动量,1,False
SZ002921,19.83,0.97977394,0.3390318862850557,0.21628889742604687,0.5743373031117941,0.40818286592393394,,0,True
SZ002922,21.48,3.8402207,0.7105263157894737,0.6626968882059162,0.30714560122935075,0.2241644256626969,,0,True
SZ002923,10.7,0.5689251,0.1834421820975797,0.2114867460622359,0.15962351133307723,0.6563580484056858,,0,True
SZ002925,22.5,3.2070627,0.8027276219746446,0.6876680752977334,0.4216288897426047,0.4156742220514791,量能水平,1,False
SZ002926,8.150001,1.2094109,0.7650787552823665,0.7754514022281982,0.1590472531694199,0.5015366884364195,,0,True
SZ002927,19.29,2.056929,0.550710718401844,0.6119861698040723,0.1152516327314637,0.7877449097195544,,0,True
SZ002928,6.1200004,1.4488592,0.877641183250096,0.9066461774875144,0.5170956588551671,0.7975412985017287,量能水平;量能波动,2,False
SZ002929,47.39,3.618063,0.8311563580484057,0.8303880138301959,0.4268152132155206,0.5251632731463696,量能水平;量能波动,2,False
SZ002930,9.030001,0.6546898,0.25336150595466767,0.09508259700345754,0.5789473684210527,0.1142912024587015,,0,True
SZ002931,38.99,1.8802917,0.1917018824433346,0.26776796004610065,0.5843257779485209,0.6050710718401844,,0,True
SZ002933,27.94,0.43071297,0.31060315021129464,0.15059546676911256,0.6334998079139454,0.3340376488666923,,0,True
SZ002935,18.11,1.2677065,0.32155205532078374,0.815597387629658,0.9884748367268537,0.9917402996542451,量能波动;量能动量;量能比,3,False
SZ002936,1.7100002,1.6393819,0.9352669996158279,0.9312331924702266,0.7652708413369189,0.3563196311947753,量能水平;量能波动,2,False
SZ002937,26.18,2.9676154,0.5194006915097964,0.7969650403380715,0.9725316941990012,0.9644640799077987,量能动量;量能比,2,False
SZ002938,79.95,18.951172,0.933154053015751,0.8789857856319632,0.4231655781790242,0.5820207452938917,量能水平;量能波动,2,False
SZ002939,7.69,1.2965724,0.6728774490971955,0.6048789857856319,0.13311563580484057,0.26546292739147137,,0,True
SZ002940,22.23,2.346174,0.6830580099884749,0.5432193622742989,0.14886669227814062,0.03495966192854399,,0,True
SZ002941,10.46,0.8090939,0.4573568958893584,0.2973492124471763,0.8434498655397619,0.4878985785631963,量能动量,1,False
SZ002942,16.53,1.6465008,0.6488666922781406,0.31252401075681907,0.3200153668843642,0.002305032654629274,,0,True
SZ002943,28.76,2.8217626,0.59527468305801,0.4485209373799462,0.49692662312716096,0.44026123703419134,,0,True
SZ002945,14.13,3.1045072,0.6039185555128698,0.7178255858624664,0.059738762965808684,0.155589704187476,,0,True
SZ002946,14.25,0.68892056,0.18613138686131386,0.22262773722627738,0.7468305800998848,0.3497887053399923,,0,True
SZ002947,57.95,5.6296806,0.6575105647330004,0.528812908182866,0.2577794852093738,0.16845946984248944,,0,True
SZ002948,6.0499997,2.2745037,0.7399154821359969,0.7059162504802151,0.7802535535920092,0.47867844794467923,,0,True
SZ002949,13.740001,1.2790768,0.6434882827506723,0.4417979254706108,0.7293507491356127,0.16557817902420285,,0,True
SZ002950,8.42,0.45639133,0.3161736457933154,0.3363426815213216,0.3684210526315789,0.6146753745678064,,0,True
SZ002951,15.780001,0.83768535,0.40472531694199,0.7808298117556666,0.9412216673069536,0.9594698424894352,量能动量;量能比,2,False
SZ002952,19.28,1.3999914,0.6563580484056858,0.39704187475989244,0.3228966577026508,0.042258932001536686,,0,True
SZ002953,9.94,1.6737585,0.5583941605839416,0.3292354975028813,0.15674222051479061,0.02266615443718786,,0,True
SZ002955,36.030003,2.4868324,0.8494045332308875,0.8040722243565117,0.17921628889742605,0.3640030733768728,量能水平;量能波动,2,False
SZ002956,17.449999,0.980437,0.43795620437956206,0.48271225509028043,0.12812139838647715,0.5097963887821744,,0,True
SZ002957,36.35,8.031494,0.9248943526699962,0.9807913945447561,0.4517864003073377,0.9175950825970035,量能水平;量能波动;量能比,3,False
SZ002958,2.9099998,2.2596397,0.9012677679600462,0.45985401459854014,0.7543219362274299,0.21897810218978103,量能水平,1,False
SZ002959,35.550003,0.34067288,0.19381482904341144,0.8897426046868997,0.9998079139454475,0.996542451018056,量能波动;量能动量;量能比,3,False
SZ002960,8.450001,0.6616314,0.30234344986553974,0.4506338839800231,0.051479062620053785,0.7059162504802151,,0,True
SZ002961,13.530001,2.0826817,0.4677295428351902,0.07721859393008068,0.3019592777564349,0.46868997310795235,,0,True
SZ002962,14.7,1.514415,0.7022666154437188,0.9804072224356511,0.995197848636189,0.9717633499807914,量能波动;量能动量;量能比,3,False
SZ002963,22.63,2.1229475,0.8978102189781022,0.8720706876680753,0.4056857472147522,0.501728774490972,量能水平;量能波动,2,False
SZ002965,30.000002,3.840576,0.8465232424126008,0.8795620437956204,0.002305032654629274,0.6711486746062236,量能水平;量能波动,2,False
SZ002966,9.2300005,3.1803148,0.8567038033038802,0.7295428351901652,0.7641183250096043,0.3169419900115252,量能水平,1,False
SZ002967,17.65,0.74928373,0.1304264310411064,0.503073376872839,0.9427583557433731,0.9394928928159816,量能动量;量能比,2,False
SZ002968,9.889999,0.40560165,0.28582404917403,0.5468689973107952,0.9053015751056473,0.9116404149058779,量能动量;量能比,2,False
SZ002969,10.7300005,3.7385082,0.7101421436803688,0.5334229734921244,0.542835190165194,0.07222435651171726,,0,True
SZ002970,40.649998,2.0983508,0.6271609681137149,0.59527468305801,0.6421436803688052,0.3993469074145217,,0,True
SZ002971,40.820004,7.733129,0.8167499039569728,0.8319247022666154,0.6505954667691125,0.8338455628121398,量能水平;量能波动;量能比,3,False
SZ002972,13.12,0.9969934,0.48194391087207067,0.4733000384172109,0.8292354975028813,0.314252785247791,量能动量,1,False
SZ002973,12.19,1.2149856,0.47733384556281216,0.41356127545140225,0.0539761813292355,0.14617748751440646,,0,True
SZ002975,102.05,12.576768,0.8242412600845178,0.7896657702650788,0.5547445255474452,0.631578947368421,量能水平,1,False
SZ002976,22.8,2.6076903,0.7614291202458702,0.8972339608144448,0.0704955820207453,0.7802535535920092,量能波动,1,False
SZ002978,24.650002,0.48036483,0.40683826354206687,0.23703419131771034,0.583941605839416,0.2266615443718786,,0,True
SZ002979,51.76,2.967766,0.3219362274298886,0.23607376104494815,0.539761813292355,0.331732616212063,,0,True
SZ002980,106.62,14.153768,0.7283903188628505,0.676142912024587,0.24087591240875914,0.4805993084902036,,0,True
SZ002981,23.62,0.95467097,0.42547061083365345,0.8267383787936996,0.09316173645793316,0.9569727237802536,量能波动;量能比,2,False
SZ002982,12.68,0.57317686,0.5558970418747599,0.44256626968882057,0.7343449865539762,0.3980023050326546,,0,True
SZ002983,21.919998,0.5279041,0.1323472915866308,0.12427967729542835,0.016711486746062237,0.2673837879369958,,0,True
SZ002984,12.84,1.1032523,0.7126392623895506,0.5814444871302343,0.4892431809450634,0.2466384940453323,,0,True
SZ002985,26.099998,1.3253988,0.4310411064156742,0.4003073376872839,0.858816749903957,0.2353054168267384,量能动量,1,False
SZ002986,12.590001,0.6432598,0.5557049558202074,0.6571263926238955,0.13599692662312715,0.30330388013830195,,0,True
SZ002987,10.59,1.4998575,0.4129850172877449,0.39320015366884364,0.17210910487898579,0.1342681521321552,,0,True
SZ002988,31.08,2.2172346,0.6244717633499808,0.26546292739147137,0.33442182097579715,0.02631578947368421,,0,True
SZ002989,23.6,1.8489598,0.796772954283519,0.9231655781790242,0.8357664233576643,0.9679216288897426,量能波动;量能动量;量能比,3,False
SZ002990,54.100002,4.5293164,0.8213599692662312,0.844410295812524,0.8686131386861314,0.9550518632347291,量能水平;量能波动;量能动量;量能比,4,False
SZ002991,36.88,0.32658845,0.23741836342681522,0.24875144064540913,0.2646945831732616,0.12850557049558203,,0,True
SZ002992,33.100002,0.555528,0.2402996542451018,0.46196696119861697,0.4644640799077987,0.8374951978486362,量能比,1,False
SZ002993,32.840004,1.6832845,0.6517479830964272,0.5637725701114099,0.34556281213983864,0.5094122166730696,,0,True
SZ002995,17.330002,1.283683,0.6582789089512101,0.711102573953131,0.47195543603534384,0.6085286208221283,,0,True
SZ002996,5.92,0.38111785,0.3557433730311179,0.07760276603918556,0.6233192470226662,0.17249327698809067,,0,True
SZ002997,25.699999,1.0338931,0.3958893584325778,0.19150979638878218,0.18459469842489434,0.027660391855551286,,0,True
SZ002999,6.36,2.146506,0.788897426046869,0.3405685747214752,0.15520553207837112,0.001152516327314637,,0,True
SZ003000,9.38,0.3851716,0.11774875144064541,0.15635804840568573,0.33864771417595085,0.2764118325009604,,0,True
SZ003001,20.42,2.5044472,0.8749519784863619,0.8901267767960046,0.607952362658471,0.9187475989243181,量能水平;量能波动;量能比,3,False
SZ003002,15.879999,1.8190571,0.6164041490587784,0.4533230887437572,0.3374951978486362,0.08989627353054168,,0,True
SZ003003,11.28,0.35894993,0.28812908182865926,0.2320399538993469,0.8284671532846716,0.7347291586630811,量能动量,1,False
SZ003004,61.25,1.5317862,0.4250864387245486,0.41432961966961196,0.4877064925086439,0.552439492892816,,0,True
SZ003005,15.15,3.8836842,0.9515943142527853,0.9425662696888206,0.44775259316173643,0.21033422973492125,量能水平;量能波动,2,False
SZ003006,21.71,7.1036186,0.8818670764502498,0.5795236265847099,0.7735305416826739,0.8803303880138302,量能水平;量能比,2,False
SZ003007,40.55,0.70264703,0.27660391855551286,0.25105647330003844,0.5574337303111794,0.5489819439108721,,0,True
SZ003008,19.900002,0.24020192,0.19708029197080293,0.1250480215136381,0.4976949673453707,0.3292354975028813,,0,True
SZ003009,44.73,1.5732211,0.39320015366884364,0.23088743757203228,0.37475989243180946,0.17691125624279677,,0,True
SZ003010,27.829998,2.0139549,0.33038801383019595,0.3246254321936227,0.7308874375720322,0.4971187091817134,,0,True
SZ003011,20.08,0.4668202,0.5061467537456781,0.7203227045716482,0.5641567422205148,0.9206684594698424,量能比,1,False
SZ003012,4.63,0.38179055,0.6204379562043796,0.6187091817134076,0.8163657318478679,0.7187860161352286,量能动量,1,False
SZ003013,16.0,1.7870843,0.7475989243180945,0.8004225893200154,0.10161352285824049,0.33096427199385325,量能波动,1,False
SZ003015,12.28,0.4756137,0.18593930080676144,0.22109104878985786,0.6644256626968882,0.6025739531310027,,0,True
SZ003016,7.4599996,0.37305367,0.36208221283134845,0.5217057241644256,0.19439108720706877,0.5829811755666539,,0,True
SZ003017,22.809998,0.32598495,0.17153284671532848,0.1089127929312332,0.38820591625048023,0.6655781790242028,,0,True
SZ003018,44.949997,8.49675,0.733384556281214,0.6039185555128698,0.2022666154437188,0.08106031502112947,,0,True
SZ003019,26.660002,1.0482963,0.5295812524010757,0.4289281598155974,0.13253937764118326,0.30368805224740686,,0,True
SZ003020,16.95,0.5923789,0.2552823665001921,0.39608144448713023,0.08125240107568191,0.6598155973876296,,0,True
SZ003021,69.09,1.9743419,0.668267383787937,0.7673837879369958,0.2961966961198617,0.6865155589704187,,0,True
SZ003022,18.28,1.3270781,0.5180560891279293,0.41759508259700345,0.4878985785631963,0.6953515174798309,,0,True
SZ003023,25.189999,0.63801455,0.37264694583173263,0.2764118325009604,0.8209757971571264,0.18209757971571264,量能动量,1,False
SZ003025,12.239999,0.3105394,0.08202074529389167,0.15309258547829427,0.9177871686515559,0.7633499807913946,量能动量,1,False
SZ003026,33.32,6.0342484,0.7641183250096043,0.8732232039953899,0.0622358816749904,0.9529389166346524,量能波动;量能比,2,False
SZ003027,16.83,0.24046904,0.3323088743757203,0.42931233192470225,0.9106799846331156,0.620630042258932,量能动量,1,False
SZ003028,23.81,0.29833767,0.15251632731463696,0.09719554360353438,0.3807145601229351,0.29389166346523243,,0,True
SZ003029,17.980001,1.2964153,0.631578947368421,0.5412985017287745,0.8611217825585863,0.7103342297349212,量能动量,1,False
SZ003030,25.83,0.8179183,0.42912024587014985,0.6073761044948137,0.7157126392623896,0.6926623127160968,,0,True
SZ003031,118.57,12.9859495,0.5036496350364964,0.40376488666922783,0.26546292739147137,0.4450633883980023,,0,True
SZ003032,8.68,4.9056735,0.9648482520169036,0.9850172877449097,0.21897810218978103,0.7481751824817519,量能水平;量能波动,2,False
SZ003033,86.590004,1.907144,0.46081444487130235,0.5958509412216673,0.45582020745293894,0.8543987706492508,量能比,1,False
SZ003035,5.26,2.5572927,0.5388013830195928,0.5026892047637341,0.13100268920476374,0.08317326162120631,,0,True
SZ003036,46.46,5.2028313,0.46965040338071457,0.5774106799846331,0.9517864003073376,0.8847483672685363,量能动量;量能比,2,False
SZ003037,5.86,0.25995296,0.23261621206300423,0.2729542835190165,0.5326546292739147,0.23011909335382252,,0,True
SZ003038,10.78,0.3279873,0.28486361890126777,0.1717249327698809,0.47137917787168654,0.4744525547445255,,0,True
SZ003039,12.49,1.8633708,0.6213983864771417,0.33211678832116787,0.13830195927775643,0.0024971187091817133,,0,True
SZ003040,14.2,14.4686985,0.9490971955436035,0.9650403380714561,0.010372646945831733,0.33346139070303493,量能水平;量能波动,2,False
SZ003041,39.18,0.9502057,0.22685363042643103,0.4479446792162889,0.021513638109873223,0.8177103342297349,量能比,1,False
SZ003042,14.27,0.80216527,0.6669227814060699,0.8680368805224741,0.9548597771801767,0.6845946984248944,量能波动;量能动量,2,False
SZ003043,59.42,3.3818195,0.5881674990395698,0.16231271609681136,0.612754514022282,0.24567806377257012,,0,True
SZ003816,4.21,4.537579,0.892047637341529,0.803303880138302,0.7447176334998079,0.379369957741068,量能水平;量能波动,2,False
SZ300001,34.3,3.8598459,0.4538993469074145,0.7449097195543604,0.6819054936611602,0.9199001152516327,量能比,1,False
SZ300002,7.9399996,2.4403076,0.7865923933922397,0.8407606607760276,0.3140606991932386,0.43661160199769494,量能波动,1,False
SZ300003,11.389999,1.471619,0.7481751824817519,0.665194006915098,0.4473684210526316,0.5697272378025355,,0,True
SZ300004,7.6400003,1.794002,0.8044563964656166,0.4517864003073377,0.5797157126392624,0.03630426431041106,量能水平,1,False
SZ300005,10.62,3.9411104,0.709757971571264,0.6659623511333077,0.41202458701498273,0.5245870149827122,,0,True
SZ300006,5.2999997,1.3262585,0.6283134844410296,0.5453323088743757,0.23357664233576642,0.712831348444103,,0,True
SZ300007,30.46,2.5096693,0.5587783326930464,0.7604686899731079,0.12101421436803687,0.798501728774491,,0,True
SZ300008,6.2400002,4.3800526,0.8786016135228583,0.7631578947368421,0.11256242796772954,0.11352285824049174,量能水平,1,False
SZ300009,8.32,1.853155,0.34594698424894355,0.5499423741836342,0.5735689588935843,0.879369957741068,量能比,1,False
SZ300010,4.9500003,6.770241,0.9848252016903573,0.9514022281982328,0.2041874759892432,0.10814444871302344,量能水平;量能波动,2,False
SZ300011,5.8599997,0.24697468,0.19419900115251632,0.26450249711870916,0.6096811371494429,0.5076834421820976,,0,True
SZ300012,13.61,3.1918476,0.31886285055704955,0.3152132155205532,0.9346907414521706,0.6797925470610834,量能动量,1,False
SZ300013,4.2299995,0.7291744,0.6369573568958894,0.3069535151747983,0.4752208989627353,0.3234729158663081,,0,True
SZ300014,48.59,13.960513,0.4216288897426047,0.4923165578179024,0.34325777948520936,0.5372646945831733,,0,True
SZ300015,7.8500004,3.2556741,0.1673069535151748,0.07030349596619286,0.5192086054552439,0.5689588935843258,,0,True
SZ300016,9.38,2.9474857,0.7157126392623896,0.9193238570879754,0.7203227045716482,0.974644640799078,量能波动;量能比,2,False
SZ300017,14.6900015,17.47604,0.7925470610833654,0.8935843257779486,0.7089896273530542,0.5599308490203612,量能波动,1,False
SZ300018,11.72,1.0590528,0.47137917787168654,0.2969650403380715,0.3734152900499424,0.27660391855551286,,0,True
SZ300019,13.799999,0.4126176,0.051094890510948905,0.050710718401844025,0.5562812139838648,0.44583173261621206,,0,True
SZ300020,3.5900002,0.7204978,0.5731847867844795,0.5245870149827122,0.861890126776796,0.14271993853246254,量能动量,1,False
SZ300021,3.7899997,1.0970591,0.4765655013446024,0.2694967345370726,0.3757203227045717,0.024202842873607376,,0,True
SZ300022,7.79,0.6573293,0.4548597771801767,0.4688820591625048,0.7086054552439492,0.5295812524010757,,0,True
SZ300024,12.85,2.4471285,0.36765270841336917,0.21436803688052247,0.4606223588167499,0.35420668459469845,,0,True
SZ300025,5.7599998,0.8951768,0.5268920476373415,0.32750672301190936,0.19996158278908951,0.21993853246254322,,0,True
SZ300026,3.19,1.3926467,0.5422589320015367,0.5363042643104111,0.04859777180176719,0.5946984248943527,,0,True
SZ300027,1.6599998,1.0750363,0.863618901267768,0.7199385324625432,0.2664233576642336,0.3736073761044948,量能水平,1,False
SZ300030,6.9,0.36769527,0.27929312331924705,0.13119477525931617,0.3601613522858241,0.5357280061467538,,0,True
SZ300031,20.15,2.1207983,0.5234344986553976,0.4152900499423742,0.3513253937764118,0.3088743757203227,,0,True
SZ300032,3.8000002,0.5618892,0.569919323857088,0.3225124855935459,0.653860929696504,0.2397233960814445,,0,True
SZ300033,199.71,19.437729,0.30868228966577027,0.24183634268152132,0.24452554744525548,0.17479830964271995,,0,True
SZ300034,15.28,1.4321891,0.250864387245486,0.11601997694967345,0.31444487130234344,0.3006146753745678,,0,True
SZ300035,12.209999,1.1432556,0.311179408374952,0.3705339992316558,0.9083749519784864,0.6288897426046869,量能动量,1,False
SZ300036,10.24,0.7544072,0.26661544371878604,0.11870918171340761,0.6868997310795236,0.5103726469458317,,0,True
SZ300037,65.93,9.391437,0.5238186707645025,0.4723396081444487,0.9018440261237034,0.42470226661544375,量能动量,1,False
SZ300039,5.1499996,1.0254666,0.45313100268920475,0.42912024587014985,0.16961198616980408,0.6383019592777565,,0,True
SZ300040,5.6299996,1.7827717,0.7940837495197849,0.6567422205147906,0.4550518632347292,0.09546676911256242,,0,True
SZ300041,10.64,1.8996176,0.5726085286208221,0.5985401459854015,0.22166730695351516,0.43603534383403764,,0,True
SZ300042,36.88,3.0834281,0.6692278140606992,0.655589704187476,0.2552823665001921,0.6928543987706492,,0,True
SZ300043,4.32,1.4070452,0.4610065309258548,0.40261237034191316,0.5245870149827122,0.163465232424126,,0,True
SZ300044,5.9,1.1329111,0.4529389166346523,0.45159431425278523,0.029773338455628122,0.1273530541682674,,0,True
SZ300045,11.19,1.3943229,0.36054552439492893,0.47637341529004995,0.773146369573569,0.8691893968497887,量能比,1,False
SZ300046,24.36,1.0373975,0.31348444102958123,0.3052247406838264,0.30368805224740686,0.5505186323472916,,0,True
SZ300047,9.08,1.2155237,0.5357280061467538,0.609296965040338,0.37706492508643874,0.6283134844410296,,0,True
SZ300048,4.7,0.3474768,0.2076450249711871,0.16442566269688821,0.6995774106799846,0.49865539761813293,,0,True
SZ300049,45.850002,3.3213444,0.4400691509796389,0.3789857856319631,0.16749903956972723,0.25316941990011527,,0,True
SZ300050,6.9100003,2.3449202,0.939684978870534,0.9135612754514022,0.49346907414521707,0.44102958125240105,量能水平;量能波动,2,False
SZ300051,7.96,1.3055547,0.5582020745293892,0.5055704955820207,0.23895505186323474,0.5568574721475221,,0,True
SZ300052,10.219999,1.3633851,0.7326162120630042,0.5971955436035343,0.6018056089127929,0.12101421436803687,,0,True
SZ300053,11.7,1.4274776,0.31252401075681907,0.3140606991932386,0.1348444102958125,0.5866308106031503,,0,True
SZ300054,68.38,12.865636,0.3013830195927776,0.2748751440645409,0.4679216288897426,0.41029581252401076,,0,True
SZ300055,5.81,0.9394526,0.728582404917403,0.5480215136381099,0.7055320783711102,0.2602766039185555,,0,True
SZ300056,7.4299994,0.7883051,0.4006915097963888,0.6836342681521321,0.9150979638878217,0.9433346139070303,量能动量;量能比,2,False
SZ300057,6.2799997,1.3039846,0.7310795236265847,0.5370726085286208,0.7164809834805993,0.580868228966577,,0,True
SZ300058,12.91,33.40652,0.9116404149058779,0.9719554360353438,0.6674990395697272,0.6613522858240491,量能水平;量能波动,2,False
SZ300059,17.77,28.908941,0.6181329235497502,0.5311179408374952,0.48136765270841336,0.4834805993084902,,0,True
SZ300061,6.9199996,3.4924898,0.8645793315405301,0.8086822896657703,0.8138686131386861,0.36496350364963503,量能水平;量能波动;量能动量,3,False
SZ300062,5.9900002,1.6403816,0.6726853630426431,0.6004610065309258,0.058586246638494044,0.07721859393008068,,0,True
SZ300063,8.59,3.6713974,0.8000384172109105,0.8730311179408375,0.8828275067230119,0.395121014214368,量能水平;量能波动;量能动量,3,False
SZ300065,14.73,4.5163116,0.7791010372646946,0.5852862082212832,0.20553207837111026,0.27602766039185556,,0,True
SZ300066,4.5699997,0.46124545,0.22358816749903956,0.21225509028044565,0.3962735305416827,0.5624279677295428,,0,True
SZ300067,5.25,1.798968,0.628505570495582,0.48309642719938534,0.18209757971571264,0.3107952362658471,,0,True
SZ300068,4.05,1.8600229,0.9781021897810219,0.8615059546676911,0.566461774875144,0.2518248175182482,量能水平;量能波动,2,False
SZ300069,24.77,1.1924196,0.5153668843641952,0.49423741836342683,0.8914713791778717,0.568190549366116,量能动量,1,False
SZ300070,3.3799999,0.98886746,0.8273146369573569,0.6212063004225893,0.7593161736457933,0.6527084133691894,量能水平,1,False
SZ300071,4.06,2.7851508,0.842681521321552,0.8885900883595851,0.5624279677295428,0.20169035728006146,量能水平;量能波动,2,False
SZ300072,3.39,0.90310127,0.4343065693430657,0.30714560122935075,0.15482135996926624,0.08086822896657703,,0,True
SZ300073,37.989998,3.6633654,0.6899731079523627,0.8449865539761813,0.9677295428351902,0.5701114099116404,量能波动;量能动量,2,False
SZ300074,3.8799996,0.6086448,0.6473300038417211,0.8140606991932385,0.1371494429504418,0.8042643104110642,量能波动;量能比,2,False
SZ300075,10.77,0.9705528,0.4654245101805609,0.7925470610833654,0.9875144064540914,0.8340376488666923,量能动量;量能比,2,False
SZ300077,21.350002,7.1140966,0.9896273530541683,0.9896273530541683,0.0768344218209758,0.5968113714944295,量能水平;量能波动,2,False
SZ300078,2.7299998,0.841333,0.7151363810987322,0.5877833269304649,0.3119477525931617,0.31060315021129464,,0,True
SZ300079,4.79,1.9030038,0.7723780253553592,0.6356127545140223,0.6436803688052247,0.03611217825585863,,0,True
SZ300080,3.68,0.55977833,0.8332693046484825,0.8259700345754898,0.8665001920860546,0.6884364195159431,量能水平;量能波动;量能动量,3,False
SZ300081,3.2700002,0.29515582,0.42969650403380716,0.24625432193622743,0.3997310795236266,0.2091817134076066,,0,True
SZ300083,11.6,6.032695,0.7938916634652324,0.6237034191317711,0.20745293891663466,0.29773338455628123,,0,True
SZ300084,9.92,0.8578269,0.43219362274298884,0.2802535535920092,0.09546676911256242,0.07837111025739531,,0,True
SZ300085,29.619999,12.102872,0.614483288513254,0.4611986169804072,0.16557817902420285,0.08490203611217825,,0,True
SZ300086,5.35,1.2504652,0.8344218209757972,0.9782942758355744,0.0036496350364963502,0.9481367652708413,量能水平;量能波动;量能比,3,False
SZ300087,5.5199995,1.1088927,0.24548597771801767,0.1317710334229735,0.0758739915482136,0.0036496350364963502,,0,True
SZ300088,6.83,7.28758,0.7986938148290434,0.7842873607376104,0.47598924318094504,0.679216288897426,,0,True
SZ300092,11.200001,0.28562355,0.059546676911256244,0.032654629273914715,0.5339992316557818,0.269688820591625,,0,True
SZ300093,20.060001,1.1460075,0.35535920092201306,0.2504802151363811,0.24932769880906647,0.23895505186323474,,0,True
SZ300094,2.8799999,2.6308632,0.9462159047253169,0.7082212831348444,0.1834421820975797,0.039377641183250094,量能水平,1,False
SZ300095,8.92,0.8349494,0.5090280445639647,0.5230503265462927,0.5086438724548598,0.7376104494813677,,0,True
SZ300097,9.93,1.7497344,0.6884364195159431,0.7610449481367653,0.0676142912024587,0.7178255858624664,,0,True
SZ300098,4.2,1.2068615,0.4587014982712255,0.49250864387245485,0.552439492892816,0.4665770265078755,,0,True
SZ300099,6.2400002,1.1132488,0.52362658470995,0.5265078755282366,0.17883211678832117,0.2028428736073761,,0,True
SZ300100,22.609997,1.4165933,0.3092585478294276,0.7917787168651556,0.9905877833269304,0.9771417595082597,量能动量;量能比,2,False
SZ300101,13.86,1.0333276,0.3995389934690741,0.7821744141375336,0.8845562812139839,0.9519784863618901,量能动量;量能比,2,False
SZ300102,15.899998,2.860223,0.8363426815213215,0.7789089512101421,0.4708029197080292,0.6475220898962736,量能水平,1,False
SZ300103,8.12,0.7428613,0.5069150979638878,0.22646945831732615,0.18056089127929312,0.20841336918939685,,0,True
SZ300105,7.0600004,0.824932,0.679216288897426,0.5086438724548598,0.629850172877449,0.1945831732616212,,0,True
SZ300106,10.5199995,1.1546484,0.7973492124471764,0.6221667306953516,0.5841336918939685,0.12812139838647715,,0,True
SZ300107,6.72,0.5860142,0.3002305032654629,0.20322704571648098,0.8384556281213984,0.18267383787936997,量能动量,1,False
SZ300109,12.64,1.5103624,0.5201690357280061,0.42047637341529004,0.15943142527852477,0.36553976181329234,,0,True
SZ300110,3.2100003,2.762449,0.8914713791778717,0.9902036112178256,0.33768728390318864,0.9988474836726854,量能水平;量能波动;量能比,3,False
SZ300111,2.9599998,0.91525537,0.8933922397233961,0.9304648482520169,0.28659239339223974,0.8440261237034191,量能水平;量能波动;量能比,3,False
SZ300112,10.09,4.9344316,0.8791778716865155,0.8261621206300422,0.27257011140991166,0.3828275067230119,量能水平;量能波动,2,False
SZ300113,16.05,2.6565003,0.5562812139838648,0.8737994621590472,0.8870533999231656,0.8972339608144448,量能波动;量能动量;量能比,3,False
SZ300115,22.470001,6.3610535,0.6527084133691894,0.5117172493276988,0.3186707645024971,0.18113714944295045,,0,True
SZ300118,8.81,1.65732,0.8778332693046484,0.6582789089512101,0.5628121398386478,0.5213215520553208,量能水平,1,False
SZ300119,16.5,0.77336985,0.3486361890126777,0.18651555897041874,0.18747598924318096,0.19515943142527853,,0,True
SZ300120,7.5699997,2.2791066,0.8328851325393777,0.9033807145601229,0.6999615827890895,0.7940837495197849,量能水平;量能波动,2,False
SZ300121,9.4,1.1621115,0.34364195159431427,0.3298117556665386,0.11064156742220514,0.40587783326930466,,0,True
SZ300122,13.080001,4.0926166,0.7656550134460238,0.7527852477910104,0.6928543987706492,0.7322320399538993,,0,True
SZ300123,4.17,1.4498913,0.7518248175182481,0.5455243949289281,0.8294275835574337,0.15443718786016136,量能动量,1,False
SZ300124,52.489998,14.14226,0.566461774875144,0.5088359585094122,0.6077602766039185,0.5883595850941221,,0,True
SZ300125,8.54,0.61205846,0.5197848636189013,0.48367268536304264,0.16404149058778333,0.13580484056857473,,0,True
SZ300126,6.75,0.2397187,0.19631194775259317,0.18689973107952362,0.7022666154437188,0.48309642719938534,,0,True
SZ300127,23.15,0.6878572,0.13273146369573569,0.3075297733384556,0.4031886285055705,0.7210910487898579,,0,True
SZ300128,4.7700005,1.3769853,0.587014982712255,0.28428736073761046,0.49923165578179024,0.13983864771417595,,0,True
SZ300129,7.4,1.7496072,0.732039953899347,0.5624279677295428,0.5703034959661929,0.6511717249327699,,0,True
SZ300130,18.039999,1.8879085,0.3949289281598156,0.13061851709565886,0.25451402228198233,0.10526315789473684,,0,True
SZ300131,13.400001,9.047505,0.6876680752977334,0.6342681521321553,0.03784095274683058,0.18997310795236266,,0,True
SZ300132,6.1200004,0.8568274,0.44026123703419134,0.3713023434498655,0.052055320783711105,0.08125240107568191,,0,True
SZ300133,7.68,5.7065163,0.8912792931233192,0.860161352285824,0.8668843641951595,0.4527468305800999,量能水平;量能波动;量能动量,3,False
SZ300134,8.290001,0.7856594,0.6219746446407991,0.38820591625048023,0.5751056473300038,0.250864387245486,,0,True
SZ300135,3.46,0.9951152,0.5443718786016135,0.2679600461006531,0.40376488666922783,0.04706108336534767,,0,True
SZ300136,52.65,18.140217,0.650787552823665,0.6721091048789858,0.2349212447176335,0.7541298501728775,,0,True
SZ300137,9.81,2.4527116,0.7433730311179408,0.8895505186323472,0.22781406069919324,0.8647714175950826,量能波动;量能比,2,False
SZ300138,11.18,0.7328515,0.27064925086438724,0.3328851325393776,0.10391855551286977,0.039761813292354974,,0,True
SZ300139,42.56,14.337348,0.9412216673069536,0.7272378025355359,0.5822128313484441,0.09373799462159048,量能水平,1,False
SZ300140,5.27,0.48577937,0.5991164041490588,0.4104878985785632,0.4285439877064925,0.3501728774490972,,0,True
SZ300141,10.0,0.5026989,0.4156742220514791,0.34498655397618133,0.7904341144832885,0.6772954283519017,,0,True
SZ300142,13.49,10.651067,0.9786784479446792,0.9750288129081829,0.5157510564733,0.8392239723396081,量能水平;量能波动;量能比,3,False
SZ300143,7.7799997,0.6046866,0.43353822512485596,0.6060315021129467,0.025931617364579333,0.8693814829043411,量能比,1,False
SZ300144,5.59,1.992374,0.6713407606607761,0.33730311179408373,0.48713023434498653,0.10257395313100269,,0,True
SZ300145,4.7,4.6280575,0.7946600076834421,0.752208989627353,0.030157510564733002,0.2650787552823665,,0,True
SZ300146,9.29,1.0523105,0.3006146753745678,0.23799462159047252,0.2718017671917019,0.17595082597003459,,0,True
SZ300147,5.9,0.69033784,0.512677679600461,0.6965040338071457,0.9771417595082597,0.9147137917787168,量能动量;量能比,2,False
SZ300148,3.59,1.0758132,0.7589320015366884,0.7767960046100653,0.7591240875912408,0.6379177871686516,,0,True
SZ300149,9.64,2.0656817,0.6951594314252785,0.7873607376104494,0.20380330388013831,0.8943526699961583,量能比,1,False
SZ300150,4.2099996,0.2552059,0.47791010372646947,0.3469074145217057,0.615827890895121,0.6319631194775259,,0,True
SZ300151,20.4,3.860009,0.6021897810218978,0.5449481367652709,0.5756819054936612,0.6152516327314637,,0,True
SZ300152,1.59,0.22870257,0.5824049174029965,0.6169804072224356,0.6150595466769112,0.4150979638878217,,0,True
SZ300153,24.420002,4.2827983,0.7201306185170957,0.5249711870918171,0.13081060315021129,0.13330772185939302,,0,True
SZ300154,14.129998,1.9080721,0.574721475220899,0.306377257011141,0.7026507875528236,0.5195927775643489,,0,True
SZ300155,4.65,0.8708176,0.6112178255858625,0.9371878601613522,0.9882827506723012,0.9955820207452939,量能波动;量能动量;量能比,3,False
SZ300157,3.6,1.2998981,0.9154821359969266,0.8284671532846716,0.3390318862850557,0.04917402996542451,量能水平;量能波动,2,False
SZ300158,5.14,1.2693207,0.7264694583173261,0.7020745293891664,0.02247406838263542,0.33192470226661547,,0,True
SZ300159,2.7300003,0.9048852,0.7109104878985786,0.622358816749904,0.33595850941221667,0.34172109104878984,,0,True
SZ300160,4.4500003,0.27524203,0.1273530541682674,0.21667306953515175,0.4323857087975413,0.41663465232424124,,0,True
SZ300161,26.1,0.7592223,0.3284671532846715,0.4544756050710718,0.0685747214752209,0.4784863618901268,,0,True
SZ300162,8.46,2.2042181,0.8157894736842105,0.9700345754898194,0.9652324241260084,0.9752208989627353,量能水平;量能波动;量能动量;量能比,4,False
SZ300163,7.7399993,3.318984,0.7917787168651556,0.7053399923165579,0.38974260468689975,0.6173645793315405,,0,True
SZ300164,8.77,10.326026,0.9882827506723012,0.9208605455243949,0.15885516711486747,0.07760276603918556,量能水平;量能波动,2,False
SZ300165,5.01,0.634832,0.5783711102573953,0.7710334229734921,0.3225124855935459,0.8330772185939301,量能比,1,False
SZ300166,11.67,3.7944615,0.4936611601997695,0.7721859393008068,0.59527468305801,0.8903188628505571,量能比,1,False
SZ300168,4.77,0.7428638,0.2894736842105263,0.36822896657702653,0.7650787552823665,0.6730695351517479,,0,True
SZ300169,5.56,0.519255,0.638109873223204,0.8394160583941606,0.9596619285439877,0.8480599308490203,量能波动;量能动量;量能比,3,False
SZ300170,15.67,7.021883,0.735113330772186,0.8511333077218594,0.8044563964656166,0.7036112178255859,量能波动;量能动量,2,False
SZ300171,15.900001,2.5801136,0.7322320399538993,0.658663081060315,0.2276219746446408,0.8590088359585094,量能比,1,False
SZ300172,4.54,0.40068117,0.18459469842489434,0.2378025355359201,0.6930464848252017,0.6582789089512101,,0,True
SZ300174,17.1,2.4492018,0.522281982328083,0.49039569727237803,0.5829811755666539,0.58739915482136,,0,True
SZ300175,5.4500003,0.37217647,0.16615443718786016,0.03457548981943911,0.6849788705339992,0.3253937764118325,,0,True
SZ300176,4.45,0.5267697,0.3155973876296581,0.18305800998847482,0.39684978870534,0.1920860545524395,,0,True
SZ300177,6.08,0.5687636,0.25989243180945065,0.06665386092969651,0.7283903188628505,0.4031886285055705,,0,True
SZ300179,41.98,23.38172,0.8463311563580485,0.6404149058778332,0.5370726085286208,0.4590856703803304,量能水平,1,False
SZ300180,4.33,1.8225873,0.6242796772954283,0.6425278524779101,0.07356895889358432,0.1673069535151748,,0,True
SZ300181,12.98,1.0916027,0.1348444102958125,0.18613138686131386,0.04494813676527084,0.2746830580099885,,0,True
SZ300182,5.07,6.565514,0.8634268152132155,0.7639262389550519,0.8739915482135997,0.27948520937379945,量能水平;量能动量,2,False
SZ300183,10.95,0.7917905,0.39281598155973874,0.3845562812139839,0.4721475220898963,0.43027276219746446,,0,True
SZ300184,11.219999,4.275543,0.5872070687668075,0.5266999615827891,0.22973492124471764,0.5902804456396465,,0,True
SZ300185,2.8200004,1.976459,0.7867844794467922,0.8286592393392239,0.9581252401075682,0.6747983096427199,量能波动;量能动量,2,False
SZ300187,4.51,0.29919082,0.163465232424126,0.1114099116404149,0.5307337687283903,0.31924702266615446,,0,True
SZ300188,10.74,1.0377969,0.21705724164425663,0.25259316173645796,0.8198232808298117,0.7593161736457933,量能动量,1,False
SZ300189,5.79,17.342846,0.9898194391087207,0.9538993469074145,0.08778332693046485,0.050518632347291585,量能水平;量能波动,2,False
SZ300190,3.7800002,0.640595,0.5461006530925855,0.48252016903572803,0.6813292354975029,0.26008451786400305,,0,True
SZ300191,30.619999,4.2263503,0.6686515558970418,0.4241260084517864,0.17018824433346139,0.028428736073761045,,0,True
SZ300192,24.009998,5.242656,0.6801767191701883,0.8390318862850557,0.9656165962351133,0.9563964656165962,量能波动;量能动量;量能比,3,False
SZ300193,7.87,0.26589957,0.12389550518632347,0.11678832116788321,0.5553207837111026,0.18958893584325778,,0,True
SZ300194,3.86,0.550658,0.5170956588551671,0.6200537840952747,0.04610065309258548,0.6999615827890895,,0,True
SZ300195,6.31,0.57853985,0.5902804456396465,0.28582404917403,0.5097963887821744,0.08720706876680753,,0,True
SZ300196,17.61,4.4286222,0.6749903956972724,0.641183250096043,0.051286976565501345,0.20995005762581637,,0,True
SZ300197,1.94,1.7022504,0.8029197080291971,0.5341913177103342,0.7280061467537456,0.07548981943910872,量能水平,1,False
SZ300198,2.4099998,0.20378871,0.12024587014982713,0.5134460238186708,0.9907798693814829,0.8739915482135997,量能动量;量能比,2,False
SZ300199,22.79,8.43903,0.662120630042259,0.6747983096427199,0.35055704955820205,0.7981175566653861,,0,True
SZ300200,8.2,0.60082763,0.20169035728006146,0.18209757971571264,0.16058394160583941,0.10372646945831733,,0,True
SZ300201,12.91,3.6356444,0.3759124087591241,0.44429504417979254,0.2353054168267384,0.3330772185939301,,0,True
SZ300203,13.56,1.1553766,0.7583557433730311,0.839608144448713,0.23127160968113714,0.9640799077986938,量能波动;量能比,2,False
SZ300204,19.74,2.7098074,0.5192086054552439,0.6736457933154053,0.12946600076834422,0.8088743757203227,量能比,1,False
SZ300206,11.6,0.5284465,0.10026892047637341,0.02689204763734153,0.11217825585862466,0.2852477910103726,,0,True
SZ300207,21.5,16.106573,0.836534767575874,0.9308490203611218,0.974644640799078,0.9325777948520937,量能水平;量能波动;量能动量;量能比,4,False
SZ300209,33.700005,23.478485,0.9498655397618133,0.9081828659239339,0.0447560507107184,0.29158663081060315,量能水平;量能波动,2,False
SZ300210,7.03,0.5224885,0.16634652324241261,0.1799846331156358,0.4990395697272378,0.44775259316173643,,0,True
SZ300212,7.57,0.8365343,0.18363426815213216,0.17057241644256627,0.5480215136381099,0.2819823280829812,,0,True
SZ300213,6.61,0.64487344,0.1580868228966577,0.3739915482135997,0.8916634652324241,0.7120630042258932,量能动量,1,False
SZ300214,9.610001,2.5751534,0.7055320783711102,0.5359200922013062,0.422205147906262,0.06780637725701114,,0,True
SZ300215,6.24,0.9802588,0.41797925470610836,0.7635420668459469,0.7935074913561275,0.9527468305800999,量能比,1,False
SZ300217,3.9699998,0.5695776,0.16557817902420285,0.1288897426046869,0.32270457164809835,0.3467153284671533,,0,True
SZ300218,12.549999,0.22740908,0.0364963503649635,0.02266615443718786,0.5535920092201306,0.47406838263542067,,0,True
SZ300219,6.7100005,0.92411816,0.2746830580099885,0.48809066461774875,0.7529773338455628,0.8303880138301959,量能比,1,False
SZ300220,11.48,0.27220878,0.077794852093738,0.0612754514022282,0.776219746446408,0.5190165194006915,,0,True
SZ300221,13.009999,3.1812346,0.5639646561659624,0.6265847099500577,0.3638109873223204,0.7420284287360738,,0,True
SZ300222,9.64,1.3473492,0.4212447176334998,0.3457548981943911,0.31943910872070685,0.48713023434498653,,0,True
SZ300223,134.6,27.49163,0.8899346907414522,0.8782174414137534,0.36150595466769114,0.6465616596235113,量能水平;量能波动,2,False
SZ300224,11.75,1.6436135,0.42700729927007297,0.5614675374567807,0.03880138301959278,0.5115251632731463,,0,True
SZ300225,7.81,1.6976528,0.4567806377257011,0.4854014598540146,0.08394160583941605,0.1930464848252017,,0,True
SZ300226,17.019999,1.3528397,0.09834805993084902,0.40933538225124855,0.14175950825970035,0.8357664233576643,量能比,1,False
SZ300227,10.06,3.3502672,0.5105647330003842,0.18113714944295045,0.4796388782174414,0.13407606607760278,,0,True
SZ300228,6.43,0.63536894,0.25451402228198233,0.19247022666154437,0.638109873223204,0.32769880906646176,,0,True
SZ300229,12.850001,2.8258429,0.4279677295428352,0.566845946984249,0.6035343834037649,0.5501344602381867,,0,True
SZ300230,4.36,0.29597983,0.02669996158278909,0.033038801383019595,0.8451786400307337,0.7197464464079908,量能动量,1,False
SZ300231,8.28,0.65906703,0.06242796772954284,0.008835958509412217,0.8442182097579716,0.5320783711102574,量能动量,1,False
SZ300232,5.31,0.608205,0.06991932385708798,0.059930849020361124,0.8494045332308875,0.7124471763349981,量能动量,1,False
SZ300233,13.2,1.0832887,0.4500576258163657,0.44640799077986937,0.12312716096811371,0.4892431809450634,,0,True
SZ300234,10.12,1.788202,0.24490971955436036,0.2940837495197849,0.3213599692662313,0.8380714560122935,量能比,1,False
SZ300235,12.0,0.71716833,0.16308106031502112,0.2524010756819055,0.24644640799077988,0.6494429504417979,,0,True
SZ300236,86.49,4.9141984,0.1974644640799078,0.19708029197080293,0.38494045332308874,0.3997310795236266,,0,True
SZ300237,2.38,0.57012194,0.2844794467921629,0.2819823280829812,0.9469842489435267,0.0933538225124856,量能动量,1,False
SZ300238,11.87,0.5098896,0.30714560122935075,0.5326546292739147,0.03438340376488667,0.8290434114483288,量能比,1,False
SZ300239,5.42,0.39759445,0.2208989627353054,0.29830964271993854,0.4310411064156742,0.9122166730695351,量能比,1,False
SZ300240,6.17,0.3804244,0.3568958893584326,0.30656934306569344,0.5597387629658087,0.5349596619285439,,0,True
SZ300241,5.72,0.82906085,0.4195159431425278,0.5228582404917403,0.6650019208605455,0.7239723396081444,,0,True
SZ300242,3.9499998,0.6301034,0.31444487130234344,0.39435266999615826,0.7174414137533615,0.744333461390703,,0,True
SZ300243,21.93,5.5186887,0.7245485977718018,0.7372262773722628,0.6796004610065309,0.8278908951210142,量能比,1,False
SZ300244,20.189999,5.0285153,0.593545908567038,0.6995774106799846,0.18363426815213216,0.8127160968113715,量能比,1,False
SZ300245,5.87,0.5262682,0.3801383019592778,0.43084902036112177,0.5057625816365732,0.36150595466769114,,0,True
SZ300246,15.799999,1.205083,0.36995774106799845,0.3784095274683058,0.7078371110257395,0.27391471379177873,,0,True
SZ300247,3.69,0.3719204,0.2535535920092201,0.42105263157894735,0.21225509028044565,0.641567422205148,,0,True
SZ300248,8.3,0.6179304,0.16423357664233576,0.29715712639262387,0.8599692662312716,0.3657318478678448,量能动量,1,False
SZ300249,12.65,1.7660064,0.5293891663465232,0.42700729927007297,0.1527084133691894,0.18843641951594314,,0,True
SZ300250,14.87,1.0432066,0.45582020745293894,0.6252401075681906,0.7499039569727238,0.7552823665001921,,0,True
SZ300251,10.93,4.3280754,0.5937379946215905,0.36438724548597773,0.5647330003841721,0.10776027660391856,,0,True
SZ300252,11.5,5.241366,0.806377257011141,0.6484825201690357,0.22205147906262004,0.07990779869381483,量能水平,1,False
SZ300253,6.9599996,2.6597533,0.29389166346523243,0.46177487514406457,0.35324625432193624,0.6780637725701114,,0,True
SZ300254,9.09,0.7681555,0.5745293891663465,0.6615443718786016,0.7441413753361505,0.6546292739147138,,0,True
SZ300255,22.12,4.0438395,0.43814829043411446,0.45351517479830966,0.3565117172493277,0.7883211678832117,,0,True
SZ300256,2.59,0.67954594,0.6736457933154053,0.7349212447176335,0.5072992700729927,0.3363426815213216,,0,True
SZ300257,17.8,2.4607306,0.7251248559354591,0.5485977718017672,0.06723011909335382,0.14636957356895888,,0,True
SZ300258,8.790001,0.5849957,0.3325009604302728,0.5655013446023819,0.9608144448713023,0.8672685363042643,量能动量;量能比,2,False
SZ300259,3.95,1.674313,0.4611986169804072,0.795428351901652,0.11025739531310026,0.9514022281982328,量能比,1,False
SZ300260,57.3,8.007348,0.5564733000384172,0.5858624663849404,0.1600076834421821,0.6277372262773723,,0,True
SZ300261,4.93,0.80714,0.28659239339223974,0.14003073376872838,0.5439877064925086,0.05416826738378794,,0,True
SZ300263,10.04,3.400593,0.6630810603150211,0.7084133691893969,0.41701882443334615,0.7658470995005763,,0,True
SZ300264,6.0300007,1.0015,0.46196696119861697,0.6129466000768344,0.8119477525931618,0.731655781790242,量能动量,1,False
SZ300265,11.98,2.669749,0.6845946984248944,0.653860929696504,0.19842489435267,0.5353438340376488,,0,True
SZ300266,1.86,0.49101707,0.23511333077218594,0.20169035728006146,0.4744525547445255,0.31041106415674224,,0,True
SZ300267,3.23,0.9443137,0.4289281598155974,0.4343065693430657,0.2685363042643104,0.7887053399923165,,0,True
SZ300268,12.009999,0.3509128,0.06089127929312332,0.10564733000384172,0.25701114099116407,0.18132923549750288,,0,True
SZ300269,4.62,0.7046619,0.4882827506723012,0.8910872070687668,0.9842489435267,0.955436035343834,量能波动;量能动量;量能比,3,False
SZ300270,10.69,0.9150151,0.3657318478678448,0.6154437187860161,0.9439108720706877,0.5849020361121783,量能动量,1,False
SZ300271,5.8100004,0.83741707,0.40645409143296196,0.6160199769496735,0.04955820207452939,0.7879369957741068,,0,True
SZ300272,5.9899993,0.37888765,0.12043795620437957,0.33499807913945445,0.8849404533230888,0.837879369957741,量能动量;量能比,2,False
SZ300274,82.810005,37.49137,0.7164809834805993,0.6019976949673453,0.40049942374183634,0.5107568190549366,,0,True
SZ300275,8.950001,0.3883836,0.2164809834805993,0.1678832116788321,0.3246254321936227,0.2942758355743373,,0,True
SZ300276,6.2699995,1.2381219,0.26776796004610065,0.7531694199001152,0.9740683826354206,0.9414137533615059,量能动量;量能比,2,False
SZ300277,12.62,2.4420269,0.6146753745678064,0.6609681137149443,0.1955436035343834,0.25067230119093353,,0,True
SZ300278,3.5399997,0.5278563,0.35382251248559354,0.3907030349596619,0.0923933922397234,0.5284287360737611,,0,True
SZ300279,5.93,0.8626611,0.24452554744525548,0.35862466384940456,0.13542066845946985,0.4295044179792547,,0,True
SZ300281,7.05,0.5423372,0.12524010756819054,0.30810603150211296,0.004994237418363427,0.6098732232039954,,0,True
SZ300283,13.460001,5.2020025,0.7497118709181714,0.45754898194391086,0.477718017671917,0.677487514406454,,0,True
SZ300284,5.08,0.51197106,0.16807529773338456,0.13023434498655398,0.8319247022666154,0.50787552823665,量能动量,1,False
SZ300285,64.399994,50.921165,0.7387629658086823,0.8025355359200922,0.3839800230503265,0.7725701114099116,量能波动,1,False
SZ300286,18.92,0.68698025,0.05628121398386477,0.12716096811371494,0.29658086822896657,0.5376488666922782,,0,True
SZ300287,3.59,1.1213858,0.22896657702650788,0.5140222819823281,0.5706876680752977,0.8605455243949289,量能比,1,False
SZ300288,9.750001,0.34736177,0.1050710718401844,0.20630042258932002,0.5881674990395698,0.6258163657318478,,0,True
SZ300289,5.91,0.31022328,0.1872839031886285,0.2562427967729543,0.49577410679984635,0.8200153668843642,量能比,1,False
SZ300290,6.85,3.2393894,0.6525163273146369,0.6657702650787553,0.592201306185171,0.5630042258932002,,0,True
SZ300291,5.0899997,3.4139345,0.9329619669611986,0.9321936227429889,0.9500576258163658,0.9490971955436035,量能水平;量能波动;量能动量;量能比,4,False
SZ300292,4.4199996,2.644328,0.6567422205147906,0.685747214752209,0.28832116788321166,0.24202842873607375,,0,True
SZ300293,13.889999,0.43014428,0.07952362658470995,0.06492508643872455,0.2735305416826738,0.32750672301190936,,0,True
SZ300294,14.339999,0.65476984,0.20149827122550903,0.23127160968113714,0.1822896657702651,0.3695735689588936,,0,True
SZ300295,11.579999,0.2612943,0.18843641951594314,0.42758355743373033,0.2581636573184787,0.7483672685363043,,0,True
SZ300296,4.72,1.7319709,0.26930464848252017,0.31943910872070685,0.5653092585478294,0.5282366500192086,,0,True
SZ300298,16.1,0.564048,0.07087975412985018,0.11025739531310026,0.18401844026123704,0.7449097195543604,,0,True
SZ300299,5.4,1.0477177,0.3469074145217057,0.19804072224356511,0.6544371878601614,0.35266999615827893,,0,True
SZ300300,10.73,11.16419,0.9243180945063388,0.9615827890895121,0.912985017287745,0.8555512869765655,量能水平;量能波动;量能动量;量能比,4,False
SZ300301,3.82,0.3764057,0.24049174029965426,0.7341529004994237,0.9537072608528621,0.9162504802151363,量能动量;量能比,2,False
SZ300302,26.43,4.6427317,0.41855551286976567,0.4742604686899731,0.2086054552439493,0.6365731847867845,,0,True
SZ300303,6.43,2.1151128,0.32885132539377643,0.3851325393776412,0.49212447176335,0.6909335382251248,,0,True
SZ300304,12.04,2.1719034,0.3084902036112178,0.35094122166730696,0.409527468305801,0.48866692278140605,,0,True
SZ300305,6.5199995,0.95149857,0.6584709950057626,0.8939684978870533,0.9477525931617364,0.9642719938532462,量能波动;量能动量;量能比,3,False
SZ300306,10.509999,0.2273492,0.06473300038417211,0.1571263926238955,0.7754514022281982,0.749135612754514,,0,True
SZ300307,6.9500003,0.9409717,0.7543219362274299,0.6715328467153284,0.04898194391087207,0.2986938148290434,,0,True
SZ300308,813.00995,214.12703,0.501728774490972,0.509604302727622,0.5618517095658855,0.4074145217057242,,0,True
SZ300310,4.32,0.7423626,0.2675758739915482,0.39223972339608143,0.6726853630426431,0.7422205147906262,,0,True
SZ300311,6.1900005,3.7192783,0.6813292354975029,0.8307721859393008,0.849212447176335,0.773146369573569,量能波动;量能动量,2,False
SZ300313,11.879999,4.0709186,0.8182865923933922,0.7028428736073761,0.25893200153668844,0.15117172493276987,量能水平,1,False
SZ300314,12.74,0.93124306,0.3720706876680753,0.5854782942758355,0.9028044563964657,0.9435266999615828,量能动量;量能比,2,False
SZ300315,3.9499996,3.5837417,0.747791010372647,0.6505954667691125,0.2819823280829812,0.05436035343834038,,0,True
SZ300316,38.27,3.8810663,0.19439108720706877,0.3689973107952363,0.9164425662696888,0.8586246638494045,量能动量;量能比,2,False
SZ300317,4.1600003,2.245598,0.8434498655397619,0.9256626968882059,0.9402612370341913,0.6751824817518248,量能水平;量能波动;量能动量,3,False
SZ300318,5.1400003,0.38523695,0.09546676911256242,0.20591625048021514,0.5991164041490588,0.8595850941221668,量能比,1,False
SZ300319,18.85,23.255947,0.822128313484441,0.6780637725701114,0.25509028044563964,0.24356511717249327,量能水平,1,False
SZ300320,8.12,0.41260728,0.021321552055320783,0.042835190165194006,0.14963503649635038,0.2314636957356896,,0,True
SZ300321,32.85,1.0562476,0.2003457548981944,0.4060699193238571,0.03534383403764887,0.6071840184402613,,0,True
SZ300322,16.45,4.665892,0.50787552823665,0.46254321936227427,0.059546676911256244,0.3930080676142912,,0,True
SZ300323,10.87,5.8052382,0.8784095274683058,0.7748751440645409,0.11890126776796005,0.4677295428351902,量能水平,1,False
SZ300324,3.8100002,2.2407372,0.38590088359585095,0.8866692278140607,0.9723396081444488,0.9973107952362659,量能波动;量能动量;量能比,3,False
SZ300326,6.2599998,0.3170807,0.08336534767575873,0.051671148674606225,0.7564348828275067,0.4596619285439877,,0,True
SZ300327,25.3,2.3778708,0.21321552055320783,0.3545908567038033,0.7643104110641568,0.8747598924318094,量能比,1,False
SZ300328,12.179999,5.264811,0.5676142912024587,0.572992700729927,0.19054936611601997,0.17518248175182483,,0,True
SZ300329,11.830001,0.25186306,0.020553207837111027,0.04629273914713792,0.8008067614291202,0.47157126392623894,量能动量,1,False
SZ300331,43.199997,4.3510795,0.3916634652324241,0.4387245485977718,0.3695735689588936,0.4045332308874376,,0,True
SZ300332,4.79,1.2575054,0.6655781790242028,0.5330388013830196,0.1479062620053784,0.08221283134844411,,0,True
SZ300333,11.39,3.5741873,0.8259700345754898,0.7089896273530542,0.16250480215136381,0.1235113330772186,量能水平,1,False
SZ300334,8.71,0.7273519,0.6490587783326931,0.31598155973876296,0.9199001152516327,0.4158663081060315,量能动量,1,False
SZ300335,5.58,0.7077812,0.4694583173261621,0.40299654245101807,0.9268152132155205,0.21820975797157127,量能动量,1,False
SZ300337,8.97,1.1695865,0.29273914713791777,0.16058394160583941,0.6269688820591625,0.3313484441029581,,0,True
SZ300338,2.7100003,0.2084992,0.2470226661544372,0.5186323472915866,0.9592777564348828,0.9172109104878986,量能动量;量能比,2,False
SZ300339,33.77,4.9275374,0.34037648866692277,0.44928928159815595,0.19131771033422973,0.3307721859393008,,0,True
SZ300340,9.18,0.45266607,0.5877833269304649,0.9581252401075682,0.9805993084902036,0.939684978870534,量能波动;量能动量;量能比,3,False
SZ300341,12.660001,0.42213857,0.01863234729158663,0.03592009220130619,0.0749135612754514,0.5706876680752977,,0,True
SZ300342,29.699997,3.1751332,0.20802919708029197,0.5849020361121783,0.732039953899347,0.893776411832501,量能比,1,False
SZ300343,5.17,0.6168955,0.13311563580484057,0.16519400691509797,0.31329235497502883,0.34152900499423744,,0,True
SZ300345,6.4100003,2.766622,0.6972723780253554,0.5806761429120246,0.1235113330772186,0.39857856319631196,,0,True
SZ300346,51.390003,14.307922,0.7364579331540531,0.6561659623511333,0.249135612754514,0.4500576258163657,,0,True
SZ300347,56.47,7.170055,0.3244333461390703,0.19477525931617365,0.3405685747214752,0.2708413369189397,,0,True
SZ300348,9.3,1.5129626,0.1609681137149443,0.09431425278524778,0.2885132539377641,0.17883211678832117,,0,True
SZ300349,10.21,0.52213573,0.11678832116788321,0.5316941990011526,0.8463311563580485,0.9218209757971572,量能动量;量能比,2,False
SZ300350,4.7599998,0.7906565,0.44429504417979254,0.6025739531310027,0.9454475605071072,0.9807913945447561,量能动量;量能比,2,False
SZ300351,13.57,0.86324376,0.2155205532078371,0.1872839031886285,0.5591625048021513,0.31982328082981176,,0,True
SZ300352,2.94,1.2187915,0.4479446792162889,0.37917787168651557,0.5995005762581637,0.563388398002305,,0,True
SZ300353,16.19,1.65652,0.36611601997694965,0.3472915866308106,0.5051863234729159,0.4863618901267768,,0,True
SZ300354,27.730001,0.36269328,0.020745293891663467,0.08567038033038801,0.6596235113330772,0.687475989243181,,0,True
SZ300355,2.76,0.62891924,0.3052247406838264,0.1361890126776796,0.5718401844026124,0.15962351133307723,,0,True
SZ300357,19.82,1.895423,0.3050326546292739,0.3428736073761045,0.14713791778716864,0.26776796004610065,,0,True
SZ300358,9.5,2.4393666,0.8736073761044948,0.9406454091432962,0.32827506723011907,0.954091432961967,量能水平;量能波动;量能比,3,False
SZ300359,4.14,0.5924751,0.48021513638109875,0.4467921628889743,0.77794852093738,0.7814060699193238,,0,True
SZ300360,10.9,0.41351628,0.1799846331156358,0.21609681137149442,0.2383787936995774,0.4544756050710718,,0,True
SZ300363,23.59,4.820585,0.7856319631194775,0.731655781790242,0.545908567038033,0.642912024587015,,0,True
SZ300364,23.96,20.271296,0.7243565117172494,0.6310026892047638,0.5666538609296965,0.311179408374952,,0,True
SZ300365,4.56,0.43414888,0.3399923165578179,0.1523242412600845,0.4978870533999232,0.6181329235497502,,0,True
SZ300366,5.5799994,0.35064065,0.13753361505954667,0.2028428736073761,0.9679216288897426,0.33980023050326547,量能动量,1,False
SZ300368,9.43,4.693329,0.7416442566269689,0.28390318862850555,0.3595850941221667,0.16941990011525163,,0,True
SZ300369,9.1,6.2345395,0.9525547445255474,0.957164809834806,0.7337687283903188,0.8353822512485594,量能水平;量能波动;量能比,3,False
SZ300370,2.14,0.5304847,0.48040722243565115,0.60315021129466,0.02305032654629274,0.7620053784095274,,0,True
SZ300371,10.240001,0.28577885,0.18882059162504802,0.09988474836726853,0.3568958893584326,0.28582404917403,,0,True
SZ300373,86.0,8.962157,0.3313484441029581,0.31329235497502883,0.29446792162888974,0.5086438724548598,,0,True
SZ300374,10.15,0.4415714,0.21129466000768343,0.4212447176334998,0.031886285055704955,0.8075297733384557,量能比,1,False
SZ300375,4.11,0.32703915,0.17748751440645408,0.1742220514790626,0.7038033038801383,0.37264694583173263,,0,True
SZ300376,4.08,0.6741665,0.060315021129466004,0.10103726469458317,0.6577026507875529,0.5533999231655782,,0,True
SZ300377,13.43,4.0806894,0.5011525163273146,0.30599308490203614,0.4101037264694583,0.0968113714944295,,0,True
SZ300378,38.289997,7.124155,0.8326930464848252,0.8446023818670765,0.47368421052631576,0.5391855551286977,量能水平;量能波动,2,False
SZ300380,27.75,0.8977797,0.3123319247022666,0.21475220898962735,0.2620053784095275,0.03707260852862082,,0,True
SZ300381,5.72,0.69899064,0.46907414521705726,0.1269688820591625,0.27833269304648484,0.14771417595082598,,0,True
SZ300382,14.759999,4.551009,0.6377257011140991,0.7441413753361505,0.939684978870534,0.5044179792547061,量能动量,1,False
SZ300383,10.880001,3.9259655,0.5457164809834806,0.5315021129466001,0.6880522474068382,0.5810603150211294,,0,True
SZ300384,11.87,0.285996,0.05512869765655013,0.4129850172877449,0.7222435651171725,0.8814829043411448,量能比,1,False
SZ300385,13.03,0.83307767,0.18805224740683826,0.29946215904725315,0.341336918939685,0.3000384172109105,,0,True
SZ300386,10.78,1.3644643,0.642912024587015,0.37879369957741066,0.349212447176335,0.013253937764118325,,0,True
SZ300387,7.45,0.7802973,0.44102958125240105,0.08816749903956973,0.35497502881290816,0.021897810218978103,,0,True
SZ300388,6.6700006,0.2860962,0.021897810218978103,0.014982712255090281,0.504802151363811,0.10334229734921245,,0,True
SZ300389,12.93,0.5270357,0.09258547829427584,0.3374951978486362,0.013830195927775643,0.7923549750288129,,0,True
SZ300390,49.05,11.463362,0.13830195927775643,0.017479830964271994,0.8025355359200922,0.5119093353822513,量能动量,1,False
SZ300393,5.9099994,0.96533567,0.38090664617748754,0.3695735689588936,0.1790242028428736,0.485593545908567,,0,True
SZ300394,255.98999,95.96121,0.504802151363811,0.30215136381098734,0.6438724548597772,0.2520169035728006,,0,True
SZ300395,92.7,22.410603,0.5399538993469074,0.45101805608912793,0.7497118709181714,0.4529389166346523,,0,True
SZ300397,11.24,2.42329,0.7992700729927007,0.9652324241260084,0.9408374951978487,0.9836726853630426,量能波动;量能动量;量能比,3,False
SZ300398,34.94,11.104398,0.6986169804072224,0.5787552823665002,0.5,0.6281213983864772,,0,True
SZ300399,19.47,1.4954184,0.30042258932001537,0.11467537456780638,0.31502112946600075,0.02305032654629274,,0,True
SZ300400,33.36,4.737706,0.27160968113714945,0.3117556665386093,0.2193622742988859,0.2222435651171725,,0,True
SZ300401,15.329999,3.8163962,0.2929312331924702,0.1930464848252017,0.4412216673069535,0.39127929312331927,,0,True
SZ300402,14.590001,0.31291312,0.027660391855551286,0.06454091432961967,0.2879369957741068,0.6215904725316942,,0,True
SZ300403,8.7,0.54920936,0.13772570111409912,0.3050326546292739,0.5395697272378025,0.6260084517864003,,0,True
SZ300404,14.499999,5.566239,0.7295428351901652,0.781021897810219,0.5885516711486746,0.8828275067230119,量能比,1,False
SZ300405,5.9500003,0.42953917,0.29062620053784094,0.22742988859008836,0.711102573953131,0.636381098732232,,0,True
SZ300406,11.77,0.47451052,0.05532078371110257,0.145985401459854,0.3641951594314253,0.8405685747214752,量能比,1,False
SZ300407,10.549999,0.55002767,0.22166730695351516,0.24106799846331156,0.08067614291202459,0.6317710334229735,,0,True
SZ300408,118.63,55.196785,0.9350749135612755,0.8440261237034191,0.17402996542451019,0.38205916250480215,量能水平;量能波动,2,False
SZ300409,16.75,2.2458224,0.3482520169035728,0.4035728006146754,0.8399923165578179,0.8720706876680753,量能动量;量能比,2,False
SZ300410,8.82,1.9840798,0.46715328467153283,0.3609296965040338,0.9101037264694584,0.7462543219362274,量能动量,1,False
SZ300411,8.45,1.0836415,0.4152900499423742,0.590472531694199,0.8171340760660776,0.4383403764886669,量能动量,1,False
SZ300412,4.56,0.36884433,0.07203227045716482,0.07990779869381483,0.5290049942374183,0.6340760660776028,,0,True
SZ300413,19.8,25.225784,0.9877064925086438,0.933538225124856,0.474644640799078,0.044179792547061086,量能水平;量能波动,2,False
SZ300414,10.650001,1.2861696,0.39877064925086436,0.2500960430272762,0.17979254706108336,0.0768344218209758,,0,True
SZ300415,18.99,0.7045927,0.04782942758355743,0.15751056473300037,0.5662696888205916,0.6477141759508259,,0,True
SZ300416,13.67,1.2313843,0.08182865923933923,0.07280061467537456,0.5194006915097964,0.6949673453707261,,0,True
SZ300417,12.240001,0.402008,0.09008835958509412,0.08739915482135997,0.701498271225509,0.696696119861698,,0,True
SZ300418,40.95,26.40929,0.9339223972339609,0.9402612370341913,0.3945447560507107,0.3025355359200922,量能水平;量能波动,2,False
SZ300419,7.9,0.5875122,0.22646945831732615,0.26488666922781406,0.7921628889742605,0.6373415290049942,,0,True
SZ300420,7.3999996,5.6014028,0.5364963503649635,0.636381098732232,0.12197464464079907,0.3013830195927776,,0,True
SZ300421,16.9,0.8232327,0.10583941605839416,0.05685747214752209,0.501728774490972,0.5850941221667307,,0,True
SZ300422,4.13,0.4247751,0.14867460622358816,0.05320783711102574,0.8203995389934691,0.30157510564733,量能动量,1,False
SZ300423,5.41,0.3981258,0.16384940453323088,0.17575873991548213,0.8428736073761045,0.7664233576642335,量能动量,1,False
SZ300424,13.09,1.9643315,0.6588551671148675,0.8411448328851325,0.0009604302727621974,0.7406838263542067,量能波动,1,False
SZ300425,4.07,0.29716408,0.06646177487514407,0.3002305032654629,0.7372262773722628,0.7963887821744141,,0,True
SZ300426,7.6,2.0876381,0.7631578947368421,0.8661160199769496,0.10968113714944296,0.7671917018824433,量能波动,1,False
SZ300427,6.1000004,2.5412195,0.7535535920092201,0.8290434114483288,0.7020745293891664,0.7986938148290434,量能波动,1,False
SZ300428,19.25,1.1144439,0.1536688436419516,0.013061851709565886,0.4850172877449097,0.15309258547829427,,0,True
SZ300429,10.96,1.8433616,0.3980023050326546,0.42643104110641566,0.07068766807529774,0.3974260468689973,,0,True
SZ300430,4.33,0.71317834,0.5864387245485978,0.5049942374183635,0.30810603150211296,0.41375336150595465,,0,True
SZ300432,12.81,4.3110137,0.35497502881290816,0.2702650787552824,0.07933154053015751,0.4227814060699193,,0,True
SZ300433,31.460001,24.164011,0.9183634268152132,0.9519784863618901,0.039761813292354974,0.5656934306569343,量能水平;量能波动,2,False
SZ300434,12.39,3.0691257,0.5900883595850941,0.6021897810218978,0.20630042258932002,0.8926238955051863,量能比,1,False
SZ300435,15.42,1.0128917,0.23223203995389935,0.20341913177103343,0.34037648866692277,0.38839800230503263,,0,True
SZ300436,82.78,2.1655102,0.22070687668075298,0.2422205147906262,0.20995005762581637,0.5149827122550903,,0,True
SZ300437,10.700002,0.7680121,0.20072992700729927,0.1755666538609297,0.11006530925854784,0.1780637725701114,,0,True
SZ300438,47.63,7.1264186,0.4079907798693815,0.291970802919708,0.7875528236650019,0.657318478678448,,0,True
SZ300439,10.14,0.38718897,0.3098348059930849,0.5345754898194391,0.43373031117940836,0.8899346907414522,量能比,1,False
SZ300440,16.41,1.9028302,0.4738762965808682,0.5213215520553208,0.1104494813676527,0.38532462543219365,,0,True
SZ300441,7.07,0.2968223,0.00768344218209758,0.02727621974644641,0.6384940453323089,0.6208221283134845,,0,True
SZ300442,65.76,12.701264,0.8663081060315021,0.9362274298885901,0.7944679216288898,0.9343065693430657,量能水平;量能波动;量能比,3,False
SZ300443,20.880001,1.5319877,0.5099884748367268,0.725509028044564,0.8609296965040338,0.8511333077218594,量能动量;量能比,2,False
SZ300444,8.450001,2.0224955,0.5631963119477525,0.5044179792547061,0.20207452938916634,0.17018824433346139,,0,True
SZ300445,18.75,0.49743253,0.03399923165578179,0.06165962351133308,0.4867460622358817,0.35497502881290816,,0,True
SZ300446,12.379999,0.717613,0.0749135612754514,0.041298501728774493,0.4104878985785632,0.2718017671917019,,0,True
SZ300447,13.9800005,0.5089214,0.07164809834805994,0.019592777564348827,0.5793315405301576,0.4750288129081829,,0,True
SZ300448,5.51,0.84842247,0.25950825970034574,0.3534383403764887,0.7276219746446408,0.5703034959661929,,0,True
SZ300449,6.57,0.53901076,0.3536304264310411,0.3551671148674606,0.9135612754514022,0.7631578947368421,量能动量,1,False
SZ300450,33.76,10.187061,0.296772954283519,0.735113330772186,0.9838647714175951,0.8234729158663081,量能动量;量能比,2,False
SZ300451,3.5100002,0.73042226,0.10660776027660392,0.35497502881290816,0.8050326546292739,0.8490203611217826,量能动量;量能比,2,False
SZ300452,13.130001,0.48061967,0.031694199001152515,0.009220130618517095,0.17153284671532848,0.48175182481751827,,0,True
SZ300453,9.03,0.46671313,0.028812908182865925,0.014598540145985401,0.6563580484056858,0.21436803688052247,,0,True
SZ300454,140.7,18.625954,0.9617748751440646,0.960238186707645,0.8922397233960815,0.6578947368421053,量能水平;量能波动;量能动量,3,False
SZ300455,16.4,0.7596963,0.02228198232808298,0.049750288129081825,0.4149058778332693,0.6233192470226662,,0,True
SZ300456,36.38,13.471908,0.6540530157510565,0.7524010756819055,0.38109873223203994,0.6753745678063773,,0,True
SZ300457,21.100002,2.075737,0.1561659623511333,0.29216288897426046,0.752208989627353,0.7775643488282751,,0,True
SZ300458,32.43,11.439609,0.588743757203227,0.811179408374952,0.30157510564733,0.8077218593930081,量能波动;量能比,2,False
SZ300459,3.53,3.2642581,0.46465616596235115,0.3901267767960046,0.769688820591625,0.38686131386861317,,0,True
SZ300460,9.080001,0.2817108,0.08490203611217825,0.20437956204379562,0.8359585094122167,0.8451786400307337,量能动量;量能比,2,False
SZ300461,37.110004,2.5147288,0.30215136381098734,0.29927007299270075,0.8883980023050326,0.7016903572800615,量能动量,1,False
SZ300463,9.33,0.38475683,0.3246254321936227,0.32558586246638493,0.2358816749903957,0.7401075681905493,,0,True
SZ300464,10.63,2.9375577,0.7454859777180177,0.43469074145217057,0.465040338071456,0.8271225509028045,量能比,1,False
SZ300465,11.14,1.3141183,0.35824049174029965,0.2698809066461775,0.5689588935843258,0.1323472915866308,,0,True
SZ300466,7.23,0.32347456,0.024394928928159816,0.0714560122935075,0.864963503649635,0.622358816749904,量能动量,1,False
SZ300467,32.4,0.9400046,0.18786016135228584,0.07222435651171726,0.16884364195159432,0.2500960430272762,,0,True
SZ300468,20.72,11.759255,0.8517095658855167,0.8230887437572032,0.00384172109104879,0.03438340376488667,量能水平;量能波动,2,False
SZ300469,49.649998,2.2072103,0.08221283134844411,0.12639262389550518,0.7727621974644641,0.7331924702266616,,0,True
SZ300470,27.02,0.3479697,0.043219362274298886,0.05704955820207453,0.6044948136765271,0.5032654629273915,,0,True
SZ300471,9.9,0.5016511,0.4859777180176719,0.5741452170572416,0.6949673453707261,0.49212447176335,,0,True
SZ300473,38.309998,2.8880806,0.9083749519784864,0.855359200922013,0.5345754898194391,0.9149058778332693,量能水平;量能波动;量能比,3,False
SZ300474,51.499996,3.3127015,0.2541298501728774,0.41797925470610836,0.22109104878985786,0.8772570111409912,量能比,1,False
SZ300475,160.20001,43.434464,0.6926623127160968,0.5595466769112563,0.08624663849404533,0.23223203995389935,,0,True
SZ300476,216.76,63.616657,0.656934306569343,0.742604686899731,0.024779101037264696,0.7418363426815213,,0,True
SZ300477,2.6499999,0.5327142,0.298501728774491,0.3980023050326546,0.24394928928159815,0.17499039569727237,,0,True
SZ300478,32.440002,1.410093,0.2996542451018056,0.12408759124087591,0.6263926238955052,0.5474452554744526,,0,True
SZ300479,14.93,0.46106693,0.11160199769496734,0.0685747214752209,0.5451402228198233,0.25605071071840185,,0,True
SZ300480,30.050001,3.3663092,0.18113714944295045,0.15040338071456014,0.4629273914713792,0.31886285055704955,,0,True
SZ300481,13.5199995,0.89845914,0.10411064156742221,0.05570495582020745,0.3152132155205532,0.6354206684594699,,0,True
SZ300482,16.32,0.6633957,0.06454091432961967,0.030157510564733002,0.35862466384940456,0.728582404917403,,0,True
SZ300483,22.77,3.1217473,0.6292739147137918,0.41413753361505956,0.6920860545524395,0.25854782942758353,,0,True
SZ300484,13.12,0.3354154,0.04878985785631963,0.2543219362274299,0.9099116404149059,0.8626584709950058,量能动量;量能比,2,False
SZ300485,8.469999,0.37703955,0.3668843641951594,0.3799462159047253,0.2053399923165578,0.5998847483672686,,0,True
SZ300486,17.37,1.2591442,0.23453707260852863,0.059162504802151364,0.6757587399154822,0.1390703034959662,,0,True
SZ300487,66.95,3.0495362,0.049750288129081825,0.0374567806377257,0.031502112946600075,0.16596235113330773,,0,True
SZ300488,36.04,2.2505348,0.41605839416058393,0.4744525547445255,0.05724164425662697,0.37821744141375335,,0,True
SZ300489,256.9,27.232113,0.5768344218209758,0.5255474452554745,0.3313484441029581,0.7921628889742605,,0,True
SZ300490,10.65,1.2112037,0.45754898194391086,0.5902804456396465,0.8440261237034191,0.6077602766039185,量能动量,1,False
SZ300491,35.59,4.2533574,0.5776027660391856,0.5364963503649635,0.6060315021129467,0.7429888590088359,,0,True
SZ300492,20.609999,0.70520854,0.009028044563964657,0.016135228582404917,0.6160199769496735,0.5526315789473685,,0,True
SZ300493,12.89,1.2520312,0.11467537456780638,0.2593161736457933,0.39819439108720706,0.7938916634652324,,0,True
SZ300494,7.9800005,0.6430212,0.3501728774490972,0.29158663081060315,0.6657702650787553,0.16577026507875528,,0,True
SZ300496,53.239998,4.7047615,0.4417979254706108,0.48194391087207067,0.3257779485209374,0.2958125240107568,,0,True
SZ300497,17.61,7.931406,0.704955820207453,0.5553207837111026,0.1336918939684979,0.6006530925854783,,0,True
SZ300498,15.08,6.264881,0.9902036112178256,0.9635036496350365,0.8340376488666923,0.16135228582404917,量能水平;量能波动;量能动量,3,False
SZ300499,33.480003,12.935739,0.787168651555897,0.6334998079139454,0.07222435651171726,0.06281213983864771,,0,True
SZ300500,10.01,0.3252193,0.21379177871686517,0.33096427199385325,0.9379562043795621,0.7548981943910872,量能动量,1,False
SZ300501,10.900001,0.4769532,0.1692278140606992,0.7798693814829043,0.9973107952362659,0.9696504033807145,量能动量;量能比,2,False
SZ300502,392.91,138.41562,0.39665770265078754,0.3686131386861314,0.5092201306185171,0.46753745678063774,,0,True
SZ300503,61.5,5.586354,0.21763349980791394,0.2935074913561275,0.44199001152516326,0.7330003841721091,,0,True
SZ300504,17.439999,1.4614081,0.6999615827890895,0.8603534383403765,0.3949289281598156,0.8762965808682289,量能波动;量能比,2,False
SZ300505,18.43,4.6285524,0.7247406838263543,0.563388398002305,0.24260468689973108,0.05243949289281598,,0,True
SZ300506,4.7000003,0.7916193,0.16500192086054552,0.47887053399923163,0.7654629273914714,0.7933154053015751,,0,True
SZ300507,6.29,0.47747716,0.11006530925854784,0.12773722627737227,0.7908182865923934,0.46465616596235115,,0,True
SZ300508,36.809998,0.8005416,0.15789473684210525,0.07741067998463312,0.5858624663849404,0.3534383403764887,,0,True
SZ300509,9.030001,0.39552253,0.07030349596619286,0.09623511333077218,0.9141375336150596,0.6703803303880138,量能动量,1,False
SZ300510,3.4800003,0.6323677,0.3351901651940069,0.21321552055320783,0.6121782558586246,0.44621590472531697,,0,True
SZ300511,4.75,2.0527282,0.8866692278140607,0.7379946215904726,0.07030349596619286,0.03054168267383788,量能水平,1,False
SZ300512,7.54,0.2910295,0.19804072224356511,0.2917787168651556,0.7272378025355359,0.7235881674990395,,0,True
SZ300513,7.4799995,0.3685735,0.14521705724164424,0.4183634268152132,0.6673069535151748,0.8860929696504034,量能比,1,False
SZ300514,10.23,0.27864188,0.044179792547061086,0.15213215520553208,0.8232808298117557,0.7662312716096812,量能动量,1,False
SZ300515,16.25,0.5856466,0.07568190549366116,0.4529389166346523,0.16192854398770648,0.9275835574337303,量能比,1,False
SZ300516,34.04,1.9607731,0.5115251632731463,0.44237418363426817,0.13849404533230888,0.31713407606607763,,0,True
SZ300517,11.41,0.8149874,0.3457548981943911,0.23933922397233962,0.25854782942758353,0.10583941605839416,,0,True
SZ300518,26.66,2.093893,0.6753745678063773,0.7416442566269689,0.6054552439492893,0.752208989627353,,0,True
SZ300519,14.78,0.39921105,0.07184018440261238,0.1260084517864003,0.41855551286976567,0.5297733384556281,,0,True
SZ300520,22.940002,2.1037035,0.36707645024971186,0.8595850941221668,0.948905109489051,0.9817518248175182,量能波动;量能动量;量能比,3,False
SZ300521,24.36,0.70112664,0.11870918171340761,0.08663081060315021,0.5276603918555512,0.4154821359969266,,0,True
SZ300522,14.63,2.9622204,0.5977718017671917,0.3822512485593546,0.44314252785247793,0.7865923933922397,,0,True
SZ300523,23.2,0.8819256,0.2986938148290434,0.6820975797157126,0.9886669227814061,0.9452554744525548,量能动量;量能比,2,False
SZ300525,7.78,0.8628184,0.07356895889358432,0.18632347291586632,0.4733000384172109,0.5543603534383403,,0,True
SZ300528,13.490001,2.5027647,0.6920860545524395,0.5268920476373415,0.5499423741836342,0.07011140991164042,,0,True
SZ300529,14.929999,0.5849373,0.13215520553207838,0.1336918939684979,0.3088743757203227,0.5051863234729159,,0,True
SZ300530,19.409998,1.0914721,0.22550902804456396,0.39031886285055706,0.9696504033807145,0.26815213215520556,量能动量,1,False
SZ300531,15.19,1.2997675,0.2679600461006531,0.2097579715712639,0.3234729158663081,0.10065309258547829,,0,True
SZ300532,7.4300003,0.55146146,0.09642719938532462,0.09181713407606608,0.21283134844410295,0.4840568574721475,,0,True
SZ300533,13.87,1.2163793,0.6225509028044564,0.5810603150211294,0.09930849020361122,0.06972723780253554,,0,True
SZ300534,12.629999,6.4026456,0.8543987706492508,0.8699577410679985,0.20149827122550903,0.8106031502112947,量能水平;量能波动;量能比,3,False
SZ300535,15.94,0.32001615,0.16173645793315405,0.08720706876680753,0.6021897810218978,0.6048789857856319,,0,True
SZ300536,8.099999,0.5451777,0.11909335382251249,0.06511717249327699,0.5105647330003842,0.2272378025355359,,0,True
SZ300537,20.32,1.8844764,0.46254321936227427,0.40530157510564735,0.1584709950057626,0.38321167883211676,,0,True
SZ300538,14.46,0.6203158,0.1930464848252017,0.24202842873607375,0.1142912024587015,0.5885516711486746,,0,True
SZ300539,17.53,1.1254066,0.10852862082212832,0.3501728774490972,0.3136765270841337,0.7756434882827506,,0,True
SZ300540,25.069998,2.2458198,0.5618517095658855,0.6976565501344603,0.2773722627737226,0.7381867076450249,,0,True
SZ300541,9.36,0.5140388,0.1123703419131771,0.14368036880522475,0.6359969266231271,0.35728006146753744,,0,True
SZ300542,12.35,0.9832365,0.12850557049558203,0.19573568958893584,0.09969266231271609,0.06915097963887822,,0,True
SZ300543,7.919999,0.30558696,0.1336918939684979,0.0695351517479831,0.25105647330003844,0.5226661544371879,,0,True
SZ300545,26.88,2.3043861,0.48367268536304264,0.8152132155205533,0.8597771801767192,0.9339223972339609,量能波动;量能动量;量能比,3,False
SZ300546,16.78,1.2888135,0.4091432961966961,0.27660391855551286,0.298501728774491,0.028620822128313485,,0,True
SZ300547,23.720001,1.7559779,0.31041106415674224,0.5157510564733,0.44909719554360356,0.6023818670764503,,0,True
SZ300548,218.02998,27.292322,0.477718017671917,0.29101037264694585,0.660391855551287,0.43084902036112177,,0,True
SZ300549,15.15,0.2567037,0.06069919323857088,0.040145985401459854,0.8470995005762582,0.7270457164809835,量能动量,1,False
SZ300550,14.0199995,1.0262011,0.29830964271993854,0.3446023818670764,0.04782942758355743,0.14137533615059547,,0,True
SZ300551,11.910001,1.4121095,0.34172109104878984,0.21091048789857855,0.5330388013830196,0.10910487898578564,,0,True
SZ300552,20.15,1.0574057,0.28620822128313483,0.1517479830964272,0.822512485593546,0.10468689973107953,量能动量,1,False
SZ300553,59.549995,3.5956135,0.4640799077986938,0.2898578563196312,0.6452170572416442,0.1872839031886285,,0,True
SZ300554,22.960001,0.9898451,0.33096427199385325,0.6842105263157895,0.7581636573184787,0.9727237802535535,量能比,1,False
SZ300556,16.17,0.9533426,0.2785247791010373,0.1867076450249712,0.6431041106415675,0.07856319631194775,,0,True
SZ300557,24.14,0.5887881,0.07529773338455628,0.1273530541682674,0.5487898578563196,0.6217825585862466,,0,True
SZ300558,48.96,4.564001,0.8276988090664618,0.8778332693046484,0.4940453323088744,0.7994621590472532,量能水平;量能波动,2,False
SZ300559,12.820001,1.0621341,0.2139838647714176,0.060122935074913564,0.05762581636573185,0.041106415674222054,,0,True
SZ300560,16.130001,2.0029407,0.3847483672685363,0.2773722627737226,0.8705339992316558,0.8417210910487899,量能动量;量能比,2,False
SZ300561,14.370001,2.6885962,0.5948905109489051,0.4156742220514791,0.3073376872839032,0.13638109873223203,,0,True
SZ300562,15.47,2.9790385,0.6212063004225893,0.452362658470995,0.6676911256242797,0.40971955436035346,,0,True
SZ300563,24.460001,2.9769862,0.4556281213983865,0.4469842489435267,0.027660391855551286,0.09393008067614292,,0,True
SZ300564,12.63,0.30589885,0.24394928928159815,0.2291586630810603,0.6709565885516712,0.606223588167499,,0,True
SZ300565,9.820001,0.75657433,0.46484825201690355,0.24298885900883596,0.6646177487514406,0.3880138301959278,,0,True
SZ300566,23.97,4.68074,0.661736457933154,0.8034959661928543,0.5966192854398771,0.8736073761044948,量能波动;量能比,2,False
SZ300567,197.09999,11.448988,0.33653476757587397,0.2691125624279677,0.6607760276603919,0.35766423357664234,,0,True
SZ300568,16.01,9.340562,0.8470995005762582,0.8812908182865924,0.6961198616980407,0.7925470610833654,量能水平;量能波动,2,False
SZ300569,5.36,1.6149304,0.8082981175566654,0.9675374567806377,0.9738762965808683,0.9504417979254706,量能水平;量能波动;量能动量;量能比,4,False
SZ300570,216.2,35.414997,0.8376872839031886,0.7827506723011909,0.6281213983864772,0.4683058009988475,量能水平,1,False
SZ300571,27.800001,1.4414581,0.1448328851325394,0.24068382635420668,0.49961582789089515,0.6154437187860161,,0,True
SZ300572,23.580002,1.3028738,0.2116788321167883,0.1492508643872455,0.7185939300806762,0.3205916250480215,,0,True
SZ300573,35.69,1.3647184,0.00384172109104879,0.004033807145601229,0.263542066845947,0.5389934690741452,,0,True
SZ300575,6.1000004,0.9475232,0.46523242412600846,0.7003457548981944,0.004610065309258548,0.8140606991932385,量能比,1,False
SZ300576,27.499998,3.2730143,0.15405301575105648,0.19842489435267,0.22896657702650788,0.40549366116019975,,0,True
SZ300577,18.65,0.6474515,0.12485593545908567,0.2022666154437188,0.2537456780637726,0.10449481367652709,,0,True
SZ300578,15.380001,0.6334263,0.15981559738762965,0.27064925086438724,0.7568190549366116,0.6529004994237418,,0,True
SZ300579,23.85,1.361914,0.17499039569727237,0.2120630042258932,0.6575105647330004,0.5186323472915866,,0,True
SZ300580,17.94,1.2262325,0.22051479062620052,0.17191701882443336,0.35286208221283133,0.49423741836342683,,0,True
SZ300581,10.03,1.6777786,0.2940837495197849,0.06626968882059163,0.37437572032270455,0.025163273146369573,,0,True
SZ300582,10.6,0.9805473,0.49250864387245485,0.24126008451786402,0.3862850557049558,0.03764886669227814,,0,True
SZ300583,13.589999,0.7021035,0.7616212063004226,0.5401459854014599,0.442758355743373,0.2095658855167115,,0,True
SZ300584,30.7,0.7218011,0.10679984633115636,0.246062235881675,0.9423741836342682,0.638109873223204,量能动量,1,False
SZ300586,8.82,1.7037624,0.22819823280829812,0.3169419900115252,0.7057241644256627,0.7979254706108336,,0,True
SZ300587,4.49,1.2491561,0.39531310026892047,0.6671148674606223,0.7660391855551287,0.9460238186707645,量能比,1,False
SZ300588,21.02,1.1532196,0.09565885516711486,0.07894736842105263,0.09469842489435266,0.043027276219746446,,0,True
SZ300589,13.809999,3.6906145,0.3851325393776412,0.22378025355359202,0.6215904725316942,0.09181713407606608,,0,True
SZ300590,11.240001,1.4329025,0.531886285055705,0.4738762965808682,0.38551671148674604,0.7208989627353054,,0,True
SZ300591,6.17,0.9529947,0.2923549750288129,0.4233576642335766,0.3640030733768728,0.4466000768344218,,0,True
SZ300592,19.3,2.6396627,0.4469842489435267,0.5927775643488282,0.05666538609296965,0.5401459854014599,,0,True
SZ300593,29.7,5.9781876,0.24932769880906647,0.1406069919323857,0.3102189781021898,0.4001152516327315,,0,True
SZ300594,15.33,0.24589849,0.26834421820975796,0.3340376488666923,0.6753745678063773,0.35535920092201306,,0,True
SZ300595,9.990001,0.764118,0.07376104494813676,0.08970418747598924,0.3248175182481752,0.3651555897041875,,0,True
SZ300596,38.980003,0.9143145,0.09988474836726853,0.16212063004225893,0.7658470995005763,0.6019976949673453,,0,True
SZ300597,8.08,0.3006225,0.1565501344602382,0.10276603918555513,0.7956204379562044,0.5497502881290818,,0,True
SZ300598,30.530003,2.3474557,0.21052631578947367,0.16807529773338456,0.42643104110641566,0.09815597387629658,,0,True
SZ300599,13.9800005,1.5178905,0.6085286208221283,0.8912792931233192,0.842681521321552,0.9750288129081829,量能波动;量能动量;量能比,3,False
SZ300600,10.24,1.2517812,0.485593545908567,0.33480599308490205,0.23684210526315788,0.06377257011140991,,0,True
SZ300601,12.79,2.1393082,0.17134076066077603,0.434882827506723,0.019784863618901267,0.788897426046869,,0,True
SZ300602,35.77,8.590563,0.5635804840568575,0.4168267383787937,0.43987706492508644,0.16404149058778333,,0,True
SZ300603,7.9199996,0.8733054,0.13542066845946985,0.22493276988090666,0.6636573184786785,0.4504417979254706,,0,True
SZ300604,247.89,43.53761,0.18421052631578946,0.26815213215520556,0.25316941990011527,0.3668843641951594,,0,True
SZ300605,10.63,0.55488986,0.2130234344986554,0.4900115251632731,0.9721475220898963,0.7516327314636957,量能动量,1,False
SZ300606,33.000004,2.6327395,0.3613138686131387,0.6369573568958894,0.033038801383019595,0.7318478678447945,,0,True
SZ300607,30.619999,10.39408,0.7122550902804456,0.49750288129081827,0.18017671917018824,0.051479062620053785,,0,True
SZ300608,9.89,0.7077398,0.2656550134460238,0.39877064925086436,0.12293507491356127,0.6993853246254322,,0,True
SZ300609,24.099998,0.72424465,0.17960046100653093,0.4056857472147522,0.6734537072608529,0.7305032654629274,,0,True
SZ300610,10.389999,0.3592477,0.09028044563964656,0.1225509028044564,0.7099500576258163,0.35881674990395696,,0,True
SZ300611,27.79,1.0447094,0.17095658855167115,0.13100268920476374,0.3651555897041875,0.46715328467153283,,0,True
SZ300612,12.429999,0.7107025,0.37821744141375335,0.37418363426815215,0.676142912024587,0.6367652708413369,,0,True
SZ300613,82.52,10.058704,0.7958125240107569,0.6650019208605455,0.33980023050326547,0.7107184018440261,,0,True
SZ300614,10.53,0.27815086,0.5666538609296965,0.27160968113714945,0.6876680752977334,0.6133307721859393,,0,True
SZ300615,13.2699995,1.9172007,0.6250480215136381,0.6246638494045332,0.3011909335382251,0.38301959277756437,,0,True
SZ300616,10.879999,0.52069455,0.7652708413369189,0.89684978870534,0.46311947752593163,0.8901267767960046,量能波动;量能比,2,False
SZ300617,34.54,1.1417379,0.33269304648482523,0.24241260084517863,0.6394544756050711,0.22839031886285055,,0,True
SZ300618,30.41,1.0227273,0.11025739531310026,0.13964656165962352,0.44525547445255476,0.419131771033423,,0,True
SZ300619,24.000002,1.7218617,0.2917787168651556,0.5107568190549366,0.8966577026507876,0.8336534767575874,量能动量;量能比,2,False
SZ300620,261.02997,30.618378,0.4750288129081829,0.40587783326930466,0.2529773338455628,0.3768728390318863,,0,True
SZ300621,7.27,0.28943625,0.17883211678832117,0.18843641951594314,0.7354975028812908,0.5334229734921244,,0,True
SZ300622,14.8,1.3410772,0.15021129466000768,0.5169035728006147,0.27602766039185556,0.676142912024587,,0,True
SZ300623,32.850002,6.3382893,0.6131386861313869,0.6394544756050711,0.07414521705724164,0.6988090664617749,,0,True
SZ300624,49.2,6.054634,0.6373415290049942,0.7172493276988091,0.9172109104878986,0.4850172877449097,量能动量,1,False
SZ300625,10.139999,0.21397394,0.27391471379177873,0.2266615443718786,0.3157894736842105,0.4229734921244718,,0,True
SZ300626,29.77,1.3074405,0.13983864771417595,0.31386861313868614,0.8797541298501729,0.5614675374567807,量能动量,1,False
SZ300627,26.250002,1.5443895,0.059738762965808684,0.02305032654629274,0.8436419515943142,0.284095274683058,量能动量,1,False
SZ300628,39.960003,3.3120153,0.31213983864771416,0.2719938532462543,0.7927391471379178,0.3424894352669996,,0,True
SZ300629,18.029999,1.1454039,0.1473300038417211,0.5631963119477525,0.8976181329235497,0.9320015366884364,量能动量;量能比,2,False
SZ300631,21.43,0.31899807,0.042451018056089126,0.07260852862082212,0.7960046100653092,0.39704187475989244,,0,True
SZ300632,18.23,2.788543,0.4656165962351133,0.36265847099500576,0.3054168267383788,0.43200153668843644,,0,True
SZ300633,19.25,0.78237385,0.15117172493276987,0.07933154053015751,0.3924318094506339,0.22378025355359202,,0,True
SZ300634,20.94,2.431089,0.6323472915866308,0.8878217441413754,0.2120630042258932,0.9097195543603535,量能波动;量能比,2,False
SZ300635,11.99,0.38462368,0.20341913177103343,0.1917018824433346,0.41605839416058393,0.597003457548982,,0,True
SZ300636,7.0899997,0.33191717,0.12005378409527469,0.22166730695351516,0.3993469074145217,0.7675758739915483,,0,True
SZ300637,9.45,0.2940483,0.0987322320399539,0.09815597387629658,0.6046868997310795,0.38743757203227047,,0,True
SZ300638,19.82,2.5387716,0.0958509412216673,0.2829427583557434,0.13772570111409912,0.7249327698809066,,0,True
SZ300639,6.2000003,0.65291166,0.2378025355359201,0.4114483288513254,0.6548213599692663,0.9024202842873608,量能比,1,False
SZ300640,6.33,0.67455304,0.29658086822896657,0.3031117940837495,0.726853630426431,0.6571263926238955,,0,True
SZ300641,12.88,0.5476133,0.17402996542451019,0.20687668075297733,0.43699577410679985,0.3530541682673838,,0,True
SZ300642,19.880001,5.2250943,0.9467921628889743,0.9686899731079524,0.52362658470995,0.822128313484441,量能水平;量能波动;量能比,3,False
SZ300643,18.220001,0.94149,0.15770265078755283,0.20303495966192855,0.9225893200153669,0.33730311179408373,量能动量,1,False
SZ300644,20.929998,0.44901404,0.1653860929696504,0.3816749903956973,0.08163657318478679,0.9104878985785632,量能比,1,False
SZ300645,14.09,0.5014693,0.18401844026123704,0.48136765270841336,0.35439877064925085,0.8363426815213215,量能比,1,False
SZ300647,9.679999,5.283623,0.8782174414137534,0.9417979254706108,0.9279677295428352,0.7527852477910104,量能水平;量能波动;量能动量,3,False
SZ300648,37.960003,0.70375466,0.07798693814829043,0.08701498271225509,0.23511333077218594,0.4867460622358817,,0,True
SZ300649,26.8,1.4992021,0.1965040338071456,0.21071840184402613,0.039953899346907414,0.20937379946215906,,0,True
SZ300650,12.180001,0.8319654,0.27794852093737993,0.5159431425278524,0.2222435651171725,0.5042258932001537,,0,True
SZ300651,16.0,0.98922306,0.41375336150595465,0.38590088359585095,0.11755666538609297,0.05589704187475989,,0,True
SZ300652,27.63,0.7532364,0.26392623895505185,0.635036496350365,0.18939684978870533,0.9562043795620438,量能比,1,False
SZ300653,15.740001,0.2935075,0.02689204763734153,0.07472147522089896,0.8278908951210142,0.617556665386093,量能动量,1,False
SZ300654,9.61,0.96352035,0.16404149058778333,0.17518248175182483,0.7239723396081444,0.3486361890126777,,0,True
SZ300655,12.650001,4.1456804,0.1882443334613907,0.27890895121014214,0.30656934306569344,0.6064156742220514,,0,True
SZ300656,29.730001,1.9255792,0.36496350364963503,0.3764886669227814,0.6117940837495198,0.6736457933154053,,0,True
SZ300657,34.16,9.392024,0.5186323472915866,0.44717633499807913,0.1317710334229735,0.36169804072224354,,0,True
SZ300658,10.41,0.74994314,0.43853246254321937,0.22877449097195543,0.3511333077218594,0.4435266999615828,,0,True
SZ300659,11.299999,1.4148858,0.5514790626200538,0.81732616212063,0.7771801767191702,0.8797541298501729,量能波动;量能比,2,False
SZ300660,23.51,1.0144383,0.3034959661928544,0.14694583173261622,0.2758355743373031,0.44237418363426817,,0,True
SZ300661,112.8,11.2971115,0.2641183250096043,0.10852862082212832,0.5731847867844795,0.6056473300038417,,0,True
SZ300662,20.630001,0.90958184,0.22435651171724932,0.19381482904341144,0.4506338839800231,0.0364963503649635,,0,True
SZ300663,7.4500003,1.9095116,0.4544756050710718,0.5099884748367268,0.21859393008067615,0.17153284671532848,,0,True
SZ300664,4.61,0.24461041,0.23703419131771034,0.17134076066077603,0.871494429504418,0.571263926238955,量能动量,1,False
SZ300665,8.740001,0.57030326,0.24010756819054938,0.11448328851325394,0.37764118325009605,0.2637341529004994,,0,True
SZ300666,230.33,22.499187,0.3955051863234729,0.39531310026892047,0.4417979254706108,0.20361121782558586,,0,True
SZ300667,14.720001,0.8983469,0.23895505186323474,0.4665770265078755,0.619285439877065,0.7977333845562812,,0,True
SZ300668,31.06,0.94241095,0.180945063388398,0.37706492508643874,0.641183250096043,0.6811371494429505,,0,True
SZ300669,24.539999,0.48640692,0.04552439492892816,0.22627737226277372,0.12908182865923934,0.9266231271609681,量能比,1,False
SZ300670,7.46,0.8984443,0.45697272378025355,0.6771033422973493,0.30772185939300806,0.858432577794852,量能比,1,False
SZ300671,58.849995,7.188025,0.5023050326546292,0.5209373799462159,0.6204379562043796,0.8023434498655397,量能比,1,False
SZ300672,186.48001,16.223797,0.43084902036112177,0.39204763734152903,0.3593930080676143,0.5845178640030734,,0,True
SZ300673,14.88,0.5790672,0.2796772954283519,0.2009220130618517,0.19573568958893584,0.21283134844410295,,0,True
SZ300674,15.9800005,3.0831678,0.6519400691509797,0.6913177103342297,0.22685363042643103,0.15674222051479061,,0,True
SZ300675,14.279999,0.43392512,0.050902804456396465,0.6642335766423357,0.996926623127161,0.982520169035728,量能动量;量能比,2,False
SZ300676,44.16,4.248908,0.7883211678832117,0.8932001536688436,0.4106799846331156,0.9629273914713792,量能波动;量能比,2,False
SZ300677,49.18,4.509179,0.258739915482136,0.12063004225893201,0.798501728774491,0.33499807913945445,,0,True
SZ300678,20.939999,0.82004017,0.0447560507107184,0.04533230887437572,0.34805993084902037,0.30599308490203614,,0,True
SZ300679,40.91,7.587651,0.9379562043795621,0.8926238955051863,0.32750672301190936,0.6313868613138686,量能水平;量能波动,2,False
SZ300680,20.189999,1.0937473,0.07875528236650019,0.05263157894736842,0.2076450249711871,0.37533615059546677,,0,True
SZ300681,21.939999,2.2195683,0.5401459854014599,0.6379177871686516,0.9671532846715328,0.9356511717249327,量能动量;量能比,2,False
SZ300682,8.6,1.0963485,0.37533615059546677,0.1736457933154053,0.29273914713791777,0.3807145601229351,,0,True
SZ300683,24.93,1.1811137,0.8150211294660008,0.8891663465232424,0.05243949289281598,0.68267383787937,量能水平;量能波动,2,False
SZ300684,107.38,23.832952,0.5121014214368037,0.5211294660007684,0.8962735305416827,0.7385708797541298,量能动量,1,False
SZ300685,21.0,1.8216573,0.2149442950441798,0.6348444102958125,0.7437572032270457,0.9863618901267768,量能比,1,False
SZ300686,14.679999,0.77750593,0.27545140222819825,0.3311563580484057,0.9074145217057241,0.720706876680753,量能动量,1,False
SZ300687,29.18,4.096023,0.5850941221667307,0.45639646561659625,0.5107568190549366,0.6699961582789089,,0,True
SZ300688,34.480003,3.3070087,0.4565885516711487,0.5303495966192855,0.8392239723396081,0.5562812139838648,量能动量,1,False
SZ300689,61.19,2.4814591,0.3069535151747983,0.3013830195927776,0.5074913561275451,0.7143680368805225,,0,True
SZ300690,26.68,1.8901552,0.660391855551287,0.8693814829043411,0.9683058009988474,0.9289281598155974,量能波动;量能动量;量能比,3,False
SZ300691,20.54,2.3756583,0.6006530925854783,0.8561275451402228,0.44487130234344985,0.9980791394544756,量能波动;量能比,2,False
SZ300692,8.780001,1.2883624,0.39031886285055706,0.40049942374183634,0.010564733000384172,0.5111409911640414,,0,True
SZ300693,36.02,3.003176,0.2752593161736458,0.24567806377257012,0.2729542835190165,0.560315021129466,,0,True
SZ300694,10.73,0.42550543,0.354014598540146,0.07184018440261238,0.7151363810987322,0.2485593545908567,,0,True
SZ300695,49.480003,0.6172998,0.44487130234344985,0.5282366500192086,0.5430272762197464,0.4285439877064925,,0,True
SZ300696,20.339998,1.157027,0.26334998079139454,0.08278908951210143,0.250864387245486,0.4350749135612755,,0,True
SZ300697,14.1900015,2.4460177,0.36650019208605455,0.23953131002689204,0.26219746446407993,0.05512869765655013,,0,True
SZ300698,27.13,0.689458,0.09354590856703804,0.2349212447176335,0.3205916250480215,0.6763349980791394,,0,True
SZ300699,22.61,1.780708,0.3090664617748751,0.3184786784479447,0.38301959277756437,0.4961582789089512,,0,True
SZ300700,17.13,1.4591665,0.20879754129850173,0.34210526315789475,0.3561275451402228,0.6815213215520554,,0,True
SZ300701,10.07,0.2810006,0.039761813292354974,0.043795620437956206,0.9043411448328851,0.5672301190933539,量能动量,1,False
SZ300702,22.020002,0.53907067,0.155589704187476,0.4268152132155206,0.8261621206300422,0.8820591625048021,量能动量;量能比,2,False
SZ300703,13.96,1.0046676,0.5005762581636574,0.2963887821744141,0.6260084517864003,0.29446792162888974,,0,True
SZ300705,10.67,0.51292497,0.050326546292739145,0.10372646945831733,0.15213215520553208,0.6427199385324626,,0,True
SZ300706,47.74,3.0649705,0.31502112946600075,0.361890126776796,0.46580868228966577,0.6588551671148675,,0,True
SZ300707,12.21,0.31762323,0.14310411064156742,0.14579331540530158,0.7852477910103727,0.6836342681521321,,0,True
SZ300708,9.13,2.958793,0.320783711102574,0.677871686515559,0.09604302727621974,0.9247022666154437,量能比,1,False
SZ300709,35.1,5.4669714,0.9172109104878986,0.6517479830964272,0.45140222819823284,0.01882443334613907,量能水平,1,False
SZ300710,29.97,0.8850888,0.2529773338455628,0.6056473300038417,0.7756434882827506,0.8113714944295044,量能比,1,False
SZ300711,17.350002,1.9927107,0.44314252785247793,0.3186707645024971,0.1250480215136381,0.10948905109489052,,0,True
SZ300712,19.920002,0.30567658,0.072992700729927,0.03880138301959278,0.30272762197464465,0.5028812908182866,,0,True
SZ300713,14.26,0.38093153,0.35439877064925085,0.6740299654245102,0.7481751824817519,0.9068382635420669,量能比,1,False
SZ300715,13.760001,1.2172363,0.23165578179024202,0.46926623127160966,0.12620053784095275,0.5468689973107952,,0,True
SZ300716,17.42,0.33490103,0.08567038033038801,0.2003457548981944,0.6740299654245102,0.5898962735305416,,0,True
SZ300717,19.73,0.48293105,0.16058394160583941,0.38993469074145215,0.27986938148290436,0.8843641951594314,量能比,1,False
SZ300718,55.210003,2.6783485,0.22128313484441028,0.6467537456780638,0.9708029197080292,0.9237418363426815,量能动量;量能比,2,False
SZ300719,11.88,0.43933624,0.2295428351901652,0.10814444871302344,0.47791010372646947,0.17095658855167115,,0,True
SZ300720,57.17,5.1471534,0.29542835190165195,0.4091432961966961,0.5243949289281599,0.7068766807529774,,0,True
SZ300721,20.699999,1.7631277,0.5701114099116404,0.2856319631194775,0.34421820975797157,0.2447176334998079,,0,True
SZ300722,20.85,1.009181,0.04706108336534767,0.012677679600461006,0.20111409911640415,0.01844026123703419,,0,True
SZ300723,32.6,1.968053,0.3209757971571264,0.3561275451402228,0.09393008067614292,0.32212831348444104,,0,True
SZ300724,53.93,3.2286575,0.6273530541682674,0.4441029581252401,0.43930080676142913,0.6523242412600845,,0,True
SZ300725,52.23,9.968772,0.6688436419515943,0.6619285439877065,0.652132155205532,0.8572800614675374,量能比,1,False
SZ300726,53.03,7.061416,0.7746830580099885,0.7504802151363811,0.17748751440645408,0.44333461390703033,,0,True
SZ300727,33.530003,1.8418635,0.22205147906262004,0.22013061851709567,0.8269304648482521,0.32654629273914715,量能动量,1,False
SZ300729,11.149999,0.4073691,0.1415674222051479,0.4089512101421437,0.21187091817134077,0.9018440261237034,量能比,1,False
SZ300730,11.7699995,0.47710943,0.07318478678447944,0.34364195159431427,0.9690741452170573,0.9425662696888206,量能动量;量能比,2,False
SZ300731,44.94,4.692105,0.5472531694199001,0.6114099116404149,0.4289281598155974,0.6876680752977334,,0,True
SZ300732,5.9,0.29965433,0.3983864771417595,0.23453707260852863,0.7694967345370726,0.36765270841336917,,0,True
SZ300733,12.71,0.6871212,0.27506723011909334,0.4988474836726854,0.03707260852862082,0.7850557049558202,,0,True
SZ300735,17.84,2.1349046,0.49750288129081827,0.58739915482136,0.379369957741068,0.5130618517095659,,0,True
SZ300736,34.379997,1.729619,0.3822512485593546,0.27545140222819825,0.4635036496350365,0.46523242412600846,,0,True
SZ300737,4.6100006,1.1596467,0.7564348828275067,0.7180176719170188,0.07760276603918556,0.8469074145217057,量能比,1,False
SZ300738,18.69,4.8336263,0.3434498655397618,0.4911640414905878,0.36650019208605455,0.6060315021129467,,0,True
SZ300739,29.790003,6.3394504,0.8682289665770265,0.4197080291970803,0.80945063388398,0.5453323088743757,量能水平;量能动量,2,False
SZ300740,20.68,6.221957,0.8991548213599693,0.928736073761045,0.4435266999615828,0.8993469074145217,量能水平;量能波动;量能比,3,False
SZ300741,25.43,4.9026613,0.9819439108720707,0.9356511717249327,0.4172109104878986,0.8897426046868997,量能水平;量能波动;量能比,3,False
SZ300743,14.589999,0.32152805,0.07068766807529774,0.15194006915097963,0.3292354975028813,0.5996926623127161,,0,True
SZ300745,26.900002,1.5939255,0.5649250864387245,0.45024971187091817,0.8572800614675374,0.46965040338071457,量能动量,1,False
SZ300746,16.81,0.76028633,0.22185939300806762,0.7451018056089128,0.975989243180945,0.9058778332693046,量能动量;量能比,2,False
SZ300747,36.399998,8.653367,0.8561275451402228,0.723780253553592,0.36822896657702653,0.19266231271609682,量能水平,1,False
SZ300748,23.990002,3.1649249,0.20130618517095658,0.17326162120630043,0.3983864771417595,0.5207452938916635,,0,True
SZ300749,22.06,0.99187165,0.22147522089896274,0.2041874759892432,0.8519016519400692,0.771417595082597,量能动量,1,False
SZ300750,286.8,112.72075,0.9700345754898194,0.947560507107184,0.3578563196311948,0.5426431041106415,量能水平;量能波动,2,False
SZ300751,182.04,10.378763,0.5374567806377257,0.5090280445639647,0.13138686131386862,0.27833269304648484,,0,True
SZ300752,13.04,1.1138891,0.4627353054168267,0.4389166346523242,0.1298501728774491,0.24068382635420668,,0,True
SZ300753,20.54,1.0214274,0.43641951594314254,0.5457164809834806,0.0466769112562428,0.48482520169035725,,0,True
SZ300755,11.080001,0.70127994,0.46753745678063774,0.565117172493277,0.3002305032654629,0.8928159815597387,量能比,1,False
SZ300756,30.080002,1.7187366,0.5082597003457549,0.6071840184402613,0.22243565117172492,0.7794852093737995,,0,True
SZ300757,529.0,34.391502,0.5685747214752209,0.22570111409911642,0.8688052247406838,0.5582020745293892,量能动量,1,False
SZ300758,11.09,0.9074257,0.4781021897810219,0.2602766039185555,0.5941221667306954,0.07645024971187092,,0,True
SZ300759,42.98,20.075449,0.8152132155205533,0.7310795236265847,0.24356511717249327,0.5553207837111026,量能水平,1,False
SZ300760,159.01,11.754292,0.9391087207068767,0.9003073376872839,0.7245485977718018,0.41221667306953513,量能水平;量能波动,2,False
SZ300761,20.859999,1.6331893,0.7331924702266616,0.7979254706108336,0.5893200153668844,0.3507491356127545,,0,True
SZ300762,24.83,3.4540436,0.46139070303495966,0.4460238186707645,0.42912024587014985,0.6674990395697272,,0,True
SZ300763,52.620003,4.244763,0.4104878985785632,0.34114483288513253,0.2266615443718786,0.5860545524394929,,0,True
SZ300765,44.079998,7.465578,0.572992700729927,0.6148674606223589,0.09162504802151364,0.3834037648866692,,0,True
SZ300766,21.54,4.0124235,0.89684978870534,0.8582404917402997,0.3219362274298886,0.16826738378793699,量能水平;量能波动,2,False
SZ300767,19.66,1.5978547,0.46331156358048403,0.5639646561659624,0.4083749519784864,0.6717249327698809,,0,True
SZ300768,15.170001,0.9150759,0.41356127545140225,0.4577410679984633,0.8661160199769496,0.7812139838647714,量能动量,1,False
SZ300769,39.27,3.1944108,0.5332308874375721,0.4961582789089512,0.8157894736842105,0.48463311563580486,量能动量,1,False
SZ300770,35.219997,0.8868628,0.35862466384940456,0.31041106415674224,0.9104878985785632,0.8328851325393777,量能动量;量能比,2,False
SZ300771,11.41,0.3841966,0.3495966192854399,0.3622742988859009,0.7689204763734153,0.7293507491356127,,0,True
SZ300772,10.08,1.5895258,0.5195927775643489,0.7806377257011141,0.9661928543987707,0.8428736073761045,量能动量;量能比,2,False
SZ300773,14.469999,7.343797,0.9721475220898963,0.9479446792162889,0.04744525547445255,0.05647330003841721,量能水平;量能波动,2,False
SZ300774,9.74,1.0945846,0.7489435266999616,0.46331156358048403,0.5923933922397234,0.1298501728774491,,0,True
SZ300775,19.98,2.4616854,0.5580099884748367,0.41317710334229735,0.2637341529004994,0.21628889742604687,,0,True
SZ300776,126.79,10.291052,0.7464464079907799,0.8688052247406838,0.8835958509412216,0.9381482904341145,量能波动;量能动量;量能比,3,False
SZ300777,20.039999,1.1952679,0.2963887821744141,0.4416058394160584,0.7009220130618518,0.3878217441413753,,0,True
SZ300778,11.15,0.48791492,0.48482520169035725,0.38647714175950826,0.8620822128313484,0.6945831732616212,量能动量,1,False
SZ300779,50.68,3.3810697,0.387245485977718,0.3209757971571264,0.7994621590472532,0.35439877064925085,,0,True
SZ300780,19.01,1.0412798,0.5220898962735305,0.5011525163273146,0.09988474836726853,0.384172109104879,,0,True
SZ300781,27.650002,1.4774545,0.40530157510564735,0.5733768728390319,0.806377257011141,0.5877833269304649,量能动量,1,False
SZ300782,70.08,6.9628935,0.5485977718017672,0.5547445255474452,0.2164809834805993,0.7931233192470226,,0,True
SZ300783,16.33,0.8643592,0.5849020361121783,0.5115251632731463,0.7122550902804456,0.349212447176335,,0,True
SZ300784,42.859997,0.20933676,0.4033807145601229,0.2614291202458702,0.764886669227814,0.5797157126392624,,0,True
SZ300785,37.11,3.7193465,0.6413753361505955,0.8820591625048021,0.9938532462543219,0.9517864003073376,量能波动;量能动量;量能比,3,False
SZ300786,14.32,1.0175099,0.5316941990011526,0.6515558970418748,0.016135228582404917,0.5862466384940453,,0,True
SZ300787,11.87,0.6768922,0.35728006146753744,0.6336918939684979,0.08586246638494045,0.9131771033422974,量能比,1,False
SZ300788,30.38,4.598125,0.8705339992316558,0.8336534767575874,0.4704187475989243,0.6863234729158663,量能水平;量能波动,2,False
SZ300789,16.03,0.4137765,0.23953131002689204,0.503457548981944,0.5378409527468305,0.7737226277372263,,0,True
SZ300790,18.11,4.7156363,0.7314636957356896,0.7057241644256627,0.43603534383403764,0.6135228582404917,,0,True
SZ300791,17.69,0.2856398,0.15885516711486747,0.2466384940453323,0.7485593545908567,0.2752593161736458,,0,True
SZ300792,24.689999,2.7713203,0.8102189781021898,0.8780253553592009,0.9156742220514791,0.5960430272762197,量能水平;量能波动;量能动量,3,False
SZ300793,11.849999,0.61404496,0.3924318094506339,0.6920860545524395,0.009604302727621975,0.8228966577026507,量能比,1,False
SZ300795,12.779999,2.5719302,0.6454091432961967,0.815981559738763,0.40645409143296196,0.803303880138302,量能波动;量能比,2,False
SZ300796,6.9199996,0.27866545,0.1723011909335382,0.15539761813292355,0.4439108720706877,0.25720322704571646,,0,True
SZ300797,13.089999,0.49351987,0.04514022281982328,0.02343449865539762,0.39127929312331927,0.5620437956204379,,0,True
SZ300798,8.42,3.0964158,0.864963503649635,0.8313484441029582,0.28428736073761046,0.22013061851709567,量能水平;量能波动,2,False
SZ300800,10.72,0.2937478,0.4158663081060315,0.41260084517864004,0.3184786784479447,0.5979638878217441,,0,True
SZ300801,21.300001,0.6204628,0.40587783326930466,0.2975412985017288,0.7013061851709566,0.6444487130234345,,0,True
SZ300802,24.58,2.8075962,0.6676911256242797,0.4610065309258548,0.24183634268152132,0.3263542066845947,,0,True
SZ300803,54.62,13.294263,0.5774106799846331,0.5203611217825586,0.38436419515943143,0.25701114099116407,,0,True
SZ300804,49.260002,0.6033763,0.328659239339224,0.6167883211678832,0.9577410679984633,0.7337687283903188,量能动量,1,False
SZ300805,8.86,0.77637136,0.6707645024971187,0.7931233192470226,0.9744525547445255,0.907798693814829,量能动量;量能比,2,False
SZ300806,49.11,14.765931,0.53937764118325,0.42527852477910105,0.21129466000768343,0.24644640799077988,,0,True
SZ300807,35.58,0.3338245,0.10046100653092585,0.10468689973107953,0.7627737226277372,0.6515558970418748,,0,True
SZ300808,20.16,1.20639,0.5266999615827891,0.258739915482136,0.04706108336534767,0.05704955820207453,,0,True
SZ300809,23.84,0.80930465,0.34882827506723013,0.2708413369189397,0.3307721859393008,0.4266231271609681,,0,True
SZ300810,24.449999,0.94672984,0.5218978102189781,0.3935843257779485,0.2562427967729543,0.0384172109104879,,0,True
SZ300811,80.62,10.204245,0.4615827890895121,0.5046100653092586,0.46638494045332307,0.4479446792162889,,0,True
SZ300812,19.07,1.1337333,0.4439108720706877,0.6146753745678064,0.5931617364579331,0.8778332693046484,量能比,1,False
SZ300813,22.31,0.5705097,0.176142912024587,0.24452554744525548,0.16692278140606992,0.5966192854398771,,0,True
SZ300814,127.31,8.843384,0.7840952746830581,0.892047637341529,0.4984633115635805,0.7806377257011141,量能波动,1,False
SZ300815,15.050001,0.6879348,0.3834037648866692,0.5653092585478294,0.005954667691125624,0.5722243565117172,,0,True
SZ300816,58.270004,2.5560462,0.6258163657318478,0.5576258163657318,0.13580484056857473,0.1244717633499808,,0,True
SZ300817,17.04,0.5019821,0.14271993853246254,0.7118709181713407,0.9957741067998463,0.9464079907798694,量能动量;量能比,2,False
SZ300818,16.0,0.462795,0.1492508643872455,0.5770265078755282,0.8449865539761813,0.9041490587783327,量能动量;量能比,2,False
SZ300819,44.749996,2.0085347,0.3634268152132155,0.47867844794467923,0.14617748751440646,0.4984633115635805,,0,True
SZ300820,66.86,3.9142902,0.5113330772185939,0.328659239339224,0.13945447560507107,0.42643104110641566,,0,True
SZ300821,14.450001,6.0762854,0.912985017287745,0.7182097579715713,0.4761813292354975,0.3839800230503265,量能水平,1,False
SZ300822,11.380001,0.43903828,0.24971187091817135,0.10545524394928928,0.6187091817134076,0.11698040722243565,,0,True
SZ300823,14.91,0.38437524,0.23011909335382252,0.13638109873223203,0.44333461390703033,0.2612370341913177,,0,True
SZ300824,8.2,0.37189892,0.10776027660391856,0.5176719170188244,0.9844410295812523,0.8784095274683058,量能动量;量能比,2,False
SZ300825,11.5,3.1812105,0.711102573953131,0.6227429888590088,0.5866308106031503,0.6310026892047638,,0,True
SZ300826,14.999999,0.7568302,0.42374183634268153,0.3342297349212447,0.6246638494045332,0.6361890126776796,,0,True
SZ300827,24.510002,1.9220501,0.21532846715328466,0.17825585862466384,0.18882059162504802,0.38974260468689975,,0,True
SZ300828,17.83,1.203916,0.45217057241644254,0.7656550134460238,0.9623511333077218,0.7201306185170957,量能动量,1,False
SZ300829,22.969997,4.7569566,0.9298885900883596,0.9316173645793315,0.7577794852093738,0.9704187475989243,量能水平;量能波动;量能比,3,False
SZ300830,8.06,2.1265059,0.70630042258932,0.5376488666922782,0.5787552823665002,0.01863234729158663,,0,True
SZ300831,13.389999,0.49821585,0.07625816365731848,0.09296965040338072,0.5631963119477525,0.504802151363811,,0,True
SZ300832,49.57,2.0023317,0.5286208221283135,0.4700345754898194,0.8265462927391471,0.42239723396081447,量能动量,1,False
SZ300833,44.1,0.47978076,0.3240491740299654,0.5518632347291587,0.9800230503265462,0.9166346523242412,量能动量;量能比,2,False
SZ300834,37.98,0.6066642,0.4416058394160584,0.5541682673837879,0.5979638878217441,0.4990395697272378,,0,True
SZ300835,194.20999,5.9588113,0.35036496350364965,0.29485209373799465,0.5998847483672686,0.6094890510948905,,0,True
SZ300836,53.589996,1.5710145,0.38686131386861317,0.5305416826738378,0.00768344218209758,0.6296580868228967,,0,True
SZ300837,22.63,0.39348772,0.2502881290818287,0.16692278140606992,0.720706876680753,0.23626584709950058,,0,True
SZ300838,14.590002,0.3345788,0.18766807529773338,0.14310411064156742,0.8342297349212447,0.3129081828659239,量能动量,1,False
SZ300839,12.710001,1.5250812,0.6265847099500577,0.41855551286976567,0.10487898578563196,0.024971187091817133,,0,True
SZ300840,18.59,1.9853523,0.5259316173645794,0.568190549366116,0.07913945447560507,0.25893200153668844,,0,True
SZ300841,54.64,1.5063729,0.639838647714176,0.6553976181329235,0.2314636957356896,0.7829427583557433,,0,True
SZ300842,59.84,3.1137686,0.49193238570879755,0.6027660391855552,0.5278524779101037,0.6369573568958894,,0,True
SZ300843,119.159996,7.820464,0.520553207837111,0.5785631963119477,0.6892047637341528,0.7502881290818286,,0,True
SZ300844,25.15,0.38209695,0.4235497502881291,0.5931617364579331,0.96062235881675,0.8017671917018825,量能动量;量能比,2,False
SZ300845,14.34,0.853464,0.4193238570879754,0.4761813292354975,0.901651940069151,0.8006146753745678,量能动量;量能比,2,False
SZ300846,18.75,4.2129188,0.5964271993853246,0.5076834421820976,0.12773722627737227,0.26431041106415676,,0,True
SZ300847,14.450002,0.6431207,0.15059546676911256,0.44775259316173643,0.9665770265078756,0.9099116404149059,量能动量;量能比,2,False
SZ300848,10.95,0.32233918,0.07260852862082212,0.4790626200537841,0.4988474836726854,0.8962735305416827,量能比,1,False
SZ300849,21.3,0.61216605,0.21475220898962735,0.4844410295812524,0.7187860161352286,0.7130234344986554,,0,True
SZ300850,32.0,5.2381277,0.7579715712639262,0.8945447560507107,0.9756050710718401,0.779293123319247,量能波动;量能动量,2,False
SZ300851,25.169998,0.24816418,0.22781406069919324,0.19880906646177487,0.8930080676142912,0.7212831348444103,量能动量,1,False
SZ300852,75.689995,9.084944,0.8480599308490203,0.6578947368421053,0.814252785247791,0.5451402228198233,量能水平;量能动量,2,False
SZ300853,29.750002,1.1808565,0.5610833653476758,0.6701882443334614,0.043987706492508646,0.8096427199385324,量能比,1,False
SZ300854,15.19,0.77649593,0.6336918939684979,0.31655781790242027,0.5503265462927391,0.04648482520169036,,0,True
SZ300855,33.73,1.7601042,0.2184018440261237,0.21878601613522858,0.12389550518632347,0.23761044948136764,,0,True
SZ300856,10.33,0.29902023,0.1361890126776796,0.04955820207452939,0.1565501344602382,0.058394160583941604,,0,True
SZ300857,246.38998,41.54593,0.6069919323857088,0.5286208221283135,0.4035728006146754,0.29504417979254705,,0,True
SZ300858,14.700001,0.496305,0.23607376104494815,0.7086054552439492,0.7510564733000384,0.9321936227429889,量能比,1,False
SZ300859,22.849998,2.0464196,0.4809834805993085,0.276219746446408,0.19611986169804072,0.0311179408374952,,0,True
SZ300860,29.01,1.1314881,0.8563196311947753,0.8676527084133692,0.1920860545524395,0.6250480215136381,量能水平;量能波动,2,False
SZ300861,15.210001,1.1981683,0.8724548597771802,0.7243565117172494,0.517479830964272,0.665194006915098,量能水平,1,False
SZ300862,46.109997,12.433198,0.9911640414905878,0.9821359969266231,0.5449481367652709,0.849212447176335,量能水平;量能波动;量能比,3,False
SZ300863,37.86,2.6261098,0.8307721859393008,0.8036880522474068,0.19419900115251632,0.5026892047637341,量能水平;量能波动,2,False
SZ300864,24.74,1.3661491,0.8171340760660776,0.8488282750672301,0.6369573568958894,0.3244333461390703,量能水平;量能波动,2,False
SZ300865,29.16,1.4749566,0.8797541298501729,0.7051479062620054,0.5491740299654245,0.5274683058009988,量能水平,1,False
SZ300866,124.63,4.834867,0.9200922013061852,0.8545908567038033,0.8784095274683058,0.6119861698040723,量能水平;量能波动;量能动量,3,False
SZ300867,16.84,0.92800343,0.8300038417210911,0.6648098348059931,0.2028428736073761,0.19611986169804072,量能水平,1,False
SZ300868,75.52999,2.9028912,0.8405685747214752,0.814252785247791,0.43411448328851326,0.6018056089127929,量能水平;量能波动,2,False
SZ300869,11.339999,0.3435949,0.9018440261237034,0.9473684210526315,0.4784863618901268,0.911256242796773,量能水平;量能波动;量能比,3,False
SZ300870,181.40001,11.961294,0.9024202842873608,0.7956204379562044,0.47925470610833654,0.43161736457933153,量能水平,1,False
SZ300871,20.619999,0.80877465,0.6878601613522858,0.4606223588167499,0.5726085286208221,0.4312331924702267,,0,True
SZ300872,15.129999,1.5152149,0.92835190165194,0.8707260852862082,0.1698040722243565,0.33883980023050325,量能水平;量能波动,2,False
SZ300873,14.6,1.8099056,0.8626584709950058,0.8294275835574337,0.31924702266615446,0.8031117940837496,量能水平;量能波动;量能比,3,False
SZ300875,31.23,1.7465105,0.9600461006530926,0.869765655013446,0.1959277756434883,0.01940069150979639,量能水平;量能波动,2,False
SZ300876,15.610001,0.4248774,0.6317710334229735,0.585670380330388,0.9369957741067998,0.4018440261237034,量能动量,1,False
SZ300877,26.669998,0.6421326,0.6734537072608529,0.35055704955820205,0.30484056857472147,0.1678832116788321,,0,True
SZ300878,29.980001,0.75945854,0.5787552823665002,0.5868228966577026,0.1273530541682674,0.4202842873607376,,0,True
SZ300879,17.32,1.0120572,0.9254706108336535,0.9663849404533231,0.0042258932001536685,0.6221667306953516,量能水平;量能波动,2,False
SZ300880,18.23,0.6509922,0.7276219746446408,0.7963887821744141,0.35266999615827893,0.6918939684978871,,0,True
SZ300881,30.0,0.29842353,0.41471379177871687,0.7337687283903188,0.24836726853630425,0.871494429504418,量能比,1,False
SZ300882,13.200001,0.21995352,0.16845946984248944,0.12677679600461006,0.4767575873991548,0.2892815981559739,,0,True
SZ300883,6.4400005,0.44487897,0.7166730695351518,0.3724548597771802,0.7646945831732617,0.12620053784095275,,0,True
SZ300884,11.940001,0.5921533,0.7312716096811371,0.4596619285439877,0.6934306569343066,0.22627737226277372,,0,True
SZ300885,18.56,0.48340428,0.24529389166346524,0.13388398002305033,0.5121014214368037,0.5268920476373415,,0,True
SZ300886,24.06,0.47371367,0.6922781406069919,0.7591240875912408,0.20649250864387245,0.42758355743373033,,0,True
SZ300887,6.9700003,0.6512379,0.7306953515174799,0.6853630426431041,0.3278908951210142,0.41817134076066076,,0,True
SZ300888,28.88,0.6850375,0.7737226277372263,0.5914329619669612,0.46753745678063774,0.5416826738378794,,0,True
SZ300889,21.76,2.0633798,0.9218209757971572,0.5587783326930464,0.08682289665770265,0.05608912792931233,量能水平,1,False
SZ300890,27.17,1.1049029,0.8407606607760276,0.979446792162889,0.99212447176335,0.8242412600845178,量能水平;量能波动;量能动量;量能比,4,False
SZ300891,7.7000003,0.42494327,0.6565501344602381,0.5234344986553976,0.43814829043411446,0.44640799077986937,,0,True
SZ300892,22.47,0.5635512,0.767960046100653,0.48866692278140605,0.7946600076834421,0.22051479062620052,,0,True
SZ300893,12.61,0.51490784,0.18709181713407608,0.4750288129081829,0.7621974644640799,0.7896657702650788,,0,True
SZ300894,9.95,0.6563673,0.8691893968497887,0.5426431041106415,0.8167499039569728,0.2003457548981944,量能水平;量能动量,2,False
SZ300895,58.469994,3.4621654,0.8709181713407607,0.9467921628889743,0.4936611601997695,0.9081828659239339,量能水平;量能波动;量能比,3,False
SZ300896,91.92999,1.913176,0.8520937379946216,0.7988859008835959,0.13657318478678449,0.7157126392623896,量能水平,1,False
SZ300897,16.7,0.38212037,0.26219746446407993,0.741260084517864,0.9248943526699962,0.960238186707645,量能动量;量能比,2,False
SZ300898,20.12,0.6149838,0.7504802151363811,0.8862850557049559,0.9444871302343449,0.6423357664233577,量能波动;量能动量,2,False
SZ300899,30.64,0.2125962,0.32558586246638493,0.23357664233576642,0.5353438340376488,0.5441797925470611,,0,True
SZ300900,22.1,2.3424418,0.9514022281982328,0.8463311563580485,0.8334613907030349,0.6552055320783711,量能水平;量能波动;量能动量,3,False
SZ300901,16.77,1.6477956,0.902996542451018,0.771417595082597,0.12524010756819054,0.07433730311179408,量能水平,1,False
SZ300902,18.17,0.8236856,0.800230503265463,0.7623895505186323,0.6917018824433346,0.8522858240491741,量能水平;量能比,2,False
SZ300903,96.49999,22.906683,0.9784863618901268,0.8874375720322705,0.5989243180945063,0.2614291202458702,量能水平;量能波动,2,False
SZ300904,46.940002,0.8491615,0.8342297349212447,0.9702266615443719,0.9208605455243949,0.9573568958893585,量能水平;量能波动;量能动量;量能比,4,False
SZ300905,38.050003,3.0379767,0.9152900499423742,0.9369957741067998,0.8780253553592009,0.822512485593546,量能水平;量能波动;量能动量;量能比,4,False
SZ300906,28.570002,0.29724658,0.3989627353054168,0.09104878985785632,0.815981559738763,0.45697272378025355,量能动量,1,False
SZ300907,51.5,1.8173916,0.7716096811371495,0.7694967345370726,0.15021129466000768,0.7856319631194775,,0,True
SZ300908,16.880001,0.32603633,0.5576258163657318,0.6125624279677295,0.8303880138301959,0.5303495966192855,量能动量,1,False
SZ300909,66.43,2.644132,0.8440261237034191,0.7500960430272762,0.3079139454475605,0.8615059546676911,量能水平;量能比,2,False
SZ300910,28.089998,1.5047517,0.7844794467921629,0.4907798693814829,0.606223588167499,0.24126008451786402,,0,True
SZ300911,32.8,5.2554297,0.9644640799077987,0.925278524779101,0.8096427199385324,0.2691125624279677,量能水平;量能波动;量能动量,3,False
SZ300912,19.52,0.59606576,0.7741067998463311,0.5343834037648867,0.31060315021129464,0.29715712639262387,,0,True
SZ300913,36.25,8.179523,0.8932001536688436,0.8472915866308106,0.15117172493276987,0.16519400691509797,量能水平;量能波动,2,False
SZ300915,23.380001,0.40029937,0.6444487130234345,0.6665386092969651,0.3096427199385325,0.6924702266615443,,0,True
SZ300916,27.29,0.899522,0.7337687283903188,0.6868997310795236,0.39262389550518634,0.6870918171340761,,0,True
SZ300917,36.180004,4.6749854,0.9291202458701499,0.9515943142527853,0.9127929312331925,0.8949289281598156,量能水平;量能波动;量能动量;量能比,4,False
SZ300918,10.65,0.59451,0.5462927391471379,0.6863234729158663,0.22301190933538226,0.7485593545908567,,0,True
SZ300919,37.22,2.8909948,0.934882827506723,0.7433730311179408,0.7620053784095274,0.5714560122935075,量能水平,1,False
SZ300920,30.83,0.59537244,0.3609296965040338,0.22608528620822127,0.3784095274683058,0.44199001152516326,,0,True
SZ300921,16.38,1.1863803,0.6482904341144833,0.7456780637725701,0.7289665770265079,0.6932385708797542,,0,True
SZ300922,17.06,2.3660533,0.8891663465232424,0.6482904341144833,0.058202074529389164,0.009412216673069535,量能水平,1,False
SZ300923,23.97,0.3308669,0.401651940069151,0.35478294275835576,0.7595082597003457,0.374567806377257,,0,True
SZ300925,13.82,0.78197587,0.5766423357664233,0.614099116404149,0.7399154821359969,0.5021129466000769,,0,True
SZ300926,15.82,0.4664685,0.17249327698809067,0.11774875144064541,0.8595850941221668,0.524010756819055,量能动量,1,False
SZ300927,26.470001,4.219694,0.8882059162504802,0.8657318478678447,0.12850557049558203,0.06684594698424895,量能水平;量能波动,2,False
SZ300928,24.669998,0.46364444,0.7368421052631579,0.9131771033422974,0.1803688052247407,0.8728390318862851,量能波动;量能比,2,False
SZ300929,15.82,0.51563066,0.552439492892816,0.30176719170188243,0.6553976181329235,0.13004225893200153,,0,True
SZ300930,25.87,0.2947391,0.25259316173645796,0.39262389550518634,0.4527468305800999,0.747406838263542,,0,True
SZ300931,17.03,2.1055913,0.7887053399923165,0.981175566653861,0.887245485977718,0.9871302343449866,量能波动;量能动量;量能比,3,False
SZ300932,11.0199995,1.0565662,0.6776796004610065,0.5032654629273915,0.6991932385708798,0.5827890895121014,,0,True
SZ300933,6.47,0.81453574,0.7185939300806762,0.4083749519784864,0.4750288129081829,0.10852862082212832,,0,True
SZ300935,27.559998,0.52778995,0.8096427199385324,0.822128313484441,0.38897426046869,0.6386861313868614,量能水平;量能波动,2,False
SZ300936,73.41,2.9971151,0.8369189396849789,0.6717249327698809,0.5674222051479063,0.3469074145217057,量能水平,1,False
SZ300937,24.09,0.82171977,0.6659623511333077,0.6542451018056089,0.07260852862082212,0.2935074913561275,,0,True
SZ300938,30.93,3.40278,0.658663081060315,0.34037648866692277,0.3580484056857472,0.6961198616980407,,0,True
SZ300939,99.990005,4.54076,0.7994621590472532,0.7900499423741837,0.4212447176334998,0.8250096043027276,量能比,1,False
SZ300940,13.610001,0.4495828,0.8117556665386093,0.49980791394544755,0.434882827506723,0.387245485977718,量能水平,1,False
SZ300941,15.14,0.68920034,0.7520169035728006,0.6361890126776796,0.22992700729927007,0.11986169804072225,,0,True
SZ300942,6.58,0.31834057,0.7554744525547445,0.7126392623895506,0.059354590856703804,0.3155973876296581,,0,True
SZ300943,32.429996,4.394649,0.8761044948136766,0.822512485593546,0.4894352669996158,0.4688820591625048,量能水平;量能波动,2,False
SZ300945,11.250001,1.6139598,0.8557433730311179,0.4149058778332693,0.36169804072224354,0.0042258932001536685,量能水平,1,False
SZ300946,36.499996,0.48651764,0.48136765270841336,0.22070687668075298,0.19823280829811757,0.13926238955051864,,0,True
SZ300947,15.950001,0.7194808,0.6982328082981175,0.7983096427199385,0.5900883595850941,0.8643872454859777,量能比,1,False
SZ300948,17.859999,0.5953395,0.699769496734537,0.8065693430656934,0.8615059546676911,0.9448713023434498,量能波动;量能动量;量能比,3,False
SZ300949,24.35,0.30473077,0.5741452170572416,0.2806377257011141,0.8626584709950058,0.18574721475220898,量能动量,1,False
SZ300950,20.25,0.9174639,0.7706492508643873,0.6832500960430272,0.040722243565117174,0.1352285824049174,,0,True
SZ300951,78.689995,4.388004,0.8747598924318094,0.8960814444871302,0.9049174029965424,0.5897041874759893,量能水平;量能波动;量能动量,3,False
SZ300952,16.58,0.67201614,0.771417595082597,0.7018824433346139,0.23434498655397618,0.776219746446408,,0,True
SZ300953,93.0,5.8795853,0.8862850557049559,0.9295044179792548,0.4781021897810219,0.7742988859008836,量能水平;量能波动,2,False
SZ300955,27.74,0.40168664,0.5339992316557818,0.49577410679984635,0.7808298117556666,0.7262773722627737,,0,True
SZ300956,11.32,0.3995002,0.6044948136765271,0.4406454091432962,0.8098348059930849,0.45793315405301577,量能动量,1,False
SZ300957,32.31,1.8956435,0.9859777180176719,0.9298885900883596,0.1940069150979639,0.5147906262005378,量能水平;量能波动,2,False
SZ300958,12.6,0.2853276,0.6815213215520554,0.5583941605839416,0.7562427967729543,0.4371878601613523,,0,True
SZ300959,90.090004,2.0894423,0.8472915866308106,0.8171340760660776,0.6552055320783711,0.7719938532462544,量能水平;量能波动,2,False
SZ300960,19.349998,0.48928335,0.45812524010756817,0.6438724548597772,0.8499807913945447,0.9830964271993853,量能动量;量能比,2,False
SZ300961,12.130001,1.6646469,0.968113714944295,0.8995389934690742,0.844410295812524,0.004033807145601229,量能水平;量能波动;量能动量,3,False
SZ300962,12.92,0.23460843,0.3724548597771802,0.09527468305800998,0.6632731463695736,0.5522474068382636,,0,True
SZ300963,10.719999,0.53148025,0.38436419515943143,0.3131002689204764,0.768344218209758,0.38263542066845946,,0,True
SZ300964,74.31,5.823378,0.9247022666154437,0.8956972723780253,0.4684978870533999,0.5328467153284672,量能水平;量能波动,2,False
SZ300965,42.44,0.2673978,0.48866692278140605,0.3972339608144449,0.5752977333845563,0.5739531310026892,,0,True
SZ300966,25.02,0.53875035,0.655589704187476,0.6479062620053784,0.10142143680368805,0.7652708413369189,,0,True
SZ300967,15.940001,0.97479504,0.7435651171724933,0.46715328467153283,0.33538225124855936,0.04590856703803304,,0,True
SZ300968,9.65,0.8780183,0.7595082597003457,0.5349596619285439,0.328659239339224,0.03822512485593546,,0,True
SZ300969,74.880005,1.9134268,0.4344986553976181,0.3054168267383788,0.24298885900883596,0.13561275451402227,,0,True
SZ300970,16.949999,3.431207,0.9573568958893585,0.9031886285055705,0.02631578947368421,0.025547445255474453,量能水平;量能波动,2,False
SZ300971,17.8,0.34252247,0.3764886669227814,0.10046100653092585,0.7087975412985017,0.5658855167114868,,0,True
SZ300972,150.50002,2.8208547,0.2719938532462543,0.3424894352669996,0.14310411064156742,0.7475989243180945,,0,True
SZ300973,25.439999,0.58464473,0.811179408374952,0.6590472531694199,0.5422589320015367,0.3140606991932386,量能水平,1,False
SZ300975,24.11,9.821692,0.9800230503265462,0.9320015366884364,0.18651555897041874,0.31329235497502883,量能水平;量能波动,2,False
SZ300976,58.37,3.3832178,0.9020361121782559,0.7276219746446408,0.3006146753745678,0.18939684978870533,量能水平,1,False
SZ300977,19.94,0.70585895,0.6056473300038417,0.7383787936995774,0.9556281213983865,0.8751440645409143,量能动量;量能比,2,False
SZ300978,8.85,0.30736497,0.5505186323472916,0.2850557049558202,0.4694583173261621,0.6338839800230504,,0,True
SZ300979,33.85,0.7945362,0.795428351901652,0.9089512101421436,0.5361121782558587,0.8851325393776411,量能波动;量能比,2,False
SZ300980,22.900002,0.7031462,0.598348059930849,0.4898194391087207,0.44102958125240105,0.539761813292355,,0,True
SZ300981,17.9,2.7953732,0.9675374567806377,0.9834805993084902,0.5520553207837111,0.8640030733768729,量能水平;量能波动;量能比,3,False
SZ300982,14.38,0.28138682,0.3453707260852862,0.1746062235881675,0.4485209373799462,0.42374183634268153,,0,True
SZ300983,37.93,0.41178933,0.40203611217825586,0.5063388398002305,0.3069535151747983,0.5864387245485978,,0,True
SZ300984,32.9,1.0462658,0.3780253553592009,0.615827890895121,0.9533230887437572,0.8561275451402228,量能动量;量能比,2,False
SZ300985,34.79,1.0100595,0.5249711870918171,0.6993853246254322,0.31213983864771416,0.8476757587399155,量能比,1,False
SZ300986,11.15,2.6922426,0.8495966192854398,0.8568958893584325,0.06530925854782943,0.48751440645409144,量能水平;量能波动,2,False
SZ300987,14.59,1.4506291,0.9162504802151363,0.9210526315789473,0.28179024202842873,0.6100653092585478,量能水平;量能波动,2,False
SZ300988,16.55,0.537217,0.4990395697272378,0.430080676142912,0.8472915866308106,0.8029197080291971,量能动量;量能比,2,False
SZ300989,14.850001,0.64461833,0.5522474068382636,0.6331156358048405,0.0530157510564733,0.40991164041490585,,0,True
SZ300990,98.41001,8.603457,0.8534383403764887,0.7529773338455628,0.03630426431041106,0.11313868613138686,量能水平,1,False
SZ300991,27.14,1.7788453,0.7769880906646177,0.4039569727237802,0.5464848252016904,0.21225509028044565,,0,True
SZ300992,27.690002,1.1019752,0.7821744141375336,0.8276988090664618,0.001920860545524395,0.5182481751824818,量能波动,1,False
SZ300993,9.82,0.23997366,0.18517095658855168,0.17921628889742605,0.48809066461774875,0.7614291202458702,,0,True
SZ300994,11.55,0.2314457,0.32424126008451787,0.2135996926623127,0.8549750288129082,0.7007299270072993,量能动量,1,False
SZ300995,26.479998,0.4064017,0.45024971187091817,0.18267383787936997,0.6828659239339224,0.23568958893584327,,0,True
SZ300996,12.2,2.684366,0.8826354206684595,0.9412216673069536,0.22454859777180178,0.5789473684210527,量能水平;量能波动,2,False
SZ300997,14.919998,1.9607625,0.8985785631963119,0.8242412600845178,0.10929696504033808,0.09738762965808682,量能水平;量能波动,2,False
SZ300998,29.279999,1.4234307,0.7996542451018056,0.8930080676142912,0.2310795236265847,0.8244333461390703,量能波动;量能比,2,False
SZ300999,23.970001,3.3156807,0.9748367268536304,0.8186707645024971,0.34940453323088744,0.10660776027660392,量能水平;量能波动,2,False
SZ301000,23.52,0.7120543,0.3511333077218594,0.3513253937764118,0.08144448713023435,0.474644640799078,,0,True
SZ301001,25.79,0.35008815,0.5086438724548598,0.4946215904725317,0.7074529389166346,0.37437572032270455,,0,True
SZ301002,28.07,0.9894292,0.858816749903957,0.8469074145217057,0.9031886285055705,0.5756819054936612,量能水平;量能波动;量能动量,3,False
SZ301003,57.26,1.5661538,0.5797157126392624,0.4306569343065693,0.07318478678447944,0.19381482904341144,,0,True
SZ301004,36.49,0.315165,0.06108336534767576,0.6822896657702651,0.987322320399539,0.9884748367268537,量能动量;量能比,2,False
SZ301005,57.37,3.0379155,0.5169035728006147,0.5605071071840184,0.6477141759508259,0.7195543603534383,,0,True
SZ301006,14.099999,0.23118524,0.3136765270841337,0.32270457164809835,0.6108336534767576,0.5430272762197464,,0,True
SZ301007,31.699999,0.8168345,0.4771417595082597,0.3325009604302728,0.8689973107952362,0.2835190165194007,量能动量,1,False
SZ301008,54.5,5.9093237,0.9485209373799462,0.9504417979254706,0.21993853246254322,0.8307721859393008,量能水平;量能波动;量能比,3,False
SZ301009,9.31,0.24623056,0.43603534383403764,0.3000384172109105,0.19035728006146754,0.4356511717249328,,0,True
SZ301010,19.700003,0.49128732,0.49039569727237803,0.2134076066077603,0.522281982328083,0.9250864387245485,量能比,1,False
SZ301011,15.66,0.5701616,0.6665386092969651,0.7376104494813677,0.06262005378409527,0.7739147137917787,,0,True
SZ301012,22.09,1.4579616,0.718978102189781,0.8252016903572801,0.09854014598540146,0.339608144448713,量能波动,1,False
SZ301013,34.0,5.9975576,0.9114483288513254,0.79369957741068,0.19727237802535535,0.4216288897426047,量能水平,1,False
SZ301015,25.040003,1.5024265,0.8757203227045717,0.847867844794468,0.08605455243949289,0.5606991932385709,量能水平;量能波动,2,False
SZ301016,15.27,0.7555368,0.4940453323088744,0.477718017671917,0.23242412600845178,0.18075297733384557,,0,True
SZ301017,14.039999,0.6894389,0.7184018440261237,0.9008835958509412,0.9333461390703035,0.9268152132155205,量能波动;量能动量;量能比,3,False
SZ301018,91.49999,15.505095,0.8774490971955436,0.7406838263542067,0.10737610449481368,0.09354590856703804,量能水平,1,False
SZ301019,15.900001,0.21255407,0.14406454091432963,0.20361121782558586,0.7812139838647714,0.6377257011140991,,0,True
SZ301020,22.17,0.82662064,0.6342681521321553,0.7497118709181714,0.9508259700345755,0.9156742220514791,量能动量;量能比,2,False
SZ301021,80.29,8.857123,0.9456396465616597,0.9122166730695351,0.28390318862850555,0.4623511333077219,量能水平;量能波动,2,False
SZ301022,22.57,0.29738432,0.3595850941221667,0.2704571648098348,0.6265847099500577,0.22185939300806762,,0,True
SZ301023,30.18,0.34006867,0.26872839031886286,0.5781790242028428,0.9654245101805609,0.847867844794468,量能动量;量能比,2,False
SZ301024,33.88,0.32015336,0.28870533999231657,0.12581636573184787,0.9010756819054937,0.7848636189012678,量能动量,1,False
SZ301025,10.1,1.8385956,0.96062235881675,0.9085670380330388,0.4139454475605071,0.13388398002305033,量能水平;量能波动,2,False
SZ301026,18.609999,0.7838611,0.7733384556281214,0.7166730695351518,0.4815597387629658,0.19227814060699194,,0,True
SZ301027,18.419998,1.0993105,0.7253169419900115,0.8611217825585863,0.050518632347291585,0.4708029197080292,量能波动,1,False
SZ301028,13.16,0.53416187,0.3978102189781022,0.6440645409143296,0.7287744909719555,0.8826354206684595,量能比,1,False
SZ301029,24.25,1.5570029,0.9385324625432193,0.7454859777180177,0.7512485593545909,0.3905109489051095,量能水平,1,False
SZ301030,4.9700003,0.786361,0.8286592393392239,0.5760660776027661,0.4727237802535536,0.8887821744141375,量能水平;量能比,2,False
SZ301031,95.340004,1.9869264,0.636381098732232,0.7606607760276604,0.4512101421436804,0.6922781406069919,,0,True
SZ301032,10.44,0.32387072,0.2742988859008836,0.2835190165194007,0.704571648098348,0.6413753361505955,,0,True
SZ301033,53.389996,0.4451491,0.36112178255858624,0.5900883595850941,0.09373799462159048,0.7416442566269689,,0,True
SZ301035,48.88,1.0187341,0.3234729158663081,0.6012293507491356,0.7781406069919324,0.8912792931233192,量能比,1,False
SZ301036,22.65,0.20541625,0.26623127160968113,0.06185170956588552,0.6114099116404149,0.6164041490587784,,0,True
SZ301037,13.35,0.2543009,0.23876296580868228,0.3044563964656166,0.7775643488282751,0.6540530157510565,,0,True
SZ301038,17.41,0.53569865,0.2575873991548214,0.631578947368421,0.9781021897810219,0.6934306569343066,量能动量,1,False
SZ301039,7.1499996,0.84426427,0.7114867460622358,0.5968113714944295,0.8132923549750288,0.5061467537456781,量能动量,1,False
SZ301040,26.300001,0.47637543,0.5,0.25547445255474455,0.1288897426046869,0.1536688436419516,,0,True
SZ301041,39.489998,3.2553134,0.9099116404149059,0.9212447176334998,0.9560122935074914,0.8983864771417595,量能水平;量能波动;量能动量;量能比,4,False
SZ301042,29.61,0.8910273,0.6313868613138686,0.3301959277756435,0.5845178640030734,0.36880522474068383,,0,True
SZ301043,48.46,0.6725748,0.3107952362658471,0.2892815981559739,0.6511717249327699,0.33038801383019595,,0,True
SZ301045,65.68,2.2438068,0.6636573184786785,0.7287744909719555,0.042451018056089126,0.7452938916634653,,0,True
SZ301046,33.43,2.2648308,0.9102958125240107,0.8240491740299655,0.23799462159047252,0.26623127160968113,量能水平;量能波动,2,False
SZ301047,143.26001,10.363792,0.9976949673453708,0.9973107952362659,0.6972723780253554,0.927007299270073,量能水平;量能波动;量能比,3,False
SZ301048,9.059999,0.2909422,0.35593545908567037,0.2664233576642336,0.7516327314636957,0.2568190549366116,,0,True
SZ301050,26.92,0.77697104,0.8834037648866693,0.7422205147906262,0.4045332308874376,0.3801383019592778,量能水平,1,False
SZ301051,17.83,1.3420151,0.8699577410679985,0.8509412216673069,0.4283519016519401,0.36208221283134845,量能水平;量能波动,2,False
SZ301052,24.61,1.3552102,0.7278140606991932,0.31924702266615446,0.6940069150979639,0.30426431041106416,,0,True
SZ301053,33.82,1.0241109,0.4717633499807914,0.4041490587783327,0.657318478678448,0.06492508643872455,,0,True
SZ301055,29.689999,1.2087095,0.6642335766423357,0.7281982328082981,0.08202074529389167,0.271417595082597,,0,True
SZ301056,13.030002,0.7011977,0.4118325009604303,0.2495197848636189,0.1517479830964272,0.1892047637341529,,0,True
SZ301057,23.93,0.7445925,0.4854014598540146,0.5522474068382636,0.8745678063772571,0.9665770265078756,量能动量;量能比,2,False
SZ301058,8.49,1.1796967,0.7466384940453323,0.8643872454859777,0.6419515943142527,0.47637341529004995,量能波动,1,False
SZ301059,12.999999,0.303316,0.20457164809834805,0.34805993084902037,0.6319631194775259,0.8641951594314253,量能比,1,False
SZ301060,11.780001,1.7547565,0.8595850941221668,0.8328851325393777,0.29830964271993854,0.8104110641567422,量能水平;量能波动;量能比,3,False
SZ301061,40.19,1.6291571,0.5416826738378794,0.5405301575105648,0.15770265078755283,0.49039569727237803,,0,True
SZ301062,6.9300003,0.40489385,0.6529004994237418,0.18056089127929312,0.38705339992316556,0.3351901651940069,,0,True
SZ301063,19.140001,0.30239263,0.5178640030733769,0.6815213215520554,0.960238186707645,0.9049174029965424,量能动量;量能比,2,False
SZ301065,20.04,0.27364832,0.4466000768344218,0.17864003073376872,0.699769496734537,0.6755666538609297,,0,True
SZ301066,12.43,0.6719058,0.47598924318094504,0.5038417210910487,0.15751056473300037,0.466769112562428,,0,True
SZ301067,32.899998,1.069233,0.6711486746062236,0.726853630426431,0.24587014982712255,0.5370726085286208,,0,True
SZ301068,23.64,0.4343976,0.20265078755282367,0.26238955051863233,0.8513253937764118,0.39377641183250095,量能动量,1,False
SZ301069,15.47,0.599072,0.6423357664233577,0.37034191317710335,0.6705724164425663,0.41356127545140225,,0,True
SZ301070,64.549995,1.4997326,0.344410295812524,0.35920092201306186,0.4195159431425278,0.4149058778332693,,0,True
SZ301071,63.78,14.964432,0.9955820207452939,0.9809834805993085,0.33826354206684595,0.2931233192470227,量能水平;量能波动,2,False
SZ301072,45.160004,1.2825412,0.42758355743373033,0.6202458701498271,0.014406454091432963,0.8749519784863619,量能比,1,False
SZ301073,17.14,1.5771067,0.5893200153668844,0.341336918939685,0.180945063388398,0.07472147522089896,,0,True
SZ301075,64.02,0.7036304,0.3117556665386093,0.3467153284671533,0.04514022281982328,0.49135612754514024,,0,True
SZ301076,20.609999,0.8141359,0.3839800230503265,0.33941605839416056,0.22627737226277372,0.3219362274298886,,0,True
SZ301077,21.49,0.43866593,0.2708413369189397,0.2752593161736458,0.13695735689588937,0.1448328851325394,,0,True
SZ301078,6.8599997,1.5124353,0.9450633883980023,0.8338455628121398,0.30234344986553974,0.06089127929312332,量能水平;量能波动,2,False
SZ301079,26.689999,0.9553446,0.5144064540914329,0.7512485593545909,0.8691893968497887,0.7378025355359201,量能动量,1,False
SZ301080,123.0,14.795934,0.9907798693814829,0.9788705339992316,0.4500576258163657,0.836534767575874,量能水平;量能波动;量能比,3,False
SZ301081,18.78,1.2038043,0.6162120630042259,0.774490971955436,0.8501728774490972,0.8198232808298117,量能动量;量能比,2,False
SZ301082,9.64,0.57930297,0.4978870533999232,0.46465616596235115,0.2535535920092201,0.17383787936995773,,0,True
SZ301083,14.36,0.22992572,0.13349980791394545,0.22051479062620052,0.4387245485977718,0.8415290049942374,量能比,1,False
SZ301085,76.33,4.737119,0.814252785247791,0.7733384556281214,0.8526699961582789,0.6248559354590857,量能水平;量能动量,2,False
SZ301086,157.31001,8.670104,0.8630426431041106,0.680945063388398,0.05436035343834038,0.07452938916634652,量能水平,1,False
SZ301087,52.689995,1.3770788,0.7159047253169419,0.571263926238955,0.21263926238955053,0.14041490587783326,,0,True
SZ301088,13.61,0.20739484,0.22608528620822127,0.10487898578563196,0.12965808682289665,0.20149827122550903,,0,True
SZ301089,24.180002,0.47031805,0.37034191317710335,0.531886285055705,0.1678832116788321,0.8839800230503265,量能比,1,False
SZ301090,6.88,0.4774348,0.6592393392239724,0.42489435266999614,0.1050710718401844,0.2694967345370726,,0,True
SZ301091,20.230001,1.2498055,0.41221667306953513,0.4950057625816366,0.8812908182865924,0.6832500960430272,量能动量,1,False
SZ301092,42.6,0.9423569,0.4761813292354975,0.5161352285824049,0.10833653476757588,0.43987706492508644,,0,True
SZ301093,63.109997,3.878377,0.7531694199001152,0.8280829811755667,0.0612754514022282,0.8576642335766423,量能波动;量能比,2,False
SZ301095,70.42,3.559092,0.9750288129081829,0.9120245870149827,0.3691893968497887,0.35670380330388013,量能水平;量能波动,2,False
SZ301096,47.09,1.7006388,0.9041490587783327,0.7946600076834421,0.5311179408374952,0.7168651555897042,量能水平,1,False
SZ301097,34.52,0.22358651,0.14713791778716864,0.23857087975412986,0.8751440645409143,0.45351517479830966,量能动量,1,False
SZ301098,8.74,0.5582743,0.6855551286976566,0.40107568190549364,0.5962351133307722,0.2489435266999616,,0,True
SZ301099,54.279995,4.7416205,0.8415290049942374,0.9416058394160584,0.9285439877064925,0.9633115635804841,量能水平;量能波动;量能动量;量能比,4,False
SZ301100,16.04,0.20867287,0.43930080676142913,0.8422973492124471,0.9890510948905109,0.947560507107184,量能波动;量能动量;量能比,3,False
SZ301101,30.23,0.54103816,0.4850172877449097,0.5201690357280061,0.28102189781021897,0.5074913561275451,,0,True
SZ301102,9.53,0.22842138,0.22877449097195543,0.46907414521705726,0.8248175182481752,0.8323088743757203,量能动量;量能比,2,False
SZ301103,17.02,0.2846951,0.3933922397233961,0.7669996158278909,0.9752208989627353,0.8866692278140607,量能动量;量能比,2,False
SZ301105,49.22,0.3246773,0.10756819054936612,0.010756819054936612,0.7258932001536689,0.1711486746062236,,0,True
SZ301106,18.93,0.7604378,0.5122935074913562,0.422205147906262,0.06895889358432578,0.07568190549366116,,0,True
SZ301107,23.99,0.61145777,0.4454475605071072,0.3755282366500192,0.538033038801383,0.8355743373031118,量能比,1,False
SZ301108,55.39,1.0009534,0.6404149058778332,0.6557817902420284,0.7986938148290434,0.9391087207068767,量能比,1,False
SZ301109,12.719999,0.4523434,0.26008451786400305,0.17633499807913947,0.6325393776411833,0.25220898962735305,,0,True
SZ301110,36.2,1.3332664,0.6880522474068382,0.8563196311947753,0.7721859393008068,0.5745293891663465,量能波动,1,False
SZ301111,22.000002,1.125803,0.7431809450633884,0.3568958893584326,0.6559738762965809,0.2330003841721091,,0,True
SZ301112,29.839998,0.24665917,0.2931233192470227,0.3357664233576642,0.5357280061467538,0.42431809450633884,,0,True
SZ301113,17.789999,0.21299092,0.28006146753745675,0.2652708413369189,0.3501728774490972,0.5597387629658087,,0,True
SZ301115,34.43,2.1448193,0.7979254706108336,0.8459469842489435,0.42527852477910105,0.9197080291970803,量能波动;量能比,2,False
SZ301116,9.18,0.45902944,0.750864387245486,0.6473300038417211,0.4371878601613523,0.20783711102573954,,0,True
SZ301117,12.12,0.90277386,0.8590088359585094,0.8918555512869766,0.7391471379177872,0.2940837495197849,量能水平;量能波动,2,False
SZ301118,23.200003,0.56956446,0.6872839031886285,0.36323472915866306,0.5985401459854015,0.4965424510180561,,0,True
SZ301119,26.07,1.0839772,0.6256242796772954,0.7274298885900884,0.5964271993853246,0.2946600076834422,,0,True
SZ301120,14.39,0.84938824,0.4721475220898963,0.33768728390318864,0.3801383019592778,0.19880906646177487,,0,True
SZ301121,35.92,0.41016135,0.4590856703803304,0.3399923165578179,0.6488666922781406,0.48809066461774875,,0,True
SZ301122,67.909996,3.4600515,0.9049174029965424,0.8922397233960815,0.9552439492892816,0.9296965040338071,量能水平;量能波动;量能动量;量能比,4,False
SZ301123,69.95,6.694608,0.9271993853246254,0.8211678832116789,0.2641183250096043,0.1648098348059931,量能水平;量能波动,2,False
SZ301125,14.79,0.48921332,0.2637341529004994,0.23184786784479447,0.8042643104110642,0.9101037264694584,量能动量;量能比,2,False
SZ301126,10.54,0.29920495,0.4329619669611986,0.16615443718786016,0.6479062620053784,0.6632731463695736,,0,True
SZ301127,15.47,3.7087245,0.9051094890510949,0.8455628121398386,0.6225509028044564,0.6749903956972724,量能水平;量能波动,2,False
SZ301128,107.6,8.810573,0.7960046100653092,0.6321552055320784,0.41260084517864004,0.09757971571263926,,0,True
SZ301129,23.73,0.49870068,0.4644640799077987,0.1584709950057626,0.22070687668075298,0.319054936611602,,0,True
SZ301130,27.980001,1.5910264,0.8897426046868997,0.9352669996158279,0.15597387629658085,0.6867076450249712,量能水平;量能波动,2,False
SZ301131,34.05,0.25185415,0.36361890126776797,0.30157510564733,0.8974260468689973,0.544563964656166,量能动量,1,False
SZ301132,71.42,7.54572,0.9556281213983865,0.9450633883980023,0.7053399923165579,0.882443334613907,量能水平;量能波动;量能比,3,False
SZ301133,25.810001,0.88349307,0.7566269688820592,0.4684978870533999,0.27564348828275065,0.10122935074913561,,0,True
SZ301135,18.49,0.27789074,0.2310795236265847,0.40242028428736076,0.9321936227429889,0.7998463311563581,量能动量,1,False
SZ301136,12.35,1.4355865,0.8624663849404534,0.9823280829811756,0.9813676527084134,0.9273914713791779,量能水平;量能波动;量能动量;量能比,4,False
SZ301137,30.130001,0.8621831,0.4018440261237034,0.19054936611601997,0.4585094122166731,0.20649250864387245,,0,True
SZ301138,28.75,0.2949915,0.47867844794467923,0.5703034959661929,0.03688052247406838,0.7391471379177872,,0,True
SZ301141,35.81,0.5509062,0.27698809066461777,0.5299654245101806,0.4235497502881291,0.8809066461774875,量能比,1,False
SZ301148,58.300003,0.7570901,0.25701114099116407,0.5007683442182097,0.271417595082597,0.7387629658086823,,0,True
SZ301149,7.91,1.1844168,0.8388398002305033,0.971187091817134,0.9663849404533231,0.9590856703803304,量能水平;量能波动;量能动量;量能比,4,False
SZ301150,44.02,8.900897,0.9529389166346524,0.9817518248175182,0.9538993469074145,0.9483288513253938,量能水平;量能波动;量能动量;量能比,4,False
SZ301151,21.140001,1.4472957,0.7499039569727238,0.35036496350364965,0.3847483672685363,0.040145985401459854,,0,True
SZ301152,22.49,1.2907224,0.9258547829427584,0.9819439108720707,0.9807913945447561,0.4298885900883596,量能水平;量能波动;量能动量,3,False
SZ301153,17.25,0.6336533,0.35708797541298504,0.21187091817134077,0.4961582789089512,0.233384556281214,,0,True
SZ301155,43.6,2.6308541,0.9900115251632732,0.9646561659623512,0.7700729927007299,0.6246638494045332,量能水平;量能波动,2,False
SZ301156,11.87,0.6195663,0.44256626968882057,0.18497887053399922,0.6926623127160968,0.09988474836726853,,0,True
SZ301157,63.28,0.48943976,0.4177871686515559,0.49865539761813293,0.06358048405685747,0.5649250864387245,,0,True
SZ301158,14.170001,1.1643466,0.7078371110257395,0.4377641183250096,0.21417595082597005,0.003073376872839032,,0,True
SZ301159,32.079998,0.5319875,0.5799077986938148,0.593545908567038,0.36304264310411066,0.6673069535151748,,0,True
SZ301160,41.35,1.8247814,0.5645409143296196,0.7159047253169419,0.5080676142912025,0.8732232039953899,量能比,1,False
SZ301161,29.19,0.8427487,0.49212447176335,0.43315405301575105,0.17787168651555896,0.3983864771417595,,0,True
SZ301162,37.36,0.51269525,0.21187091817134077,0.33922397233960816,0.24068382635420668,0.6847867844794467,,0,True
SZ301163,23.640001,0.27125785,0.22800614675374567,0.14233576642335766,0.858432577794852,0.8292354975028813,量能动量;量能比,2,False
SZ301165,102.89,14.584944,0.8319247022666154,0.7641183250096043,0.5605071071840184,0.304648482520169,量能水平,1,False
SZ301166,32.96,0.5955993,0.7825585862466385,0.7852477910103727,0.37418363426815215,0.9293123319247023,量能比,1,False
SZ301167,13.7300005,0.3034708,0.4045332308874376,0.3828275067230119,0.5956588551671149,0.5092201306185171,,0,True
SZ301168,41.469997,0.31065285,0.29485209373799465,0.5847099500576258,0.9788705339992316,0.5551286976565502,量能动量,1,False
SZ301169,51.07,0.908035,0.487322320399539,0.5599308490203612,0.16269688820591624,0.44871302343449865,,0,True
SZ301171,33.64,23.48676,0.9942374183634268,0.9925086438724549,0.630234344986554,0.3757203227045717,量能水平;量能波动,2,False
SZ301172,17.68,1.1652899,0.7047637341529005,0.5879754129850173,0.9158663081060315,0.2066845946984249,量能动量,1,False
SZ301175,5.59,0.65021753,0.5203611217825586,0.3997310795236266,0.6882443334613907,0.4550518632347292,,0,True
SZ301176,55.260002,7.7826285,0.8789857856319632,0.9314252785247791,0.7554744525547445,0.8835958509412216,量能水平;量能波动;量能比,3,False
SZ301177,22.97,0.5711173,0.9068382635420669,0.49193238570879755,0.3545908567038033,0.013638109873223205,量能水平,1,False
SZ301178,34.75,1.1042694,0.644640799077987,0.8236650019208606,0.04686899731079524,0.7149442950441798,量能波动,1,False
SZ301179,19.48,0.86220086,0.4821359969266231,0.43641951594314254,0.02669996158278909,0.1726853630426431,,0,True
SZ301180,11.92,0.5132398,0.7347291586630811,0.5649250864387245,0.8592009220130619,0.26450249711870916,量能动量,1,False
SZ301181,25.590004,0.60617375,0.38359585094122167,0.6006530925854783,0.024202842873607376,0.855359200922013,量能比,1,False
SZ301182,60.600002,2.5569227,0.7591240875912408,0.7176334998079139,0.09527468305800998,0.3002305032654629,,0,True
SZ301183,292.12003,12.2624655,0.779293123319247,0.6575105647330004,0.6139070303495966,0.5088359585094122,,0,True
SZ301185,17.359999,0.26512742,0.29004994237418363,0.11755666538609297,0.741260084517864,0.4978870533999232,,0,True
SZ301186,32.98,0.63213754,0.46580868228966577,0.5989243180945063,0.4756050710718402,0.8985785631963119,量能比,1,False
SZ301187,15.87,0.5535848,0.4189396849788705,0.4350749135612755,0.5530157510564733,0.8705339992316558,量能比,1,False
SZ301188,33.4,5.0167074,0.9197080291970803,0.9281598155973876,0.24971187091817135,0.8344218209757972,量能水平;量能波动;量能比,3,False
SZ301189,68.73,4.993042,0.8908951210142144,0.9264310411064157,0.2625816365731848,0.7608528620822128,量能水平;量能波动,2,False
SZ301190,29.94,1.6950793,0.8728390318862851,0.9765655013446024,0.9646561659623512,0.9114483288513254,量能水平;量能波动;量能动量;量能比,4,False
SZ301191,78.47,2.9698436,0.7470226661544372,0.7502881290818286,0.6352285824049174,0.6561659623511333,,0,True
SZ301192,20.22,0.25052404,0.2735305416826738,0.17979254706108336,0.8507491356127546,0.3978102189781022,量能动量,1,False
SZ301193,22.17,1.3260643,0.7180176719170188,0.7764118325009605,0.23453707260852863,0.9001152516327314,量能比,1,False
SZ301195,26.96,0.2588614,0.246062235881675,0.3878217441413753,0.33096427199385325,0.7458701498271225,,0,True
SZ301196,84.4,4.6483784,0.8215520553207837,0.7245485977718018,0.5115251632731463,0.16615443718786016,量能水平,1,False
SZ301197,26.61,0.7677712,0.6035343834037649,0.8663081060315021,0.4660007683442182,0.8964656165962351,量能波动;量能比,2,False
SZ301198,14.2,0.5575258,0.684018440261237,0.8991548213599693,0.6582789089512101,0.9636957356895889,量能波动;量能比,2,False
SZ301199,18.269999,0.22570644,0.21091048789857855,0.042258932001536686,0.7669996158278909,0.19861698040722245,,0,True
SZ301200,230.90001,6.6282926,0.72205147906262,0.6275451402228198,0.3905109489051095,0.680945063388398,,0,True
SZ301201,29.32,1.9898704,0.9416058394160584,0.9888590088359586,0.49423741836342683,0.9406454091432962,量能水平;量能波动;量能比,3,False
SZ301202,36.760002,0.53122824,0.3799462159047253,0.46868997310795235,0.042066845946984247,0.4940453323088744,,0,True
SZ301205,263.48,18.538946,0.7529773338455628,0.8102189781021898,0.8182865923933922,0.5472531694199001,量能波动;量能动量,2,False
SZ301206,23.85,1.4717832,0.9344986553976181,0.8484441029581252,0.6388782174414137,0.10161352285824049,量能水平;量能波动,2,False
SZ301207,19.29,1.5740637,0.906454091432962,0.9037648866692278,0.580868228966577,0.9070303495966193,量能水平;量能波动;量能比,3,False
SZ301208,30.62,0.37991387,0.21955436035343834,0.14175950825970035,0.39416058394160586,0.2072608528620822,,0,True
SZ301209,59.8,1.3539329,0.2718017671917019,0.45140222819823284,0.5186323472915866,0.8657318478678447,量能比,1,False
SZ301210,30.14,1.3910105,0.6613522858240491,0.5618517095658855,0.1367652708413369,0.44371878601613524,,0,True
SZ301211,12.44,1.1767933,0.7890895121014214,0.693622742988859,0.3090664617748751,0.7109104878985786,,0,True
SZ301212,26.25,0.38163972,0.35670380330388013,0.36592393392239725,0.8864771417595083,0.3152132155205532,量能动量,1,False
SZ301213,42.14,0.9271708,0.5313100268920476,0.8834037648866693,0.028428736073761045,0.9533230887437572,量能波动;量能比,2,False
SZ301215,5.28,0.39304373,0.5003841721091049,0.4623511333077219,0.6338839800230504,0.5726085286208221,,0,True
SZ301216,16.34,4.6937003,0.9496734537072609,0.8169419900115251,0.1711486746062236,0.03457548981943911,量能水平;量能波动,2,False
SZ301217,102.25001,32.445633,0.9669611986169804,0.9709950057625817,0.4018440261237034,0.6198616980407222,量能水平;量能波动,2,False
SZ301218,60.209995,6.822084,0.9567806377257011,0.9638878217441413,0.9819439108720707,0.7773722627737226,量能水平;量能波动;量能动量,3,False
SZ301219,39.18,2.04716,0.8545908567038033,0.7308874375720322,0.5539761813292355,0.4129850172877449,量能水平,1,False
SZ301220,29.630001,0.77381575,0.5353438340376488,0.5827890895121014,0.24049174029965426,0.5405301575105648,,0,True
SZ301221,27.03,0.43116224,0.5722243565117172,0.674414137533615,0.6475220898962736,0.6185170956588552,,0,True
SZ301222,25.79,0.53500634,0.5132539377641183,0.699769496734537,0.8787936995774107,0.9358432577794852,量能动量;量能比,2,False
SZ301225,57.59,2.0165076,0.619285439877065,0.498271225509028,0.33711102573953133,0.3328851325393776,,0,True
SZ301226,37.250004,0.9203447,0.5040338071456012,0.6244717633499808,0.9091432961966961,0.922205147906262,量能动量;量能比,2,False
SZ301227,31.36,0.96041024,0.40434114483288514,0.4227814060699193,0.6050710718401844,0.520553207837111,,0,True
SZ301228,51.97,1.5376478,0.5578179024202843,0.36112178255858624,0.5785631963119477,0.3784095274683058,,0,True
SZ301229,12.07,0.33790007,0.5547445255474452,0.42258932001536686,0.6899731079523627,0.6321552055320784,,0,True
SZ301230,37.75,6.2017164,0.9164425662696888,0.9611986169804072,0.05263157894736842,0.8457548981943911,量能水平;量能波动;量能比,3,False
SZ301231,29.750002,2.0208468,0.8165578179024203,0.8434498655397619,0.14329619669611987,0.29600461006530926,量能水平;量能波动,2,False
SZ301232,80.450005,2.720311,0.5898962735305416,0.7368421052631579,0.9494813676527084,0.7681521321552055,量能动量,1,False
SZ301233,35.66,0.46418923,0.34152900499423744,0.6358048405685747,0.9068382635420669,0.9719554360353438,量能动量;量能比,2,False
SZ301234,134.2,2.452898,0.5549366116019977,0.7548981943910872,0.7718017671917019,0.9538993469074145,量能比,1,False
SZ301235,42.02,3.4804983,0.9066461774875144,0.8908951210142144,0.23914713791778716,0.31098732232039955,量能水平;量能波动,2,False
SZ301236,35.6,5.4939985,0.9227814060699193,0.8494045332308875,0.09719554360353438,0.3945447560507107,量能水平;量能波动,2,False
SZ301237,37.33,0.8049345,0.4796388782174414,0.6225509028044564,0.4304648482520169,0.6121782558586246,,0,True
SZ301238,15.740001,1.0616245,0.8240491740299655,0.7214752208989628,0.8943526699961583,0.5238186707645025,量能水平;量能动量,2,False
SZ301239,31.73,0.5704788,0.5482135996926624,0.6089127929312332,0.9398770649250865,0.8495966192854398,量能动量;量能比,2,False
SZ301246,17.33,1.0035539,0.8292354975028813,0.5366884364195159,0.3253937764118325,0.5760660776027661,量能水平,1,False
SZ301248,56.1,1.7951342,0.5359200922013062,0.4271993853246254,0.6413753361505955,0.8136765270841337,量能比,1,False
SZ301251,87.369995,8.325175,0.9577410679984633,0.8107952362658472,0.8417210910487899,0.8282750672301191,量能水平;量能波动;量能动量;量能比,4,False
SZ301252,37.0,1.2006958,0.5489819439108721,0.5589704187475989,0.040338071456012294,0.4967345370726085,,0,True
SZ301255,19.050001,0.23843478,0.08451786400307337,0.12466384940453323,0.7028428736073761,0.5824049174029965,,0,True
SZ301256,9.78,0.8287381,0.6148674606223589,0.47137917787168654,0.020937379946215903,0.02727621974644641,,0,True
SZ301257,40.400005,1.5752926,0.822512485593546,0.6623127160968114,0.2952362658470995,0.5121014214368037,量能水平,1,False
SZ301258,27.09,0.23461138,0.366692278140607,0.4784863618901268,0.8743757203227046,0.9137533615059547,量能动量;量能比,2,False
SZ301259,19.420002,1.018366,0.46311947752593163,0.6323472915866308,0.2996542451018056,0.7915866308106031,,0,True
SZ301260,11.719999,0.23524806,0.4805993084902036,0.38897426046869,0.23319247022666154,0.23741836342681522,,0,True
SZ301261,53.45,1.1149957,0.49865539761813293,0.15443718786016136,0.33480599308490205,0.14406454091432963,,0,True
SZ301262,20.3,2.3570163,0.9237418363426815,0.8736073761044948,0.7639262389550519,0.40203611217825586,量能水平;量能波动,2,False
SZ301263,19.07,0.9519357,0.4600461006530926,0.8215520553207837,0.02746830580099885,0.9327698809066461,量能波动;量能比,2,False
SZ301265,22.58,2.112048,0.7305032654629274,0.501728774490972,0.37379946215904725,0.28832116788321166,,0,True
SZ301267,14.99,0.47671184,0.7059162504802151,0.5895121014214368,0.5359200922013062,0.5772185939300807,,0,True
SZ301268,11.74,0.34098676,0.5140222819823281,0.5829811755666539,0.8568958893584325,0.8724548597771802,量能动量;量能比,2,False
SZ301269,86.67999,4.361544,0.9120245870149827,0.8011909335382251,0.31002689204763734,0.27545140222819825,量能水平;量能波动,2,False
SZ301270,32.379997,0.7698021,0.547637341529005,0.3555512869765655,0.41029581252401076,0.1133307721859393,,0,True
SZ301272,35.37,0.24314179,0.3734152900499424,0.30945063388398003,0.6039185555128698,0.5948905109489051,,0,True
SZ301273,35.449997,0.6540386,0.31943910872070685,0.32174414137533613,0.7318478678447945,0.5920092201306185,,0,True
SZ301275,38.960003,1.6257131,0.8509412216673069,0.766615443718786,0.15866308106031501,0.430080676142912,量能水平,1,False
SZ301276,17.43,0.37272653,0.34767575873991546,0.22339608144448714,0.4971187091817134,0.5024971187091817,,0,True
SZ301277,10.320001,0.28701007,0.2066845946984249,0.3736073761044948,0.1492508643872455,0.8209757971571264,量能比,1,False
SZ301278,29.299997,0.35727456,0.6386861313868614,0.6734537072608529,0.3536304264310411,0.7754514022281982,,0,True
SZ301279,23.800001,0.5749846,0.33058009988474835,0.4001152516327315,0.058970418747598924,0.25336150595466767,,0,True
SZ301280,41.7,0.79828215,0.1765270841336919,0.5094122166730696,0.8939684978870533,0.9502497118709182,量能动量;量能比,2,False
SZ301281,47.74,1.2600619,0.444487130234345,0.4635036496350365,0.049942374183634265,0.47022666154437187,,0,True
SZ301282,45.489998,7.1788054,0.9417979254706108,0.7923549750288129,0.9460238186707645,0.612754514022282,量能水平;量能动量,2,False
SZ301283,25.58,0.26810455,0.16365731847867845,0.11390703034959662,0.31041106415674224,0.15866308106031501,,0,True
SZ301285,91.19001,2.3581896,0.3574721475220899,0.5762581636573185,0.09354590856703804,0.6719170188244333,,0,True
SZ301286,45.609997,0.7472442,0.29773338455628123,0.22973492124471764,0.4854014598540146,0.21513638109873223,,0,True
SZ301287,41.499996,0.35089877,0.24298885900883596,0.21456012293507493,0.8459469842489435,0.6342681521321553,量能动量,1,False
SZ301288,17.4,0.232272,0.33326930464848253,0.45927775643488283,0.7791010372646946,0.7479830964271994,,0,True
SZ301289,44.44,0.30067608,0.11313868613138686,0.3252016903572801,0.890703034959662,0.7335766423357665,量能动量,1,False
SZ301290,28.689997,0.45113233,0.49135612754514024,0.7314636957356896,0.6615443718786016,0.9479446792162889,量能比,1,False
SZ301291,35.18,1.9635043,0.7645024971187092,0.5689588935843258,0.9320015366884364,0.7904341144832885,量能动量,1,False
SZ301292,55.39,3.2799273,0.7299270072992701,0.5758739915482136,0.7070687668075297,0.3240491740299654,,0,True
SZ301293,48.379997,2.012704,0.7324241260084517,0.8056089127929312,0.09220130618517096,0.592201306185171,量能波动,1,False
SZ301295,36.289997,0.50622433,0.2564348828275067,0.3248175182481752,0.5557049558202074,0.3490203611217826,,0,True
SZ301297,46.13,11.462297,0.9170188244333461,0.9277756434882828,0.6723011909335382,0.7733384556281214,量能水平;量能波动,2,False
SZ301298,12.9800005,0.22010368,0.27718017671917017,0.2718017671917019,0.4840568574721475,0.4012677679600461,,0,True
SZ301299,46.289997,0.79977256,0.47637341529004995,0.6423357664233577,0.07126392623895506,0.4416058394160584,,0,True
SZ301300,32.73,0.5663044,0.5251632731463696,0.8388398002305033,0.05551286976565501,0.8974260468689973,量能波动;量能比,2,False
SZ301301,8.04,1.0706722,0.6467537456780638,0.6029581252401076,0.03803303880138302,0.23261621206300423,,0,True
SZ301302,21.140001,1.0220934,0.8046484825201691,0.9141375336150596,0.0024971187091817133,0.7101421436803688,量能水平;量能波动,2,False
SZ301303,14.090001,0.436161,0.44871302343449865,0.7693046484825201,0.8747598924318094,0.9028044563964657,量能动量;量能比,2,False
SZ301305,24.68,1.8853183,0.7291586630810604,0.7218593930080676,0.08374951978486361,0.439684978870534,,0,True
SZ301306,88.90001,2.516307,0.6995774106799846,0.7291586630810604,0.6498271225509028,0.7028428736073761,,0,True
SZ301307,56.390003,4.699465,0.8353822512485594,0.7533615059546677,0.430080676142912,0.27276219746446406,量能水平,1,False
SZ301308,311.65997,29.962254,0.9838647714175951,0.9790626200537841,0.34594698424894355,0.685747214752209,量能水平;量能波动,2,False
SZ301309,30.1,0.3186576,0.17767960046100653,0.349212447176335,0.008259700345754899,0.2735305416826738,,0,True
SZ301310,58.55,3.6090684,0.8040722243565117,0.7464464079907799,0.9802151363810987,0.8688052247406838,量能水平;量能动量;量能比,3,False
SZ301311,18.999998,1.5468365,0.7718017671917019,0.9633115635804841,0.998271225509028,0.9994237418363426,量能波动;量能动量;量能比,3,False
SZ301312,81.4,4.8949084,0.6394544756050711,0.7470226661544372,0.6970802919708029,0.7712255090280445,,0,True
SZ301313,30.099997,1.4958624,0.6784479446792163,0.5307337687283903,0.7533615059546677,0.26238955051863233,,0,True
SZ301314,51.06,0.50130427,0.4429504417979255,0.7408759124087592,0.9360353438340376,0.8933922397233961,量能动量;量能比,2,False
SZ301315,44.1,0.93585294,0.6607760276603919,0.8893584325777949,0.03822512485593546,0.8834037648866693,量能波动;量能比,2,False
SZ301316,40.17,4.4015737,0.8847483672685363,0.9333461390703035,0.9275835574337303,0.9333461390703035,量能水平;量能波动;量能动量;量能比,4,False
SZ301317,44.530003,1.468777,0.49577410679984635,0.3978102189781022,0.23876296580868228,0.08816749903956973,,0,True
SZ301319,86.159996,7.3256154,0.6653860929696505,0.6317710334229735,0.17691125624279677,0.41797925470610836,,0,True
SZ301320,14.289999,0.22741473,0.2537456780637726,0.24356511717249327,0.6678832116788321,0.6784479446792163,,0,True
SZ301321,46.440002,2.9942102,0.7043795620437956,0.5912408759124088,0.4823280829811756,0.5549366116019977,,0,True
SZ301322,44.149998,1.9163148,0.8488282750672301,0.9471763349980792,0.6444487130234345,0.7489435266999616,量能水平;量能波动,2,False
SZ301323,72.840004,1.0304937,0.4706108336534768,0.522281982328083,0.5630042258932002,0.6156358048405686,,0,True
SZ301325,31.78,0.69322234,0.747406838263542,0.8009988474836727,0.8955051863234729,0.7072608528620822,量能波动;量能动量,2,False
SZ301326,96.79,1.9215084,0.5414905877833269,0.47752593161736456,0.530157510564733,0.20591625048021514,,0,True
SZ301327,41.51,0.43061316,0.6290818286592393,0.7293507491356127,0.3672685363042643,0.4231655781790242,,0,True
SZ301328,46.850002,1.2312356,0.5589704187475989,0.42143680368805225,0.8749519784863619,0.6265847099500577,量能动量,1,False
SZ301329,20.699999,0.8121758,0.6117940837495198,0.5170956588551671,0.8056089127929312,0.4717633499807914,量能动量,1,False
SZ301330,25.67,0.77329856,0.583941605839416,0.29658086822896657,0.6200537840952747,0.35824049174029965,,0,True
SZ301331,21.599998,0.25531432,0.1755666538609297,0.15885516711486747,0.46081444487130235,0.6498271225509028,,0,True
SZ301332,7.7199993,0.24571437,0.26719170188244334,0.41202458701498273,0.9264310411064157,0.8309642719938533,量能动量;量能比,2,False
SZ301333,65.66,1.8710735,0.752593161736458,0.3983864771417595,0.38839800230503263,0.22531694199001154,,0,True
SZ301335,25.090002,0.7033044,0.5309258547829427,0.6845946984248944,0.1098732232039954,0.718978102189781,,0,True
SZ301336,42.18,0.5356011,0.5670380330388014,0.4273914713791779,0.11947752593161737,0.21917018824433346,,0,True
SZ301337,27.780003,0.54647946,0.5743373031117941,0.8205916250480215,0.25547445255474455,0.8787936995774107,量能波动;量能比,2,False
SZ301338,89.07,5.151233,0.8052247406838263,0.7391471379177872,0.6480983480599308,0.8288513253937764,量能水平;量能比,2,False
SZ301339,12.570001,0.99608386,0.6321552055320784,0.9481367652708413,0.819054936611602,0.9756050710718401,量能波动;量能动量;量能比,3,False
SZ301345,229.06,1.8314075,0.2547061083365348,0.3011909335382251,0.8180945063388398,0.1434882827506723,量能动量,1,False
SZ301348,22.24,1.3692964,0.8730311179408375,0.7193622742988859,0.5019208605455244,0.6646177487514406,量能水平,1,False
SZ301349,44.09,1.633022,0.8609296965040338,0.8668843641951595,0.14944295044179792,0.6142912024587015,量能水平;量能波动,2,False
SZ301353,20.599998,0.26233253,0.20783711102573954,0.20745293891663466,0.6851709565885516,0.8192470226661545,量能比,1,False
SZ301355,12.190001,0.7618813,0.6917018824433346,0.48424894352669995,0.42873607376104494,0.10487898578563196,,0,True
SZ301356,19.769999,0.40246737,0.38878217441413754,0.7381867076450249,0.9170188244333461,0.9585094122166731,量能动量;量能比,2,False
SZ301357,90.4,5.878141,0.8386477141759509,0.5676142912024587,0.12831348444102958,0.028236650019208605,量能水平,1,False
SZ301358,50.57,6.3002343,0.9636957356895889,0.8499807913945447,0.5334229734921244,0.4936611601997695,量能水平;量能波动,2,False
SZ301359,20.05,0.33711135,0.21033422973492125,0.2247406838263542,0.8031117940837496,0.6417595082597003,量能动量,1,False
SZ301360,61.420002,1.4766053,0.6440645409143296,0.7887053399923165,0.39608144448713023,0.8036880522474068,量能比,1,False
SZ301361,27.220001,0.23289524,0.13849404533230888,0.2854398770649251,0.518824433346139,0.6920860545524395,,0,True
SZ301362,106.079994,3.2960393,0.5973876296580868,0.5612754514022282,0.3202074529389166,0.6262005378409528,,0,True
SZ301363,15.959999,1.4841737,0.7451018056089128,0.9690741452170573,0.34709950057625816,0.969842489435267,量能波动;量能比,2,False
SZ301365,34.07,1.0509024,0.3695735689588936,0.45409143296196697,0.8809066461774875,0.7468305800998848,量能动量,1,False
SZ301366,75.0,10.107406,0.9070303495966193,0.8384556281213984,0.7850557049558202,0.8321167883211679,量能水平;量能波动;量能比,3,False
SZ301367,46.56,0.7560123,0.8305800998847483,0.7216673069535152,0.21436803688052247,0.5720322704571648,量能水平,1,False
SZ301368,39.480003,0.5105185,0.2091817134076066,0.13004225893200153,0.661736457933154,0.8069535151747983,量能比,1,False
SZ301369,141.00998,3.3944724,0.7099500576258163,0.8734152900499423,0.9076066077602766,0.9650403380714561,量能波动;量能动量;量能比,3,False
SZ301371,20.59,0.5835731,0.684402612370342,0.5662696888205916,0.12370341913177103,0.15251632731463696,,0,True
SZ301372,34.04,0.502367,0.7068766807529774,0.6607760276603919,0.6271609681137149,0.4494813676527084,,0,True
SZ301373,132.27,9.766412,0.9035728006146754,0.8288513253937764,0.5163273146369574,0.7875528236650019,量能水平;量能波动,2,False
SZ301376,22.29,1.1023526,0.6431041106415675,0.4079907798693815,0.565117172493277,0.10007683442182097,,0,True
SZ301377,348.72,10.297032,0.5257395313100269,0.46369573568958894,0.5818286592393392,0.7524010756819055,,0,True
SZ301378,25.480001,0.49856505,0.5950825970034576,0.6982328082981175,0.07837111025739531,0.5847099500576258,,0,True
SZ301379,20.06,1.8722804,0.580868228966577,0.44371878601613524,0.4944295044179793,0.35324625432193624,,0,True
SZ301380,34.0,1.0412463,0.5628121398386478,0.4548597771801767,0.7427967729542835,0.38109873223203994,,0,True
SZ301381,23.339998,1.3811326,0.8359585094122167,0.790242028428736,0.18421052631578946,0.5336150595466769,量能水平,1,False
SZ301382,39.97,3.857969,0.8536304264310411,0.9548597771801767,0.9869381482904341,0.9295044179792548,量能水平;量能波动;量能动量;量能比,4,False
SZ301383,23.369999,0.36473304,0.3196311947752593,0.552439492892816,0.05455243949289282,0.6452170572416442,,0,True
SZ301386,21.060001,0.294607,0.2095658855167115,0.5172877449097195,0.01844026123703419,0.9260468689973108,量能比,1,False
SZ301387,51.73,1.0705906,0.44045332308874374,0.46484825201690355,0.8641951594314253,0.5718401844026124,量能动量,1,False
SZ301388,25.67,0.32638147,0.25316941990011527,0.12965808682289665,0.5220898962735305,0.44487130234344985,,0,True
SZ301389,54.72,5.4825926,0.7694967345370726,0.7393392239723396,0.531886285055705,0.6227429888590088,,0,True
SZ301391,44.35,0.61340725,0.5059546676911256,0.36746062235881677,0.3301959277756435,0.2917787168651556,,0,True
SZ301392,154.89001,6.9513364,0.9314252785247791,0.8976181329235497,0.5564733000384172,0.4565885516711487,量能水平;量能波动,2,False
SZ301393,65.9,2.0744278,0.899923165578179,0.9669611986169804,0.6836342681521321,0.9421820975797157,量能水平;量能波动;量能比,3,False
SZ301395,12.11,0.39478412,0.2806377257011141,0.2564348828275067,0.7358816749903957,0.6504033807145602,,0,True
SZ301396,162.59,19.365402,0.8250096043027276,0.9439108720706877,0.45255474452554745,0.8547829427583558,量能水平;量能波动;量能比,3,False
SZ301397,22.119999,0.63955265,0.36438724548597773,0.27314636957356897,0.11909335382251249,0.040722243565117174,,0,True
SZ301398,38.46,0.7134271,0.34998079139454474,0.4654245101805609,0.27064925086438724,0.49308490203611216,,0,True
SZ301399,20.71,1.3832611,0.6461774875144064,0.47022666154437187,0.15827890895121013,0.06165962351133308,,0,True
SZ301408,14.67,1.5597986,0.8476757587399155,0.9683058009988474,0.010756819054936612,0.89684978870534,量能水平;量能波动;量能比,3,False
SZ301413,52.81,1.501881,0.7030349596619285,0.677487514406454,0.7005378409527468,0.711102573953131,,0,True
SZ301418,34.86,0.35273933,0.5852862082212832,0.5908567038033039,0.6730695351517479,0.7020745293891664,,0,True
SZ301419,42.93,3.445686,0.8668843641951595,0.703227045716481,0.3749519784863619,0.5040338071456012,量能水平,1,False
SZ301421,73.55,2.2597454,0.7160968113714944,0.6258163657318478,0.44026123703419134,0.3390318862850557,,0,True
SZ301428,26.97,0.6308673,0.5968113714944295,0.8542066845946984,0.6198616980407222,0.8434498655397619,量能波动;量能比,2,False
SZ301429,17.630001,0.2563264,0.28832116788321166,0.17883211678832117,0.7656550134460238,0.8038801383019593,量能比,1,False
SZ301439,13.860001,1.1807448,0.769688820591625,0.5418747598924318,0.10353438340376489,0.014214368036880523,,0,True
SZ301446,38.450005,0.36886656,0.1527084133691894,0.3641951594314253,0.42931233192470225,0.8891663465232424,量能比,1,False
SZ301448,53.100006,0.859216,0.33711102573953133,0.5526315789473685,0.6751824817518248,0.9442950441797926,量能比,1,False
SZ301449,40.34,0.56320715,0.571263926238955,0.37149442950441797,0.28486361890126777,0.14579331540530158,,0,True
SZ301456,26.289999,0.7403621,0.7061083365347676,0.8180945063388398,0.9281598155973876,0.8611217825585863,量能波动;量能动量;量能比,3,False
SZ301458,36.699997,2.467224,0.8298117556665386,0.7608528620822128,0.6721091048789858,0.5601229350749135,量能水平,1,False
SZ301459,31.66,0.27166504,0.2203227045716481,0.12850557049558203,0.3323088743757203,0.2502881290818287,,0,True
SZ301468,30.530003,1.101862,0.5925854782942759,0.49635036496350365,0.06377257011140991,0.3924318094506339,,0,True
SZ301469,28.96,0.25687286,0.34498655397618133,0.2520169035728006,0.6213983864771417,0.662120630042259,,0,True
SZ301479,49.579998,1.2286545,0.7858240491740299,0.8786016135228583,0.48482520169035725,0.6592393392239724,量能波动,1,False
SZ301486,189.9,14.335545,0.9406454091432962,0.7112946600076835,0.4661928543987707,0.32942758355743373,量能水平,1,False
SZ301487,15.820001,1.7134056,0.990395697272378,0.9940453323088744,0.9416058394160584,0.5113330772185939,量能水平;量能波动;量能动量,3,False
SZ301488,91.4,1.0525099,0.5733768728390319,0.4512101421436804,0.6626968882059162,0.3336534767575874,,0,True
SZ301489,112.75,9.165758,0.8436419515943142,0.8157894736842105,0.06646177487514407,0.1386861313868613,量能水平;量能波动,2,False
SZ301491,36.4,0.22804834,0.3175182481751825,0.41644256626968884,0.05532078371110257,0.45024971187091817,,0,True
SZ301498,38.53,1.5884701,0.8265462927391471,0.9049174029965424,0.01171724932769881,0.752593161736458,量能水平;量能波动,2,False
SZ301499,25.73,0.4478371,0.3930080676142912,0.6409911640414906,0.039185555128697654,0.9385324625432193,量能比,1,False
SZ301500,24.81,4.0217094,0.9168267383787937,0.8757203227045717,0.4156742220514791,0.5347675758739916,量能水平;量能波动,2,False
SZ301501,26.829998,0.2572654,0.28044563964656166,0.5991164041490588,0.36361890126776797,0.868421052631579,量能比,1,False
SZ301502,51.089996,0.45605275,0.33730311179408373,0.326930464848252,0.7462543219362274,0.3599692662312716,,0,True
SZ301503,22.49,0.27370375,0.20111409911640415,0.03611217825585863,0.5176719170188244,0.12677679600461006,,0,True
SZ301505,18.150002,0.6619351,0.5979638878217441,0.2130234344986554,0.5336150595466769,0.04552439492892816,,0,True
SZ301507,13.320001,0.5446224,0.6847867844794467,0.909527468305801,0.10526315789473684,0.9179792547061083,量能波动;量能比,2,False
SZ301508,24.05,0.22070219,0.2664233576642336,0.17018824433346139,0.7170572416442567,0.4262389550518632,,0,True
SZ301509,30.800001,0.9988283,0.7427967729542835,0.8031117940837496,0.3161736457933154,0.7283903188628505,量能波动,1,False
SZ301510,27.500002,1.8340534,0.9410295812524011,0.7862082212831348,0.34748367268536307,0.3755282366500192,量能水平,1,False
SZ301511,96.15,33.665756,0.9892431809450634,0.9124087591240876,0.5213215520553208,0.29830964271993854,量能水平;量能波动,2,False
SZ301512,31.429998,0.28723425,0.35324625432193624,0.2675758739915482,0.8421052631578947,0.703227045716481,量能动量,1,False
SZ301513,51.420002,0.5437175,0.6471379177871687,0.8830195927775644,0.9692662312716097,0.7228198232808298,量能波动;量能动量,2,False
SZ301515,20.390001,0.24668944,0.32654629273914715,0.5130618517095659,0.709757971571264,0.8707260852862082,量能比,1,False
SZ301516,18.66,2.28025,0.9008835958509412,0.7579715712639262,0.09565885516711486,0.04955820207452939,量能水平,1,False
SZ301517,35.399998,0.9621399,0.6803688052247406,0.8705339992316558,0.8482520169035728,0.9610065309258548,量能波动;量能动量;量能比,3,False
SZ301518,23.970001,0.56352997,0.4832885132539378,0.6907414521705724,0.006723011909335382,0.7441413753361505,,0,True
SZ301519,12.29,0.23533122,0.4245101805608913,0.47733384556281216,0.685747214752209,0.5286208221283135,,0,True
SZ301520,72.0,8.967434,0.9719554360353438,0.9456396465616597,0.6069919323857088,0.7454859777180177,量能水平;量能波动,2,False
SZ301522,21.989998,0.7075107,0.8357664233576643,0.7545140222819823,0.4479446792162889,0.5691509796388782,量能水平,1,False
SZ301525,38.859997,0.52074254,0.6346523242412601,0.38436419515943143,0.21321552055320783,0.3226085286208221,,0,True
SZ301526,27.72,42.34327,0.9875144064540914,0.9496734537072609,0.1536688436419516,0.11467537456780638,量能水平;量能波动,2,False
SZ301528,72.16,1.3957214,0.7627737226277372,0.6828659239339224,0.07568190549366116,0.24087591240875914,,0,True
SZ301529,136.88,4.349873,0.7266615443718786,0.7184018440261237,0.34498655397618133,0.7135996926623127,,0,True
SZ301531,49.5,1.4988302,0.8737994621590472,0.791970802919708,0.33499807913945445,0.6513638109873223,量能水平,1,False
SZ301533,28.490002,0.65099555,0.7328082981175567,0.24721475220898964,0.2981175566653861,0.006723011909335382,,0,True
SZ301535,13.519999,0.3494861,0.38494045332308874,0.16884364195159432,0.33000384172109104,0.15578179024202843,,0,True
SZ301536,125.09999,15.915911,0.9660007683442182,0.9542835190165194,0.6746062235881675,0.7001536688436419,量能水平;量能波动,2,False
SZ301538,40.23,0.673278,0.40549366116019975,0.30484056857472147,0.5852862082212832,0.47598924318094504,,0,True
SZ301539,15.43,0.30659407,0.4546676911256243,0.1920860545524395,0.7216673069535152,0.08759124087591241,,0,True
SZ301548,52.680004,0.8116502,0.49346907414521707,0.6498271225509028,0.1390703034959662,0.726853630426431,,0,True
SZ301550,93.99,9.221163,0.7623895505186323,0.6911256242796773,0.7120630042258932,0.549366116019977,,0,True
SZ301551,22.210001,1.9361852,0.8947368421052632,0.9302727621974645,0.09296965040338072,0.6978486361890127,量能水平;量能波动,2,False
SZ301552,24.769999,0.2953094,0.2558586246638494,0.18555512869765656,0.8567038033038802,0.0695351517479831,量能动量,1,False
SZ301555,35.64,0.59671324,0.6237034191317711,0.7437572032270457,0.7637341529004994,0.8782174414137534,量能比,1,False
SZ301556,62.88,1.5768527,0.8903188628505571,0.7541298501728775,0.6323472915866308,0.04725316941990011,量能水平,1,False
SZ301557,81.61,0.56637394,0.2548981943910872,0.5503265462927391,0.7867844794467922,0.9062620053784095,量能比,1,False
SZ301558,6.7500005,0.61254543,0.753937764118325,0.9233576642335767,0.9650403380714561,0.8822512485593546,量能波动;量能动量;量能比,3,False
SZ301560,33.879997,1.1177907,0.7752593161736457,0.9756050710718401,0.9980791394544756,0.9907798693814829,量能波动;量能动量;量能比,3,False
SZ301563,105.08,1.4301131,0.6229350749135613,0.4706108336534768,0.7913945447560508,0.7354975028812908,,0,True
SZ301565,19.380001,0.8268388,0.7458701498271225,0.644640799077987,0.23223203995389935,0.38551671148674604,,0,True
SZ301566,24.62,5.665799,0.9677295428351902,0.9742604686899731,0.031310026892047635,0.7289665770265079,量能水平;量能波动,2,False
SZ301567,37.13,0.46717548,0.4976949673453707,0.42431809450633884,0.1965040338071456,0.38935843257779484,,0,True
SZ301568,70.05,2.143425,0.7852477910103727,0.825585862466385,0.7378025355359201,0.820783711102574,量能波动;量能比,2,False
SZ301571,68.36,3.4744954,0.7558586246638495,0.7520169035728006,0.09757971571263926,0.6882443334613907,,0,True
SZ301575,23.89,1.2046704,0.8565117172493277,0.7402996542451018,0.26834421820975796,0.24241260084517863,量能水平,1,False
SZ301577,56.39,0.62363595,0.4623511333077219,0.44621590472531697,0.5762581636573185,0.45927775643488283,,0,True
SZ301578,23.98,0.226283,0.19131771033422973,0.4314252785247791,0.9669611986169804,0.7266615443718786,量能动量,1,False
SZ301580,52.08,2.978962,0.8107952362658472,0.8282750672301191,0.3678447944679216,0.6757587399154822,量能水平;量能波动,2,False
SZ301581,36.769997,0.24780025,0.2975412985017288,0.582597003457549,0.9258547829427584,0.8922397233960815,量能动量;量能比,2,False
SZ301584,17.93,0.33037135,0.38743757203227047,0.657318478678448,0.7885132539377642,0.8780253553592009,量能比,1,False
SZ301585,27.69,0.23960643,0.2981175566653861,0.14560122935074912,0.16116019976949675,0.10276603918555513,,0,True
SZ301586,29.310001,0.31394055,0.41317710334229735,0.2860161352285824,0.7464464079907799,0.17287744909719555,,0,True
SZ301587,22.59,0.5202702,0.5391855551286977,0.8774490971955436,0.9880906646177487,0.950633883980023,量能波动;量能动量;量能比,3,False
SZ301588,25.900002,0.64502734,0.5243949289281599,0.5704955820207452,0.5136381098732232,0.708029197080292,,0,True
SZ301589,157.19,1.1214542,0.7141759508259701,0.7318478678447945,0.11544371878601614,0.6642335766423357,,0,True
SZ301590,67.04,0.53722364,0.5074913561275451,0.512677679600461,0.8643872454859777,0.22301190933538226,量能动量,1,False
SZ301591,41.84,5.6301184,0.9683058009988474,0.8551671148674607,0.4273914713791779,0.1069919323857088,量能水平;量能波动,2,False
SZ301592,108.700005,1.4491923,0.8202074529389166,0.47925470610833654,0.5266999615827891,0.33058009988474835,量能水平,1,False
SZ301595,46.610004,0.92432344,0.6202458701498271,0.8131002689204764,0.7011140991164041,0.8261621206300422,量能波动;量能比,2,False
SZ301596,45.399998,0.6202003,0.29254706108336537,0.27602766039185556,0.5695351517479831,0.6715328467153284,,0,True
SZ301598,51.32,0.27162856,0.2581636573184787,0.09604302727621974,0.8367268536304264,0.4905877833269305,量能动量,1,False
SZ301599,33.18,1.030671,0.7935074913561275,0.9427583557433731,0.968113714944295,0.7427967729542835,量能波动;量能动量,2,False
SZ301600,75.78,0.5983901,0.15827890895121013,0.40434114483288514,0.7018824433346139,0.7431809450633884,,0,True
SZ301601,16.2,0.69094616,0.7929312331924703,0.974644640799078,0.7572032270457165,0.9915482135996927,量能波动;量能比,2,False
SZ301602,16.01,0.48997623,0.5724164425662697,0.5833653476757588,0.27160968113714945,0.6834421820975797,,0,True
SZ301603,117.2,2.1231837,0.542835190165194,0.4677295428351902,0.39877064925086436,0.2802535535920092,,0,True
SZ301606,50.79,2.9281666,0.831732616212063,0.7777564348828275,0.14694583173261622,0.2781406069919324,量能水平,1,False
SZ301607,42.65,3.9657793,0.8507491356127546,0.8624663849404534,0.5946984248943527,0.6671148674606223,量能水平;量能波动,2,False
SZ301608,51.25,1.1286339,0.7026507875528236,0.7835190165194007,0.401651940069151,0.8013830195927776,量能比,1,False
SZ301609,30.07,0.5823738,0.6421436803688052,0.6897810218978102,0.22339608144448714,0.1742220514790626,,0,True
SZ301611,88.08,6.3239403,0.8453707260852862,0.7232039953899347,0.3584325777948521,0.3799462159047253,量能水平,1,False
SZ301613,34.33,0.24613313,0.3419131771033423,0.620630042258932,0.5203611217825586,0.8154053015751056,量能比,1,False
SZ301616,35.86,0.25409922,0.2135996926623127,0.6033422973492124,0.8121398386477142,0.8885900883595851,量能动量;量能比,2,False
SZ301617,54.989998,0.9336376,0.5184402612370342,0.5555128697656551,0.9212447176334998,0.8152132155205533,量能动量;量能比,2,False
SZ301618,30.339998,0.26348495,0.7401075681905493,0.560315021129466,0.44756050710718404,0.3175182481751825,,0,True
SZ301622,36.23,0.41125253,0.6152516327314637,0.3711102573953131,0.68267383787937,0.37917787168651557,,0,True
SZ301626,295.49997,7.685556,0.8816749903956973,0.8148290434114484,0.20898962735305418,0.6970802919708029,量能水平;量能波动,2,False
SZ301628,116.5,5.1427937,0.9631194775259316,0.8860929696504034,0.928736073761045,0.6271609681137149,量能水平;量能波动;量能动量,3,False
SZ301629,267.21,3.1993513,0.7637341529004994,0.6427199385324626,0.600076834421821,0.2869765655013446,,0,True
SZ301630,199.26,3.660175,0.8432577794852094,0.8682289665770265,0.5509028044563965,0.663465232424126,量能水平;量能波动,2,False
SZ301631,61.35,1.6922703,0.8674606223588167,0.4771417595082597,0.2378025355359201,0.08835958509412217,量能水平,1,False
SZ301632,13.160001,0.52520454,0.6769112562427968,0.8084902036112178,0.043795620437956206,0.8107952362658472,量能波动;量能比,2,False
SZ301633,61.010002,1.178652,0.8501728774490972,0.8951210142143681,0.5109489051094891,0.5332308874375721,量能水平;量能波动,2,False
SZ301636,40.96,0.53516746,0.5315021129466001,0.730311179408375,0.9166346523242412,0.914329619669612,量能动量;量能比,2,False
SZ301638,20.5,1.2959876,0.6187091817134076,0.5710718401844026,0.1269688820591625,0.37706492508643874,,0,True
SZ301656,13.679999,0.55629265,0.6367652708413369,0.7771801767191702,0.8843641951594314,0.8409527468305801,量能动量;量能比,2,False
SZ301658,21.66,0.57573014,0.6019976949673453,0.20553207837111026,0.5505186323472916,0.35478294275835576,,0,True
SZ301662,70.05,2.370808,0.7533615059546677,0.8828275067230119,0.9702266615443719,0.39473684210526316,量能波动;量能动量,2,False
SZ301665,21.78,0.43688253,0.46638494045332307,0.28678447944679214,0.3574721475220899,0.031886285055704955,,0,True
SZ301666,355.81003,10.099402,0.9663849404533231,0.9706108336534768,0.06550134460238187,0.628505570495582,量能水平;量能波动,2,False
SZ301667,56.239998,0.7570899,0.7112946600076835,0.6359969266231271,0.7829427583557433,0.5053784095274683,,0,True
SZ301668,29.76,0.3976715,0.46427199385324625,0.6139070303495966,0.6091048789857856,0.42527852477910105,,0,True
SZ301669,25.17,1.0966125,0.8132923549750288,0.7700729927007299,0.41817134076066076,0.7074529389166346,量能水平,1,False
SZ301678,53.31,2.6006784,0.8058009988474837,0.9502497118709182,0.791970802919708,0.9882827506723012,量能水平;量能波动;量能比,3,False
SZ301680,97.12,1.3995738,0.7593161736457933,0.6371494429504418,0.1244717633499808,0.14560122935074912,,0,True
SZ301682,104.2,2.2167609,0.8467153284671532,0.9375720322704572,0.46965040338071457,0.8812908182865924,量能水平;量能波动;量能比,3,False
SZ301683,99.99,0.5861896,0.4782942758355743,0.5841336918939685,0.5774106799846331,0.8745678063772571,量能比,1,False
SZ301687,50.780003,1.8088336,0.8422973492124471,0.8486361890126777,0.16461774875144064,0.5461006530925855,量能水平;量能波动,2,False
SZ301696,88.350006,1.2757018,0.6542451018056089,0.4976949673453707,0.42258932001536686,0.39147137917787167,,0,True
SZ302132,57.0,5.9351454,0.6098732232039954,0.288897426046869,0.7597003457548982,0.11947752593161737,,0,True
