code,close,amount20_yi,量能水平,量能波动,量能动量,量能比,excluded_by,n_hit,keep
BJ920001,11.26,0.2913578,0.34700920245398775,0.46319018404907975,0.09317484662576687,0.8397239263803681,量能比,1,False
BJ920002,53.35,0.5072587,0.20302914110429449,0.6171395705521472,0.9720092024539877,0.8121165644171779,量能动量;量能比,2,False
BJ920006,16.84,0.88439167,0.6457055214723927,0.5567484662576687,0.04102760736196319,0.021855828220858894,,0,True
BJ920008,20.25,0.49709085,0.5755368098159509,0.5072852760736196,0.1165644171779141,0.0352760736196319,,0,True
BJ920010,8.47,0.8741943,0.6376533742331288,0.3149923312883436,0.22450153374233128,0.03719325153374233,,0,True
BJ920012,51.45,0.5232331,0.33224693251533743,0.6882668711656442,0.8205521472392638,0.9200536809815951,量能动量;量能比,2,False
BJ920015,44.13,0.8596699,0.5295245398773006,0.8891871165644172,0.9695168711656442,0.9681748466257669,量能波动;量能动量;量能比,3,False
BJ920016,14.070001,0.31769478,0.3700153374233129,0.5646088957055214,0.0003834355828220859,0.35966257668711654,,0,True
BJ920017,15.46,0.25369197,0.13266871165644173,0.4522622699386503,0.06805981595092024,0.7406058282208589,,0,True
BJ920019,15.910001,0.55515695,0.5128450920245399,0.4913726993865031,0.9248466257668712,0.20322085889570551,量能动量,1,False
BJ920021,7.6600003,3.5125902,0.8623466257668712,0.8512269938650306,0.1959355828220859,0.1664110429447853,量能水平;量能波动,2,False
BJ920026,16.710001,0.49537516,0.4317484662576687,0.55329754601227,0.8161426380368099,0.3318634969325153,量能动量,1,False
BJ920028,14.69,0.31814817,0.29658742331288346,0.4593558282208589,0.1660276073619632,0.5105444785276073,,0,True
BJ920029,31.759998,0.25687674,0.2419478527607362,0.22661042944785276,0.8780674846625767,0.09355828220858896,量能动量,1,False
BJ920036,30.8,0.31739366,0.23715490797546013,0.34183282208588955,0.003450920245398773,0.0870398773006135,,0,True
BJ920037,37.540005,0.29209393,0.2616947852760736,0.4026073619631902,0.60295245398773,0.48638803680981596,,0,True
BJ920045,483.87997,9.024082,0.9129601226993865,0.8544861963190185,0.22354294478527606,0.2726226993865031,量能水平;量能波动,2,False
BJ920046,18.77,0.7708315,0.3387653374233129,0.1723542944785276,0.09547546012269939,0.018788343558282208,,0,True
BJ920047,15.1,0.56839526,0.5396855828220859,0.6480061349693251,0.63420245398773,0.8146088957055214,量能比,1,False
BJ920058,22.550001,0.20654105,0.125,0.5065184049079755,0.4817868098159509,0.9386503067484663,量能比,1,False
BJ920060,26.28,1.6765358,0.7639953987730062,0.7887269938650306,0.6802147239263804,0.8830521472392638,量能比,1,False
BJ920068,15.309999,0.2908342,0.23063650306748465,0.012845092024539878,0.7728144171779141,0.01111963190184049,,0,True
BJ920072,22.58,0.23986164,0.3000383435582822,0.6905674846625767,0.016104294478527608,0.8464340490797546,量能比,1,False
BJ920075,15.68,0.5995658,0.5711273006134969,0.6708205521472392,0.125,0.17350460122699388,,0,True
BJ920077,13.059999,0.529048,0.3472009202453988,0.39743098159509205,0.8473926380368099,0.7016871165644172,量能动量,1,False
BJ920078,17.25,0.36476067,0.42254601226993865,0.2312116564417178,0.7116564417177914,0.26226993865030673,,0,True
BJ920083,40.72,1.801952,0.8224693251533742,0.9173696319018405,0.6587423312883436,0.9401840490797546,量能水平;量能波动;量能比,3,False
BJ920087,14.12,3.6012316,0.8897622699386503,0.8146088957055214,0.03546779141104295,0.1169478527607362,量能水平;量能波动,2,False
BJ920088,40.7,2.3136737,0.696319018404908,0.4384585889570552,0.4415260736196319,0.134010736196319,,0,True
BJ920092,24.01,0.5813084,0.4829371165644172,0.464148773006135,0.0598159509202454,0.033550613496932516,,0,True
BJ920096,29.550001,0.2782066,0.5521472392638037,0.419670245398773,0.1731211656441718,0.15433282208588958,,0,True
BJ920098,17.09,0.372461,0.3702070552147239,0.15069018404907975,0.46875,0.004601226993865031,,0,True
BJ920100,30.410002,0.53946704,0.5592407975460123,0.6319018404907976,0.9699003067484663,0.5866564417177914,量能动量,1,False
BJ920106,33.0,0.26538193,0.14302147239263804,0.3638803680981595,0.9181365030674846,0.5076687116564417,量能动量,1,False
BJ920111,24.939999,0.47284243,0.22603527607361965,0.1085122699386503,0.7093558282208589,0.3991564417177914,,0,True
BJ920116,42.84,0.8039432,0.2979294478527607,0.08032975460122699,0.535467791411043,0.339340490797546,,0,True
BJ920119,52.89,0.44961187,0.40107361963190186,0.1424463190184049,0.1669861963190184,0.019938650306748466,,0,True
BJ920122,25.3,0.4082628,0.4098926380368098,0.727760736196319,0.9524539877300614,0.7931365030674846,量能动量,1,False
BJ920125,140.0,2.5280087,0.5375766871165644,0.5611579754601227,0.32285276073619634,0.3761503067484663,,0,True
BJ920126,9.68,0.2476378,0.24789110429447853,0.1531825153374233,0.05233895705521473,0.0745782208588957,,0,True
BJ920128,18.400002,0.5579644,0.4940567484662577,0.39858128834355827,0.18730828220858894,0.14704754601226994,,0,True
BJ920130,16.01,0.5334548,0.4925230061349693,0.781441717791411,0.5147622699386503,0.6915260736196319,,0,True
BJ920139,14.66,0.6229528,0.593941717791411,0.8353144171779141,0.21970858895705522,0.9378834355828221,量能波动;量能比,2,False
BJ920146,5.59,0.30825076,0.34796779141104295,0.7068634969325154,0.9783358895705522,0.9959739263803681,量能动量;量能比,2,False
BJ920156,34.51,0.29275897,0.17350460122699388,0.3665644171779141,0.1236579754601227,0.3412576687116564,,0,True
BJ920158,7.69,0.22778702,0.196510736196319,0.1267254601226994,0.09029907975460123,0.0023006134969325155,,0,True
BJ920159,27.919998,0.79942155,0.6466641104294478,0.5694018404907976,0.00843558282208589,0.01495398773006135,,0,True
BJ920161,19.4,0.63918775,0.6370782208588958,0.6968941717791411,0.30348926380368096,0.6842407975460123,,0,True
BJ920169,19.869999,0.855826,0.6322852760736196,0.6625766871165644,0.08148006134969325,0.032975460122699383,,0,True
BJ920171,15.340001,0.37225357,0.35161042944785276,0.36809815950920244,0.061924846625766874,0.03374233128834356,,0,True
BJ920174,29.899998,0.55399585,0.5657592024539877,0.29486196319018404,0.6574003067484663,0.08588957055214724,,0,True
BJ920178,81.88,1.0380836,0.7868098159509203,0.6491564417177914,0.2785659509202454,0.4888803680981595,,0,True
BJ920179,56.08,1.9279668,0.6658358895705522,0.5370015337423313,0.24616564417177914,0.36733128834355827,,0,True
BJ920181,65.65,0.39362767,0.19248466257668712,0.1995782208588957,0.5364263803680982,0.6754217791411042,,0,True
BJ920184,10.969999,0.34443027,0.38324386503067487,0.2870015337423313,0.19190950920245398,0.02338957055214724,,0,True
BJ920185,19.400002,0.7756136,0.6445552147239264,0.5851226993865031,0.7124233128834356,0.4470858895705521,,0,True
BJ920186,67.0,2.8143477,0.8619631901840491,0.6677530674846626,0.1276840490797546,0.3638803680981595,量能水平,1,False
BJ920188,20.810001,0.24841902,0.16986196319018404,0.0339340490797546,0.1531825153374233,0.013420245398773007,,0,True
BJ920190,22.56,1.1311383,0.6556748466257669,0.401840490797546,0.21798312883435583,0.20034509202453987,,0,True
BJ920193,28.479998,0.82594967,0.7319785276073619,0.6813650306748467,0.06671779141104295,0.5555981595092024,,0,True
BJ920199,23.130001,0.26376933,0.2085889570552147,0.2839340490797546,0.5166794478527608,0.6407208588957055,,0,True
BJ920200,32.8,0.87367094,0.8592791411042945,0.9608895705521472,0.5406441717791411,0.8556365030674846,量能水平;量能波动;量能比,3,False
BJ920206,36.469997,0.89830726,0.754217791411043,0.7014953987730062,0.03240030674846626,0.12691717791411042,,0,True
BJ920207,20.83,0.6247776,0.4250383435582822,0.419478527607362,0.31575920245398775,0.3004217791411043,,0,True
BJ920208,10.469999,0.46005696,0.45878067484662577,0.42963957055214724,0.034700920245398774,0.29121932515337423,,0,True
BJ920211,88.91,0.33242965,0.48945552147239263,0.5594325153374233,0.7208588957055214,0.656441717791411,,0,True
BJ920212,10.099999,0.44231915,0.3585122699386503,0.07208588957055215,0.30195552147239263,0.02530674846625767,,0,True
BJ920220,39.309998,0.4085233,0.6702453987730062,0.4796779141104294,0.024348159509202456,0.16487730061349692,,0,True
BJ920222,23.47,0.63039595,0.5038343558282209,0.2036042944785276,0.3715490797546012,0.020130368098159507,,0,True
BJ920223,12.2,1.441894,0.7448236196319018,0.6064033742331288,0.5904907975460123,0.05080521472392638,,0,True
BJ920225,15.45,0.89320624,0.6192484662576687,0.1646855828220859,0.16621932515337423,0.04141104294478527,,0,True
BJ920227,48.710003,0.3408811,0.22430981595092025,0.7218174846625767,0.848159509202454,0.9351993865030674,量能动量;量能比,2,False
BJ920230,11.07,0.24038585,0.16794478527607362,0.4173696319018405,0.47392638036809814,0.45283742331288346,,0,True
BJ920247,14.969998,0.3575436,0.3746165644171779,0.29524539877300615,0.9545628834355828,0.7246932515337423,量能动量,1,False
BJ920249,8.64,0.41956404,0.43826687116564417,0.558282208588957,0.06134969325153374,0.36100460122699385,,0,True
BJ920252,13.95,0.2080841,0.2816334355828221,0.15874233128834356,0.41621932515337423,0.13094325153374234,,0,True
BJ920273,16.869999,0.65926415,0.629409509202454,0.47430981595092025,0.1844325153374233,0.005176380368098159,,0,True
BJ920274,14.57,0.24963792,0.3121165644171779,0.1004601226993865,0.7367714723926381,0.009010736196319018,,0,True
BJ920284,15.599999,0.38987505,0.5391104294478528,0.2983128834355828,0.24654907975460122,0.09490030674846625,,0,True
BJ920299,13.17,0.2411808,0.1522239263803681,0.09796779141104295,0.3943634969325153,0.040644171779141106,,0,True
BJ920304,8.88,0.50041854,0.3991564417177914,0.1968941717791411,0.03968558282208589,0.0003834355828220859,,0,True
BJ920344,22.53,0.75201845,0.5504217791411042,0.6150306748466258,0.8422162576687117,0.9056748466257669,量能动量;量能比,2,False
BJ920346,15.0199995,0.20216754,0.19516871165644173,0.7559432515337423,0.9823619631901841,0.9629984662576687,量能动量;量能比,2,False
BJ920351,12.21,0.33170274,0.39398006134969327,0.379409509202454,0.3188266871165644,0.3786426380368098,,0,True
BJ920357,14.62,0.40910393,0.34375,0.4313650306748466,0.5143788343558282,0.46702453987730064,,0,True
BJ920367,25.9,1.3799489,0.6131134969325154,0.7682131901840491,0.356978527607362,0.7532592024539877,,0,True
BJ920368,22.42,0.68337464,0.5531058282208589,0.6742714723926381,0.32381134969325154,0.6648773006134969,,0,True
BJ920371,7.0499997,0.76828307,0.5513803680981595,0.43462423312883436,0.03700153374233129,0.015337423312883436,,0,True
BJ920392,13.4,0.22073875,0.31269171779141103,0.4401840490797546,0.05732361963190184,0.037576687116564415,,0,True
BJ920394,46.05,0.7005668,0.3880368098159509,0.46568251533742333,0.54045245398773,0.6892254601226994,,0,True
BJ920402,8.03,0.47792256,0.4052914110429448,0.3989647239263804,0.294670245398773,0.19497699386503067,,0,True
BJ920403,19.31,1.5436205,0.7114647239263804,0.5097776073619632,0.015145705521472392,0.012653374233128834,,0,True
BJ920415,8.6,0.21515678,0.22565184049079753,0.0718941717791411,0.5097776073619632,0.09317484662576687,,0,True
BJ920418,18.83,0.28274587,0.2716641104294479,0.7657208588957055,0.9923312883435583,0.9047162576687117,量能动量;量能比,2,False
BJ920422,9.09,0.25109035,0.19574386503067484,0.2043711656441718,0.023006134969325152,0.008052147239263804,,0,True
BJ920425,13.7699995,0.29409444,0.18558282208588958,0.10276073619631902,0.1598926380368098,0.07917944785276074,,0,True
BJ920427,9.93,0.47670496,0.42925613496932513,0.7843174846625767,0.9938650306748467,0.9994248466257669,量能动量;量能比,2,False
BJ920429,10.01,0.2579766,0.2406058282208589,0.24884969325153375,0.15279907975460122,0.031058282208588958,,0,True
BJ920438,116.09999,4.736022,0.7885352760736196,0.7281441717791411,0.4461273006134969,0.8335889570552147,量能比,1,False
BJ920445,7.32,0.25364926,0.1898006134969325,0.6468558282208589,0.9658742331288344,0.8199769938650306,量能动量;量能比,2,False
BJ920469,5.68,0.23679434,0.33378067484662577,0.3253450920245399,0.531441717791411,0.08646472392638037,,0,True
BJ920471,11.13,0.25047308,0.15107361963190183,0.06805981595092024,0.07879601226993865,0.004984662576687116,,0,True
BJ920476,22.470001,0.290405,0.18270705521472394,0.18845858895705522,0.5826303680981595,0.2749233128834356,,0,True
BJ920478,11.120001,0.64554805,0.522430981595092,0.8981978527607362,0.9769938650306749,0.9976993865030674,量能波动;量能动量;量能比,3,False
BJ920489,12.14,0.2705537,0.33148006134969327,0.3746165644171779,0.04965490797546012,0.5331671779141104,,0,True
BJ920491,20.83,0.42701167,0.4083588957055215,0.33378067484662577,0.7601610429447853,0.39973159509202455,,0,True
BJ920493,107.95,1.4859629,0.7776073619631901,0.8042561349693251,0.4169861963190184,0.6041027607361963,量能波动,1,False
BJ920505,24.98,0.2484467,0.33013803680981596,0.4875383435582822,0.9338573619631901,0.8002300613496932,量能动量;量能比,2,False
BJ920509,22.529999,0.9618833,0.6577837423312883,0.8602377300613497,0.817101226993865,0.9294478527607362,量能波动;量能动量;量能比,3,False
BJ920510,21.44,1.1638216,0.6064033742331288,0.754217791411043,0.870398773006135,0.8021472392638037,量能动量;量能比,2,False
BJ920522,16.77,0.9168056,0.8353144171779141,0.6418711656441718,0.4973159509202454,0.17580521472392638,量能水平,1,False
BJ920526,21.64,0.6658451,0.5145705521472392,0.928680981595092,0.9277223926380368,0.9915644171779141,量能波动;量能动量;量能比,3,False
BJ920527,14.96,0.23062004,0.13247699386503067,0.023006134969325152,0.38650306748466257,0.014378834355828221,,0,True
BJ920533,16.16,0.5150744,0.5630751533742331,0.46683282208588955,0.03949386503067485,0.10026840490797546,,0,True
BJ920564,13.209999,0.28491473,0.21434049079754602,0.19746932515337423,0.005368098159509203,0.04812116564417178,,0,True
BJ920571,8.86,2.7241228,0.865989263803681,0.8282208588957055,0.4938650306748466,0.4125766871165644,量能水平;量能波动,2,False
BJ920576,36.86,0.610086,0.33953220858895705,0.26265337423312884,0.46568251533742333,0.4075920245398773,,0,True
BJ920592,25.8,1.7276083,0.8656058282208589,0.9026073619631901,0.01687116564417178,0.43059815950920244,量能水平;量能波动,2,False
BJ920593,23.53,0.39483932,0.4156441717791411,0.3813266871165644,0.7870015337423313,0.5705521472392638,,0,True
BJ920599,17.32,0.4951805,0.32994631901840493,0.34298312883435583,0.8999233128834356,0.2559432515337423,量能动量,1,False
BJ920608,13.420001,0.25894177,0.23332055214723926,0.1460889570552147,0.07381134969325154,0.00019171779141104295,,0,True
BJ920634,15.25,0.25377905,0.2929447852760736,0.1138803680981595,0.2758819018404908,0.004217791411042945,,0,True
BJ920640,27.13,0.9148629,0.5772622699386503,0.7632285276073619,0.8922546012269938,0.7825920245398773,量能动量,1,False
BJ920642,9.58,0.30235785,0.26361196319018404,0.11924846625766872,0.1393788343558282,0.014762269938650307,,0,True
BJ920651,19.779999,0.20089194,0.17714723926380369,0.268021472392638,0.9156441717791411,0.8188266871165644,量能动量;量能比,2,False
BJ920662,17.91,0.44888407,0.42484662576687116,0.10295245398773006,0.29850460122699385,0.0072852760736196315,,0,True
BJ920670,12.07,0.20702659,0.09585889570552147,0.09624233128834356,0.34087423312883436,0.10870398773006135,,0,True
BJ920693,23.18,0.21299957,0.24444018404907975,0.3276457055214724,0.14513036809815952,0.3866947852760736,,0,True
BJ920699,62.27,0.5089346,0.16142638036809817,0.3518021472392638,0.13362730061349692,0.5348926380368099,,0,True
BJ920701,10.740001,0.21701805,0.1888420245398773,0.4049079754601227,0.2630368098159509,0.38631134969325154,,0,True
BJ920706,15.88,0.45774856,0.4148773006134969,0.7737730061349694,0.9305981595092024,0.8899539877300614,量能动量;量能比,2,False
BJ920725,90.05,5.255641,0.7300613496932515,0.43424079754601225,0.43769171779141103,0.28680981595092025,,0,True
BJ920726,14.75,0.57743984,0.39973159509202455,0.1491564417177914,0.053489263803680985,0.011503067484662576,,0,True
BJ920735,25.01,0.60815996,0.48466257668711654,0.6056365030674846,0.3232361963190184,0.6869248466257669,,0,True
BJ920748,32.4,1.2338595,0.7026457055214724,0.9047162576687117,0.9666411042944786,0.7490414110429447,量能波动;量能动量,2,False
BJ920770,9.84,0.40880296,0.47296779141104295,0.39704754601226994,0.09470858895705521,0.06614263803680982,,0,True
BJ920779,21.85,0.26358894,0.28815184049079756,0.1838573619631902,0.06575920245398773,0.04121932515337423,,0,True
BJ920786,6.9999995,1.2345265,0.7028374233128835,0.6019938650306749,0.040452453987730064,0.08148006134969325,,0,True
BJ920790,21.85,0.9367904,0.7241180981595092,0.6602760736196319,0.06767638036809816,0.04390337423312884,,0,True
BJ920799,30.41,1.9514519,0.901648773006135,0.8564033742331288,0.04313650306748466,0.07956288343558282,量能水平;量能波动,2,False
BJ920806,9.829999,0.24053544,0.17963957055214724,0.06096625766871166,0.6111963190184049,0.1182898773006135,,0,True
BJ920807,8.900001,0.32627988,0.424271472392638,0.6457055214723927,0.9371165644171779,0.8017638036809815,量能动量;量能比,2,False
BJ920808,57.31,1.393814,0.8017638036809815,0.5414110429447853,0.7666794478527608,0.11253834355828221,量能水平,1,False
BJ920809,6.65,0.5644742,0.30694018404907975,0.21529907975460122,0.38880368098159507,0.39589723926380366,,0,True
BJ920819,3.03,0.29091117,0.2379217791411043,0.1911426380368098,0.34183282208588955,0.04677914110429448,,0,True
BJ920821,19.380001,1.845406,0.8416411042944786,0.7868098159509203,0.15586656441717792,0.36579754601226994,量能水平,1,False
BJ920826,8.41,0.60322607,0.4812116564417178,0.34432515337423314,0.0285659509202454,0.002875766871165644,,0,True
BJ920855,12.679999,0.5059339,0.4244631901840491,0.4050996932515337,0.008627300613496933,0.004026073619631902,,0,True
BJ920866,6.12,0.50773597,0.39359662576687116,0.23197852760736196,0.010352760736196318,0.0017254601226993865,,0,True
BJ920873,7.26,0.27111143,0.134010736196319,0.589148773006135,0.9572469325153374,0.9888803680981595,量能动量;量能比,2,False
BJ920876,15.77,0.39360052,0.4300230061349693,0.1875,0.45839723926380366,0.008243865030674846,,0,True
BJ920885,11.74,0.28015596,0.25996932515337423,0.06844325153374232,0.8414493865030674,0.10927914110429447,量能动量,1,False
BJ920892,11.449999,0.2794482,0.21664110429447853,0.4160276073619632,0.473351226993865,0.7557515337423313,,0,True
BJ920895,20.16,2.395459,0.8098159509202454,0.6317101226993865,0.13535276073619631,0.25786042944785276,量能水平,1,False
BJ920924,14.130001,0.33648,0.3496932515337423,0.3205521472392638,0.4737346625766871,0.15720858895705522,,0,True
BJ920942,16.39,0.21182834,0.26380368098159507,0.14033742331288343,0.9118098159509203,0.030291411042944784,量能动量,1,False
BJ920943,13.7699995,0.23262858,0.2093558282208589,0.07592024539877301,0.4263803680981595,0.047354294478527605,,0,True
BJ920946,10.349999,0.60355514,0.4039493865030675,0.46357361963190186,0.6957438650306749,0.6171395705521472,,0,True
BJ920953,22.249998,0.4548992,0.433090490797546,0.30962423312883436,0.19612730061349692,0.13381901840490798,,0,True
BJ920961,22.7,1.0982062,0.6813650306748467,0.9484279141104295,0.9936733128834356,0.9925230061349694,量能波动;量能动量;量能比,3,False
BJ920964,4.7200003,0.49255323,0.43807515337423314,0.11330521472392638,0.07112730061349694,0.0005751533742331289,,0,True
BJ920970,6.27,0.5559595,0.4493865030674847,0.3121165644171779,0.19401840490797545,0.017254601226993866,,0,True
BJ920971,29.16,1.1394675,0.7367714723926381,0.7931365030674846,0.9296395705521472,0.7701303680981595,量能动量,1,False
BJ920976,22.58,0.36091295,0.2572852760736196,0.37078220858895705,0.28125,0.18404907975460122,,0,True
BJ920978,16.710001,0.2294829,0.2963957055214724,0.27741564417177916,0.5379601226993865,0.557707055214724,,0,True
BJ920981,28.660002,0.64830655,0.49118098159509205,0.5201303680981595,0.2223926380368098,0.7733895705521472,,0,True
BJ920982,127.630005,1.0235913,0.8247699386503068,0.9476610429447853,0.9622315950920245,0.9298312883435583,量能水平;量能波动;量能动量;量能比,4,False
SH600000,9.16,6.515098,0.5933665644171779,0.7034125766871165,0.9447852760736196,0.5477377300613497,量能动量,1,False
SH600004,7.62,0.664966,0.12960122699386503,0.16506901840490798,0.8314800613496932,0.240989263803681,量能动量,1,False
SH600006,5.83,1.0761396,0.12404141104294479,0.713957055214724,0.9917561349693251,0.9699003067484663,量能动量;量能比,2,False
SH600007,19.93,0.45554513,0.005559815950920245,0.010352760736196318,0.4606978527607362,0.3817101226993865,,0,True
SH600008,2.68,1.9333744,0.6267254601226994,0.2620782208588957,0.6368865030674846,0.22871932515337423,,0,True
SH600009,22.36,1.6177635,0.1713957055214724,0.09144938650306748,0.47641871165644173,0.22392638036809817,,0,True
SH600010,2.0600002,6.252806,0.8136503067484663,0.6240414110429447,0.6552914110429447,0.5659509202453987,量能水平,1,False
SH600011,6.94,4.2138915,0.7076303680981595,0.8859279141104295,0.9629984662576687,0.526457055214724,量能波动;量能动量,2,False
SH600012,15.499999,0.9170468,0.006710122699386503,0.054447852760736194,0.5684432515337423,0.24559049079754602,,0,True
SH600015,6.18,6.0819564,0.6006518404907976,0.4829371165644172,0.6577837423312883,0.04888803680981595,,0,True
SH600016,3.44,9.457047,0.660467791411043,0.32515337423312884,0.06863496932515338,0.19401840490797545,,0,True
SH600017,2.79,0.94613254,0.370398773006135,0.17043711656441718,0.317101226993865,0.29505368098159507,,0,True
SH600018,5.38,3.1322713,0.6495398773006135,0.4003067484662577,0.5552147239263804,0.17887269938650308,,0,True
SH600019,5.8,5.0980606,0.7072469325153374,0.5684432515337423,0.6689033742331288,0.40931748466257667,,0,True
SH600020,3.8000002,0.5001437,0.07937116564417178,0.05080521472392638,0.5184049079754601,0.4831288343558282,,0,True
SH600021,12.77,3.7640035,0.5764953987730062,0.28316717791411045,0.6788726993865031,0.10563650306748466,,0,True
SH600022,1.27,1.1383345,0.540260736196319,0.7237346625766872,0.7651457055214724,0.7672546012269938,,0,True
SH600023,5.19,2.4596605,0.7975460122699386,0.7557515337423313,0.8466257668711656,0.4902223926380368,量能动量,1,False
SH600025,9.87,2.7931776,0.4472776073619632,0.38286042944785276,0.9031825153374233,0.6491564417177914,量能动量,1,False
SH600026,21.23,16.211391,0.7599693251533742,0.7375383435582822,0.11771472392638037,0.5153374233128835,,0,True
SH600027,4.8900003,3.5035555,0.6844325153374233,0.5128450920245399,0.7973542944785276,0.2977377300613497,,0,True
SH600028,5.4100003,11.721193,0.7954371165644172,0.6867331288343558,0.745398773006135,0.6317101226993865,,0,True
SH600029,4.82,2.4262874,0.6182898773006135,0.3075153374233129,0.46702453987730064,0.4833205521472393,,0,True
SH600030,25.94,25.162912,0.4375,0.2919861963190184,0.5439033742331288,0.22200920245398773,,0,True
SH600031,17.189999,13.891773,0.14858128834355827,0.061924846625766874,0.2120398773006135,0.3945552147239264,,0,True
SH600032,7.4300003,1.9328822,0.6656441717791411,0.8817101226993865,0.9501533742331288,0.544670245398773,量能波动;量能动量,2,False
SH600033,3.59,1.1918566,0.17082055214723926,0.47028374233128833,0.7992714723926381,0.7868098159509203,,0,True
SH600035,3.6499999,0.5262566,0.09605061349693252,0.04658742331288344,0.7271855828220859,0.16717791411042945,,0,True
SH600036,40.640003,26.509813,0.5908742331288344,0.2728144171779141,0.6748466257668712,0.2120398773006135,,0,True
SH600037,6.94,1.1855255,0.5126533742331288,0.40625,0.6595092024539877,0.52204754601227,,0,True
SH600038,26.79,1.3891975,0.15548312883435583,0.17197085889570551,0.7657208588957055,0.16775306748466257,,0,True
SH600039,8.62,1.9423938,0.027032208588957055,0.013995398773006136,0.35141871165644173,0.1982361963190184,,0,True
SH600048,5.6099997,11.808059,0.7484662576687117,0.8905291411042945,0.0718941717791411,0.8590874233128835,量能波动;量能比,2,False
SH600050,4.13,4.541493,0.7386886503067485,0.3941717791411043,0.2860429447852761,0.4085506134969325,,0,True
SH600051,6.2499995,0.27416003,0.05809049079754601,0.020322085889570553,0.7822085889570553,0.4302147239263804,,0,True
SH600052,3.71,0.49666288,0.6092791411042945,0.4436349693251534,0.5122699386503068,0.3554447852760736,,0,True
SH600054,10.51,1.1734651,0.1777223926380368,0.09259969325153375,0.15548312883435583,0.019555214723926382,,0,True
SH600055,10.45,0.49193367,0.005368098159509203,0.021855828220858894,0.21012269938650308,0.790069018404908,,0,True
SH600056,8.84,0.75601155,0.014378834355828221,0.039302147239263806,0.7833588957055214,0.6437883435582822,,0,True
SH600057,6.0299997,1.3142966,0.4327070552147239,0.3316717791411043,0.2839340490797546,0.18807515337423314,,0,True
SH600058,8.66,0.6330442,0.12059049079754601,0.3416411042944785,0.9522622699386503,0.9074003067484663,量能动量;量能比,2,False
SH600059,11.73,6.540312,0.7534509202453987,0.6503067484662577,0.6727377300613497,0.9541794478527608,量能比,1,False
SH600060,27.26,2.398997,0.09068251533742332,0.29888803680981596,0.6462806748466258,0.6242331288343558,,0,True
SH600061,6.09,2.0777476,0.20724693251533743,0.1905674846625767,0.7060966257668712,0.361579754601227,,0,True
SH600062,15.98,0.76457894,0.006901840490797546,0.013228527607361963,0.5613496932515337,0.7296779141104295,,0,True
SH600063,5.3500004,1.7266705,0.15414110429447853,0.27971625766871167,0.8475843558282209,0.8631134969325154,量能动量;量能比,2,False
SH600064,7.63,1.1885462,0.06671779141104295,0.02549846625766871,0.6949769938650306,0.3773006134969325,,0,True
SH600066,26.22,5.656638,0.005751533742331288,0.04390337423312884,0.5538726993865031,0.8960889570552147,量能比,1,False
SH600067,2.5800002,0.61227155,0.07515337423312883,0.1347776073619632,0.5751533742331288,0.8564033742331288,量能比,1,False
SH600071,16.16,0.4202748,0.009010736196319018,0.012269938650306749,0.37116564417177916,0.3209355828220859,,0,True
SH600072,8.74,1.8125781,0.39570552147239263,0.2398389570552147,0.2597776073619632,0.2513420245398773,,0,True
SH600073,5.4599996,0.70194334,0.24424846625766872,0.05253067484662577,0.4539877300613497,0.11503067484662577,,0,True
SH600075,4.5299997,1.1860108,0.36445552147239263,0.16142638036809817,0.34566717791411045,0.030866564417177913,,0,True
SH600076,2.1,0.99722457,0.8318634969325154,0.8980061349693251,0.6336273006134969,0.7459739263803681,量能水平;量能波动,2,False
SH600078,9.660001,1.6373051,0.19325153374233128,0.06422546012269939,0.7463573619631901,0.06422546012269939,,0,True
SH600079,18.81,1.3050438,0.009202453987730062,0.0285659509202454,0.9083588957055214,0.588957055214724,量能动量,1,False
SH600081,10.65,0.30297655,0.010544478527607362,0.17523006134969324,0.9764187116564417,0.89704754601227,量能动量;量能比,2,False
SH600082,3.4299998,0.26553926,0.07419478527607362,0.12883435582822086,0.9256134969325154,0.7528757668711656,量能动量,1,False
SH600085,23.329998,0.9767554,0.0072852760736196315,0.047354294478527605,0.6997699386503068,0.5193634969325154,,0,True
SH600088,12.61,4.0978155,0.750191717791411,0.8366564417177914,0.0021088957055214724,0.6702453987730062,量能波动,1,False
SH600089,17.26,9.179197,0.1982361963190184,0.28949386503067487,0.625191717791411,0.44133435582822084,,0,True
SH600094,3.97,0.98981494,0.7315950920245399,0.4647239263803681,0.6437883435582822,0.8073236196319018,量能比,1,False
SH600095,8.5199995,6.6336927,0.9526457055214724,0.9411426380368099,0.2281441717791411,0.178489263803681,量能水平;量能波动,2,False
SH600096,27.160002,9.098667,0.5625,0.15414110429447853,0.17120398773006135,0.022430981595092023,,0,True
SH600097,9.2300005,0.56048656,0.19305981595092025,0.05387269938650307,0.2825920245398773,0.032208588957055216,,0,True
SH600098,6.25,1.3578547,0.3629217791411043,0.18865030674846625,0.6631518404907976,0.14091257668711657,,0,True
SH600099,9.360001,0.28439936,0.025690184049079755,0.027607361963190184,0.8232361963190185,0.43098159509202455,量能动量,1,False
SH600100,6.48,1.359654,0.4902223926380368,0.5901073619631901,0.9127684049079755,0.6508819018404908,量能动量,1,False
SH600101,7.7699995,1.2155745,0.2956288343558282,0.2174079754601227,0.07534509202453987,0.0678680981595092,,0,True
SH600103,3.42,13.017159,0.9614647239263804,0.8652223926380368,0.03776840490797546,0.017829754601226995,量能水平;量能波动,2,False
SH600104,10.77,6.689143,0.46855828220858897,0.10640337423312883,0.34202453987730064,0.05118865030674847,,0,True
SH600105,38.280003,52.903538,0.8427914110429447,0.7511503067484663,0.08608128834355828,0.3343558282208589,量能水平,1,False
SH600106,4.31,0.55865747,0.03431748466257669,0.06863496932515338,0.8519938650306749,0.43443251533742333,量能动量,1,False
SH600108,3.91,13.25433,0.9231211656441718,0.88420245398773,0.04562883435582822,0.15241564417177914,量能水平;量能波动,2,False
SH600109,8.0,1.9298584,0.12135736196319018,0.0638420245398773,0.6420628834355828,0.41449386503067487,,0,True
SH600110,10.88,19.828733,0.803489263803681,0.7791411042944786,0.23581288343558282,0.6021855828220859,量能水平,1,False
SH600111,35.57,12.093847,0.0924079754601227,0.2402223926380368,0.6673696319018405,0.7170245398773006,,0,True
SH600113,28.2,1.7832594,0.030291411042944784,0.004409509202453987,0.32246932515337423,0.0799463190184049,,0,True
SH600114,25.19,3.9802058,0.15241564417177914,0.11138803680981595,0.7438650306748467,0.20820552147239263,,0,True
SH600115,3.31,5.40586,0.937691717791411,0.6134969325153374,0.27799079754601225,0.4647239263803681,量能水平,1,False
SH600116,6.11,0.7560727,0.08473926380368098,0.02338957055214724,0.6357361963190185,0.3753834355828221,,0,True
SH600117,2.13,0.3323807,0.4181365030674847,0.5789877300613497,0.6790644171779141,0.7292944785276073,,0,True
SH600118,56.11,11.661469,0.08588957055214724,0.1102377300613497,0.1585506134969325,0.7026457055214724,,0,True
SH600120,4.58,1.522227,0.10352760736196319,0.08723159509202454,0.571510736196319,0.22565184049079753,,0,True
SH600121,5.1,10.58307,0.9932898773006135,0.9699003067484663,0.8452837423312883,0.34758435582822084,量能水平;量能波动;量能动量,3,False
SH600123,6.97,1.6143305,0.08819018404907976,0.1418711656441718,0.683090490797546,0.3608128834355828,,0,True
SH600125,5.2,0.4941088,0.04160276073619632,0.017829754601226995,0.4290644171779141,0.2361963190184049,,0,True
SH600126,5.9199996,2.2955873,0.35295245398773006,0.3533358895705521,0.48619631901840493,0.3700153374233129,,0,True
SH600127,14.84,31.198498,0.9773773006134969,0.9838957055214724,0.00019171779141104295,0.35410276073619634,量能水平;量能波动,2,False
SH600128,8.61,0.323926,0.04141104294478527,0.02281441717791411,0.7618865030674846,0.30118865030674846,,0,True
SH600129,13.34,1.2144371,0.33684815950920244,0.50920245398773,0.44804447852760737,0.723159509202454,,0,True
SH600130,4.53,1.1156735,0.6882668711656442,0.5738113496932515,0.8410659509202454,0.5515720858895705,量能动量,1,False
SH600131,14.049999,0.8678928,0.054447852760736194,0.06326687116564417,0.4952070552147239,0.3535276073619632,,0,True
SH600132,37.600002,1.0395272,0.014762269938650307,0.009585889570552147,0.285659509202454,0.46587423312883436,,0,True
SH600133,7.72,0.8933762,0.2753067484662577,0.11809815950920245,0.7059049079754601,0.2822085889570552,,0,True
SH600135,7.41,0.74027795,0.5141871165644172,0.5908742331288344,0.013611963190184049,0.7737730061349694,,0,True
SH600137,17.880001,0.23550656,0.017446319018404908,0.004026073619631902,0.6851993865030674,0.5968174846625767,,0,True
SH600138,6.9300003,0.82016313,0.2745398773006135,0.1754217791411043,0.16008435582822086,0.05253067484662577,,0,True
SH600141,27.069998,7.085197,0.45283742331288346,0.1048696319018405,0.48868865030674846,0.16008435582822086,,0,True
SH600143,12.88,2.8136127,0.04486196319018405,0.1263420245398773,0.3663726993865031,0.6370782208588958,,0,True
SH600148,15.74,0.46823564,0.0816717791411043,0.12154907975460123,0.08052147239263803,0.0763036809815951,,0,True
SH600149,5.04,0.39780396,0.09758435582822086,0.041794478527607364,0.5975843558282209,0.3702070552147239,,0,True
SH600150,38.079998,49.987488,0.8581288343558282,0.754409509202454,0.4112346625766871,0.18232361963190183,量能水平,1,False
SH600151,9.18,1.9515992,0.3558282208588957,0.20207055214723926,0.2066717791411043,0.3918711656441718,,0,True
SH600152,7.56,0.9186366,0.3914877300613497,0.3619631901840491,0.8103911042944786,0.5925996932515337,量能动量,1,False
SH600153,8.459999,2.0371368,0.08358895705521473,0.0736196319018405,0.3654141104294479,0.32285276073619634,,0,True
SH600155,5.8100004,1.7997617,0.732170245398773,0.8504601226993865,0.26226993865030673,0.7022622699386503,量能波动,1,False
SH600156,8.26,1.5493416,0.5860812883435583,0.821319018404908,0.7923696319018405,0.9674079754601227,量能波动;量能比,2,False
SH600157,1.43,5.541401,0.9156441717791411,0.9294478527607362,0.9200536809815951,0.48408742331288346,量能水平;量能波动;量能动量,3,False
SH600158,6.9300003,1.6710514,0.3220858895705521,0.08454754601226994,0.46319018404907975,0.1888420245398773,,0,True
SH600159,2.72,0.7986302,0.48619631901840493,0.21319018404907975,0.5571319018404908,0.06978527607361963,,0,True
SH600160,33.54,8.76584,0.1370782208588957,0.17101226993865032,0.3598542944785276,0.7419478527607362,,0,True
SH600161,12.22,1.218673,0.04121932515337423,0.14091257668711657,0.6796395705521472,0.6999616564417178,,0,True
SH600162,4.3900003,7.883492,0.7007285276073619,0.6426380368098159,0.79045245398773,0.21299846625766872,,0,True
SH600163,5.3799996,4.102927,0.8617714723926381,0.9114263803680982,0.006710122699386503,0.7917944785276073,量能水平;量能波动,2,False
SH600165,3.3700001,0.59213793,0.18500766871165644,0.4307898773006135,0.7469325153374233,0.7162576687116564,,0,True
SH600166,2.75,2.6244721,0.5007668711656442,0.07937116564417178,0.3295628834355828,0.15950920245398773,,0,True
SH600167,5.48,0.46219197,0.028949386503067484,0.006710122699386503,0.24942484662576686,0.09547546012269939,,0,True
SH600168,4.3399997,0.20721288,0.05521472392638037,0.03968558282208589,0.6823236196319018,0.48255368098159507,,0,True
SH600169,2.1599998,0.22989161,0.016679447852760737,0.043328220858895705,0.65625,0.10276073619631902,,0,True
SH600170,2.17,2.9630332,0.3868865030674847,0.4256134969325153,0.22392638036809817,0.7001533742331288,,0,True
SH600171,22.18,1.9144629,0.5040260736196319,0.3786426380368098,0.0991180981595092,0.6625766871165644,,0,True
SH600172,16.5,37.019897,0.937308282208589,0.745207055214724,0.8368481595092024,0.39263803680981596,量能水平;量能动量,2,False
SH600173,5.73,0.26610568,0.02549846625766871,0.008627300613496933,0.7536426380368099,0.5231978527607362,,0,True
SH600176,39.27,106.62383,0.4888803680981595,0.40931748466257667,0.10563650306748466,0.4133435582822086,,0,True
SH600177,8.29,2.1437242,0.019555214723926382,0.026457055214723926,0.6010352760736196,0.2085889570552147,,0,True
SH600178,10.08,0.7531853,0.17331288343558282,0.616180981595092,0.9883052147239264,0.8055981595092024,量能动量;量能比,2,False
SH600179,4.39,1.4072883,0.5297162576687117,0.23178680981595093,0.3401073619631902,0.22124233128834356,,0,True
SH600180,1.5,0.3824787,0.78125,0.5300996932515337,0.03585122699386503,0.07687883435582822,,0,True
SH600182,12.28,0.20951495,0.0026840490797546013,0.0026840490797546013,0.5205138036809815,0.1959355828220859,,0,True
SH600183,131.95,99.26054,0.43769171779141103,0.3289877300613497,0.08684815950920245,0.22085889570552147,,0,True
SH600184,18.06,6.440908,0.584739263803681,0.5705521472392638,0.07246932515337423,0.41180981595092025,,0,True
SH600185,4.66,2.5331495,0.6934432515337423,0.49674079754601225,0.17657208588957055,0.0325920245398773,,0,True
SH600186,12.02,30.401114,0.9635736196319018,0.9677914110429447,0.7630368098159509,0.5918328220858896,量能水平;量能波动,2,False
SH600187,1.24,0.21303806,0.26974693251533743,0.19516871165644173,0.4432515337423313,0.4438266871165644,,0,True
SH600188,19.66,9.29668,0.1773389570552147,0.20456288343558282,0.08186349693251534,0.1455138036809816,,0,True
SH600189,8.19,1.1812327,0.2910276073619632,0.7246932515337423,0.9888803680981595,0.9628067484662577,量能动量;量能比,2,False
SH600191,8.860001,1.1203119,0.36598926380368096,0.46050613496932513,0.4499616564417178,0.29850460122699385,,0,True
SH600192,7.1600003,1.7043515,0.6819401840490797,0.6687116564417178,0.040644171779141106,0.2241180981595092,,0,True
SH600195,6.6699996,0.52029514,0.025115030674846626,0.023773006134969327,0.4965490797546012,0.3151840490797546,,0,True
SH600196,23.240002,3.8538005,0.16756134969325154,0.4102760736196319,0.8947469325153374,0.9003067484662577,量能动量;量能比,2,False
SH600197,9.169999,0.4410512,0.027799079754601226,0.22929447852760737,0.7569018404907976,0.7013036809815951,,0,True
SH600198,7.2500005,1.8262937,0.9072085889570553,0.7114647239263804,0.2271855828220859,0.09144938650306748,量能水平,1,False
SH600199,6.8300004,1.6153665,0.3602377300613497,0.3932131901840491,0.9279141104294478,0.7269938650306749,量能动量,1,False
SH600201,11.41,1.2187445,0.010736196319018405,0.015529141104294479,0.7864263803680982,0.6531825153374233,,0,True
SH600202,5.15,0.2753614,0.03872699386503067,0.020513803680981595,0.5527223926380368,0.4936733128834356,,0,True
SH600203,9.68,2.6604502,0.6393788343558282,0.3692484662576687,0.35256901840490795,0.04850460122699386,,0,True
SH600206,51.630005,36.905663,0.933282208588957,0.919670245398773,0.5465874233128835,0.6386119631901841,量能水平;量能波动,2,False
SH600207,5.4600005,1.7227457,0.8638803680981595,0.9614647239263804,0.95954754601227,0.942292944785276,量能水平;量能波动;量能动量;量能比,4,False
SH600208,2.8100002,2.0617487,0.7024539877300614,0.6422546012269938,0.6052530674846626,0.8044478527607362,量能比,1,False
SH600210,6.2,0.9286009,0.06422546012269939,0.057515337423312884,0.84375,0.13784509202453987,量能动量,1,False
SH600211,35.96,0.9268784,0.03719325153374233,0.07917944785276074,0.7979294478527608,0.5444785276073619,,0,True
SH600212,5.69,0.6149233,0.2701303680981595,0.5396855828220859,0.9365414110429447,0.7762653374233128,量能动量,1,False
SH600215,6.13,0.3989747,0.29850460122699385,0.20398773006134968,0.7714723926380368,0.39033742331288346,,0,True
SH600216,12.309999,1.6765106,0.09624233128834356,0.15740030674846625,0.39033742331288346,0.424079754601227,,0,True
SH600217,3.2200003,0.44929132,0.09413343558282208,0.04831288343558282,0.5410276073619632,0.19248466257668712,,0,True
SH600218,7.9199996,0.74925905,0.41315184049079756,0.8516104294478528,0.977569018404908,0.9940567484662577,量能波动;量能动量;量能比,3,False
SH600219,4.49,6.187251,0.7515337423312883,0.5862730061349694,0.43558282208588955,0.15816717791411042,,0,True
SH600221,1.2099999,2.447285,0.8857361963190185,0.848542944785276,0.8253450920245399,0.8318634969325154,量能水平;量能波动;量能动量;量能比,4,False
SH600222,8.07,1.3859329,0.473159509202454,0.5377684049079755,0.5511886503067485,0.6815567484662577,,0,True
SH600223,5.61,0.4227817,0.2611196319018405,0.34528374233128833,0.6894171779141104,0.6880751533742331,,0,True
SH600226,5.28,5.0537047,0.3920628834355828,0.25824386503067487,0.6821319018404908,0.6487730061349694,,0,True
SH600227,3.7600002,10.916924,0.9432515337423313,0.9271472392638037,0.5640337423312883,0.2285276073619632,量能水平;量能波动,2,False
SH600228,10.139999,3.7253513,0.6715874233128835,0.4001150306748466,0.6148389570552147,0.5586656441717791,,0,True
SH600229,5.7200003,0.80129766,0.5143788343558282,0.5147622699386503,0.026265337423312884,0.32304447852760737,,0,True
SH600230,13.56,1.9231981,0.4171779141104294,0.8249616564417178,0.9773773006134969,0.9183282208588958,量能波动;量能动量;量能比,3,False
SH600231,1.6100001,0.42594135,0.10947085889570553,0.6526073619631901,0.8958972392638037,0.9702837423312883,量能动量;量能比,2,False
SH600232,6.91,0.39209193,0.12998466257668712,0.5887653374233128,0.9894555214723927,0.8872699386503068,量能动量;量能比,2,False
SH600233,18.03,4.247632,0.4929064417177914,0.5032592024539877,0.032016871165644174,0.6069785276073619,,0,True
SH600234,19.77,0.8014711,0.15701687116564417,0.059049079754601226,0.634010736196319,0.10391104294478527,,0,True
SH600235,5.94,0.26624385,0.14666411042944785,0.1629601226993865,0.7776073619631901,0.5080521472392638,,0,True
SH600236,9.36,1.2705574,0.1357361963190184,0.2379217791411043,0.8663726993865031,0.1142638036809816,量能动量,1,False
SH600237,8.78,4.4152737,0.8521855828220859,0.9246549079754601,0.5795628834355828,0.7693634969325154,量能水平;量能波动,2,False
SH600239,1.4000001,0.21366602,0.030866564417177913,0.09950153374233128,0.874808282208589,0.8149923312883436,量能动量;量能比,2,False
SH600241,8.04,0.29159275,0.19363496932515337,0.8023389570552147,0.9940567484662577,0.911042944785276,量能波动;量能动量;量能比,3,False
SH600246,12.910001,15.092211,0.7618865030674846,0.8117331288343558,0.5749616564417178,0.7806748466257669,量能波动,1,False
SH600248,2.79,0.4888807,0.49674079754601225,0.20916411042944785,0.4518788343558282,0.4727760736196319,,0,True
SH600249,5.33,0.6038759,0.18194018404907975,0.12020705521472393,0.19516871165644173,0.14532208588957055,,0,True
SH600250,8.879999,1.9183805,0.647430981595092,0.35755368098159507,0.19267638036809817,0.009394171779141104,,0,True
SH600251,9.93,3.4981313,0.2036042944785276,0.28144171779141103,0.9309815950920245,0.04562883435582822,量能动量,1,False
SH600252,2.17,1.1502048,0.10506134969325154,0.0991180981595092,0.6265337423312883,0.6855828220858896,,0,True
SH600255,3.31,4.370587,0.8912960122699386,0.705329754601227,0.232170245398773,0.09183282208588957,量能水平,1,False
SH600256,6.8,9.835778,0.3172929447852761,0.3740414110429448,0.3700153374233129,0.23696319018404907,,0,True
SH600257,5.4700003,1.055775,0.31422546012269936,0.22162576687116564,0.3830521472392638,0.14436349693251535,,0,True
SH600258,10.99,2.2298834,0.7166411042944786,0.7158742331288344,0.1370782208588957,0.1598926380368098,,0,True
SH600259,74.03,5.602568,0.5952837423312883,0.5162960122699386,0.7360046012269938,0.6219325153374233,,0,True
SH600261,3.2800002,0.6626517,0.03834355828220859,0.4116180981595092,0.00786042944785276,0.9583972392638037,量能比,1,False
SH600262,14.58,0.7978768,0.18730828220858894,0.2093558282208589,0.29888803680981596,0.3424079754601227,,0,True
SH600266,4.26,1.656156,0.41008435582822084,0.6568251533742331,0.35525306748466257,0.8916794478527608,量能比,1,False
SH600267,11.54,2.3405435,0.4541794478527607,0.5640337423312883,0.5467791411042945,0.7958205521472392,,0,True
SH600268,9.9,1.0704534,0.12423312883435583,0.2503834355828221,0.6750383435582822,0.504217791411043,,0,True
SH600269,3.73,0.6903992,0.08761503067484662,0.032975460122699383,0.4098926380368098,0.09087423312883436,,0,True
SH600271,6.55,0.656997,0.0339340490797546,0.003067484662576687,0.7175996932515337,0.4946319018404908,,0,True
SH600272,15.150001,5.241739,0.91545245398773,0.8966641104294478,0.4628067484662577,0.745207055214724,量能水平;量能波动,2,False
SH600273,6.15,0.90574855,0.25901073619631904,0.06997699386503067,0.45149539877300615,0.18174846625766872,,0,True
SH600276,44.47,26.369408,0.11368865030674846,0.37806748466257667,0.18865030674846625,0.6646855828220859,,0,True
SH600278,6.47,0.35719776,0.2574769938650307,0.1972776073619632,0.31403374233128833,0.3688650306748466,,0,True
SH600279,4.27,0.33570996,0.18941717791411042,0.07515337423312883,0.34528374233128833,0.19861963190184048,,0,True
SH600280,3.0000002,2.048591,0.5425613496932515,0.36944018404907975,0.05157208588957055,0.028949386503067484,,0,True
SH600281,4.5800004,0.7235698,0.6129217791411042,0.9089340490797546,0.8776840490797546,0.9528374233128835,量能波动;量能动量;量能比,3,False
SH600282,4.4300003,1.6477544,0.19190950920245398,0.3052147239263804,0.5513803680981595,0.7223926380368099,,0,True
SH600283,7.92,0.25566056,0.04006901840490797,0.026840490797546013,0.48466257668711654,0.12998466257668712,,0,True
SH600284,5.02,0.5516608,0.14704754601226994,0.19938650306748465,0.6211656441717791,0.4606978527607362,,0,True
SH600285,18.64,0.99771047,0.01763803680981595,0.02358128834355828,0.8801763803680982,0.4190950920245399,量能动量,1,False
SH600288,10.41,1.7199038,0.6460889570552147,0.5588573619631901,0.2967791411042945,0.138420245398773,,0,True
SH600292,11.04,0.9860991,0.31441717791411045,0.31901840490797545,0.8799846625766872,0.6111963190184049,量能动量,1,False
SH600293,3.93,2.545331,0.9097009202453987,0.9896472392638037,0.843941717791411,0.9758435582822086,量能水平;量能波动;量能动量;量能比,4,False
SH600295,12.760001,1.4665613,0.12250766871165644,0.07783742331288343,0.3184432515337423,0.1280674846625767,,0,True
SH600298,38.679996,2.525611,0.08876533742331288,0.25057515337423314,0.9192868098159509,0.7250766871165644,量能动量,1,False
SH600299,8.059999,2.900571,0.7310199386503068,0.6412960122699386,0.8903374233128835,0.41890337423312884,量能动量,1,False
SH600300,3.04,1.1145096,0.46568251533742333,0.2887269938650307,0.7862346625766872,0.2049463190184049,,0,True
SH600302,6.69,0.34355128,0.1892254601226994,0.03125,0.7160659509202454,0.3061733128834356,,0,True
SH600303,3.02,0.86272734,0.4936733128834356,0.7179831288343558,0.6888420245398773,0.9052914110429447,量能比,1,False
SH600305,6.6899996,0.480179,0.018021472392638037,0.019363496932515337,0.4616564417177914,0.6167561349693251,,0,True
SH600307,1.44,0.65383494,0.4378834355828221,0.6535659509202454,0.6200153374233128,0.7574769938650306,,0,True
SH600308,3.22,0.39217612,0.06307515337423313,0.5080521472392638,0.781441717791411,0.9612730061349694,量能比,1,False
SH600309,69.4,22.922836,0.09336656441717792,0.15030674846625766,0.17197085889570551,0.3943634969325153,,0,True
SH600310,4.52,2.9599488,0.598159509202454,0.24674079754601227,0.4562883435582822,0.1129217791411043,,0,True
SH600312,19.65,2.830518,0.236579754601227,0.4760352760736196,0.9382668711656442,0.32975460122699385,量能动量,1,False
SH600313,6.5099998,7.900086,0.9085506134969326,0.7342791411042945,0.06288343558282208,0.009969325153374233,量能水平,1,False
SH600315,17.95,1.3812149,0.09259969325153375,0.15605828220858894,0.5049846625766872,0.3682898773006135,,0,True
SH600316,33.050003,4.3600154,0.4302147239263804,0.4187116564417178,0.4459355828220859,0.174079754601227,,0,True
SH600318,6.79,3.4338036,0.7739647239263804,0.6637269938650306,0.03278374233128834,0.018596625766871166,,0,True
SH600319,6.17,0.26980123,0.29256134969325154,0.20072852760736196,0.2536426380368098,0.3989647239263804,,0,True
SH600320,3.9899998,1.5864311,0.20015337423312884,0.09221625766871165,0.629217791411043,0.4116180981595092,,0,True
SH600322,2.66,0.70781183,0.562308282208589,0.5807131901840491,0.6468558282208589,0.7935199386503068,,0,True
SH600323,29.17,1.2869142,0.03316717791411043,0.08742331288343558,0.709930981595092,0.441909509202454,,0,True
SH600325,2.6799998,2.6234329,0.6366947852760736,0.7910276073619632,0.5256901840490797,0.941717791411043,量能比,1,False
SH600326,6.67,1.7907532,0.26265337423312884,0.6334355828220859,0.8847776073619632,0.7191334355828221,量能动量,1,False
SH600327,3.8,0.6905104,0.054831288343558285,0.05214723926380368,0.23063650306748465,0.30099693251533743,,0,True
SH600328,5.58,1.0788177,0.4050996932515337,0.482170245398773,0.18903374233128833,0.21146472392638035,,0,True
SH600329,35.179996,0.6070884,0.023006134969325152,0.04083588957055215,0.7156825153374233,0.5728527607361963,,0,True
SH600330,27.81,28.031603,0.9539877300613497,0.7183665644171779,0.47162576687116564,0.45648006134969327,量能水平,1,False
SH600331,11.76,4.6440306,0.4003067484662577,0.3588957055214724,0.37193251533742333,0.3472009202453988,,0,True
SH600332,19.45,1.1836048,0.3090490797546012,0.12845092024539878,0.5477377300613497,0.2693634969325153,,0,True
SH600333,6.7,0.86228096,0.44574386503067487,0.2106978527607362,0.22641871165644173,0.12557515337423314,,0,True
SH600335,5.17,0.59693354,0.2043711656441718,0.30233895705521474,0.865989263803681,0.3512269938650307,量能动量,1,False
SH600336,6.26,0.5965801,0.23945552147239263,0.06748466257668712,0.5973926380368099,0.03834355828220859,,0,True
SH600337,3.49,0.5799152,0.2294861963190184,0.5174463190184049,0.9098926380368099,0.9792944785276073,量能动量;量能比,2,False
SH600338,11.61,3.6861894,0.8475843558282209,0.18634969325153375,0.6598926380368099,0.20456288343558282,量能水平,1,False
SH600339,3.21,1.6361166,0.8472009202453987,0.7078220858895705,0.42254601226993865,0.32879601226993865,量能水平,1,False
SH600340,1.29,0.671299,0.0870398773006135,0.4815950920245399,0.9444018404907976,0.9754601226993865,量能动量;量能比,2,False
SH600343,20.08,6.5058193,0.6583588957055214,0.7699386503067485,0.8512269938650306,0.8807515337423313,量能动量;量能比,2,False
SH600345,46.699997,6.294162,0.8654141104294478,0.8046395705521472,0.29179447852760737,0.25996932515337423,量能水平;量能波动,2,False
SH600346,16.42,5.6063123,0.32745398773006135,0.17024539877300612,0.6932515337423313,0.5764953987730062,,0,True
SH600348,8.89,2.9625432,0.047354294478527605,0.03450920245398773,0.22756901840490798,0.12979294478527606,,0,True
SH600350,10.1,1.3124675,0.06269171779141104,0.10410276073619631,0.36982361963190186,0.19574386503067484,,0,True
SH600351,6.83,1.3066528,0.1861579754601227,0.3356978527607362,0.8341641104294478,0.6602760736196319,量能动量,1,False
SH600352,12.25,6.22463,0.11483895705521473,0.25383435582822084,0.6171395705521472,0.39838957055214724,,0,True
SH600353,29.31,18.982168,0.5371932515337423,0.4833205521472393,0.32745398773006135,0.6343941717791411,,0,True
SH600354,8.96,12.937408,0.9470858895705522,0.8679064417177914,0.04236963190184049,0.23715490797546013,量能水平;量能波动,2,False
SH600356,11.06,1.3585076,0.7417561349693251,0.9459355828220859,0.8820935582822086,0.9760352760736196,量能波动;量能动量;量能比,3,False
SH600358,5.62,0.44483763,0.2312116564417178,0.8378067484662577,0.9969325153374233,0.9725843558282209,量能波动;量能动量;量能比,3,False
SH600359,7.42,4.289947,0.86579754601227,0.8828604294478528,0.44267638036809814,0.1851993865030675,量能水平;量能波动,2,False
SH600360,10.85,6.8843117,0.776457055214724,0.7751150306748467,0.40644171779141103,0.8539110429447853,量能比,1,False
SH600361,3.4,1.3535486,0.6125383435582822,0.19976993865030676,0.5105444785276073,0.21721625766871167,,0,True
SH600362,40.920002,27.439068,0.7036042944785276,0.6012269938650306,0.2848926380368098,0.12461656441717792,,0,True
SH600363,13.549999,4.6330447,0.8096242331288344,0.709739263803681,0.5481211656441718,0.5161042944785276,量能水平,1,False
SH600366,10.69,2.2908752,0.2655291411042945,0.316909509202454,0.5964340490797546,0.5901073619631901,,0,True
SH600367,35.48,13.019988,0.8788343558282209,0.8255368098159509,0.10352760736196319,0.7074386503067485,量能水平;量能波动,2,False
SH600368,4.1,1.2752391,0.361771472392638,0.2691717791411043,0.8320552147239264,0.19133435582822086,量能动量,1,False
SH600369,3.8599997,1.2916565,0.5502300613496932,0.3598542944785276,0.7643788343558282,0.3186349693251534,,0,True
SH600370,1.4399999,0.22577722,0.0977760736196319,0.09432515337423313,0.6597009202453987,0.4378834355828221,,0,True
SH600371,14.27,10.676252,0.8508435582822086,0.8567868098159509,0.019363496932515337,0.5910659509202454,量能水平;量能波动,2,False
SH600372,11.240001,3.4491012,0.6648773006134969,0.504409509202454,0.5515720858895705,0.20111196319018404,,0,True
SH600373,7.36,1.1093149,0.14129601226993865,0.3090490797546012,0.6493481595092024,0.7578604294478528,,0,True
SH600375,3.6100001,0.7616683,0.6646855828220859,0.5205138036809815,0.2871932515337423,0.26150306748466257,,0,True
SH600376,3.17,2.0316339,0.7430981595092024,0.8730828220858896,0.3000383435582822,0.8358895705521472,量能波动;量能比,2,False
SH600377,12.860001,1.3248612,0.08013803680981595,0.12519171779141106,0.6386119631901841,0.5743865030674846,,0,True
SH600378,41.92,30.731531,0.9382668711656442,0.7749233128834356,0.169670245398773,0.05368098159509203,量能水平,1,False
SH600379,14.130001,1.9467579,0.33320552147239263,0.3546779141104294,0.6077453987730062,0.7323619631901841,,0,True
SH600380,9.790001,1.4587336,0.3356978527607362,0.7569018404907976,0.9858128834355828,0.8569785276073619,量能动量;量能比,2,False
SH600381,4.13,0.2675812,0.6884585889570553,0.8209355828220859,0.6144555214723927,0.7664877300613497,量能波动,1,False
SH600382,5.55,0.75981754,0.09394171779141104,0.330521472392638,0.7172162576687117,0.9309815950920245,量能比,1,False
SH600383,2.4,3.334543,0.7889187116564417,0.9426763803680982,0.3374233128834356,0.9606978527607362,量能波动;量能比,2,False
SH600386,3.52,0.2890969,0.07170245398773006,0.05368098159509203,0.7824003067484663,0.6618098159509203,,0,True
SH600388,17.06,1.8360002,0.11042944785276074,0.19861963190184048,0.7149156441717791,0.6129217791411042,,0,True
SH600389,17.74,2.5652313,0.3295628834355828,0.24482361963190183,0.03431748466257669,0.08243865030674846,,0,True
SH600390,4.78,1.7283844,0.7933282208588958,0.48638803680981596,0.8955138036809815,0.34298312883435583,量能动量,1,False
SH600391,41.660004,7.143514,0.6838573619631901,0.7258435582822086,0.8700153374233128,0.589148773006135,量能动量,1,False
SH600392,20.13,7.9036565,0.42350460122699385,0.4616564417177914,0.8240030674846626,0.5853144171779141,量能动量,1,False
SH600395,5.02,2.2364414,0.4762269938650307,0.2703220858895706,0.23332055214723926,0.14474693251533743,,0,True
SH600396,12.52,18.774471,0.9058665644171779,0.8581288343558282,0.04390337423312884,0.1464723926380368,量能水平;量能波动,2,False
SH600397,16.1,12.456675,0.8113496932515337,0.6704371165644172,0.7344708588957055,0.5517638036809815,量能水平,1,False
SH600398,5.6399994,2.2842236,0.42369631901840493,0.1928680981595092,0.18941717791411042,0.09969325153374232,,0,True
SH600399,4.22,1.468514,0.42388803680981596,0.3125,0.39704754601226994,0.2866180981595092,,0,True
SH600400,3.32,2.243119,0.5440950920245399,0.8025306748466258,0.005559815950920245,0.7569018404907976,量能波动,1,False
SH600403,7.3100004,9.457855,0.852760736196319,0.7273773006134969,0.8113496932515337,0.5,量能水平;量能动量,2,False
SH600405,5.07,0.63191897,0.20341257668711657,0.15126533742331288,0.7680214723926381,0.07649539877300614,,0,True
SH600406,22.640001,6.677169,0.009394171779141104,0.07419478527607362,0.9543711656441718,0.8027223926380368,量能动量;量能比,2,False
SH600408,3.02,1.6235107,0.6397622699386503,0.5417944785276073,0.7488496932515337,0.4173696319018405,,0,True
SH600409,6.11,1.6714004,0.13420245398773006,0.10429447852760736,0.7191334355828221,0.09835122699386503,,0,True
SH600410,14.540001,18.145676,0.7998466257668712,0.8932131901840491,0.01629601226993865,0.6175230061349694,量能波动,1,False
SH600415,10.84,6.036209,0.11944018404907976,0.544670245398773,0.7735812883435583,0.839532208588957,量能比,1,False
SH600416,8.099999,1.0962642,0.3063650306748466,0.19708588957055215,0.7919861963190185,0.4110429447852761,,0,True
SH600418,25.220001,17.961977,0.7551763803680982,0.9221625766871165,0.9432515337423313,0.9610812883435583,量能波动;量能动量;量能比,3,False
SH600419,8.74,0.58615315,0.3690567484662577,0.18558282208588958,0.5628834355828221,0.014570552147239263,,0,True
SH600420,8.21,0.5110798,0.007668711656441718,0.07879601226993865,0.14474693251533743,0.7570935582822086,,0,True
SH600422,8.03,0.34518707,0.01706288343558282,0.018980061349693253,0.6993865030674846,0.5425613496932515,,0,True
SH600425,3.57,0.5545383,0.060391104294478526,0.21012269938650308,0.7314033742331288,0.7450153374233128,,0,True
SH600426,19.4,7.657511,0.09566717791411043,0.30866564417177916,0.44881134969325154,0.43692484662576686,,0,True
SH600428,10.8,4.460882,0.41506901840490795,0.44766104294478526,0.36464723926380366,0.17638036809815952,,0,True
SH600429,4.7599998,0.61477447,0.4089340490797546,0.7135736196319018,0.9708588957055214,0.5300996932515337,量能动量,1,False
SH600433,3.1899998,0.7352958,0.1754217791411043,0.14513036809815952,0.5306748466257669,0.4334739263803681,,0,True
SH600435,10.86,3.169697,0.12595858895705522,0.24616564417177914,0.5197469325153374,0.17561349693251535,,0,True
SH600436,116.66,2.4702413,0.0007668711656441718,0.0036426380368098157,0.36618098159509205,0.44305981595092025,,0,True
SH600438,11.059999,3.4981875,0.15337423312883436,0.05118865030674847,0.558282208588957,0.5157208588957055,,0,True
SH600444,14.53,0.3018152,0.0625,0.05732361963190184,0.7390720858895705,0.5249233128834356,,0,True
SH600446,10.21,1.4297,0.026648773006134968,0.19075920245398773,0.5801380368098159,0.799079754601227,,0,True
SH600448,3.07,2.1464784,0.8715490797546013,0.9748849693251533,0.9585889570552147,0.9990414110429447,量能水平;量能波动;量能动量;量能比,4,False
SH600449,12.42,1.201846,0.04965490797546012,0.14532208588957055,0.004984662576687116,0.43194018404907975,,0,True
SH600452,8.690001,2.1972027,0.09681748466257668,0.19670245398773006,0.15030674846625766,0.7258435582822086,,0,True
SH600455,24.35,0.3501464,0.12691717791411042,0.10774539877300614,0.7112730061349694,0.5694018404907976,,0,True
SH600456,24.369999,1.0381507,0.1169478527607362,0.1018021472392638,0.6219325153374233,0.2691717791411043,,0,True
SH600458,10.820001,1.5745373,0.10697852760736197,0.12825920245398773,0.5924079754601227,0.4975076687116564,,0,True
SH600459,17.9,2.5879354,0.17388803680981596,0.06499233128834356,0.6414877300613497,0.26265337423312884,,0,True
SH600460,31.4,23.417278,0.5910659509202454,0.6489647239263804,0.06345858895705521,0.6050613496932515,,0,True
SH600461,8.7,0.9342178,0.061541411042944784,0.08646472392638037,0.8744248466257669,0.5130368098159509,量能动量,1,False
SH600463,8.18,0.27488703,0.04294478527607362,0.03431748466257669,0.6119631901840491,0.7151073619631901,,0,True
SH600467,2.41,1.189904,0.41545245398773006,0.3859279141104294,0.2870015337423313,0.2787576687116564,,0,True
SH600468,5.8300004,2.1418319,0.4833205521472393,0.36138803680981596,0.0611579754601227,0.09681748466257668,,0,True
SH600469,4.89,0.45629624,0.09279141104294479,0.05943251533742331,0.17427147239263804,0.037384969325153374,,0,True
SH600470,5.43,1.907146,0.6110046012269938,0.3266871165644172,0.7158742331288344,0.037960122699386506,,0,True
SH600475,14.35,1.287675,0.03642638036809816,0.01169478527607362,0.6349693251533742,0.24501533742331288,,0,True
SH600477,2.3700001,0.8276629,0.03776840490797546,0.010736196319018405,0.6909509202453987,0.3146088957055215,,0,True
SH600478,4.3300004,0.9057136,0.06230828220858896,0.147239263803681,0.6890337423312883,0.8266871165644172,量能比,1,False
SH600479,12.17,11.147819,0.7672546012269938,0.7948619631901841,0.3592791411042945,0.4398006134969325,,0,True
SH600480,7.6499996,0.9826816,0.0732361963190184,0.01763803680981595,0.15069018404907975,0.3111579754601227,,0,True
SH600481,3.8799999,1.3340325,0.174079754601227,0.410659509202454,0.6326687116564417,0.7377300613496932,,0,True
SH600482,33.739998,6.2913833,0.23236196319018404,0.285659509202454,0.1821319018404908,0.0964340490797546,,0,True
SH600483,11.0,1.3150487,0.05502300613496933,0.10199386503067484,0.9202453987730062,0.5870398773006135,量能动量,1,False
SH600486,51.359997,2.7666957,0.050421779141104295,0.02492331288343558,0.43673312883435583,0.02607361963190184,,0,True
SH600487,60.639996,108.29929,0.7789493865030674,0.7580521472392638,0.0789877300613497,0.5343174846625767,,0,True
SH600488,6.27,5.8172936,0.9449769938650306,0.9382668711656442,0.33550613496932513,0.47200920245398775,量能水平;量能波动,2,False
SH600489,20.949999,18.143627,0.29984662576687116,0.2664877300613497,0.4353911042944785,0.26744631901840493,,0,True
SH600490,6.51,3.2230234,0.27607361963190186,0.2026457055214724,0.7315950920245399,0.12346625766871165,,0,True
SH600491,1.5200001,1.1904436,0.6593174846625767,0.10525306748466258,0.6324769938650306,0.16545245398773006,,0,True
SH600493,6.44,0.427397,0.06901840490797546,0.14206288343558282,0.535851226993865,0.696510736196319,,0,True
SH600495,4.0499997,0.35449052,0.014570552147239263,0.03987730061349693,0.8627300613496932,0.6148389570552147,量能动量,1,False
SH600496,3.34,0.9636072,0.15509969325153375,0.0745782208588957,0.254601226993865,0.3282208588957055,,0,True
SH600497,8.83,10.15874,0.40433282208588955,0.32285276073619634,0.7971625766871165,0.3013803680981595,,0,True
SH600498,36.969997,35.458523,0.964532208588957,0.9223542944785276,0.14628067484662577,0.2567101226993865,量能水平;量能波动,2,False
SH600499,11.12,4.219103,0.09087423312883436,0.5281825153374233,0.9513036809815951,0.95954754601227,量能动量;量能比,2,False
SH600500,5.0199995,6.428666,0.6915260736196319,0.4932898773006135,0.7891104294478528,0.4612730061349693,,0,True
SH600501,14.55,0.8537493,0.1915260736196319,0.1700536809815951,0.6660276073619632,0.3558282208588957,,0,True
SH600502,4.13,1.3159304,0.07975460122699386,0.32841257668711654,0.49309815950920244,0.7774156441717791,,0,True
SH600503,2.4499998,2.0251245,0.9622315950920245,0.9984662576687117,0.9944401840490797,0.9980828220858896,量能水平;量能波动;量能动量;量能比,4,False
SH600505,10.370001,1.0774294,0.2066717791411043,0.22910276073619631,0.27358128834355827,0.23408742331288343,,0,True
SH600506,16.37,3.9590352,0.7423312883435583,0.8286042944785276,0.8966641104294478,0.6336273006134969,量能波动;量能动量,2,False
SH600507,3.9599998,0.7787059,0.00325920245398773,0.019171779141104295,0.8769171779141104,0.35161042944785276,量能动量,1,False
SH600508,10.549999,4.3901086,0.5281825153374233,0.22986963190184048,0.14934815950920247,0.0026840490797546013,,0,True
SH600509,7.0499997,1.0971935,0.17753067484662577,0.04946319018404908,0.3125,0.34566717791411045,,0,True
SH600510,6.4,0.37003776,0.04428680981595092,0.027032208588957055,0.8579371165644172,0.7413726993865031,量能动量,1,False
SH600511,25.849998,0.819545,0.0021088957055214724,0.005559815950920245,0.6426380368098159,0.5772622699386503,,0,True
SH600512,2.05,0.47313616,0.19804447852760737,0.14455521472392638,0.410659509202454,0.6169478527607362,,0,True
SH600513,14.85,1.0294536,0.06480061349693252,0.165260736196319,0.5300996932515337,0.7526840490797546,,0,True
SH600515,2.66,2.4646444,0.90625,0.7478911042944786,0.5375766871165644,0.3955138036809816,量能水平,1,False
SH600516,5.2899995,2.8284016,0.27703220858895705,0.30559815950920244,0.004217791411042945,0.4881134969325153,,0,True
SH600517,4.7900004,1.005936,0.019171779141104295,0.009202453987730062,0.3138420245398773,0.3149923312883436,,0,True
SH600518,1.3199999,2.0451393,0.6190567484662577,0.4294478527607362,0.5212806748466258,0.28776840490797545,,0,True
SH600519,1243.88,32.439922,0.01629601226993865,0.009010736196319018,0.6825153374233128,0.7197085889570553,,0,True
SH600520,25.379997,2.133517,0.5730444785276073,0.47296779141104295,0.1481978527607362,0.3341641104294479,,0,True
SH600521,15.91,3.2233171,0.09873466257668712,0.27070552147239263,0.3015720858895706,0.7618865030674846,,0,True
SH600522,31.32,69.40598,0.8548696319018405,0.8619631901840491,0.3508435582822086,0.6585506134969326,量能水平;量能波动,2,False
SH600523,11.78,0.42683983,0.04888803680981595,0.14800613496932516,0.43826687116564417,0.3824769938650307,,0,True
SH600525,4.7900004,0.804926,0.12653374233128833,0.3040644171779141,0.2513420245398773,0.43826687116564417,,0,True
SH600526,4.53,0.30508566,0.15663343558282208,0.056173312883435585,0.7530674846625767,0.49808282208588955,,0,True
SH600527,2.15,0.75679386,0.017829754601226995,0.040644171779141106,0.6731211656441718,0.6447469325153374,,0,True
SH600528,6.72,0.5047701,0.1156058282208589,0.047737730061349695,0.8125,0.3054064417177914,量能动量,1,False
SH600529,18.22,0.8843217,0.018404907975460124,0.04812116564417178,0.5774539877300614,0.3999233128834356,,0,True
SH600531,11.030001,4.396947,0.2593941717791411,0.10256901840490798,0.4699003067484663,0.18769171779141106,,0,True
SH600533,2.23,0.447272,0.2837423312883436,0.15586656441717792,0.5454371165644172,0.44267638036809814,,0,True
SH600535,13.800001,1.5983107,0.06595092024539877,0.07802914110429447,0.6096625766871165,0.5318251533742331,,0,True
SH600536,30.960003,5.320191,0.3504601226993865,0.24041411042944785,0.6723542944785276,0.15184049079754602,,0,True
SH600537,2.1,0.52465165,0.4461273006134969,0.7708972392638037,0.9405674846625767,0.9363496932515337,量能动量;量能比,2,False
SH600538,4.7000003,0.40541932,0.2151073619631902,0.20053680981595093,0.8188266871165644,0.47430981595092025,量能动量,1,False
SH600539,14.150001,1.6960816,0.6443634969325154,0.8278374233128835,0.959739263803681,0.8888036809815951,量能波动;量能动量;量能比,3,False
SH600540,5.64,7.569021,0.897239263803681,0.9135352760736196,0.9139187116564417,0.419670245398773,量能水平;量能波动;量能动量,3,False
SH600545,3.98,4.3680696,0.7937116564417178,0.629217791411043,0.39858128834355827,0.6675613496932515,,0,True
SH600546,13.22,2.9736807,0.10544478527607362,0.07745398773006135,0.21223159509202455,0.15529141104294478,,0,True
SH600547,26.16,29.897257,0.24137269938650308,0.43903374233128833,0.892829754601227,0.5640337423312883,量能动量,1,False
SH600548,7.96,0.43932104,0.020513803680981595,0.012653374233128834,0.4879217791411043,0.012845092024539878,,0,True
SH600549,43.5,17.497938,0.3071319018404908,0.200920245398773,0.5368098159509203,0.4576303680981595,,0,True
SH600550,10.1,1.8035694,0.20648006134969324,0.3004217791411043,0.18500766871165644,0.4436349693251534,,0,True
SH600551,7.6,3.5987885,0.7059049079754601,0.5017254601226994,0.6550996932515337,0.06480061349693252,,0,True
SH600552,17.929998,9.200838,0.5049846625766872,0.656058282208589,0.9047162576687117,0.9338573619631901,量能动量;量能比,2,False
SH600556,4.46,2.1009285,0.7950536809815951,0.8358895705521472,0.3759585889570552,0.48025306748466257,量能波动,1,False
SH600557,12.22,0.56335235,0.00843558282208589,0.051763803680981595,0.66545245398773,0.6365030674846626,,0,True
SH600558,4.75,0.55130976,0.11330521472392638,0.40701687116564417,0.8949386503067485,0.9307898773006135,量能动量;量能比,2,False
SH600559,10.809999,1.2385738,0.0598159509202454,0.11637269938650306,0.7505751533742331,0.5864647239263804,,0,True
SH600560,11.57,0.24010964,0.01169478527607362,0.04620398773006135,0.88420245398773,0.8008052147239264,量能动量;量能比,2,False
SH600561,5.88,0.28842217,0.14570552147239263,0.019746932515337424,0.6309432515337423,0.2875766871165644,,0,True
SH600562,26.710001,3.155617,0.09854294478527607,0.20111196319018404,0.6643021472392638,0.2503834355828221,,0,True
SH600563,116.03999,3.873183,0.032975460122699383,0.033358895705521474,0.3378067484662577,0.7908358895705522,,0,True
SH600566,24.660002,1.2072439,0.20226226993865032,0.14321319018404907,0.8604294478527608,0.30943251533742333,量能动量,1,False
SH600567,1.3000001,0.77084607,0.7106978527607362,0.5601993865030674,0.15970092024539878,0.30924079754601225,,0,True
SH600568,2.36,0.23704068,0.1455138036809816,0.21817484662576686,0.2695552147239264,0.19095092024539878,,0,True
SH600569,1.7499999,0.47794208,0.40816717791411045,0.6453220858895705,0.6779141104294478,0.7816334355828221,,0,True
SH600570,19.419998,3.6665604,0.006134969325153374,0.005368098159509203,0.6152223926380368,0.2956288343558282,,0,True
SH600571,10.09,0.6410932,0.028182515337423313,0.03412576687116564,0.6039110429447853,0.4591641104294479,,0,True
SH600572,4.2499995,1.8132179,0.18865030674846625,0.2258435582822086,0.6460889570552147,0.6844325153374233,,0,True
SH600573,10.190001,0.5415258,0.28048312883435583,0.6073619631901841,0.9771855828220859,0.8847776073619632,量能动量;量能比,2,False
SH600575,3.12,1.1874382,0.09029907975460123,0.0571319018404908,0.20916411042944785,0.24175613496932516,,0,True
SH600576,5.29,0.80210584,0.32246932515337423,0.14129601226993865,0.17829754601226994,0.01303680981595092,,0,True
SH600577,8.25,5.214245,0.31940184049079756,0.6746549079754601,0.026648773006134968,0.8836273006134969,量能比,1,False
SH600578,5.19,3.3528614,0.620590490797546,0.45130368098159507,0.16046779141104295,0.08799846625766872,,0,True
SH600579,6.8799996,0.46356612,0.2607361963190184,0.17427147239263804,0.19497699386503067,0.3621549079754601,,0,True
SH600580,26.26,6.0960712,0.24961656441717792,0.17177914110429449,0.2741564417177914,0.35065184049079756,,0,True
SH600582,4.79,1.2304244,0.03700153374233129,0.010544478527607362,0.3567868098159509,0.10352760736196319,,0,True
SH600583,6.5000005,2.419929,0.12384969325153375,0.40912576687116564,0.955329754601227,0.906058282208589,量能动量;量能比,2,False
SH600584,65.43,52.32978,0.8011886503067485,0.8537193251533742,0.02358128834355828,0.6706288343558282,量能水平;量能波动,2,False
SH600585,16.77,3.7810864,0.09221625766871165,0.10678680981595091,0.6721625766871165,0.4651073619631902,,0,True
SH600586,3.91,0.522518,0.04946319018404908,0.09662576687116564,0.5682515337423313,0.7082055214723927,,0,True
SH600587,12.8,1.254006,0.13113496932515337,0.718941717791411,0.9534125766871165,0.9971242331288344,量能动量;量能比,2,False
SH600588,9.11,4.879127,0.5023006134969326,0.6838573619631901,0.5291411042944786,0.5216641104294478,,0,True
SH600589,7.3500004,6.8788834,0.9518788343558282,0.9700920245398773,0.3696319018404908,0.21108128834355827,量能水平;量能波动,2,False
SH600590,8.09,2.1056457,0.61579754601227,0.5095858895705522,0.12308282208588957,0.3897622699386503,,0,True
SH600592,14.68,0.94378686,0.10640337423312883,0.3817101226993865,0.9304064417177914,0.7360046012269938,量能动量,1,False
SH600593,49.559998,3.8280838,0.5506134969325154,0.6357361963190185,0.21549079754601227,0.9626150306748467,量能比,1,False
SH600594,3.6,1.2502676,0.3184432515337423,0.45283742331288346,0.33148006134969327,0.2511503067484663,,0,True
SH600595,5.7400002,4.9989448,0.7151073619631901,0.3236196319018405,0.1223159509202454,0.07246932515337423,,0,True
SH600596,10.440001,9.215166,0.6041027607361963,0.2758819018404908,0.37557515337423314,0.11062116564417178,,0,True
SH600597,6.77,0.71055657,0.307898773006135,0.21491564417177914,0.567292944785276,0.32994631901840493,,0,True
SH600598,12.36,6.7437644,0.6591257668711656,0.553489263803681,0.4351993865030675,0.038918711656441715,,0,True
SH600600,49.7,1.6042192,0.037960122699386506,0.06767638036809816,0.22910276073619631,0.5914493865030674,,0,True
SH600601,12.87,31.416325,0.9461273006134969,0.91545245398773,0.741180981595092,0.45609662576687116,量能水平;量能波动,2,False
SH600602,16.23,3.3265715,0.5786042944785276,0.4735429447852761,0.379409509202454,0.20302914110429449,,0,True
SH600603,4.67,0.6470364,0.4187116564417178,0.3115414110429448,0.5509969325153374,0.1411042944785276,,0,True
SH600604,4.77,1.2113215,0.4022239263803681,0.5826303680981595,0.5644171779141104,0.7691717791411042,,0,True
SH600605,29.770002,1.7022527,0.1851993865030675,0.5778374233128835,0.9574386503067485,0.973542944785276,量能动量;量能比,2,False
SH600606,1.4100001,3.2527122,0.9474693251533742,0.9877300613496932,0.1723542944785276,0.9814033742331288,量能水平;量能波动;量能比,3,False
SH600609,3.5799997,1.6203521,0.7089723926380368,0.870207055214724,0.05023006134969325,0.9087423312883436,量能波动;量能比,2,False
SH600610,7.3499994,4.492445,0.48408742331288346,0.5157208588957055,0.3286042944785276,0.054831288343558285,,0,True
SH600611,4.27,4.5421352,0.7239263803680982,0.7239263803680982,0.4919478527607362,0.05732361963190184,,0,True
SH600612,31.220001,0.62942785,0.0017254601226993865,0.00019171779141104295,0.4041411042944785,0.039302147239263806,,0,True
SH600613,8.29,9.354418,0.9796779141104295,0.9814033742331288,0.25153374233128833,0.602569018404908,量能水平;量能波动,2,False
SH600616,5.1899996,1.8666666,0.2534509202453988,0.6361196319018405,0.763420245398773,0.9771855828220859,量能比,1,False
SH600617,3.26,1.209454,0.6531825153374233,0.3508435582822086,0.5412193251533742,0.19670245398773006,,0,True
SH600618,9.58,0.61483234,0.15720858895705522,0.04582055214723926,0.46453220858895705,0.12404141104294479,,0,True
SH600619,13.18,1.9673847,0.3232361963190184,0.6332438650306749,0.9325153374233128,0.919670245398773,量能动量;量能比,2,False
SH600620,4.3,0.24566463,0.03680981595092025,0.020897239263803682,0.5778374233128835,0.6133052147239264,,0,True
SH600621,13.58,2.4135282,0.4700920245398773,0.8086656441717791,0.043328220858895705,0.9631901840490797,量能波动;量能比,2,False
SH600622,2.4,1.0168402,0.44305981595092025,0.4434432515337423,0.33339723926380366,0.38995398773006135,,0,True
SH600623,8.599999,1.2289652,0.37212423312883436,0.3763420245398773,0.6940184049079755,0.3356978527607362,,0,True
SH600624,4.58,0.20032527,0.06345858895705521,0.1713957055214724,0.6646855828220859,0.4988496932515337,,0,True
SH600626,3.76,0.47045687,0.1111963190184049,0.27837423312883436,0.7419478527607362,0.932898773006135,量能比,1,False
SH600628,6.2599998,0.57678384,0.06844325153374232,0.12135736196319018,0.1347776073619632,0.22641871165644173,,0,True
SH600629,15.95,4.800037,0.47392638036809814,0.15164877300613497,0.772430981595092,0.1589340490797546,,0,True
SH600630,7.9399996,2.7907465,0.7714723926380368,0.9716257668711656,0.9355828220858896,0.9965490797546013,量能波动;量能动量;量能比,3,False
SH600633,9.95,1.5017227,0.1464723926380368,0.20015337423312884,0.34451687116564417,0.36503067484662577,,0,True
SH600635,4.39,1.3198478,0.20763036809815952,0.11253834355828221,0.6614263803680982,0.3379984662576687,,0,True
SH600637,8.66,3.3303053,0.8332055214723927,0.83454754601227,0.4491947852760736,0.8157592024539877,量能水平;量能波动;量能比,3,False
SH600638,5.05,0.69279927,0.5486963190184049,0.7287193251533742,0.1075536809815951,0.8404907975460123,量能比,1,False
SH600639,9.599999,0.5066386,0.07227760736196319,0.3295628834355828,0.027607361963190184,0.8801763803680982,量能比,1,False
SH600640,12.4800005,1.9262072,0.7181748466257669,0.9451687116564417,0.6255751533742331,0.9929064417177914,量能波动;量能比,2,False
SH600641,49.21,27.926899,0.874808282208589,0.9582055214723927,0.7200920245398773,0.9424846625766872,量能水平;量能波动;量能比,3,False
SH600642,8.809999,1.4873253,0.16065950920245398,0.1343941717791411,0.7421395705521472,0.4869631901840491,,0,True
SH600643,4.0,0.628132,0.29524539877300615,0.1664110429447853,0.285851226993865,0.4662576687116564,,0,True
SH600644,8.86,3.69666,0.54045245398773,0.652032208588957,0.02607361963190184,0.500191717791411,,0,True
SH600645,18.77,1.3170304,0.1526073619631902,0.3067484662576687,0.5879984662576687,0.8778757668711656,量能比,1,False
SH600649,4.0,1.1793641,0.5214723926380368,0.6261503067484663,0.32074386503067487,0.7254601226993865,,0,True
SH600650,10.19,0.61093205,0.06978527607361963,0.31269171779141103,0.9507285276073619,0.25555981595092025,量能动量,1,False
SH600651,5.0699997,0.81301033,0.23638803680981596,0.3700153374233129,0.9045245398773006,0.7986963190184049,量能动量,1,False
SH600653,1.6800001,0.5972718,0.5787960122699386,0.9194785276073619,0.9635736196319018,0.9746932515337423,量能波动;量能动量;量能比,3,False
SH600654,2.9900002,3.1915436,0.9265720858895705,0.691717791411043,0.21836656441717792,0.03067484662576687,量能水平,1,False
SH600655,4.46,0.67392695,0.07572852760736197,0.12078220858895705,0.7152990797546013,0.3598542944785276,,0,True
SH600657,3.07,3.1397505,0.9213957055214724,0.9256134969325154,0.15337423312883436,0.3464340490797546,量能水平;量能波动,2,False
SH600658,4.0499997,0.5256261,0.2402223926380368,0.1441717791411043,0.7751150306748467,0.6512653374233128,,0,True
SH600660,52.91,5.110334,0.0009585889570552147,0.00325920245398773,0.4536042944785276,0.38880368098159507,,0,True
SH600661,9.2,0.7082418,0.5147622699386503,0.8330138036809815,0.8588957055214724,0.9204371165644172,量能波动;量能动量;量能比,3,False
SH600662,4.17,0.417662,0.05080521472392638,0.06345858895705521,0.7325536809815951,0.54045245398773,,0,True
SH600663,8.75,1.2455293,0.2549846625766871,0.42005368098159507,0.7593941717791411,0.8740414110429447,量能比,1,False
SH600664,7.3299994,31.934498,0.9605061349693251,0.9817868098159509,0.4566717791411043,0.69670245398773,量能水平;量能波动,2,False
SH600665,3.3600001,0.5020231,0.27070552147239263,0.39628067484662577,0.5642254601226994,0.7519171779141104,,0,True
SH600666,3.1899998,3.7173052,0.6503067484662577,0.660659509202454,0.009010736196319018,0.3495015337423313,,0,True
SH600667,17.81,41.580914,0.9146855828220859,0.8493098159509203,0.054831288343558285,0.4808282208588957,量能水平;量能波动,2,False
SH600668,7.34,0.3019992,0.02262269938650307,0.009969325153374233,0.6510736196319018,0.6100460122699386,,0,True
SH600671,21.84,0.8622505,0.19229294478527606,0.28546779141104295,0.8682898773006135,0.285659509202454,量能动量,1,False
SH600673,30.31,6.7884207,0.08224693251533742,0.17388803680981596,0.3293711656441718,0.5504217791411042,,0,True
SH600674,16.56,4.0269423,0.02204754601226994,0.07611196319018405,0.8165260736196319,0.6363113496932515,量能动量,1,False
SH600675,2.35,1.490275,0.3188266871165644,0.6234662576687117,0.9292561349693251,0.9802530674846626,量能动量;量能比,2,False
SH600676,6.68,0.5738532,0.057515337423312884,0.22066717791411042,0.9674079754601227,0.8450920245398773,量能动量;量能比,2,False
SH600678,5.59,0.45751145,0.09835122699386503,0.12979294478527606,0.3565950920245399,0.11215490797546013,,0,True
SH600679,10.55,0.52150357,0.10966257668711657,0.48619631901840493,0.19976993865030676,0.9785276073619632,量能比,1,False
SH600681,3.46,0.88498133,0.2825920245398773,0.20590490797546013,0.7076303680981595,0.16909509202453987,,0,True
SH600682,5.73,1.1694117,0.21050613496932516,0.5362346625766872,0.29390337423312884,0.620590490797546,,0,True
SH600683,8.92,2.650701,0.3084739263803681,0.16736963190184048,0.5032592024539877,0.2147239263803681,,0,True
SH600684,3.52,0.6958309,0.08320552147239264,0.11503067484662577,0.3820935582822086,0.31058282208588955,,0,True
SH600685,28.28,4.901052,0.28278374233128833,0.46932515337423314,0.3077070552147239,0.38496932515337423,,0,True
SH600686,10.910001,1.8093303,0.12538343558282208,0.21587423312883436,0.2875766871165644,0.6081288343558282,,0,True
SH600688,2.72,1.8456707,0.4294478527607362,0.1643021472392638,0.7653374233128835,0.24923312883435583,,0,True
SH600689,11.88,0.5716068,0.15644171779141106,0.1976610429447853,0.30023006134969327,0.10966257668711657,,0,True
SH600690,20.16,6.7383003,0.169670245398773,0.6098542944785276,0.5391104294478528,0.8542944785276073,量能比,1,False
SH600691,2.68,3.6838465,0.8333972392638037,0.611579754601227,0.16717791411042945,0.006901840490797546,量能水平,1,False
SH600692,6.49,0.43138048,0.10122699386503067,0.03585122699386503,0.8696319018404908,0.540069018404908,量能动量,1,False
SH600693,9.33,9.985657,0.6301763803680982,0.3937883435582822,0.24520705521472394,0.09336656441717792,,0,True
SH600694,14.29,0.73922426,0.01303680981595092,0.008052147239263804,0.19363496932515337,0.00651840490797546,,0,True
SH600697,11.28,1.1097523,0.3518021472392638,0.32783742331288346,0.010544478527607362,0.10295245398773006,,0,True
SH600698,6.98,4.313001,0.8211273006134969,0.45820552147239263,0.254409509202454,0.008627300613496933,量能水平,1,False
SH600699,24.019999,9.515089,0.6850076687116564,0.906058282208589,0.901457055214724,0.973351226993865,量能波动;量能动量;量能比,3,False
SH600702,31.89,1.9001974,0.1723542944785276,0.18769171779141106,0.325920245398773,0.4750766871165644,,0,True
SH600703,11.589999,13.783116,0.285851226993865,0.3243865030674847,0.7331288343558282,0.3822852760736196,,0,True
SH600704,4.74,2.0122697,0.2758819018404908,0.07534509202453987,0.5856978527607362,0.2620782208588957,,0,True
SH600706,8.059999,1.8124131,0.7521088957055214,0.6667944785276073,0.11407208588957055,0.03680981595092025,,0,True
SH600707,10.38,11.967449,0.9835122699386503,0.995590490797546,0.963957055214724,0.964532208588957,量能水平;量能波动;量能动量;量能比,4,False
SH600708,3.0,0.5654775,0.12615030674846625,0.27799079754601225,0.6388036809815951,0.8698236196319018,量能比,1,False
SH600710,11.18,1.3295768,0.028757668711656442,0.029524539877300613,0.12289110429447853,0.12308282208588957,,0,True
SH600711,10.16,9.214164,0.6315184049079755,0.41851993865030673,0.25306748466257667,0.05291411042944785,,0,True
SH600712,5.37,2.638514,0.5617331288343558,0.7523006134969326,0.0036426380368098157,0.3725076687116564,,0,True
SH600713,4.93,0.51872474,0.05368098159509203,0.029141104294478526,0.55329754601227,0.5833972392638037,,0,True
SH600714,17.8,6.706493,0.6779141104294478,0.6232745398773006,0.5962423312883436,0.18999233128834356,,0,True
SH600715,1.62,0.78074515,0.5870398773006135,0.7536426380368099,0.9472776073619632,0.8711656441717791,量能动量;量能比,2,False
SH600716,3.72,0.20769264,0.02396472392638037,0.11407208588957055,0.34221625766871167,0.772430981595092,,0,True
SH600717,4.2099996,0.8333436,0.02415644171779141,0.037576687116564415,0.24386503067484663,0.2837423312883436,,0,True
SH600718,7.8399997,0.65557134,0.3412576687116564,0.24712423312883436,0.047354294478527605,0.4522622699386503,,0,True
SH600719,7.84,1.4710135,0.37174079754601225,0.6574003067484663,0.6019938650306749,0.9221625766871165,量能比,1,False
SH600720,5.06,0.38908252,0.00651840490797546,0.005943251533742332,0.4796779141104294,0.15874233128834356,,0,True
SH600721,12.179999,14.199121,0.9837039877300614,0.9840874233128835,0.147239263803681,0.83454754601227,量能水平;量能波动;量能比,3,False
SH600722,15.07,22.821568,0.9944401840490797,0.9783358895705522,0.7379217791411042,0.379601226993865,量能水平;量能波动,2,False
SH600724,4.86,0.3996852,0.027223926380368097,0.019555214723926382,0.7515337423312883,0.5448619631901841,,0,True
SH600725,3.27,0.5062432,0.06805981595092024,0.04428680981595092,0.6411042944785276,0.4976993865030675,,0,True
SH600726,4.96,4.8497877,0.9192868098159509,0.817101226993865,0.046395705521472395,0.1085122699386503,量能水平;量能波动,2,False
SH600727,7.4599996,0.98978955,0.7131901840490797,0.4468941717791411,0.6813650306748467,0.16736963190184048,,0,True
SH600728,4.37,0.8847154,0.3464340490797546,0.15663343558282208,0.5853144171779141,0.4915644171779141,,0,True
SH600729,18.23,0.6656255,0.06614263803680982,0.10103527607361963,0.11503067484662577,0.22066717791411042,,0,True
SH600730,8.5199995,0.92665786,0.17791411042944785,0.29141104294478526,0.033358895705521474,0.5588573619631901,,0,True
SH600731,5.79,0.3967605,0.10371932515337423,0.060391104294478526,0.6508819018404908,0.019746932515337424,,0,True
SH600732,11.01,2.2774582,0.2062883435582822,0.4281058282208589,0.018596625766871166,0.7818251533742331,,0,True
SH600733,4.95,4.433095,0.9114263803680982,0.9697085889570553,0.9081671779141104,0.8920628834355828,量能水平;量能波动;量能动量;量能比,4,False
SH600734,1.84,1.3909874,0.8843941717791411,0.7045628834355828,0.10908742331288343,0.06134969325153374,量能水平,1,False
SH600735,6.33,0.30550313,0.020130368098159507,0.07496165644171779,0.1664110429447853,0.3820935582822086,,0,True
SH600736,6.36,1.3877858,0.4256134969325153,0.424079754601227,0.4281058282208589,0.47526840490797545,,0,True
SH600737,13.999999,18.575022,0.8832438650306749,0.7118481595092024,0.15241564417177914,0.07611196319018405,量能水平,1,False
SH600738,4.21,0.7476433,0.2540260736196319,0.15644171779141106,0.5145705521472392,0.31767638036809814,,0,True
SH600739,10.08,1.1666547,0.05828220858895705,0.08052147239263803,0.660659509202454,0.3473926380368098,,0,True
SH600740,3.73,1.488709,0.3945552147239264,0.1545245398773006,0.5977760736196319,0.2036042944785276,,0,True
SH600741,14.9800005,2.4100873,0.029141104294478526,0.1021855828220859,0.6180981595092024,0.2942868098159509,,0,True
SH600742,7.7999997,0.47594497,0.008243865030674846,0.0013420245398773007,0.5076687116564417,0.3211273006134969,,0,True
SH600743,2.3,1.3751256,0.6499233128834356,0.9785276073619632,0.977760736196319,0.9727760736196319,量能波动;量能动量;量能比,3,False
SH600744,6.03,7.0556226,0.9578220858895705,0.9315567484662577,0.04371165644171779,0.2043711656441718,量能水平;量能波动,2,False
SH600745,16.3,5.4054112,0.8326303680981595,0.8458588957055214,0.7179831288343558,0.4137269938650307,量能水平;量能波动,2,False
SH600746,6.81,1.1026921,0.4307898773006135,0.34547546012269936,0.07170245398773006,0.3008052147239264,,0,True
SH600748,3.91,0.581057,0.12116564417177914,0.2214340490797546,0.7555598159509203,0.8029141104294478,量能比,1,False
SH600749,12.78,1.9888418,0.4963573619631902,0.2227760736196319,0.21990030674846625,0.016679447852760737,,0,True
SH600750,22.42,0.88654447,0.0013420245398773007,0.0015337423312883436,0.7649539877300614,0.31556748466257667,,0,True
SH600751,2.82,0.79584754,0.5527223926380368,0.5883819018404908,0.11733128834355828,0.6485812883435583,,0,True
SH600753,13.709999,0.3144147,0.04562883435582822,0.3389570552147239,0.964340490797546,0.9468941717791411,量能动量;量能比,2,False
SH600754,17.89,2.570951,0.34758435582822084,0.10717024539877301,0.24252300613496933,0.05233895705521473,,0,True
SH600755,5.7599998,1.2248604,0.05233895705521473,0.38381901840490795,0.9727760736196319,0.9501533742331288,量能动量;量能比,2,False
SH600756,13.57,0.9671641,0.08378067484662577,0.09988496932515338,0.5249233128834356,0.2983128834355828,,0,True
SH600757,7.3300004,0.8917337,0.18328220858895705,0.325920245398773,0.2392638036809816,0.4300230061349693,,0,True
SH600758,3.5600002,2.9946861,0.9219708588957055,0.8623466257668712,0.7695552147239264,0.25172546012269936,量能水平;量能波动,2,False
SH600759,2.23,2.6309373,0.8443251533742331,0.7093558282208589,0.7450153374233128,0.1437883435582822,量能水平,1,False
SH600760,43.339996,7.523522,0.29486196319018404,0.2628450920245399,0.26361196319018404,0.16200153374233128,,0,True
SH600761,14.929998,1.3737549,0.008819018404907975,0.009777607361963191,0.7072469325153374,0.2933282208588957,,0,True
SH600763,33.260002,2.0992773,0.05291411042944785,0.21990030674846625,0.3008052147239264,0.598542944785276,,0,True
SH600764,18.130001,1.4447801,0.11713957055214724,0.07841257668711657,0.28048312883435583,0.14148773006134968,,0,True
SH600765,13.070001,2.5263436,0.11790644171779141,0.05789877300613497,0.4424846625766871,0.06997699386503067,,0,True
SH600768,14.700001,0.39208272,0.09950153374233128,0.05962423312883436,0.7363880368098159,0.4447852760736196,,0,True
SH600769,14.51,1.7033948,0.36273006134969327,0.27473159509202455,0.23236196319018404,0.44804447852760737,,0,True
SH600770,5.9,3.7458522,0.9217791411042945,0.9867714723926381,0.6867331288343558,0.8746165644171779,量能水平;量能波动;量能比,3,False
SH600771,14.04,0.88987863,0.16372699386503067,0.4304064417177914,0.9455521472392638,0.8161426380368099,量能动量;量能比,2,False
SH600773,9.29,2.4040344,0.43424079754601225,0.2731978527607362,0.9263803680981595,0.2996549079754601,量能动量,1,False
SH600774,7.7700005,0.35560244,0.040452453987730064,0.07074386503067484,0.6353527607361963,0.40682515337423314,,0,True
SH600775,9.27,1.1092548,0.5218558282208589,0.5912576687116564,0.852569018404908,0.687691717791411,量能动量,1,False
SH600776,12.2699995,3.9400902,0.786042944785276,0.553680981595092,0.25517638036809814,0.11234662576687117,,0,True
SH600777,4.0200005,1.1834097,0.09988496932515338,0.08416411042944785,0.23178680981595093,0.17216257668711657,,0,True
SH600778,5.73,1.344899,0.5699769938650306,0.42695552147239263,0.09413343558282208,0.02396472392638037,,0,True
SH600779,25.98,0.5575026,0.05061349693251534,0.15701687116564417,0.16257668711656442,0.6968941717791411,,0,True
SH600780,6.1,0.9625464,0.07342791411042945,0.07649539877300614,0.18117331288343558,0.058857361963190184,,0,True
SH600782,2.62,0.97582126,0.3243865030674847,0.3061733128834356,0.22507668711656442,0.6094708588957055,,0,True
SH600783,14.75,2.1027665,0.23888036809815952,0.14436349693251535,0.18021472392638035,0.21088957055214724,,0,True
SH600784,6.98,0.8005468,0.18098159509202455,0.058857361963190184,0.2923696319018405,0.0638420245398773,,0,True
SH600785,10.469999,5.0231137,0.6111963190184049,0.6673696319018405,0.2446319018404908,0.08473926380368098,,0,True
SH600787,4.53,0.7580956,0.15203220858895705,0.04965490797546012,0.5709355828220859,0.34662576687116564,,0,True
SH600789,7.73,1.8540276,0.38861196319018404,0.5398773006134969,0.8192101226993865,0.7593941717791411,量能动量,1,False
SH600790,3.7,1.02569,0.2174079754601227,0.6345858895705522,0.8119248466257669,0.9794861963190185,量能动量;量能比,2,False
SH600791,6.7799993,1.4161261,0.33339723926380366,0.21951687116564417,0.6435966257668712,0.17829754601226994,,0,True
SH600792,5.5000005,6.7148514,0.821510736196319,0.7243098159509203,0.6062116564417178,0.7877684049079755,量能水平,1,False
SH600793,16.67,0.9405193,0.18999233128834356,0.3006134969325153,0.012269938650306749,0.5375766871165644,,0,True
SH600794,3.16,0.37616548,0.013611963190184049,0.008819018404907975,0.5502300613496932,0.5182131901840491,,0,True
SH600795,5.3999996,5.7113433,0.21549079754601227,0.35870398773006135,0.8897622699386503,0.691717791411043,量能动量,1,False
SH600796,5.09,0.2651949,0.08646472392638037,0.03719325153374233,0.4116180981595092,0.20705521472392638,,0,True
SH600797,6.42,0.90365577,0.23447085889570551,0.2898773006134969,0.5738113496932515,0.4762269938650307,,0,True
SH600798,3.4,1.3033444,0.5615414110429447,0.4288726993865031,0.044670245398773005,0.04984662576687116,,0,True
SH600800,3.16,0.61449885,0.687691717791411,0.6600843558282209,0.23025306748466257,0.6426380368098159,,0,True
SH600801,23.849998,2.2025838,0.0023006134969325155,0.003450920245398773,0.6000766871165644,0.15644171779141106,,0,True
SH600802,7.2799997,2.2869658,0.589148773006135,0.8207438650306749,0.9281058282208589,0.8422162576687117,量能波动;量能动量;量能比,3,False
SH600803,18.740002,1.7108464,0.09815950920245399,0.025115030674846626,0.6167561349693251,0.04831288343558282,,0,True
SH600805,4.5499997,0.3108746,0.08339723926380369,0.04351993865030675,0.8500766871165644,0.7400306748466258,量能动量,1,False
SH600807,2.62,0.366429,0.2651457055214724,0.0584739263803681,0.7032208588957055,0.5851226993865031,,0,True
SH600808,2.39,1.5548418,0.42599693251533743,0.41411042944785276,0.47699386503067487,0.7603527607361963,,0,True
SH600809,110.26,6.4896674,0.003834355828220859,0.004217791411042945,0.42848926380368096,0.33109662576687116,,0,True
SH600810,6.3100004,0.40375775,0.05694018404907975,0.13688650306748465,0.9052914110429447,0.2879601226993865,量能动量,1,False
SH600812,4.9,2.041222,0.5824386503067485,0.8671395705521472,0.48734662576687116,0.8943634969325154,量能波动;量能比,2,False
SH600814,6.8399997,1.3304874,0.22622699386503067,0.28508435582822084,0.004026073619631902,0.020897239263803682,,0,True
SH600815,4.19,4.527001,0.7967791411042945,0.9574386503067485,0.6389953987730062,0.8642638036809815,量能波动;量能比,2,False
SH600816,2.33,1.5563837,0.35966257668711654,0.26533742331288346,0.2879601226993865,0.27338957055214724,,0,True
SH600818,9.09,0.3852301,0.06460889570552147,0.13381901840490798,0.017254601226993866,0.4796779141104294,,0,True
SH600819,5.5800004,0.5057175,0.325920245398773,0.16545245398773006,0.5943251533742331,0.5320168711656442,,0,True
SH600820,5.2000003,1.1127578,0.1276840490797546,0.031058282208588958,0.09183282208588957,0.05425613496932515,,0,True
SH600821,5.72,4.083063,0.816717791411043,0.7335122699386503,0.022430981595092023,0.09930981595092024,量能水平,1,False
SH600822,9.09,0.8503676,0.3017638036809816,0.6123466257668712,0.006901840490797546,0.8924463190184049,量能比,1,False
SH600824,3.64,0.6626053,0.04447852760736196,0.02530674846625767,0.07975460122699386,0.09164110429447853,,0,True
SH600826,7.99,0.44187552,0.04831288343558282,0.13075153374233128,0.7873849693251533,0.9459355828220859,量能比,1,False
SH600827,7.67,1.0268824,0.20552147239263804,0.1616180981595092,0.2547929447852761,0.24003067484662577,,0,True
SH600828,4.27,2.580436,0.5212806748466258,0.5076687116564417,0.017829754601226995,0.04428680981595092,,0,True
SH600829,9.4,1.3616347,0.043328220858895705,0.09164110429447853,0.13688650306748465,0.4798696319018405,,0,True
SH600830,8.33,3.0245311,0.6198236196319018,0.41621932515337423,0.09221625766871165,0.0011503067484662577,,0,True
SH600831,3.3300002,0.6282621,0.18845858895705522,0.7064800613496932,0.9762269938650306,0.955329754601227,量能动量;量能比,2,False
SH600833,10.59,0.58037674,0.0584739263803681,0.2080138036809816,0.1468558282208589,0.6629601226993865,,0,True
SH600834,7.62,0.2008514,0.01111963190184049,0.0009585889570552147,0.2896855828220859,0.0856978527607362,,0,True
SH600835,18.32,1.0647632,0.051955521472392636,0.23025306748466257,0.7337039877300614,0.9440184049079755,量能比,1,False
SH600838,8.14,1.7983314,0.5628834355828221,0.7001533742331288,0.015912576687116563,0.34930981595092025,,0,True
SH600839,6.42,3.0006247,0.8052147239263804,0.5856978527607362,0.4591641104294479,0.1539493865030675,量能水平,1,False
SH600841,5.47,0.782106,0.38420245398773006,0.3103911042944785,0.14877300613496933,0.28201687116564417,,0,True
SH600843,7.84,0.86125344,0.3280291411042945,0.9181365030674846,0.9992331288343558,0.9967407975460123,量能波动;量能动量;量能比,3,False
SH600844,3.23,2.5600019,0.8694401840490797,0.6579754601226994,0.30962423312883436,0.010352760736196318,量能水平,1,False
SH600845,18.01,2.2810934,0.015337423312883436,0.11081288343558282,0.02204754601226994,0.8709739263803681,量能比,1,False
SH600846,10.6,0.29417053,0.009969325153374233,0.0017254601226993865,0.4049079754601227,0.23274539877300612,,0,True
SH600847,12.530001,0.5767668,0.16123466257668712,0.6414877300613497,0.1589340490797546,0.9877300613496932,量能比,1,False
SH600848,8.4800005,0.61459523,0.1905674846625767,0.20648006134969324,0.5483128834355828,0.7513420245398773,,0,True
SH600850,13.5,0.9883677,0.03565950920245399,0.055789877300613494,0.7628450920245399,0.692101226993865,,0,True
SH600851,7.9,0.63198113,0.04217791411042945,0.1633435582822086,0.6267254601226994,0.7291027607361963,,0,True
SH600853,3.24,0.27970153,0.020705521472392636,0.029716257668711655,0.6591257668711656,0.5734279141104295,,0,True
SH600854,4.74,0.2848165,0.30924079754601225,0.3249616564417178,0.8863113496932515,0.5228144171779141,量能动量,1,False
SH600855,12.47,1.5995597,0.4904141104294479,0.14973159509202455,0.3343558282208589,0.07975460122699386,,0,True
SH600857,18.640001,2.1463094,0.4660659509202454,0.5519555214723927,0.6499233128834356,0.7064800613496932,,0,True
SH600858,4.88,0.4572744,0.05253067484662577,0.04716257668711656,0.21817484662576686,0.2459739263803681,,0,True
SH600859,9.59,1.541409,0.24213957055214724,0.21146472392638035,0.2214340490797546,0.1901840490797546,,0,True
SH600860,7.4,0.5110237,0.1401457055214724,0.5254984662576687,0.10697852760736197,0.8939800613496932,量能比,1,False
SH600861,12.55,0.2439669,0.016487730061349692,0.017254601226993866,0.16851993865030676,0.06000766871165644,,0,True
SH600862,17.679998,2.4501152,0.37480828220858897,0.13995398773006135,0.7222967791411042,0.15375766871165644,,0,True
SH600863,4.7400002,4.517134,0.3013803680981595,0.3424079754601227,0.8629217791411042,0.21759969325153375,量能动量,1,False
SH600864,5.6299996,3.1301024,0.44075920245398775,0.4438266871165644,0.09432515337423313,0.27204754601226994,,0,True
SH600865,10.59,5.080766,0.629792944785276,0.7149156441717791,0.008052147239263804,0.3934049079754601,,0,True
SH600866,4.08,1.1521878,0.31633435582822084,0.3920628834355828,0.7785659509202454,0.1602760736196319,,0,True
SH600867,7.7300005,1.0070678,0.009777607361963191,0.028182515337423313,0.6621932515337423,0.6180981595092024,,0,True
SH600868,2.73,1.2251227,0.5026840490797546,0.5155291411042945,0.24233128834355827,0.25421779141104295,,0,True
SH600869,18.09,58.51283,0.9436349693251533,0.9087423312883436,0.316909509202454,0.23907208588957055,量能水平;量能波动,2,False
SH600871,2.0900002,3.2279196,0.8819018404907976,0.8107745398773006,0.486771472392638,0.31441717791411045,量能水平;量能波动,2,False
SH600872,17.13,1.6168059,0.08665644171779141,0.0692101226993865,0.1999616564417178,0.26131134969325154,,0,True
SH600873,7.29,1.7190574,0.11273006134969325,0.044670245398773005,0.593558282208589,0.13458588957055215,,0,True
SH600874,5.43,0.39172384,0.08454754601226994,0.10697852760736197,0.38516104294478526,0.27128067484662577,,0,True
SH600875,22.710001,8.504583,0.47258435582822084,0.2361963190184049,0.410851226993865,0.14896472392638035,,0,True
SH600876,7.4300003,1.2553439,0.3761503067484663,0.27818251533742333,0.2049463190184049,0.7580521472392638,,0,True
SH600877,11.429999,1.280242,0.14992331288343558,0.13055981595092025,0.18807515337423314,0.540260736196319,,0,True
SH600879,13.84,9.086347,0.3857361963190184,0.2561349693251534,0.18826687116564417,0.522239263803681,,0,True
SH600880,4.08,3.2491517,0.5833972392638037,0.7674463190184049,0.011503067484662576,0.7492331288343558,,0,True
SH600881,1.8599999,2.5198612,0.7657208588957055,0.8625383435582822,0.04831288343558282,0.5450536809815951,量能波动,1,False
SH600882,19.08,0.8399461,0.06863496932515338,0.03700153374233129,0.49213957055214724,0.11368865030674846,,0,True
SH600883,8.059999,0.46802133,0.09375,0.03048312883435583,0.5226226993865031,0.10065184049079755,,0,True
SH600884,11.190001,3.4616911,0.3874616564417178,0.7935199386503068,0.7308282208588958,0.915260736196319,量能比,1,False
SH600885,33.62,4.3494587,0.07131901840490798,0.019938650306748466,0.7218174846625767,0.18692484662576686,,0,True
SH600886,15.33,3.584106,0.054639570552147236,0.27089723926380366,0.9608895705521472,0.7827837423312883,量能动量,1,False
SH600887,27.03,13.16851,0.1418711656441718,0.040452453987730064,0.7896855828220859,0.21319018404907975,,0,True
SH600888,9.09,3.5747278,0.18289877300613497,0.24444018404907975,0.8004217791411042,0.7392638036809815,量能动量,1,False
SH600892,4.04,3.4255097,0.7641871165644172,0.7210506134969326,0.2885352760736196,0.04409509202453988,,0,True
SH600893,38.68,13.080141,0.5393021472392638,0.45724693251533743,0.7461656441717791,0.37442484662576686,,0,True
SH600894,7.6100006,0.5038576,0.014187116564417178,0.24405674846625766,0.919670245398773,0.9835122699386503,量能动量;量能比,2,False
SH600895,27.34,4.8124413,0.21127300613496933,0.33358895705521474,0.3866947852760736,0.5600076687116564,,0,True
SH600897,15.31,0.5033787,0.011503067484662576,0.4035659509202454,0.9796779141104295,0.9536042944785276,量能动量;量能比,2,False
SH600900,28.55,25.367254,0.6913343558282209,0.5920245398773006,0.85295245398773,0.48600460122699385,量能动量,1,False
SH600901,6.8399997,1.8186294,0.6213573619631901,0.5439033742331288,0.8732745398773006,0.5546395705521472,量能动量,1,False
SH600903,6.4300003,5.138181,0.7333205521472392,0.49098926380368096,0.07208588957055215,0.04217791411042945,,0,True
SH600905,3.53,2.41852,0.8295628834355828,0.8491180981595092,0.8889953987730062,0.4614647239263804,量能水平;量能波动;量能动量,3,False
SH600906,6.2300005,1.8754114,0.6984279141104295,0.6451303680981595,0.1736963190184049,0.19382668711656442,,0,True
SH600908,5.7999997,1.2967368,0.5929831288343558,0.504217791411043,0.8537193251533742,0.22296779141104295,量能动量,1,False
SH600909,7.5899997,7.5983477,0.9716257668711656,0.9235046012269938,0.42350460122699385,0.3067484662576687,量能水平;量能波动,2,False
SH600916,7.1,2.6579444,0.7977377300613497,0.4012653374233129,0.5805214723926381,0.018021472392638037,,0,True
SH600917,4.81,0.44604495,0.19919478527607362,0.08090490797546013,0.2739647239263804,0.040452453987730064,,0,True
SH600918,5.3399997,1.8217267,0.7866180981595092,0.4963573619631902,0.48006134969325154,0.2281441717791411,,0,True
SH600919,12.219999,11.272995,0.9444018404907976,0.9258052147239264,0.6365030674846626,0.6378450920245399,量能水平;量能波动,2,False
SH600925,4.09,0.48938397,0.5076687116564417,0.3148006134969325,0.6046779141104295,0.08991564417177914,,0,True
SH600926,16.810001,6.8473134,0.884010736196319,0.7877684049079755,0.816717791411043,0.4396088957055215,量能水平;量能动量,2,False
SH600927,12.010001,0.8002247,0.7195168711656442,0.6997699386503068,0.5634585889570553,0.2657208588957055,,0,True
SH600928,3.4499998,0.9524352,0.6859662576687117,0.31537576687116564,0.4148773006134969,0.12020705521472393,,0,True
SH600930,3.8100004,4.281768,0.9800613496932515,0.8725076687116564,0.09451687116564417,0.37557515337423314,量能水平;量能波动,2,False
SH600933,13.5199995,1.5627595,0.7133819018404908,0.9052914110429447,0.020130368098159507,0.9217791411042945,量能波动;量能比,2,False
SH600935,2.29,0.5585531,0.6641104294478528,0.785659509202454,0.5559815950920245,0.7346625766871165,,0,True
SH600936,4.27,3.1174958,0.9294478527607362,0.7463573619631901,0.09087423312883436,0.03125,量能水平,1,False
SH600938,33.5,14.56912,0.9380751533742331,0.9123849693251533,0.7222967791411042,0.31077453987730064,量能水平;量能波动,2,False
SH600939,2.58,0.3412962,0.33857361963190186,0.3987730061349693,0.3353144171779141,0.6819401840490797,,0,True
SH600941,97.71,7.733921,0.9112346625766872,0.8598542944785276,0.6225076687116564,0.48619631901840493,量能水平;量能波动,2,False
SH600955,12.2300005,0.30798727,0.5814800613496932,0.31556748466257667,0.7655291411042945,0.42829754601226994,,0,True
SH600956,7.04,0.52498496,0.1478144171779141,0.09317484662576687,0.3462423312883436,0.42848926380368096,,0,True
SH600958,8.59,3.959217,0.946510736196319,0.9409509202453987,0.6405291411042945,0.37423312883435583,量能水平;量能波动,2,False
SH600959,3.0299997,0.927556,0.7361963190184049,0.41775306748466257,0.5118865030674846,0.44075920245398775,,0,True
SH600960,3.8799999,0.34435087,0.16391871165644173,0.01821319018404908,0.33358895705521474,0.4083588957055215,,0,True
SH600961,22.310001,6.9666214,0.5256901840490797,0.2875766871165644,0.3376150306748466,0.3015720858895706,,0,True
SH600962,25.099998,1.3523316,0.11522239263803681,0.21779141104294478,0.361771472392638,0.7777990797546013,,0,True
SH600963,3.3000002,0.9593245,0.29505368098159507,0.36982361963190186,0.4758435582822086,0.7264187116564417,,0,True
SH600966,4.7400002,0.65173227,0.11637269938650306,0.0950920245398773,0.6430214723926381,0.23236196319018404,,0,True
SH600967,12.679999,13.595681,0.7628450920245399,0.49942484662576686,0.10774539877300614,0.0366180981595092,,0,True
SH600968,3.8600001,1.5939059,0.5757285276073619,0.3071319018404908,0.432898773006135,0.19746932515337423,,0,True
SH600969,9.65,2.1179645,0.6537576687116564,0.4652990797546012,0.18404907975460122,0.006710122699386503,,0,True
SH600970,7.6600003,1.0638529,0.040260736196319015,0.0598159509202454,0.8562116564417178,0.7214340490797546,量能动量,1,False
SH600971,8.38,1.511144,0.0843558282208589,0.01706288343558282,0.6535659509202454,0.12480828220858896,,0,True
SH600973,5.7000003,1.0374672,0.05943251533742331,0.08109662576687117,0.4626150306748466,0.28642638036809814,,0,True
SH600975,5.1,2.0036154,0.47910276073619634,0.2597776073619632,0.40548312883435583,0.05924079754601227,,0,True
SH600976,26.939999,0.43115297,0.006326687116564417,0.0853144171779141,0.6777223926380368,0.22450153374233128,,0,True
SH600977,12.89,3.498933,0.8882285276073619,0.9601226993865031,0.8640720858895705,0.8261119631901841,量能水平;量能波动;量能动量;量能比,4,False
SH600979,3.86,1.2958819,0.1575920245398773,0.1589340490797546,0.05272239263803681,0.14225460122699388,,0,True
SH600980,18.61,0.4075223,0.03412576687116564,0.032016871165644174,0.9112346625766872,0.75,量能动量,1,False
SH600981,2.3799999,0.41254655,0.1290260736196319,0.10966257668711657,0.5504217791411042,0.6621932515337423,,0,True
SH600982,4.99,1.5781975,0.37519171779141103,0.5477377300613497,0.790260736196319,0.5095858895705522,,0,True
SH600984,3.45,1.1243154,0.5837806748466258,0.2837423312883436,0.4691334355828221,0.09758435582822086,,0,True
SH600985,16.33,3.8974688,0.28680981595092025,0.25076687116564417,0.589532208588957,0.05655674846625767,,0,True
SH600986,6.71,3.738932,0.5914493865030674,0.723159509202454,0.5462039877300614,0.5145705521472392,,0,True
SH600987,6.2499995,0.28405705,0.0005751533742331289,0.002492331288343558,0.481978527607362,0.1844325153374233,,0,True
SH600988,38.07,21.088434,0.6842407975460123,0.5653757668711656,0.31940184049079756,0.25383435582822084,,0,True
SH600989,22.45,16.036922,0.9842791411042945,0.8949386503067485,0.5584739263803681,0.17254601226993865,量能水平;量能波动,2,False
SH600990,17.46,0.49582827,0.01495398773006135,0.01303680981595092,0.7743481595092024,0.2611196319018405,,0,True
SH600992,10.21,0.6432444,0.22986963190184048,0.6226993865030674,0.964148773006135,0.9860046012269938,量能动量;量能比,2,False
SH600993,22.390001,0.64977366,0.0015337423312883436,0.005176380368098159,0.5019171779141104,0.32381134969325154,,0,True
SH600995,11.68,1.0659337,0.02799079754601227,0.02473159509202454,0.39244631901840493,0.38516104294478526,,0,True
SH600996,6.72,1.1301094,0.785851226993865,0.6936349693251533,0.4302147239263804,0.60295245398773,,0,True
SH600997,5.22,0.6930663,0.1267254601226994,0.034700920245398774,0.6177147239263804,0.2906441717791411,,0,True
SH600998,4.93,1.6402113,0.7668711656441718,0.8201687116564417,0.4568634969325153,0.7227760736196319,量能波动,1,False
SH600999,16.92,8.186363,0.9720092024539877,0.9037576687116564,0.5703604294478528,0.23888036809815952,量能水平;量能波动,2,False
SH601000,4.52,1.9435745,0.2728144171779141,0.3383819018404908,0.8031058282208589,0.6395705521472392,量能动量,1,False
SH601001,17.720001,3.7962668,0.5389187116564417,0.64704754601227,0.20226226993865032,0.24137269938650308,,0,True
SH601002,5.1899996,0.5713213,0.4919478527607362,0.307898773006135,0.3115414110429448,0.12940950920245398,,0,True
SH601003,3.4599998,0.82543063,0.4049079754601227,0.6048696319018405,0.6418711656441718,0.3857361963190184,,0,True
SH601005,1.1899999,0.9504785,0.9516871165644172,0.9823619631901841,0.9367331288343558,0.8190184049079755,量能水平;量能波动;量能动量;量能比,4,False
SH601006,4.65,4.605649,0.7847009202453987,0.6487730061349694,0.53125,0.42599693251533743,,0,True
SH601007,6.77,0.52234495,0.40605828220858897,0.08320552147239264,0.2933282208588957,0.24884969325153375,,0,True
SH601008,4.4,1.1438553,0.7956288343558282,0.674079754601227,0.15509969325153375,0.034700920245398774,,0,True
SH601009,11.900001,6.1339936,0.6727377300613497,0.6894171779141104,0.8337806748466258,0.47776073619631904,量能动量,1,False
SH601010,1.42,0.22042198,0.3148006134969325,0.23293711656441718,0.25191717791411045,0.21434049079754602,,0,True
SH601011,2.86,1.8824795,0.9649156441717791,0.8644555214723927,0.7467407975460123,0.1683282208588957,量能水平;量能波动,2,False
SH601012,10.81,7.589271,0.4208205521472393,0.276648773006135,0.6942101226993865,0.6750383435582822,,0,True
SH601015,3.51,3.5766482,0.9006901840490797,0.8291794478527608,0.37883435582822084,0.3101993865030675,量能水平;量能波动,2,False
SH601016,3.25,3.5480175,0.6386119631901841,0.571510736196319,0.04927147239263804,0.19305981595092025,,0,True
SH601018,3.4300003,1.8280605,0.6612346625766872,0.6351610429447853,0.09068251533742332,0.4616564417177914,,0,True
SH601019,6.6699996,0.7598268,0.6098542944785276,0.6896088957055214,0.5040260736196319,0.7979294478527608,,0,True
SH601020,19.52,6.2439556,0.7935199386503068,0.8299463190184049,0.8560199386503068,0.4192868098159509,量能波动;量能动量,2,False
SH601021,40.440002,2.0814328,0.3809432515337423,0.718558282208589,0.9555214723926381,0.9202453987730062,量能动量;量能比,2,False
SH601022,8.330001,0.9300119,0.6409125766871165,0.8930214723926381,0.05828220858895705,0.7584355828220859,量能波动,1,False
SH601026,14.87,0.69044447,0.6669861963190185,0.8953220858895705,0.027799079754601226,0.8978144171779141,量能波动;量能比,2,False
SH601033,14.12,0.44943032,0.388228527607362,0.4361579754601227,0.5078604294478528,0.26725460122699385,,0,True
SH601038,13.62,1.4222287,0.47200920245398775,0.4580138036809816,0.8379984662576687,0.26591257668711654,量能动量,1,False
SH601058,13.209999,6.0857916,0.4674079754601227,0.4231211656441718,0.7003450920245399,0.3339723926380368,,0,True
SH601061,10.42,2.016934,0.7653374233128835,0.5230061349693251,0.2645705521472393,0.2093558282208589,,0,True
SH601065,6.62,0.2801199,0.3878450920245399,0.1683282208588957,0.42369631901840493,0.09470858895705521,,0,True
SH601066,23.03,3.3768167,0.5674846625766872,0.3669478527607362,0.2503834355828221,0.15299079754601227,,0,True
SH601068,4.2000003,0.55943745,0.39033742331288346,0.8142254601226994,0.9238880368098159,0.9434432515337423,量能波动;量能动量;量能比,3,False
SH601069,23.970001,5.581294,0.5653757668711656,0.38017638036809814,0.37672546012269936,0.13611963190184048,,0,True
SH601077,6.6600003,4.4448943,0.928489263803681,0.9148773006134969,0.7954371165644172,0.7066717791411042,量能水平;量能波动,2,False
SH601083,12.7699995,1.5885131,0.7824003067484663,0.7170245398773006,0.053105828220858894,0.06882668711656442,,0,True
SH601086,15.849999,12.15918,0.847967791411043,0.8096242331288344,0.42484662576687116,0.7059049079754601,量能水平;量能波动,2,False
SH601088,48.390003,11.741436,0.9666411042944786,0.9250383435582822,0.8230444785276073,0.3376150306748466,量能水平;量能波动;量能动量,3,False
SH601089,16.09,0.3877332,0.276648773006135,0.3280291411042945,0.776840490797546,0.8333972392638037,量能比,1,False
SH601096,3.9,0.6394644,0.6225076687116564,0.7076303680981595,0.7578604294478528,0.7137653374233128,,0,True
SH601098,9.94,1.1277367,0.5180214723926381,0.3728911042944785,0.8182515337423313,0.34202453987730064,量能动量,1,False
SH601099,3.43,4.5644,0.9975076687116564,0.9975076687116564,0.4902223926380368,0.7461656441717791,量能水平;量能波动,2,False
SH601100,90.0,6.610034,0.2822085889570552,0.32611196319018404,0.8441334355828221,0.8182515337423313,量能动量;量能比,2,False
SH601101,12.89,3.6748323,0.8071319018404908,0.6899923312883436,0.5914493865030674,0.07707055214723926,量能水平,1,False
SH601106,2.8700001,1.7435386,0.8878450920245399,0.8295628834355828,0.41315184049079756,0.5862730061349694,量能水平;量能波动,2,False
SH601107,6.0,0.5707683,0.41660276073619634,0.49980828220858897,0.7827837423312883,0.348351226993865,,0,True
SH601108,8.12,4.44864,0.9752684049079755,0.932898773006135,0.2808665644171779,0.26859662576687116,量能水平;量能波动,2,False
SH601111,5.76,3.460508,0.6980444785276073,0.5337423312883436,0.6844325153374233,0.785467791411043,,0,True
SH601112,16.369999,1.2040784,0.7651457055214724,0.8523773006134969,0.014187116564417178,0.6781058282208589,量能波动,1,False
SH601113,3.52,0.3570404,0.4121932515337423,0.5347009202453987,0.9394171779141104,0.897239263803681,量能动量;量能比,2,False
SH601116,9.84,2.1485972,0.8955138036809815,0.8356978527607362,0.014762269938650307,0.060391104294478526,量能水平;量能波动,2,False
SH601117,7.13,3.8305888,0.8180598159509203,0.7753067484662577,0.7639953987730062,0.18673312883435583,量能水平,1,False
SH601118,5.99,12.015629,0.9969325153374233,0.9143021472392638,0.6271088957055214,0.14398006134969324,量能水平;量能波动,2,False
SH601121,6.8500004,0.87083536,0.44651073619631904,0.2268021472392638,0.2776073619631902,0.11081288343558282,,0,True
SH601126,35.899998,8.327462,0.7870015337423313,0.6644938650306749,0.2977377300613497,0.29658742331288346,,0,True
SH601127,45.089996,10.091906,0.7440567484662577,0.6660276073619632,0.598351226993865,0.4049079754601227,,0,True
SH601128,6.14,3.3078375,0.7664877300613497,0.5724693251533742,0.8263036809815951,0.3071319018404908,量能动量,1,False
SH601133,23.579998,2.8370361,0.8556365030674846,0.9390337423312883,0.39973159509202455,0.9620398773006135,量能水平;量能波动;量能比,3,False
SH601136,13.849999,3.67314,0.8324386503067485,0.5550230061349694,0.39800613496932513,0.023773006134969327,量能水平,1,False
SH601137,19.18,2.5499406,0.6698619631901841,0.48101993865030673,0.35161042944785276,0.28949386503067487,,0,True
SH601138,58.920002,53.305832,0.9950153374233128,0.9848542944785276,0.12940950920245398,0.31173312883435583,量能水平;量能波动,2,False
SH601139,6.2400002,1.013042,0.5306748466257669,0.30425613496932513,0.7622699386503068,0.2549846625766871,,0,True
SH601155,12.660001,3.0166264,0.9405674846625767,0.9746932515337423,0.11579754601226994,0.8094325153374233,量能水平;量能波动;量能比,3,False
SH601156,18.45,1.5785586,0.741180981595092,0.7710889570552147,0.9562883435582822,0.2312116564417178,量能动量,1,False
SH601158,3.97,0.2670706,0.2469325153374233,0.20149539877300612,0.18999233128834356,0.35295245398773006,,0,True
SH601162,3.49,5.6255827,0.901840490797546,0.8588957055214724,0.5201303680981595,0.4098926380368098,量能水平;量能波动,2,False
SH601163,12.160001,0.3140672,0.3955138036809816,0.16353527607361965,0.44651073619631904,0.1357361963190184,,0,True
SH601166,17.77,14.048397,0.8711656441717791,0.6848159509202454,0.57170245398773,0.1754217791411043,量能水平,1,False
SH601168,33.77,18.294773,0.9913726993865031,0.9447852760736196,0.5498466257668712,0.15663343558282208,量能水平;量能波动,2,False
SH601169,5.4500003,11.607611,0.9861963190184049,0.8293711656441718,0.6081288343558282,0.11618098159509202,量能水平;量能波动,2,False
SH601177,13.61,0.7517362,0.5494631901840491,0.22220092024539878,0.5207055214723927,0.15414110429447853,,0,True
SH601179,11.4800005,6.872515,0.910467791411043,0.5333588957055214,0.39838957055214724,0.4014570552147239,量能水平,1,False
SH601186,5.9300003,1.7567996,0.8117331288343558,0.5433282208588958,0.6944018404907976,0.31192484662576686,量能水平,1,False
SH601187,6.8199997,1.5957334,0.7323619631901841,0.714148773006135,0.058857361963190184,0.4541794478527607,,0,True
SH601188,2.84,0.382419,0.2513420245398773,0.20782208588957055,0.47526840490797545,0.38055981595092025,,0,True
SH601199,6.63,1.152054,0.45513803680981596,0.31441717791411045,0.7106978527607362,0.4532208588957055,,0,True
SH601200,6.7200003,0.40750483,0.5835889570552147,0.33608128834355827,0.638420245398773,0.40241564417177916,,0,True
SH601208,50.800003,34.166115,0.9459355828220859,0.9001150306748467,0.5138036809815951,0.7824003067484663,量能水平;量能波动,2,False
SH601211,16.810001,10.279205,0.9929064417177914,0.9616564417177914,0.6850076687116564,0.5814800613496932,量能水平;量能波动,2,False
SH601212,5.4900002,19.65769,0.97795245398773,0.8272622699386503,0.07074386503067484,0.05061349693251534,量能水平;量能波动,2,False
SH601216,4.46,2.7063885,0.4975076687116564,0.5036426380368099,0.44766104294478526,0.46184815950920244,,0,True
SH601218,6.05,5.094244,0.9794861963190185,0.9940567484662577,0.6675613496932515,0.9398006134969326,量能水平;量能波动;量能比,3,False
SH601222,5.85,1.4963882,0.5678680981595092,0.16851993865030676,0.3723159509202454,0.041986196319018405,,0,True
SH601225,25.85,9.004048,0.5235812883435583,0.30694018404907975,0.6792561349693251,0.3592791411042945,,0,True
SH601226,6.42,0.6483014,0.5247315950920245,0.7848926380368099,0.5598159509202454,0.875,量能比,1,False
SH601228,3.0200002,0.6653173,0.4037576687116564,0.18136503067484663,0.4760352760736196,0.3498849693251534,,0,True
SH601229,9.51,4.6811485,0.8930214723926381,0.7112730061349694,0.7848926380368099,0.27569018404907975,量能水平,1,False
SH601231,23.67,8.459395,0.714532208588957,0.5492714723926381,0.41046779141104295,0.4566717791411043,,0,True
SH601233,23.279999,9.698786,0.906441717791411,0.8238113496932515,0.08876533742331288,0.06230828220858896,量能水平;量能波动,2,False
SH601236,6.86,1.3756009,0.4950153374233129,0.8069401840490797,0.8843941717791411,0.7981211656441718,量能波动;量能动量,2,False
SH601279,3.55,0.54694426,0.2879601226993865,0.2392638036809816,0.3725076687116564,0.27837423312883436,,0,True
SH601288,6.8599997,20.486073,0.9041411042944786,0.6259585889570553,0.6641104294478528,0.5931748466257669,量能水平,1,False
SH601298,9.86,0.95807606,0.3050230061349693,0.37308282208588955,0.3847776073619632,0.370590490797546,,0,True
SH601311,7.2400002,0.7835536,0.3341641104294479,0.24578220858895705,0.5960506134969326,0.1535659509202454,,0,True
SH601318,52.4,35.59999,0.986579754601227,0.9457438650306749,0.7018788343558282,0.3914877300613497,量能水平;量能波动,2,False
SH601319,8.0,7.3308306,0.9118098159509203,0.8719325153374233,0.12327453987730061,0.22526840490797545,量能水平;量能波动,2,False
SH601326,3.48,0.8133209,0.38899539877300615,0.35141871165644173,0.5596242331288344,0.5034509202453987,,0,True
SH601328,7.59,12.680192,0.9829371165644172,0.9662576687116564,0.5494631901840491,0.3546779141104294,量能水平;量能波动,2,False
SH601330,8.170001,1.6826161,0.504601226993865,0.2682131901840491,0.6692868098159509,0.057707055214723926,,0,True
SH601333,3.0600002,2.2736852,0.8863113496932515,0.6942101226993865,0.16813650306748465,0.3723159509202454,量能水平,1,False
SH601336,55.899998,9.910339,0.8905291411042945,0.6598926380368099,0.6108128834355828,0.12384969325153375,量能水平,1,False
SH601339,7.28,0.7108885,0.18174846625766872,0.45494631901840493,0.8809432515337423,0.6376533742331288,量能动量,1,False
SH601360,8.95,10.430283,0.9624233128834356,0.9495782208588958,0.64704754601227,0.3776840490797546,量能水平;量能波动,2,False
SH601366,3.58,0.4936129,0.6894171779141104,0.5592407975460123,0.18539110429447853,0.17024539877300612,,0,True
SH601369,8.62,1.0275922,0.5258819018404908,0.8592791411042945,0.002875766871165644,0.9279141104294478,量能波动;量能比,2,False
SH601375,3.89,1.457527,0.7816334355828221,0.6775306748466258,0.49175613496932513,0.33857361963190186,,0,True
SH601377,5.74,3.4892676,0.8834355828220859,0.6643021472392638,0.6313266871165644,0.38420245398773006,量能水平,1,False
SH601388,3.11,1.0175189,0.50920245398773,0.24904141104294478,0.5176380368098159,0.24961656441717792,,0,True
SH601390,4.22,3.4325218,0.9340490797546013,0.7916027607361963,0.30253067484662577,0.2714723926380368,量能水平,1,False
SH601398,8.150001,22.648407,0.9077837423312883,0.794670245398773,0.7294861963190185,0.4708588957055215,量能水平,1,False
SH601399,3.0500002,1.8041297,0.9033742331288344,0.8500766871165644,0.7804831288343558,0.7283358895705522,量能水平;量能波动,2,False
SH601456,8.570001,1.3431371,0.5345092024539877,0.47795245398773006,0.8236196319018405,0.3588957055214724,量能动量,1,False
SH601500,3.8100002,0.50024605,0.4315567484662577,0.12384969325153375,0.5003834355828221,0.2289110429447853,,0,True
SH601512,8.35,0.32736653,0.2705138036809816,0.25153374233128833,0.3546779141104294,0.11464723926380369,,0,True
SH601515,3.14,0.38184687,0.25306748466257667,0.1959355828220859,0.7806748466257669,0.5763036809815951,,0,True
SH601518,2.74,0.36686248,0.16085122699386503,0.12998466257668712,0.7352377300613497,0.299079754601227,,0,True
SH601519,8.190001,3.0524707,0.883819018404908,0.9056748466257669,0.16986196319018404,0.7057131901840491,量能水平;量能波动,2,False
SH601528,4.9900002,0.863764,0.6579754601226994,0.1857745398773006,0.5074769938650306,0.12174079754601227,,0,True
SH601555,8.08,3.2624846,0.7795245398773006,0.5960506134969326,0.7177914110429447,0.16046779141104295,,0,True
SH601566,9.129999,3.2812622,0.8924463190184049,0.9236963190184049,0.8021472392638037,0.2701303680981595,量能水平;量能波动;量能动量,3,False
SH601567,14.630001,3.1651213,0.4491947852760736,0.7703220858895705,0.9677914110429447,0.8084739263803681,量能动量;量能比,2,False
SH601568,3.5199997,0.8330246,0.8153757668711656,0.5544478527607362,0.8667561349693251,0.13017638036809817,量能水平;量能动量,2,False
SH601577,9.6,2.2333524,0.772239263803681,0.6947852760736196,0.8333972392638037,0.36598926380368096,量能动量,1,False
SH601579,41.84,9.933064,0.7682131901840491,0.8240030674846626,0.9478527607361963,0.9302147239263804,量能波动;量能动量;量能比,3,False
SH601588,1.75,0.6887927,0.6148389570552147,0.6324769938650306,0.3784509202453988,0.8715490797546013,量能比,1,False
SH601595,22.74,4.4143143,0.8264953987730062,0.6930598159509203,0.06230828220858896,0.0772622699386503,量能水平,1,False
SH601598,6.6,0.8444385,0.2703220858895706,0.5185966257668712,0.910851226993865,0.6612346625766872,量能动量,1,False
SH601599,3.21,0.88512486,0.682898773006135,0.22526840490797545,0.34394171779141103,0.09029907975460123,,0,True
SH601600,8.679999,15.659124,0.9990414110429447,0.9913726993865031,0.5458205521472392,0.5793711656441718,量能水平;量能波动,2,False
SH601601,30.499998,12.742317,0.9917561349693251,0.9603144171779141,0.7064800613496932,0.6236579754601227,量能水平;量能波动,2,False
SH601606,31.000002,13.862446,0.777032208588957,0.5172546012269938,0.21146472392638035,0.021280674846625765,,0,True
SH601607,15.889999,1.396758,0.17868098159509202,0.21970858895705522,0.28911042944785276,0.4660659509202454,,0,True
SH601608,4.5400004,1.3461751,0.5070935582822086,0.3822852760736196,0.6104294478527608,0.4371165644171779,,0,True
SH601609,11.19,5.9469695,0.9198619631901841,0.8713573619631901,0.7914110429447853,0.7730061349693251,量能水平;量能波动,2,False
SH601611,10.0,2.5310748,0.6087039877300614,0.12653374233128833,0.32994631901840493,0.05598159509202454,,0,True
SH601615,9.509999,4.525417,0.8679064417177914,0.6809815950920245,0.5329754601226994,0.18960889570552147,量能水平,1,False
SH601616,3.75,0.45863703,0.566717791411043,0.41890337423312884,0.36944018404907975,0.3232361963190184,,0,True
SH601618,2.46,2.1338892,0.9363496932515337,0.8803680981595092,0.5941334355828221,0.39225460122699385,量能水平;量能波动,2,False
SH601619,3.8099997,1.2324228,0.2870015337423313,0.17082055214723926,0.6990030674846626,0.45379601226993865,,0,True
SH601628,36.77,10.429312,0.9802530674846626,0.9396088957055214,0.2618865030674847,0.2643788343558282,量能水平;量能波动,2,False
SH601633,13.789999,2.1318507,0.25517638036809814,0.1526073619631902,0.12212423312883436,0.4503450920245399,,0,True
SH601636,5.34,3.5923557,0.8155674846625767,0.8149923312883436,0.7118481595092024,0.7879601226993865,量能水平;量能波动,2,False
SH601658,5.32,11.015609,0.9827453987730062,0.8847776073619632,0.7193251533742331,0.0977760736196319,量能水平;量能波动,2,False
SH601665,6.9600005,4.355596,0.9137269938650306,0.8013803680981595,0.7605444785276073,0.4008819018404908,量能水平;量能波动,2,False
SH601666,8.79,2.694153,0.4662576687116564,0.263420245398773,0.4227377300613497,0.1508819018404908,,0,True
SH601668,4.22,8.867532,0.9547546012269938,0.8726993865030674,0.692292944785276,0.4536042944785276,量能水平;量能波动,2,False
SH601669,4.52,3.3981786,0.866180981595092,0.4835122699386503,0.2080138036809816,0.17101226993865032,量能水平,1,False
SH601677,16.03,3.4485855,0.8197852760736196,0.8414493865030674,0.26131134969325154,0.6836656441717791,量能水平;量能波动,2,False
SH601678,5.7000003,4.7806315,0.9143021472392638,0.7795245398773006,0.1209739263803681,0.10774539877300614,量能水平,1,False
SH601686,4.9300003,0.24248485,0.441909509202454,0.4785276073619632,0.8912960122699386,0.6765720858895705,量能动量,1,False
SH601688,17.84,8.5512905,0.9710506134969326,0.8573619631901841,0.4183282208588957,0.5285659509202454,量能水平;量能波动,2,False
SH601689,46.5,9.967579,0.7156825153374233,0.7672546012269938,0.482170245398773,0.7889187116564417,,0,True
SH601696,10.93,3.7276826,0.8370398773006135,0.5467791411042945,0.508819018404908,0.22162576687116564,量能水平,1,False
SH601698,23.03,3.9218223,0.40299079754601225,0.21875,0.2549846625766871,0.7172162576687117,,0,True
SH601699,15.19,4.5848975,0.2906441717791411,0.2609279141104294,0.16276840490797545,0.13055981595092025,,0,True
SH601700,6.11,7.35304,0.9442101226993865,0.911042944785276,0.05559815950920245,0.056173312883435585,量能水平;量能波动,2,False
SH601702,14.8,0.87181383,0.138420245398773,0.1945935582822086,0.6566334355828221,0.2486579754601227,,0,True
SH601717,13.089999,2.510694,0.7586273006134969,0.7089723926380368,0.8868865030674846,0.2204754601226994,量能动量,1,False
SH601718,1.91,0.42359695,0.6273006134969326,0.4192868098159509,0.8425996932515337,0.051955521472392636,量能动量,1,False
SH601727,6.44,3.489146,0.8872699386503068,0.9499616564417178,0.2787576687116564,0.745590490797546,量能水平;量能波动,2,False
SH601728,6.25,5.2038546,0.9252300613496932,0.9074003067484663,0.8815184049079755,0.5718941717791411,量能水平;量能波动;量能动量,3,False
SH601766,6.1200004,7.3318834,0.8633052147239264,0.8924463190184049,0.8061733128834356,0.7122315950920245,量能水平;量能波动;量能动量,3,False
SH601777,8.43,1.6675708,0.8865030674846626,0.9837039877300614,0.9754601226993865,0.9210122699386503,量能水平;量能波动;量能动量;量能比,4,False
SH601778,3.3400002,2.7229888,0.9424846625766872,0.7659125766871165,0.3504601226993865,0.5065184049079755,量能水平,1,False
SH601788,13.579999,2.2039015,0.8914877300613497,0.7181748466257669,0.5139953987730062,0.23581288343558282,量能水平,1,False
SH601789,4.13,1.1700696,0.6332438650306749,0.8383819018404908,0.7199003067484663,0.8491180981595092,量能波动;量能比,2,False
SH601798,7.52,0.33520377,0.3500766871165644,0.2749233128834356,0.7597776073619632,0.2666794478527607,,0,True
SH601799,69.22,4.058491,0.49233128834355827,0.370590490797546,0.37576687116564417,0.13075153374233128,,0,True
SH601800,5.7599998,1.2966548,0.5661426380368099,0.23773006134969324,0.35736196319018404,0.23964723926380369,,0,True
SH601801,5.22,1.2774638,0.6926763803680982,0.8276457055214724,0.722967791411043,0.9825536809815951,量能波动;量能比,2,False
SH601808,12.170001,1.6790137,0.9313650306748467,0.8809432515337423,0.6579754601226994,0.33339723926380366,量能水平;量能波动,2,False
SH601811,18.52,1.8884242,0.536042944785276,0.9541794478527608,0.9401840490797546,0.99079754601227,量能波动;量能动量;量能比,3,False
SH601816,4.7799997,5.7602725,0.9771855828220859,0.9888803680981595,0.9530291411042945,0.6759969325153374,量能水平;量能波动;量能动量,3,False
SH601818,2.9899998,5.342154,0.8813266871165644,0.7540260736196319,0.43941717791411045,0.13324386503067484,量能水平,1,False
SH601825,8.61,1.9185288,0.7486579754601227,0.325728527607362,0.2553680981595092,0.3562116564417178,,0,True
SH601827,7.7799997,0.43050653,0.2691717791411043,0.39723926380368096,0.19037576687116564,0.18021472392638035,,0,True
SH601828,2.1200001,1.2537278,0.973542944785276,0.9229294478527608,0.5005751533742331,0.5239647239263804,量能水平;量能波动,2,False
SH601838,19.04,3.8298464,0.665069018404908,0.6855828220858896,0.7400306748466258,0.6796395705521472,,0,True
SH601857,11.190001,13.879126,0.9994248466257669,0.9978911042944786,0.8096242331288344,0.6414877300613497,量能水平;量能波动;量能动量,3,False
SH601858,21.65,2.653549,0.5947085889570553,0.5540644171779141,0.8926380368098159,0.3401073619631902,量能动量,1,False
SH601860,2.51,1.4359485,0.7818251533742331,0.6717791411042945,0.8324386503067485,0.34087423312883436,量能动量,1,False
SH601865,9.099999,1.0813173,0.15778374233128833,0.03316717791411043,0.29984662576687116,0.3491180981595092,,0,True
SH601866,2.42,1.7325221,0.9699003067484663,0.8226610429447853,0.48638803680981596,0.2695552147239264,量能水平;量能波动,2,False
SH601868,2.3600001,4.84052,0.9493865030674846,0.8151840490797546,0.7377300613496932,0.38726993865030673,量能水平;量能波动,2,False
SH601869,394.22,56.757984,0.9398006134969326,0.8711656441717791,0.4798696319018405,0.3880368098159509,量能水平;量能波动,2,False
SH601872,20.65,29.847143,0.9522622699386503,0.9407592024539877,0.030099693251533742,0.5118865030674846,量能水平;量能波动,2,False
SH601877,24.45,3.5958412,0.7910276073619632,0.5690184049079755,0.16449386503067484,0.12327453987730061,,0,True
SH601878,8.91,1.6860918,0.7883435582822086,0.39800613496932513,0.6284509202453987,0.3038726993865031,,0,True
SH601880,1.44,1.2554791,0.7193251533742331,0.6152223926380368,0.6945935582822086,0.4468941717791411,,0,True
SH601881,11.58,2.8976543,0.7806748466257669,0.6980444785276073,0.8144171779141104,0.43673312883435583,量能动量,1,False
SH601882,22.810001,1.8145779,0.04371165644171779,0.04754601226993865,0.20053680981595093,0.25325920245398775,,0,True
SH601886,13.160001,2.1879134,0.6846242331288344,0.356978527607362,0.7699386503067485,0.13151840490797545,,0,True
SH601888,50.79,9.955855,0.6805981595092024,0.0830138036809816,0.37327453987730064,0.1351610429447853,,0,True
SH601890,9.2,6.3533254,0.9532208588957055,0.9212039877300614,0.026840490797546013,0.1343941717791411,量能水平;量能波动,2,False
SH601898,14.179999,5.6602354,0.95954754601227,0.9386503067484663,0.8280291411042945,0.1656441717791411,量能水平;量能波动;量能动量,3,False
SH601899,29.42,61.5936,0.9927147239263804,0.9815950920245399,0.500191717791411,0.23006134969325154,量能水平;量能波动,2,False
SH601900,12.2300005,2.1024804,0.6056365030674846,0.7415644171779141,0.31230828220858897,0.509010736196319,,0,True
SH601901,6.62,2.59389,0.7839340490797546,0.5387269938650306,0.526840490797546,0.2682131901840491,,0,True
SH601908,2.88,0.8584463,0.8845858895705522,0.7154907975460123,0.12193251533742332,0.4208205521472393,量能水平,1,False
SH601916,2.82,3.9282315,0.9399923312883436,0.7367714723926381,0.7034125766871165,0.24904141104294478,量能水平,1,False
SH601918,11.45,3.7773206,0.8717407975460123,0.8376150306748467,0.901840490797546,0.5565567484662577,量能水平;量能波动;量能动量,3,False
SH601919,16.460001,12.873124,0.9514953987730062,0.9488113496932515,0.6412960122699386,0.38324386503067487,量能水平;量能波动,2,False
SH601921,7.5000005,0.7296688,0.6280674846625767,0.7011119631901841,0.8128834355828221,0.6736963190184049,量能动量,1,False
SH601928,8.16,1.1166431,0.5458205521472392,0.5730444785276073,0.5548312883435583,0.6733128834355828,,0,True
SH601929,2.27,3.9664812,0.9871549079754601,0.9771855828220859,0.5858895705521472,0.4350076687116564,量能水平;量能波动,2,False
SH601933,2.9600003,6.2606044,0.9739263803680982,0.875191717791411,0.13592791411042945,0.010927914110429447,量能水平;量能波动,2,False
SH601939,11.0,11.141875,0.9003067484662577,0.7985046012269938,0.6042944785276073,0.46894171779141103,量能水平,1,False
SH601949,5.4599996,5.530754,0.9079754601226994,0.8983895705521472,0.18366564417177914,0.5738113496932515,量能水平;量能波动,2,False
SH601952,8.8,4.3718996,0.9169861963190185,0.7756901840490797,0.10717024539877301,0.033358895705521474,量能水平,1,False
SH601956,5.08,0.30986866,0.46549079754601225,0.8976226993865031,0.9691334355828221,0.9413343558282209,量能波动;量能动量;量能比,3,False
SH601958,19.13,5.9316845,0.9177530674846626,0.8901457055214724,0.1777223926380368,0.432898773006135,量能水平;量能波动,2,False
SH601963,11.0199995,1.2707043,0.6748466257668712,0.6274923312883436,0.5837806748466258,0.3389570552147239,,0,True
SH601965,12.98,0.75140184,0.08723159509202454,0.1508819018404908,0.6372699386503068,0.6046779141104295,,0,True
SH601966,10.33,0.779368,0.6324769938650306,0.29716257668711654,0.6140720858895705,0.410659509202454,,0,True
SH601968,4.4900002,0.32967734,0.14436349693251535,0.24367331288343558,0.8508435582822086,0.35026840490797545,量能动量,1,False
SH601969,8.81,1.362549,0.7921779141104295,0.142829754601227,0.6478144171779141,0.16756134969325154,,0,True
SH601975,4.52,9.670486,0.9748849693251533,0.9518788343558282,0.19938650306748465,0.43807515337423314,量能水平;量能波动,2,False
SH601985,9.0,7.5707154,0.8945552147239264,0.8061733128834356,0.848351226993865,0.3425996932515337,量能水平;量能波动;量能动量,3,False
SH601988,6.63,16.248972,0.9056748466257669,0.6194401840490797,0.7154907975460123,0.4925230061349693,量能水平,1,False
SH601990,6.5,1.1708454,0.4539877300613497,0.30732361963190186,0.691909509202454,0.4058665644171779,,0,True
SH601991,5.32,11.5344515,0.9819785276073619,0.9378834355828221,0.15529141104294478,0.169670245398773,量能水平;量能波动,2,False
SH601992,1.38,0.7012319,0.8644555214723927,0.9355828220858896,0.3450920245398773,0.8648389570552147,量能水平;量能波动;量能比,3,False
SH601996,2.8799999,0.8380762,0.48370398773006135,0.33109662576687116,0.24578220858895705,0.3276457055214724,,0,True
SH601997,5.47,2.6721377,0.8613880368098159,0.5419861963190185,0.42216257668711654,0.147239263803681,量能水平,1,False
SH601998,9.070001,4.54178,0.8611963190184049,0.8368481595092024,0.8339723926380368,0.5274156441717791,量能水平;量能波动;量能动量,3,False
SH601999,6.46,2.9638982,0.9760352760736196,0.9543711656441718,0.08454754601226994,0.3830521472392638,量能水平;量能波动,2,False
SH603000,16.310001,4.8073564,0.8157592024539877,0.8404907975460123,0.02799079754601227,0.30195552147239263,量能水平;量能波动,2,False
SH603001,11.320001,1.9101397,0.8738496932515337,0.8882285276073619,0.4384585889570552,0.8874616564417178,量能水平;量能波动;量能比,3,False
SH603002,17.570002,15.555624,0.924079754601227,0.7323619631901841,0.10333588957055215,0.3567868098159509,量能水平,1,False
SH603004,18.89,0.31693357,0.3088573619631902,0.522430981595092,0.7476993865030674,0.6704371165644172,,0,True
SH603005,27.900002,8.147957,0.8562116564417178,0.7889187116564417,0.13918711656441718,0.5347009202453987,量能水平,1,False
SH603006,10.72,0.28622547,0.038918711656441715,0.05559815950920245,0.7459739263803681,0.3663726993865031,,0,True
SH603007,4.45,1.1631709,0.5055598159509203,0.23811349693251535,0.7300613496932515,0.07342791411042945,,0,True
SH603008,10.530001,0.7671595,0.3487346625766871,0.6169478527607362,0.7348542944785276,0.9027990797546013,量能比,1,False
SH603009,45.97,3.526997,0.14532208588957055,0.12174079754601227,0.02223926380368098,0.44670245398773006,,0,True
SH603010,12.099999,0.97613937,0.13918711656441718,0.23427914110429449,0.749808282208589,0.7712806748466258,,0,True
SH603011,23.94,12.93343,0.6940184049079755,0.46894171779141103,0.5954754601226994,0.16928680981595093,,0,True
SH603012,8.51,2.2291222,0.785659509202454,0.777032208588957,0.8882285276073619,0.12423312883435583,量能动量,1,False
SH603013,13.960001,0.47631323,0.25421779141104295,0.18366564417177914,0.7910276073619632,0.11579754601226994,,0,True
SH603014,31.050001,0.30516565,0.23159509202453987,0.20226226993865032,0.39129601226993865,0.6067868098159509,,0,True
SH603015,10.28,0.42438895,0.12749233128834356,0.05406441717791411,0.6495398773006135,0.6351610429447853,,0,True
SH603016,32.39,1.8216364,0.3759585889570552,0.588957055214724,0.339148773006135,0.5782208588957055,,0,True
SH603017,9.88,0.3588318,0.15567484662576686,0.040260736196319015,0.5228144171779141,0.45820552147239263,,0,True
SH603018,5.16,0.35225275,0.17523006134969324,0.2218174846625767,0.7494248466257669,0.6412960122699386,,0,True
SH603019,80.020004,18.449347,0.24079754601226994,0.4037576687116564,0.32131901840490795,0.562308282208589,,0,True
SH603020,12.35,1.6708463,0.7647622699386503,0.901840490797546,0.3351226993865031,0.9415260736196319,量能波动;量能比,2,False
SH603021,4.9300003,0.32091632,0.13017638036809817,0.24213957055214724,0.5341257668711656,0.4746932515337423,,0,True
SH603022,8.95,0.283482,0.11253834355828221,0.07036042944785276,0.5843558282208589,0.5933665644171779,,0,True
SH603023,3.99,0.5093368,0.18654141104294478,0.21280674846625766,0.018788343558282208,0.26380368098159507,,0,True
SH603025,12.83,0.81374073,0.16928680981595093,0.240989263803681,0.5812883435582822,0.5164877300613497,,0,True
SH603026,55.34,3.2275155,0.2791411042944785,0.2482745398773006,0.6458972392638037,0.32170245398773006,,0,True
SH603027,7.1699996,0.98600066,0.08090490797546013,0.13650306748466257,0.30694018404907975,0.19919478527607362,,0,True
SH603028,7.1800003,0.28704163,0.06710122699386503,0.039110429447852764,0.8310966257668712,0.6282592024539877,量能动量,1,False
SH603029,16.61,0.9811358,0.3389570552147239,0.18788343558282208,0.6857745398773006,0.007093558282208589,,0,True
SH603030,2.02,0.7767297,0.6947852760736196,0.4536042944785276,0.3642638036809816,0.24079754601226994,,0,True
SH603031,36.77,3.9964943,0.33723159509202455,0.22354294478527606,0.8218941717791411,0.3907208588957055,量能动量,1,False
SH603032,17.41,1.1482509,0.15471625766871167,0.14398006134969324,0.9087423312883436,0.12001533742331288,量能动量,1,False
SH603033,7.5299997,0.5507499,0.13381901840490798,0.48868865030674846,0.5450536809815951,0.8901457055214724,量能比,1,False
SH603035,10.47,0.40115833,0.27952453987730064,0.5678680981595092,0.3533358895705521,0.3496932515337423,,0,True
SH603036,13.559999,0.8919713,0.3544861963190184,0.32074386503067487,0.19133435582822086,0.10333588957055215,,0,True
SH603037,10.0199995,0.31030655,0.04869631901840491,0.20571319018404907,0.8692484662576687,0.8224693251533742,量能动量;量能比,2,False
SH603038,15.54,1.2666551,0.4158358895705521,0.41008435582822084,0.5916411042944786,0.5747699386503068,,0,True
SH603039,34.45,5.8633075,0.45609662576687116,0.7787576687116564,0.8272622699386503,0.8420245398773006,量能动量;量能比,2,False
SH603040,44.829998,0.87590694,0.021664110429447853,0.2419478527607362,0.5297162576687117,0.8470092024539877,量能比,1,False
SH603041,11.559999,0.2777779,0.15184049079754602,0.3291794478527607,0.9434432515337423,0.8075153374233128,量能动量;量能比,2,False
SH603042,16.86,5.3466134,0.9179447852760736,0.9702837423312883,0.03048312883435583,0.8803680981595092,量能水平;量能波动;量能比,3,False
SH603043,13.039999,0.46742395,0.22967791411042945,0.027799079754601226,0.8650306748466258,0.2937116564417178,量能动量,1,False
SH603045,45.649998,4.144167,0.47641871165644173,0.5256901840490797,0.10506134969325154,0.20149539877300612,,0,True
SH603048,24.750002,0.58170635,0.35199386503067487,0.5469708588957055,0.16775306748466257,0.8937883435582822,量能比,1,False
SH603049,44.2,1.1111301,0.6144555214723927,0.43673312883435583,0.36445552147239263,0.14513036809815952,,0,True
SH603050,16.51,0.5261102,0.027607361963190184,0.3330138036809816,0.812308282208589,0.8496932515337423,量能动量;量能比,2,False
SH603051,24.09,1.4781216,0.7314033742331288,0.7245015337423313,0.11042944785276074,0.678680981595092,,0,True
SH603052,52.61,2.6555378,0.5028757668711656,0.5111196319018405,0.31096625766871167,0.647239263803681,,0,True
SH603053,8.610001,0.20214885,0.14072085889570551,0.13726993865030676,0.767829754601227,0.1575920245398773,,0,True
SH603055,9.14,0.74258614,0.41621932515337423,0.7641871165644172,0.973159509202454,0.7885352760736196,量能动量,1,False
SH603057,17.19,0.47699267,0.299271472392638,0.4768021472392638,0.9363496932515337,0.9236963190184049,量能动量;量能比,2,False
SH603058,8.57,1.3965396,0.5161042944785276,0.3776840490797546,0.7446319018404908,0.08378067484662577,,0,True
SH603059,25.9,0.36038637,0.21855828220858894,0.16794478527607362,0.21261503067484663,0.669670245398773,,0,True
SH603060,5.66,0.2726113,0.05924079754601227,0.49808282208588955,0.9861963190184049,0.7662960122699386,量能动量,1,False
SH603061,316.19998,11.066627,0.7802914110429447,0.812691717791411,0.06940184049079755,0.49175613496932513,量能波动,1,False
SH603063,27.17,4.4694843,0.8554447852760736,0.785851226993865,0.7877684049079755,0.20743865030674846,量能水平,1,False
SH603065,15.12,3.7666118,0.9342407975460123,0.9631901840490797,0.8719325153374233,0.838957055214724,量能水平;量能波动;量能动量;量能比,4,False
SH603066,9.18,0.6008064,0.20245398773006135,0.3934049079754601,0.5159125766871165,0.3402990797546012,,0,True
SH603067,39.69,13.289795,0.5883819018404908,0.6995782208588958,0.834739263803681,0.7337039877300614,量能动量,1,False
SH603068,46.05,5.5829697,0.9026073619631901,0.9401840490797546,0.7929447852760736,0.9683665644171779,量能水平;量能波动;量能比,3,False
SH603069,12.88,0.6555462,0.12212423312883436,0.23236196319018404,0.01246165644171779,0.4996165644171779,,0,True
SH603071,12.4,0.27799195,0.23351226993865032,0.17273773006134968,0.6380368098159509,0.1593174846625767,,0,True
SH603072,29.73,0.44641432,0.43596625766871167,0.19612730061349692,0.348351226993865,0.4699003067484663,,0,True
SH603073,19.72,0.42304945,0.4087423312883436,0.8773006134969326,0.9932898773006135,0.9846625766871165,量能波动;量能动量;量能比,3,False
SH603075,20.03,0.6803713,0.6382285276073619,0.6370782208588958,0.5444785276073619,0.5030674846625767,,0,True
SH603076,20.159998,0.2939187,0.13822852760736196,0.09451687116564417,0.8326303680981595,0.6255751533742331,量能动量,1,False
SH603077,2.16,5.307829,0.843941717791411,0.5812883435582822,0.5521472392638037,0.02281441717791411,量能水平,1,False
SH603078,30.140001,5.277121,0.5949003067484663,0.4754601226993865,0.16947852760736196,0.44574386503067487,,0,True
SH603079,13.000001,0.6947848,0.35371932515337423,0.27607361963190186,0.3178680981595092,0.12116564417177914,,0,True
SH603080,19.62,0.36572003,0.1589340490797546,0.08780674846625768,0.3364647239263804,0.11637269938650306,,0,True
SH603081,9.38,0.22899155,0.17427147239263804,0.16238496932515337,0.46894171779141103,0.6800230061349694,,0,True
SH603082,42.73,4.4462748,0.9259969325153374,0.9305981595092024,0.07419478527607362,0.634010736196319,量能水平;量能波动,2,False
SH603083,197.37,49.536736,0.817101226993865,0.5711273006134969,0.2312116564417178,0.21951687116564417,量能水平,1,False
SH603085,9.690001,0.47058347,0.06767638036809816,0.03776840490797546,0.5308665644171779,0.4112346625766871,,0,True
SH603086,5.78,1.240512,0.5139953987730062,0.24942484662576686,0.2749233128834356,0.0021088957055214724,,0,True
SH603087,73.96,4.8898754,0.9296395705521472,0.9691334355828221,0.8312883435582822,0.9185199386503068,量能水平;量能波动;量能动量;量能比,4,False
SH603088,9.74,0.7740876,0.03144171779141104,0.06575920245398773,0.8832438650306749,0.29256134969325154,量能动量,1,False
SH603089,9.49,0.50015116,0.22085889570552147,0.1303680981595092,0.46088957055214724,0.07476993865030675,,0,True
SH603090,36.32,3.3172238,0.5483128834355828,0.3878450920245399,0.15816717791411042,0.023197852760736198,,0,True
SH603091,45.12,0.29128414,0.05674846625766871,0.06460889570552147,0.7024539877300614,0.7103144171779141,,0,True
SH603092,48.34,0.9336084,0.7013036809815951,0.932707055214724,0.901648773006135,0.9114263803680982,量能波动;量能动量;量能比,3,False
SH603093,13.4,3.0501664,0.6050613496932515,0.6173312883435583,0.8857361963190185,0.6420628834355828,量能动量,1,False
SH603095,14.27,1.008398,0.597967791411043,0.48773006134969327,0.6658358895705522,0.2641871165644172,,0,True
SH603096,16.05,0.34876603,0.2684049079754601,0.31805981595092025,0.8059815950920245,0.4959739263803681,量能动量,1,False
SH603097,17.779999,0.2850474,0.027415644171779142,0.05828220858895705,0.8358895705521472,0.5567484662576687,量能动量,1,False
SH603098,10.53,0.535898,0.317101226993865,0.1075536809815951,0.325728527607362,0.050421779141104295,,0,True
SH603099,40.6,3.6894865,0.37346625766871167,0.5546395705521472,0.620782208588957,0.9568634969325154,量能比,1,False
SH603100,18.449999,0.63526994,0.07687883435582822,0.11062116564417178,0.7269938650306749,0.42868098159509205,,0,True
SH603101,7.2999997,0.6699348,0.3282208588957055,0.11944018404907976,0.5151457055214724,0.061733128834355826,,0,True
SH603102,36.93,0.6325755,0.5538726993865031,0.1687116564417178,0.5208972392638037,0.2898773006134969,,0,True
SH603103,15.820001,1.0539148,0.5740030674846626,0.6627684049079755,0.22315950920245398,0.3000383435582822,,0,True
SH603105,8.94,2.424784,0.7710889570552147,0.8402990797546013,0.883819018404908,0.7438650306748467,量能波动;量能动量,2,False
SH603106,7.18,1.614638,0.7450153374233128,0.7070552147239264,0.3761503067484663,0.0991180981595092,,0,True
SH603107,12.31,0.22239213,0.4399923312883436,0.6807898773006135,0.7162576687116564,0.7080138036809815,,0,True
SH603108,9.8,1.3005666,0.3640720858895706,0.6092791411042945,0.22986963190184048,0.82170245398773,量能比,1,False
SH603109,17.49,0.28438017,0.14052914110429449,0.15145705521472394,0.11445552147239264,0.6938266871165644,,0,True
SH603110,23.93,2.565743,0.5477377300613497,0.26763803680981596,0.4340490797546012,0.3100076687116564,,0,True
SH603111,6.11,0.30655774,0.053105828220858894,0.0799463190184049,0.6704371165644172,0.4785276073619632,,0,True
SH603112,16.61,2.4863918,0.6997699386503068,0.8241947852760736,0.40605828220858897,0.4495782208588957,量能波动,1,False
SH603113,4.82,1.6377116,0.9434432515337423,0.6871165644171779,0.18769171779141106,0.007668711656441718,量能水平,1,False
SH603115,71.46,10.025357,0.6756134969325154,0.6136886503067485,0.23044478527607362,0.5364263803680982,,0,True
SH603116,7.2599998,0.43403637,0.509010736196319,0.8675230061349694,0.942101226993865,0.9679831288343558,量能波动;量能动量;量能比,3,False
SH603117,3.98,0.34403935,0.308090490797546,0.16065950920245398,0.8075153374233128,0.651840490797546,量能动量,1,False
SH603118,16.49,14.918066,0.9591641104294478,0.9511119631901841,0.19670245398773006,0.5927914110429447,量能水平;量能波动,2,False
SH603119,53.98,6.2399874,0.8337806748466258,0.7986963190184049,0.13055981595092025,0.6871165644171779,量能水平,1,False
SH603120,58.0,1.974068,0.7536426380368099,0.9208205521472392,0.33243865030674846,0.9229294478527608,量能波动;量能比,2,False
SH603121,12.6,0.86530274,0.3495015337423313,0.4946319018404908,0.9652990797546013,0.8247699386503068,量能动量;量能比,2,False
SH603122,14.61,5.4516673,0.821319018404908,0.9171779141104295,0.9072085889570553,0.9315567484662577,量能水平;量能波动;量能动量;量能比,4,False
SH603123,9.21,5.9349546,0.9706671779141104,0.9551380368098159,0.07687883435582822,0.07592024539877301,量能水平;量能波动,2,False
SH603124,118.63999,7.730241,0.9353911042944786,0.9493865030674846,0.4110429447852761,0.7893021472392638,量能水平;量能波动,2,False
SH603125,21.100002,0.9946379,0.5320168711656442,0.8874616564417178,0.6585506134969326,0.9350076687116564,量能波动;量能比,2,False
SH603126,6.22,0.4318185,0.07956288343558282,0.11541411042944785,0.41276840490797545,0.3366564417177914,,0,True
SH603127,45.44,13.766081,0.44440184049079756,0.48140337423312884,0.12615030674846625,0.8337806748466258,量能比,1,False
SH603128,5.31,0.96321267,0.2361963190184049,0.2103144171779141,0.879217791411043,0.3397239263803681,量能动量,1,False
SH603129,279.1,3.6548734,0.0883819018404908,0.36733128834355827,0.8644555214723927,0.8759585889570553,量能动量;量能比,2,False
SH603130,38.33,0.3615107,0.1223159509202454,0.12921779141104295,0.1343941717791411,0.4829371165644172,,0,True
SH603131,13.7,0.73471546,0.12442484662576687,0.11522239263803681,0.17868098159509202,0.6048696319018405,,0,True
SH603132,17.26,1.4308348,0.566909509202454,0.38535276073619634,0.8907208588957055,0.09585889570552147,量能动量,1,False
SH603135,8.559999,0.54132926,0.633819018404908,0.2937116564417178,0.7674463190184049,0.2862346625766871,,0,True
SH603136,9.11,1.3896946,0.6286426380368099,0.7049463190184049,0.018980061349693253,0.25306748466257667,,0,True
SH603137,18.390001,2.2289884,0.7837423312883436,0.8914877300613497,0.6269171779141104,0.8222776073619632,量能波动;量能比,2,False
SH603138,15.4,3.4180727,0.6002684049079755,0.7346625766871165,0.624808282208589,0.6466641104294478,,0,True
SH603139,35.02,1.5974087,0.5199386503067485,0.6443634969325154,0.004409509202453987,0.30694018404907975,,0,True
SH603150,65.25,2.3358269,0.7344708588957055,0.6441717791411042,0.6012269938650306,0.4812116564417178,,0,True
SH603151,18.66,0.9723163,0.651457055214724,0.5195552147239264,0.9334739263803681,0.43366564417177916,量能动量,1,False
SH603153,13.290001,0.2272894,0.1263420245398773,0.1539493865030675,0.7829754601226994,0.5611579754601227,,0,True
SH603155,14.260001,1.7888385,0.736579754601227,0.6623849693251533,0.21491564417177914,0.7478911042944786,,0,True
SH603156,42.899998,4.5238605,0.8817101226993865,0.5832055214723927,0.2661042944785276,0.5122699386503068,量能水平,1,False
SH603158,10.150001,1.4841987,0.4074003067484663,0.6225076687116564,0.5260736196319018,0.5072852760736196,,0,True
SH603160,53.72,2.6646438,0.6735046012269938,0.8372315950920245,0.40069018404907975,0.4906058282208589,量能波动,1,False
SH603161,14.74,0.80310905,0.4773773006134969,0.43730828220858897,0.30943251533742333,0.08224693251533742,,0,True
SH603162,13.0199995,9.539587,0.9702837423312883,0.807707055214724,0.14762269938650308,0.04524539877300614,量能水平;量能波动,2,False
SH603163,75.62,2.3531694,0.5115030674846626,0.3843941717791411,0.33991564417177916,0.2910276073619632,,0,True
SH603165,13.330001,0.647118,0.10026840490797546,0.23159509202453987,0.8619631901840491,0.31575920245398775,量能动量,1,False
SH603166,10.75,0.88801074,0.24980828220858894,0.3339723926380368,0.08282208588957055,0.2258435582822086,,0,True
SH603167,7.9700003,0.21390942,0.061924846625766874,0.2018788343558282,0.9037576687116564,0.16813650306748465,量能动量,1,False
SH603168,5.9100003,0.4480252,0.3178680981595092,0.5559815950920245,0.7432898773006135,0.7833588957055214,,0,True
SH603169,5.85,0.6454531,0.04083588957055215,0.07975460122699386,0.4963573619631902,0.4963573619631902,,0,True
SH603170,13.09,0.35701928,0.21261503067484663,0.7994631901840491,0.9967407975460123,0.9390337423312883,量能动量;量能比,2,False
SH603171,39.309998,3.2351723,0.6898006134969326,0.80329754601227,0.1411042944785276,0.38017638036809814,量能波动,1,False
SH603172,19.460001,0.43946555,0.2597776073619632,0.4996165644171779,0.8286042944785276,0.49233128834355827,量能动量,1,False
SH603173,28.7,0.23618272,0.07745398773006135,0.18424079754601227,0.15126533742331288,0.27434815950920244,,0,True
SH603175,104.38,2.153628,0.763420245398773,0.732170245398773,0.968558282208589,0.9430598159509203,量能动量;量能比,2,False
SH603176,5.17,0.2255754,0.01572085889570552,0.09029907975460123,0.9440184049079755,0.3594708588957055,量能动量,1,False
SH603177,10.96,0.5192355,0.11004601226993865,0.19095092024539878,0.012653374233128834,0.36445552147239263,,0,True
SH603178,16.24,1.600036,0.5651840490797546,0.6692868098159509,0.9344325153374233,0.31230828220858897,量能动量,1,False
SH603179,40.7,7.8380647,0.6033358895705522,0.4499616564417178,0.3907208588957055,0.370398773006135,,0,True
SH603181,12.12,0.50617,0.06441717791411043,0.22296779141104295,0.7866180981595092,0.642829754601227,,0,True
SH603182,13.570001,0.31796664,0.1669861963190184,0.12461656441717792,0.8567868098159509,0.3449003067484663,量能动量,1,False
SH603183,5.1299996,0.90474045,0.4580138036809816,0.58454754601227,0.15740030674846625,0.6405291411042945,,0,True
SH603185,13.650001,1.0567911,0.5450536809815951,0.4246549079754601,0.26533742331288346,0.3713573619631902,,0,True
SH603186,204.59999,42.2848,0.7005368098159509,0.23504601226993865,0.14896472392638035,0.1848159509202454,,0,True
SH603187,10.530001,0.39281952,0.20743865030674846,0.24003067484662577,0.39493865030674846,0.1915260736196319,,0,True
SH603188,4.46,0.79210055,0.8192101226993865,0.4906058282208589,0.4929064417177914,0.05138036809815951,量能水平,1,False
SH603189,9.46,0.20961946,0.08608128834355828,0.3558282208588957,0.5051763803680982,0.5325920245398773,,0,True
SH603190,16.19,0.28060988,0.3031058282208589,0.3834355828220859,0.8117331288343558,0.4942484662576687,量能动量,1,False
SH603191,12.99,1.9027891,0.808090490797546,0.5291411042944786,0.13266871165644173,0.009202453987730062,量能水平,1,False
SH603192,20.179998,0.6820292,0.4112346625766871,0.6257668711656442,0.870590490797546,0.8004217791411042,量能动量;量能比,2,False
SH603193,20.2,0.5677124,0.37078220858895705,0.49079754601226994,0.061541411042944784,0.2586273006134969,,0,True
SH603194,32.949997,0.29765385,0.28144171779141103,0.3222776073619632,0.8773006134969326,0.263420245398773,量能动量,1,False
SH603195,37.519997,1.0976396,0.4325153374233129,0.2762653374233129,0.5517638036809815,0.13669478527607362,,0,True
SH603196,17.82,0.34497696,0.051763803680981595,0.016104294478527608,0.5101610429447853,0.3195935582822086,,0,True
SH603197,29.06,0.775526,0.3450920245398773,0.13784509202453987,0.3498849693251534,0.23849693251533743,,0,True
SH603198,37.100002,1.5381253,0.30023006134969327,0.28278374233128833,0.6794478527607362,0.4233128834355828,,0,True
SH603199,31.839998,0.72249734,0.18117331288343558,0.1320935582822086,0.2534509202453988,0.049079754601226995,,0,True
SH603200,36.97,3.3545089,0.5151457055214724,0.14858128834355827,0.15567484662576686,0.02415644171779141,,0,True
SH603201,15.219999,0.49033543,0.3397239263803681,0.2254601226993865,0.509010736196319,0.3351226993865031,,0,True
SH603202,50.499996,0.41578072,0.5279907975460123,0.45609662576687116,0.7323619631901841,0.7914110429447853,,0,True
SH603203,43.109997,3.8353367,0.3044478527607362,0.2753067484662577,0.2670628834355828,0.7398389570552147,,0,True
SH603205,21.25,0.3007179,0.44670245398773006,0.6069785276073619,0.0005751533742331289,0.33684815950920244,,0,True
SH603206,13.459999,0.38185373,0.3531441717791411,0.4518788343558282,0.7731978527607362,0.7605444785276073,,0,True
SH603207,24.349998,1.3951216,0.7434815950920245,0.7486579754601227,0.2459739263803681,0.14359662576687116,,0,True
SH603208,11.250001,0.20345606,0.10889570552147239,0.09758435582822086,0.8404907975460123,0.750191717791411,量能动量,1,False
SH603209,14.79,0.6624333,0.5588573619631901,0.5786042944785276,0.8332055214723927,0.32016871165644173,量能动量,1,False
SH603210,13.36,0.3145675,0.4468941717791411,0.442101226993865,0.75,0.8038726993865031,量能比,1,False
SH603211,18.96,0.81032526,0.21146472392638035,0.18903374233128833,0.8178680981595092,0.6460889570552147,量能动量,1,False
SH603212,11.66,0.97662246,0.6462806748466258,0.8015720858895705,0.8861196319018405,0.848351226993865,量能波动;量能动量;量能比,3,False
SH603213,13.58,0.24863942,0.03125,0.0352760736196319,0.5561733128834356,0.36464723926380366,,0,True
SH603214,13.599999,0.71959895,0.5546395705521472,0.2741564417177914,0.6713957055214724,0.06288343558282208,,0,True
SH603215,15.64,0.34729943,0.22028374233128833,0.6982361963190185,0.9187116564417178,0.9902223926380368,量能动量;量能比,2,False
SH603216,21.880001,2.5500312,0.8383819018404908,0.9004984662576687,0.8828604294478528,0.6545245398773006,量能水平;量能波动;量能动量,3,False
SH603217,26.93,0.99727887,0.6081288343558282,0.5003834355828221,0.5475460122699386,0.13688650306748465,,0,True
SH603218,9.38,0.81116784,0.683282208588957,0.6238496932515337,0.5214723926380368,0.38535276073619634,,0,True
SH603219,12.91,0.33239177,0.10141871165644172,0.17887269938650308,0.8935966257668712,0.6949769938650306,量能动量,1,False
SH603220,16.99,2.9220836,0.6637269938650306,0.6984279141104295,0.7883435582822086,0.4317484662576687,,0,True
SH603221,27.72,4.5587773,0.857170245398773,0.9141104294478528,0.007476993865030675,0.6280674846625767,量能水平;量能波动,2,False
SH603222,8.009999,1.2052025,0.3460506134969325,0.7919861963190185,0.933090490797546,0.9737346625766872,量能动量;量能比,2,False
SH603223,9.45,0.8322059,0.1102377300613497,0.24175613496932516,0.8496932515337423,0.15778374233128833,量能动量,1,False
SH603225,17.11,2.7405705,0.8537193251533742,0.8815184049079755,0.45341257668711654,0.308090490797546,量能水平;量能波动,2,False
SH603226,28.880001,2.4649549,0.25,0.47200920245398775,0.5701687116564417,0.88420245398773,量能比,1,False
SH603227,7.3599997,0.47344747,0.07074386503067484,0.0705521472392638,0.7756901840490797,0.26993865030674846,,0,True
SH603228,95.00001,38.29966,0.9568634969325154,0.8782592024539877,0.44536042944785276,0.3293711656441718,量能水平;量能波动,2,False
SH603229,8.17,0.6030474,0.058857361963190184,0.45111196319018404,0.9070168711656442,0.9745015337423313,量能动量;量能比,2,False
SH603230,16.619999,3.1585047,0.8901457055214724,0.9883052147239264,0.0017254601226993865,0.9852377300613497,量能水平;量能波动;量能比,3,False
SH603231,17.12,0.353625,0.3548696319018405,0.47661042944785276,0.5195552147239264,0.43577453987730064,,0,True
SH603232,15.959999,2.094445,0.5636503067484663,0.7636119631901841,0.0799463190184049,0.9206288343558282,量能比,1,False
SH603233,17.77,1.2977419,0.4869631901840491,0.45475460122699385,0.06307515337423313,0.7135736196319018,,0,True
SH603236,71.45,11.345417,0.8441334355828221,0.7992714723926381,0.05003834355828221,0.2835506134969325,量能水平,1,False
SH603237,15.2699995,0.5107394,0.4606978527607362,0.2940950920245399,0.7212423312883436,0.04447852760736196,,0,True
SH603238,12.68,0.3332577,0.16813650306748465,0.1495398773006135,0.5479294478527608,0.683090490797546,,0,True
SH603239,13.75,0.32483274,0.0692101226993865,0.0732361963190184,0.6746549079754601,0.45475460122699385,,0,True
SH603248,23.199999,2.6283004,0.9311733128834356,0.9743098159509203,0.6934432515337423,0.995207055214724,量能水平;量能波动;量能比,3,False
SH603255,31.239998,0.68813473,0.4290644171779141,0.5331671779141104,0.07266104294478527,0.6577837423312883,,0,True
SH603256,140.55,35.184536,0.7129984662576687,0.7923696319018405,0.31058282208588955,0.8328220858895705,量能比,1,False
SH603257,66.0,1.6714977,0.8245782208588958,0.750191717791411,0.10007668711656442,0.4041411042944785,量能水平,1,False
SH603258,13.719999,0.6039923,0.52204754601227,0.897239263803681,0.7871932515337423,0.963957055214724,量能波动;量能比,2,False
SH603259,161.79999,54.063457,0.9256134969325154,0.8955138036809815,0.49616564417177916,0.700920245398773,量能水平;量能波动,2,False
SH603260,30.91,2.2099555,0.6437883435582822,0.2931365030674847,0.713957055214724,0.4871549079754601,,0,True
SH603261,49.5,1.4622487,0.46184815950920244,0.29045245398773006,0.5247315950920245,0.2705138036809816,,0,True
SH603262,17.41,0.7950554,0.7532592024539877,0.57170245398773,0.7538343558282209,0.1048696319018405,,0,True
SH603266,18.380001,1.0810314,0.39263803680981596,0.6010352760736196,0.15164877300613497,0.8554447852760736,量能比,1,False
SH603267,46.989998,3.7351406,0.7074386503067485,0.8031058282208589,0.5947085889570553,0.7062883435582822,量能波动,1,False
SH603268,211.95001,13.068715,0.4785276073619632,0.6326687116564417,0.019746932515337424,0.6694785276073619,,0,True
SH603269,23.710001,11.250712,0.6194401840490797,0.4039493865030675,0.5070935582822086,0.01706288343558282,,0,True
SH603270,32.84,4.4853153,0.9662576687116564,0.7576687116564417,0.3427914110429448,0.03450920245398773,量能水平,1,False
SH603271,38.18,0.5613392,0.4012653374233129,0.651457055214724,0.3688650306748466,0.6554831288343558,,0,True
SH603272,16.15,0.7434057,0.5080521472392638,0.5747699386503068,0.16085122699386503,0.5011503067484663,,0,True
SH603273,14.58,0.26918483,0.2446319018404908,0.13458588957055215,0.41526073619631904,0.4179447852760736,,0,True
SH603275,36.850002,0.23527487,0.2415644171779141,0.508819018404908,0.7354294478527608,0.8153757668711656,量能比,1,False
SH603276,17.380001,0.65083563,0.5243481595092024,0.4562883435582822,0.15414110429447853,0.6679447852760736,,0,True
SH603277,11.240001,0.25626978,0.0789877300613497,0.12960122699386503,0.06499233128834356,0.23773006134969324,,0,True
SH603278,10.78,0.9621568,0.7034125766871165,0.9892638036809815,0.9990414110429447,0.973159509202454,量能波动;量能动量;量能比,3,False
SH603279,10.79,0.7815288,0.4503450920245399,0.3063650306748466,0.6125383435582822,0.13554447852760737,,0,True
SH603280,27.410002,0.5473509,0.419478527607362,0.8445168711656442,0.9723926380368099,0.8650306748466258,量能波动;量能动量;量能比,3,False
SH603281,18.09,0.5071683,0.3905291411042945,0.7666794478527608,0.6767638036809815,0.941909509202454,量能比,1,False
SH603282,17.13,0.30878487,0.2718558282208589,0.1844325153374233,0.6004601226993865,0.45111196319018404,,0,True
SH603283,42.910004,6.256192,0.4279141104294479,0.23600460122699388,0.4179447852760736,0.5281825153374233,,0,True
SH603284,40.730003,0.47211117,0.42216257668711654,0.4817868098159509,0.14033742331288343,0.4760352760736196,,0,True
SH603285,35.76,2.194944,0.8406825153374233,0.7783742331288344,0.13113496932515337,0.09892638036809816,量能水平,1,False
SH603286,43.899998,1.924059,0.2996549079754601,0.3753834355828221,0.540069018404908,0.571319018404908,,0,True
SH603288,32.93,4.2136035,0.5429447852760736,0.651648773006135,0.8930214723926381,0.6039110429447853,量能动量,1,False
SH603289,11.17,0.78911704,0.3665644171779141,0.6932515337423313,0.9825536809815951,0.9858128834355828,量能动量;量能比,2,False
SH603290,82.81,3.7450457,0.3477760736196319,0.3759585889570552,0.08512269938650306,0.5584739263803681,,0,True
SH603291,8.610001,0.5517299,0.3004217791411043,0.21223159509202455,0.629792944785276,0.21127300613496933,,0,True
SH603293,35.52,0.88522995,0.7392638036809815,0.6041027607361963,0.0339340490797546,0.03144171779141104,,0,True
SH603296,74.840004,10.900107,0.9476610429447853,0.9072085889570553,0.3652223926380368,0.4424846625766871,量能水平;量能波动,2,False
SH603297,108.24999,1.5140791,0.20513803680981596,0.06058282208588957,0.28316717791411045,0.22335122699386503,,0,True
SH603298,21.76,1.1251973,0.19401840490797545,0.3951303680981595,0.941717791411043,0.7835506134969326,量能动量,1,False
SH603299,8.6,0.3369764,0.05023006134969325,0.009394171779141104,0.3044478527607362,0.3065567484662577,,0,True
SH603300,4.4900002,1.3602175,0.38266871165644173,0.13765337423312884,0.6453220858895705,0.32246932515337423,,0,True
SH603301,74.81,1.1652453,0.05559815950920245,0.1236579754601227,0.45993098159509205,0.8433665644171779,量能比,1,False
SH603303,27.960001,0.7691683,0.15126533742331288,0.16775306748466257,0.47795245398773006,0.7383052147239264,,0,True
SH603305,11.099999,1.6961962,0.6255751533742331,0.6430214723926381,0.09815950920245399,0.5557898773006135,,0,True
SH603306,73.95,7.739801,0.4754601226993865,0.4455521472392638,0.6572085889570553,0.6416794478527608,,0,True
SH603307,26.13,0.24243777,0.12825920245398773,0.19631901840490798,0.9190950920245399,0.8500766871165644,量能动量;量能比,2,False
SH603308,36.56,11.335432,0.7881518404907976,0.2661042944785276,0.3629217791411043,0.35908742331288346,,0,True
SH603309,11.120001,0.27782595,0.05732361963190184,0.13190184049079753,0.5820552147239264,0.49118098159509205,,0,True
SH603310,14.41,0.22066508,0.18462423312883436,0.18539110429447853,0.8905291411042945,0.5099693251533742,量能动量,1,False
SH603311,25.71,1.7353287,0.2808665644171779,0.2325536809815951,0.4614647239263804,0.1018021472392638,,0,True
SH603312,32.96,0.2566611,0.1643021472392638,0.6039110429447853,0.9792944785276073,0.602760736196319,量能动量,1,False
SH603313,6.2500005,1.6291316,0.8759585889570553,0.7914110429447853,0.25786042944785276,0.3585122699386503,量能水平,1,False
SH603315,10.66,0.7987022,0.3270705521472393,0.21127300613496933,0.5174463190184049,0.12193251533742332,,0,True
SH603316,15.900002,4.0022616,0.7659125766871165,0.9204371165644172,0.20302914110429449,0.9213957055214724,量能波动;量能比,2,False
SH603317,12.59,0.92504215,0.30463957055214724,0.18596625766871167,0.5870398773006135,0.2570935582822086,,0,True
SH603318,8.620001,6.100866,0.7785659509202454,0.41526073619631904,0.18136503067484663,0.03412576687116564,,0,True
SH603319,28.789999,4.8322015,0.4143021472392638,0.6725460122699386,0.9001150306748467,0.8050230061349694,量能动量;量能比,2,False
SH603320,17.8,0.49882013,0.13976226993865032,0.04313650306748466,0.16123466257668712,0.07016871165644172,,0,True
SH603321,7.27,0.8472065,0.5398773006134969,0.6550996932515337,0.10103527607361963,0.723351226993865,,0,True
SH603322,26.45,2.4898653,0.4589723926380368,0.6075536809815951,0.9004984662576687,0.5442868098159509,量能动量,1,False
SH603323,4.43,1.7635691,0.7419478527607362,0.35966257668711654,0.6136886503067485,0.11330521472392638,,0,True
SH603324,25.25,0.7162335,0.4004984662576687,0.125,0.3934049079754601,0.2684049079754601,,0,True
SH603326,7.59,0.30549756,0.10084355828220859,0.04141104294478527,0.8197852760736196,0.4087423312883436,量能动量,1,False
SH603327,8.03,2.023918,0.5728527607361963,0.4398006134969325,0.3383819018404908,0.04351993865030675,,0,True
SH603328,13.129999,7.002822,0.9173696319018405,0.8132668711656442,0.5377684049079755,0.8241947852760736,量能水平;量能波动;量能比,3,False
SH603329,10.24,0.27197903,0.1424463190184049,0.27204754601226994,0.799079754601227,0.481978527607362,,0,True
SH603330,9.410001,6.1259236,0.8740414110429447,0.758819018404908,0.09125766871165644,0.04754601226993865,量能水平,1,False
SH603331,12.299999,0.616021,0.24884969325153375,0.12269938650306748,0.5193634969325154,0.14628067484662577,,0,True
SH603332,11.95,0.38998923,0.26859662576687116,0.10927914110429447,0.6899923312883436,0.5366180981595092,,0,True
SH603333,8.88,1.1112401,0.5253067484662577,0.486771472392638,0.8631134969325154,0.2062883435582822,量能动量,1,False
SH603334,31.89,0.40066016,0.5124616564417178,0.7983128834355828,0.028757668711656442,0.7149156441717791,,0,True
SH603335,6.04,0.61947393,0.1531825153374233,0.3790260736196319,0.21529907975460122,0.4697085889570552,,0,True
SH603336,9.98,2.773681,0.5249233128834356,0.531441717791411,0.02933282208588957,0.22354294478527606,,0,True
SH603337,35.8,0.927526,0.12289110429447853,0.41391871165644173,0.9549463190184049,0.8755751533742331,量能动量;量能比,2,False
SH603338,52.14,1.6626998,0.05138036809815951,0.04275306748466258,0.40778374233128833,0.593941717791411,,0,True
SH603339,12.17,1.630751,0.5879984662576687,0.4927147239263804,0.1982361963190184,0.1807898773006135,,0,True
SH603341,35.72,3.087541,0.9271472392638037,0.9917561349693251,0.946319018404908,0.9470858895705522,量能水平;量能波动;量能动量;量能比,4,False
SH603344,22.16,0.8470629,0.6374616564417178,0.6700536809815951,0.4593558282208589,0.1713957055214724,,0,True
SH603345,77.24,4.542711,0.5019171779141104,0.557707055214724,0.007093558282208589,0.18059815950920247,,0,True
SH603348,14.55,0.36043993,0.3293711656441718,0.3654141104294479,0.9451687116564417,0.6127300613496932,量能动量,1,False
SH603351,27.000002,0.37194136,0.17273773006134968,0.7174079754601227,0.8721242331288344,0.9886886503067485,量能动量;量能比,2,False
SH603352,25.1,0.22703792,0.3836273006134969,0.15107361963190183,0.061733128834355826,0.2789493865030675,,0,True
SH603353,41.629997,4.5687294,0.888420245398773,0.879601226993865,0.22929447852760737,0.6961273006134969,量能水平;量能波动,2,False
SH603355,30.270002,1.2082452,0.3763420245398773,0.5839723926380368,0.4959739263803681,0.848159509202454,量能比,1,False
SH603356,16.56,0.43774468,0.20954754601226994,0.3914877300613497,0.9578220858895705,0.9070168711656442,量能动量;量能比,2,False
SH603358,43.039997,4.565962,0.6712039877300614,0.29256134969325154,0.48101993865030673,0.14858128834355827,,0,True
SH603360,12.03,1.3623683,0.08282208588957055,0.18289877300613497,0.06710122699386503,0.42024539877300615,,0,True
SH603363,2.7900002,1.6204824,0.8583205521472392,0.5860812883435583,0.3602377300613497,0.04275306748466258,量能水平,1,False
SH603365,15.989999,0.23531276,0.09451687116564417,0.11675613496932516,0.20820552147239263,0.3500766871165644,,0,True
SH603366,7.29,2.8037217,0.870590490797546,0.8178680981595092,0.165260736196319,0.04946319018404908,量能水平;量能波动,2,False
SH603367,14.24,0.83477485,0.4938650306748466,0.6286426380368099,0.35429447852760737,0.7565184049079755,,0,True
SH603368,15.120001,0.4822271,0.19708588957055215,0.16257668711656442,0.5657592024539877,0.34068251533742333,,0,True
SH603369,26.64,2.9915214,0.5069018404907976,0.6771472392638037,0.23101993865030676,0.5596242331288344,,0,True
SH603370,27.35,0.4298013,0.589532208588957,0.7101226993865031,0.5164877300613497,0.9077837423312883,量能比,1,False
SH603373,52.7,0.9299255,0.4173696319018405,0.7607361963190185,0.9930981595092024,0.9787193251533742,量能动量;量能比,2,False
SH603375,48.59,2.188772,0.8558282208588958,0.8157592024539877,0.1478144171779141,0.9539877300613497,量能水平;量能波动;量能比,3,False
SH603376,26.44,0.94725394,0.8101993865030674,0.6731211656441718,0.028182515337423313,0.016104294478527608,量能水平,1,False
SH603378,4.6200004,0.7801652,0.6000766871165644,0.8019555214723927,0.21587423312883436,0.6671779141104295,量能波动,1,False
SH603379,49.7,3.3327248,0.7718558282208589,0.5207055214723927,0.3205521472392638,0.5855061349693251,,0,True
SH603380,32.25,1.1788436,0.28431748466257667,0.1549079754601227,0.4503450920245399,0.20207055214723926,,0,True
SH603381,14.62,0.4513092,0.5302914110429447,0.2833588957055215,0.2893021472392638,0.6090874233128835,,0,True
SH603382,19.05,0.38705924,0.6165644171779141,0.5625,0.9012653374233128,0.5774539877300614,量能动量,1,False
SH603383,26.61,0.72405165,0.12327453987730061,0.18404907975460122,0.3640720858895706,0.1320935582822086,,0,True
SH603385,5.63,0.23696114,0.33588957055214724,0.36579754601226994,0.8725076687116564,0.4388420245398773,量能动量,1,False
SH603386,17.38,3.243388,0.6073619631901841,0.504792944785276,0.2664877300613497,0.5180214723926381,,0,True
SH603387,9.909999,0.81181806,0.38190184049079756,0.6587423312883436,0.5387269938650306,0.9275306748466258,量能比,1,False
SH603389,42.63,1.1173465,0.0964340490797546,0.20609662576687116,0.4411426380368098,0.32400306748466257,,0,True
SH603390,10.72,1.6627961,0.8050230061349694,0.5061349693251533,0.4675996932515337,0.348159509202454,量能水平,1,False
SH603391,68.939995,1.3537148,0.6060199386503068,0.6938266871165644,0.937308282208589,0.6184815950920245,量能动量,1,False
SH603392,26.689999,1.8147768,0.15049846625766872,0.13918711656441718,0.4612730061349693,0.5646088957055214,,0,True
SH603393,24.890001,1.7612885,0.5370015337423313,0.25555981595092025,0.5124616564417178,0.1669861963190184,,0,True
SH603395,25.1,4.1056657,0.9965490797546013,0.995782208588957,0.09336656441717792,0.1821319018404908,量能水平;量能波动,2,False
SH603396,39.2,2.2380142,0.6750383435582822,0.9292561349693251,0.9745015337423313,0.9244631901840491,量能波动;量能动量;量能比,3,False
SH603398,8.240001,0.6637745,0.27434815950920244,0.3774923312883436,0.12883435582822086,0.32266104294478526,,0,True
SH603399,12.68,3.850322,0.8575536809815951,0.8038726993865031,0.24750766871165644,0.4026073619631902,量能水平;量能波动,2,False
SH603402,59.5,2.408717,0.9043328220858896,0.9353911042944786,0.01169478527607362,0.19938650306748465,量能水平;量能波动,2,False
SH603406,27.69,0.9017297,0.7402223926380368,0.531058282208589,0.0763036809815951,0.03872699386503067,,0,True
SH603407,59.86,2.5030258,0.9246549079754601,0.9346242331288344,0.27338957055214724,0.8506518404907976,量能水平;量能波动;量能比,3,False
SH603408,11.6,0.3213161,0.2848926380368098,0.16756134969325154,0.09605061349693252,0.04965490797546012,,0,True
SH603409,17.57,0.2671415,0.3111579754601227,0.20034509202453987,0.3473926380368098,0.6044861963190185,,0,True
SH603416,45.500004,0.6928408,0.11196319018404909,0.04486196319018405,0.45015337423312884,0.31422546012269936,,0,True
SH603418,48.75,0.8890627,0.7093558282208589,0.964532208588957,0.9856211656441718,0.9593558282208589,量能波动;量能动量;量能比,3,False
SH603421,6.1800003,2.6183796,0.9457438650306749,0.852569018404908,0.028949386503067484,0.20053680981595093,量能水平;量能波动,2,False
SH603429,8.88,0.2139218,0.004601226993865031,0.026648773006134968,0.8774923312883436,0.17791411042944785,量能动量,1,False
SH603435,44.42,1.3872,0.9091257668711656,0.8863113496932515,0.1021855828220859,0.35525306748466257,量能水平;量能波动,2,False
SH603439,13.44,3.008519,0.8130751533742331,0.9012653374233128,0.009969325153374233,0.5621165644171779,量能水平;量能波动,2,False
SH603444,336.03,5.430703,0.49693251533742333,0.11004601226993865,0.12346625766871165,0.11445552147239264,,0,True
SH603456,16.42,3.0758233,0.5912576687116564,0.5527223926380368,0.3054064417177914,0.8567868098159509,量能比,1,False
SH603458,10.5199995,1.3879325,0.7779907975460123,0.5855061349693251,0.1263420245398773,0.03776840490797546,,0,True
SH603459,84.06999,9.6018715,0.9654907975460123,0.9564800613496932,0.11253834355828221,0.31326687116564417,量能水平;量能波动,2,False
SH603466,11.52,10.004927,0.92829754601227,0.8218941717791411,0.2764570552147239,0.18194018404907975,量能水平;量能波动,2,False
SH603477,13.94,1.7869095,0.5377684049079755,0.29275306748466257,0.6896088957055214,0.4603144171779141,,0,True
SH603486,50.4,2.0853426,0.4871549079754601,0.3328220858895706,0.41986196319018404,0.2331288343558282,,0,True
SH603488,7.6800003,0.633047,0.3211273006134969,0.39934815950920244,0.6817484662576687,0.30329754601226994,,0,True
SH603489,29.35,0.6626638,0.42868098159509205,0.2523006134969325,0.3485429447852761,0.4050996932515337,,0,True
SH603496,21.980001,1.5426493,0.29888803680981596,0.2695552147239264,0.03374233128834356,0.2777990797546012,,0,True
SH603499,12.780001,0.6284461,0.04390337423312884,0.028757668711656442,0.7496165644171779,0.12059049079754601,,0,True
SH603500,9.99,0.7204985,0.2789493865030675,0.723351226993865,0.9946319018404908,0.9883052147239264,量能动量;量能比,2,False
SH603501,80.75,10.048349,0.5439033742331288,0.7018788343558282,0.2268021472392638,0.5107361963190185,,0,True
SH603505,14.360001,1.1874896,0.018788343558282208,0.018021472392638037,0.2595858895705521,0.34355828220858897,,0,True
SH603506,12.21,0.56310993,0.24309815950920247,0.21683282208588958,0.651457055214724,0.4256134969325153,,0,True
SH603507,27.119999,2.5143068,0.8040644171779141,0.7223926380368099,0.6213573619631901,0.964148773006135,量能水平;量能比,2,False
SH603508,20.48,0.44454843,0.22641871165644173,0.1731211656441718,0.8506518404907976,0.31403374233128833,量能动量,1,False
SH603515,14.44,0.21535662,0.06134969325153374,0.09068251533742332,0.4677914110429448,0.37883435582822084,,0,True
SH603516,78.600006,3.7079577,0.3583205521472393,0.3726993865030675,0.8412576687116564,0.3692484662576687,量能动量,1,False
SH603517,11.02,0.5748882,0.4459355828220859,0.38726993865030673,0.6246165644171779,0.3861196319018405,,0,True
SH603518,7.85,0.50054866,0.6200153374233128,0.5876150306748467,0.6980444785276073,0.4806365030674847,,0,True
SH603519,16.900002,1.1636593,0.12346625766871165,0.4783358895705521,0.9474693251533742,0.9112346625766872,量能动量;量能比,2,False
SH603520,8.42,0.49312732,0.17043711656441718,0.08857361963190184,0.4806365030674847,0.6401457055214724,,0,True
SH603527,9.45,0.6756276,0.3621549079754601,0.2716641104294479,0.3063650306748466,0.34375,,0,True
SH603528,6.43,0.6251985,0.2463573619631902,0.2835506134969325,0.06901840490797546,0.6543328220858896,,0,True
SH603529,21.119999,0.86926514,0.42714723926380366,0.3447085889570552,0.7816334355828221,0.4353911042944785,,0,True
SH603530,42.6,2.0222807,0.19440184049079753,0.31575920245398775,0.38899539877300615,0.11713957055214724,,0,True
SH603533,21.5,8.50962,0.7939033742331288,0.6447469325153374,0.2013036809815951,0.09873466257668712,,0,True
SH603535,6.11,0.21752109,0.09720092024539877,0.053297546012269936,0.3472009202453988,0.3088573619631902,,0,True
SH603536,10.08,0.72922665,0.2285276073619632,0.07400306748466258,0.6073619631901841,0.06748466257668712,,0,True
SH603538,26.13,10.120802,0.8828604294478528,0.9367331288343558,0.1773389570552147,0.8013803680981595,量能水平;量能波动;量能比,3,False
SH603556,22.44,0.98370177,0.5093941717791411,0.16276840490797545,0.04984662576687116,0.10429447852760736,,0,True
SH603557,2.99,0.21160471,0.4361579754601227,0.683282208588957,0.9250383435582822,0.5456288343558282,量能动量,1,False
SH603558,12.99,0.5699222,0.10812883435582822,0.16909509202453987,0.5899156441717791,0.8280291411042945,量能比,1,False
SH603559,8.879999,2.22998,0.7064800613496932,0.6420628834355828,0.15778374233128833,0.0285659509202454,,0,True
SH603565,11.48,2.4025996,0.7108895705521472,0.6817484662576687,0.2106978527607362,0.17983128834355827,,0,True
SH603566,10.14,0.27310815,0.1044861963190184,0.11867331288343558,0.5162960122699386,0.21491564417177914,,0,True
SH603567,5.16,1.1342001,0.8886119631901841,0.8583205521472392,0.43577453987730064,0.7078220858895705,量能水平;量能波动,2,False
SH603568,13.360001,1.1366056,0.13726993865030676,0.14359662576687116,0.17618865030674846,0.2214340490797546,,0,True
SH603577,9.700001,0.3402401,0.11157975460122699,0.00786042944785276,0.1351610429447853,0.2994631901840491,,0,True
SH603578,13.8,0.5444322,0.20379601226993865,0.1317101226993865,0.4075920245398773,0.6000766871165644,,0,True
SH603579,18.0,0.4987197,0.3416411042944785,0.47565184049079756,0.8477760736196319,0.8909125766871165,量能动量;量能比,2,False
SH603580,79.25,6.929638,0.4190950920245399,0.5429447852760736,0.7676380368098159,0.7626533742331288,,0,True
SH603583,28.07,1.5986876,0.5005751533742331,0.5427530674846626,0.6156058282208589,0.6186733128834356,,0,True
SH603585,10.37,0.5483395,0.40548312883435583,0.32036042944785276,0.5254984662576687,0.06460889570552147,,0,True
SH603586,13.950001,0.24352092,0.25172546012269936,0.5975843558282209,0.9768021472392638,0.7220092024539877,量能动量,1,False
SH603587,12.349999,0.548945,0.5557898773006135,0.5182131901840491,0.8886119631901841,0.18251533742331288,量能动量,1,False
SH603588,16.47,8.134131,0.7751150306748467,0.6955521472392638,0.8636886503067485,0.740989263803681,量能动量,1,False
SH603589,17.42,1.0868816,0.5970092024539877,0.6689033742331288,0.6805981595092024,0.7310199386503068,,0,True
SH603590,29.159998,0.473671,0.3236196319018405,0.4386503067484663,0.5080521472392638,0.754217791411043,,0,True
SH603595,30.6,0.81270176,0.1129217791411043,0.12308282208588957,0.08914877300613497,0.19881134969325154,,0,True
SH603596,28.0,5.3659496,0.7705138036809815,0.5814800613496932,0.4300230061349693,0.11100460122699386,,0,True
SH603598,17.39,4.0850353,0.6253834355828221,0.8851610429447853,0.9313650306748467,0.8820935582822086,量能波动;量能动量;量能比,3,False
SH603599,10.21,1.8413113,0.5036426380368099,0.28182515337423314,0.3803680981595092,0.013611963190184049,,0,True
SH603600,10.249999,0.614508,0.11138803680981595,0.03067484662576687,0.18289877300613497,0.05694018404907975,,0,True
SH603601,10.16,12.226042,0.5692101226993865,0.692292944785276,0.6416794478527608,0.808282208588957,量能比,1,False
SH603602,11.55,0.28434452,0.07860429447852761,0.00651840490797546,0.709739263803681,0.6188650306748467,,0,True
SH603605,54.68,2.8322964,0.31307515337423314,0.3000383435582822,0.4888803680981595,0.682707055214724,,0,True
SH603606,35.41,5.0069313,0.18136503067484663,0.12480828220858896,0.2942868098159509,0.17158742331288343,,0,True
SH603607,22.87,1.396457,0.3642638036809816,0.4651073619631902,0.01763803680981595,0.4160276073619632,,0,True
SH603608,19.27,3.5023854,0.7014953987730062,0.7707055214723927,0.4409509202453988,0.4700920245398773,,0,True
SH603609,6.2200003,0.38897473,0.15586656441717792,0.14743098159509202,0.7066717791411042,0.27818251533742333,,0,True
SH603610,13.08,0.6410766,0.5960506134969326,0.691909509202454,0.9375,0.7896855828220859,量能动量,1,False
SH603611,15.410001,0.24150465,0.01821319018404908,0.10870398773006135,0.8715490797546013,0.4852377300613497,量能动量,1,False
SH603612,15.61,1.8450271,0.47891104294478526,0.4486196319018405,0.7517254601226994,0.37519171779141103,,0,True
SH603613,19.150002,2.8377664,0.43194018404907975,0.3184432515337423,0.10467791411042945,0.3581288343558282,,0,True
SH603615,18.470001,0.991316,0.3449003067484663,0.5853144171779141,0.013995398773006136,0.6177147239263804,,0,True
SH603616,5.5699997,0.6624486,0.5523389570552147,0.38995398773006135,0.49674079754601225,0.20283742331288343,,0,True
SH603617,6.7700005,0.35559323,0.08991564417177914,0.12691717791411042,0.7007285276073619,0.3895705521472393,,0,True
SH603618,33.29,40.01437,0.9524539877300614,0.8807515337423313,0.08416411042944785,0.0732361963190184,量能水平;量能波动,2,False
SH603619,21.109999,7.548674,0.9879217791411042,0.9263803680981595,0.03872699386503067,0.020705521472392636,量能水平;量能波动,2,False
SH603626,22.499998,9.796762,0.963957055214724,0.9578220858895705,0.3579371165644172,0.7131901840490797,量能水平;量能波动,2,False
SH603628,10.459999,0.80458605,0.3786426380368098,0.1669861963190184,0.6343941717791411,0.11790644171779141,,0,True
SH603629,98.770004,28.46271,0.838957055214724,0.852760736196319,0.1004601226993865,0.45858895705521474,量能水平;量能波动,2,False
SH603630,14.150001,0.78899,0.5918328220858896,0.49444018404907975,0.5199386503067485,0.6031441717791411,,0,True
SH603633,6.16,0.41842213,0.09202453987730061,0.11368865030674846,0.8610046012269938,0.7789493865030674,量能动量,1,False
SH603636,7.15,1.6982459,0.571319018404908,0.9338573619631901,0.995207055214724,0.9973159509202454,量能波动;量能动量;量能比,3,False
SH603637,13.54,1.2402878,0.3932131901840491,0.3341641104294479,0.28949386503067487,0.2718558282208589,,0,True
SH603638,19.199999,1.6611052,0.06058282208588957,0.3113496932515337,0.8845858895705522,0.8236196319018405,量能动量;量能比,2,False
SH603639,10.380001,0.21595395,0.07917944785276074,0.033550613496932516,0.4052914110429448,0.010736196319018405,,0,True
SH603648,9.6,0.22196986,0.07304447852760736,0.0843558282208589,0.7085889570552147,0.7037960122699386,,0,True
SH603650,65.5,12.934735,0.8853527607361963,0.8861196319018405,0.06058282208588957,0.4327070552147239,量能水平;量能波动,2,False
SH603655,31.710001,0.48903888,0.033550613496932516,0.29984662576687116,0.3031058282208589,0.9215874233128835,量能比,1,False
SH603656,17.349998,0.25374585,0.09298312883435583,0.23274539877300612,0.5600076687116564,0.834930981595092,量能比,1,False
SH603657,36.22,1.7572867,0.5469708588957055,0.34662576687116564,0.40567484662576686,0.6581671779141104,,0,True
SH603658,34.129997,1.1147804,0.2754984662576687,0.78125,0.9298312883435583,0.9739263803680982,量能动量;量能比,2,False
SH603659,20.8,4.2844124,0.5993098159509203,0.5993098159509203,0.7912193251533742,0.3740414110429448,,0,True
SH603660,9.27,1.5335026,0.5343174846625767,0.5410276073619632,0.14493865030674846,0.5837806748466258,,0,True
SH603661,33.370003,1.1335982,0.7636119631901841,0.7697469325153374,0.1401457055214724,0.6792561349693251,,0,True
SH603662,48.19,1.6258582,0.21088957055214724,0.1915260736196319,0.4208205521472393,0.5199386503067485,,0,True
SH603663,43.379997,10.806398,0.28450920245398775,0.3241947852760736,0.6763803680981595,0.7361963190184049,,0,True
SH603665,22.83,0.7169203,0.3987730061349693,0.598159509202454,0.9557131901840491,0.6907592024539877,量能动量,1,False
SH603666,26.24,0.92798126,0.40203220858895705,0.4637653374233129,0.43232361963190186,0.6944018404907976,,0,True
SH603667,49.420002,6.4335012,0.6184815950920245,0.8017638036809815,0.526457055214724,0.625191717791411,量能波动,1,False
SH603668,12.02,1.5670521,0.4522622699386503,0.49827453987730064,0.17753067484662577,0.0736196319018405,,0,True
SH603669,5.8999996,1.5103292,0.6888420245398773,0.8326303680981595,0.023197852760736198,0.8891871165644172,量能波动;量能比,2,False
SH603677,14.55,0.27241263,0.08397239263803681,0.08282208588957055,0.2218174846625767,0.4578220858895706,,0,True
SH603678,43.45,10.545589,0.6391871165644172,0.6167561349693251,0.5872315950920245,0.5398773006134969,,0,True
SH603679,22.550001,2.8085387,0.6102377300613497,0.7450153374233128,0.13822852760736196,0.8343558282208589,量能比,1,False
SH603680,9.9,0.48034576,0.598351226993865,0.7087806748466258,0.05253067484662577,0.8201687116564417,量能比,1,False
SH603681,18.669998,1.3623747,0.5632668711656442,0.6236579754601227,0.7925613496932515,0.9083588957055214,量能比,1,False
SH603682,9.309999,1.0161952,0.5164877300613497,0.5011503067484663,0.8268788343558282,0.598159509202454,量能动量,1,False
SH603683,15.27,3.226679,0.7110812883435583,0.23907208588957055,0.34068251533742333,0.11675613496932516,,0,True
SH603685,25.3,0.71898854,0.2561349693251534,0.2308282208588957,0.6282592024539877,0.08876533742331288,,0,True
SH603686,14.349999,4.852009,0.8128834355828221,0.9394171779141104,0.8498849693251533,0.9388420245398773,量能水平;量能波动;量能动量;量能比,4,False
SH603687,14.13,3.3260393,0.8073236196319018,0.6635352760736196,0.1303680981595092,0.13650306748466257,量能水平,1,False
SH603688,44.35,7.2942066,0.33473926380368096,0.40203220858895705,0.3289877300613497,0.5590490797546013,,0,True
SH603689,7.57,0.30704722,0.1182898773006135,0.09585889570552147,0.2432898773006135,0.08914877300613497,,0,True
SH603690,23.05,4.0989366,0.19267638036809817,0.18500766871165644,0.5437116564417178,0.7072469325153374,,0,True
SH603693,12.05,1.7475312,0.6543328220858896,0.6750383435582822,0.7749233128834356,0.562691717791411,,0,True
SH603696,13.44,3.2403831,0.6679447852760736,0.2906441717791411,0.5839723926380368,0.2703220858895706,,0,True
SH603697,9.48,0.47279203,0.16008435582822086,0.4375,0.9618481595092024,0.6940184049079755,量能动量,1,False
SH603698,20.31,1.8288747,0.611579754601227,0.33588957055214724,0.2714723926380368,0.59375,,0,True
SH603699,42.8,1.9782532,0.47929447852760737,0.38631134969325154,0.5322085889570553,0.5149539877300614,,0,True
SH603700,11.51,0.6287309,0.5030674846625767,0.6679447852760736,0.9660659509202454,0.7222009202453987,量能动量,1,False
SH603701,18.140001,0.7386532,0.07649539877300614,0.01629601226993865,0.6060199386503068,0.17925613496932516,,0,True
SH603703,9.75,1.2492949,0.357170245398773,0.6094708588957055,0.5417944785276073,0.8270705521472392,量能比,1,False
SH603706,17.04,0.20824678,0.05099693251533742,0.03680981595092025,0.6186733128834356,0.15605828220858894,,0,True
SH603707,7.91,0.8297413,0.13592791411042945,0.3682898773006135,0.8822852760736196,0.7837423312883436,量能动量,1,False
SH603708,8.88,0.65069294,0.43098159509202455,0.2737730061349693,0.12979294478527606,0.0339340490797546,,0,True
SH603709,12.849999,0.39876783,0.25555981595092025,0.3631134969325153,0.897430981595092,0.6259585889570553,量能动量,1,False
SH603711,11.72,0.4870327,0.4760352760736196,0.455329754601227,0.2584355828220859,0.24616564417177914,,0,True
SH603712,11.21,1.204374,0.42024539877300615,0.5462039877300614,0.7511503067484663,0.7030291411042945,,0,True
SH603713,66.90001,1.3330793,0.1633435582822086,0.3797929447852761,0.8460506134969326,0.6033358895705522,量能动量,1,False
SH603716,16.76,2.056996,0.6692868098159509,0.786042944785276,0.7131901840490797,0.910851226993865,量能比,1,False
SH603717,5.8599997,0.5460972,0.6618098159509203,0.5009585889570553,0.6154141104294478,0.25651840490797545,,0,True
SH603719,9.07,0.37150013,0.38650306748466257,0.2348542944785276,0.227760736196319,0.2745398773006135,,0,True
SH603721,18.31,2.264746,0.5208972392638037,0.46549079754601225,0.14340490797546013,0.04658742331288344,,0,True
SH603722,28.49,0.30314323,0.04620398773006135,0.10889570552147239,0.8042561349693251,0.4258052147239264,量能动量,1,False
SH603725,11.33,1.3392636,0.4906058282208589,0.5964340490797546,0.13611963190184048,0.8138420245398773,量能比,1,False
SH603726,23.55,0.72594136,0.07783742331288343,0.04792944785276074,0.6618098159509203,0.638420245398773,,0,True
SH603727,19.18,0.5900715,0.5285659509202454,0.8121165644171779,0.9620398773006135,0.8843941717791411,量能波动;量能动量;量能比,3,False
SH603728,52.249996,3.2716262,0.49213957055214724,0.6343941717791411,0.6978527607361963,0.5061349693251533,,0,True
SH603730,9.33,1.6232919,0.5149539877300614,0.7390720858895705,0.9003067484662577,0.7440567484662577,量能动量,1,False
SH603733,18.300001,1.4835004,0.6589340490797546,0.5084355828220859,0.5619248466257669,0.13190184049079753,,0,True
SH603737,20.730001,1.9564272,0.09432515337423313,0.3165260736196319,0.1700536809815951,0.7586273006134969,,0,True
SH603738,34.02,9.262124,0.6317101226993865,0.4350076687116564,0.442101226993865,0.5770705521472392,,0,True
SH603739,12.750001,0.5752277,0.263420245398773,0.4539877300613497,0.2682131901840491,0.5998849693251533,,0,True
SH603755,25.999998,0.4573898,0.22737730061349692,0.6263420245398773,0.9781441717791411,0.7850843558282209,量能动量,1,False
SH603757,66.03,7.3184104,0.6687116564417178,0.42369631901840493,0.5333588957055214,0.26898006134969327,,0,True
SH603758,10.74,1.192406,0.6478144171779141,0.5249233128834356,0.2777990797546012,0.07802914110429447,,0,True
SH603759,7.9,0.3574718,0.2942868098159509,0.5655674846625767,0.032208588957055216,0.8086656441717791,量能比,1,False
SH603766,14.5199995,1.9839085,0.33109662576687116,0.5810966257668712,0.9177530674846626,0.7741564417177914,量能动量,1,False
SH603767,15.01,0.70954627,0.2908358895705521,0.9093174846625767,0.9980828220858896,0.972967791411043,量能波动;量能动量;量能比,3,False
SH603768,11.6,0.25422338,0.30598159509202455,0.2586273006134969,0.816909509202454,0.3427914110429448,量能动量,1,False
SH603773,99.99,22.846792,0.9511119631901841,0.9622315950920245,0.7638036809815951,0.9246549079754601,量能水平;量能波动;量能比,3,False
SH603776,20.71,0.43334696,0.16583588957055215,0.41660276073619634,0.9649156441717791,0.8853527607361963,量能动量;量能比,2,False
SH603777,13.59,1.223678,0.5807131901840491,0.473159509202454,0.8978144171779141,0.6930598159509203,量能动量,1,False
SH603778,8.099999,6.720229,0.8761503067484663,0.9398006134969326,0.08991564417177914,0.6566334355828221,量能水平;量能波动,2,False
SH603779,8.12,1.3006237,0.4428680981595092,0.2469325153374233,0.6123466257668712,0.11598926380368098,,0,True
SH603786,36.8,0.7210668,0.4338573619631902,0.21050613496932516,0.4472776073619632,0.14877300613496933,,0,True
SH603787,10.400001,0.22247608,0.053297546012269936,0.04524539877300614,0.598542944785276,0.6163726993865031,,0,True
SH603790,24.87,0.6801608,0.16909509202453987,0.1602760736196319,0.8017638036809815,0.7615030674846626,量能动量,1,False
SH603797,5.1999993,0.48338953,0.22526840490797545,0.6823236196319018,0.9904141104294478,0.8667561349693251,量能动量;量能比,2,False
SH603798,14.31,0.6140804,0.1736963190184049,0.4990414110429448,0.9633819018404908,0.7793328220858896,量能动量,1,False
SH603799,34.14,13.786146,0.575920245398773,0.5506134969325154,0.5822469325153374,0.4978911042944785,,0,True
SH603800,54.0,2.7075024,0.41986196319018404,0.36483895705521474,0.7664877300613497,0.4929064417177914,,0,True
SH603801,6.11,0.9105797,0.6704371165644172,0.40605828220858897,0.7582438650306749,0.053297546012269936,,0,True
SH603803,11.11,2.6104717,0.9275306748466258,0.9915644171779141,0.9259969325153374,0.9039493865030674,量能水平;量能波动;量能动量;量能比,4,False
SH603806,13.7,2.6597657,0.5943251533742331,0.3521855828220859,0.31422546012269936,0.5563650306748467,,0,True
SH603808,8.87,0.26955146,0.2026457055214724,0.35429447852760737,0.7963957055214724,0.6719708588957055,,0,True
SH603809,8.500001,0.5043434,0.09969325153374232,0.06307515337423313,0.3953220858895706,0.3966641104294479,,0,True
SH603810,11.959999,0.23249523,0.18232361963190183,0.13228527607361965,0.6315184049079755,0.37921779141104295,,0,True
SH603811,6.89,0.3308691,0.05157208588957055,0.1794478527607362,0.6687116564417178,0.5414110429447853,,0,True
SH603813,25.890001,0.22268987,0.019938650306748466,0.032208588957055216,0.705329754601227,0.8105828220858896,量能比,1,False
SH603815,5.04,0.32913724,0.2567101226993865,0.209739263803681,0.6735046012269938,0.6173312883435583,,0,True
SH603816,22.25,1.5009842,0.5613496932515337,0.5828220858895705,0.33013803680981596,0.37576687116564417,,0,True
SH603817,5.77,0.7299256,0.4233128834355828,0.7925613496932515,0.964532208588957,0.9162193251533742,量能动量;量能比,2,False
SH603818,3.95,1.1254764,0.7707055214723927,0.8425996932515337,0.26016104294478526,0.8067484662576687,量能波动;量能比,2,False
SH603819,16.77,1.3760852,0.34087423312883436,0.4986579754601227,0.9353911042944786,0.8372315950920245,量能动量;量能比,2,False
SH603822,62.93,0.4399711,0.019363496932515337,0.04447852760736196,0.14838957055214724,0.0843558282208589,,0,True
SH603823,47.430004,11.894152,0.7256518404907976,0.7337039877300614,0.8209355828220859,0.79045245398773,量能动量,1,False
SH603826,15.41,2.2488575,0.3473926380368098,0.6796395705521472,0.973542944785276,0.9072085889570553,量能动量;量能比,2,False
SH603829,15.3,0.42152777,0.1236579754601227,0.19037576687116564,0.5383435582822086,0.5370015337423313,,0,True
SH603833,29.720001,0.944699,0.6558665644171779,0.754792944785276,0.7398389570552147,0.5950920245398773,,0,True
SH603836,9.48,0.27976713,0.28067484662576686,0.42254601226993865,0.4783358895705521,0.5423696319018405,,0,True
SH603838,12.789999,0.3637872,0.044670245398773005,0.08473926380368098,0.0977760736196319,0.16621932515337423,,0,True
SH603839,6.83,0.43499023,0.4913726993865031,0.3688650306748466,0.5563650306748467,0.15030674846625766,,0,True
SH603843,6.04,0.7919142,0.36848159509202455,0.486579754601227,0.7429064417177914,0.781058282208589,,0,True
SH603848,13.219999,0.34800813,0.11867331288343558,0.15375766871165644,0.42925613496932513,0.5201303680981595,,0,True
SH603855,17.06,0.29672742,0.029716257668711655,0.10122699386503067,0.9436349693251533,0.20072852760736196,量能动量,1,False
SH603856,11.62,0.270492,0.10621165644171779,0.19210122699386503,0.8495015337423313,0.35276073619631904,量能动量,1,False
SH603858,14.47,0.5967603,0.6930598159509203,0.5956671779141104,0.2540260736196319,0.526840490797546,,0,True
SH603859,38.38,2.2296739,0.24348159509202455,0.4121932515337423,0.4714340490797546,0.6955521472392638,,0,True
SH603860,26.279999,0.2843189,0.1021855828220859,0.07764570552147239,0.656058282208589,0.5015337423312883,,0,True
SH603861,10.709999,0.6003677,0.379601226993865,0.22392638036809817,0.4906058282208589,0.5440950920245399,,0,True
SH603863,11.789999,0.44130033,0.32016871165644173,0.3535276073619632,0.7120398773006135,0.7476993865030674,,0,True
SH603866,4.1899996,0.5540111,0.37653374233128833,0.2825920245398773,0.8985812883435583,0.7384969325153374,量能动量,1,False
SH603867,33.29,2.3396444,0.6336273006134969,0.6575920245398773,0.28412576687116564,0.817101226993865,量能比,1,False
SH603868,30.93,0.43663165,0.13190184049079753,0.29850460122699385,0.1286426380368098,0.692292944785276,,0,True
SH603871,11.96,1.293906,0.19075920245398773,0.27243098159509205,0.1602760736196319,0.4120015337423313,,0,True
SH603876,16.91,3.3016343,0.7436733128834356,0.8190184049079755,0.9518788343558282,0.4146855828220859,量能波动;量能动量,2,False
SH603878,4.83,0.47950593,0.3374233128834356,0.1401457055214724,0.7927530674846626,0.3370398773006135,,0,True
SH603879,4.8900003,0.37162936,0.1334355828220859,0.061733128834355826,0.5557898773006135,0.48466257668711654,,0,True
SH603880,8.72,1.0545857,0.3995398773006135,0.6108128834355828,0.010927914110429447,0.553489263803681,,0,True
SH603881,23.130001,5.2912645,0.410851226993865,0.6372699386503068,0.3387653374233129,0.7386886503067485,,0,True
SH603882,29.009998,2.2728412,0.4536042944785276,0.5239647239263804,0.26859662576687116,0.879409509202454,量能比,1,False
SH603883,13.01,1.3368973,0.5237730061349694,0.20743865030674846,0.392829754601227,0.2969708588957055,,0,True
SH603885,9.7699995,1.3579696,0.4438266871165644,0.4915644171779141,0.8786426380368099,0.64704754601227,量能动量,1,False
SH603886,12.47,0.6180741,0.27358128834355827,0.12787576687116564,0.7306365030674846,0.5970092024539877,,0,True
SH603887,8.349999,1.9538046,0.7118481595092024,0.5216641104294478,0.6451303680981595,0.07131901840490798,,0,True
SH603888,16.97,4.6692624,0.8541027607361963,0.9365414110429447,0.02530674846625767,0.8197852760736196,量能水平;量能波动;量能比,3,False
SH603889,5.95,0.58909506,0.10659509202453987,0.06690950920245399,0.18174846625766872,0.24233128834355827,,0,True
SH603890,14.920001,6.410557,0.9236963190184049,0.5101610429447853,0.5245398773006135,0.10793711656441718,量能水平,1,False
SH603893,211.28,27.22381,0.7662960122699386,0.9102760736196319,0.4890720858895706,0.8855444785276073,量能波动;量能比,2,False
SH603895,25.91,0.28504184,0.07553680981595091,0.12595858895705522,0.7689800613496932,0.268021472392638,,0,True
SH603896,14.790001,0.26283863,0.08416411042944785,0.4125766871165644,0.9461273006134969,0.8583205521472392,量能动量;量能比,2,False
SH603897,28.38,2.8483555,0.7480828220858896,0.7147239263803681,0.10927914110429447,0.1549079754601227,,0,True
SH603898,11.45,0.3445322,0.10256901840490798,0.39244631901840493,0.9564800613496932,0.834739263803681,量能动量;量能比,2,False
SH603899,21.789999,0.96966857,0.18155674846625766,0.10161042944785276,0.2705138036809816,0.05674846625766871,,0,True
SH603900,6.21,2.3450484,0.9254217791411042,0.7643788343558282,0.038918711656441715,0.024348159509202456,量能水平,1,False
SH603901,9.33,0.8645125,0.29141104294478526,0.19171779141104295,0.30099693251533743,0.15164877300613497,,0,True
SH603903,13.91,1.3890469,0.4072085889570552,0.7212423312883436,0.9817868098159509,0.9534125766871165,量能动量;量能比,2,False
SH603906,16.85,2.2274218,0.49003067484662577,0.21434049079754602,0.6853911042944786,0.1276840490797546,,0,True
SH603908,19.61,0.25207636,0.06096625766871166,0.16487730061349692,0.7712806748466258,0.7415644171779141,,0,True
SH603909,10.33,0.2591097,0.03949386503067485,0.37576687116564417,0.972967791411043,0.8287960122699386,量能动量;量能比,2,False
SH603912,9.04,1.8286452,0.5099693251533742,0.7423312883435583,0.736579754601227,0.6851993865030674,,0,True
SH603915,12.93,0.7092242,0.32266104294478526,0.08013803680981595,0.8238113496932515,0.48983895705521474,量能动量,1,False
SH603916,10.360001,0.87518066,0.47047546012269936,0.2526840490797546,0.2133819018404908,0.053489263803680985,,0,True
SH603917,14.03,0.5276204,0.325728527607362,0.5329754601226994,0.2973542944785276,0.7199003067484663,,0,True
SH603918,10.26,1.1468318,0.23504601226993865,0.46587423312883436,0.009777607361963191,0.7268021472392638,,0,True
SH603919,15.7699995,0.8846504,0.24904141104294478,0.3640720858895706,0.6848159509202454,0.5337423312883436,,0,True
SH603920,43.050003,13.804475,0.9298312883435583,0.8514187116564417,0.4936733128834356,0.7350460122699386,量能水平;量能波动,2,False
SH603926,17.009998,0.9078047,0.4578220858895706,0.2513420245398773,0.240989263803681,0.05866564417177914,,0,True
SH603927,13.429999,0.9076278,0.43922546012269936,0.42158742331288346,0.36138803680981596,0.4290644171779141,,0,True
SH603928,11.93,1.2669696,0.47565184049079756,0.3675230061349693,0.07802914110429447,0.3790260736196319,,0,True
SH603929,143.65001,5.479312,0.07879601226993865,0.16219325153374234,0.2651457055214724,0.4714340490797546,,0,True
SH603931,33.94,1.3584434,0.3726993865030675,0.2960122699386503,0.3807515337423313,0.495590490797546,,0,True
SH603933,18.880001,0.48825693,0.19612730061349692,0.3031058282208589,0.5324003067484663,0.7971625766871165,,0,True
SH603936,19.51,13.446638,0.9166027607361963,0.9244631901840491,0.47565184049079756,0.46108128834355827,量能水平;量能波动,2,False
SH603937,13.29,0.6968545,0.4409509202453988,0.9317484662576687,0.9961656441717791,0.9917561349693251,量能波动;量能动量;量能比,3,False
SH603938,44.06,13.099404,0.6901840490797546,0.566717791411043,0.308090490797546,0.43596625766871167,,0,True
SH603939,22.47,1.705413,0.1598926380368098,0.3427914110429448,0.5734279141104295,0.49942484662576686,,0,True
SH603948,18.989998,0.22950682,0.06575920245398773,0.23964723926380369,0.8427914110429447,0.7285276073619632,量能动量,1,False
SH603949,18.59,0.5067068,0.21932515337423314,0.8312883435582822,0.9976993865030674,0.9511119631901841,量能波动;量能动量;量能比,3,False
SH603950,52.500004,4.1404753,0.5828220858895705,0.473351226993865,0.030291411042944784,0.14838957055214724,,0,True
SH603955,24.61,0.65300006,0.28949386503067487,0.40241564417177916,0.8983895705521472,0.8286042944785276,量能动量;量能比,2,False
SH603956,6.7799997,1.4572773,0.7429064417177914,0.638420245398773,0.03987730061349693,0.42963957055214724,,0,True
SH603958,18.0,3.4547312,0.8186349693251533,0.8450920245398773,0.6434049079754601,0.42350460122699385,量能水平;量能波动,2,False
SH603959,4.22,0.31756207,0.1656441717791411,0.13803680981595093,0.10812883435582822,0.0692101226993865,,0,True
SH603960,17.24,1.5757928,0.22756901840490798,0.6008435582822086,0.062116564417177916,0.9353911042944786,量能比,1,False
SH603966,7.3399997,0.5189955,0.08780674846625768,0.18098159509202455,0.8009969325153374,0.6533742331288344,量能动量,1,False
SH603967,11.57,0.25244507,0.13151840490797545,0.0665260736196319,0.5130368098159509,0.18424079754601227,,0,True
SH603968,11.63,0.362428,0.21242331288343558,0.6524156441717791,0.9873466257668712,0.9516871165644172,量能动量;量能比,2,False
SH603969,7.18,0.72213674,0.22392638036809817,0.1031441717791411,0.7940950920245399,0.3138420245398773,,0,True
SH603970,11.86,0.6524111,0.254409509202454,0.8266871165644172,0.9975076687116564,0.8734662576687117,量能波动;量能动量;量能比,3,False
SH603976,29.6,2.3203888,0.5605828220858896,0.5067101226993865,0.17925613496932516,0.25690184049079756,,0,True
SH603977,10.799999,0.71128744,0.12039877300613497,0.09125766871165644,0.6771472392638037,0.1972776073619632,,0,True
SH603978,26.77,4.3738675,0.9263803680981595,0.8907208588957055,0.5304831288343558,0.6913343558282209,量能水平;量能波动,2,False
SH603979,71.10999,5.07033,0.5646088957055214,0.28201687116564417,0.3544861963190184,0.06959355828220859,,0,True
SH603980,8.04,5.155739,0.9850460122699386,0.9275306748466258,0.13458588957055215,0.2523006134969325,量能水平;量能波动,2,False
SH603982,6.33,0.33357075,0.46683282208588955,0.14225460122699388,0.18098159509202455,0.30463957055214724,,0,True
SH603983,30.1,1.8259395,0.7254601226993865,0.5718941717791411,0.33378067484662577,0.29716257668711654,,0,True
SH603985,15.98,1.4796245,0.4520705521472393,0.450920245398773,0.47661042944785276,0.4520705521472393,,0,True
SH603986,358.51,112.28592,0.754409509202454,0.8111579754601227,0.22833588957055215,0.714340490797546,量能波动,1,False
SH603987,7.47,0.25088233,0.06729294478527607,0.28105828220858897,0.9212039877300614,0.8385736196319018,量能动量;量能比,2,False
SH603988,16.94,0.7121941,0.10391104294478527,0.05272239263803681,0.6995782208588958,0.1875,,0,True
SH603989,28.039999,11.961078,0.9386503067484663,0.8443251533742331,0.18711656441717792,0.12212423312883436,量能水平;量能波动,2,False
SH603990,18.990002,3.0501728,0.4219708588957055,0.6462806748466258,0.4871549079754601,0.7444401840490797,,0,True
SH603991,172.0,7.1666565,0.4027990797546012,0.4181365030674847,0.7818251533742331,0.7636119631901841,,0,True
SH603992,19.369999,0.6771148,0.3686733128834356,0.2751150306748466,0.7440567484662577,0.27933282208588955,,0,True
SH603993,16.83,28.10324,0.9233128834355828,0.7555598159509203,0.4447852760736196,0.32649539877300615,量能水平,1,False
SH603995,25.05,1.095173,0.4978911042944785,0.4639570552147239,0.31307515337423314,0.46088957055214724,,0,True
SH603997,13.65,3.2069552,0.7459739263803681,0.8909125766871165,0.8673312883435583,0.932707055214724,量能波动;量能动量;量能比,3,False
SH603998,10.36,1.208518,0.31671779141104295,0.37327453987730064,0.23830521472392638,0.2630368098159509,,0,True
SH603999,6.3499994,1.6195385,0.6800230061349694,0.625,0.30233895705521474,0.5883819018404908,,0,True
SH605001,5.78,0.4365937,0.6307515337423313,0.43596625766871167,0.11177147239263803,0.06096625766871166,,0,True
SH605003,24.859999,0.32687104,0.20111196319018404,0.18999233128834356,0.25690184049079756,0.6085122699386503,,0,True
SH605006,14.46,11.147808,0.8713573619631901,0.7496165644171779,0.1044861963190184,0.1303680981595092,量能水平,1,False
SH605007,14.52,0.61078614,0.34183282208588955,0.263228527607362,0.5423696319018405,0.2687883435582822,,0,True
SH605008,13.749999,0.55311805,0.24674079754601227,0.5613496932515337,0.8819018404907976,0.5603911042944786,量能动量,1,False
SH605009,25.05,0.2839691,0.2459739263803681,0.2607361963190184,0.19171779141104295,0.6006518404907976,,0,True
SH605011,17.36,2.0232139,0.5509969325153374,0.48849693251533743,0.1794478527607362,0.19631901840490798,,0,True
SH605016,21.03,1.0576457,0.15740030674846625,0.20379601226993865,0.825920245398773,0.14033742331288343,量能动量,1,False
SH605018,12.08,0.5243451,0.35601993865030673,0.8422162576687117,0.9978911042944786,0.9837039877300614,量能波动;量能动量;量能比,3,False
SH605020,30.150002,2.5254812,0.33550613496932513,0.25287576687116564,0.7576687116564417,0.3312883435582822,,0,True
SH605028,24.1,0.34576437,0.10927914110429447,0.3861196319018405,0.8590874233128835,0.8546779141104295,量能动量;量能比,2,False
SH605033,19.449999,0.7400914,0.4129601226993865,0.6023773006134969,0.3893788343558282,0.2540260736196319,,0,True
SH605055,8.69,0.39759353,0.1491564417177914,0.07170245398773006,0.5030674846625767,0.5147622699386503,,0,True
SH605056,13.490001,0.8202719,0.5876150306748467,0.8521855828220859,0.6351610429447853,0.9580138036809815,量能波动;量能比,2,False
SH605058,54.18,5.326765,0.8596625766871165,0.9629984662576687,0.0011503067484662577,0.9582055214723927,量能水平;量能波动;量能比,3,False
SH605060,37.920002,1.312678,0.4223542944785276,0.5180214723926381,0.6228911042944786,0.6894171779141104,,0,True
SH605066,6.5899997,0.38837993,0.35410276073619634,0.4606978527607362,0.3464340490797546,0.41851993865030673,,0,True
SH605068,20.35,1.5347174,0.8280291411042945,0.8767254601226994,0.5009585889570553,0.535659509202454,量能水平;量能波动,2,False
SH605069,11.63,1.2583803,0.754601226993865,0.745398773006135,0.13190184049079753,0.8773006134969326,量能比,1,False
SH605077,11.459999,1.779349,0.9087423312883436,0.8134585889570553,0.20034509202453987,0.17177914110429449,量能水平;量能波动,2,False
SH605080,23.680002,0.42143527,0.3592791411042945,0.48370398773006135,0.9321319018404908,0.2574769938650307,量能动量,1,False
SH605086,22.92,0.26884854,0.032208588957055216,0.030866564417177913,0.7595858895705522,0.33953220858895705,,0,True
SH605088,24.44,3.2551415,0.8600460122699386,0.8995398773006135,0.08013803680981595,0.7829754601226994,量能水平;量能波动,2,False
SH605089,22.0,0.31767803,0.23734662576687116,0.47756901840490795,0.9505368098159509,0.450728527607362,量能动量,1,False
SH605090,30.949999,2.3397646,0.7797162576687117,0.5925996932515337,0.39398006134969327,0.3736579754601227,,0,True
SH605098,53.049995,0.463928,0.062116564417177916,0.08991564417177914,0.06690950920245399,0.35774539877300615,,0,True
SH605099,27.97,0.41072747,0.13286042944785276,0.09394171779141104,0.36809815950920244,0.17446319018404907,,0,True
SH605100,33.550003,1.4120908,0.4835122699386503,0.22507668711656442,0.3309049079754601,0.4723926380368098,,0,True
SH605108,12.05,0.4456984,0.38631134969325154,0.3172929447852761,0.23006134969325154,0.1911426380368098,,0,True
SH605111,56.79,7.467304,0.553680981595092,0.5732361963190185,0.046012269938650305,0.7661042944785276,,0,True
SH605116,19.550001,0.3521849,0.07802914110429447,0.1888420245398773,0.04850460122699386,0.6119631901840491,,0,True
SH605117,77.77,10.550645,0.48236196319018404,0.6869248466257669,0.9198619631901841,0.7843174846625767,量能动量,1,False
SH605118,31.75,2.291227,0.5074769938650306,0.5130368098159509,0.7887269938650306,0.3031058282208589,,0,True
SH605122,12.259999,0.29814827,0.5795628834355828,0.5952837423312883,0.9144938650306749,0.821510736196319,量能动量;量能比,2,False
SH605123,78.2,1.26157,0.4102760736196319,0.4442101226993865,0.4146855828220859,0.48504601226993865,,0,True
SH605128,22.850002,1.0776075,0.26150306748466257,0.47162576687116564,0.4438266871165644,0.5613496932515337,,0,True
SH605133,24.26,1.167017,0.5841641104294478,0.2630368098159509,0.32975460122699385,0.6942101226993865,,0,True
SH605136,8.74,0.7162259,0.692292944785276,0.9227377300613497,0.9848542944785276,0.6898006134969326,量能波动;量能动量,2,False
SH605138,6.1000004,0.31586555,0.4340490797546012,0.17829754601226994,0.7091641104294478,0.0705521472392638,,0,True
SH605151,18.7,0.29708302,0.18903374233128833,0.05924079754601227,0.46798312883435583,0.23332055214723926,,0,True
SH605155,14.459999,0.2920535,0.14743098159509202,0.1374616564417178,0.6752300613496932,0.3374233128834356,,0,True
SH605158,7.81,0.44367996,0.29390337423312884,0.19344325153374234,0.8788343558282209,0.30598159509202455,量能动量,1,False
SH605162,12.06,4.941593,0.8995398773006135,0.7950536809815951,0.10084355828220859,0.325920245398773,量能水平,1,False
SH605166,8.45,0.40500808,0.25881901840490795,0.4578220858895706,0.8402990797546013,0.531058282208589,量能动量,1,False
SH605167,15.699999,1.3591397,0.36138803680981596,0.09720092024539877,0.35601993865030673,0.08454754601226994,,0,True
SH605168,50.24,4.148117,0.7944785276073619,0.7436733128834356,0.20111196319018404,0.32841257668711654,,0,True
SH605169,13.24,0.5483462,0.401648773006135,0.4378834355828221,0.8531441717791411,0.2929447852760736,量能动量,1,False
SH605177,25.87,2.430738,0.9346242331288344,0.830329754601227,0.1875,0.2848926380368098,量能水平;量能波动,2,False
SH605178,64.5,2.4310567,0.8272622699386503,0.9081671779141104,0.4570552147239264,0.8863113496932515,量能水平;量能波动;量能比,3,False
SH605179,23.42,5.949812,0.8642638036809815,0.9133435582822086,0.6288343558282209,0.830329754601227,量能水平;量能波动;量能比,3,False
SH605180,14.120001,0.3720972,0.30214723926380366,0.6763803680981595,0.9093174846625767,0.9718174846625767,量能动量;量能比,2,False
SH605183,16.24,0.4421778,0.3159509202453988,0.27108895705521474,0.12116564417177914,0.17197085889570551,,0,True
SH605186,24.829998,0.45255625,0.1959355828220859,0.5341257668711656,0.8976226993865031,0.865989263803681,量能动量;量能比,2,False
SH605188,12.55,3.5274215,0.7377300613496932,0.7480828220858896,0.03680981595092025,0.03508435582822086,,0,True
SH605189,13.85,1.0101494,0.6411042944785276,0.5615414110429447,0.388420245398773,0.4074003067484663,,0,True
SH605196,33.920002,4.3970194,0.5454371165644172,0.7166411042944786,0.9148773006134969,0.8757668711656442,量能动量;量能比,2,False
SH605198,59.709995,3.680634,0.33819018404907975,0.5335506134969326,0.8291794478527608,0.8955138036809815,量能动量;量能比,2,False
SH605208,14.28,1.060882,0.47756901840490795,0.5904907975460123,0.6955521472392638,0.7655291411042945,,0,True
SH605218,13.940001,0.81380934,0.5189800613496932,0.9049079754601227,0.8149923312883436,0.9716257668711656,量能波动;量能动量;量能比,3,False
SH605222,21.52,1.8570963,0.8065567484662577,0.6543328220858896,0.27703220858895705,0.11483895705521473,量能水平,1,False
SH605228,11.12,0.46926707,0.19900306748466257,0.5074769938650306,0.7080138036809815,0.8425996932515337,量能比,1,False
SH605255,55.100002,0.36221936,0.011311349693251534,0.007093558282208589,0.6781058282208589,0.7582438650306749,,0,True
SH605258,40.01,2.5328333,0.8310966257668712,0.9050996932515337,0.5998849693251533,0.8592791411042945,量能水平;量能波动;量能比,3,False
SH605266,15.8,0.2367014,0.3027223926380368,0.2787576687116564,0.5718941717791411,0.45130368098159507,,0,True
SH605268,10.17,0.44177577,0.3692484662576687,0.8763420245398773,0.9833205521472392,0.9881134969325154,量能波动;量能动量;量能比,3,False
SH605277,16.67,3.1475854,0.6991947852760736,0.441909509202454,0.25651840490797545,0.03565950920245399,,0,True
SH605286,24.230001,0.9333828,0.4727760736196319,0.43558282208588955,0.23408742331288343,0.16391871165644173,,0,True
SH605287,32.879997,1.3675834,0.6223159509202454,0.5287576687116564,0.8771088957055214,0.0571319018404908,量能动量,1,False
SH605288,67.79,1.6366599,0.7197085889570553,0.5586656441717791,0.3161426380368098,0.40452453987730064,,0,True
SH605289,94.99999,2.6848662,0.36464723926380366,0.4135352760736196,0.07227760736196319,0.4484279141104294,,0,True
SH605296,31.47,1.3741947,0.7787576687116564,0.9424846625766872,0.968941717791411,0.777032208588957,量能波动;量能动量,2,False
SH605298,42.15,0.320632,0.009585889570552147,0.0977760736196319,0.8734662576687117,0.6865414110429447,量能动量,1,False
SH605299,12.299999,2.041306,0.69670245398773,0.4158358895705521,0.6842407975460123,0.061541411042944784,,0,True
SH605300,10.18,1.0297047,0.7126150306748467,0.5538726993865031,0.31633435582822084,0.027032208588957055,,0,True
SH605305,29.88,1.1838098,0.5684432515337423,0.3464340490797546,0.26763803680981596,0.1976610429447853,,0,True
SH605318,71.350006,0.74048805,0.05118865030674847,0.04984662576687116,0.4325153374233129,0.6710122699386503,,0,True
SH605319,22.05,1.2016194,0.330329754601227,0.4710506134969325,0.1526073619631902,0.47392638036809814,,0,True
SH605333,16.4,0.4918199,0.0853144171779141,0.03872699386503067,0.4279141104294479,0.16679447852760737,,0,True
SH605337,9.04,0.2982926,0.16449386503067484,0.18021472392638035,0.6332438650306749,0.27741564417177916,,0,True
SH605338,17.64,0.34446853,0.1549079754601227,0.22737730061349692,0.20015337423312884,0.3987730061349693,,0,True
SH605339,13.280001,0.23687978,0.2375383435582822,0.22335122699386503,0.8968558282208589,0.19267638036809817,量能动量,1,False
SH605358,45.670002,15.096655,0.7223926380368099,0.8270705521472392,0.6903757668711656,0.9026073619631901,量能波动;量能比,2,False
SH605365,14.67,1.5079528,0.8188266871165644,0.7160659509202454,0.5724693251533742,0.15740030674846625,量能水平,1,False
SH605366,10.139999,2.5306072,0.8086656441717791,0.977760736196319,0.9919478527607362,0.9704754601226994,量能水平;量能波动;量能动量;量能比,4,False
SH605368,6.6400003,0.2777251,0.2695552147239264,0.09739263803680982,0.24137269938650308,0.09854294478527607,,0,True
SH605369,18.06,0.31268525,0.13899539877300612,0.29754601226993865,0.4852377300613497,0.7436733128834356,,0,True
SH605376,119.97,16.427162,0.7799079754601227,0.7835506134969326,0.6399539877300614,0.8339723926380368,量能比,1,False
SH605377,7.8499994,0.47877172,0.2852760736196319,0.40567484662576686,0.32170245398773006,0.2628450920245399,,0,True
SH605378,15.349999,0.50388354,0.23044478527607362,0.5253067484662577,0.7636119631901841,0.8880368098159509,量能比,1,False
SH605388,6.1099997,0.58054775,0.6420628834355828,0.8287960122699386,0.847967791411043,0.7534509202453987,量能波动;量能动量,2,False
SH605389,61.31,0.5721604,0.11100460122699386,0.1660276073619632,0.3065567484662577,0.3477760736196319,,0,True
SH605398,22.189999,1.7156925,0.6890337423312883,0.6978527607361963,0.8698236196319018,0.6480061349693251,量能动量,1,False
SH605399,11.8,0.38015845,0.1976610429447853,0.5444785276073619,0.9835122699386503,0.6662193251533742,量能动量,1,False
SH605488,29.68,2.4234478,0.6113880368098159,0.803680981595092,0.8387653374233128,0.7486579754601227,量能波动;量能动量,2,False
SH605499,111.12,4.591071,0.6938266871165644,0.6397622699386503,0.21319018404907975,0.20552147239263804,,0,True
SH605500,7.37,0.28729868,0.2799079754601227,0.16123466257668712,0.4129601226993865,0.25881901840490795,,0,True
SH605507,18.320002,1.7730132,0.8776840490797546,0.8958972392638037,0.05406441717791411,0.7791411042944786,量能水平;量能波动,2,False
SH605555,12.750001,0.5464862,0.4192868098159509,0.8048312883435583,0.9227377300613497,0.9079754601226994,量能波动;量能动量;量能比,3,False
SH605566,32.01,1.7604961,0.8203604294478528,0.8333972392638037,0.8295628834355828,0.8813266871165644,量能水平;量能波动;量能动量;量能比,4,False
SH605567,9.459999,0.5435834,0.5515720858895705,0.4856211656441718,0.8767254601226994,0.1263420245398773,量能动量,1,False
SH605580,21.33,3.934409,0.6539493865030674,0.5393021472392638,0.4027990797546012,0.236579754601227,,0,True
SH605588,44.92,0.47257793,0.23600460122699388,0.3425996932515337,0.4804447852760736,0.7781825153374233,,0,True
SH605589,36.07,11.401326,0.9863880368098159,0.8753834355828221,0.43596625766871167,0.7108895705521472,量能水平;量能波动,2,False
SH605598,23.61,0.5981086,0.17925613496932516,0.1286426380368098,0.6664110429447853,0.5141871165644172,,0,True
SH605599,13.31,0.91531914,0.4624233128834356,0.32304447852760737,0.8523773006134969,0.21261503067484663,量能动量,1,False
SH688001,61.82,8.456554,0.9754601226993865,0.8519938650306749,0.4700920245398773,0.5262653374233128,量能水平;量能波动,2,False
SH688002,175.66,19.084179,0.950920245398773,0.8011886503067485,0.5816717791411042,0.15011503067484663,量能水平;量能波动,2,False
SH688003,74.689995,3.165807,0.7549846625766872,0.5170628834355828,0.30866564417177916,0.3652223926380368,,0,True
SH688004,30.659998,2.468642,0.9737346625766872,0.9745015337423313,0.30118865030674846,0.9432515337423313,量能水平;量能波动;量能比,3,False
SH688005,22.44,1.991922,0.8519938650306749,0.6840490797546013,0.6117714723926381,0.3868865030674847,量能水平,1,False
SH688006,19.88,1.4931185,0.8523773006134969,0.3602377300613497,0.6018021472392638,0.26495398773006135,量能水平,1,False
SH688007,10.62,0.7005557,0.839340490797546,0.9695168711656442,0.5676763803680982,0.9697085889570553,量能水平;量能波动;量能比,3,False
SH688008,208.6,64.705,0.9982745398773006,0.999808282208589,0.38726993865030673,0.8412576687116564,量能水平;量能波动;量能比,3,False
SH688009,4.66,1.1436571,0.825920245398773,0.6313266871165644,0.4371165644171779,0.1334355828220859,量能水平,1,False
SH688010,27.46,1.2768486,0.8061733128834356,0.8153757668711656,0.6809815950920245,0.7367714723926381,量能水平;量能波动,2,False
SH688011,60.5,1.9146473,0.7540260736196319,0.5770705521472392,0.8420245398773006,0.8809432515337423,量能动量;量能比,2,False
SH688012,324.5,46.428665,0.9764187116564417,0.9436349693251533,0.21875,0.43424079754601225,量能水平;量能波动,2,False
SH688013,24.85,0.308812,0.27818251533742333,0.26725460122699385,0.8282208588957055,0.8692484662576687,量能动量;量能比,2,False
SH688015,16.68,0.21218216,0.2624616564417178,0.11100460122699386,0.7070552147239264,0.6123466257668712,,0,True
SH688016,84.33,0.8954996,0.5826303680981595,0.34202453987730064,0.5615414110429447,0.330329754601227,,0,True
SH688017,274.62,14.667625,0.8057898773006135,0.6844325153374233,0.2800996932515337,0.46223159509202455,量能水平,1,False
SH688018,115.700005,5.370878,0.8063650306748467,0.9547546012269938,0.10295245398773006,0.8585122699386503,量能水平;量能波动;量能比,3,False
SH688019,214.9,10.291192,0.8146088957055214,0.7440567484662577,0.3675230061349693,0.5040260736196319,量能水平,1,False
SH688020,136.28,7.990727,0.9562883435582822,0.8447085889570553,0.18634969325153375,0.1660276073619632,量能水平;量能波动,2,False
SH688021,19.92,0.2759053,0.2749233128834356,0.1790644171779141,0.32841257668711654,0.5385352760736196,,0,True
SH688023,48.01,2.074523,0.8677147239263804,0.9033742331288344,0.897239263803681,0.7873849693251533,量能水平;量能波动;量能动量,3,False
SH688025,397.02,12.566046,0.7511503067484663,0.7074386503067485,0.47296779141104295,0.5973926380368099,,0,True
SH688026,25.24,2.2552123,0.9095092024539877,0.9536042944785276,0.9361579754601227,0.8914877300613497,量能水平;量能波动;量能动量;量能比,4,False
SH688027,341.75,4.891684,0.9468941717791411,0.9944401840490797,0.8069401840490797,0.9265720858895705,量能水平;量能波动;量能动量;量能比,4,False
SH688028,119.50001,12.157616,0.9183282208588958,0.7007285276073619,0.4842791411042945,0.6359279141104295,量能水平,1,False
SH688029,82.090004,1.8961676,0.7559432515337423,0.8824769938650306,0.6913343558282209,0.7014953987730062,量能波动,1,False
SH688030,18.98,0.7873048,0.7875766871165644,0.7062883435582822,0.44075920245398775,0.6970858895705522,,0,True
SH688031,89.45,7.080245,0.9484279141104295,0.910659509202454,0.651648773006135,0.3245782208588957,量能水平;量能波动,2,False
SH688032,66.42,0.57506645,0.7616947852760736,0.7687883435582822,0.9183282208588958,0.19171779141104295,量能动量,1,False
SH688033,7.15,0.38720793,0.8100076687116564,0.7601610429447853,0.32783742331288346,0.09566717791411043,量能水平,1,False
SH688035,76.0,5.559214,0.9582055214723927,0.8548696319018405,0.683282208588957,0.7956288343558282,量能水平;量能波动,2,False
SH688036,53.72,4.98748,0.8880368098159509,0.9361579754601227,0.8013803680981595,0.7509585889570553,量能水平;量能波动;量能动量,3,False
SH688037,340.18002,13.121861,0.6257668711656442,0.5768788343558282,0.26399539877300615,0.3968558282208589,,0,True
SH688038,19.15,0.313128,0.32630368098159507,0.32879601226993865,0.7214340490797546,0.6579754601226994,,0,True
SH688039,32.0,1.1025239,0.7572852760736196,0.6706288343558282,0.09566717791411043,0.08819018404907976,,0,True
SH688041,240.5,44.87763,0.9915644171779141,0.9963573619631901,0.18309049079754602,0.8378067484662577,量能水平;量能波动;量能比,3,False
SH688045,56.95,1.0080916,0.6123466257668712,0.5019171779141104,0.7662960122699386,0.5920245398773006,,0,True
SH688046,35.059998,3.5103924,0.7708972392638037,0.6957438650306749,0.15720858895705522,0.7252684049079755,,0,True
SH688047,99.909996,3.7154746,0.8916794478527608,0.9651073619631901,0.5325920245398773,0.8669478527607362,量能水平;量能波动;量能比,3,False
SH688048,289.78998,31.03999,0.9629984662576687,0.9668328220858896,0.5661426380368099,0.6307515337423313,量能水平;量能波动,2,False
SH688049,45.45,3.1108692,0.9248466257668712,0.9812116564417178,0.571319018404908,0.9313650306748467,量能水平;量能波动;量能比,3,False
SH688050,38.31,0.7474452,0.8418328220858896,0.803489263803681,0.3916794478527607,0.7530674846625767,量能水平;量能波动,2,False
SH688051,24.42,0.4676743,0.8115414110429447,0.8633052147239264,0.13420245398773006,0.8178680981595092,量能水平;量能波动;量能比,3,False
SH688052,246.15,5.3800526,0.9258052147239264,0.8830521472392638,0.36273006134969327,0.5753450920245399,量能水平;量能波动,2,False
SH688053,37.94,0.24329484,0.178489263803681,0.15816717791411042,0.20993098159509202,0.49827453987730064,,0,True
SH688055,3.6,0.29479215,0.4817868098159509,0.23140337423312884,0.6886503067484663,0.5657592024539877,,0,True
SH688056,51.89,0.68436784,0.39723926380368096,0.8738496932515337,0.9867714723926381,0.9900306748466258,量能波动;量能动量;量能比,3,False
SH688057,18.53,0.84017354,0.7289110429447853,0.857170245398773,0.8951303680981595,0.8962806748466258,量能波动;量能动量;量能比,3,False
SH688058,25.509998,0.29505473,0.37806748466257667,0.48504601226993865,0.7825920245398773,0.5473542944785276,,0,True
SH688059,83.299995,3.1818457,0.6046779141104295,0.6209739263803681,0.4831288343558282,0.5469708588957055,,0,True
SH688061,44.5,1.5547383,0.8015720858895705,0.7804831288343558,0.2624616564417178,0.24654907975460122,量能水平,1,False
SH688062,26.0,1.7790979,0.7337039877300614,0.7653374233128835,0.1754217791411043,0.7396472392638037,,0,True
SH688063,39.22,1.765185,0.9725843558282209,0.924079754601227,0.6079371165644172,0.5644171779141104,量能水平;量能波动,2,False
SH688065,38.149998,1.8468041,0.9491947852760736,0.8054064417177914,0.1549079754601227,0.24846625766871167,量能水平;量能波动,2,False
SH688066,8.29,0.79379344,0.8847776073619632,0.9313650306748467,0.8261119631901841,0.9263803680981595,量能水平;量能波动;量能动量;量能比,4,False
SH688067,24.039999,0.24065007,0.22200920245398773,0.16947852760736196,0.8195935582822086,0.536042944785276,量能动量,1,False
SH688068,89.65,2.0862856,0.5862730061349694,0.7939033742331288,0.1643021472392638,0.8721242331288344,量能比,1,False
SH688069,34.929996,0.84985065,0.4879217791411043,0.740989263803681,0.9179447852760736,0.8895705521472392,量能动量;量能比,2,False
SH688070,35.27,0.59056467,0.5485046012269938,0.5720858895705522,0.473159509202454,0.8617714723926381,量能比,1,False
SH688071,35.26,0.70879465,0.5341257668711656,0.647430981595092,0.6736963190184049,0.8498849693251533,量能比,1,False
SH688072,653.80005,28.844446,0.7649539877300614,0.6033358895705522,0.4001150306748466,0.5924079754601227,,0,True
SH688073,73.909996,3.2445076,0.8111579754601227,0.7490414110429447,0.14992331288343558,0.8011886503067485,量能水平;量能比,2,False
SH688076,28.92,0.55719805,0.5872315950920245,0.5918328220858896,0.5381518404907976,0.7624616564417178,,0,True
SH688077,26.560001,0.6454159,0.5601993865030674,0.7662960122699386,0.8909125766871165,0.9633819018404908,量能动量;量能比,2,False
SH688078,30.34,0.49222192,0.5032592024539877,0.5531058282208589,0.09259969325153375,0.741180981595092,,0,True
SH688079,17.03,2.5054238,0.919670245398773,0.9593558282208589,0.6988113496932515,0.9570552147239264,量能水平;量能波动;量能比,3,False
SH688080,36.77,0.33271033,0.5063266871165644,0.6014187116564417,0.5925996932515337,0.6623849693251533,,0,True
SH688081,25.310001,0.44169,0.39091257668711654,0.40471625766871167,0.43424079754601225,0.22488496932515337,,0,True
SH688082,286.01,11.508852,0.9501533742331288,0.9727760736196319,0.6198236196319018,0.8165260736196319,量能水平;量能波动;量能比,3,False
SH688083,50.9,0.8771728,0.839148773006135,0.6733128834355828,0.5218558282208589,0.1995782208588957,量能水平,1,False
SH688084,41.3,0.70608014,0.6773389570552147,0.3473926380368098,0.5663343558282209,0.11196319018404909,,0,True
SH688085,13.150001,0.30625767,0.3291794478527607,0.1370782208588957,0.7835506134969326,0.7245015337423313,,0,True
SH688087,32.3,0.60143155,0.5456288343558282,0.6863496932515337,0.8088573619631901,0.7175996932515337,量能动量,1,False
SH688088,28.840002,1.1840677,0.8387653374233128,0.8441334355828221,0.5235812883435583,0.5807131901840491,量能水平;量能波动,2,False
SH688090,78.380005,6.5906515,0.9066334355828221,0.933282208588957,0.08895705521472393,0.5387269938650306,量能水平;量能波动,2,False
SH688091,39.29,0.96040624,0.3807515337423313,0.5348926380368099,0.7258435582822086,0.8322469325153374,量能比,1,False
SH688093,21.980001,0.42916852,0.1995782208588957,0.2896855828220859,0.8546779141104295,0.7638036809815951,量能动量,1,False
SH688095,55.49,1.7785938,0.942292944785276,0.9557131901840491,0.33857361963190186,0.5097776073619632,量能水平;量能波动,2,False
SH688096,7.2000003,0.570304,0.5780291411042945,0.5199386503067485,0.42158742331288346,0.45954754601226994,,0,True
SH688097,41.820004,2.4652834,0.6138803680981595,0.18309049079754602,0.25172546012269936,0.5289493865030674,,0,True
SH688098,8.34,0.23233168,0.5695935582822086,0.7927530674846626,0.3458588957055215,0.9428680981595092,量能比,1,False
SH688099,88.27,7.5262523,0.9923312883435583,0.9929064417177914,0.5345092024539877,0.7891104294478528,量能水平;量能波动,2,False
SH688100,24.359999,0.54081887,0.49175613496932513,0.21855828220858894,0.4735429447852761,0.25920245398773006,,0,True
SH688101,14.090001,0.25712702,0.26629601226993865,0.22967791411042945,0.7164493865030674,0.6574003067484663,,0,True
SH688102,29.42,3.1781104,0.6048696319018405,0.7225843558282209,0.4848542944785276,0.7333205521472392,,0,True
SH688103,79.05,1.5095094,0.6970858895705522,0.7507668711656442,0.7868098159509203,0.8144171779141104,量能比,1,False
SH688105,25.799997,2.8881383,0.9789110429447853,0.9967407975460123,0.45609662576687116,0.9616564417177914,量能水平;量能波动;量能比,3,False
SH688106,25.41,4.2669005,0.9606978527607362,0.8634969325153374,0.06000766871165644,0.26399539877300615,量能水平;量能波动,2,False
SH688107,29.33,1.6593119,0.9204371165644172,0.7958205521472392,0.6192484662576687,0.5481211656441718,量能水平,1,False
SH688108,14.780001,1.1289399,0.7210506134969326,0.7085889570552147,0.28105828220858897,0.7174079754601227,,0,True
SH688109,68.42999,0.503598,0.23581288343558282,0.2862346625766871,0.3496932515337423,0.651648773006135,,0,True
SH688110,116.75,16.04084,0.9679831288343558,0.9321319018404908,0.4375,0.5525306748466258,量能水平;量能波动,2,False
SH688111,222.0,11.345207,0.9631901840490797,0.9670245398773006,0.2731978527607362,0.48964723926380366,量能水平;量能波动,2,False
SH688112,102.659996,5.292227,0.9200536809815951,0.9384585889570553,0.9576303680981595,0.9896472392638037,量能水平;量能波动;量能动量;量能比,4,False
SH688113,37.739998,0.23757568,0.2553680981595092,0.4495782208588957,0.9217791411042945,0.870398773006135,量能动量;量能比,2,False
SH688114,72.84,5.796247,0.9848542944785276,0.9802530674846626,0.11100460122699386,0.8054064417177914,量能水平;量能波动;量能比,3,False
SH688115,61.64,1.4553549,0.4927147239263804,0.4530291411042945,0.714532208588957,0.9043328220858896,量能比,1,False
SH688116,32.260002,1.95412,0.7848926380368099,0.6184815950920245,0.7843174846625767,0.32036042944785276,,0,True
SH688117,17.92,1.7709126,0.7772239263803681,0.9879217791411042,0.8865030674846626,0.9938650306748467,量能波动;量能动量;量能比,3,False
SH688118,19.76,0.4459029,0.5316334355828221,0.5086273006134969,0.3797929447852761,0.4244631901840491,,0,True
SH688119,3.77,0.33161247,0.5968174846625767,0.3556365030674847,0.6583588957055214,0.6121549079754601,,0,True
SH688120,234.24002,19.411982,0.9120015337423313,0.9160276073619632,0.11138803680981595,0.5876150306748467,量能水平;量能波动,2,False
SH688122,49.440002,4.187433,0.879217791411043,0.8774923312883436,0.71875,0.7312116564417178,量能水平;量能波动,2,False
SH688123,153.86,11.8400755,0.9430598159509203,0.9810199386503068,0.6355444785276073,0.901457055214724,量能水平;量能波动;量能比,3,False
SH688125,113.4,1.0473336,0.2254601226993865,0.24980828220858894,0.682707055214724,0.6140720858895705,,0,True
SH688126,23.83,11.463884,0.9536042944785276,0.9039493865030674,0.38554447852760737,0.7507668711656442,量能水平;量能波动,2,False
SH688127,61.059998,6.272905,0.8851610429447853,0.7837423312883436,0.4603144171779141,0.6388036809815951,量能水平,1,False
SH688128,21.659998,0.3465233,0.21357361963190183,0.09681748466257668,0.7802914110429447,0.495398773006135,,0,True
SH688129,22.65,0.2658976,0.21779141104294478,0.4543711656441718,0.9085506134969326,0.8995398773006135,量能动量;量能比,2,False
SH688130,26.29,0.5060118,0.4120015337423313,0.4614647239263804,0.2716641104294479,0.8663726993865031,量能比,1,False
SH688131,100.479996,4.25082,0.9455521472392638,0.9794861963190185,0.45111196319018404,0.910659509202454,量能水平;量能波动;量能比,3,False
SH688132,16.17,0.47777092,0.4629984662576687,0.19497699386503067,0.1357361963190184,0.10525306748466258,,0,True
SH688133,21.630001,1.0602185,0.7400306748466258,0.79045245398773,0.7273773006134969,0.8475843558282209,量能比,1,False
SH688135,37.670002,6.85447,0.9817868098159509,0.9925230061349694,0.307898773006135,0.7954371165644172,量能水平;量能波动,2,False
SH688136,22.929998,1.5732803,0.8686733128834356,0.9660659509202454,0.41660276073619634,0.9589723926380368,量能水平;量能波动;量能比,3,False
SH688137,128.08,7.214368,0.9608895705521472,0.9175613496932515,0.3604294478527607,0.7929447852760736,量能水平;量能波动,2,False
SH688138,37.48,3.1322932,0.7260352760736196,0.8284125766871165,0.5258819018404908,0.786042944785276,量能波动,1,False
SH688139,34.8,1.2968556,0.6215490797546013,0.8050230061349694,0.8002300613496932,0.9537960122699386,量能波动;量能动量;量能比,3,False
SH688141,100.71,14.030936,0.9668328220858896,0.9351993865030674,0.593941717791411,0.8128834355828221,量能水平;量能波动;量能比,3,False
SH688143,165.05,25.190008,0.9507285276073619,0.861579754601227,0.544670245398773,0.3253450920245399,量能水平;量能波动,2,False
SH688146,201.06999,27.02775,0.9593558282208589,0.9808282208588958,0.29160276073619634,0.7862346625766872,量能水平;量能波动,2,False
SH688147,105.95999,9.591507,0.8312883435582822,0.629409509202454,0.08723159509202454,0.13726993865030676,量能水平,1,False
SH688148,5.6899996,0.687944,0.9225460122699386,0.8268788343558282,0.6286426380368099,0.4773773006134969,量能水平;量能波动,2,False
SH688150,39.69,3.5423236,0.723351226993865,0.6186733128834356,0.33109662576687116,0.6823236196319018,,0,True
SH688151,16.6,0.7521795,0.7747315950920245,0.7120398773006135,0.42983128834355827,0.2308282208588957,,0,True
SH688152,39.45,2.0492685,0.9656825153374233,0.9861963190184049,0.9357745398773006,0.26763803680981596,量能水平;量能波动;量能动量,3,False
SH688153,25.939999,0.8364492,0.6788726993865031,0.5082438650306749,0.7037960122699386,0.6008435582822086,,0,True
SH688155,50.969997,1.4034868,0.7080138036809815,0.4727760736196319,0.44976993865030673,0.2356211656441718,,0,True
SH688156,22.24,1.1258035,0.6848159509202454,0.620590490797546,0.4505368098159509,0.08071319018404909,,0,True
SH688157,18.39,0.49045557,0.5701687116564417,0.5021088957055214,0.9409509202453987,0.5703604294478528,量能动量,1,False
SH688158,28.34,3.6873891,0.9854294478527608,0.9921395705521472,0.22661042944785276,0.7204754601226994,量能水平;量能波动,2,False
SH688159,34.78,1.3798264,0.8132668711656442,0.5881901840490797,0.28891871165644173,0.6899923312883436,量能水平,1,False
SH688160,94.0,1.1155571,0.39244631901840493,0.42848926380368096,0.3932131901840491,0.4892638036809816,,0,True
SH688161,21.59,0.2796533,0.6566334355828221,0.6435966257668712,0.34681748466257667,0.19344325153374234,,0,True
SH688162,25.509998,0.22814968,0.4996165644171779,0.7047546012269938,0.9077837423312883,0.7802914110429447,量能动量,1,False
SH688163,40.66,0.41728595,0.35755368098159507,0.7954371165644172,0.9860046012269938,0.9252300613496932,量能动量;量能比,2,False
SH688165,14.540001,0.7495575,0.7147239263803681,0.7430981595092024,0.5630751533742331,0.6600843558282209,,0,True
SH688166,34.109997,3.7401545,0.8866947852760736,0.8427914110429447,0.1955521472392638,0.6537576687116564,量能水平;量能波动,2,False
SH688167,275.84,25.239939,0.9919478527607362,0.9528374233128835,0.5440950920245399,0.21414877300613497,量能水平;量能波动,2,False
SH688168,43.39,2.6824207,0.9633819018404908,0.9712423312883436,0.15950920245398773,0.6934432515337423,量能水平;量能波动,2,False
SH688169,116.39,6.3209696,0.9675996932515337,0.9083588957055214,0.566717791411043,0.2607361963190184,量能水平;量能波动,2,False
SH688170,66.119995,5.1851926,0.817292944785276,0.7066717791411042,0.17523006134969324,0.25901073619631904,量能水平,1,False
SH688171,25.95,0.5064676,0.3266871165644172,0.6815567484662577,0.9879217791411042,0.9691334355828221,量能动量;量能比,2,False
SH688172,43.74,6.3659477,0.8903374233128835,0.7818251533742331,0.08780674846625768,0.1643021472392638,量能水平,1,False
SH688173,12.96,1.1566792,0.9206288343558282,0.7776073619631901,0.28642638036809814,0.5601993865030674,量能水平,1,False
SH688175,25.08,1.0943823,0.6363113496932515,0.8186349693251533,0.24003067484662577,0.9768021472392638,量能波动;量能比,2,False
SH688176,13.71,1.9600888,0.8452837423312883,0.9388420245398773,0.910467791411043,0.9296395705521472,量能水平;量能波动;量能动量;量能比,4,False
SH688177,20.65,0.7790855,0.8366564417177914,0.946319018404908,0.8870782208588958,0.9867714723926381,量能水平;量能波动;量能动量;量能比,4,False
SH688178,29.570002,0.3769645,0.41391871165644173,0.10793711656441718,0.5396855828220859,0.6322852760736196,,0,True
SH688179,22.949999,3.043532,0.7630368098159509,0.8709739263803681,0.9348159509202454,0.9921395705521472,量能波动;量能动量;量能比,3,False
SH688180,34.84,3.6549766,0.9961656441717791,0.9919478527607362,0.5711273006134969,0.8761503067484663,量能水平;量能波动;量能比,3,False
SH688181,44.659996,3.7156317,0.915069018404908,0.7960122699386503,0.40452453987730064,0.6689033742331288,量能水平,1,False
SH688182,26.4,1.2278942,0.513420245398773,0.44881134969325154,0.7436733128834356,0.5333588957055214,,0,True
SH688183,105.96,22.54392,0.9093174846625767,0.5780291411042945,0.3799846625766871,0.41046779141104295,量能水平,1,False
SH688185,86.50001,7.07518,0.999808282208589,0.9990414110429447,0.5065184049079755,0.839340490797546,量能水平;量能波动;量能比,3,False
SH688186,14.219999,0.38477132,0.6759969325153374,0.8518021472392638,0.7335122699386503,0.8671395705521472,量能波动;量能比,2,False
SH688187,43.75,1.4781321,0.7490414110429447,0.5456288343558282,0.6133052147239264,0.49846625766871167,,0,True
SH688188,93.1,1.7704885,0.6096625766871165,0.4505368098159509,0.48408742331288346,0.4213957055214724,,0,True
SH688190,67.03,0.6151192,0.6008435582822086,0.6811733128834356,0.5809049079754601,0.7070552147239264,,0,True
SH688191,19.970001,1.2792095,0.4304064417177914,0.4097009202453988,0.7340874233128835,0.8786426380368099,量能比,1,False
SH688192,55.48,2.7129974,0.7827837423312883,0.7998466257668712,0.5149539877300614,0.7325536809815951,,0,True
SH688193,48.82,0.2094226,0.13611963190184048,0.13535276073619631,0.74079754601227,0.517829754601227,,0,True
SH688195,174.39,22.308163,0.745782208588957,0.7605444785276073,0.13861196319018404,0.28450920245398775,,0,True
SH688196,30.97,0.83394533,0.6012269938650306,0.6744631901840491,0.9223542944785276,0.3803680981595092,量能动量,1,False
SH688197,36.800003,0.9297283,0.5231978527607362,0.7220092024539877,0.09164110429447853,0.776648773006135,,0,True
SH688198,70.05,0.28584063,0.013228527607361963,0.013420245398773007,0.8895705521472392,0.6018021472392638,量能动量,1,False
SH688199,25.25,0.94567126,0.7620782208588958,0.6411042944785276,0.629409509202454,0.6959355828220859,,0,True
SH688200,388.88,15.805287,0.9307898773006135,0.8740414110429447,0.2160659509202454,0.7960122699386503,量能水平;量能波动,2,False
SH688201,7.7000003,0.21233046,0.1928680981595092,0.1273006134969325,0.5648006134969326,0.6320935582822086,,0,True
SH688202,105.299995,6.4920197,0.8251533742331288,0.6165644171779141,0.3845858895705521,0.6598926380368099,量能水平,1,False
SH688203,20.010002,2.2471397,0.8378067484662577,0.9559049079754601,0.9559049079754601,0.9831288343558282,量能水平;量能波动;量能动量;量能比,4,False
SH688205,191.25,29.978264,0.9559049079754601,0.8989647239263804,0.817292944785276,0.5561733128834356,量能水平;量能波动;量能动量,3,False
SH688206,35.390003,2.8224394,0.8826687116564417,0.941717791411043,0.14455521472392638,0.40605828220858897,量能水平;量能波动,2,False
SH688207,19.039999,2.186575,0.8824769938650306,0.8554447852760736,0.44056748466257667,0.7338957055214724,量能水平;量能波动,2,False
SH688208,24.689999,1.8480989,0.8943634969325154,0.9405674846625767,0.2751150306748466,0.45494631901840493,量能水平;量能波动,2,False
SH688209,32.89,8.958984,0.9587806748466258,0.7779907975460123,0.44305981595092025,0.13286042944785276,量能水平,1,False
SH688210,27.390001,1.4443756,0.602760736196319,0.4559049079754601,0.3057898773006135,0.1286426380368098,,0,True
SH688211,32.44,0.22679256,0.35506134969325154,0.5274156441717791,0.2151073619631902,0.9271472392638037,量能比,1,False
SH688212,28.060001,0.6065841,0.486771472392638,0.6556748466257669,0.8784509202453987,0.8550613496932515,量能动量;量能比,2,False
SH688213,92.15001,4.59528,0.8602377300613497,0.9520705521472392,0.03834355828220859,0.7749233128834356,量能水平;量能波动,2,False
SH688215,44.22,0.6114048,0.3209355828220859,0.20513803680981596,0.4486196319018405,0.2741564417177914,,0,True
SH688216,38.510002,2.8315487,0.9572469325153374,0.89704754601227,0.20072852760736196,0.6455138036809815,量能水平;量能波动,2,False
SH688217,25.279999,0.22474088,0.5638420245398773,0.5389187116564417,0.5279907975460123,0.7388803680981595,,0,True
SH688218,38.359997,1.1901944,0.5339340490797546,0.615989263803681,0.11081288343558282,0.8264953987730062,量能比,1,False
SH688219,10.14,0.41007617,0.7055214723926381,0.36598926380368096,0.6911426380368099,0.5960506134969326,,0,True
SH688220,92.23,6.666665,0.9792944785276073,0.9750766871165644,0.03642638036809816,0.6990030674846626,量能水平;量能波动,2,False
SH688221,16.31,2.4325485,0.9323236196319018,0.9430598159509203,0.1848159509202454,0.5761119631901841,量能水平;量能波动,2,False
SH688222,43.68,8.207902,0.9888803680981595,0.99079754601227,0.1330521472392638,0.9066334355828221,量能水平;量能波动;量能比,3,False
SH688223,3.68,2.5695362,0.9704754601226994,0.8813266871165644,0.6127300613496932,0.6639187116564417,量能水平;量能波动,2,False
SH688225,15.64,1.372857,0.9189033742331288,0.9718174846625767,0.942292944785276,0.8009969325153374,量能水平;量能波动;量能动量;量能比,4,False
SH688226,28.11,1.7884654,0.6196319018404908,0.7300613496932515,0.8577453987730062,0.8057898773006135,量能动量;量能比,2,False
SH688227,71.41,2.1791422,0.5607745398773006,0.5749616564417178,0.14436349693251535,0.7870015337423313,,0,True
SH688228,83.5,1.3689862,0.6999616564417178,0.6499233128834356,0.6694785276073619,0.6802147239263804,,0,True
SH688229,58.239998,0.40149155,0.4722009202453988,0.48274539877300615,0.4516871165644172,0.2156825153374233,,0,True
SH688230,58.079998,0.71668017,0.6127300613496932,0.40299079754601225,0.5187883435582822,0.665260736196319,,0,True
SH688231,33.0,1.6548284,0.6811733128834356,0.6953604294478528,0.8276457055214724,0.687308282208589,量能动量,1,False
SH688232,17.49,0.35847977,0.5289493865030674,0.575920245398773,0.8186349693251533,0.575920245398773,量能动量,1,False
SH688233,93.23999,6.6804495,0.9513036809815951,0.8843941717791411,0.09758435582822086,0.5212806748466258,量能水平;量能波动,2,False
SH688234,105.28,7.9701295,0.9695168711656442,0.9371165644171779,0.7087806748466258,0.8155674846625767,量能水平;量能波动;量能比,3,False
SH688235,257.9,7.399123,0.9378834355828221,0.9572469325153374,0.3280291411042945,0.6807898773006135,量能水平;量能波动,2,False
SH688236,14.119999,0.26554957,0.3195935582822086,0.339340490797546,0.5772622699386503,0.6846242331288344,,0,True
SH688237,57.95,0.83792526,0.5663343558282209,0.7222009202453987,0.3004217791411043,0.5207055214723927,,0,True
SH688238,8.559999,1.9002659,0.9315567484662577,0.9800613496932515,0.8565950920245399,0.9773773006134969,量能水平;量能波动;量能动量;量能比,4,False
SH688239,54.96,3.836849,0.7988880368098159,0.6246165644171779,0.2572852760736196,0.23063650306748465,,0,True
SH688244,19.8,1.1736351,0.6671779141104295,0.7898773006134969,0.5431365030674846,0.8993481595092024,量能比,1,False
SH688246,16.97,0.38290048,0.5590490797546013,0.7630368098159509,0.6744631901840491,0.8326303680981595,量能比,1,False
SH688247,9.95,0.5494209,0.48274539877300615,0.34317484662576686,0.6715874233128835,0.9238880368098159,量能比,1,False
SH688248,46.37,2.5206404,0.6867331288343558,0.8786426380368099,0.0709355828220859,0.7156825153374233,量能波动,1,False
SH688249,33.21,5.7129765,0.8874616564417178,0.6355444785276073,0.23868865030674846,0.5053680981595092,量能水平,1,False
SH688251,18.51,0.4127721,0.44037576687116564,0.3293711656441718,0.35391104294478526,0.8401073619631901,量能比,1,False
SH688252,20.79,0.8903428,0.5226226993865031,0.4229294478527607,0.6635352760736196,0.5757285276073619,,0,True
SH688253,54.87,0.704746,0.23101993865030676,0.13132668711656442,0.2089723926380368,0.37174079754601225,,0,True
SH688255,26.039999,0.59405446,0.504217791411043,0.24424846625766872,0.7705138036809815,0.7273773006134969,,0,True
SH688256,1020.0,95.582535,0.9930981595092024,0.9610812883435583,0.24980828220858894,0.33224693251533743,量能水平;量能波动,2,False
SH688257,54.52,7.1643867,0.7492331288343558,0.7264187116564417,0.30425613496932513,0.7687883435582822,,0,True
SH688258,82.2,2.927188,0.642829754601227,0.7973542944785276,0.8514187116564417,0.825920245398773,量能动量;量能比,2,False
SH688259,32.910004,0.36615467,0.44536042944785276,0.7051380368098159,0.9231211656441718,0.8063650306748467,量能动量;量能比,2,False
SH688260,100.19,7.172537,0.7701303680981595,0.8128834355828221,0.18002300613496933,0.7166411042944786,量能波动,1,False
SH688261,74.0,3.410947,0.8926380368098159,0.9683665644171779,0.00651840490797546,0.9037576687116564,量能水平;量能波动;量能比,3,False
SH688262,28.01,2.2063012,0.848159509202454,0.9438266871165644,0.6725460122699386,0.9075920245398773,量能水平;量能波动;量能比,3,False
SH688265,54.61,1.1488371,0.7526840490797546,0.839340490797546,0.26054447852760737,0.9411426380368099,量能波动;量能比,2,False
SH688266,107.159996,3.9937146,0.8510352760736196,0.8600460122699386,0.4219708588957055,0.7689800613496932,量能水平;量能波动,2,False
SH688267,21.849998,0.6115676,0.5364263803680982,0.7476993865030674,0.019555214723926382,0.7942868098159509,,0,True
SH688268,124.14,6.2283535,0.8218941717791411,0.7582438650306749,0.08761503067484662,0.2406058282208589,量能水平,1,False
SH688269,26.1,0.41661027,0.49712423312883436,0.7195168711656442,0.14973159509202455,0.7308282208588958,,0,True
SH688270,55.05,2.377936,0.5187883435582822,0.3652223926380368,0.44670245398773006,0.3291794478527607,,0,True
SH688271,105.880005,3.8774996,0.9708588957055214,0.9904141104294478,0.9628067484662577,0.7797162576687117,量能水平;量能波动;量能动量,3,False
SH688272,28.86,0.3825286,0.3895705521472393,0.3953220858895706,0.8270705521472392,0.6391871165644172,量能动量,1,False
SH688273,29.480001,0.32827875,0.2726226993865031,0.41276840490797545,0.794670245398773,0.7402223926380368,,0,True
SH688275,64.42,2.2366116,0.9361579754601227,0.9470858895705522,0.6627684049079755,0.442101226993865,量能水平;量能波动,2,False
SH688276,17.76,0.6415808,0.9355828220858896,0.977569018404908,0.036234662576687116,0.9438266871165644,量能水平;量能波动;量能比,3,False
SH688277,15.2300005,0.6966068,0.9210122699386503,0.9166027607361963,0.6648773006134969,0.8098159509202454,量能水平;量能波动;量能比,3,False
SH688278,51.6,1.3739272,0.5283742331288344,0.4449769938650307,0.21088957055214724,0.6113880368098159,,0,True
SH688279,206.53,3.7097616,0.6426380368098159,0.6794478527607362,0.1196319018404908,0.254409509202454,,0,True
SH688280,4.8700004,0.4735408,0.7342791411042945,0.8468174846625767,0.9235046012269938,0.8640720858895705,量能波动;量能动量;量能比,3,False
SH688281,49.149998,1.5387478,0.6731211656441718,0.692101226993865,0.7781825153374233,0.43462423312883436,,0,True
SH688282,51.03,0.36985344,0.21395705521472394,0.4179447852760736,0.7373466257668712,0.6643021472392638,,0,True
SH688283,30.07,0.6712998,0.3598542944785276,0.6395705521472392,0.9884969325153374,0.9930981595092024,量能动量;量能比,2,False
SH688286,50.24,2.189244,0.9769938650306749,0.990989263803681,0.9359662576687117,0.8203604294478528,量能水平;量能波动;量能动量;量能比,4,False
SH688288,19.619999,0.31254515,0.31556748466257667,0.566909509202454,0.8888036809815951,0.8381901840490797,量能动量;量能比,2,False
SH688289,16.599998,0.7310944,0.879601226993865,0.7519171779141104,0.30463957055214724,0.7707055214723927,量能水平,1,False
SH688290,56.07,0.47002485,0.07285276073619631,0.20302914110429449,0.5866564417177914,0.8370398773006135,量能比,1,False
SH688292,21.89,1.2493641,0.634010736196319,0.7754984662576687,0.3038726993865031,0.9407592024539877,量能比,1,False
SH688293,74.840004,4.3098726,0.9574386503067485,0.901648773006135,0.3535276073619632,0.7682131901840491,量能水平;量能波动,2,False
SH688295,35.23,1.6535765,0.723542944785276,0.6035276073619632,0.07304447852760736,0.6495398773006135,,0,True
SH688296,24.560001,1.870534,0.8282208588957055,0.6898006134969326,0.3328220858895706,0.6725460122699386,量能水平,1,False
SH688297,42.079998,4.8660455,0.9674079754601227,0.8101993865030674,0.5970092024539877,0.08339723926380369,量能水平;量能波动,2,False
SH688298,18.960001,0.25940505,0.6083205521472392,0.54045245398773,0.3013803680981595,0.8876533742331288,量能比,1,False
SH688299,12.95,0.5776555,0.4798696319018405,0.6988113496932515,0.5910659509202454,0.8634969325153374,量能比,1,False
SH688300,145.69,24.859795,0.8002300613496932,0.29351993865030673,0.3101993865030675,0.1861579754601227,量能水平,1,False
SH688301,84.97,4.3704176,0.7756901840490797,0.8682898773006135,0.9369248466257669,0.9513036809815951,量能波动;量能动量;量能比,3,False
SH688302,31.869999,0.46085104,0.2609279141104294,0.4424846625766871,0.5241564417177914,0.7651457055214724,,0,True
SH688303,15.500001,1.2888057,0.9321319018404908,0.9054831288343558,0.6085122699386503,0.7517254601226994,量能水平;量能波动,2,False
SH688305,54.73,1.1578513,0.7329371165644172,0.4072085889570552,0.14148773006134968,0.1838573619631902,,0,True
SH688306,9.860001,0.9687093,0.450920245398773,0.7944785276073619,0.7994631901840491,0.9808282208588958,量能比,1,False
SH688307,43.629997,1.544576,0.6121549079754601,0.567292944785276,0.5569401840490797,0.40471625766871167,,0,True
SH688308,80.0,6.2622337,0.7965874233128835,0.6681365030674846,0.2822085889570552,0.41621932515337423,,0,True
SH688309,74.66,1.4986103,0.7225843558282209,0.7133819018404908,0.2062883435582822,0.4217791411042945,,0,True
SH688310,15.450001,0.26969385,0.12078220858895705,0.20245398773006135,0.21184815950920247,0.8732745398773006,量能比,1,False
SH688311,23.55,0.7545934,0.8849693251533742,0.8184432515337423,0.4580138036809816,0.7983128834355828,量能水平;量能波动,2,False
SH688312,49.17,4.275507,0.9375,0.8761503067484663,0.9413343558282209,0.9348159509202454,量能水平;量能波动;量能动量;量能比,4,False
SH688313,145.5,26.74402,0.9722009202453987,0.9478527607361963,0.1834739263803681,0.5205138036809815,量能水平;量能波动,2,False
SH688314,30.37,0.31869963,0.39800613496932513,0.236579754601227,0.9587806748466258,0.9578220858895705,量能动量;量能比,2,False
SH688315,20.06,2.2039034,0.8993481595092024,0.9850460122699386,0.9026073619631901,0.995590490797546,量能水平;量能波动;量能动量;量能比,4,False
SH688316,44.7,0.76371175,0.6763803680981595,0.7800996932515337,0.13381901840490798,0.7728144171779141,,0,True
SH688317,18.24,0.4226151,0.7246932515337423,0.964148773006135,0.8993481595092024,0.9948236196319018,量能波动;量能动量;量能比,3,False
SH688318,75.73,5.9904366,0.8496932515337423,0.808282208588957,0.1767638036809816,0.18730828220858894,量能水平;量能波动,2,False
SH688319,30.8,2.042812,0.8634969325153374,0.9392254601226994,0.6878834355828221,0.9198619631901841,量能水平;量能波动;量能比,3,False
SH688320,35.25,1.1416811,0.4146855828220859,0.33493098159509205,0.932707055214724,0.9097009202453987,量能动量;量能比,2,False
SH688321,25.210001,1.9074476,0.9756518404907976,0.9881134969325154,0.678489263803681,0.86579754601227,量能水平;量能波动;量能比,3,False
SH688322,85.75,5.650457,0.8504601226993865,0.6391871165644172,0.5099693251533742,0.4313650306748466,量能水平,1,False
SH688323,24.18,2.5886047,0.8564033742331288,0.8055981595092024,0.7292944785276073,0.6144555214723927,量能水平;量能波动,2,False
SH688325,110.96001,0.7877645,0.2218174846625767,0.4674079754601227,0.8573619631901841,0.629409509202454,量能动量,1,False
SH688326,56.3,0.7312963,0.6380368098159509,0.5481211656441718,0.6637269938650306,0.18941717791411042,,0,True
SH688327,9.679999,1.5516945,0.8286042944785276,0.7847009202453987,0.4250383435582822,0.5674846625766872,量能水平,1,False
SH688328,74.369995,4.2723103,0.8569785276073619,0.6545245398773006,0.4449769938650307,0.40950920245398775,量能水平,1,False
SH688329,23.369999,0.3190346,0.21990030674846625,0.32381134969325154,0.839532208588957,0.85295245398773,量能动量;量能比,2,False
SH688330,36.83,0.76816857,0.6995782208588958,0.6554831288343558,0.5421779141104295,0.3665644171779141,,0,True
SH688331,115.340004,6.883262,0.8257285276073619,0.8665644171779141,0.5784125766871165,0.8299463190184049,量能水平;量能波动;量能比,3,False
SH688332,87.869995,4.556629,0.7891104294478528,0.8029141104294478,0.7850843558282209,0.5103527607361963,量能波动,1,False
SH688333,99.99999,14.677398,0.8822852760736196,0.8790260736196319,0.6671779141104295,0.388420245398773,量能水平;量能波动,2,False
SH688335,17.03,0.35538352,0.348159509202454,0.27434815950920244,0.6758052147239264,0.4875383435582822,,0,True
SH688336,39.2,2.3034134,0.7985046012269938,0.8263036809815951,0.43903374233128833,0.8713573619631901,量能波动;量能比,2,False
SH688337,51.620003,2.8506308,0.7049463190184049,0.9480444785276073,0.9906058282208589,0.995398773006135,量能波动;量能动量;量能比,3,False
SH688338,31.980001,0.4696776,0.7741564417177914,0.6990030674846626,0.9024156441717791,0.8218941717791411,量能动量;量能比,2,False
SH688339,18.49,0.70265394,0.8544861963190185,0.96875,0.9716257668711656,0.959930981595092,量能水平;量能波动;量能动量;量能比,4,False
SH688343,61.93,5.616941,0.9883052147239264,0.9844708588957055,0.039302147239263806,0.7314033742331288,量能水平;量能波动,2,False
SH688345,44.969997,0.55452245,0.5462039877300614,0.6991947852760736,0.9580138036809815,0.46568251533742333,量能动量,1,False
SH688347,213.76001,32.598278,0.9785276073619632,0.9658742331288344,0.0772622699386503,0.4375,量能水平;量能波动,2,False
SH688348,29.8,0.34172955,0.7306365030674846,0.5308665644171779,0.7931365030674846,0.527032208588957,,0,True
SH688349,12.849999,1.0492667,0.8255368098159509,0.5924079754601227,0.36368865030674846,0.5026840490797546,量能水平,1,False
SH688350,28.58,0.671194,0.36349693251533743,0.5697852760736196,0.9491947852760736,0.8230444785276073,量能动量;量能比,2,False
SH688351,17.05,0.74433887,0.3508435582822086,0.3128834355828221,0.02473159509202454,0.10640337423312883,,0,True
SH688352,17.67,3.9841309,0.9141104294478528,0.7513420245398773,0.5901073619631901,0.5548312883435583,量能水平,1,False
SH688353,78.96,2.7592854,0.8372315950920245,0.7060966257668712,0.557707055214724,0.267829754601227,量能水平,1,False
SH688356,99.450005,5.1203127,0.9804447852760736,0.892829754601227,0.4601226993865031,0.7923696319018405,量能水平;量能波动,2,False
SH688358,28.8,0.21136697,0.10525306748466258,0.1585506134969325,0.7985046012269938,0.7536426380368099,,0,True
SH688359,102.759995,3.7844455,0.6959355828220859,0.5603911042944786,0.5414110429447853,0.7616947852760736,,0,True
SH688360,16.19,0.52054036,0.5241564417177914,0.6006518404907976,0.8408742331288344,0.9371165644171779,量能动量;量能比,2,False
SH688361,361.24,26.636557,0.9537960122699386,0.9127684049079755,0.2258435582822086,0.5642254601226994,量能水平;量能波动,2,False
SH688362,56.800003,10.410055,0.9495782208588958,0.9455521472392638,0.057515337423312884,0.5636503067484663,量能水平;量能波动,2,False
SH688363,34.3,0.736222,0.7561349693251533,0.8236196319018405,0.5425613496932515,0.8780674846625767,量能波动;量能比,2,False
SH688365,15.22,2.4729855,0.964148773006135,0.9973159509202454,0.8989647239263804,0.9562883435582822,量能水平;量能波动;量能动量;量能比,4,False
SH688367,29.519999,0.47551447,0.20686349693251535,0.1821319018404908,0.276648773006135,0.3125,,0,True
SH688368,129.59,6.490799,0.8234279141104295,0.6825153374233128,0.455521472392638,0.6319018404907976,量能水平,1,False
SH688369,19.359999,0.59267473,0.7068634969325154,0.8498849693251533,0.558090490797546,0.745782208588957,量能波动,1,False
SH688370,28.589998,0.20129529,0.1075536809815951,0.3696319018404908,0.6554831288343558,0.9591641104294478,量能比,1,False
SH688371,22.820002,1.8981065,0.8084739263803681,0.7565184049079755,0.7783742331288344,0.5078604294478528,量能水平,1,False
SH688372,105.0,8.04822,0.9359662576687117,0.8951303680981595,0.25901073619631904,0.5653757668711656,量能水平;量能波动,2,False
SH688373,5.66,0.9299219,0.75920245398773,0.8728911042944786,0.8006134969325154,0.9173696319018405,量能波动;量能动量;量能比,3,False
SH688375,65.77,2.0139635,0.7567101226993865,0.687691717791411,0.3121165644171779,0.4712423312883436,,0,True
SH688376,57.43,0.80465937,0.28911042944785276,0.4422929447852761,0.4254217791411043,0.566717791411043,,0,True
SH688377,16.91,0.44680905,0.4973159509202454,0.4699003067484663,0.6543328220858896,0.5887653374233128,,0,True
SH688378,47.47,5.2443714,0.8721242331288344,0.7041794478527608,0.3199769938650307,0.5966257668711656,量能水平,1,False
SH688379,54.66,2.337772,0.7831671779141104,0.9125766871165644,0.9528374233128835,0.8822852760736196,量能波动;量能动量;量能比,3,False
SH688380,40.29,3.2394671,0.932898773006135,0.9403757668711656,0.04812116564417178,0.7329371165644172,量能水平;量能波动,2,False
SH688381,41.649998,4.618181,0.9564800613496932,0.9164110429447853,0.4204371165644172,0.6951687116564417,量能水平;量能波动,2,False
SH688382,17.65,1.839109,0.7045628834355828,0.7039877300613497,0.9294478527607362,0.8274539877300614,量能动量;量能比,2,False
SH688383,128.78,3.3749268,0.7287193251533742,0.6549079754601227,0.5067101226993865,0.6549079754601227,,0,True
SH688385,56.95,7.026093,0.972967791411043,0.8916794478527608,0.06537576687116564,0.7260352760736196,量能水平;量能波动,2,False
SH688386,45.88,1.3891633,0.5634585889570553,0.7471242331288344,0.8824769938650306,0.7758819018404908,量能动量,1,False
SH688387,11.53,4.167632,0.7804831288343558,0.620207055214724,0.45648006134969327,0.35736196319018404,,0,True
SH688388,27.26,10.604143,0.9884969325153374,0.9831288343558282,0.09585889570552147,0.8581288343558282,量能水平;量能波动;量能比,3,False
SH688390,54.67,3.9327261,0.8876533742331288,0.7193251533742331,0.6257668711656442,0.4223542944785276,量能水平,1,False
SH688391,26.42,0.30050072,0.45149539877300615,0.34375,0.69670245398773,0.7607361963190185,,0,True
SH688392,159.4,5.711953,0.8650306748466258,0.8606211656441718,0.1317101226993865,0.7446319018404908,量能水平;量能波动,2,False
SH688393,22.159998,0.4381084,0.6365030674846626,0.8351226993865031,0.8084739263803681,0.9637653374233128,量能波动;量能动量;量能比,3,False
SH688395,25.730001,0.3333421,0.28891871165644173,0.40452453987730064,0.9430598159509203,0.9089340490797546,量能动量;量能比,2,False
SH688396,56.309998,8.287206,0.9618481595092024,0.8489263803680982,0.2570935582822086,0.6432131901840491,量能水平;量能波动,2,False
SH688398,22.679998,0.42899257,0.4677914110429448,0.7354294478527608,0.05080521472392638,0.9187116564417178,量能比,1,False
SH688399,26.98,0.39165527,0.16487730061349692,0.29006901840490795,0.6374616564417178,0.9010736196319018,量能比,1,False
SH688400,41.4,4.5749736,0.8978144171779141,0.8805598159509203,0.8416411042944786,0.3870782208588957,量能水平;量能波动;量能动量,3,False
SH688401,64.96,3.4582033,0.7873849693251533,0.7567101226993865,0.2762653374233129,0.7356211656441718,,0,True
SH688403,22.4,13.562983,0.9852377300613497,0.9566717791411042,0.3523773006134969,0.22603527607361965,量能水平;量能波动,2,False
SH688408,22.339998,0.82050246,0.7615030674846626,0.6460889570552147,0.23696319018404907,0.1723542944785276,,0,True
SH688409,176.8,11.365879,0.9300230061349694,0.910467791411043,0.12749233128834356,0.5082438650306749,量能水平;量能波动,2,False
SH688410,9.54,0.9229992,0.4741180981595092,0.6558665644171779,0.5609662576687117,0.5362346625766872,,0,True
SH688411,155.1,3.9367676,0.696510736196319,0.6819401840490797,0.11215490797546013,0.36368865030674846,,0,True
SH688416,73.240005,4.15049,0.7952453987730062,0.4936733128834356,0.15107361963190183,0.5822469325153374,,0,True
SH688418,30.19,0.8375756,0.6119631901840491,0.5208972392638037,0.6865414110429447,0.5828220858895705,,0,True
SH688419,48.9,1.5539992,0.5448619631901841,0.3918711656441718,0.2586273006134969,0.32611196319018404,,0,True
SH688425,3.9099998,0.49799368,0.5460122699386503,0.11234662576687117,0.6836656441717791,0.2375383435582822,,0,True
SH688426,21.25,0.4127112,0.4334739263803681,0.7833588957055214,0.9819785276073619,0.9700920245398773,量能动量;量能比,2,False
SH688428,28.63,4.0462513,0.6522239263803681,0.7402223926380368,0.9302147239263804,0.9261886503067485,量能动量;量能比,2,False
SH688433,81.34,6.033319,0.772430981595092,0.5630751533742331,0.2718558282208589,0.1898006134969325,,0,True
SH688435,29.720001,1.2715361,0.9292561349693251,0.8364647239263804,0.09969325153374232,0.06269171779141104,量能水平;量能波动,2,False
SH688439,36.859997,0.64807266,0.7421395705521472,0.682898773006135,0.7298696319018405,0.6991947852760736,,0,True
SH688443,24.240002,0.71650064,0.5885736196319018,0.5989263803680982,0.7937116564417178,0.9120015337423313,量能比,1,False
SH688448,62.489998,1.7029445,0.3376150306748466,0.4677914110429448,0.8621549079754601,0.4677914110429448,量能动量,1,False
SH688449,57.250004,4.278207,0.9024156441717791,0.84375,0.23638803680981596,0.38286042944785276,量能水平;量能波动,2,False
SH688450,31.940002,0.37888432,0.3339723926380368,0.15509969325153375,0.7478911042944786,0.6708205521472392,,0,True
SH688455,17.69,0.40405533,0.3136503067484663,0.21108128834355827,0.8201687116564417,0.4294478527607362,量能动量,1,False
SH688456,70.189995,4.2722507,0.82170245398773,0.6928680981595092,0.28431748466257667,0.7083972392638037,量能水平,1,False
SH688458,37.7,0.7298329,0.5763036809815951,0.602760736196319,0.580329754601227,0.4411426380368098,,0,True
SH688469,8.6,6.8272862,0.9488113496932515,0.9022239263803681,0.47066717791411045,0.6154141104294478,量能水平;量能波动,2,False
SH688472,8.179999,2.695674,0.9215874233128835,0.7344708588957055,0.04697085889570552,0.21855828220858894,量能水平,1,False
SH688475,27.210001,0.9865438,0.3817101226993865,0.3625383435582822,0.933282208588957,0.6142638036809815,量能动量,1,False
SH688478,48.68,2.6959655,0.8328220858895705,0.8700153374233128,0.45954754601226994,0.8824769938650306,量能水平;量能波动;量能比,3,False
SH688479,34.76,0.8832092,0.30368098159509205,0.5289493865030674,0.8891871165644172,0.6972776073619632,量能动量,1,False
SH688480,64.8,0.75549465,0.12461656441717792,0.23696319018404907,0.7312116564417178,0.45973926380368096,,0,True
SH688484,32.71,2.3239193,0.9223542944785276,0.754601226993865,0.14225460122699388,0.23159509202453987,量能水平,1,False
SH688485,105.4,8.155521,0.7404141104294478,0.5458205521472392,0.6769555214723927,0.6763803680981595,,0,True
SH688486,47.1,2.1233864,0.7062883435582822,0.7164493865030674,0.6800230061349694,0.8362730061349694,量能比,1,False
SH688488,15.690001,1.1662421,0.8228527607361963,0.8997315950920245,0.2557515337423313,0.7124233128834356,量能水平;量能波动,2,False
SH688489,27.27,0.49804515,0.5962423312883436,0.8853527607361963,0.9388420245398773,0.9656825153374233,量能波动;量能动量;量能比,3,False
SH688498,1591.4299,51.605965,0.7576687116564417,0.6767638036809815,0.6683282208588958,0.6257668711656442,,0,True
SH688499,37.0,1.6504669,0.9626150306748467,0.9704754601226994,0.6706288343558282,0.8577453987730062,量能水平;量能波动;量能比,3,False
SH688500,30.199999,0.7005292,0.8194018404907976,0.8464340490797546,0.2643788343558282,0.727569018404908,量能水平;量能波动,2,False
SH688501,15.21,0.5820234,0.3192101226993865,0.6129217791411042,0.06441717791411043,0.9001150306748467,量能比,1,False
SH688502,408.3,5.5868564,0.839532208588957,0.8220858895705522,0.557898773006135,0.6313266871165644,量能水平;量能波动,2,False
SH688503,71.490005,11.887124,0.9900306748466258,0.9796779141104295,0.3220858895705521,0.6497315950920245,量能水平;量能波动,2,False
SH688505,8.28,0.5937478,0.8502684049079755,0.9079754601226994,0.6163726993865031,0.9605061349693251,量能水平;量能波动;量能比,3,False
SH688506,239.53,4.194155,0.3401073619631902,0.5099693251533742,0.588957055214724,0.8174846625766872,量能比,1,False
SH688507,132.49998,4.661037,0.9121932515337423,0.8420245398773006,0.2210506134969325,0.2754984662576687,量能水平;量能波动,2,False
SH688508,78.5,4.7067757,0.9745015337423313,0.9169861963190185,0.7022622699386503,0.5302914110429447,量能水平;量能波动,2,False
SH688509,4.15,0.20258896,0.23370398773006135,0.23351226993865032,0.7879601226993865,0.40107361963190186,,0,True
SH688510,23.749998,1.7697936,0.8414493865030674,0.6083205521472392,0.3585122699386503,0.3878450920245399,量能水平,1,False
SH688511,22.249998,0.3694936,0.5519555214723927,0.5590490797546013,0.6871165644171779,0.5389187116564417,,0,True
SH688512,16.59,2.7356133,0.8981978527607362,0.9936733128834356,0.9802530674846626,0.9890720858895705,量能水平;量能波动;量能动量;量能比,4,False
SH688513,49.5,0.95252895,0.5596242331288344,0.6196319018404908,0.4074003067484663,0.7845092024539877,,0,True
SH688515,143.73001,3.8443093,0.9637653374233128,0.9118098159509203,0.3449003067484663,0.6397622699386503,量能水平;量能波动,2,False
SH688516,42.41,2.7595167,0.6311349693251533,0.4277223926380368,0.3318634969325153,0.5324003067484663,,0,True
SH688517,16.9,0.35253027,0.15299079754601227,0.3495015337423313,0.8008052147239264,0.8312883435582822,量能动量;量能比,2,False
SH688518,20.25,1.926359,0.8243865030674846,0.8088573619631901,0.7613113496932515,0.7434815950920245,量能水平;量能波动,2,False
SH688519,275.4,19.395601,0.9135352760736196,0.8502684049079755,0.10678680981595091,0.4449769938650307,量能水平;量能波动,2,False
SH688520,35.19,0.7921129,0.7396472392638037,0.8941717791411042,0.5699769938650306,0.9520705521472392,量能波动;量能比,2,False
SH688521,193.0,36.529644,0.9992331288343558,0.9948236196319018,0.13726993865030676,0.589340490797546,量能水平;量能波动,2,False
SH688522,17.900002,0.5930234,0.44516871165644173,0.01495398773006135,0.14321319018404907,0.5709355828220859,,0,True
SH688523,38.069996,1.1181473,0.5452453987730062,0.3771088957055215,0.30924079754601225,0.5460122699386503,,0,True
SH688525,198.25,34.485756,0.8445168711656442,0.8264953987730062,0.4143021472392638,0.8278374233128835,量能水平;量能波动;量能比,3,False
SH688529,15.099999,0.22063497,0.620782208588957,0.5816717791411042,0.8916794478527608,0.7772239263803681,量能动量,1,False
SH688530,57.450005,4.888321,0.7996549079754601,0.6804064417177914,0.23351226993865032,0.5826303680981595,,0,True
SH688531,126.6,5.0608187,0.8947469325153374,0.8320552147239264,0.7406058282208589,0.7473159509202454,量能水平;量能波动,2,False
SH688535,101.310005,6.9095592,0.8610046012269938,0.7799079754601227,0.20954754601226994,0.8192101226993865,量能水平;量能比,2,False
SH688536,342.42,8.719047,0.9123849693251533,0.8339723926380368,0.1968941717791411,0.5210889570552147,量能水平;量能波动,2,False
SH688538,2.04,1.4645795,0.8690567484662577,0.6842407975460123,0.4741180981595092,0.13362730061349692,量能水平,1,False
SH688539,23.92,0.51614624,0.3309049079754601,0.410851226993865,0.11637269938650306,0.6439800613496932,,0,True
SH688543,41.980003,4.354657,0.8648389570552147,0.7152990797546013,0.2666794478527607,0.09413343558282208,量能水平,1,False
SH688545,72.0,6.368788,0.8190184049079755,0.7695552147239264,0.09528374233128835,0.620398773006135,量能水平,1,False
SH688548,31.640001,8.99182,0.9125766871165644,0.9265720858895705,0.03125,0.580329754601227,量能水平;量能波动,2,False
SH688549,21.99,13.474752,0.9831288343558282,0.9618481595092024,0.0692101226993865,0.3113496932515337,量能水平;量能波动,2,False
SH688550,36.280003,1.0262675,0.6422546012269938,0.6777223926380368,0.4745015337423313,0.7551763803680982,,0,True
SH688551,38.280003,1.715362,0.7283358895705522,0.7777990797546013,0.8491180981595092,0.7126150306748467,量能动量,1,False
SH688552,29.07,1.3239166,0.6186733128834356,0.6119631901840491,0.7055214723926381,0.12078220858895705,,0,True
SH688553,12.09,1.1859398,0.8381901840490797,0.9449769938650306,0.838957055214724,0.9551380368098159,量能水平;量能波动;量能动量;量能比,4,False
SH688556,7.57,1.4890512,0.7791411042944786,0.39589723926380366,0.21664110429447853,0.18634969325153375,,0,True
SH688557,20.710001,0.29552367,0.26035276073619634,0.5318251533742331,0.7503834355828221,0.812308282208589,量能比,1,False
SH688558,33.649998,0.41074565,0.3138420245398773,0.21261503067484663,0.5692101226993865,0.6409125766871165,,0,True
SH688559,55.190002,6.9530687,0.9194785276073619,0.7967791411042945,0.740989263803681,0.5297162576687117,量能水平,1,False
SH688560,12.62,0.32459578,0.5205138036809815,0.2089723926380368,0.6242331288343558,0.5832055214723927,,0,True
SH688561,29.77,3.226422,0.995782208588957,0.9969325153374233,0.8057898773006135,0.7011119631901841,量能水平;量能波动;量能动量,3,False
SH688562,14.17,0.39198348,0.48101993865030673,0.2271855828220859,0.48773006134969327,0.23025306748466257,,0,True
SH688563,52.219997,1.4524914,0.7390720858895705,0.4976993865030675,0.4258052147239264,0.2402223926380368,,0,True
SH688565,11.4,0.23050699,0.21529907975460122,0.3824769938650307,0.32036042944785276,0.7327453987730062,,0,True
SH688566,27.48,0.4627886,0.4526457055214724,0.6359279141104295,0.8914877300613497,0.9231211656441718,量能动量;量能比,2,False
SH688567,8.79,0.82874954,0.8462423312883436,0.6940184049079755,0.6669861963190185,0.16583588957055215,量能水平,1,False
SH688568,28.8,2.7790384,0.8249616564417178,0.7691717791411042,0.651840490797546,0.39129601226993865,量能水平,1,False
SH688571,8.07,0.46234444,0.34394171779141103,0.3562116564417178,0.7565184049079755,0.8040644171779141,量能比,1,False
SH688573,15.22,0.39900592,0.5878067484662577,0.9070168711656442,0.9758435582822086,0.9677914110429447,量能波动;量能动量;量能比,3,False
SH688575,10.29,1.047942,0.9357745398773006,0.955329754601227,0.36100460122699385,0.7906441717791411,量能水平;量能波动,2,False
SH688577,40.15,0.40389967,0.08128834355828221,0.15567484662576686,0.33473926380368096,0.450920245398773,,0,True
SH688578,105.99,6.0031347,0.8069401840490797,0.8870782208588958,0.8510352760736196,0.9290644171779141,量能水平;量能波动;量能动量;量能比,4,False
SH688579,7.8399997,0.2147571,0.4858128834355828,0.5063266871165644,0.8364647239263804,0.6568251533742331,量能动量,1,False
SH688580,42.6,0.48550048,0.6600843558282209,0.571319018404908,0.678680981595092,0.7049463190184049,,0,True
SH688581,57.7,0.50651675,0.4746932515337423,0.6788726993865031,0.8826687116564417,0.8416411042944786,量能动量;量能比,2,False
SH688582,36.71,1.4170048,0.7360046012269938,0.5841641104294478,0.5393021472392638,0.49980828220858897,,0,True
SH688583,79.49,2.1809645,0.6903757668711656,0.8224693251533742,0.8964723926380368,0.6106211656441718,量能波动;量能动量,2,False
SH688584,27.58,2.7676907,0.8000383435582822,0.5757285276073619,0.4265720858895706,0.7726226993865031,量能水平,1,False
SH688585,133.2,4.102669,0.27569018404907975,0.5247315950920245,0.1169478527607362,0.723542944785276,,0,True
SH688586,10.990001,0.54678386,0.5571319018404908,0.5600076687116564,0.7603527607361963,0.5373849693251533,,0,True
SH688588,8.860001,0.37860304,0.7162576687116564,0.6851993865030674,0.3312883435582822,0.15625,,0,True
SH688589,20.289999,0.56600666,0.7037960122699386,0.41315184049079756,0.25,0.6995782208588958,,0,True
SH688590,12.0,0.69874555,0.625191717791411,0.7553680981595092,0.5786042944785276,0.7992714723926381,,0,True
SH688591,30.95,1.4479045,0.7175996932515337,0.8673312883435583,0.17638036809815952,0.9054831288343558,量能波动;量能比,2,False
SH688593,29.06,4.154311,0.8673312883435583,0.8399156441717791,0.647239263803681,0.5256901840490797,量能水平;量能波动,2,False
SH688595,30.329998,0.77237266,0.6240414110429447,0.6388036809815951,0.32016871165644173,0.7666794478527608,,0,True
SH688596,60.43,11.541238,0.9601226993865031,0.8456671779141104,0.0853144171779141,0.19478527607361965,量能水平;量能波动,2,False
SH688597,6.18,0.3131802,0.19631901840490798,0.4620398773006135,0.263420245398773,0.7287193251533742,,0,True
SH688598,33.000004,4.0267653,0.9438266871165644,0.9252300613496932,0.790069018404908,0.749808282208589,量能水平;量能波动,2,False
SH688599,10.68,3.1876118,0.9396088957055214,0.7363880368098159,0.3241947852760736,0.36713957055214724,量能水平,1,False
SH688600,34.75,2.2864866,0.8184432515337423,0.7912193251533742,0.029141104294478526,0.4279141104294479,量能水平,1,False
SH688601,57.41,2.9060519,0.8997315950920245,0.790260736196319,0.5540644171779141,0.15471625766871167,量能水平,1,False
SH688602,6.75,0.27056196,0.29160276073619634,0.2848926380368098,0.45130368098159507,0.5529141104294478,,0,True
SH688603,112.45,7.7106833,0.8495015337423313,0.7509585889570553,0.27108895705521474,0.5462039877300614,量能水平,1,False
SH688605,83.09,3.9097798,0.9031825153374233,0.7532592024539877,0.3218941717791411,0.21817484662576686,量能水平,1,False
SH688607,35.41,0.45617524,0.5621165644171779,0.60295245398773,0.8613880368098159,0.40644171779141103,量能动量,1,False
SH688608,110.54,5.4207506,0.9875383435582822,0.9986579754601227,0.40107361963190186,0.915069018404908,量能水平;量能波动;量能比,3,False
SH688609,8.81,1.5069549,0.8094325153374233,0.7921779141104295,0.4589723926380368,0.5187883435582822,量能水平,1,False
SH688610,151.8,1.9175655,0.5097776073619632,0.5093941717791411,0.2862346625766871,0.7091641104294478,,0,True
SH688611,64.54,0.8481634,0.1209739263803681,0.041986196319018405,0.47910276073619634,0.3458588957055215,,0,True
SH688612,32.55,2.1397815,0.8550613496932515,0.7252684049079755,0.3726993865030675,0.22795245398773006,量能水平,1,False
SH688613,19.62,1.0650779,0.9566717791411042,0.9666411042944786,0.21721625766871167,0.946510736196319,量能水平;量能波动;量能比,3,False
SH688615,83.41,3.7584915,0.8261119631901841,0.9340490797546013,0.3665644171779141,0.8953220858895705,量能水平;量能波动;量能比,3,False
SH688617,241.87999,3.6304736,0.7613113496932515,0.7116564417177914,0.8874616564417178,0.6330521472392638,量能动量,1,False
SH688618,28.160002,0.50956935,0.28412576687116564,0.4325153374233129,0.8138420245398773,0.39474693251533743,量能动量,1,False
SH688619,13.759999,0.57991046,0.714148773006135,0.4146855828220859,0.4946319018404908,0.13266871165644173,,0,True
SH688620,16.82,2.769969,0.8266871165644172,0.7808665644171779,0.2693634969325153,0.7963957055214724,量能水平,1,False
SH688621,71.41,2.1964543,0.8477760736196319,0.9144938650306749,0.07649539877300614,0.41276840490797545,量能水平;量能波动,2,False
SH688622,145.18,0.94405574,0.47430981595092025,0.7091641104294478,0.6717791411042945,0.8684815950920245,量能比,1,False
SH688623,63.42,0.36539775,0.24175613496932516,0.5958588957055214,0.8176763803680982,0.9560966257668712,量能动量;量能比,2,False
SH688625,69.86,4.647976,0.6878834355828221,0.5276073619631901,0.4190950920245399,0.7503834355828221,,0,True
SH688626,42.32,0.8401481,0.5276073619631901,0.8100076687116564,0.7777990797546013,0.9555214723926381,量能波动;量能比,2,False
SH688627,432.0,20.016861,0.8895705521472392,0.8385736196319018,0.26993865030674846,0.1585506134969325,量能水平;量能波动,2,False
SH688628,91.990005,5.5914283,0.9221625766871165,0.9369248466257669,0.9752684049079755,0.9829371165644172,量能水平;量能波动;量能动量;量能比,4,False
SH688629,106.22,16.070906,0.8736579754601227,0.8197852760736196,0.5791794478527608,0.5995015337423313,量能水平;量能波动,2,False
SH688630,397.29,15.252789,0.7258435582822086,0.6409125766871165,0.14532208588957055,0.5381518404907976,,0,True
SH688631,35.37,0.45213085,0.22488496932515337,0.3880368098159509,0.941909509202454,0.714532208588957,量能动量,1,False
SH688633,21.67,0.5756282,0.4628067484662577,0.16583588957055215,0.6961273006134969,0.08723159509202454,,0,True
SH688635,246.89,4.945204,0.9921395705521472,0.9766104294478528,0.28144171779141103,0.4781441717791411,量能水平;量能波动,2,False
SH688636,19.43,1.1535834,0.7645705521472392,0.7668711656441718,0.7195168711656442,0.7348542944785276,,0,True
SH688639,17.69,0.9172046,0.5103527607361963,0.7308282208588958,0.3682898773006135,0.8356978527607362,量能比,1,False
SH688646,73.5,1.6240944,0.6309432515337423,0.741180981595092,0.8109662576687117,0.8742331288343558,量能动量;量能比,2,False
SH688648,27.92,0.55072206,0.3847776073619632,0.36004601226993865,0.4697085889570552,0.30732361963190186,,0,True
SH688651,25.3,0.5893266,0.5766871165644172,0.5145705521472392,0.5828220858895705,0.6493481595092024,,0,True
SH688652,134.31999,5.49503,0.8142254601226994,0.6915260736196319,0.057707055214723926,0.36483895705521474,量能水平,1,False
SH688653,14.750001,1.5633388,0.870782208588957,0.6951687116564417,0.276840490797546,0.807707055214724,量能水平;量能比,2,False
SH688655,63.080006,8.140512,0.8809432515337423,0.6675613496932515,0.6370782208588958,0.558090490797546,量能水平,1,False
SH688656,137.66,1.2580383,0.4110429447852761,0.6374616564417178,0.9750766871165644,0.8159509202453987,量能动量;量能比,2,False
SH688657,33.32,0.32510665,0.23178680981595093,0.31671779141104295,0.30329754601226994,0.41315184049079756,,0,True
SH688658,13.03,1.7123526,0.910659509202454,0.879792944785276,0.41391871165644173,0.7085889570552147,量能水平;量能波动,2,False
SH688659,9.15,0.2794367,0.30483128834355827,0.1955521472392638,0.4173696319018405,0.5897239263803681,,0,True
SH688660,8.6,3.1344671,0.9267638036809815,0.6805981595092024,0.11905674846625768,0.10467791411042945,量能水平,1,False
SH688661,94.27999,3.8354173,0.4516871165644172,0.3642638036809816,0.31441717791411045,0.5500383435582822,,0,True
SH688662,114.49999,11.335401,0.8780674846625767,0.7639953987730062,0.8757668711656442,0.9321319018404908,量能水平;量能动量;量能比,3,False
SH688663,54.72,1.2766078,0.18673312883435583,0.2049463190184049,0.5887653374233128,0.6196319018404908,,0,True
SH688665,43.170002,0.28167623,0.13094325153374234,0.4804447852760736,0.9547546012269938,0.982170245398773,量能动量;量能比,2,False
SH688667,98.76,0.75382066,0.5611579754601227,0.5554064417177914,0.7129984662576687,0.6853911042944786,,0,True
SH688668,213.04,11.123177,0.6666027607361963,0.500191717791411,0.7962039877300614,0.6905674846625767,,0,True
SH688669,62.030003,1.6977081,0.5548312883435583,0.52204754601227,0.6443634969325154,0.6430214723926381,,0,True
SH688670,18.14,0.36475196,0.6407208588957055,0.5947085889570553,0.26898006134969327,0.661042944785276,,0,True
SH688671,25.36,0.31914395,0.53125,0.540260736196319,0.8830521472392638,0.8408742331288344,量能动量;量能比,2,False
SH688676,60.109997,6.567218,0.8232361963190185,0.7314033742331288,0.5674846625766872,0.23101993865030676,量能水平,1,False
SH688677,74.7,6.746747,0.8786426380368099,0.8362730061349694,0.6445552147239264,0.29620398773006135,量能水平;量能波动,2,False
SH688678,31.260002,6.743381,0.9089340490797546,0.9029907975460123,0.682898773006135,0.9396088957055214,量能水平;量能波动;量能比,3,False
SH688679,37.94,1.7643573,0.47699386503067487,0.35391104294478526,0.19900306748466257,0.3619631901840491,,0,True
SH688680,38.770004,0.5598087,0.9022239263803681,0.8866947852760736,0.8991564417177914,0.9472776073619632,量能水平;量能波动;量能动量;量能比,4,False
SH688681,15.39,0.303324,0.27933282208588955,0.2476993865030675,0.5463957055214724,0.3811349693251534,,0,True
SH688682,34.65,0.55199677,0.3866947852760736,0.9281058282208589,0.9973159509202454,0.9861963190184049,量能波动;量能动量;量能比,3,False
SH688683,30.55,0.380814,0.08684815950920245,0.07304447852760736,0.07592024539877301,0.625,,0,True
SH688685,33.08,1.0956541,0.4436349693251534,0.4881134969325153,0.8853527607361963,0.8472009202453987,量能动量;量能比,2,False
SH688686,130.01,2.5095882,0.8376150306748467,0.767829754601227,0.4311733128834356,0.19536042944785276,量能水平,1,False
SH688687,18.6,0.44272855,0.5688266871165644,0.6685199386503068,0.9208205521472392,0.9572469325153374,量能动量;量能比,2,False
SH688689,39.32,2.1613963,0.7388803680981595,0.879217791411043,0.5038343558282209,0.8776840490797546,量能波动;量能比,2,False
SH688690,46.16,5.0125113,0.9940567484662577,0.973542944785276,0.0651840490797546,0.5433282208588958,量能水平;量能波动,2,False
SH688691,60.47,1.8550538,0.6978527607361963,0.6758052147239264,0.42695552147239263,0.6840490797546013,,0,True
SH688692,192.87999,1.8561461,0.6932515337423313,0.736579754601227,0.4229294478527607,0.5494631901840491,,0,True
SH688693,71.340004,1.1132687,0.6501150306748467,0.39973159509202455,0.24424846625766872,0.3845858895705521,,0,True
SH688695,19.92,0.22867832,0.3604294478527607,0.15337423312883436,0.589148773006135,0.39800613496932513,,0,True
SH688696,81.06,1.2594893,0.9551380368098159,0.9359662576687117,0.9058665644171779,0.2597776073619632,量能水平;量能波动;量能动量,3,False
SH688697,14.79,1.0962929,0.4683665644171779,0.3044478527607362,0.3017638036809816,0.27300613496932513,,0,True
SH688698,42.260002,1.4178177,0.3989647239263804,0.43941717791411045,0.5293328220858896,0.42523006134969327,,0,True
SH688699,64.600006,2.1936798,0.7716641104294478,0.5885736196319018,0.24367331288343558,0.8048312883435583,量能比,1,False
SH688700,61.920002,8.78351,0.8728911042944786,0.7684049079754601,0.5764953987730062,0.3205521472392638,量能水平,1,False
SH688701,8.63,0.21111979,0.2308282208588957,0.26399539877300615,0.8688650306748467,0.3669478527607362,量能动量,1,False
SH688702,307.72998,21.560183,0.9261886503067485,0.8552530674846626,0.16756134969325154,0.6771472392638037,量能水平;量能波动,2,False
SH688707,9.849999,0.48553905,0.808282208588957,0.6683282208588958,0.8159509202453987,0.2870015337423313,量能水平;量能动量,2,False
SH688708,38.170002,0.6804609,0.6163726993865031,0.45648006134969327,0.4664493865030675,0.2392638036809816,,0,True
SH688709,25.379997,0.90026355,0.44976993865030673,0.5707438650306749,0.8679064417177914,0.7632285276073619,量能动量,1,False
SH688710,95.05,3.0571165,0.5479294478527608,0.7168328220858896,0.5525306748466258,0.8163343558282209,量能比,1,False
SH688711,26.51,2.5996778,0.9029907975460123,0.9010736196319018,0.2289110429447853,0.7676380368098159,量能水平;量能波动,2,False
SH688712,30.579998,0.51363033,0.504792944785276,0.634010736196319,0.06844325153374232,0.807898773006135,量能比,1,False
SH688716,25.75,0.39892277,0.2860429447852761,0.6175230061349694,0.5993098159509203,0.8046395705521472,量能比,1,False
SH688717,40.469997,2.230236,0.9319401840490797,0.7292944785276073,0.6184815950920245,0.7020705521472392,量能水平,1,False
SH688718,14.820001,0.264487,0.45820552147239263,0.5686349693251533,0.8383819018404908,0.8610046012269938,量能动量;量能比,2,False
SH688719,56.820004,2.8447165,0.8289877300613497,0.8418328220858896,0.584739263803681,0.6547162576687117,量能水平;量能波动,2,False
SH688720,63.550003,2.3200753,0.7285276073619632,0.5870398773006135,0.19440184049079753,0.5908742331288344,,0,True
SH688721,39.489998,1.1541148,0.5797546012269938,0.46108128834355827,0.3410659509202454,0.5609662576687117,,0,True
SH688722,14.3,0.3525259,0.2204754601226994,0.15241564417177914,0.2611196319018405,0.3951303680981595,,0,True
SH688726,46.079998,2.580987,0.9181365030674846,0.9537960122699386,0.04351993865030675,0.9093174846625767,量能水平;量能波动;量能比,3,False
SH688727,45.600002,1.39978,0.7680214723926381,0.5931748466257669,0.15471625766871167,0.464148773006135,,0,True
SH688728,13.81,2.9647539,0.9758435582822086,0.9589723926380368,0.19382668711656442,0.7210506134969326,量能水平;量能波动,2,False
SH688729,22.48,7.0878005,0.9743098159509203,0.9679831288343558,0.11464723926380369,0.5485046012269938,量能水平;量能波动,2,False
SH688733,27.16,1.3412281,0.8669478527607362,0.8194018404907976,0.6044861963190185,0.61579754601227,量能水平;量能波动,2,False
SH688737,16.98,0.22454125,0.38765337423312884,0.36503067484662577,0.7371549079754601,0.7375383435582822,,0,True
SH688739,20.64,0.31093583,0.6065950920245399,0.6533742331288344,0.6014187116564417,0.8025306748466258,量能比,1,False
SH688750,13.65,0.3075717,0.40950920245398775,0.3136503067484663,0.7304447852760736,0.3236196319018405,,0,True
SH688755,29.759998,0.6443122,0.48734662576687116,0.7827837423312883,0.7898773006134969,0.9942484662576687,量能比,1,False
SH688757,28.779999,2.776508,0.8379984662576687,0.8811349693251533,0.7041794478527608,0.7898773006134969,量能水平;量能波动,2,False
SH688758,31.230001,3.0621572,0.8019555214723927,0.7664877300613497,0.055789877300613494,0.7871932515337423,量能水平,1,False
SH688759,21.69,0.84142,0.6278757668711656,0.6790644171779141,0.1058282208588957,0.7875766871165644,,0,True
SH688765,40.300003,1.3848859,0.8934049079754601,0.982170245398773,0.3222776073619632,0.9532208588957055,量能水平;量能波动;量能比,3,False
SH688766,379.57,33.92429,0.9886886503067485,0.9827453987730062,0.051955521472392636,0.7160659509202454,量能水平;量能波动,2,False
SH688767,41.3,0.94741035,0.5977760736196319,0.7398389570552147,0.12078220858895705,0.9380751533742331,量能比,1,False
SH688768,47.260002,0.3268501,0.16180981595092025,0.4666411042944785,0.982170245398773,0.9394171779141104,量能动量;量能比,2,False
SH688772,13.860001,2.8677278,0.9658742331288344,0.9624233128834356,0.5555981595092024,0.6449386503067485,量能水平;量能波动,2,False
SH688775,89.72,3.8782313,0.973351226993865,0.6106211656441718,0.536042944785276,0.8096242331288344,量能水平;量能比,2,False
SH688776,49.600002,0.9359319,0.7685966257668712,0.9842791411042945,0.9854294478527608,0.9854294478527608,量能波动;量能动量;量能比,3,False
SH688777,77.11,10.035309,0.9823619631901841,0.9860046012269938,0.48255368098159507,0.7216257668711656,量能水平;量能波动,2,False
SH688778,40.35,2.5208428,0.9202453987730062,0.9075920245398773,0.7789493865030674,0.40567484662576686,量能水平;量能波动,2,False
SH688779,7.17,1.2479974,0.9098926380368099,0.8999233128834356,0.9497699386503068,0.7998466257668712,量能水平;量能波动;量能动量,3,False
SH688781,42.089996,1.6604536,0.7528757668711656,0.9304064417177914,0.9426763803680982,0.9812116564417178,量能波动;量能动量;量能比,3,False
SH688783,27.809998,5.975634,0.955329754601227,0.963957055214724,0.4833205521472393,0.8508435582822086,量能水平;量能波动;量能比,3,False
SH688785,350.0,2.509973,0.8700153374233128,0.8826687116564417,0.10141871165644172,0.7538343558282209,量能水平;量能波动,2,False
SH688786,26.71,1.0752343,0.6790644171779141,0.6273006134969326,0.1437883435582822,0.5575153374233128,,0,True
SH688787,87.05,1.6229799,0.7503834355828221,0.687308282208589,0.6403374233128835,0.40797546012269936,,0,True
SH688788,27.059998,0.83844006,0.7963957055214724,0.7172162576687117,0.928680981595092,0.2210506134969325,量能动量,1,False
SH688789,49.359997,1.0934554,0.7638036809815951,0.8742331288343558,0.9380751533742331,0.8912960122699386,量能波动;量能动量;量能比,3,False
SH688790,101.89,2.037685,0.9317484662576687,0.9768021472392638,0.015529141104294479,0.9101802147239264,量能水平;量能波动;量能比,3,False
SH688793,17.95,0.2781375,0.7687883435582822,0.6798312883435583,0.6898006134969326,0.7927530674846626,,0,True
SH688795,408.88,23.953249,0.9996165644171779,0.9996165644171779,0.05521472392638037,0.6301763803680982,量能水平;量能波动,2,False
SH688796,127.21,3.6315703,0.7735812883435583,0.7839340490797546,0.019171779141104295,0.5784125766871165,,0,True
SH688797,256.58,8.497215,0.9963573619631901,0.9934815950920245,0.06556748466257668,0.47641871165644173,量能水平;量能波动,2,False
SH688798,53.98,2.5497077,0.9812116564417178,0.9758435582822086,0.2116564417177914,0.27070552147239263,量能水平;量能波动,2,False
SH688799,55.0,1.4885547,0.5799463190184049,0.7762653374233128,0.07937116564417178,0.8673312883435583,量能比,1,False
SH688800,56.25,7.1015925,0.9244631901840491,0.9095092024539877,0.82170245398773,0.553680981595092,量能水平;量能波动;量能动量,3,False
SH688802,519.99,18.263283,0.9988496932515337,1.0,0.021664110429447853,0.8541027607361963,量能水平;量能波动;量能比,3,False
SH688805,38.59,0.4745479,0.42733895705521474,0.3414493865030675,0.522430981595092,0.6305598159509203,,0,True
SH688807,298.19,6.6899104,0.9388420245398773,0.7162576687116564,0.16353527607361965,0.4952070552147239,量能水平,1,False
SH688808,2174.99,21.053127,0.9741180981595092,0.9656825153374233,0.23293711656441718,0.3891871165644172,量能水平;量能波动,2,False
SH688809,462.79996,8.071481,0.915260736196319,0.8631134969325154,0.3433665644171779,0.11541411042944785,量能水平;量能波动,2,False
SH688811,19.47,0.93913686,0.48504601226993865,0.5109279141104295,0.07515337423312883,0.6213573619631901,,0,True
SH688813,135.15,7.94881,0.8732745398773006,0.8648389570552147,0.36713957055214724,0.5724693251533742,量能水平;量能波动,2,False
SH688818,40.780003,2.0867639,0.8899539877300614,0.7465490797546013,0.30732361963190186,0.6850076687116564,量能水平,1,False
SH688819,20.26,0.35910428,0.5550230061349694,0.2641871165644172,0.6361196319018405,0.5258819018404908,,0,True
SH688820,121.07,15.075046,0.9846625766871165,0.9787193251533742,0.01495398773006135,0.3433665644171779,量能水平;量能波动,2,False
SH688981,116.56,33.6479,0.9980828220858896,0.9923312883435583,0.2308282208588957,0.40778374233128833,量能水平;量能波动,2,False
SZ000001,11.3,10.313668,0.8402990797546013,0.6666027607361963,0.36848159509202455,0.5345092024539877,量能水平,1,False
SZ000002,3.71,11.294292,0.7152990797546013,0.901457055214724,0.5766871165644172,0.9936733128834356,量能波动;量能比,2,False
SZ000006,7.3199997,1.4189749,0.07592024539877301,0.07151073619631902,0.9342407975460123,0.8934049079754601,量能动量;量能比,2,False
SZ000007,10.910001,0.93732005,0.14973159509202455,0.07285276073619631,0.812691717791411,0.18270705521472394,量能动量,1,False
SZ000008,2.35,0.6239754,0.6018021472392638,0.5364263803680982,0.5299079754601227,0.5335506134969326,,0,True
SZ000009,6.7599998,0.94833624,0.04313650306748466,0.037960122699386506,0.7268021472392638,0.6019938650306749,,0,True
SZ000010,1.47,0.33966917,0.22258435582822086,0.16986196319018404,0.2036042944785276,0.07036042944785276,,0,True
SZ000011,10.120001,2.0728168,0.4570552147239264,0.22085889570552147,0.6924846625766872,0.29984662576687116,,0,True
SZ000012,3.6699998,0.7916616,0.033358895705521474,0.02607361963190184,0.3677147239263804,0.6752300613496932,,0,True
SZ000014,11.2,0.8460933,0.031058282208588958,0.3307131901840491,0.9844708588957055,0.8418328220858896,量能动量;量能比,2,False
SZ000017,7.3599997,6.4296284,0.8807515337423313,0.8845858895705522,0.11867331288343558,0.3309049079754601,量能水平;量能波动,2,False
SZ000019,6.66,2.6084082,0.584930981595092,0.4315567484662577,0.027223926380368097,0.031825153374233126,,0,True
SZ000020,14.639999,1.5447738,0.4647239263803681,0.5736196319018405,0.8121165644171779,0.7373466257668712,量能动量,1,False
SZ000021,33.68,23.865131,0.959930981595092,0.9350076687116564,0.0638420245398773,0.5021088957055214,量能水平;量能波动,2,False
SZ000025,14.96,1.3183746,0.2013036809815951,0.13420245398773006,0.8203604294478528,0.05943251533742331,量能动量,1,False
SZ000026,18.76,1.6174161,0.11177147239263803,0.11598926380368098,0.13151840490797545,0.21453220858895705,,0,True
SZ000027,6.1800003,1.3600626,0.1481978527607362,0.04677914110429448,0.35506134969325154,0.1773389570552147,,0,True
SZ000028,19.46,0.38546997,0.0019171779141104294,0.0005751533742331289,0.67829754601227,0.6541411042944786,,0,True
SZ000029,21.57,1.2474402,0.0718941717791411,0.33339723926380366,0.40241564417177916,0.924079754601227,量能比,1,False
SZ000030,3.8599997,0.36619607,0.055789877300613494,0.028374233128834355,0.3548696319018405,0.3911042944785276,,0,True
SZ000031,2.27,1.2805616,0.3447085889570552,0.47776073619631904,0.3581288343558282,0.8682898773006135,量能比,1,False
SZ000032,13.41,3.7648897,0.7317868098159509,0.5642254601226994,0.4768021472392638,0.5655674846625767,,0,True
SZ000034,22.699999,4.0859413,0.4603144171779141,0.7043711656441718,0.875191717791411,0.8211273006134969,量能动量;量能比,2,False
SZ000035,4.7,1.4942935,0.781441717791411,0.8332055214723927,0.8454754601226994,0.6347776073619632,量能波动;量能动量,2,False
SZ000036,3.83,1.1047809,0.11407208588957055,0.3901457055214724,0.7948619631901841,0.9288726993865031,量能比,1,False
SZ000037,8.96,1.6720704,0.3859279141104294,0.49578220858895705,0.09490030674846625,0.17963957055214724,,0,True
SZ000039,8.57,2.6526139,0.13075153374233128,0.03565950920245399,0.29045245398773006,0.19190950920245398,,0,True
SZ000042,8.16,0.45214328,0.09796779141104295,0.1892254601226994,0.8504601226993865,0.7622699386503068,量能动量,1,False
SZ000045,11.249999,0.49367115,0.08742331288343558,0.1773389570552147,0.9029907975460123,0.6146472392638037,量能动量,1,False
SZ000048,17.960001,3.7176185,0.8220858895705522,0.8960889570552147,0.008819018404907975,0.6267254601226994,量能水平;量能波动,2,False
SZ000049,21.65,0.99524176,0.01687116564417178,0.012078220858895705,0.6363113496932515,0.42388803680981596,,0,True
SZ000050,6.2599998,1.2658229,0.356978527607362,0.3554447852760736,0.5927914110429447,0.7779907975460123,,0,True
SZ000055,3.85,0.5828513,0.21491564417177914,0.33320552147239263,0.24213957055214724,0.8719325153374233,量能比,1,False
SZ000056,2.73,0.9489923,0.5333588957055214,0.2701303680981595,0.07572852760736197,0.3533358895705521,,0,True
SZ000058,7.1200004,0.612244,0.5594325153374233,0.6738880368098159,0.9743098159509203,0.8301380368098159,量能动量;量能比,2,False
SZ000059,5.6200004,4.081316,0.7783742331288344,0.6493481595092024,0.7672546012269938,0.07783742331288343,,0,True
SZ000060,5.7400002,5.7313395,0.30099693251533743,0.22488496932515337,0.7772239263803681,0.23945552147239263,,0,True
SZ000061,5.87,1.8588694,0.32515337423312884,0.06000766871165644,0.20245398773006135,0.018404907975460124,,0,True
SZ000062,21.839998,5.7909184,0.7737730061349694,0.8119248466257669,0.18059815950920247,0.2871932515337423,量能波动,1,False
SZ000063,30.79,20.734375,0.7032208588957055,0.6583588957055214,0.6263420245398773,0.7488496932515337,,0,True
SZ000065,9.58,1.6932583,0.08032975460122699,0.1388036809815951,0.48964723926380366,0.7417561349693251,,0,True
SZ000066,14.16,15.475965,0.9394171779141104,0.9950153374233128,0.9137269938650306,0.9850460122699386,量能水平;量能波动;量能动量;量能比,4,False
SZ000068,3.2199998,0.4274007,0.2668711656441718,0.12710889570552147,0.6146472392638037,0.5954754601226994,,0,True
SZ000069,1.8600001,1.3043455,0.1085122699386503,0.2791411042944785,0.7317868098159509,0.9457438650306749,量能比,1,False
SZ000070,16.15,14.726696,0.9750766871165644,0.9884969325153374,0.1888420245398773,0.8023389570552147,量能水平;量能波动;量能比,3,False
SZ000078,1.5,1.0769544,0.6644938650306749,0.44171779141104295,0.5233895705521472,0.209739263803681,,0,True
SZ000088,4.5699997,1.4068557,0.15279907975460122,0.14838957055214724,0.7384969325153374,0.11905674846625768,,0,True
SZ000089,6.5600004,0.85612893,0.24233128834355827,0.4365414110429448,0.7950536809815951,0.696319018404908,,0,True
SZ000090,3.5600002,0.710373,0.1901840490797546,0.4074003067484663,0.633819018404908,0.8316717791411042,量能比,1,False
SZ000096,7.91,0.4304046,0.0830138036809816,0.025881901840490797,0.12845092024539878,0.07515337423312883,,0,True
SZ000099,12.74,0.77771354,0.14263803680981596,0.08128834355828221,0.7480828220858896,0.3799846625766871,,0,True
SZ000100,4.8,18.664474,0.9791027607361963,0.9714340490797546,0.03815184049079755,0.6435966257668712,量能水平;量能波动,2,False
SZ000151,10.14,0.8063411,0.32400306748466257,0.5164877300613497,0.803680981595092,0.7847009202453987,量能动量,1,False
SZ000153,6.1,0.6897433,0.26533742331288346,0.3318634969325153,0.3134585889570552,0.5632668711656442,,0,True
SZ000155,10.889999,2.6910083,0.6221242331288344,0.19382668711656442,0.3987730061349693,0.09739263803680982,,0,True
SZ000156,6.88,0.7765176,0.77204754601227,0.9137269938650306,0.5542561349693251,0.9135352760736196,量能波动;量能比,2,False
SZ000157,5.9,2.431255,0.01246165644171779,0.0325920245398773,0.9167944785276073,0.5174463190184049,量能动量,1,False
SZ000158,12.200001,5.22162,0.6614263803680982,0.6664110429447853,0.19305981595092025,0.15337423312883436,,0,True
SZ000159,5.4900002,0.49451348,0.33454754601226994,0.24348159509202455,0.6121549079754601,0.633819018404908,,0,True
SZ000166,4.34,2.7499926,0.9783358895705522,0.9190950920245399,0.7197085889570553,0.39704754601226994,量能水平;量能波动,2,False
SZ000301,13.23,4.443676,0.7570935582822086,0.4697085889570552,0.23715490797546013,0.03585122699386503,,0,True
SZ000333,82.00001,19.701685,0.7394555214723927,0.9277223926380368,0.5419861963190185,0.8602377300613497,量能波动;量能比,2,False
SZ000338,24.62,22.488392,0.8240030674846626,0.7774156441717791,0.23600460122699388,0.3901457055214724,量能水平,1,False
SZ000400,20.59,2.1859393,0.30348926380368096,0.5636503067484663,0.9275306748466258,0.6288343558282209,量能动量,1,False
SZ000401,3.51,0.36802995,0.11675613496932516,0.3460506134969325,0.6759969325153374,0.7751150306748467,,0,True
SZ000402,2.61,1.8717295,0.23811349693251535,0.6004601226993865,0.37921779141104295,0.9319401840490797,量能比,1,False
SZ000403,9.8,0.5623374,0.03987730061349693,0.054831288343558285,0.7262269938650306,0.803680981595092,量能比,1,False
SZ000404,6.75,0.41098687,0.0571319018404908,0.04256134969325153,0.8092407975460123,0.3272622699386503,量能动量,1,False
SZ000407,4.17,0.6613561,0.20149539877300612,0.06595092024539877,0.5736196319018405,0.3677147239263804,,0,True
SZ000408,69.9,7.273431,0.12557515337423314,0.021664110429447853,0.2906441717791411,0.20954754601226994,,0,True
SZ000409,8.73,0.6473994,0.5015337423312883,0.38516104294478526,0.12576687116564417,0.0651840490797546,,0,True
SZ000410,5.1200004,1.2671019,0.4288726993865031,0.8506518404907976,0.003067484662576687,0.906441717791411,量能波动;量能比,2,False
SZ000411,10.1,0.418648,0.015912576687116563,0.3583205521472393,0.9605061349693251,0.928489263803681,量能动量;量能比,2,False
SZ000415,4.06,2.8335917,0.7070552147239264,0.816717791411043,0.597967791411043,0.6273006134969326,量能波动,1,False
SZ000417,5.7,2.9818637,0.24003067484662577,0.20341257668711657,0.10065184049079755,0.04869631901840491,,0,True
SZ000419,5.01,0.3568187,0.049079754601226995,0.031633435582822084,0.28680981595092025,0.1156058282208589,,0,True
SZ000420,3.47,1.7231301,0.5995015337423313,0.5136119631901841,0.43730828220858897,0.1968941717791411,,0,True
SZ000421,5.6299996,0.4891464,0.13631134969325154,0.20954754601226994,0.05694018404907975,0.2089723926380368,,0,True
SZ000422,11.54,2.566508,0.23542944785276074,0.21549079754601227,0.8535276073619632,0.08895705521472393,量能动量,1,False
SZ000423,45.28,2.221916,0.013420245398773007,0.013611963190184049,0.24501533742331288,0.5649923312883436,,0,True
SZ000425,7.06,10.039351,0.4267638036809816,0.33013803680981596,0.15874233128834356,0.2931365030674847,,0,True
SZ000426,31.17,18.17502,0.43730828220858897,0.3690567484662577,0.6088957055214724,0.22220092024539878,,0,True
SZ000428,3.8700001,3.6666436,0.683090490797546,0.6221242331288344,0.06365030674846625,0.10256901840490798,,0,True
SZ000429,12.380001,1.0474427,0.04754601226993865,0.04160276073619632,0.41142638036809814,0.0897239263803681,,0,True
SZ000430,6.72,2.1237376,0.6455138036809815,0.3633052147239264,0.04716257668711656,0.013803680981595092,,0,True
SZ000488,2.1200001,0.30935508,0.18692484662576686,0.2772239263803681,0.1976610429447853,0.3199769938650307,,0,True
SZ000498,5.76,0.8490794,0.3057898773006135,0.9121932515337423,0.9902223926380368,0.9906058282208589,量能波动;量能动量;量能比,3,False
SZ000501,6.9700003,0.90558386,0.12921779141104295,0.07707055214723926,0.41545245398773006,0.03240030674846626,,0,True
SZ000503,7.4399996,0.9303433,0.3029141104294479,0.8057898773006135,0.9921395705521472,0.8805598159509203,量能波动;量能动量;量能比,3,False
SZ000504,12.36,2.0518637,0.4794861963190184,0.9769938650306749,0.2816334355828221,0.9982745398773006,量能波动;量能比,2,False
SZ000505,6.13,4.2326407,0.879792944785276,0.6572085889570553,0.1374616564417178,0.01821319018404908,量能水平,1,False
SZ000506,16.380001,10.712161,0.8029141104294478,0.04294478527607362,0.14589723926380369,0.09259969325153375,量能水平,1,False
SZ000507,4.9,0.48348656,0.06997699386503067,0.08186349693251534,0.31901840490797545,0.2860429447852761,,0,True
SZ000509,3.49,1.2961873,0.7047546012269938,0.9325153374233128,0.12960122699386503,0.9848542944785276,量能波动;量能比,2,False
SZ000510,17.11,7.4969983,0.5383435582822086,0.31307515337423314,0.16506901840490798,0.5989263803680982,,0,True
SZ000513,30.339998,1.7729772,0.00786042944785276,0.3567868098159509,0.9965490797546013,0.9478527607361963,量能动量;量能比,2,False
SZ000514,4.3399997,0.729858,0.5107361963190185,0.5049846625766872,0.1892254601226994,0.30023006134969327,,0,True
SZ000516,4.26,0.87210995,0.031633435582822084,0.13669478527607362,0.20322085889570551,0.6156058282208589,,0,True
SZ000517,2.01,0.7748984,0.2921779141104294,0.22469325153374234,0.20379601226993865,0.7760736196319018,,0,True
SZ000518,3.72,1.2639661,0.16851993865030676,0.13822852760736196,0.6150306748466258,0.24712423312883436,,0,True
SZ000519,14.459999,10.94917,0.8500766871165644,0.6859662576687117,0.21683282208588958,0.0584739263803681,量能水平,1,False
SZ000520,4.0499997,2.136834,0.709739263803681,0.6142638036809815,0.2687883435582822,0.02549846625766871,,0,True
SZ000521,4.2799997,0.41358083,0.11081288343558282,0.09930981595092024,0.36119631901840493,0.12883435582822086,,0,True
SZ000523,3.18,6.263444,0.941717791411043,0.8412576687116564,0.11349693251533742,0.23734662576687116,量能水平;量能波动,2,False
SZ000524,8.76,1.0025523,0.24923312883435583,0.21894171779141106,0.1807898773006135,0.09796779141104295,,0,True
SZ000525,4.3900003,1.1816638,0.5776457055214724,0.5279907975460123,0.2406058282208589,0.1460889570552147,,0,True
SZ000526,35.38,1.0962869,0.06288343558282208,0.06441717791411043,0.8353144171779141,0.1834739263803681,量能动量,1,False
SZ000528,7.4300003,2.3708596,0.07476993865030675,0.023197852760736198,0.12557515337423314,0.08128834355828221,,0,True
SZ000529,5.01,0.2908495,0.15605828220858894,0.16679447852760737,0.29869631901840493,0.06805981595092024,,0,True
SZ000530,5.1699996,0.94443613,0.16660276073619631,0.17465490797546013,0.4399923312883436,0.2753067484662577,,0,True
SZ000531,5.4700003,0.45297045,0.02607361963190184,0.0023006134969325155,0.3633052147239264,0.1330521472392638,,0,True
SZ000532,12.45,2.772489,0.3554447852760736,0.7269938650306749,0.21127300613496933,0.9904141104294478,量能比,1,False
SZ000533,10.04,5.7716775,0.8473926380368099,0.7785659509202454,0.011311349693251534,0.09010736196319018,量能水平,1,False
SZ000534,21.800001,3.7749004,0.3151840490797546,0.14263803680981596,0.8264953987730062,0.42120398773006135,量能动量,1,False
SZ000536,3.3900003,2.9940867,0.7199003067484663,0.8788343558282209,0.6102377300613497,0.7776073619631901,量能波动,1,False
SZ000537,7.2799997,1.4365722,0.6014187116564417,0.4217791411042945,0.11944018404907976,0.08320552147239264,,0,True
SZ000538,50.329998,3.800144,0.0036426380368098157,0.0007668711656441718,0.36349693251533743,0.567101226993865,,0,True
SZ000539,4.9300003,2.691717,0.6079371165644172,0.5598159509202454,0.22469325153374234,0.14302147239263804,,0,True
SZ000541,4.85,0.24344882,0.0011503067484662577,0.006901840490797546,0.8502684049079755,0.47795245398773006,量能动量,1,False
SZ000543,7.17,1.4684862,0.15682515337423314,0.11713957055214724,0.7513420245398773,0.3485429447852761,,0,True
SZ000544,7.15,0.20327362,0.021088957055214724,0.027415644171779142,0.5180214723926381,0.5101610429447853,,0,True
SZ000545,2.16,1.5099702,0.6244248466257669,0.42714723926380366,0.23504601226993865,0.00843558282208589,,0,True
SZ000546,4.2599998,0.44801152,0.27837423312883436,0.3161426380368098,0.6134969325153374,0.683282208588957,,0,True
SZ000547,14.06,8.161885,0.6706288343558282,0.843558282208589,0.8381901840490797,0.7609279141104295,量能波动;量能动量,2,False
SZ000548,4.58,0.24419066,0.10103527607361963,0.13611963190184048,0.5720858895705522,0.27243098159509205,,0,True
SZ000550,16.119999,0.75849146,0.002492331288343558,0.0072852760736196315,0.46050613496932513,0.39723926380368096,,0,True
SZ000551,11.63,1.2176298,0.19344325153374234,0.2534509202453988,0.3090490797546012,0.39244631901840493,,0,True
SZ000552,2.4399998,2.0625184,0.5991180981595092,0.4129601226993865,0.4651073619631902,0.18309049079754602,,0,True
SZ000553,5.38,0.5403044,0.21970858895705522,0.060199386503067484,0.4445935582822086,0.057515337423312884,,0,True
SZ000554,6.2400002,1.3004717,0.23025306748466257,0.12193251533742332,0.14743098159509202,0.027799079754601226,,0,True
SZ000555,9.77,1.8281451,0.46088957055214724,0.8771088957055214,0.9442101226993865,0.9603144171779141,量能波动;量能动量;量能比,3,False
SZ000557,3.5700002,0.2825609,0.2289110429447853,0.28911042944785276,0.41641104294478526,0.5251150306748467,,0,True
SZ000558,3.5199997,1.4938807,0.3811349693251534,0.23715490797546013,0.10276073619631902,0.06556748466257668,,0,True
SZ000559,10.91,4.900408,0.10736196319018405,0.5385352760736196,0.15433282208588958,0.9741180981595092,量能比,1,False
SZ000560,3.71,16.160557,0.9781441717791411,0.9804447852760736,0.834930981595092,0.6200153374233128,量能水平;量能波动;量能动量,3,False
SZ000561,7.54,0.86032647,0.3343558282208589,0.4965490797546012,0.15049846625766872,0.6552914110429447,,0,True
SZ000563,2.88,1.1555187,0.3318634969325153,0.12346625766871165,0.5416027607361963,0.33588957055214724,,0,True
SZ000564,1.4399999,6.8395467,0.9815950920245399,0.8918711656441718,0.3487346625766871,0.013228527607361963,量能水平;量能波动,2,False
SZ000565,6.35,1.651788,0.361579754601227,0.16180981595092025,0.2043711656441718,0.05387269938650307,,0,True
SZ000566,4.64,3.096946,0.4179447852760736,0.7289110429447853,0.4647239263803681,0.892829754601227,量能比,1,False
SZ000567,5.82,2.018153,0.15835889570552147,0.0678680981595092,0.46721625766871167,0.04236963190184049,,0,True
SZ000568,69.96,6.557711,0.023197852760736198,0.03642638036809816,0.6050613496932515,0.5868481595092024,,0,True
SZ000570,5.22,0.43833157,0.20839723926380369,0.19190950920245398,0.5807131901840491,0.5304831288343558,,0,True
SZ000571,6.34,1.3169475,0.5,0.39129601226993865,0.23677147239263804,0.7475076687116564,,0,True
SZ000572,3.96,3.9623618,0.8546779141104295,0.8533358895705522,0.15644171779141106,0.8115414110429447,量能水平;量能波动;量能比,3,False
SZ000573,3.8,0.5125166,0.20782208588957055,0.12557515337423314,0.7473159509202454,0.5502300613496932,,0,True
SZ000576,8.169999,1.6684521,0.3966641104294479,0.2536426380368098,0.20398773006134968,0.006134969325153374,,0,True
SZ000581,17.94,1.0019768,0.005943251533742332,0.007476993865030675,0.7342791411042945,0.419478527607362,,0,True
SZ000582,9.150001,6.415182,0.8458588957055214,0.5914493865030674,0.4829371165644172,0.2398389570552147,量能水平,1,False
SZ000586,12.72,1.4729344,0.49923312883435583,0.5621165644171779,0.5253067484662577,0.17868098159509202,,0,True
SZ000589,4.16,0.9223265,0.21299846625766872,0.14493865030674846,0.49482361963190186,0.16085122699386503,,0,True
SZ000590,8.92,0.25301427,0.05789877300613497,0.09815950920245399,0.8728911042944786,0.508819018404908,量能动量,1,False
SZ000591,4.14,1.822303,0.35276073619631904,0.23447085889570551,0.05924079754601227,0.3289877300613497,,0,True
SZ000592,9.09,28.257475,0.9570552147239264,0.959930981595092,0.8190184049079755,0.5542561349693251,量能水平;量能波动;量能动量,3,False
SZ000593,21.42,2.9949198,0.4008819018404908,0.6315184049079755,0.8686733128834356,0.9179447852760736,量能动量;量能比,2,False
SZ000595,5.44,1.4353445,0.39838957055214724,0.7204754601226994,0.7417561349693251,0.8282208588957055,量能比,1,False
SZ000596,87.9,3.6599748,0.04236963190184049,0.04371165644171779,0.6234662576687117,0.2802914110429448,,0,True
SZ000597,4.73,0.5502708,0.08052147239263803,0.30118865030674846,0.4294478527607362,0.6777223926380368,,0,True
SZ000598,6.99,1.1675177,0.03968558282208589,0.07553680981595091,0.19229294478527606,0.19037576687116564,,0,True
SZ000599,4.4100003,0.43116105,0.11982361963190184,0.07112730061349694,0.12269938650306748,0.5467791411042945,,0,True
SZ000600,7.05,1.3190566,0.34930981595092025,0.1781058282208589,0.236579754601227,0.11982361963190184,,0,True
SZ000601,5.96,2.14038,0.4486196319018405,0.4227377300613497,0.11618098159509202,0.16372699386503067,,0,True
SZ000603,30.060001,13.108894,0.7066717791411042,0.3374233128834356,0.15605828220858894,0.1441717791411043,,0,True
SZ000605,5.96,0.21806157,0.05272239263803681,0.01246165644171779,0.5607745398773006,0.4183282208588957,,0,True
SZ000607,3.75,1.4831278,0.4875383435582822,0.9077837423312883,0.8542944785276073,0.9806365030674846,量能波动;量能动量;量能比,3,False
SZ000608,7.0000005,1.8536923,0.46587423312883436,0.30463957055214724,0.8046395705521472,0.21836656441717792,量能动量,1,False
SZ000609,9.24,0.4705612,0.0763036809815951,0.12289110429447853,0.13017638036809817,0.47910276073619634,,0,True
SZ000610,7.2,1.1538608,0.44804447852760737,0.6476226993865031,0.06422546012269939,0.42753067484662577,,0,True
SZ000612,10.190001,4.5954757,0.37576687116564417,0.22565184049079753,0.7841257668711656,0.36809815950920244,,0,True
SZ000617,6.54,6.0228443,0.6156058282208589,0.40816717791411045,0.3945552147239264,0.10601993865030675,,0,True
SZ000619,5.2200003,0.3163365,0.0651840490797546,0.2204754601226994,0.22565184049079753,0.7831671779141104,,0,True
SZ000620,3.04,10.10176,0.9978911042944786,0.9982745398773006,0.15701687116564417,0.7152990797546013,量能水平;量能波动,2,False
SZ000623,17.2,1.7267629,0.039302147239263806,0.056365030674846626,0.5575153374233128,0.1629601226993865,,0,True
SZ000625,7.0499997,3.121539,0.04524539877300614,0.025690184049079755,0.7762653374233128,0.47929447852760737,,0,True
SZ000626,8.7,2.2866492,0.5057515337423313,0.21414877300613497,0.3834355828220859,0.04371165644171779,,0,True
SZ000628,54.750004,6.7188587,0.5793711656441718,0.5973926380368099,0.0910659509202454,0.1531825153374233,,0,True
SZ000629,2.77,2.0785406,0.4495782208588957,0.1142638036809816,0.6928680981595092,0.4386503067484663,,0,True
SZ000630,5.6899996,13.381929,0.6077453987730062,0.5166794478527608,0.7977377300613497,0.2572852760736196,,0,True
SZ000631,2.96,0.3646565,0.04275306748466258,0.2684049079754601,0.7166411042944786,0.9277223926380368,量能比,1,False
SZ000632,3.62,0.6208124,0.2214340490797546,0.5159125766871165,0.5161042944785276,0.5929831288343558,,0,True
SZ000633,5.26,0.4006771,0.6635352760736196,0.5665260736196319,0.8447085889570553,0.5736196319018405,量能动量,1,False
SZ000636,50.420002,65.092804,0.9856211656441718,0.9773773006134969,0.2469325153374233,0.4927147239263804,量能水平;量能波动,2,False
SZ000637,4.2000003,0.36459833,0.0352760736196319,0.07438650306748466,0.9236963190184049,0.6790644171779141,量能动量,1,False
SZ000639,1.49,0.7091545,0.3134585889570552,0.1736963190184049,0.6667944785276073,0.22929447852760737,,0,True
SZ000650,5.1400003,0.8383828,0.02223926380368098,0.10544478527607362,0.5665260736196319,0.6276840490797546,,0,True
SZ000651,38.399998,12.095869,0.008627300613496933,0.0651840490797546,0.3554447852760736,0.5279907975460123,,0,True
SZ000652,3.27,0.41867924,0.11234662576687117,0.09087423312883436,0.3702070552147239,0.37691717791411045,,0,True
SZ000655,7.0499997,0.502992,0.13669478527607362,0.020705521472392636,0.4530291411042945,0.11407208588957055,,0,True
SZ000656,1.21,2.293439,0.7777990797546013,0.8621549079754601,0.209739263803681,0.861579754601227,量能波动;量能比,2,False
SZ000657,53.25,34.058987,0.7917944785276073,0.8067484662576687,0.3100076687116564,0.5780291411042945,量能波动,1,False
SZ000659,2.7400002,0.67637473,0.28125,0.2486579754601227,0.8878450920245399,0.6779141104294478,量能动量,1,False
SZ000661,70.5,3.5512812,0.04812116564417178,0.10947085889570553,0.07917944785276074,0.5377684049079755,,0,True
SZ000663,6.0800004,0.59520227,0.5561733128834356,0.7760736196319018,0.9614647239263804,0.5352760736196319,量能动量,1,False
SZ000665,3.9399998,0.820573,0.5598159509202454,0.6861579754601227,0.884010736196319,0.7110812883435583,量能动量,1,False
SZ000668,17.179998,0.78613067,0.13132668711656442,0.35601993865030673,0.879792944785276,0.9863880368098159,量能动量;量能比,2,False
SZ000669,4.1,0.23820508,0.13535276073619631,0.027223926380368097,0.5182131901840491,0.08090490797546013,,0,True
SZ000670,7.6699996,4.2789164,0.7666794478527608,0.8192101226993865,0.11311349693251534,0.6738880368098159,量能波动,1,False
SZ000672,14.71,2.6186333,0.16315184049079753,0.28125,0.7396472392638037,0.620782208588957,,0,True
SZ000676,6.37,5.1182213,0.7371549079754601,0.9549463190184049,0.9624233128834356,0.9662576687116564,量能波动;量能动量;量能比,3,False
SZ000677,1.74,0.5837116,0.27799079754601225,0.14589723926380369,0.28182515337423314,0.0883819018404908,,0,True
SZ000678,10.650001,1.0738602,0.21683282208588958,0.7206671779141104,0.9746932515337423,0.8868865030674846,量能动量;量能比,2,False
SZ000679,6.33,0.83943206,0.17216257668711657,0.14762269938650308,0.04121932515337423,0.03278374233128834,,0,True
SZ000680,8.92,1.8311288,0.0665260736196319,0.14628067484662577,0.299079754601227,0.5791794478527608,,0,True
SZ000681,15.6,4.9993505,0.776648773006135,0.772239263803681,0.2887269938650307,0.11924846625766872,,0,True
SZ000682,10.2699995,0.92108434,0.46491564417177916,0.23677147239263804,0.4321319018404908,0.49003067484662577,,0,True
SZ000683,5.4900002,3.9506016,0.535659509202454,0.2062883435582822,0.1901840490797546,0.04927147239263804,,0,True
SZ000685,10.63,1.1964246,0.031825153374233126,0.00843558282208589,0.553680981595092,0.18903374233128833,,0,True
SZ000686,7.5,1.1938044,0.04850460122699386,0.018788343558282208,0.5636503067484663,0.2116564417177914,,0,True
SZ000688,23.91,4.4704204,0.4796779141104294,0.42599693251533743,0.20878067484662577,0.5498466257668712,,0,True
SZ000690,5.2000003,3.2450624,0.21280674846625766,0.2883435582822086,0.732170245398773,0.28412576687116564,,0,True
SZ000691,8.97,0.7627913,0.12193251533742332,0.32016871165644173,0.37787576687116564,0.567292944785276,,0,True
SZ000692,4.12,0.6568846,0.43366564417177916,0.1807898773006135,0.29121932515337423,0.03642638036809816,,0,True
SZ000695,12.6,0.80030674,0.15375766871165644,0.0816717791411043,0.3172929447852761,0.07822085889570553,,0,True
SZ000697,8.9800005,0.6744831,0.5381518404907976,0.3955138036809816,0.7952453987730062,0.18654141104294478,,0,True
SZ000700,12.1,5.7452326,0.4116180981595092,0.5463957055214724,0.3905291411042945,0.6198236196319018,,0,True
SZ000701,5.17,0.762742,0.6597009202453987,0.9031825153374233,0.9697085889570553,0.8251533742331288,量能波动;量能动量;量能比,3,False
SZ000702,5.78,0.8624198,0.45954754601226994,0.21664110429447853,0.5722776073619632,0.029524539877300613,,0,True
SZ000703,17.259998,14.494767,0.5924079754601227,0.3188266871165644,0.5989263803680982,0.3602377300613497,,0,True
SZ000705,7.049999,0.34387147,0.03374233128834356,0.024539877300613498,0.5120782208588958,0.6758052147239264,,0,True
SZ000707,4.5099998,0.3436562,0.12174079754601227,0.25191717791411045,0.46932515337423314,0.4768021472392638,,0,True
SZ000708,12.79,1.6731799,0.07668711656441718,0.15299079754601227,0.2657208588957055,0.28815184049079756,,0,True
SZ000709,1.99,1.652432,0.40644171779141103,0.4263803680981595,0.5876150306748467,0.5339340490797546,,0,True
SZ000710,10.28,2.047201,0.6136886503067485,0.8408742331288344,0.9097009202453987,0.986579754601227,量能波动;量能动量;量能比,3,False
SZ000711,4.7000003,6.3549414,0.799079754601227,0.7929447852760736,0.10870398773006135,0.15682515337423314,,0,True
SZ000712,9.75,12.282875,0.812691717791411,0.6986196319018405,0.10985429447852761,0.01169478527607362,量能水平,1,False
SZ000713,6.11,2.9739738,0.5956671779141104,0.5970092024539877,0.02147239263803681,0.10199386503067484,,0,True
SZ000715,5.27,0.5232553,0.056173312883435585,0.021088957055214724,0.29505368098159507,0.10985429447852761,,0,True
SZ000716,4.96,3.033256,0.8297546012269938,0.5352760736196319,0.21625766871165644,0.0036426380368098157,量能水平,1,False
SZ000717,2.1299999,0.45510775,0.12979294478527606,0.23638803680981596,0.5956671779141104,0.7559432515337423,,0,True
SZ000718,2.04,0.59623957,0.1593174846625767,0.28412576687116564,0.424271472392638,0.8558282208588958,量能比,1,False
SZ000719,11.86,0.6332123,0.029524539877300613,0.09547546012269939,0.7011119631901841,0.7003450920245399,,0,True
SZ000720,3.53,1.5608582,0.6708205521472392,0.7772239263803681,0.025115030674846626,0.6660276073619632,,0,True
SZ000721,6.06,2.288027,0.4639570552147239,0.42484662576687116,0.021088957055214724,0.04083588957055215,,0,True
SZ000722,13.000001,3.7734585,0.8163343558282209,0.6481978527607362,0.08493098159509202,0.12289110429447853,量能水平,1,False
SZ000723,3.44,3.22256,0.740989263803681,0.5906825153374233,0.45743865030674846,0.11349693251533742,,0,True
SZ000725,5.8,67.44285,1.0,0.9992331288343558,0.200920245398773,0.8195935582822086,量能水平;量能波动;量能比,3,False
SZ000726,5.9600005,0.50721973,0.05003834355828221,0.09605061349693252,0.1031441717791411,0.5283742331288344,,0,True
SZ000727,2.15,1.4180192,0.7446319018404908,0.3077070552147239,0.8029141104294478,0.6683282208588958,量能动量,1,False
SZ000728,7.18,1.8901279,0.27971625766871167,0.08684815950920245,0.611579754601227,0.19440184049079753,,0,True
SZ000729,10.849999,2.209103,0.35141871165644173,0.3893788343558282,0.1616180981595092,0.776457055214724,,0,True
SZ000731,8.070001,1.8834817,0.2731978527607362,0.26898006134969327,0.39723926380368096,0.0826303680981595,,0,True
SZ000733,39.13,3.9541287,0.535851226993865,0.5787960122699386,0.7988880368098159,0.7024539877300614,,0,True
SZ000735,5.6700006,5.710318,0.8134585889570553,0.589340490797546,0.39934815950920244,0.10103527607361963,量能水平,1,False
SZ000736,4.6,1.3305417,0.7206671779141104,0.72795245398773,0.20456288343558282,0.4206288343558282,,0,True
SZ000737,13.05,15.56875,0.9158358895705522,0.8780674846625767,0.5371932515337423,0.29390337423312884,量能水平;量能波动,2,False
SZ000738,18.82,2.8880272,0.34355828220858897,0.33224693251533743,0.6075536809815951,0.23427914110429449,,0,True
SZ000739,26.81,3.6286852,0.09700920245398773,0.08608128834355828,0.8228527607361963,0.7965874233128835,量能动量,1,False
SZ000750,3.55,1.6473584,0.2933282208588957,0.23523773006134968,0.3098159509202454,0.2885352760736196,,0,True
SZ000751,4.35,2.0606003,0.6602760736196319,0.3343558282208589,0.3813266871165644,0.0299079754601227,,0,True
SZ000753,5.52,2.463282,0.5686349693251533,0.8307131901840491,0.8623466257668712,0.9189033742331288,量能波动;量能动量;量能比,3,False
SZ000755,4.68,0.20996203,0.10774539877300614,0.004984662576687116,0.27434815950920244,0.18328220858895705,,0,True
SZ000756,14.330001,3.1816857,0.6683282208588958,0.9516871165644172,0.9808282208588958,0.9992331288343558,量能波动;量能动量;量能比,3,False
SZ000757,4.2599998,0.41490847,0.19842791411042945,0.2994631901840491,0.687691717791411,0.7306365030674846,,0,True
SZ000758,5.63,1.6959195,0.19497699386503067,0.23370398773006135,0.7014953987730062,0.3174846625766871,,0,True
SZ000759,6.18,9.094766,0.8199769938650306,0.7670628834355828,0.009585889570552147,0.10812883435582822,量能水平,1,False
SZ000761,2.2,0.45701012,0.23696319018404907,0.3874616564417178,0.48849693251533743,0.7271855828220859,,0,True
SZ000762,20.150002,2.2045457,0.20168711656441718,0.06288343558282208,0.6330521472392638,0.2200920245398773,,0,True
SZ000766,15.18,1.8566864,0.4313650306748466,0.43922546012269936,0.34662576687116564,0.5521472392638037,,0,True
SZ000767,3.2600002,2.954274,0.8343558282208589,0.7647622699386503,0.12653374233128833,0.1999616564417178,量能水平,1,False
SZ000768,22.92,7.12088,0.5122699386503068,0.6044861963190185,0.9499616564417178,0.21529907975460122,量能动量,1,False
SZ000776,19.81,10.887917,0.71875,0.5116947852760736,0.24559049079754602,0.2151073619631902,,0,True
SZ000777,16.039999,0.6294586,0.004792944785276074,0.0021088957055214724,0.49578220858895705,0.23351226993865032,,0,True
SZ000778,3.5,1.9357718,0.24118098159509202,0.2666794478527607,0.8322469325153374,0.16411042944785276,量能动量,1,False
SZ000779,8.36,4.8741364,0.7513420245398773,0.6399539877300614,0.10122699386503067,0.0665260736196319,,0,True
SZ000782,8.06,1.055674,0.294670245398773,0.21759969325153375,0.18328220858895705,0.5692101226993865,,0,True
SZ000783,7.9200006,7.8913636,0.5329754601226994,0.49846625766871167,0.8067484662576687,0.12039877300613497,量能动量,1,False
SZ000785,2.22,1.4475648,0.8535276073619632,0.8550613496932515,0.758819018404908,0.8521855828220859,量能水平;量能波动;量能比,3,False
SZ000786,15.85,3.2704983,0.0910659509202454,0.04543711656441718,0.8608128834355828,0.33473926380368096,量能动量,1,False
SZ000788,5.4,0.7341058,0.15145705521472394,0.3565950920245399,0.3914877300613497,0.6825153374233128,,0,True
SZ000789,4.09,0.37380755,0.02473159509202454,0.08761503067484662,0.4559049079754601,0.17753067484662577,,0,True
SZ000790,4.4199996,1.1166164,0.32304447852760737,0.8370398773006135,0.9852377300613497,0.9923312883435583,量能波动;量能动量;量能比,3,False
SZ000791,7.09,1.4085511,0.35870398773006135,0.19804447852760737,0.029524539877300613,0.1767638036809816,,0,True
SZ000792,23.130001,12.576727,0.5157208588957055,0.2289110429447853,0.4940567484662577,0.47891104294478526,,0,True
SZ000793,2.0100002,0.28476536,0.2103144171779141,0.2981211656441718,0.6092791411042945,0.24348159509202455,,0,True
SZ000795,8.24,0.9332502,0.11541411042944785,0.3458588957055215,0.9399923312883436,0.8897622699386503,量能动量;量能比,2,False
SZ000796,3.5,3.0825872,0.9074003067484663,0.7444401840490797,0.2607361963190184,0.10717024539877301,量能水平,1,False
SZ000797,2.6100001,1.300041,0.45494631901840493,0.527032208588957,0.5055598159509203,0.8441334355828221,量能比,1,False
SZ000798,9.75,4.1856904,0.7475076687116564,0.49712423312883436,0.05809049079754601,0.012078220858895705,,0,True
SZ000799,36.02,1.9874,0.31575920245398775,0.3038726993865031,0.4187116564417178,0.42618865030674846,,0,True
SZ000800,5.84,0.8327297,0.18826687116564417,0.07227760736196319,0.6409125766871165,0.13803680981595093,,0,True
SZ000801,11.54,1.6644012,0.2664877300613497,0.0772622699386503,0.4557131901840491,0.06441717791411043,,0,True
SZ000802,3.7899997,3.194101,0.8606211656441718,0.4888803680981595,0.8851610429447853,0.2785659509202454,量能水平;量能动量,2,False
SZ000803,6.8799996,0.71385235,0.09125766871165644,0.09873466257668712,0.28278374233128833,0.4052914110429448,,0,True
SZ000807,25.37,16.326653,0.3061733128834356,0.18328220858895705,0.4639570552147239,0.28431748466257667,,0,True
SZ000809,3.41,0.6659908,0.375,0.6213573619631901,0.4727760736196319,0.875191717791411,量能比,1,False
SZ000810,9.02,1.7141646,0.3218941717791411,0.2553680981595092,0.7358128834355828,0.24578220858895705,,0,True
SZ000811,37.9,15.486392,0.20571319018404907,0.35199386503067487,0.06480061349693252,0.6756134969325154,,0,True
SZ000812,3.68,1.2892523,0.5162960122699386,0.5394938650306749,0.024539877300613498,0.35256901840490795,,0,True
SZ000813,3.1999998,2.194868,0.9052914110429447,0.8009969325153374,0.4723926380368098,0.01572085889570552,量能水平;量能波动,2,False
SZ000815,14.58,6.8595467,0.607170245398773,0.6712039877300614,0.5442868098159509,0.5707438650306749,,0,True
SZ000816,2.78,1.9489686,0.6219325153374233,0.700920245398773,0.22871932515337423,0.2808665644171779,,0,True
SZ000818,11.309999,1.4431112,0.21913343558282208,0.5210889570552147,0.8343558282208589,0.8268788343558282,量能动量;量能比,2,False
SZ000819,11.83,0.41259167,0.025881901840490797,0.06633435582822086,0.8287960122699386,0.6230828220858896,量能动量,1,False
SZ000820,3.51,0.42714384,0.3774923312883436,0.5126533742331288,0.37308282208588955,0.6861579754601227,,0,True
SZ000821,7.2500005,0.60089284,0.25019171779141103,0.04562883435582822,0.562691717791411,0.12845092024539878,,0,True
SZ000822,4.1899996,0.57135564,0.21453220858895705,0.11445552147239264,0.37212423312883436,0.07381134969325154,,0,True
SZ000823,22.18,28.8526,0.9585889570552147,0.9442101226993865,0.5862730061349694,0.8788343558282209,量能水平;量能波动;量能比,3,False
SZ000825,3.3,1.0405463,0.2120398773006135,0.15912576687116564,0.5086273006134969,0.66545245398773,,0,True
SZ000826,1.76,0.25313193,0.060774539877300617,0.37672546012269936,0.6612346625766872,0.874808282208589,量能比,1,False
SZ000828,9.93,0.5370364,0.036234662576687116,0.006326687116564417,0.4674079754601227,0.23868865030674846,,0,True
SZ000829,8.66,2.1612942,0.1539493865030675,0.39474693251533743,0.9846625766871165,0.9651073619631901,量能动量;量能比,2,False
SZ000830,11.32,3.5817065,0.2473159509202454,0.11349693251533742,0.49827453987730064,0.09815950920245399,,0,True
SZ000831,52.289997,12.349236,0.232170245398773,0.3199769938650307,0.8073236196319018,0.44516871165644173,量能动量,1,False
SZ000833,18.45,6.201653,0.5182131901840491,0.3013803680981595,0.20283742331288343,0.06403374233128835,,0,True
SZ000837,9.47,1.086819,0.16238496932515337,0.2459739263803681,0.09854294478527607,0.34394171779141103,,0,True
SZ000838,2.1599998,0.96405697,0.2969708588957055,0.18960889570552147,0.522239263803681,0.6393788343558282,,0,True
SZ000839,2.8300002,3.1734064,0.8608128834355828,0.7894938650306749,0.10256901840490798,0.33493098159509205,量能水平,1,False
SZ000848,8.0199995,1.0150077,0.015145705521472392,0.02933282208588957,0.9146855828220859,0.5492714723926381,量能动量,1,False
SZ000850,5.14,1.0557758,0.1142638036809816,0.8686733128834356,0.9996165644171779,0.9975076687116564,量能波动;量能动量;量能比,3,False
SZ000852,5.21,1.6226177,0.35525306748466257,0.04850460122699386,0.6602760736196319,0.009585889570552147,,0,True
SZ000856,8.82,0.4589934,0.09892638036809816,0.06230828220858896,0.7174079754601227,0.20417944785276074,,0,True
SZ000858,68.909996,14.041735,0.2628450920245399,0.0883819018404908,0.40701687116564417,0.24213957055214724,,0,True
SZ000859,8.68,4.4864535,0.6723542944785276,0.7379217791411042,0.07342791411042945,0.5519555214723927,,0,True
SZ000860,10.11,1.1634072,0.18960889570552147,0.25786042944785276,0.692101226993865,0.6476226993865031,,0,True
SZ000862,5.24,1.0742509,0.6416794478527608,0.5421779141104295,0.15835889570552147,0.22661042944785276,,0,True
SZ000863,4.39,1.0653921,0.5153374233128835,0.5113113496932515,0.3771088957055215,0.45993098159509205,,0,True
SZ000868,4.18,1.5827587,0.31173312883435583,0.6067868098159509,0.5136119631901841,0.9614647239263804,量能比,1,False
SZ000869,17.050001,0.3748814,0.02530674846625767,0.17292944785276074,0.9079754601226994,0.9258052147239264,量能动量;量能比,2,False
SZ000875,4.56,1.6200225,0.6804064417177914,0.7105061349693251,0.6083205521472392,0.6332438650306749,,0,True
SZ000876,6.8199997,4.604728,0.34547546012269936,0.1455138036809816,0.37653374233128833,0.06940184049079755,,0,True
SZ000877,3.5999997,0.7511544,0.1731211656441718,0.7358128834355828,0.96875,0.9796779141104295,量能动量;量能比,2,False
SZ000878,15.61,9.696733,0.8588957055214724,0.8328220858895705,0.531058282208589,0.2799079754601227,量能水平;量能波动,2,False
SZ000880,23.720001,4.0346107,0.3113496932515337,0.46798312883435583,0.004601226993865031,0.4123849693251534,,0,True
SZ000881,6.3199997,0.45596883,0.22871932515337423,0.2893021472392638,0.8293711656441718,0.5527223926380368,量能动量,1,False
SZ000882,1.5,1.0844871,0.7962039877300614,0.9091257668711656,0.017446319018404908,0.8431748466257669,量能波动;量能比,2,False
SZ000883,4.34,1.3027302,0.34298312883435583,0.08243865030674846,0.08819018404907976,0.10832055214723926,,0,True
SZ000885,11.54,0.34789324,0.04505368098159509,0.01572085889570552,0.6215490797546013,0.17484662576687116,,0,True
SZ000886,4.56,0.67312455,0.41679447852760737,0.4371165644171779,0.5473542944785276,0.4169861963190184,,0,True
SZ000887,18.55,5.4650407,0.3820935582822086,0.43807515337423314,0.5389187116564417,0.35391104294478526,,0,True
SZ000888,9.14,1.3135729,0.1165644171779141,0.0826303680981595,0.0950920245398773,0.031633435582822084,,0,True
SZ000889,3.6300004,1.7172786,0.8238113496932515,0.8429831288343558,0.44574386503067487,0.3178680981595092,量能水平;量能波动,2,False
SZ000890,7.0199995,4.4943857,0.7983128834355828,0.42829754601226994,0.2567101226993865,0.003834355828220859,,0,True
SZ000892,4.33,6.9999213,0.982170245398773,0.9539877300613497,0.6006518404907976,0.307898773006135,量能水平;量能波动,2,False
SZ000893,36.29,6.543127,0.34049079754601225,0.3270705521472393,0.3558282208588957,0.23197852760736196,,0,True
SZ000895,23.57,2.5006557,0.004409509202453987,0.04102760736196319,0.9398006134969326,0.4004984662576687,量能动量,1,False
SZ000897,1.8799999,0.6263328,0.3688650306748466,0.4052914110429448,0.38324386503067487,0.8000383435582822,量能比,1,False
SZ000898,1.97,0.8307805,0.22220092024539878,0.24923312883435583,0.5958588957055214,0.5776457055214724,,0,True
SZ000899,8.99,1.1342885,0.2871932515337423,0.08799846625766872,0.39474693251533743,0.19516871165644173,,0,True
SZ000900,3.5200002,0.4090212,0.011886503067484663,0.004601226993865031,0.5695935582822086,0.3316717791411043,,0,True
SZ000901,13.870001,1.715748,0.19976993865030676,0.0789877300613497,0.44516871165644173,0.43558282208588955,,0,True
SZ000902,13.6,1.4221226,0.11618098159509202,0.09835122699386503,0.7319785276073619,0.040260736196319015,,0,True
SZ000903,1.9199998,0.5370082,0.06365030674846625,0.05674846625766871,0.8834355828220859,0.0598159509202454,量能动量,1,False
SZ000905,9.42,2.1076658,0.5308665644171779,0.7879601226993865,0.8962806748466258,0.8587039877300614,量能动量;量能比,2,False
SZ000906,6.19,0.71509016,0.1303680981595092,0.07687883435582822,0.8328220858895705,0.16276840490797545,量能动量,1,False
SZ000908,5.97,0.68789434,0.31192484662576686,0.370398773006135,0.7471242331288344,0.839148773006135,量能比,1,False
SZ000909,5.19,0.44064343,0.46319018404907975,0.49309815950920244,0.29006901840490795,0.13899539877300612,,0,True
SZ000910,6.8399997,1.1642935,0.4075920245398773,0.9058665644171779,0.9656825153374233,0.999808282208589,量能波动;量能动量;量能比,3,False
SZ000911,4.98,1.0410174,0.4281058282208589,0.21299846625766872,0.060391104294478526,0.008819018404907975,,0,True
SZ000912,3.8399997,4.0088515,0.8698236196319018,0.7561349693251533,0.14129601226993865,0.027223926380368097,量能水平,1,False
SZ000913,10.53,0.3533024,0.007476993865030675,0.01111963190184049,0.6568251533742331,0.48773006134969327,,0,True
SZ000915,23.57,0.9380938,0.03278374233128834,0.002875766871165644,0.5239647239263804,0.015912576687116563,,0,True
SZ000917,6.66,2.2396307,0.6899923312883436,0.5676763803680982,0.7101226993865031,0.125,,0,True
SZ000919,6.46,0.6716074,0.2432898773006135,0.36234662576687116,0.38401073619631904,0.5511886503067485,,0,True
SZ000920,12.24,1.7127448,0.3725076687116564,0.6884585889570553,0.009394171779141104,0.9664493865030674,量能比,1,False
SZ000921,26.5,2.616877,0.5904907975460123,0.6504984662576687,0.45973926380368096,0.21779141104294478,,0,True
SZ000922,11.839999,0.90096176,0.1687116564417178,0.11982361963190184,0.17983128834355827,0.40337423312883436,,0,True
SZ000923,15.04,3.1731884,0.5021088957055214,0.13151840490797545,0.3857361963190184,0.07879601226993865,,0,True
SZ000925,7.7599998,2.7601953,0.9008819018404908,0.5521472392638037,0.4246549079754601,0.014187116564417178,量能水平,1,False
SZ000926,2.1100001,0.752728,0.5925996932515337,0.602569018404908,0.6529907975460123,0.8324386503067485,量能比,1,False
SZ000927,2.42,0.9511767,0.67829754601227,0.41756134969325154,0.7103144171779141,0.5786042944785276,,0,True
SZ000928,5.25,1.4641103,0.4518788343558282,0.25690184049079756,0.38765337423312884,0.025690184049079755,,0,True
SZ000929,9.21,0.3897004,0.12576687116564417,0.14148773006134968,0.8581288343558282,0.5086273006134969,量能动量,1,False
SZ000930,5.09,4.7834415,0.8487346625766872,0.7963957055214724,0.03719325153374233,0.15548312883435583,量能水平,1,False
SZ000931,4.52,1.4296695,0.9480444785276073,0.8880368098159509,0.5072852760736196,0.07285276073619631,量能水平;量能波动,2,False
SZ000932,3.3999999,2.8803012,0.7331288343558282,0.5569401840490797,0.23447085889570551,0.316909509202454,,0,True
SZ000933,25.15,9.62303,0.11349693251533742,0.06671779141104295,0.6863496932515337,0.3255368098159509,,0,True
SZ000935,19.259998,0.94651175,0.018596625766871166,0.014187116564417178,0.6804064417177914,0.7266104294478528,,0,True
SZ000936,5.2999997,1.0592567,0.3723159509202454,0.4526457055214724,0.025881901840490797,0.6062116564417178,,0,True
SZ000937,4.38,2.202069,0.18309049079754602,0.06480061349693252,0.7216257668711656,0.205329754601227,,0,True
SZ000938,31.460001,48.486122,0.9925230061349694,0.8832438650306749,0.3136503067484663,0.21875,量能水平;量能波动,2,False
SZ000948,13.090001,1.0331749,0.4890720858895706,0.6156058282208589,0.4348159509202454,0.4250383435582822,,0,True
SZ000949,6.58,3.7023206,0.5421779141104295,0.26131134969325154,0.25555981595092025,0.03048312883435583,,0,True
SZ000950,5.21,0.9653183,0.4415260736196319,0.4484279141104294,0.5797546012269938,0.392829754601227,,0,True
SZ000951,19.92,2.0645993,0.021855828220858894,0.010927914110429447,0.6182898773006135,0.4037576687116564,,0,True
SZ000952,6.55,0.39570048,0.13803680981595093,0.20168711656441718,0.7745398773006135,0.7106978527607362,,0,True
SZ000953,5.9900002,0.44418812,0.09739263803680982,0.14167944785276074,0.27243098159509205,0.3916794478527607,,0,True
SZ000955,4.0099998,0.4050139,0.2833588957055215,0.27300613496932513,0.37806748466257667,0.8136503067484663,量能比,1,False
SZ000957,9.72,1.546588,0.11924846625766872,0.0910659509202454,0.054447852760736194,0.07745398773006135,,0,True
SZ000958,4.9700003,0.56833684,0.1351610429447853,0.20322085889570551,0.6761886503067485,0.4890720858895706,,0,True
SZ000959,3.3799999,0.8929729,0.33991564417177916,0.10985429447852761,0.5929831288343558,0.39493865030674846,,0,True
SZ000960,30.34,9.364232,0.43558282208588955,0.32745398773006135,0.6712039877300614,0.44766104294478526,,0,True
SZ000962,55.520004,11.946793,0.7973542944785276,0.7609279141104295,0.20705521472392638,0.42983128834355827,,0,True
SZ000963,27.02,3.1879258,0.05962423312883436,0.3433665644171779,0.9626150306748467,0.8253450920245399,量能动量;量能比,2,False
SZ000965,3.3,1.4297637,0.7149156441717791,0.6242331288343558,0.39589723926380366,0.0910659509202454,,0,True
SZ000966,3.95,1.5480771,0.6510736196319018,0.6631518404907976,0.33588957055214724,0.3136503067484663,,0,True
SZ000967,7.59,4.357056,0.7914110429447853,0.7055214723926381,0.4858128834355828,0.6209739263803681,,0,True
SZ000968,6.88,1.9454806,0.6863496932515337,0.5368098159509203,0.42523006134969327,0.07227760736196319,,0,True
SZ000969,16.119999,3.0905626,0.6052530674846626,0.348159509202454,0.7475076687116564,0.4562883435582822,,0,True
SZ000970,10.929999,2.2904236,0.2866180981595092,0.3594708588957055,0.750191717791411,0.5465874233128835,,0,True
SZ000972,3.8500001,1.1909449,0.6736963190184049,0.48255368098159507,0.4750766871165644,0.04543711656441718,,0,True
SZ000973,11.16,3.5646343,0.6274923312883436,0.6621932515337423,0.2883435582822086,0.37212423312883436,,0,True
SZ000975,22.13,10.226514,0.3328220858895706,0.3807515337423313,0.43366564417177916,0.473159509202454,,0,True
SZ000977,67.05,58.43968,0.9010736196319018,0.7208588957055214,0.17887269938650308,0.04256134969325153,量能水平,1,False
SZ000978,7.12,7.1004844,0.9610812883435583,0.9723926380368099,0.041986196319018405,0.812691717791411,量能水平;量能波动;量能比,3,False
SZ000980,2.24,8.345008,0.9986579754601227,0.9932898773006135,0.3989647239263804,0.6748466257668712,量能水平;量能波动,2,False
SZ000981,2.6899998,13.408938,0.995398773006135,0.9806365030674846,0.04524539877300614,0.7089723926380368,量能水平;量能波动,2,False
SZ000983,6.48,5.1124597,0.4348159509202454,0.2908358895705521,0.3366564417177914,0.13957055214723926,,0,True
SZ000985,17.35,0.5661042,0.25766871165644173,0.2120398773006135,0.937691717791411,0.06671779141104295,量能动量,1,False
SZ000987,7.13,1.8560282,0.1646855828220859,0.09566717791411043,0.6972776073619632,0.25019171779141103,,0,True
SZ000988,92.60999,48.647793,0.8518021472392638,0.8627300613496932,0.6685199386503068,0.4620398773006135,量能水平;量能波动,2,False
SZ000989,8.559999,1.2182741,0.34892638036809814,0.4123849693251534,0.43922546012269936,0.5745782208588958,,0,True
SZ000990,6.1499996,2.335813,0.80329754601227,0.6455138036809815,0.7553680981595092,0.32131901840490795,量能水平,1,False
SZ000993,17.39,9.700902,0.9415260736196319,0.9605061349693251,0.16909509202453987,0.8633052147239264,量能水平;量能波动;量能比,3,False
SZ000995,11.330001,1.0542601,0.5170628834355828,0.8410659509202454,0.9748849693251533,0.9819785276073619,量能波动;量能动量;量能比,3,False
SZ000997,19.19,3.7960343,0.3383819018404908,0.2933282208588957,0.21376533742331288,0.07860429447852761,,0,True
SZ000998,8.43,5.8264217,0.8176763803680982,0.6850076687116564,0.07016871165644172,0.028182515337423313,量能水平,1,False
SZ000999,23.49,1.759908,0.28508435582822084,0.29620398773006135,0.25881901840490795,0.5496549079754601,,0,True
SZ001201,16.13,1.500562,0.9583972392638037,0.9003067484662577,0.5757285276073619,0.8849693251533742,量能水平;量能波动;量能比,3,False
SZ001202,14.86,0.29821637,0.1683282208588957,0.31058282208588955,0.20149539877300612,0.5393021472392638,,0,True
SZ001203,21.800001,3.494672,0.7415644171779141,0.7661042944785276,0.8274539877300614,0.6012269938650306,量能动量,1,False
SZ001205,14.4,0.5220848,0.3728911042944785,0.46184815950920244,0.35371932515337423,0.3006134969325153,,0,True
SZ001206,17.05,0.5371127,0.5207055214723927,0.6117714723926381,0.15682515337423314,0.5162960122699386,,0,True
SZ001207,18.699999,0.8165658,0.37787576687116564,0.5763036809815951,0.44900306748466257,0.7787576687116564,,0,True
SZ001208,13.2300005,1.735331,0.3976226993865031,0.567101226993865,0.18194018404907975,0.7114647239263804,,0,True
SZ001209,18.789999,0.90888375,0.6823236196319018,0.9100843558282209,0.0013420245398773007,0.8600460122699386,量能波动;量能比,2,False
SZ001210,26.750002,2.0159278,0.6039110429447853,0.5701687116564417,0.7693634969325154,0.1102377300613497,,0,True
SZ001211,27.289999,1.1820922,0.6451303680981595,0.8470092024539877,0.9089340490797546,0.9382668711656442,量能波动;量能动量;量能比,3,False
SZ001212,37.0,1.9057045,0.6575920245398773,0.7214340490797546,0.2227760736196319,0.9139187116564417,量能比,1,False
SZ001213,3.46,0.21351452,0.1750383435582822,0.1942101226993865,0.78125,0.29869631901840493,,0,True
SZ001215,32.62,0.5970182,0.2536426380368098,0.3410659509202454,0.6869248466257669,0.8700153374233128,量能比,1,False
SZ001216,28.039999,2.7520053,0.6742714723926381,0.9835122699386503,0.870207055214724,0.9950153374233128,量能波动;量能动量;量能比,3,False
SZ001217,11.079999,0.3891563,0.32975460122699385,0.3761503067484663,0.928489263803681,0.8297546012269938,量能动量;量能比,2,False
SZ001218,23.490002,0.34673932,0.3738496932515337,0.2066717791411043,0.6035276073619632,0.5699769938650306,,0,True
SZ001219,12.93,0.27262932,0.09049079754601227,0.06729294478527607,0.8790260736196319,0.3052147239263804,量能动量,1,False
SZ001220,31.619999,0.3399985,0.38535276073619634,0.42925613496932513,0.20168711656441718,0.33819018404907975,,0,True
SZ001221,32.920002,1.1501371,0.8309049079754601,0.70954754601227,0.723351226993865,0.2762653374233129,量能水平,1,False
SZ001222,15.699999,1.0238572,0.5277990797546013,0.6096625766871165,0.05425613496932515,0.20168711656441718,,0,True
SZ001223,42.32,1.1883613,0.6108128834355828,0.6328604294478528,0.04083588957055215,0.34681748466257667,,0,True
SZ001225,33.45,0.54351526,0.4396088957055215,0.3364647239263804,0.35199386503067487,0.8330138036809815,量能比,1,False
SZ001226,46.0,0.38801235,0.14359662576687116,0.3159509202453988,0.821319018404908,0.6980444785276073,量能动量,1,False
SZ001227,2.06,1.4864622,0.8769171779141104,0.8008052147239264,0.7969708588957055,0.24405674846625766,量能水平;量能波动,2,False
SZ001228,36.63,0.9123203,0.6188650306748467,0.7296779141104295,0.8987730061349694,0.888420245398773,量能动量;量能比,2,False
SZ001229,37.399998,1.7297002,0.5563650306748467,0.6087039877300614,0.5814800613496932,0.6451303680981595,,0,True
SZ001230,19.35,1.0936412,0.678489263803681,0.7871932515337423,0.9010736196319018,0.4415260736196319,量能动量,1,False
SZ001231,22.72,0.5030929,0.3625383435582822,0.41449386503067487,0.2559432515337423,0.13420245398773006,,0,True
SZ001233,43.51,0.76597625,0.6758052147239264,0.9674079754601227,0.2873849693251534,0.9898389570552147,量能波动;量能比,2,False
SZ001234,31.860003,0.62309086,0.30329754601226994,0.8335889570552147,0.9898389570552147,0.9791027607361963,量能波动;量能动量;量能比,3,False
SZ001236,7.6600003,0.9020683,0.15625,0.17158742331288343,0.6884585889570553,0.3364647239263804,,0,True
SZ001237,49.159996,0.62332606,0.6792561349693251,0.781058282208589,0.007668711656441718,0.5439033742331288,,0,True
SZ001238,26.49,0.23604906,0.040644171779141106,0.4087423312883436,0.4436349693251534,0.9844708588957055,量能比,1,False
SZ001239,12.219999,0.22856122,0.27108895705521474,0.7570935582822086,0.9672162576687117,0.9499616564417178,量能动量;量能比,2,False
SZ001248,11.509999,4.2872515,0.9838957055214724,0.9789110429447853,0.020322085889570553,0.5839723926380368,量能水平;量能波动,2,False
SZ001255,27.330002,0.3146489,0.1767638036809816,0.43826687116564417,0.9526457055214724,0.5383435582822086,量能动量,1,False
SZ001256,21.33,0.44790384,0.21894171779141106,0.07381134969325154,0.7716641104294478,0.29160276073619634,,0,True
SZ001257,21.3,1.7059339,0.7871932515337423,0.19536042944785276,0.3606211656441718,0.47047546012269936,,0,True
SZ001258,10.239999,10.851173,0.9325153374233128,0.9491947852760736,0.36733128834355827,0.196510736196319,量能水平;量能波动,2,False
SZ001259,43.79,0.4858108,0.15011503067484663,0.38151840490797545,0.8433665644171779,0.9256134969325154,量能动量;量能比,2,False
SZ001260,19.19,0.48998353,0.32151073619631904,0.8103911042944786,0.9603144171779141,0.977569018404908,量能波动;量能动量;量能比,3,False
SZ001266,36.07,1.1348592,0.6403374233128835,0.9183282208588958,0.9702837423312883,0.9810199386503068,量能波动;量能动量;量能比,3,False
SZ001267,33.21,10.37189,0.7327453987730062,0.8257285276073619,0.776457055214724,0.7371549079754601,量能波动,1,False
SZ001268,25.499998,1.1752031,0.5203220858895705,0.8466257668711656,0.9503450920245399,0.9514953987730062,量能波动;量能动量;量能比,3,False
SZ001269,19.45,0.35066313,0.1411042944785276,0.13362730061349692,0.7333205521472392,0.7032208588957055,,0,True
SZ001270,96.00001,4.794018,0.5067101226993865,0.41046779141104295,0.2789493865030675,0.6221242331288344,,0,True
SZ001277,30.2,0.7052646,0.5644171779141104,0.28450920245398775,0.28776840490797545,0.015145705521472392,,0,True
SZ001278,16.710001,0.8764363,0.6547162576687117,0.24961656441717792,0.45820552147239263,0.027607361963190184,,0,True
SZ001279,26.050001,0.22523385,0.7124233128834356,0.6539493865030674,0.40950920245398775,0.20782208588957055,,0,True
SZ001280,60.260002,2.9542956,0.8811349693251533,0.8073236196319018,0.16200153374233128,0.12269938650306748,量能水平;量能波动,2,False
SZ001282,16.71,0.49259305,0.2776073619631902,0.6050613496932515,0.9612730061349694,0.9750766871165644,量能动量;量能比,2,False
SZ001283,46.23,1.6798375,0.7835506134969326,0.8920628834355828,0.5878067484662577,0.6744631901840491,量能波动,1,False
SZ001285,42.0,0.3988758,0.36809815950920244,0.1851993865030675,0.33608128834355827,0.22833588957055215,,0,True
SZ001286,9.49,1.8622135,0.8299463190184049,0.5026840490797546,0.5885736196319018,0.1138803680981595,量能水平,1,False
SZ001287,23.060001,4.1193333,0.9693251533742331,0.972967791411043,0.09835122699386503,0.6637269938650306,量能水平;量能波动,2,False
SZ001288,33.6,1.7651421,0.49098926380368096,0.5488880368098159,0.8709739263803681,0.7480828220858896,量能动量,1,False
SZ001289,14.890001,0.53922385,0.5132285276073619,0.2910276073619632,0.13631134969325154,0.16890337423312884,,0,True
SZ001296,19.72,0.8519078,0.48638803680981596,0.5302914110429447,0.642829754601227,0.46453220858895705,,0,True
SZ001298,16.250002,1.6669455,0.5260736196319018,0.1982361963190184,0.34796779141104295,0.06901840490797546,,0,True
SZ001299,10.03,1.9820031,0.705329754601227,0.6146472392638037,0.051763803680981595,0.011311349693251534,,0,True
SZ001300,12.27,0.62708884,0.5065184049079755,0.5509969325153374,0.16679447852760737,0.49309815950920244,,0,True
SZ001301,46.79,2.5186543,0.7208588957055214,0.5149539877300614,0.8813266871165644,0.6411042944785276,量能动量,1,False
SZ001306,57.060005,0.49789,0.5694018404907976,0.7549846625766872,0.09930981595092024,0.9024156441717791,量能比,1,False
SZ001308,18.01,0.27807415,0.31326687116564417,0.2657208588957055,0.5824386503067485,0.5812883435582822,,0,True
SZ001309,371.28003,42.890865,0.7216257668711656,0.5753450920245399,0.29658742331288346,0.4499616564417178,,0,True
SZ001311,16.789999,0.6516137,0.615989263803681,0.5283742331288344,0.6259585889570553,0.50920245398773,,0,True
SZ001312,17.83,0.4110137,0.43941717791411045,0.6368865030674846,0.03450920245398773,0.8945552147239264,量能比,1,False
SZ001313,7.1800003,1.3793135,0.6746549079754601,0.5998849693251533,0.27569018404907975,0.060774539877300617,,0,True
SZ001314,50.96,1.6531048,0.718941717791411,0.5722776073619632,0.2647622699386503,0.7563266871165644,,0,True
SZ001316,27.600002,1.4307158,0.5718941717791411,0.5483128834355828,0.6347776073619632,0.33454754601226994,,0,True
SZ001317,64.3,3.4481,0.6754217791411042,0.8765337423312883,0.9896472392638037,0.9817868098159509,量能波动;量能动量;量能比,3,False
SZ001318,11.809999,0.3833484,0.24654907975460122,0.33991564417177916,0.7808665644171779,0.2800996932515337,,0,True
SZ001319,20.99,0.59445554,0.3458588957055215,0.14340490797546013,0.2285276073619632,0.1370782208588957,,0,True
SZ001322,6.3500004,0.3883116,0.5609662576687117,0.9375,0.9681748466257669,0.9934815950920245,量能波动;量能动量;量能比,3,False
SZ001323,18.21,0.28443527,0.4097009202453988,0.6113880368098159,0.9631901840490797,0.6715874233128835,量能动量,1,False
SZ001324,20.05,0.8521579,0.5649923312883436,0.6131134969325154,0.05061349693251534,0.5843558282208589,,0,True
SZ001325,36.22,0.32170168,0.3510352760736196,0.21836656441717792,0.6875,0.3241947852760736,,0,True
SZ001326,103.56,2.8283172,0.7912193251533742,0.5416027607361963,0.379601226993865,0.8458588957055214,量能比,1,False
SZ001328,30.52,0.408498,0.44746932515337423,0.536042944785276,0.6905674846625767,0.16449386503067484,,0,True
SZ001330,6.3599997,8.441481,0.9894555214723927,0.991180981595092,0.059049079754601226,0.20590490797546013,量能水平;量能波动,2,False
SZ001331,40.74,2.786146,0.450728527607362,0.562691717791411,0.8163343558282209,0.852569018404908,量能动量;量能比,2,False
SZ001332,26.460001,0.58480394,0.4652990797546012,0.7106978527607362,0.08109662576687117,0.933282208588957,量能比,1,False
SZ001333,19.94,0.27981046,0.330521472392638,0.535659509202454,0.6936349693251533,0.8376150306748467,量能比,1,False
SZ001335,33.199997,0.22104596,0.200920245398773,0.20417944785276074,0.7285276073619632,0.7181748466257669,,0,True
SZ001336,19.04,0.4484771,0.3776840490797546,0.5680598159509203,0.11886503067484662,0.6457055214723927,,0,True
SZ001337,43.7,6.0783906,0.6282592024539877,0.3378067484662577,0.17446319018404907,0.07074386503067484,,0,True
SZ001338,9.2699995,1.0783907,0.5972009202453987,0.4143021472392638,0.7682131901840491,0.17714723926380369,,0,True
SZ001339,69.33,4.118015,0.5743865030674846,0.46088957055214724,0.4317484662576687,0.5116947852760736,,0,True
SZ001356,9.36,0.5456279,0.6725460122699386,0.7883435582822086,0.0026840490797546013,0.5322085889570553,,0,True
SZ001358,24.68,0.49633813,0.4758435582822086,0.7816334355828221,0.8155674846625767,0.8548696319018405,量能动量;量能比,2,False
SZ001359,80.99999,2.3096573,0.42523006134969327,0.24501533742331288,0.5394938650306749,0.45149539877300615,,0,True
SZ001360,19.57,1.2483128,0.7569018404907976,0.7030291411042945,0.23140337423312884,0.4338573619631902,,0,True
SZ001365,36.66,1.73844,0.8918711656441718,0.9545628834355828,0.01821319018404908,0.8966641104294478,量能水平;量能波动;量能比,3,False
SZ001366,13.1,1.5482084,0.6974693251533742,0.3702070552147239,0.3071319018404908,0.00786042944785276,,0,True
SZ001367,21.46,0.3625446,0.37116564417177916,0.5343174846625767,0.6397622699386503,0.8406825153374233,量能比,1,False
SZ001368,41.8,1.5817292,0.7262269938650306,0.8575536809815951,0.9194785276073619,0.9392254601226994,量能波动;量能动量;量能比,3,False
SZ001369,11.95,0.7958705,0.6468558282208589,0.722967791411043,0.1851993865030675,0.4817868098159509,,0,True
SZ001373,31.46,0.66649765,0.5784125766871165,0.9066334355828221,0.6393788343558282,0.9823619631901841,量能波动;量能比,2,False
SZ001376,12.6,2.423222,0.977760736196319,0.995398773006135,0.9350076687116564,0.9557131901840491,量能水平;量能波动;量能动量;量能比,4,False
SZ001378,22.35,1.336781,0.8935966257668712,0.9461273006134969,0.02338957055214724,0.8560199386503068,量能水平;量能波动;量能比,3,False
SZ001379,15.690001,0.23214442,0.19133435582822086,0.08512269938650306,0.5567484662576687,0.36944018404907975,,0,True
SZ001380,18.69,0.3748609,0.14934815950920247,0.4206288343558282,0.9428680981595092,0.7988880368098159,量能动量,1,False
SZ001382,16.380001,0.41815364,0.4633819018404908,0.2151073619631902,0.10544478527607362,0.026840490797546013,,0,True
SZ001386,15.78,0.63889205,0.6355444785276073,0.6018021472392638,0.0816717791411043,0.2664877300613497,,0,True
SZ001387,12.36,0.3346178,0.42829754601226994,0.6432131901840491,0.94670245398773,0.8257285276073619,量能动量;量能比,2,False
SZ001388,19.79,1.2003531,0.8276457055214724,0.5557898773006135,0.31671779141104295,0.1223159509202454,量能水平,1,False
SZ001389,177.59,16.121727,0.9403757668711656,0.9863880368098159,0.8980061349693251,0.968941717791411,量能水平;量能波动;量能动量;量能比,4,False
SZ001390,17.42,0.39924332,0.46357361963190186,0.6890337423312883,0.3370398773006135,0.8989647239263804,量能比,1,False
SZ001391,3.8100002,0.857488,0.7800996932515337,0.897430981595092,0.42618865030674846,0.8387653374233128,量能波动;量能比,2,False
SZ001393,39.93,1.140474,0.8937883435582822,0.9068251533742331,0.04869631901840491,0.6875,量能水平;量能波动,2,False
SZ001395,30.23,0.42887905,0.33358895705521474,0.4233128834355828,0.6334355828220859,0.678489263803681,,0,True
SZ001396,31.58,0.28491303,0.263228527607362,0.2979294478527607,0.037960122699386506,0.19363496932515337,,0,True
SZ001399,22.75,6.7260437,0.9936733128834356,0.9994248466257669,0.03853527607361963,0.9125766871165644,量能水平;量能波动;量能比,3,False
SZ001400,82.86,1.8500333,0.6058282208588958,0.7745398773006135,0.9610812883435583,0.7613113496932515,量能动量,1,False
SZ001696,15.85,7.579893,0.09662576687116564,0.18002300613496933,0.8755751533742331,0.4626150306748466,量能动量,1,False
SZ001872,24.12,0.7610745,0.003450920245398773,0.09375,0.9664493865030674,0.5391104294478528,量能动量,1,False
SZ001896,10.54,9.216677,0.933090490797546,0.9206288343558282,0.04217791411042945,0.41391871165644173,量能水平;量能波动,2,False
SZ001914,9.06,0.8711188,0.04543711656441718,0.1290260736196319,0.8226610429447853,0.8065567484662577,量能动量;量能比,2,False
SZ001965,9.85,1.3927462,0.629601226993865,0.5784125766871165,0.142829754601227,0.2348542944785276,,0,True
SZ001979,7.1900005,7.897468,0.9976993865030674,0.9961656441717791,0.38631134969325154,0.7256518404907976,量能水平;量能波动,2,False
SZ002001,25.54,5.0229726,0.013995398773006136,0.021280674846625765,0.5237730061349694,0.39091257668711654,,0,True
SZ002003,11.349999,1.7082365,0.012269938650306749,0.03949386503067485,0.7885352760736196,0.33148006134969327,,0,True
SZ002004,4.3,1.3171718,0.0897239263803681,0.18807515337423314,0.08473926380368098,0.28144171779141103,,0,True
SZ002005,2.77,0.6374068,0.40567484662576686,0.7005368098159509,0.07707055214723926,0.9608895705521472,量能比,1,False
SZ002006,13.11,0.86909264,0.034892638036809816,0.031825153374233126,0.7967791411042945,0.3234279141104294,,0,True
SZ002007,13.19,1.3879744,0.003067484662576687,0.030291411042944784,0.6644938650306749,0.7555598159509203,,0,True
SZ002008,82.0,44.078007,0.6767638036809815,0.5793711656441718,0.29141104294478526,0.39570552147239263,,0,True
SZ002009,15.360001,1.1029632,0.07151073619631902,0.15970092024539878,0.9171779141104295,0.7243098159509203,量能动量,1,False
SZ002010,4.47,0.69723487,0.11062116564417178,0.010161042944785276,0.6041027607361963,0.14992331288343558,,0,True
SZ002011,12.83,7.0674624,0.6368865030674846,0.5408358895705522,0.8730828220858896,0.2981211656441718,量能动量,1,False
SZ002012,6.9300003,0.6804702,0.14896472392638035,0.015912576687116563,0.6497315950920245,0.3686733128834356,,0,True
SZ002014,10.98,0.31753343,0.0003834355828220859,0.0003834355828220859,0.7442484662576687,0.023006134969325152,,0,True
SZ002015,14.5199995,16.502666,0.8460506134969326,0.6378450920245399,0.06729294478527607,0.02492331288343558,量能水平,1,False
SZ002016,4.6099997,0.49308443,0.06882668711656442,0.1196319018404908,0.3736579754601227,0.7718558282208589,,0,True
SZ002017,13.75,5.674568,0.42848926380368096,0.4871549079754601,0.28201687116564417,0.04697085889570552,,0,True
SZ002019,9.38,0.7122537,0.007093558282208589,0.05521472392638037,0.43098159509202455,0.5059432515337423,,0,True
SZ002020,11.35,1.4323133,0.023773006134969327,0.09010736196319018,0.5830138036809815,0.6489647239263804,,0,True
SZ002021,2.56,0.64107865,0.10199386503067484,0.04121932515337423,0.5103527607361963,0.5410276073619632,,0,True
SZ002022,6.0400004,0.6537356,0.03048312883435583,0.2923696319018405,0.9869631901840491,0.9963573619631901,量能动量;量能比,2,False
SZ002023,9.38,1.2717,0.07036042944785276,0.19305981595092025,0.8872699386503068,0.9486196319018405,量能动量;量能比,2,False
SZ002024,1.14,0.21207078,0.004217791411042945,0.018596625766871166,0.26591257668711654,0.3197852760736196,,0,True
SZ002025,68.56,8.552835,0.12787576687116564,0.10736196319018405,0.05138036809815951,0.16986196319018404,,0,True
SZ002026,10.89,1.7453403,0.24539877300613497,0.4541794478527607,0.8544861963190185,0.8512269938650306,量能动量;量能比,2,False
SZ002027,4.6800003,5.7325177,0.5805214723926381,0.33148006134969327,0.7540260736196319,0.41411042944785276,,0,True
SZ002028,121.07001,16.264757,0.03815184049079755,0.13266871165644173,0.7787576687116564,0.6767638036809815,,0,True
SZ002029,8.860001,2.4035258,0.16775306748466257,0.4110429447852761,0.8335889570552147,0.9484279141104295,量能动量;量能比,2,False
SZ002030,5.62,0.98771,0.012078220858895705,0.06940184049079755,0.5427530674846626,0.8964723926380368,量能比,1,False
SZ002031,5.5599995,5.569527,0.3830521472392638,0.5872315950920245,0.9273389570552147,0.6501150306748467,量能动量,1,False
SZ002032,39.66,0.7875574,0.00019171779141104295,0.0011503067484662577,0.8587039877300614,0.23466257668711657,量能动量,1,False
SZ002033,8.190001,2.1995888,0.22910276073619631,0.08914877300613497,0.19746932515337423,0.019363496932515337,,0,True
SZ002034,13.84,0.9097144,0.05866564417177914,0.028949386503067484,0.7302530674846626,0.10908742331288343,,0,True
SZ002035,4.7999997,0.7204832,0.004984662576687116,0.19401840490797545,0.9900306748466258,0.9654907975460123,量能动量;量能比,2,False
SZ002036,5.9700003,2.1842487,0.18788343558282208,0.11464723926380369,0.09144938650306748,0.13132668711656442,,0,True
SZ002037,6.71,0.35406548,0.012845092024539878,0.09183282208588957,0.032975460122699383,0.5139953987730062,,0,True
SZ002038,5.6,1.3315375,0.02933282208588957,0.1598926380368098,0.1995782208588957,0.6102377300613497,,0,True
SZ002039,19.48,0.97589475,0.02338957055214724,0.10908742331288343,0.8429831288343558,0.5237730061349694,量能动量,1,False
SZ002040,8.929999,3.007347,0.6574003067484663,0.5214723926380368,0.031058282208588958,0.0611579754601227,,0,True
SZ002041,9.4,6.2796974,0.5810966257668712,0.45015337423312884,0.06825153374233128,0.024539877300613498,,0,True
SZ002042,3.67,1.5571043,0.1468558282208589,0.4363496932515337,0.8893788343558282,0.9585889570552147,量能动量;量能比,2,False
SZ002043,11.349999,1.2885562,0.005176380368098159,0.11752300613496933,0.15011503067484663,0.67829754601227,,0,True
SZ002044,4.41,2.9522762,0.1945935582822086,0.33857361963190186,0.11062116564417178,0.7342791411042945,,0,True
SZ002045,8.63,2.036757,0.30425613496932513,0.5,0.4304064417177914,0.3383819018404908,,0,True
SZ002046,61.48,8.801627,0.1579754601226994,0.11215490797546013,0.669670245398773,0.6775306748466258,,0,True
SZ002047,3.1100001,1.0233499,0.49980828220858897,0.5320168711656442,0.30828220858895705,0.3606211656441718,,0,True
SZ002048,17.86,2.5726593,0.017254601226993866,0.06403374233128835,0.3588957055214724,0.3738496932515337,,0,True
SZ002049,58.63,6.2448077,0.021280674846625765,0.053489263803680985,0.3416411042944785,0.6355444785276073,,0,True
SZ002050,35.44,14.347889,0.08953220858895705,0.22315950920245398,0.23523773006134968,0.727760736196319,,0,True
SZ002051,8.51,1.967291,0.6508819018404908,0.7937116564417178,0.5243481595092024,0.8968558282208589,量能比,1,False
SZ002052,8.02,0.61223274,0.21414877300613497,0.23044478527607362,0.8374233128834356,0.22507668711656442,量能动量,1,False
SZ002053,9.41,0.737488,0.2521088957055215,0.1351610429447853,0.2593941717791411,0.1495398773006135,,0,True
SZ002054,6.9899993,0.5774578,0.12269938650306748,0.02223926380368098,0.5874233128834356,0.35755368098159507,,0,True
SZ002055,6.5,0.9388024,0.27243098159509205,0.4771855828220859,0.9244631901840491,0.8826687116564417,量能动量;量能比,2,False
SZ002056,19.37,3.5666492,0.14033742331288343,0.08378067484662577,0.2609279141104294,0.424271472392638,,0,True
SZ002057,8.64,1.1494751,0.09010736196319018,0.1276840490797546,0.526648773006135,0.49348159509202455,,0,True
SZ002058,16.689999,0.5046625,0.03450920245398773,0.22641871165644173,0.40912576687116564,0.6901840490797546,,0,True
SZ002059,4.21,5.551898,0.9116180981595092,0.7534509202453987,0.05598159509202454,0.06307515337423313,量能水平,1,False
SZ002060,3.0,0.46774608,0.1004601226993865,0.12404141104294479,0.24405674846625766,0.615989263803681,,0,True
SZ002061,3.26,0.6372654,0.3006134969325153,0.17446319018404907,0.723159509202454,0.21357361963190183,,0,True
SZ002062,8.799999,2.0581305,0.14340490797546013,0.3592791411042945,0.4396088957055215,0.4815950920245399,,0,True
SZ002063,5.2,1.0024595,0.03067484662576687,0.026265337423312884,0.39225460122699385,0.3953220858895706,,0,True
SZ002064,9.53,4.0841265,0.13688650306748465,0.19440184049079753,0.34432515337423314,0.22373466257668712,,0,True
SZ002065,6.4599996,1.8523886,0.0772622699386503,0.17216257668711657,0.504409509202454,0.6179064417177914,,0,True
SZ002066,19.65,0.49314505,0.010161042944785276,0.014762269938650307,0.8592791411042945,0.5003834355828221,量能动量,1,False
SZ002067,3.95,1.065798,0.4169861963190184,0.30943251533742333,0.3521855828220859,0.39934815950920244,,0,True
SZ002068,9.12,6.3778296,0.7137653374233128,0.759010736196319,0.1334355828220859,0.5070935582822086,,0,True
SZ002069,3.67,0.5354284,0.66545245398773,0.5479294478527608,0.5649923312883436,0.38190184049079756,,0,True
SZ002072,7.09,1.3606067,0.5191717791411042,0.030099693251533742,0.20341257668711657,0.046395705521472395,,0,True
SZ002073,5.5799994,0.6266301,0.3594708588957055,0.2668711656441718,0.8153757668711656,0.325728527607362,量能动量,1,False
SZ002074,26.07,5.3833013,0.4183282208588957,0.8027223926380368,0.7482745398773006,0.9384585889570553,量能波动;量能比,2,False
SZ002075,3.46,0.825222,0.3891871165644172,0.3604294478527607,0.348159509202454,0.4629984662576687,,0,True
SZ002076,2.09,0.5597127,0.42005368098159507,0.361771472392638,0.3425996932515337,0.2960122699386503,,0,True
SZ002077,14.790001,6.809047,0.902032208588957,0.8460506134969326,0.5408358895705522,0.7975460122699386,量能水平;量能波动,2,False
SZ002078,13.54,2.5771346,0.23773006134969324,0.20552147239263804,0.21050613496932516,0.41545245398773006,,0,True
SZ002079,8.549999,1.8438455,0.30233895705521474,0.2739647239263804,0.32151073619631904,0.6374616564417178,,0,True
SZ002080,52.74,33.82448,0.727760736196319,0.8857361963190185,0.0352760736196319,0.8851610429447853,量能波动;量能比,2,False
SZ002081,4.76,14.469252,0.7381134969325154,0.7429064417177914,0.3964723926380368,0.6217407975460123,,0,True
SZ002082,13.200001,1.357456,0.267829754601227,0.5774539877300614,0.986579754601227,0.9708588957055214,量能动量;量能比,2,False
SZ002083,9.21,2.2809238,0.4351993865030675,0.42983128834355827,0.22737730061349692,0.5508052147239264,,0,True
SZ002084,5.7999997,7.109885,0.9543711656441718,0.9505368098159509,0.5302914110429447,0.4940567484662577,量能水平;量能波动,2,False
SZ002085,9.28,2.1852767,0.08857361963190184,0.09854294478527607,0.17350460122699388,0.6769555214723927,,0,True
SZ002086,2.02,1.3577483,0.8088573619631901,0.7386886503067485,0.15625,0.2593941717791411,量能水平,1,False
SZ002088,7.959999,0.22088408,0.013803680981595092,0.011503067484662576,0.08032975460122699,0.16219325153374234,,0,True
SZ002090,8.85,0.48845413,0.10678680981595091,0.1129217791411043,0.13765337423312884,0.4938650306748466,,0,True
SZ002091,7.49,0.6979278,0.03853527607361963,0.08588957055214724,0.4493865030674847,0.4568634969325153,,0,True
SZ002092,4.3,2.5590816,0.8006134969325154,0.620782208588957,0.5116947852760736,0.09298312883435583,量能水平,1,False
SZ002093,8.16,2.4592578,0.39858128834355827,0.5941334355828221,0.9133435582822086,0.8652223926380368,量能动量;量能比,2,False
SZ002094,5.06,2.6648037,0.660659509202454,0.7743481595092024,0.647430981595092,0.32151073619631904,,0,True
SZ002095,15.82,1.757945,0.7172162576687117,0.580329754601227,0.1048696319018405,0.7381134969325154,,0,True
SZ002096,8.96,0.45649692,0.04102760736196319,0.13631134969325154,0.3895705521472393,0.5316334355828221,,0,True
SZ002097,6.7300005,1.4253392,0.5975843558282209,0.5293328220858896,0.4722009202453988,0.3642638036809816,,0,True
SZ002098,8.32,0.6074059,0.18059815950920247,0.23466257668711657,0.9254217791411042,0.3063650306748466,量能动量,1,False
SZ002099,6.0,1.5138884,0.4227377300613497,0.5943251533742331,0.9675996932515337,0.8414493865030674,量能动量;量能比,2,False
SZ002100,7.86,2.2531772,0.28105828220858897,0.2726226993865031,0.7243098159509203,0.09720092024539877,,0,True
SZ002101,8.44,0.30343223,0.041986196319018405,0.06365030674846625,0.8050230061349694,0.5797546012269938,量能动量,1,False
SZ002102,2.5600002,0.41025808,0.06959355828220859,0.11771472392638037,0.8539110429447853,0.2651457055214724,量能动量,1,False
SZ002103,6.59,0.62177,0.2570935582822086,0.66545245398773,0.3776840490797546,0.7344708588957055,,0,True
SZ002104,10.21,10.244312,0.72795245398773,0.7622699386503068,0.24539877300613497,0.17388803680981596,,0,True
SZ002105,5.98,0.40625957,0.18711656441717792,0.28891871165644173,0.7549846625766872,0.7427147239263804,,0,True
SZ002106,12.16,4.1711144,0.8671395705521472,0.8680981595092024,0.33723159509202455,0.9131518404907976,量能水平;量能波动;量能比,3,False
SZ002107,7.11,1.8514881,0.3968558282208589,0.4883052147239264,0.23427914110429449,0.254601226993865,,0,True
SZ002108,4.24,1.0809295,0.10985429447852761,0.10467791411042945,0.4683665644171779,0.04505368098159509,,0,True
SZ002110,2.84,0.71708703,0.5858895705521472,0.6110046012269938,0.5625,0.7218174846625767,,0,True
SZ002111,9.320001,0.78239965,0.2983128834355828,0.4089340490797546,0.4541794478527607,0.28891871165644173,,0,True
SZ002112,13.889999,1.4207578,0.30962423312883436,0.24808282208588958,0.14167944785276074,0.22910276073619631,,0,True
SZ002114,7.12,0.6349346,0.6936349693251533,0.25172546012269936,0.1156058282208589,0.08032975460122699,,0,True
SZ002115,9.54,3.785485,0.6234662576687117,0.6944018404907976,0.9311733128834356,0.6838573619631901,量能动量,1,False
SZ002116,7.07,0.2546855,0.019746932515337424,0.03144171779141104,0.7108895705521472,0.27703220858895705,,0,True
SZ002117,7.8099995,0.58142334,0.059049079754601226,0.138420245398773,0.31326687116564417,0.5247315950920245,,0,True
SZ002119,29.710001,10.796268,0.8341641104294478,0.97795245398773,0.9537960122699386,0.9566717791411042,量能水平;量能波动;量能动量;量能比,4,False
SZ002120,6.77,2.024872,0.6388036809815951,0.7266104294478528,0.056173312883435585,0.6667944785276073,,0,True
SZ002121,4.13,1.6808176,0.4041411042944785,0.5966257668711656,0.8307131901840491,0.8565950920245399,量能动量;量能比,2,False
SZ002122,2.7,0.2762296,0.5061349693251533,0.44056748466257667,0.5995015337423313,0.1905674846625767,,0,True
SZ002123,7.5299997,1.4736456,0.6587423312883436,0.8912960122699386,0.8199769938650306,0.9426763803680982,量能波动;量能动量;量能比,3,False
SZ002124,2.0,3.3810542,0.8021472392638037,0.865989263803681,0.6359279141104295,0.5538726993865031,量能水平;量能波动,2,False
SZ002125,11.65,1.3745762,0.3535276073619632,0.25996932515337423,0.7607361963190185,0.2429064417177914,,0,True
SZ002126,34.37,5.908785,0.3370398773006135,0.4781441717791411,0.8717407975460123,0.5801380368098159,量能动量,1,False
SZ002127,2.95,1.2007529,0.4745015337423313,0.39493865030674846,0.6593174846625767,0.754792944785276,,0,True
SZ002128,27.740002,3.9141655,0.5866564417177914,0.5766871165644172,0.24808282208588958,0.4664493865030675,,0,True
SZ002129,9.12,6.2977657,0.8092407975460123,0.9647239263803681,0.7486579754601227,0.9116180981595092,量能水平;量能波动;量能比,3,False
SZ002130,15.680001,6.5363803,0.5540644171779141,0.35736196319018404,0.08550613496932516,0.15509969325153375,,0,True
SZ002131,4.2,17.100082,0.8322469325153374,0.8496932515337423,0.23849693251533743,0.19325153374233128,量能水平;量能波动,2,False
SZ002132,3.99,2.0975983,0.6717791411042945,0.5391104294478528,0.3276457055214724,0.1706288343558282,,0,True
SZ002133,2.83,0.73042226,0.6988113496932515,0.5435199386503068,0.3341641104294479,0.10697852760736197,,0,True
SZ002134,24.300001,4.4110765,0.8422162576687117,0.870590490797546,0.08953220858895705,0.8502684049079755,量能水平;量能波动;量能比,3,False
SZ002135,5.8700004,0.75761217,0.5327837423312883,0.5755368098159509,0.785467791411043,0.7298696319018405,,0,True
SZ002136,11.62,0.53084373,0.35429447852760737,0.254601226993865,0.6016104294478528,0.4804447852760736,,0,True
SZ002137,7.74,2.6911035,0.8870782208588958,0.9530291411042945,0.0023006134969325155,0.8240030674846626,量能水平;量能波动;量能比,3,False
SZ002138,47.890003,14.420588,0.6834739263803681,0.49482361963190186,0.4123849693251534,0.705329754601227,,0,True
SZ002139,9.599999,1.2559813,0.2764570552147239,0.22028374233128833,0.3638803680981595,0.2469325153374233,,0,True
SZ002140,9.0,0.61158186,0.19037576687116564,0.4812116564417178,0.7296779141104295,0.7087806748466258,,0,True
SZ002141,6.29,11.2773695,0.9520705521472392,0.9620398773006135,0.8146088957055214,0.781441717791411,量能水平;量能波动;量能动量,3,False
SZ002142,34.55,9.090409,0.8209355828220859,0.5542561349693251,0.5996932515337423,0.3159509202453988,量能水平,1,False
SZ002144,10.82,0.3246423,0.527032208588957,0.2967791411042945,0.5918328220858896,0.611579754601227,,0,True
SZ002145,4.64,2.6983292,0.932707055214724,0.9116180981595092,0.5168711656441718,0.9449769938650306,量能水平;量能波动;量能比,3,False
SZ002146,1.21,1.9783007,0.973159509202454,0.9938650306748467,0.6892254601226994,0.9559049079754601,量能水平;量能波动;量能比,3,False
SZ002148,6.15,0.6727228,0.41180981595092025,0.7059049079754601,0.7534509202453987,0.8656058282208589,量能比,1,False
SZ002149,31.55,4.675653,0.7622699386503068,0.7628450920245399,0.3746165644171779,0.6798312883435583,,0,True
SZ002150,20.06,1.477356,0.3289877300613497,0.2559432515337423,0.1424463190184049,0.4539877300613497,,0,True
SZ002151,28.449999,3.493113,0.6351610429447853,0.8698236196319018,0.6217407975460123,0.9480444785276073,量能波动;量能比,2,False
SZ002152,8.88,1.7305284,0.4844708588957055,0.2549846625766871,0.6700536809815951,0.3843941717791411,,0,True
SZ002153,7.2899995,1.3643563,0.17599693251533743,0.3905291411042945,0.8309049079754601,0.7183665644171779,量能动量,1,False
SZ002154,3.8100002,0.95986253,0.4568634969325153,0.27358128834355827,0.47028374233128833,0.3441334355828221,,0,True
SZ002155,22.67,18.93861,0.9938650306748467,0.9043328220858896,0.21894171779141106,0.043328220858895705,量能水平;量能波动,2,False
SZ002156,58.9,39.793713,0.9768021472392638,0.9902223926380368,0.04620398773006135,0.7795245398773006,量能水平;量能波动,2,False
SZ002157,2.9099998,5.4928775,0.9334739263803681,0.5949003067484663,0.49079754601226994,0.14206288343558282,量能水平,1,False
SZ002158,24.66,3.195433,0.517829754601227,0.6376533742331288,0.4986579754601227,0.23447085889570551,,0,True
SZ002159,13.250001,0.4816716,0.37921779141104295,0.44305981595092025,0.1706288343558282,0.2432898773006135,,0,True
SZ002160,3.8,0.50170785,0.7923696319018405,0.6612346625766872,0.8115414110429447,0.44785276073619634,量能动量,1,False
SZ002161,6.28,2.9517202,0.8165260736196319,0.9261886503067485,0.09298312883435583,0.7611196319018405,量能水平;量能波动,2,False
SZ002162,4.1299996,1.5070028,0.8470092024539877,0.8939800613496932,0.2174079754601227,0.2618865030674847,量能水平;量能波动,2,False
SZ002163,7.32,2.9303918,0.7632285276073619,0.7469325153374233,0.026457055214723926,0.4835122699386503,,0,True
SZ002164,12.31,2.0736234,0.7609279141104295,0.9652990797546013,0.9913726993865031,0.9984662576687117,量能波动;量能动量;量能比,3,False
SZ002165,6.76,7.7606187,0.9603144171779141,0.9210122699386503,0.6481978527607362,0.08953220858895705,量能水平;量能波动,2,False
SZ002166,6.71,0.8861003,0.39493865030674846,0.388420245398773,0.24712423312883436,0.08493098159509202,,0,True
SZ002167,15.2,6.779477,0.870207055214724,0.834930981595092,0.1911426380368098,0.4455521472392638,量能水平;量能波动,2,False
SZ002169,12.26,3.5790262,0.6062116564417178,0.8203604294478528,0.5448619631901841,0.9164110429447853,量能波动;量能比,2,False
SZ002170,10.490001,2.1810353,0.3861196319018405,0.3008052147239264,0.4881134969325153,0.08109662576687117,,0,True
SZ002171,9.67,7.8274198,0.9560966257668712,0.5663343558282209,0.3880368098159509,0.10889570552147239,量能水平,1,False
SZ002172,5.0699997,8.927159,0.9984662576687117,0.9980828220858896,0.08339723926380369,0.5084355828220859,量能水平;量能波动,2,False
SZ002173,17.16,4.2173915,0.8692484662576687,0.9202453987730062,0.12154907975460123,0.7390720858895705,量能水平;量能波动,2,False
SZ002174,13.24,6.2322803,0.8412576687116564,0.6713957055214724,0.3836273006134969,0.34796779141104295,量能水平,1,False
SZ002175,2.44,0.34357333,0.6031441717791411,0.5442868098159509,0.9162193251533742,0.1522239263803681,量能动量,1,False
SZ002176,8.08,3.2778075,0.7057131901840491,0.4741180981595092,0.6616180981595092,0.25057515337423314,,0,True
SZ002177,5.39,1.5174037,0.7731978527607362,0.7241180981595092,0.34317484662576686,0.1468558282208589,,0,True
SZ002178,4.8999996,1.4261156,0.620207055214724,0.9336656441717791,0.9789110429447853,0.9988496932515337,量能波动;量能动量;量能比,3,False
SZ002179,33.27,6.148798,0.3362730061349693,0.36713957055214724,0.33224693251533743,0.5412193251533742,,0,True
SZ002180,16.070002,1.6439501,0.46223159509202455,0.8310966257668712,0.8241947852760736,0.9618481595092024,量能波动;量能动量;量能比,3,False
SZ002181,8.69,8.247278,0.9833205521472392,0.9852377300613497,0.9219708588957055,0.6361196319018405,量能水平;量能波动;量能动量,3,False
SZ002182,10.97,1.2749435,0.3077070552147239,0.18251533742331288,0.6815567484662577,0.19842791411042945,,0,True
SZ002183,4.0800004,1.9072945,0.7083972392638037,0.5454371165644172,0.7013036809815951,0.7465490797546013,,0,True
SZ002184,9.81,0.32507426,0.10410276073619631,0.41506901840490795,0.5922162576687117,0.785659509202454,,0,True
SZ002185,16.990002,38.99186,0.941909509202454,0.9858128834355828,0.08358895705521473,0.9127684049079755,量能水平;量能波动;量能比,3,False
SZ002186,9.320001,0.5591688,0.5851226993865031,0.5383435582822086,0.12423312883435583,0.08857361963190184,,0,True
SZ002187,5.4,0.8695916,0.8270705521472392,0.5034509202453987,0.2164493865030675,0.05272239263803681,量能水平,1,False
SZ002188,5.57,0.5706783,0.6549079754601227,0.6002684049079755,0.7559432515337423,0.6936349693251533,,0,True
SZ002189,18.92,0.6706756,0.20417944785276074,0.3496932515337423,0.861579754601227,0.12576687116564417,量能动量,1,False
SZ002190,23.039999,2.4765294,0.42695552147239263,0.1767638036809816,0.4181365030674847,0.005368098159509203,,0,True
SZ002191,3.4900002,0.39557305,0.2618865030674847,0.2956288343558282,0.80329754601227,0.5858895705521472,量能动量,1,False
SZ002192,56.09,7.7511506,0.526840490797546,0.4892638036809816,0.22066717791411042,0.34547546012269936,,0,True
SZ002193,4.54,0.21289788,0.31901840490797545,0.15184049079754602,0.2356211656441718,0.11771472392638037,,0,True
SZ002194,10.0,4.9880743,0.9497699386503068,0.7962039877300614,0.2668711656441718,0.21223159509202455,量能水平,1,False
SZ002195,5.88,4.9327016,0.5412193251533742,0.38765337423312884,0.3197852760736196,0.3759585889570552,,0,True
SZ002196,10.26,2.5088007,0.7887269938650306,0.8401073619631901,0.8489263803680982,0.35429447852760737,量能波动;量能动量,2,False
SZ002197,6.3799996,1.120939,0.6504984662576687,0.5141871165644172,0.4137269938650307,0.6644938650306749,,0,True
SZ002198,3.57,0.24324287,0.14148773006134968,0.20820552147239263,0.370398773006135,0.05023006134969325,,0,True
SZ002199,11.46,0.6433751,0.29121932515337423,0.696319018404908,0.602569018404908,0.9526457055214724,量能比,1,False
SZ002200,6.68,0.280465,0.5467791411042945,0.6729294478527608,0.8690567484662577,0.7208588957055214,量能动量,1,False
SZ002201,9.330001,6.47455,0.8709739263803681,0.812308282208589,0.049079754601226995,0.2446319018404908,量能水平;量能波动,2,False
SZ002202,17.230001,15.527203,0.9942484662576687,0.9307898773006135,0.3686733128834356,0.18136503067484663,量能水平;量能波动,2,False
SZ002203,17.09,4.1286597,0.7352377300613497,0.5799463190184049,0.33819018404907975,0.32783742331288346,,0,True
SZ002204,5.21,2.2617667,0.8429831288343558,0.7400306748466258,0.08742331288343558,0.29351993865030673,量能水平,1,False
SZ002205,11.6,0.626519,0.5116947852760736,0.9217791411042945,0.9963573619631901,0.9838957055214724,量能波动;量能动量;量能比,3,False
SZ002206,4.8399997,0.444744,0.09355828220858896,0.18174846625766872,0.7944785276073619,0.2963957055214724,,0,True
SZ002207,5.64,0.44348264,0.5559815950920245,0.7082055214723927,0.9476610429447853,0.1892254601226994,量能动量,1,False
SZ002208,9.69,3.0224266,0.700920245398773,0.69670245398773,0.11790644171779141,0.4904141104294479,,0,True
SZ002209,13.2300005,0.6269472,0.3999233128834356,0.3015720858895706,0.5093941717791411,0.24808282208588958,,0,True
SZ002210,2.07,1.0937412,0.6625766871165644,0.6217407975460123,0.4422929447852761,0.5531058282208589,,0,True
SZ002211,3.6899998,0.20006888,0.39225460122699385,0.3412576687116564,0.39628067484662577,0.29486196319018404,,0,True
SZ002212,7.2799997,8.004256,0.9873466257668712,0.9890720858895705,0.620590490797546,0.7553680981595092,量能水平;量能波动,2,False
SZ002213,27.750002,3.2107975,0.44631901840490795,0.3585122699386503,0.1267254601226994,0.7076303680981595,,0,True
SZ002214,17.550001,1.2932544,0.21587423312883436,0.2954371165644172,0.46108128834355827,0.53125,,0,True
SZ002215,9.33,2.7724624,0.6259585889570553,0.7227760736196319,0.1633435582822086,0.1616180981595092,,0,True
SZ002216,11.48,0.6072128,0.12001533742331288,0.0366180981595092,0.29754601226993865,0.08512269938650306,,0,True
SZ002217,1.5099999,1.951682,0.9670245398773006,0.9654907975460123,0.019938650306748466,0.722967791411043,量能水平;量能波动,2,False
SZ002218,3.68,3.0410297,0.9691334355828221,0.9754601226993865,0.08397239263803681,0.5906825153374233,量能水平;量能波动,2,False
SZ002219,2.07,1.8873885,0.6142638036809815,0.6924846625766872,0.11924846625766872,0.682898773006135,,0,True
SZ002221,5.59,1.033768,0.4484279141104294,0.35371932515337423,0.6209739263803681,0.18826687116564417,,0,True
SZ002222,61.720005,14.149081,0.6968941717791411,0.6773389570552147,0.5588573619631901,0.7808665644171779,,0,True
SZ002223,26.33,1.7039139,0.010352760736196318,0.006134969325153374,0.6501150306748467,0.6587423312883436,,0,True
SZ002224,3.69,0.9154635,0.495590490797546,0.2375383435582822,0.48274539877300615,0.016487730061349692,,0,True
SZ002225,3.37,0.6561482,0.6765720858895705,0.47641871165644173,0.3266871165644172,0.6984279141104295,,0,True
SZ002226,4.86,1.256925,0.2883435582822086,0.6577837423312883,0.9027990797546013,0.9622315950920245,量能动量;量能比,2,False
SZ002228,3.2299998,0.7548412,0.17580521472392638,0.31422546012269936,0.7521088957055214,0.557898773006135,,0,True
SZ002229,10.26,4.192336,0.7304447852760736,0.597967791411043,0.24175613496932516,0.0718941717791411,,0,True
SZ002230,37.25,7.3634176,0.24616564417177914,0.2714723926380368,0.745590490797546,0.4589723926380368,,0,True
SZ002232,16.28,1.6233587,0.3682898773006135,0.6698619631901841,0.7875766871165644,0.897430981595092,量能比,1,False
SZ002233,6.67,0.8215444,0.32285276073619634,0.6179064417177914,0.9033742331288344,0.9091257668711656,量能动量;量能比,2,False
SZ002234,7.81,0.48060736,0.5352760736196319,0.4027990797546012,0.5793711656441718,0.2066717791411043,,0,True
SZ002235,7.6699996,1.6508213,0.481978527607362,0.33819018404907975,0.5057515337423313,0.3222776073619632,,0,True
SZ002236,15.219999,3.4723017,0.0638420245398773,0.08224693251533742,0.7691717791411042,0.3981978527607362,,0,True
SZ002237,12.24,3.3871818,0.7087806748466258,0.5258819018404908,0.7616947852760736,0.24271472392638035,,0,True
SZ002238,7.59,0.8650772,0.39474693251533743,0.9532208588957055,0.9890720858895705,0.9932898773006135,量能波动;量能动量;量能比,3,False
SZ002239,2.4199998,1.2553113,0.49079754601226994,0.12039877300613497,0.4277223926380368,0.5956671779141104,,0,True
SZ002240,24.440002,6.3246226,0.8579371165644172,0.45839723926380366,0.7082055214723927,0.4557131901840491,量能水平,1,False
SZ002241,23.150002,19.050447,0.59375,0.8608128834355828,0.11675613496932516,0.9041411042944786,量能波动;量能比,2,False
SZ002242,10.33,1.5763613,0.6771472392638037,0.6723542944785276,0.7645705521472392,0.785851226993865,,0,True
SZ002243,6.81,0.67465454,0.37193251533742333,0.22430981595092025,0.808282208588957,0.4171779141104294,量能动量,1,False
SZ002244,8.6,3.5265882,0.7082055214723927,0.7624616564417178,0.6179064417177914,0.8696319018404908,量能比,1,False
SZ002245,16.24,9.191543,0.36100460122699385,0.4447852760736196,0.8634969325153374,0.7572852760736196,量能动量,1,False
SZ002246,24.93,5.7768664,0.7369631901840491,0.8663726993865031,0.9651073619631901,0.97795245398773,量能波动;量能动量;量能比,3,False
SZ002247,2.47,0.4541584,0.3402990797546012,0.18462423312883436,0.5651840490797546,0.6077453987730062,,0,True
SZ002248,9.29,1.7510096,0.691909509202454,0.8165260736196319,0.0009585889570552147,0.42925613496932513,量能波动,1,False
SZ002249,6.4100003,2.097467,0.3901457055214724,0.5605828220858896,0.5902990797546013,0.5293328220858896,,0,True
SZ002250,14.139999,1.7572943,0.11579754601226994,0.08953220858895705,0.4990414110429448,0.24674079754601227,,0,True
SZ002251,3.3500001,4.114086,0.9869631901840491,0.9112346625766872,0.12710889570552147,0.09375,量能水平;量能波动,2,False
SZ002252,5.08,1.9981732,0.1807898773006135,0.4714340490797546,0.9006901840490797,0.8101993865030674,量能动量;量能比,2,False
SZ002253,8.48,0.57273966,0.14167944785276074,0.7388803680981595,0.9798696319018405,0.968558282208589,量能动量;量能比,2,False
SZ002254,11.630001,1.8650001,0.4363496932515337,0.3197852760736196,0.870782208588957,0.6284509202453987,量能动量,1,False
SZ002255,7.23,0.5452132,0.18251533742331288,0.299271472392638,0.8000383435582822,0.4973159509202454,量能动量,1,False
SZ002256,3.12,1.1040848,0.20878067484662577,0.17580521472392638,0.7795245398773006,0.34451687116564417,,0,True
SZ002258,13.929999,4.1492977,0.6067868098159509,0.41679447852760737,0.10793711656441718,0.14052914110429449,,0,True
SZ002259,4.81,1.018131,0.47795245398773006,0.7302530674846626,0.9875383435582822,0.990989263803681,量能动量;量能比,2,False
SZ002261,24.099998,8.064793,0.562691717791411,0.6336273006134969,0.02262269938650307,0.6526073619631901,,0,True
SZ002262,21.550001,1.3888423,0.012653374233128834,0.07668711656441718,0.8025306748466258,0.6326687116564417,量能动量,1,False
SZ002263,3.09,1.4013481,0.5335506134969326,0.598542944785276,0.38017638036809814,0.6389953987730062,,0,True
SZ002264,7.6400003,3.915918,0.8976226993865031,0.8531441717791411,0.8130751533742331,0.9530291411042945,量能水平;量能波动;量能动量;量能比,4,False
SZ002265,18.949999,4.7877707,0.6639187116564417,0.5015337423312883,0.10410276073619631,0.02799079754601227,,0,True
SZ002266,4.5299997,3.21882,0.6633435582822086,0.49923312883435583,0.44171779141104295,0.6274923312883436,,0,True
SZ002267,7.15,0.7427345,0.3065567484662577,0.08895705521472393,0.40433282208588955,0.007476993865030675,,0,True
SZ002268,14.840001,2.103258,0.26399539877300615,0.40433282208588955,0.35908742331288346,0.6631518404907976,,0,True
SZ002269,1.3599999,0.7141785,0.8746165644171779,0.8636886503067485,0.2691717791411043,0.7302530674846626,量能水平;量能波动,2,False
SZ002270,17.02,1.781962,0.2641871165644172,0.3512269938650307,0.9229294478527608,0.5479294478527608,量能动量,1,False
SZ002271,10.12,5.1070204,0.09317484662576687,0.18826687116564417,0.6273006134969326,0.4737346625766871,,0,True
SZ002272,14.42,4.3453784,0.8627300613496932,0.6593174846625767,0.267829754601227,0.3416411042944785,量能水平,1,False
SZ002273,23.850002,7.2896028,0.5569401840490797,0.38899539877300615,0.4815950920245399,0.718558282208589,,0,True
SZ002275,12.07,0.2160693,0.14838957055214724,0.27223926380368096,0.2737730061349693,0.29275306748466257,,0,True
SZ002276,9.73,1.0977242,0.45379601226993865,0.2647622699386503,0.696510736196319,0.5396855828220859,,0,True
SZ002277,5.07,1.2227486,0.6491564417177914,0.39033742331288346,0.36675613496932513,0.2716641104294479,,0,True
SZ002278,7.8900003,1.2834294,0.8048312883435583,0.5406441717791411,0.4223542944785276,0.011886503067484663,量能水平,1,False
SZ002279,6.47,3.0509872,0.8374233128834356,0.86579754601227,0.13650306748466257,0.20513803680981596,量能水平;量能波动,2,False
SZ002281,163.8,57.193855,0.8636886503067485,0.8161426380368099,0.41180981595092025,0.3604294478527607,量能水平;量能波动,2,False
SZ002283,7.69,1.5376353,0.48964723926380366,0.6228911042944786,0.8677147239263804,0.4526457055214724,量能动量,1,False
SZ002284,9.22,2.6382723,0.5809049079754601,0.5304831288343558,0.3556365030674847,0.08416411042944785,,0,True
SZ002285,3.26,5.238398,0.8991564417177914,0.8696319018404908,0.7484662576687117,0.9668328220858896,量能水平;量能波动;量能比,3,False
SZ002286,8.31,2.1007318,0.7820168711656442,0.8934049079754601,0.9319401840490797,0.7684049079754601,量能波动;量能动量,2,False
SZ002287,19.289999,0.262105,0.06556748466257668,0.1169478527607362,0.5707438650306749,0.6848159509202454,,0,True
SZ002289,33.879997,1.4551282,0.3713573619631902,0.4327070552147239,0.3148006134969325,0.4593558282208589,,0,True
SZ002290,69.600006,5.158344,0.5736196319018405,0.8130751533742331,0.6190567484662577,0.8765337423312883,量能波动;量能比,2,False
SZ002291,5.3599997,2.5064483,0.9589723926380368,0.8274539877300614,0.6656441717791411,0.2174079754601227,量能水平;量能波动,2,False
SZ002292,8.55,4.314331,0.8466257668711656,0.6875,0.13784509202453987,0.5155291411042945,量能水平,1,False
SZ002293,10.66,0.4018255,0.02492331288343558,0.0856978527607362,0.8782592024539877,0.22622699386503067,量能动量,1,False
SZ002294,29.86,2.9746094,0.33493098159509205,0.4432515337423313,0.34049079754601225,0.5226226993865031,,0,True
SZ002295,9.65,1.9698763,0.8054064417177914,0.660467791411043,0.02281441717791411,0.0709355828220859,量能水平,1,False
SZ002296,9.75,0.9591706,0.41276840490797545,0.6901840490797546,0.950920245398773,0.7680214723926381,量能动量,1,False
SZ002297,20.38,24.679823,0.9825536809815951,0.9725843558282209,0.8065567484662577,0.2873849693251534,量能水平;量能波动;量能动量,3,False
SZ002298,8.61,3.8404713,0.8109662576687117,0.9503450920245399,0.540260736196319,0.8930214723926381,量能水平;量能波动;量能比,3,False
SZ002299,15.800001,1.696615,0.5734279141104295,0.20878067484662577,0.23466257668711657,0.07208588957055215,,0,True
SZ002300,7.8300004,5.7311015,0.8949386503067485,0.9413343558282209,0.1928680981595092,0.7940950920245399,量能水平;量能波动,2,False
SZ002301,8.48,1.5683743,0.5920245398773006,0.8508435582822086,0.9881134969325154,0.9842791411042945,量能波动;量能动量;量能比,3,False
SZ002302,4.61,0.28284344,0.24252300613496933,0.5987346625766872,0.696319018404908,0.8140337423312883,量能比,1,False
SZ002303,6.09,4.489189,0.7979294478527608,0.9606978527607362,0.6742714723926381,0.902032208588957,量能波动;量能比,2,False
SZ002304,37.010002,1.6089951,0.4422929447852761,0.4058665644171779,0.8472009202453987,0.5962423312883436,量能动量,1,False
SZ002305,2.02,0.3202691,0.5703604294478528,0.6853911042944786,0.2726226993865031,0.7354294478527608,,0,True
SZ002306,2.11,0.3452334,0.5665260736196319,0.4675996932515337,0.691717791411043,0.09624233128834356,,0,True
SZ002307,2.88,0.70619065,0.5325920245398773,0.4258052147239264,0.6238496932515337,0.6504984662576687,,0,True
SZ002309,2.7600002,2.4455454,0.9946319018404908,0.9906058282208589,0.2910276073619632,0.5109279141104295,量能水平;量能波动,2,False
SZ002310,2.28,1.7658056,0.7774156441717791,0.5927914110429447,0.535659509202454,0.6182898773006135,,0,True
SZ002311,41.38,3.6987412,0.2586273006134969,0.37480828220858897,0.9346242331288344,0.4518788343558282,量能动量,1,False
SZ002312,8.11,3.537706,0.6761886503067485,0.4250383435582822,0.20724693251533743,0.07112730061349694,,0,True
SZ002313,8.63,1.0878375,0.834739263803681,0.9900306748466258,0.9810199386503068,0.9869631901840491,量能水平;量能波动;量能动量;量能比,4,False
SZ002314,2.27,0.6347063,0.9144938650306749,0.9522622699386503,0.7793328220858896,0.9031825153374233,量能水平;量能波动;量能比,3,False
SZ002315,24.14,1.9086958,0.5868481595092024,0.848159509202454,0.8941717791411042,0.8911042944785276,量能波动;量能动量;量能比,3,False
SZ002316,4.36,0.7271251,0.758819018404908,0.5241564417177914,0.28297546012269936,0.43903374233128833,,0,True
SZ002317,23.109999,4.4434633,0.6880751533742331,0.7530674846625767,0.32304447852760737,0.8310966257668712,量能比,1,False
SZ002318,18.08,1.4479464,0.3075153374233129,0.25,0.5026840490797546,0.1481978527607362,,0,True
SZ002319,9.98,0.7178036,0.691717791411043,0.661042944785276,0.401648773006135,0.5007668711656442,,0,True
SZ002320,6.34,4.3679705,0.8055981595092024,0.7521088957055214,0.7889187116564417,0.10544478527607362,量能水平,1,False
SZ002321,2.1200001,1.612512,0.9902223926380368,0.9976993865030674,0.9265720858895705,0.9833205521472392,量能水平;量能波动;量能动量;量能比,4,False
SZ002322,12.01,0.7559163,0.348351226993865,0.4265720858895706,0.785851226993865,0.36982361963190186,,0,True
SZ002323,1.22,0.37110755,0.7200920245398773,0.7202837423312883,0.839340490797546,0.7822085889570553,量能动量,1,False
SZ002324,8.67,2.100859,0.5120782208588958,0.37921779141104295,0.7567101226993865,0.1478144171779141,,0,True
SZ002326,15.99,2.696814,0.4614647239263804,0.31230828220858897,0.5763036809815951,0.45878067484662577,,0,True
SZ002327,6.06,0.25904804,0.020897239263803682,0.016679447852760737,0.7110812883435583,0.13592791411042945,,0,True
SZ002328,8.26,7.3473907,0.968558282208589,0.9248466257668712,0.8934049079754601,0.5243481595092024,量能水平;量能波动;量能动量,3,False
SZ002329,3.54,1.2056478,0.7158742331288344,0.5452453987730062,0.2703220858895706,0.13861196319018404,,0,True
SZ002330,4.1,0.4949438,0.6821319018404908,0.464340490797546,0.5107361963190185,0.25824386503067487,,0,True
SZ002331,6.74,0.56870127,0.410659509202454,0.3272622699386503,0.5523389570552147,0.21280674846625766,,0,True
SZ002332,8.65,1.1922228,0.5471625766871165,0.5193634969325154,0.8063650306748467,0.27799079754601225,量能动量,1,False
SZ002333,5.58,0.59065807,0.5379601226993865,0.7459739263803681,0.9606978527607362,0.9177530674846626,量能动量;量能比,2,False
SZ002334,6.36,0.6991531,0.37691717791411045,0.4120015337423313,0.5659509202453987,0.4486196319018405,,0,True
SZ002335,30.4,6.098748,0.5801380368098159,0.9139187116564417,0.9141104294478528,0.964340490797546,量能波动;量能动量;量能比,3,False
SZ002337,4.7,0.4175654,0.455521472392638,0.7595858895705522,0.9252300613496932,0.937691717791411,量能动量;量能比,2,False
SZ002338,43.670006,1.84816,0.432898773006135,0.7103144171779141,0.8585122699386503,0.9507285276073619,量能动量;量能比,2,False
SZ002339,7.0299997,1.9107624,0.7112730061349694,0.7016871165644172,0.01706288343558282,0.883819018404908,量能比,1,False
SZ002340,5.99,3.3621252,0.6347776073619632,0.4838957055214724,0.8027223926380368,0.38151840490797545,量能动量,1,False
SZ002342,8.679999,4.6942005,0.964340490797546,0.9988496932515337,0.995590490797546,0.9497699386503068,量能水平;量能波动;量能动量;量能比,4,False
SZ002343,5.59,1.5857389,0.897430981595092,0.7438650306748467,0.3192101226993865,0.051763803680981595,量能水平,1,False
SZ002344,3.95,0.36043048,0.25153374233128833,0.15049846625766872,0.6441717791411042,0.44037576687116564,,0,True
SZ002345,8.3,1.4320178,0.42963957055214724,0.17599693251533743,0.6447469325153374,0.08358895705521473,,0,True
SZ002346,17.970001,1.6069835,0.4612730061349693,0.3773006134969325,0.13803680981595093,0.48945552147239263,,0,True
SZ002347,6.42,0.95648015,0.6150306748466258,0.9156441717791411,0.9927147239263804,0.8209355828220859,量能波动;量能动量;量能比,3,False
SZ002348,10.49,1.4716543,0.25690184049079756,0.2670628834355828,0.6194401840490797,0.593558282208589,,0,True
SZ002349,8.68,7.237989,0.8516104294478528,0.8732745398773006,0.6299846625766872,0.4722009202453988,量能水平;量能波动,2,False
SZ002350,13.420001,1.163049,0.34528374233128833,0.3209355828220859,0.09796779141104295,0.2227760736196319,,0,True
SZ002351,9.87,0.5768649,0.11598926380368098,0.13976226993865032,0.5429447852760736,0.6422546012269938,,0,True
SZ002352,30.44,5.2694855,0.6896088957055214,0.285851226993865,0.35026840490797545,0.0830138036809816,,0,True
SZ002353,110.399994,20.563717,0.6581671779141104,0.6671779141104295,0.620207055214724,0.7281441717791411,,0,True
SZ002354,7.15,23.735617,0.9971242331288344,0.9946319018404908,0.3027223926380368,0.1687116564417178,量能水平;量能波动,2,False
SZ002355,4.6,0.5840696,0.5172546012269938,0.17695552147239263,0.18270705521472394,0.3040644171779141,,0,True
SZ002356,2.6200001,0.45589557,0.5954754601226994,0.5040260736196319,0.21395705521472394,0.4986579754601227,,0,True
SZ002357,11.37,1.2812152,0.29026073619631904,0.1334355828220859,0.17963957055214724,0.14666411042944785,,0,True
SZ002358,5.09,0.6547922,0.25383435582822084,0.5124616564417178,0.1522239263803681,0.5730444785276073,,0,True
SZ002360,5.58,0.33818477,0.17695552147239263,0.504601226993865,0.05502300613496933,0.9133435582822086,量能比,1,False
SZ002361,10.14,8.687497,0.8305214723926381,0.7714723926380368,0.5295245398773006,0.31805981595092025,量能水平,1,False
SZ002362,15.849999,1.3154154,0.8941717791411042,0.8105828220858896,0.1687116564417178,0.5189800613496932,量能水平;量能波动,2,False
SZ002363,6.88,0.31905636,0.24712423312883436,0.29390337423312884,0.7039877300613497,0.31307515337423314,,0,True
SZ002364,32.61,8.964784,0.7597776073619632,0.7448236196319018,0.589340490797546,0.3410659509202454,,0,True
SZ002365,13.18,4.401849,0.9148773006134969,0.9035659509202454,0.7584355828220859,0.294670245398773,量能水平;量能波动,2,False
SZ002366,5.48,2.219225,0.9367331288343558,0.8889953987730062,0.4014570552147239,0.06499233128834356,量能水平;量能波动,2,False
SZ002367,5.7500005,1.2663152,0.49482361963190186,0.7870015337423313,0.9123849693251533,0.9693251533742331,量能动量;量能比,2,False
SZ002368,12.59,1.1388795,0.535467791411043,0.2593941717791411,0.05674846625766871,0.4674079754601227,,0,True
SZ002369,5.5099998,0.7694755,0.5366180981595092,0.3606211656441718,0.6048696319018405,0.1526073619631902,,0,True
SZ002370,5.09,0.9809065,0.6175230061349694,0.6311349693251533,0.17043711656441718,0.3633052147239264,,0,True
SZ002371,633.93005,40.492996,0.3565950920245399,0.28067484662576686,0.15663343558282208,0.26629601226993865,,0,True
SZ002372,8.09,0.7088634,0.08071319018404909,0.07131901840490798,0.47047546012269936,0.25153374233128833,,0,True
SZ002373,7.2599998,1.0465611,0.7245015337423313,0.42523006134969327,0.47430981595092025,0.33243865030674846,,0,True
SZ002374,3.27,0.54127055,0.5475460122699386,0.6483895705521472,0.9221625766871165,0.9049079754601227,量能动量;量能比,2,False
SZ002375,3.77,0.7647257,0.6320935582822086,0.8044478527607362,0.8726993865030674,0.852760736196319,量能波动;量能动量;量能比,3,False
SZ002376,6.67,0.6047167,0.39589723926380366,0.31326687116564417,0.6503067484662577,0.6464723926380368,,0,True
SZ002377,2.8899999,2.3424556,0.9409509202453987,0.7820168711656442,0.06882668711656442,0.13535276073619631,量能水平,1,False
SZ002378,21.36,5.3307934,0.8263036809815951,0.6934432515337423,0.2802914110429448,0.2764570552147239,量能水平,1,False
SZ002379,15.77,6.7341986,0.8226610429447853,0.7626533742331288,0.2375383435582822,0.1945935582822086,量能水平,1,False
SZ002380,26.62,1.0746942,0.5347009202453987,0.4171779141104294,0.3040644171779141,0.21050613496932516,,0,True
SZ002381,5.56,0.22888124,0.209739263803681,0.2164493865030675,0.8048312883435583,0.24980828220858894,量能动量,1,False
SZ002382,6.09,0.66868025,0.5508052147239264,0.7875766871165644,0.9566717791411042,0.8604294478527608,量能动量;量能比,2,False
SZ002383,8.1,2.801169,0.9712423312883436,0.9706671779141104,0.3753834355828221,0.732170245398773,量能水平;量能波动,2,False
SZ002384,168.28,109.83685,0.9541794478527608,0.9273389570552147,0.36598926380368096,0.5230061349693251,量能水平;量能波动,2,False
SZ002385,3.0600002,4.774577,0.9814033742331288,0.9045245398773006,0.27933282208588955,0.02147239263803681,量能水平;量能波动,2,False
SZ002386,5.7500005,0.946,0.7760736196319018,0.9177530674846626,0.7935199386503068,0.7950536809815951,量能波动,1,False
SZ002387,6.7000003,0.730269,0.7473159509202454,0.6299846625766872,0.23370398773006135,0.43730828220858897,,0,True
SZ002388,7.78,2.9380503,0.9628067484662577,0.9869631901840491,0.4892638036809816,0.9359662576687117,量能水平;量能波动;量能比,3,False
SZ002389,18.080002,4.371241,0.8767254601226994,0.8195935582822086,0.25287576687116564,0.08684815950920245,量能水平;量能波动,2,False
SZ002390,2.94,0.80054665,0.6481978527607362,0.48945552147239263,0.602760736196319,0.4838957055214724,,0,True
SZ002391,5.0699997,0.41259155,0.522239263803681,0.30598159509202455,0.52204754601227,0.4434432515337423,,0,True
SZ002392,7.4799995,0.81229234,0.3893788343558282,0.32994631901840493,0.49118098159509205,0.30253067484662577,,0,True
SZ002393,13.849999,0.27529305,0.3307131901840491,0.49175613496932513,0.7661042944785276,0.5972009202453987,,0,True
SZ002394,10.280001,0.55377233,0.3790260736196319,0.5168711656441718,0.9074003067484663,0.2919861963190184,量能动量,1,False
SZ002395,13.9800005,0.9282615,0.4559049079754601,0.9162193251533742,0.9986579754601227,0.9436349693251533,量能波动;量能动量;量能比,3,False
SZ002396,32.989998,36.9595,0.9727760736196319,0.8834355828220859,0.12384969325153375,0.227760736196319,量能水平;量能波动,2,False
SZ002397,3.5700002,0.6560795,0.5024923312883436,0.38266871165644173,0.455329754601227,0.23811349693251535,,0,True
SZ002398,4.26,0.44897643,0.27741564417177916,0.17753067484662577,0.7670628834355828,0.7028374233128835,,0,True
SZ002399,9.660001,0.40188047,0.767829754601227,0.7850843558282209,0.08320552147239264,0.5820552147239264,,0,True
SZ002400,6.26,4.9217296,0.749808282208589,0.7891104294478528,0.5832055214723927,0.2887269938650307,,0,True
SZ002401,11.99,0.35156813,0.057707055214723926,0.016487730061349692,0.2429064417177914,0.21894171779141106,,0,True
SZ002402,17.81,2.9721313,0.37825920245398775,0.361579754601227,0.3151840490797546,0.5416027607361963,,0,True
SZ002403,10.47,2.866792,0.8968558282208589,0.7381134969325154,0.6110046012269938,0.27971625766871167,量能水平,1,False
SZ002404,5.8,0.47275835,0.13458588957055215,0.02262269938650307,0.17273773006134968,0.42484662576687116,,0,True
SZ002405,5.89,1.8135096,0.8042561349693251,0.6566334355828221,0.44037576687116564,0.36004601226993865,量能水平,1,False
SZ002406,6.4100003,0.71709216,0.3822852760736196,0.34930981595092025,0.375,0.4263803680981595,,0,True
SZ002407,29.750002,23.796219,0.8889953987730062,0.5132285276073619,0.2852760736196319,0.20015337423312884,量能水平,1,False
SZ002408,5.23,1.2410733,0.4135352760736196,0.26629601226993865,0.7708972392638037,0.13247699386503067,,0,True
SZ002409,124.700005,21.190685,0.7243098159509203,0.6595092024539877,0.1418711656441718,0.40203220858895705,,0,True
SZ002410,8.31,1.7877669,0.401840490797546,0.17484662576687116,0.5868481595092024,0.34432515337423314,,0,True
SZ002412,8.84,6.0062437,0.8960889570552147,0.9238880368098159,0.06460889570552147,0.47181748466257667,量能水平;量能波动,2,False
SZ002413,9.179999,5.5049195,0.8565950920245399,0.9942484662576687,0.9971242331288344,0.9798696319018405,量能水平;量能波动;量能动量;量能比,4,False
SZ002414,11.37,5.691334,0.4986579754601227,0.34394171779141103,0.38861196319018404,0.3746165644171779,,0,True
SZ002415,32.159996,16.379423,0.7292944785276073,0.7361963190184049,0.4026073619631902,0.3249616564417178,,0,True
SZ002416,8.8,1.4767367,0.7703220858895705,0.785467791411043,0.5024923312883436,0.4580138036809816,,0,True
SZ002418,4.2799997,9.762241,0.9746932515337423,0.6974693251533742,0.4288726993865031,0.0015337423312883436,量能水平,1,False
SZ002419,4.56,0.6756784,0.6313266871165644,0.5437116564417178,0.495590490797546,0.2616947852760736,,0,True
SZ002420,6.02,0.45313415,0.6035276073619632,0.43328220858895705,0.37442484662576686,0.23600460122699388,,0,True
SZ002421,3.13,3.9208195,0.7898773006134969,0.7781825153374233,0.9468941717791411,0.4530291411042945,量能动量,1,False
SZ002422,38.6,7.142603,0.8075153374233128,0.9097009202453987,0.14206288343558282,0.8573619631901841,量能水平;量能波动;量能比,3,False
SZ002423,9.05,1.7120448,0.7296779141104295,0.526457055214724,0.3728911042944785,0.07170245398773006,,0,True
SZ002424,4.71,0.37898168,0.16200153374233128,0.5657592024539877,0.932898773006135,0.8579371165644172,量能动量;量能比,2,False
SZ002425,3.03,1.434857,0.8356978527607362,0.7864263803680982,0.3608128834355828,0.18558282208588958,量能水平,1,False
SZ002426,2.6699998,2.5160582,0.8888036809815951,0.9873466257668712,0.97795245398773,0.9892638036809815,量能水平;量能波动;量能动量;量能比,4,False
SZ002427,4.48,0.9026675,0.7022622699386503,0.3907208588957055,0.38381901840490795,0.01246165644171779,,0,True
SZ002428,87.770004,43.78517,0.9555214723926381,0.9233128834355828,0.3211273006134969,0.5569401840490797,量能水平;量能波动,2,False
SZ002429,8.030001,3.9856791,0.7467407975460123,0.7515337423312883,0.852760736196319,0.6978527607361963,量能动量,1,False
SZ002430,24.12,4.5337906,0.7442484662576687,0.34049079754601225,0.2908358895705521,0.028374233128834355,,0,True
SZ002431,1.2900001,0.21707243,0.6075536809815951,0.4300230061349693,0.6274923312883436,0.3320552147239264,,0,True
SZ002432,59.180004,10.355228,0.647239263803681,0.6215490797546013,0.23542944785276074,0.356978527607362,,0,True
SZ002434,6.18,0.96215,0.41641104294478526,0.63420245398773,0.30214723926380366,0.8951303680981595,量能比,1,False
SZ002436,41.140003,54.081116,0.911042944785276,0.8684815950920245,0.17388803680981596,0.5885736196319018,量能水平;量能波动,2,False
SZ002437,3.4499998,14.887433,0.995207055214724,0.995207055214724,0.09720092024539877,0.27358128834355827,量能水平;量能波动,2,False
SZ002438,13.940001,0.8448821,0.2523006134969325,0.3504601226993865,0.8953220858895705,0.3460506134969325,量能动量,1,False
SZ002439,14.349999,3.547518,0.567101226993865,0.7680214723926381,0.4244631901840491,0.8675230061349694,量能比,1,False
SZ002440,13.2,5.4820914,0.8027223926380368,0.6307515337423313,0.7528757668711656,0.5115030674846626,量能水平,1,False
SZ002441,8.14,0.36926,0.15069018404907975,0.06269171779141104,0.12174079754601227,0.16142638036809817,,0,True
SZ002442,5.23,1.4754704,0.7043711656441718,0.8692484662576687,0.036042944785276074,0.9192868098159509,量能波动;量能比,2,False
SZ002443,12.419999,4.398244,0.7726226993865031,0.7793328220858896,0.4754601226993865,0.8360812883435583,量能比,1,False
SZ002444,26.960001,2.471457,0.3205521472392638,0.29026073619631904,0.1464723926380368,0.4637653374233129,,0,True
SZ002445,3.08,2.2355113,0.7808665644171779,0.49213957055214724,0.4012653374233129,0.10736196319018405,,0,True
SZ002446,7.75,1.9560283,0.580329754601227,0.48734662576687116,0.8111579754601227,0.7404141104294478,量能动量,1,False
SZ002448,10.740001,1.6859335,0.5517638036809815,0.5371932515337423,0.38995398773006135,0.23178680981595093,,0,True
SZ002449,6.4700003,0.6097314,0.5136119631901841,0.589532208588957,0.504601226993865,0.6572085889570553,,0,True
SZ002451,7.4599996,1.4655153,0.5782208588957055,0.3134585889570552,0.2379217791411043,0.06595092024539877,,0,True
SZ002452,11.219999,1.6814222,0.4543711656441718,0.33454754601226994,0.2833588957055215,0.0853144171779141,,0,True
SZ002453,4.6,1.6269907,0.7476993865030674,0.9672162576687117,0.27818251533742333,0.9969325153374233,量能波动;量能比,2,False
SZ002454,5.11,0.41380036,0.24578220858895705,0.3491180981595092,0.754792944785276,0.656058282208589,,0,True
SZ002455,6.65,2.0047576,0.6825153374233128,0.40797546012269936,0.6064033742331288,0.13113496932515337,,0,True
SZ002456,6.51,4.8716626,0.709930981595092,0.3725076687116564,0.6303680981595092,0.38381901840490795,,0,True
SZ002457,10.87,3.846694,0.9081671779141104,0.6736963190184049,0.49846625766871167,0.026648773006134968,量能水平,1,False
SZ002458,8.12,3.2949262,0.6271088957055214,0.3510352760736196,0.7427147239263804,0.09700920245398773,,0,True
SZ002459,6.56,2.097464,0.9269555214723927,0.8234279141104295,0.11004601226993865,0.3523773006134969,量能水平;量能波动,2,False
SZ002460,41.899998,12.787629,0.6171395705521472,0.32400306748466257,0.7754984662576687,0.526648773006135,,0,True
SZ002461,8.29,0.35005903,0.14513036809815952,0.3548696319018405,0.9102760736196319,0.6988113496932515,量能动量,1,False
SZ002462,12.24,0.30247042,0.13650306748466257,0.1464723926380368,0.28067484662576686,0.5523389570552147,,0,True
SZ002463,117.200005,57.809746,0.8719325153374233,0.7806748466257669,0.2521088957055215,0.5795628834355828,量能水平,1,False
SZ002465,10.0,4.3602686,0.8753834355828221,0.8888036809815951,0.7981211656441718,0.758819018404908,量能水平;量能波动,2,False
SZ002466,39.41,13.767553,0.8805598159509203,0.6748466257668712,0.5732361963190185,0.3218941717791411,量能水平,1,False
SZ002467,4.99,2.2068467,0.7264187116564417,0.9348159509202454,0.9871549079754601,0.9752684049079755,量能波动;量能动量;量能比,3,False
SZ002468,14.61,2.1981664,0.8631134969325154,0.9344325153374233,0.018404907975460124,0.6309432515337423,量能水平;量能波动,2,False
SZ002469,5.99,0.68403554,0.3916794478527607,0.4066334355828221,0.26629601226993865,0.1021855828220859,,0,True
SZ002470,1.9499999,5.649009,0.9959739263803681,0.9792944785276073,0.17465490797546013,0.04313650306748466,量能水平;量能波动,2,False
SZ002471,5.2599998,3.6287036,0.8773006134969326,0.9269555214723927,0.25019171779141103,0.9375,量能水平;量能波动;量能比,3,False
SZ002472,38.79,8.540442,0.7852760736196319,0.8836273006134969,0.7996549079754601,0.5036426380368099,量能波动,1,False
SZ002474,6.3900003,1.135843,0.6621932515337423,0.45973926380368096,0.8418328220858896,0.5665260736196319,量能动量,1,False
SZ002475,49.92,46.077625,0.5676763803680982,0.5322085889570553,0.2824003067484663,0.3326303680981595,,0,True
SZ002476,4.8700004,0.4137558,0.2954371165644172,0.21913343558282208,0.70954754601227,0.5218558282208589,,0,True
SZ002478,6.41,1.6931916,0.7003450920245399,0.8098159509202454,0.8855444785276073,0.28508435582822084,量能波动;量能动量,2,False
SZ002479,5.7999997,0.9265829,0.5385352760736196,0.3232361963190184,0.3991564417177914,0.1290260736196319,,0,True
SZ002480,5.65,0.39497164,0.49827453987730064,0.9189033742331288,0.995782208588957,0.96875,量能波动;量能动量;量能比,3,False
SZ002481,4.25,0.753539,0.24386503067484663,0.15778374233128833,0.7423312883435583,0.10007668711656442,,0,True
SZ002482,1.33,0.8869481,0.942101226993865,0.9833205521472392,0.6188650306748467,0.9336656441717791,量能水平;量能波动;量能比,3,False
SZ002483,5.86,1.5876464,0.7960122699386503,0.5575153374233128,0.5191717791411042,0.07419478527607362,,0,True
SZ002484,52.16,23.935762,0.7833588957055214,0.6721625766871165,0.5452453987730062,0.32476993865030673,,0,True
SZ002486,2.6799998,1.0817097,0.6690950920245399,0.39608895705521474,0.17177914110429449,0.05406441717791411,,0,True
SZ002487,41.38,20.73231,0.9576303680981595,0.9146855828220859,0.5063266871165644,0.8368481595092024,量能水平;量能波动;量能比,3,False
SZ002488,7.1899996,1.1712271,0.39129601226993865,0.3192101226993865,0.7105061349693251,0.3937883435582822,,0,True
SZ002489,2.92,0.93518496,0.5812883435582822,0.6079371165644172,0.24961656441717792,0.7944785276073619,,0,True
SZ002490,6.96,3.6526449,0.9411426380368099,0.7248849693251533,0.08224693251533742,0.00325920245398773,量能水平,1,False
SZ002491,21.419998,39.190945,0.9810199386503068,0.9612730061349694,0.14072085889570551,0.629217791411043,量能水平;量能波动,2,False
SZ002492,6.3600006,0.51520747,0.32381134969325154,0.3995398773006135,0.8015720858895705,0.8466257668711656,量能动量;量能比,2,False
SZ002493,13.690001,6.928172,0.790260736196319,0.7129984662576687,0.8450920245398773,0.5138036809815951,量能动量,1,False
SZ002494,4.84,0.5538233,0.6372699386503068,0.6401457055214724,0.89704754601227,0.8999233128834356,量能动量;量能比,2,False
SZ002495,2.42,0.47831488,0.43232361963190186,0.2563266871165644,0.6991947852760736,0.5069018404907976,,0,True
SZ002496,2.09,0.62987304,0.6554831288343558,0.5176380368098159,0.2509585889570552,0.19210122699386503,,0,True
SZ002497,15.440001,4.362911,0.7001533742331288,0.31767638036809814,0.7404141104294478,0.23523773006134968,,0,True
SZ002498,6.1,6.3629107,0.9478527607361963,0.8343558282208589,0.037576687116564415,0.05214723926380368,量能水平;量能波动,2,False
SZ002500,5.09,1.1322268,0.8125,0.6614263803680982,0.5053680981595092,0.4066334355828221,量能水平,1,False
SZ002501,1.27,0.36300924,0.7363880368098159,0.7482745398773006,0.4662576687116564,0.357170245398773,,0,True
SZ002506,2.31,4.966618,0.9967407975460123,0.8646472392638037,0.3518021472392638,0.2758819018404908,量能水平;量能波动,2,False
SZ002507,11.09,1.0666395,0.2973542944785276,0.178489263803681,0.4401840490797546,0.10084355828220859,,0,True
SZ002508,16.55,1.4205034,0.24405674846625766,0.19574386503067484,0.5860812883435583,0.41660276073619634,,0,True
SZ002510,5.6099997,1.4564208,0.7465490797546013,0.5776457055214724,0.013803680981595092,0.24520705521472394,,0,True
SZ002511,6.8599997,0.62197995,0.3272622699386503,0.16315184049079753,0.5456288343558282,0.37672546012269936,,0,True
SZ002512,3.7,0.88146794,0.6744631901840491,0.47526840490797545,0.32649539877300615,0.2164493865030675,,0,True
SZ002513,5.32,0.42216948,0.7312116564417178,0.5295245398773006,0.7774156441717791,0.3121165644171779,,0,True
SZ002514,2.5400002,1.313429,0.9273389570552147,0.651840490797546,0.41679447852760737,0.06537576687116564,量能水平,1,False
SZ002515,7.0800004,6.270165,0.9371165644171779,0.8094325153374233,0.5690184049079755,0.16257668711656442,量能水平;量能波动,2,False
SZ002516,5.59,1.3699459,0.3656058282208589,0.44440184049079756,0.807898773006135,0.3995398773006135,量能动量,1,False
SZ002517,15.679998,9.276687,0.79045245398773,0.5262653374233128,0.18462423312883436,0.07572852760736197,,0,True
SZ002518,33.9,7.0261035,0.6817484662576687,0.6182898773006135,0.10659509202453987,0.3583205521472393,,0,True
SZ002519,5.67,3.5933166,0.8491180981595092,0.75,0.357170245398773,0.5235812883435583,量能水平,1,False
SZ002520,6.41,1.7580869,0.6944018404907976,0.8579371165644172,0.9480444785276073,0.7523006134969326,量能波动;量能动量,2,False
SZ002521,6.13,0.2624864,0.2739647239263804,0.5573236196319018,0.7181748466257669,0.8845858895705522,量能比,1,False
SZ002522,5.2499995,3.0130777,0.8236196319018405,0.8945552147239264,0.05368098159509203,0.8353144171779141,量能水平;量能波动;量能比,3,False
SZ002523,3.3999999,0.58751386,0.3038726993865031,0.30329754601226994,0.8646472392638037,0.34049079754601225,量能动量,1,False
SZ002524,4.03,0.4874278,0.5941334355828221,0.4083588957055215,0.7490414110429447,0.7018788343558282,,0,True
SZ002526,2.5600002,0.5295713,0.5770705521472392,0.49693251533742333,0.6223159509202454,0.5408358895705522,,0,True
SZ002527,10.47,0.57477087,0.2835506134969325,0.47258435582822084,0.7703220858895705,0.5540644171779141,,0,True
SZ002528,5.92,2.377519,0.8859279141104295,0.9215874233128835,0.006134969325153374,0.40548312883435583,量能水平;量能波动,2,False
SZ002529,6.61,0.34224907,0.5350843558282209,0.31403374233128833,0.5968174846625767,0.45724693251533743,,0,True
SZ002530,6.9400005,0.6999172,0.39608895705521474,0.34355828220858897,0.6710122699386503,0.3771088957055215,,0,True
SZ002531,7.78,8.287841,0.8987730061349694,0.8002300613496932,0.3236196319018405,0.7511503067484663,量能水平;量能波动,2,False
SZ002532,11.75,7.7364526,0.8397239263803681,0.6104294478527608,0.4334739263803681,0.28316717791411045,量能水平,1,False
SZ002533,10.71,0.5901228,0.16104294478527606,0.038918711656441715,0.6506901840490797,0.3044478527607362,,0,True
SZ002534,16.7,1.9799836,0.7432898773006135,0.5843558282208589,0.3510352760736196,0.5170628834355828,,0,True
SZ002535,2.42,0.3906022,0.6595092024539877,0.5235812883435583,0.41756134969325154,0.549079754601227,,0,True
SZ002536,46.5,29.79318,0.9070168711656442,0.8594708588957055,0.5185966257668712,0.16123466257668712,量能水平;量能波动,2,False
SZ002537,5.5699997,2.1197407,0.7843174846625767,0.7845092024539877,0.3268788343558282,0.20226226993865032,,0,True
SZ002538,6.8300004,0.5007547,0.17101226993865032,0.6188650306748467,0.9766104294478528,0.6380368098159509,量能动量,1,False
SZ002539,11.77,1.8807366,0.40318251533742333,0.40682515337423314,0.4545628834355828,0.22756901840490798,,0,True
SZ002540,4.91,0.51030946,0.17484662576687116,0.35525306748466257,0.6639187116564417,0.5208972392638037,,0,True
SZ002541,18.26,2.1477077,0.5567484662576687,0.7956288343558282,0.9166027607361963,0.9118098159509203,量能动量;量能比,2,False
SZ002542,1.5299999,0.311734,0.19536042944785276,0.31192484662576686,0.9189033742331288,0.1794478527607362,量能动量,1,False
SZ002543,7.3699994,1.2880186,0.48849693251533743,0.4041411042944785,0.7580521472392638,0.15835889570552147,,0,True
SZ002544,15.26,1.5343584,0.27473159509202455,0.1357361963190184,0.4854294478527607,0.6721625766871165,,0,True
SZ002545,13.820001,3.1831725,0.6535659509202454,0.8136503067484663,0.9582055214723927,0.6263420245398773,量能波动;量能动量,2,False
SZ002546,7.2599998,0.80548126,0.25287576687116564,0.15950920245398773,0.3412576687116564,0.36618098159509205,,0,True
SZ002547,2.4,0.65487087,0.5500383435582822,0.7003450920245399,0.9392254601226994,0.7967791411042945,量能动量,1,False
SZ002548,3.86,1.6140598,0.807707055214724,0.42733895705521474,0.4794861963190184,0.12519171779141106,量能水平,1,False
SZ002549,12.55,1.920438,0.39704754601226994,0.3809432515337423,0.21913343558282208,0.34221625766871167,,0,True
SZ002550,6.35,0.66314304,0.2089723926380368,0.2285276073619632,0.5492714723926381,0.6368865030674846,,0,True
SZ002551,3.36,0.42321292,0.5427530674846626,0.6756134969325154,0.27300613496932513,0.7739647239263804,,0,True
SZ002552,46.420002,14.357875,0.8159509202453987,0.339148773006135,0.25383435582822084,0.11867331288343558,量能水平,1,False
SZ002553,17.34,2.6110098,0.4915644171779141,0.821510736196319,0.9827453987730062,0.7714723926380368,量能波动;量能动量,2,False
SZ002554,2.7099998,0.6605561,0.5431365030674846,0.32151073619631904,0.5789877300613497,0.12442484662576687,,0,True
SZ002555,17.05,4.4725704,0.3771088957055215,0.3057898773006135,0.3786426380368098,0.12787576687116564,,0,True
SZ002556,5.06,0.93154395,0.5945168711656442,0.1575920245398773,0.5059432515337423,0.03431748466257669,,0,True
SZ002557,18.44,1.160051,0.3870782208588957,0.3441334355828221,0.8184432515337423,0.2338957055214724,量能动量,1,False
SZ002558,22.18,13.87918,0.9365414110429447,0.8629217791411042,0.7392638036809815,0.42005368098159507,量能水平;量能波动,2,False
SZ002559,8.68,1.6823984,0.5529141104294478,0.3943634969325153,0.3326303680981595,0.4321319018404908,,0,True
SZ002560,6.4999995,4.451309,0.8966641104294478,0.9006901840490797,0.012845092024539878,0.5544478527607362,量能水平;量能波动,2,False
SZ002561,7.2799997,1.0215719,0.7822085889570553,0.6405291411042945,0.011886503067484663,0.032016871165644174,,0,True
SZ002562,4.79,1.3050172,0.6019938650306749,0.7312116564417178,0.8406825153374233,0.7128067484662577,量能动量,1,False
SZ002563,5.4100003,0.80958617,0.6290260736196319,0.5285659509202454,0.6859662576687117,0.4675996932515337,,0,True
SZ002564,5.1000004,2.0826063,0.9277223926380368,0.9898389570552147,0.9233128834355828,0.8861196319018405,量能水平;量能波动;量能动量;量能比,4,False
SZ002565,8.53,5.7572827,0.8278374233128835,0.8617714723926381,0.8318634969325154,0.8771088957055214,量能水平;量能波动;量能动量;量能比,4,False
SZ002566,7.01,0.4905144,0.5168711656441718,0.32649539877300615,0.3891871165644172,0.16065950920245398,,0,True
SZ002567,3.6299999,1.2716682,0.7555598159509203,0.5297162576687117,0.553489263803681,0.25517638036809814,,0,True
SZ002568,19.41,2.1947927,0.26054447852760737,0.5858895705521472,0.9616564417177914,0.8976226993865031,量能动量;量能比,2,False
SZ002570,4.3700004,0.93548447,0.8964723926380368,0.7712806748466258,0.7847009202453987,0.07400306748466258,量能水平,1,False
SZ002571,10.820001,0.5749901,0.1942101226993865,0.3017638036809816,0.7225843558282209,0.2921779141104294,,0,True
SZ002572,7.4199996,0.7039125,0.1495398773006135,0.26226993865030673,0.3234279141104294,0.5341257668711656,,0,True
SZ002573,3.0800002,0.3656065,0.3512269938650307,0.15835889570552147,0.6276840490797546,0.41506901840490795,,0,True
SZ002574,4.94,0.6158689,0.7624616564417178,0.6529907975460123,0.5216641104294478,0.0789877300613497,,0,True
SZ002575,4.9900002,1.1802933,0.558282208588957,0.8542944785276073,0.8019555214723927,0.8462423312883436,量能波动;量能动量;量能比,3,False
SZ002576,14.529999,0.3046459,0.12308282208588957,0.10333588957055215,0.8142254601226994,0.5429447852760736,量能动量,1,False
SZ002577,21.409998,1.5050901,0.5749616564417178,0.7638036809815951,0.005176380368098159,0.7921779141104295,,0,True
SZ002578,4.12,1.2298237,0.589340490797546,0.4338573619631902,0.8558282208588958,0.15567484662576686,量能动量,1,False
SZ002579,17.300001,21.857244,0.9426763803680982,0.9198619631901841,0.2325536809815951,0.6211656441717791,量能水平;量能波动,2,False
SZ002580,18.21,11.466459,0.8836273006134969,0.7461656441717791,0.38286042944785276,0.09528374233128835,量能水平,1,False
SZ002581,4.7599998,0.40487048,0.35736196319018404,0.5822469325153374,0.8431748466257669,0.7783742331288344,量能动量,1,False
SZ002582,9.309999,1.8431995,0.6840490797546013,0.4213957055214724,0.4035659509202454,0.0816717791411043,,0,True
SZ002583,8.46,1.735088,0.40778374233128833,0.8962806748466258,0.9950153374233128,0.9033742331288344,量能波动;量能动量;量能比,3,False
SZ002584,8.57,6.435794,0.9175613496932515,0.973159509202454,0.013420245398773007,0.9495782208588958,量能水平;量能波动;量能比,3,False
SZ002585,10.46,11.470277,0.9934815950920245,0.9971242331288344,0.20648006134969324,0.8562116564417178,量能水平;量能波动;量能比,3,False
SZ002586,3.6499999,0.35851628,0.16679447852760737,0.2331288343558282,0.4468941717791411,0.11004601226993865,,0,True
SZ002587,5.19,0.6005519,0.11311349693251534,0.08339723926380369,0.18960889570552147,0.4003067484662577,,0,True
SZ002588,7.36,1.3951519,0.32074386503067487,0.16046779141104295,0.5728527607361963,0.09605061349693252,,0,True
SZ002589,3.2499998,4.044898,0.88420245398773,0.9886886503067485,0.5274156441717791,0.9666411042944786,量能水平;量能波动;量能比,3,False
SZ002590,9.47,0.5704256,0.09547546012269939,0.06978527607361963,0.056365030674846626,0.21798312883435583,,0,True
SZ002591,6.34,0.711598,0.3941717791411043,0.24520705521472394,0.575920245398773,0.24386503067484663,,0,True
SZ002593,4.5899997,0.5720552,0.3312883435582822,0.15203220858895705,0.3999233128834356,0.3220858895705521,,0,True
SZ002594,83.350006,22.454945,0.8038726993865031,0.7731978527607362,0.15375766871165644,0.3726993865030675,量能水平,1,False
SZ002595,38.239998,2.4046545,0.06690950920245399,0.02147239263803681,0.3562116564417178,0.08627300613496933,,0,True
SZ002596,3.22,0.9300673,0.6353527607361963,0.8180598159509203,0.35640337423312884,0.7340874233128835,量能波动,1,False
SZ002597,21.06,1.6388843,0.2693634969325153,0.20839723926380369,0.3901457055214724,0.05003834355828221,,0,True
SZ002599,5.51,0.44836372,0.2147239263803681,0.39398006134969327,0.2701303680981595,0.5277990797546013,,0,True
SZ002600,12.009999,12.979729,0.9407592024539877,0.8059815950920245,0.504792944785276,0.11848159509202454,量能水平;量能波动,2,False
SZ002601,14.750001,2.1870406,0.6441717791411042,0.4219708588957055,0.10161042944785276,0.07266104294478527,,0,True
SZ002602,13.87,16.959358,0.875,0.714340490797546,0.0870398773006135,0.14340490797546013,量能水平,1,False
SZ002603,15.150001,1.7238611,0.6211656441717791,0.6424463190184049,0.598159509202454,0.6687116564417178,,0,True
SZ002605,16.27,0.74875873,0.1629601226993865,0.1156058282208589,0.3061733128834356,0.13228527607361965,,0,True
SZ002606,11.84,1.6297517,0.5201303680981595,0.3964723926380368,0.2940950920245399,0.37806748466257667,,0,True
SZ002607,1.83,2.6856098,0.9530291411042945,0.8876533742331288,0.4365414110429448,0.6441717791411042,量能水平;量能波动,2,False
SZ002608,7.2500005,1.2427714,0.7971625766871165,0.5277990797546013,0.19248466257668712,0.08761503067484662,,0,True
SZ002609,7.9,0.37935305,0.060199386503067484,0.13554447852760737,0.9204371165644172,0.6349693251533742,量能动量,1,False
SZ002611,14.710001,2.3240225,0.3054064417177914,0.6305598159509203,0.9551380368098159,0.9146855828220859,量能动量;量能比,2,False
SZ002612,16.99,1.5565743,0.7308282208588958,0.8611963190184049,0.6232745398773006,0.7212423312883436,量能波动,1,False
SZ002613,3.2900002,1.7472631,0.8314800613496932,0.7908358895705522,0.0072852760736196315,0.7521088957055214,量能水平,1,False
SZ002614,8.5,2.0396392,0.8121165644171779,0.9959739263803681,1.0,0.9986579754601227,量能水平;量能波动;量能动量;量能比,4,False
SZ002615,6.35,0.4483823,0.1437883435582822,0.22699386503067484,0.49693251533742333,0.75920245398773,,0,True
SZ002616,4.77,0.42173776,0.14877300613496933,0.1111963190184049,0.2937116564417178,0.07553680981595091,,0,True
SZ002617,6.7499995,7.933645,0.8533358895705522,0.8878450920245399,0.07036042944785276,0.7394555214723927,量能水平;量能波动,2,False
SZ002620,5.2,0.3433757,0.23408742331288343,0.3999233128834356,0.9317484662576687,0.5619248466257669,量能动量,1,False
SZ002622,2.55,0.8545196,0.7039877300613497,0.8855444785276073,0.9815950920245399,0.9800613496932515,量能波动;量能动量;量能比,3,False
SZ002623,18.779999,1.6269214,0.8830521472392638,0.9752684049079755,0.27607361963190186,0.9840874233128835,量能水平;量能波动;量能比,3,False
SZ002624,9.37,5.0074706,0.8861196319018405,0.6752300613496932,0.7425230061349694,0.2668711656441718,量能水平,1,False
SZ002625,22.470001,6.0151534,0.40452453987730064,0.6880751533742331,0.8759585889570553,0.8619631901840491,量能动量;量能比,2,False
SZ002626,16.02,0.6577445,0.08627300613496933,0.03374233128834356,0.7739647239263804,0.5634585889570553,,0,True
SZ002627,6.5,0.9106816,0.419670245398773,0.3362730061349693,0.38420245398773006,0.13822852760736196,,0,True
SZ002628,4.86,1.1144626,0.6777223926380368,0.7250766871165644,0.8284125766871165,0.41142638036809814,量能动量,1,False
SZ002629,4.31,0.6840728,0.553489263803681,0.4708588957055215,0.3491180981595092,0.4219708588957055,,0,True
SZ002631,12.990001,6.2232504,0.8629217791411042,0.7586273006134969,0.16487730061349692,0.843558282208589,量能水平;量能比,2,False
SZ002632,9.12,3.1495683,0.6861579754601227,0.7291027607361963,0.016679447852760737,0.12250766871165644,,0,True
SZ002633,15.27,0.4087202,0.16890337423312884,0.7789493865030674,0.9948236196319018,0.9927147239263804,量能动量;量能比,2,False
SZ002634,4.04,0.20100382,0.04658742331288344,0.19133435582822086,0.8556365030674846,0.8341641104294478,量能动量;量能比,2,False
SZ002635,14.72,2.7251453,0.5680598159509203,0.9192868098159509,0.9840874233128835,0.9660659509202454,量能波动;量能动量;量能比,3,False
SZ002636,79.299995,49.934624,0.8723159509202454,0.8452837423312883,0.4213957055214724,0.46319018404907975,量能水平;量能波动,2,False
SZ002637,10.179999,2.8433108,0.803680981595092,0.5251150306748467,0.5366180981595092,0.06825153374233128,量能水平,1,False
SZ002638,4.87,1.9334149,0.8025306748466258,0.9568634969325154,0.9741180981595092,0.8625383435582822,量能水平;量能波动;量能动量;量能比,4,False
SZ002639,14.25,11.894619,0.9503450920245399,0.9179447852760736,0.7043711656441718,0.5195552147239264,量能水平;量能波动,2,False
SZ002640,3.96,5.381609,0.9050996932515337,0.9041411042944786,0.29620398773006135,0.9148773006134969,量能水平;量能波动;量能比,3,False
SZ002641,3.7499998,0.30393872,0.09183282208588957,0.08358895705521473,0.393021472392638,0.3027223926380368,,0,True
SZ002642,6.88,0.70785934,0.3951303680981595,0.6211656441717791,0.8136503067484663,0.7948619631901841,量能动量,1,False
SZ002643,12.559999,1.9157442,0.3803680981595092,0.37174079754601225,0.26380368098159507,0.30425613496932513,,0,True
SZ002644,8.259999,0.4956276,0.07208588957055215,0.051955521472392636,0.4927147239263804,0.49079754601226994,,0,True
SZ002645,17.06,3.4635446,0.4566717791411043,0.47699386503067487,0.776648773006135,0.6924846625766872,,0,True
SZ002646,7.08,0.73127395,0.7730061349693251,0.9781441717791411,0.9390337423312883,0.9574386503067485,量能波动;量能动量;量能比,3,False
SZ002647,11.51,2.4931397,0.3425996932515337,0.6198236196319018,0.9100843558282209,0.9447852760736196,量能动量;量能比,2,False
SZ002648,26.789999,9.738243,0.5584739263803681,0.4482361963190184,0.7570935582822086,0.18098159509202455,,0,True
SZ002649,9.05,1.1125573,0.2584355828220859,0.2885352760736196,0.12001533742331288,0.24482361963190183,,0,True
SZ002650,6.3199997,0.30773935,0.026840490797546013,0.25421779141104295,0.6575920245398773,0.9712423312883436,量能比,1,False
SZ002651,7.94,2.103192,0.7204754601226994,0.5024923312883436,0.16391871165644173,0.009777607361963191,,0,True
SZ002652,4.46,1.0498672,0.37442484662576686,0.08665644171779141,0.2898773006134969,0.08550613496932516,,0,True
SZ002653,60.71,3.1578786,0.1330521472392638,0.2754984662576687,0.7659125766871165,0.6909509202453987,,0,True
SZ002654,12.5,5.32827,0.5856978527607362,0.2996549079754601,0.4666411042944785,0.21664110429447853,,0,True
SZ002655,34.52,9.862321,0.6476226993865031,0.4545628834355828,0.05962423312883436,0.3148006134969325,,0,True
SZ002656,2.76,0.32045615,0.46453220858895705,0.40950920245398775,0.77204754601227,0.57170245398773,,0,True
SZ002657,14.490001,1.3192971,0.5433282208588958,0.71875,0.4629984662576687,0.6926763803680982,,0,True
SZ002658,7.27,0.38439977,0.10065184049079755,0.2572852760736196,0.92829754601227,0.31537576687116564,量能动量,1,False
SZ002659,4.66,0.6161217,0.5906825153374233,0.5835889570552147,0.7574769938650306,0.7005368098159509,,0,True
SZ002660,7.7599998,1.3574685,0.7116564417177914,0.45245398773006135,0.02492331288343558,0.0009585889570552147,,0,True
SZ002661,7.5599995,1.104815,0.5492714723926381,0.4353911042944785,0.04160276073619632,0.047737730061349695,,0,True
SZ002662,3.1,0.32763886,0.2482745398773006,0.3309049079754601,0.3824769938650307,0.6083205521472392,,0,True
SZ002663,1.71,0.44808015,0.6439800613496932,0.5617331288343558,0.4771855828220859,0.7866180981595092,,0,True
SZ002664,14.349999,0.509389,0.10908742331288343,0.15279907975460122,0.7133819018404908,0.45743865030674846,,0,True
SZ002666,4.1699996,0.4339308,0.22661042944785276,0.4098926380368098,0.6280674846625767,0.7567101226993865,,0,True
SZ002667,21.999998,3.0021574,0.5768788343558282,0.7655291411042945,0.8548696319018405,0.8857361963190185,量能动量;量能比,2,False
SZ002668,8.76,1.354616,0.23140337423312884,0.0897239263803681,0.7917944785276073,0.5463957055214724,,0,True
SZ002669,14.760001,3.671404,0.7338957055214724,0.7517254601226994,0.9495782208588958,0.9518788343558282,量能动量;量能比,2,False
SZ002670,11.03,4.029058,0.6512653374233128,0.4842791411042945,0.7346625766871165,0.02204754601226994,,0,True
SZ002671,4.02,0.38951212,0.32036042944785276,0.19919478527607362,0.5810966257668712,0.4254217791411043,,0,True
SZ002672,3.6699996,0.48129404,0.5184049079754601,0.9302147239263804,0.9787193251533742,0.9944401840490797,量能波动;量能动量;量能比,3,False
SZ002673,6.53,1.6921552,0.6675613496932515,0.44804447852760737,0.32879601226993865,0.28911042944785276,,0,True
SZ002674,19.5,2.5549095,0.6085122699386503,0.45341257668711654,0.5776457055214724,0.44401840490797545,,0,True
SZ002675,12.65,0.61909854,0.12480828220858896,0.2356211656441718,0.15912576687116564,0.5559815950920245,,0,True
SZ002676,5.24,0.5087574,0.16717791411042945,0.12576687116564417,0.3460506134969325,0.5690184049079755,,0,True
SZ002677,6.1800003,0.41505277,0.0366180981595092,0.23945552147239263,0.7747315950920245,0.9444018404907976,量能比,1,False
SZ002678,4.34,0.5941684,0.482170245398773,0.19900306748466257,0.23197852760736196,0.06690950920245399,,0,True
SZ002679,11.860001,2.322027,0.6982361963190185,0.8650306748466258,0.8997315950920245,0.4745015337423313,量能波动;量能动量,2,False
SZ002681,4.4199996,2.152921,0.3161426380368098,0.41986196319018404,0.6915260736196319,0.29888803680981596,,0,True
SZ002682,4.92,1.2510185,0.5417944785276073,0.5425613496932515,0.9158358895705522,0.5993098159509203,量能动量,1,False
SZ002683,27.060001,2.0619764,0.21759969325153375,0.24309815950920247,0.7051380368098159,0.2940950920245399,,0,True
SZ002685,5.2400002,1.554379,0.531441717791411,0.8314800613496932,0.005751533742331288,0.8679064417177914,量能波动;量能比,2,False
SZ002686,6.23,0.8037321,0.3799846625766871,0.09490030674846625,0.5486963190184049,0.06729294478527607,,0,True
SZ002687,5.7,1.1564825,0.4350076687116564,0.727569018404908,0.9267638036809815,0.9442101226993865,量能动量;量能比,2,False
SZ002688,5.15,0.627634,0.36618098159509205,0.3784509202453988,0.17561349693251535,0.08665644171779141,,0,True
SZ002690,15.389999,0.6264072,0.015529141104294479,0.12001533742331288,0.3006134969325153,0.7668711656441718,,0,True
SZ002692,4.2400002,0.5222441,0.2563266871165644,0.41545245398773006,0.5678680981595092,0.4913726993865031,,0,True
SZ002693,9.099999,1.2388391,0.5916411042944786,0.838957055214724,0.020897239263803682,0.8980061349693251,量能波动;量能比,2,False
SZ002695,10.54,0.8497078,0.31096625766871167,0.44746932515337423,0.6439800613496932,0.5949003067484663,,0,True
SZ002696,6.49,2.3155775,0.8450920245398773,0.625191717791411,0.07285276073619631,0.14973159509202455,量能水平,1,False
SZ002697,4.6099997,1.1112119,0.339148773006135,0.09470858895705521,0.12519171779141106,0.07937116564417178,,0,True
SZ002698,11.12,0.8875616,0.276840490797546,0.20705521472392638,0.5508052147239264,0.19075920245398773,,0,True
SZ002700,6.31,0.33021587,0.11905674846625768,0.10621165644171779,0.8487346625766872,0.33550613496932513,量能动量,1,False
SZ002701,4.2400002,1.0075454,0.32611196319018404,0.2281441717791411,0.8449003067484663,0.20341257668711657,量能动量,1,False
SZ002702,5.4399996,3.3091593,0.8044478527607362,0.28642638036809814,0.3249616564417178,0.13496932515337423,量能水平,1,False
SZ002703,15.26,8.144029,0.906058282208589,0.9319401840490797,0.6175230061349694,0.37308282208588955,量能水平;量能波动,2,False
SZ002705,11.98,0.70817465,0.24559049079754602,0.7022622699386503,0.8803680981595092,0.9522622699386503,量能动量;量能比,2,False
SZ002706,8.4,2.4375224,0.3638803680981595,0.6284509202453987,0.0736196319018405,0.28105828220858897,,0,True
SZ002707,5.02,1.1865224,0.38496932515337423,0.11483895705521473,0.21779141104294478,0.16947852760736196,,0,True
SZ002708,17.01,7.314188,0.8401073619631901,0.8199769938650306,0.807707055214724,0.21683282208588958,量能水平;量能波动;量能动量,3,False
SZ002709,30.47,11.823347,0.29716257668711654,0.11790644171779141,0.5084355828220859,0.4883052147239264,,0,True
SZ002712,4.8799996,0.9781419,0.674079754601227,0.41180981595092025,0.32630368098159507,0.14321319018404907,,0,True
SZ002713,10.04,1.7434659,0.6685199386503068,0.8431748466257669,0.07956288343558282,0.7515337423312883,量能波动,1,False
SZ002714,41.71,16.257605,0.4213957055214724,0.4520705521472393,0.6938266871165644,0.2268021472392638,,0,True
SZ002715,13.02,0.3699729,0.12519171779141106,0.15548312883435583,0.7797162576687117,0.5475460122699386,,0,True
SZ002716,8.53,18.531239,0.9881134969325154,0.8539110429447853,0.21951687116564417,0.08780674846625768,量能水平;量能波动,2,False
SZ002717,0.77000004,0.50306606,0.6616180981595092,0.6581671779141104,0.9068251533742331,0.9156441717791411,量能动量;量能比,2,False
SZ002718,80.19001,0.8045864,0.03585122699386503,0.36368865030674846,0.9712423312883436,0.8870782208588958,量能动量;量能比,2,False
SZ002719,6.0299997,0.22803314,0.48140337423312884,0.4601226993865031,0.879409509202454,0.20916411042944785,量能动量,1,False
SZ002721,2.56,3.6906474,0.9664493865030674,0.8075153374233128,0.22699386503067484,0.003450920245398773,量能水平;量能波动,2,False
SZ002722,13.199999,0.3370522,0.10295245398773006,0.02799079754601227,0.7028374233128835,0.2967791411042945,,0,True
SZ002723,7.3599997,0.64135385,0.35256901840490795,0.12749233128834356,0.6131134969325154,0.7685966257668712,,0,True
SZ002724,7.0,1.9140726,0.7425230061349694,0.7852760736196319,0.3272622699386503,0.928680981595092,量能比,1,False
SZ002725,10.710001,0.3860267,0.13995398773006135,0.1522239263803681,0.6775306748466258,0.433090490797546,,0,True
SZ002726,2.43,1.4379815,0.7482745398773006,0.39225460122699385,0.8054064417177914,0.3161426380368098,量能动量,1,False
SZ002727,10.68,0.5484473,0.21184815950920247,0.2879601226993865,0.5740030674846626,0.4361579754601227,,0,True
SZ002728,9.67,1.5567712,0.3978144171779141,0.629792944785276,0.17695552147239263,0.8142254601226994,量能比,1,False
SZ002729,13.460001,0.5080584,0.09470858895705521,0.05540644171779141,0.450728527607362,0.2751150306748466,,0,True
SZ002730,20.98,2.1566248,0.26898006134969327,0.35506134969325154,0.19325153374233128,0.5841641104294478,,0,True
SZ002732,14.07,0.22807254,0.08205521472392638,0.16008435582822086,0.915260736196319,0.5617331288343558,量能动量,1,False
SZ002733,16.91,1.8976,0.5009585889570553,0.5324003067484663,0.4022239263803681,0.4543711656441718,,0,True
SZ002734,18.54,4.288777,0.5732361963190185,0.5818634969325154,0.8596625766871165,0.8443251533742331,量能动量;量能比,2,False
SZ002735,10.73,3.8132212,0.6319018404907976,0.6618098159509203,0.01111963190184049,0.5874233128834356,,0,True
SZ002736,9.68,2.0321577,0.6487730061349694,0.48236196319018404,0.6666027607361963,0.3270705521472393,,0,True
SZ002737,11.299999,0.6004505,0.2885352760736196,0.3151840490797546,0.38496932515337423,0.19612730061349692,,0,True
SZ002738,40.629997,9.480241,0.43692484662576686,0.3713573619631902,0.6558665644171779,0.5111196319018405,,0,True
SZ002739,8.19,4.23415,0.94670245398773,0.6999616564417178,0.3976226993865031,0.1646855828220859,量能水平,1,False
SZ002741,25.740002,7.520124,0.7469325153374233,0.848351226993865,0.8807515337423313,0.9409509202453987,量能波动;量能动量;量能比,3,False
SZ002742,4.1,2.459824,0.8868865030674846,0.8253450920245399,0.25766871165644173,0.03815184049079755,量能水平;量能波动,2,False
SZ002745,11.29,6.078266,0.9718174846625767,0.6439800613496932,0.40931748466257667,0.29045245398773006,量能水平,1,False
SZ002746,6.33,1.2089084,0.14589723926380369,0.05291411042944785,0.6882668711656442,0.07151073619631902,,0,True
SZ002747,28.449999,8.297689,0.2620782208588957,0.3462423312883436,0.4233128834355828,0.6190567484662577,,0,True
SZ002748,11.920001,0.4975394,0.24482361963190183,0.3282208588957055,0.08588957055214724,0.46683282208588955,,0,True
SZ002749,8.44,0.29299387,0.0285659509202454,0.011886503067484663,0.11809815950920245,0.02262269938650307,,0,True
SZ002752,6.02,0.7539977,0.29045245398773006,0.10084355828220859,0.3307131901840491,0.14589723926380369,,0,True
SZ002753,6.7099996,0.60296273,0.2714723926380368,0.25306748466257667,0.04677914110429448,0.24539877300613497,,0,True
SZ002755,12.5,1.7124002,0.5095858895705522,0.8556365030674846,0.43059815950920244,0.950920245398773,量能波动;量能比,2,False
SZ002756,37.87,3.111771,0.4545628834355828,0.2776073619631902,0.6765720858895705,0.6434049079754601,,0,True
SZ002757,18.77,4.7125688,0.7438650306748467,0.937308282208589,0.9384585889570553,0.9085506134969326,量能波动;量能动量;量能比,3,False
SZ002758,8.4800005,1.1090109,0.4434432515337423,0.205329754601227,0.5908742331288344,0.01629601226993865,,0,True
SZ002759,13.44,2.4536233,0.5950920245398773,0.6365030674846626,0.46184815950920244,0.597967791411043,,0,True
SZ002760,17.5,0.59331894,0.22315950920245398,0.08819018404907976,0.5945168711656442,0.08013803680981595,,0,True
SZ002761,7.25,1.0898676,0.30195552147239263,0.4938650306748466,0.5471625766871165,0.38765337423312884,,0,True
SZ002762,9.75,0.77140427,0.32879601226993865,0.23542944785276074,0.28450920245398775,0.4035659509202454,,0,True
SZ002763,7.33,0.3140408,0.12845092024539878,0.04869631901840491,0.40203220858895705,0.45839723926380366,,0,True
SZ002765,6.7799997,0.810196,0.3813266871165644,0.4190950920245399,0.11196319018404909,0.11752300613496933,,0,True
SZ002766,3.99,0.89838976,0.6246165644171779,0.6021855828220859,0.517829754601227,0.19976993865030676,,0,True
SZ002767,18.27,0.44230843,0.18539110429447853,0.4415260736196319,0.07745398773006135,0.8918711656441718,量能比,1,False
SZ002768,70.21,5.5058618,0.2559432515337423,0.43059815950920244,0.8105828220858896,0.9269555214723927,量能动量;量能比,2,False
SZ002769,6.61,1.0290412,0.620398773006135,0.40778374233128833,0.23274539877300612,0.1790644171779141,,0,True
SZ002771,13.3,1.3581443,0.4217791411042945,0.3146088957055215,0.3669478527607362,0.10678680981595091,,0,True
SZ002772,10.260001,2.1351266,0.682707055214724,0.4683665644171779,0.3897622699386503,0.039110429447852764,,0,True
SZ002773,21.1,1.1077099,0.3103911042944785,0.7419478527607362,0.9704754601226994,0.9344325153374233,量能动量;量能比,2,False
SZ002774,16.64,1.8899683,0.4815950920245399,0.6458972392638037,0.2093558282208589,0.8516104294478528,量能比,1,False
SZ002775,3.32,0.34659448,0.3330138036809816,0.17963957055214724,0.629601226993865,0.5254984662576687,,0,True
SZ002777,12.469999,0.56040734,0.03508435582822086,0.04697085889570552,0.4712423312883436,0.4741180981595092,,0,True
SZ002778,15.690001,0.48961243,0.11848159509202454,0.1999616564417178,0.30368098159509205,0.15049846625766872,,0,True
SZ002779,76.46001,2.3453927,0.10563650306748466,0.13247699386503067,0.9075920245398773,0.7319785276073619,量能动量,1,False
SZ002780,14.84,1.0581495,0.3276457055214724,0.5448619631901841,0.01572085889570552,0.8090490797546013,量能比,1,False
SZ002782,14.139999,1.1974047,0.1660276073619632,0.11311349693251534,0.772239263803681,0.6366947852760736,,0,True
SZ002783,8.0199995,0.6212536,0.45015337423312884,0.620398773006135,0.8090490797546013,0.660851226993865,量能动量,1,False
SZ002785,36.899998,3.2266626,0.1441717791411043,0.23408742331288343,0.35065184049079756,0.8263036809815951,量能比,1,False
SZ002786,7.5899997,0.57095796,0.2160659509202454,0.39091257668711654,0.00325920245398773,0.6056365030674846,,0,True
SZ002787,25.11,4.746491,0.6990030674846626,0.6085122699386503,0.1290260736196319,0.33378067484662577,,0,True
SZ002788,10.69,1.4734684,0.5822469325153374,0.558090490797546,0.3146088957055215,0.718941717791411,,0,True
SZ002789,13.739999,0.47682437,0.4365414110429448,0.4808282208588957,0.04754601226993865,0.17331288343558282,,0,True
SZ002790,6.4,1.8654531,0.781058282208589,0.7413726993865031,0.040260736196319015,0.6788726993865031,,0,True
SZ002791,15.110001,0.55174357,0.4591641104294479,0.5709355828220859,0.8297546012269938,0.8866947852760736,量能动量;量能比,2,False
SZ002792,30.4,9.442923,0.8891871165644172,0.9764187116564417,0.49444018404907975,0.8893788343558282,量能水平;量能波动;量能比,3,False
SZ002793,4.75,1.0910848,0.6140720858895705,0.7191334355828221,0.8194018404907976,0.8245782208588958,量能动量;量能比,2,False
SZ002795,7.5,1.5919619,0.6106211656441718,0.8148006134969326,0.8376150306748467,0.8623466257668712,量能波动;量能动量;量能比,3,False
SZ002796,26.24,3.4811516,0.5498466257668712,0.6052530674846626,0.060774539877300617,0.46855828220858897,,0,True
SZ002797,6.1,2.9862483,0.928680981595092,0.7310199386503068,0.6173312883435583,0.19229294478527606,量能水平,1,False
SZ002798,6.5700006,0.7670069,0.36234662576687116,0.30195552147239263,0.8211273006134969,0.3243865030674847,量能动量,1,False
SZ002799,6.86,0.32876062,0.08493098159509202,0.10141871165644172,0.6999616564417178,0.6117714723926381,,0,True
SZ002800,14.589999,0.41586363,0.041794478527607364,0.013803680981595092,0.5069018404907976,0.12135736196319018,,0,True
SZ002801,26.419998,0.26058343,0.002875766871165644,0.01687116564417178,0.8763420245398773,0.49616564417177916,量能动量,1,False
SZ002802,12.26,0.26934332,0.034700920245398774,0.03815184049079755,0.90625,0.5488880368098159,量能动量,1,False
SZ002803,20.21,2.3872776,0.17829754601226994,0.3449003067484663,0.7960122699386503,0.8234279141104295,量能比,1,False
SZ002805,15.43,1.3416005,0.16276840490797545,0.14570552147239263,0.7074386503067485,0.41641104294478526,,0,True
SZ002806,14.75,1.166139,0.2356211656441718,0.5412193251533742,0.12461656441717792,0.7756901840490797,,0,True
SZ002807,4.1500006,1.9261984,0.7346625766871165,0.5184049079754601,0.39091257668711654,0.17657208588957055,,0,True
SZ002809,8.38,0.47426447,0.3953220858895706,0.30214723926380366,0.6976610429447853,0.29141104294478526,,0,True
SZ002810,20.380001,0.77637887,0.037384969325153374,0.04505368098159509,0.9271472392638037,0.504792944785276,量能动量,1,False
SZ002811,15.87,2.2732139,0.7170245398773006,0.7331288343558282,0.8011886503067485,0.7703220858895705,量能动量,1,False
SZ002812,45.09,6.5540614,0.6447469325153374,0.37116564417177916,0.5592407975460123,0.2553680981595092,,0,True
SZ002813,23.98,0.35651895,0.046012269938650305,0.4869631901840491,0.9934815950920245,0.9144938650306749,量能动量;量能比,2,False
SZ002815,22.22,18.204605,0.9844708588957055,0.9187116564417178,0.0366180981595092,0.29524539877300615,量能水平;量能波动,2,False
SZ002816,21.2,0.32921255,0.05598159509202454,0.26361196319018404,0.848542944785276,0.7105061349693251,量能动量,1,False
SZ002817,6.75,0.2875745,0.1018021472392638,0.1223159509202454,0.7114647239263804,0.5203220858895705,,0,True
SZ002818,11.31,0.4949508,0.3353144171779141,0.4302147239263804,0.7632285276073619,0.3976226993865031,,0,True
SZ002819,24.97,1.3533981,0.1616180981595092,0.7952453987730062,0.999808282208589,0.9875383435582822,量能动量;量能比,2,False
SZ002820,9.69,1.0018725,0.6526073619631901,0.3098159509202454,0.4978911042944785,0.05502300613496933,,0,True
SZ002821,180.53,15.771941,0.660851226993865,0.535467791411043,0.1804064417177914,0.41008435582822084,,0,True
SZ002823,12.66,0.41463444,0.1388036809815951,0.15529141104294478,0.8518021472392638,0.6265337423312883,量能动量,1,False
SZ002824,25.199999,5.97516,0.687308282208589,0.6911426380368099,0.020705521472392636,0.2772239263803681,,0,True
SZ002825,9.25,0.58912194,0.1374616564417178,0.05809049079754601,0.19881134969325154,0.03316717791411043,,0,True
SZ002826,17.54,0.6587458,0.16219325153374234,0.5028757668711656,0.9459355828220859,0.6641104294478528,量能动量,1,False
SZ002827,68.93,8.5592985,0.5300996932515337,0.6846242331288344,0.7758819018404908,0.7335122699386503,,0,True
SZ002828,10.7300005,1.5043173,0.6483895705521472,0.6522239263803681,0.21242331288343558,0.0950920245398773,,0,True
SZ002829,19.44,1.193864,0.3834355828220859,0.2406058282208589,0.20552147239263804,0.1700536809815951,,0,True
SZ002830,14.71,0.60486525,0.15912576687116564,0.24137269938650308,0.7128067484662577,0.26054447852760737,,0,True
SZ002831,27.630001,2.786132,0.692101226993865,0.5933665644171779,0.7210506134969326,0.39608895705521474,,0,True
SZ002832,24.970001,1.6712874,0.2398389570552147,0.14666411042944785,0.7586273006134969,0.10621165644171779,,0,True
SZ002833,18.47,0.65607685,0.026457055214723926,0.04217791411042945,0.48945552147239263,0.20839723926380369,,0,True
SZ002835,13.03,0.30161148,0.06825153374233128,0.07016871165644172,0.4578220858895706,0.2954371165644172,,0,True
SZ002836,11.570001,1.1336765,0.1821319018404908,0.44037576687116564,0.8960889570552147,0.995782208588957,量能动量;量能比,2,False
SZ002837,54.36,29.573511,0.5078604294478528,0.4902223926380368,0.2580521472392638,0.17523006134969324,,0,True
SZ002838,24.48,1.3455758,0.09930981595092024,0.050421779141104295,0.8174846625766872,0.4428680981595092,量能动量,1,False
SZ002839,4.22,1.376198,0.6349693251533742,0.32266104294478526,0.7030291411042945,0.14263803680981596,,0,True
SZ002840,8.0,1.913497,0.5245398773006135,0.7200920245398773,0.9449769938650306,0.6932515337423313,量能动量,1,False
SZ002841,44.100002,3.3307433,0.5964340490797546,0.4279141104294479,0.7338957055214724,0.486579754601227,,0,True
SZ002842,30.810001,9.171585,0.7128067484662577,0.6121549079754601,0.1629601226993865,0.16660276073619631,,0,True
SZ002843,14.84,1.3280594,0.23830521472392638,0.26993865030674846,0.8249616564417178,0.20993098159509202,量能动量,1,False
SZ002845,13.74,1.00953,0.3675230061349693,0.5245398773006135,0.5327837423312883,0.7432898773006135,,0,True
SZ002846,10.8,1.5998875,0.39743098159509205,0.2958205521472393,0.10391104294478527,0.8859279141104295,量能比,1,False
SZ002847,43.41,1.0783036,0.0299079754601227,0.060774539877300617,0.2837423312883436,0.15107361963190183,,0,True
SZ002848,14.820001,2.4207573,0.7018788343558282,0.6434049079754601,0.12442484662576687,0.5184049079754601,,0,True
SZ002849,22.28,3.119897,0.6378450920245399,0.8868865030674846,0.7036042944785276,0.9766104294478528,量能波动;量能比,2,False
SZ002850,163.0,5.0632343,0.5720858895705522,0.5212806748466258,0.6756134969325154,0.3115414110429448,,0,True
SZ002851,115.4,35.467613,0.807898773006135,0.8487346625766872,0.7049463190184049,0.5663343558282209,量能水平;量能波动,2,False
SZ002852,8.9,1.4844536,0.9039493865030674,0.9524539877300614,0.9654907975460123,0.23638803680981596,量能水平;量能波动;量能动量,3,False
SZ002853,20.57,0.2840388,0.08914877300613497,0.09279141104294479,0.37078220858895705,0.18002300613496933,,0,True
SZ002855,12.679999,3.8857315,0.8195935582822086,0.6629601226993865,0.07668711656441718,0.05157208588957055,量能水平,1,False
SZ002856,18.02,1.7047201,0.6104294478527608,0.7841257668711656,0.7998466257668712,0.5431365030674846,,0,True
SZ002857,17.64,0.34827068,0.056365030674846626,0.06537576687116564,0.7839340490797546,0.5437116564417178,,0,True
SZ002858,11.55,0.5539077,0.20034509202453987,0.2338957055214724,0.8633052147239264,0.44651073619631904,量能动量,1,False
SZ002859,59.98,9.996754,0.714340490797546,0.5661426380368099,0.5115030674846626,0.5879984662576687,,0,True
SZ002861,14.06,0.6813331,0.49348159509202455,0.31633435582822084,0.7287193251533742,0.4288726993865031,,0,True
SZ002862,14.95,1.3418326,0.41851993865030673,0.3472009202453988,0.8656058282208589,0.02933282208588957,量能动量,1,False
SZ002863,4.75,0.44437468,0.2476993865030675,0.014378834355828221,0.45858895705521474,0.27089723926380366,,0,True
SZ002864,20.94,0.45780447,0.09528374233128835,0.24252300613496933,0.34758435582822084,0.4879217791411043,,0,True
SZ002865,36.14,2.1557364,0.3182515337423313,0.22756901840490798,0.2969708588957055,0.5128450920245399,,0,True
SZ002866,13.960001,0.6573024,0.3128834355828221,0.21395705521472394,0.8355061349693251,0.5406441717791411,量能动量,1,False
SZ002867,10.04,0.88997126,0.4557131901840491,0.27338957055214724,0.6855828220858896,0.2737730061349693,,0,True
SZ002868,22.19,1.1470262,0.4691334355828221,0.16391871165644173,0.36004601226993865,0.010161042944785276,,0,True
SZ002869,16.7,0.6479275,0.4593558282208589,0.8577453987730062,0.9670245398773006,0.9884969325153374,量能波动;量能动量;量能比,3,False
SZ002871,17.6,0.8756042,0.12154907975460123,0.1706288343558282,0.8301380368098159,0.3295628834355828,量能动量,1,False
SZ002872,6.04,0.25207153,0.5362346625766872,0.4722009202453988,0.4975076687116564,0.20398773006134968,,0,True
SZ002873,8.440001,0.4281928,0.22162576687116564,0.44516871165644173,0.6926763803680982,0.7994631901840491,,0,True
SZ002875,12.72,0.7782502,0.504409509202454,0.26495398773006135,0.6129217791411042,0.04486196319018405,,0,True
SZ002876,31.539999,1.4468205,0.43577453987730064,0.2540260736196319,0.6861579754601227,0.4265720858895706,,0,True
SZ002877,7.41,0.3512344,0.07611196319018405,0.08397239263803681,0.11752300613496933,0.42695552147239263,,0,True
SZ002878,12.420001,0.62613934,0.16947852760736196,0.18155674846625766,0.6986196319018405,0.3134585889570552,,0,True
SZ002879,17.41,1.474004,0.6907592024539877,0.9024156441717791,0.9718174846625767,0.9050996932515337,量能波动;量能动量;量能比,3,False
SZ002880,21.970001,0.63152605,0.2893021472392638,0.2693634969325153,0.9022239263803681,0.31901840490797545,量能动量,1,False
SZ002881,42.6,5.434987,0.44267638036809814,0.36464723926380366,0.1102377300613497,0.18845858895705522,,0,True
SZ002882,22.279999,3.640216,0.6361196319018405,0.5548312883435583,0.18232361963190183,0.08205521472392638,,0,True
SZ002884,15.249999,0.24156693,0.016104294478527608,0.005751533742331288,0.7020705521472392,0.3090490797546012,,0,True
SZ002885,26.28,5.478147,0.6775306748466258,0.4831288343558282,0.2482745398773006,0.14762269938650308,,0,True
SZ002886,24.18,12.294895,0.8980061349693251,0.7446319018404908,0.3878450920245399,0.17273773006134968,量能水平,1,False
SZ002887,9.47,0.42275852,0.3663726993865031,0.7741564417177914,0.9892638036809815,0.8307131901840491,量能动量;量能比,2,False
SZ002888,18.44,0.8189609,0.1317101226993865,0.05655674846625767,0.6907592024539877,0.06844325153374232,,0,True
SZ002889,11.96,0.23858884,0.028374233128834355,0.024348159509202456,0.6090874233128835,0.4363496932515337,,0,True
SZ002890,15.19,0.37418047,0.05406441717791411,0.07822085889570553,0.054639570552147236,0.2103144171779141,,0,True
SZ002891,27.810001,1.8404005,0.3414493865030675,0.5902990797546013,0.8351226993865031,0.7429064417177914,量能动量,1,False
SZ002892,8.56,0.42658588,0.036042944785276074,0.007668711656441718,0.7310199386503068,0.5253067484662577,,0,True
SZ002893,10.18,1.9310576,0.6497315950920245,0.2789493865030675,0.3186349693251534,0.005943251533742332,,0,True
SZ002895,30.03,1.4484744,0.19746932515337423,0.06882668711656442,0.5036426380368099,0.18366564417177914,,0,True
SZ002896,63.309998,3.43575,0.23427914110429449,0.4858128834355828,0.9210122699386503,0.7317868098159509,量能动量,1,False
SZ002897,59.14,10.475662,0.8663726993865031,0.8379984662576687,0.23734662576687116,0.26035276073619634,量能水平;量能波动,2,False
SZ002899,20.61,0.90705574,0.5830138036809815,0.3401073619631902,0.7519171779141104,0.513420245398773,,0,True
SZ002900,13.06,1.777863,0.8004217791411042,0.9120015337423313,0.9539877300613497,0.959739263803681,量能水平;量能波动;量能动量;量能比,4,False
SZ002901,41.300003,0.57259786,0.0856978527607362,0.14072085889570551,0.6422546012269938,0.7973542944785276,,0,True
SZ002902,25.559998,7.7741947,0.9083588957055214,0.9490030674846626,0.01303680981595092,0.6194401840490797,量能水平;量能波动,2,False
SZ002903,29.31,3.45478,0.6796395705521472,0.45858895705521474,0.09700920245398773,0.07668711656441718,,0,True
SZ002905,8.76,0.81183654,0.6401457055214724,0.6322852760736196,0.3951303680981595,0.2473159509202454,,0,True
SZ002906,26.670002,1.9473761,0.6527990797546013,0.35256901840490795,0.3495015337423313,0.19900306748466257,,0,True
SZ002907,14.49,1.7169901,0.4699003067484663,0.7597776073619632,0.7820168711656442,0.8694401840490797,量能比,1,False
SZ002908,6.98,0.32243645,0.04677914110429448,0.08876533742331288,0.28815184049079756,0.41986196319018404,,0,True
SZ002909,7.46,5.458698,0.8433665644171779,0.8590874233128835,0.031825153374233126,0.2958205521472393,量能水平;量能波动,2,False
SZ002910,9.86,0.911328,0.5465874233128835,0.3450920245398773,0.48983895705521474,0.0625,,0,True
SZ002911,11.28,0.56743294,0.18021472392638035,0.17657208588957055,0.9288726993865031,0.28546779141104295,量能动量,1,False
SZ002912,26.470001,3.1715376,0.7948619631901841,0.9267638036809815,0.006326687116564417,0.9342407975460123,量能波动;量能比,2,False
SZ002913,82.8,9.400669,0.8274539877300614,0.8301380368098159,0.2511503067484663,0.816717791411043,量能水平;量能波动;量能比,3,False
SZ002915,16.2,1.904783,0.2682131901840491,0.07860429447852761,0.3182515337423313,0.013995398773006136,,0,True
SZ002916,370.97998,30.426167,0.5496549079754601,0.47066717791411045,0.330521472392638,0.6878834355828221,,0,True
SZ002917,10.040001,0.3022092,0.06940184049079755,0.0763036809815951,0.4746932515337423,0.3487346625766871,,0,True
SZ002918,10.57,2.6612148,0.9102760736196319,0.6570168711656442,0.6307515337423313,0.3504601226993865,量能水平,1,False
SZ002919,15.72,0.52997607,0.04927147239263804,0.05425613496932515,0.8554447852760736,0.598351226993865,量能动量,1,False
SZ002920,80.0,4.871703,0.7183665644171779,0.6620015337423313,0.754409509202454,0.11157975460122699,,0,True
SZ002921,19.789999,1.064038,0.3606211656441718,0.08934049079754601,0.6549079754601227,0.3184432515337423,,0,True
SZ002922,21.35,3.890535,0.7085889570552147,0.6265337423312883,0.7375383435582822,0.2839340490797546,,0,True
SZ002923,10.75,0.5808188,0.18596625766871167,0.2816334355828221,0.6600843558282209,0.7643788343558282,,0,True
SZ002925,22.12,3.2184083,0.7969708588957055,0.5695935582822086,0.6545245398773006,0.464340490797546,,0,True
SZ002926,8.08,1.2426664,0.7684049079754601,0.8211273006134969,0.5331671779141104,0.6550996932515337,量能波动,1,False
SZ002927,19.109999,2.0282998,0.5410276073619632,0.6154141104294478,0.08627300613496933,0.870207055214724,量能比,1,False
SZ002928,6.0800004,1.4702948,0.8784509202453987,0.8746165644171779,0.656441717791411,0.7852760736196319,量能水平;量能波动,2,False
SZ002929,47.699997,3.728214,0.8339723926380368,0.7873849693251533,0.3817101226993865,0.5233895705521472,量能水平,1,False
SZ002930,9.01,0.6894292,0.26226993865030673,0.09413343558282208,0.5272239263803681,0.0924079754601227,,0,True
SZ002931,38.86,1.9514512,0.19478527607361965,0.22833588957055215,0.839148773006135,0.5711273006134969,量能动量,1,False
SZ002933,27.15,0.4275606,0.30253067484662577,0.24271472392638035,0.15203220858895705,0.3510352760736196,,0,True
SZ002935,18.26,1.160089,0.2839340490797546,0.8473926380368099,0.9915644171779141,0.9894555214723927,量能波动;量能动量;量能比,3,False
SZ002936,1.7,1.6701051,0.9344325153374233,0.9300230061349694,0.48370398773006135,0.28297546012269936,量能水平;量能波动,2,False
SZ002937,27.230001,2.8841689,0.4990414110429448,0.8462423312883436,0.9541794478527608,0.9505368098159509,量能波动;量能动量;量能比,3,False
SZ002938,79.66,19.687347,0.9351993865030674,0.8230444785276073,0.48600460122699385,0.5902990797546013,量能水平;量能波动,2,False
SZ002939,7.67,1.3575647,0.6809815950920245,0.6000766871165644,0.6629601226993865,0.36349693251533743,,0,True
SZ002940,22.460001,2.3831513,0.6798312883435583,0.6046779141104295,0.12538343558282208,0.054447852760736194,,0,True
SZ002941,10.340001,0.8751749,0.48025306748466257,0.330329754601227,0.8224693251533742,0.29179447852760737,量能动量,1,False
SZ002942,16.48,1.9422843,0.6892254601226994,0.32630368098159507,0.34298312883435583,0.0007668711656441718,,0,True
SZ002943,28.98,3.0138538,0.6088957055214724,0.17983128834355827,0.7894938650306749,0.3893788343558282,,0,True
SZ002945,14.069999,3.1655703,0.6044861963190185,0.696510736196319,0.1535659509202454,0.2624616564417178,,0,True
SZ002946,14.539999,0.7035466,0.18807515337423314,0.20993098159509202,0.9173696319018405,0.2833588957055215,量能动量,1,False
SZ002947,58.249996,5.9694867,0.6681365030674846,0.5517638036809815,0.18558282208588958,0.1955521472392638,,0,True
SZ002948,6.06,2.3223808,0.74079754601227,0.7020705521472392,0.8575536809815951,0.38650306748466257,量能动量,1,False
SZ002949,13.199999,1.395652,0.6664110429447853,0.4603144171779141,0.786042944785276,0.09432515337423313,,0,True
SZ002950,8.49,0.45748633,0.31058282208588955,0.47929447852760737,0.2983128834355828,0.7179831288343558,,0,True
SZ002951,15.809999,0.8209642,0.3897622699386503,0.808090490797546,0.973351226993865,0.9493865030674846,量能波动;量能动量;量能比,3,False
SZ002952,19.119999,1.568547,0.6853911042944786,0.267829754601227,0.4904141104294479,0.026457055214723926,,0,True
SZ002953,9.94,1.7574507,0.57170245398773,0.3211273006134969,0.24271472392638035,0.021664110429447853,,0,True
SZ002955,36.29,2.5243266,0.8514187116564417,0.7271855828220859,0.5189800613496932,0.46817484662576686,量能水平,1,False
SZ002956,17.85,0.9626131,0.4258052147239264,0.6508819018404908,0.1138803680981595,0.7540260736196319,,0,True
SZ002957,37.260002,8.040407,0.9235046012269938,0.9756518404907976,0.6165644171779141,0.9242714723926381,量能水平;量能波动;量能比,3,False
SZ002958,2.88,2.3187172,0.9045245398773006,0.4503450920245399,0.4869631901840491,0.16180981595092025,量能水平,1,False
SZ002959,33.780003,0.22846438,0.10333588957055215,0.8188266871165644,0.9984662576687117,0.9675996932515337,量能波动;量能动量;量能比,3,False
SZ002960,8.44,0.6699839,0.299079754601227,0.4428680981595092,0.1898006134969325,0.8220858895705522,量能比,1,False
SZ002961,13.11,2.1266878,0.46932515337423314,0.5523389570552147,0.0897239263803681,0.6065950920245399,,0,True
SZ002962,14.759999,1.1692249,0.6228911042944786,0.9309815950920245,0.9722009202453987,0.8882285276073619,量能波动;量能动量;量能比,3,False
SZ002963,22.1,2.2707767,0.9075920245398773,0.839148773006135,0.49980828220858897,0.4459355828220859,量能水平;量能波动,2,False
SZ002965,30.44,3.8990884,0.8489263803680982,0.9791027607361963,0.18788343558282208,0.9175613496932515,量能水平;量能波动;量能比,3,False
SZ002966,9.29,3.227778,0.8594708588957055,0.7260352760736196,0.6401457055214724,0.24750766871165644,量能水平,1,False
SZ002967,18.01,0.7546797,0.1286426380368098,0.5299079754601227,0.9812116564417178,0.9035659509202454,量能动量;量能比,2,False
SZ002968,9.7300005,0.42230183,0.2967791411042945,0.5764953987730062,0.8299463190184049,0.8489263803680982,量能动量;量能比,2,False
SZ002969,10.690001,3.797169,0.7091641104294478,0.481978527607362,0.4522622699386503,0.062116564417177916,,0,True
SZ002970,39.899998,2.1043475,0.6236579754601227,0.5596242331288344,0.5316334355828221,0.388228527607362,,0,True
SZ002971,39.43,7.956302,0.8178680981595092,0.8289877300613497,0.3424079754601227,0.8109662576687117,量能水平;量能波动;量能比,3,False
SZ002972,13.140001,0.98957074,0.473351226993865,0.46875,0.25057515337423314,0.24444018404907975,,0,True
SZ002973,12.2,1.233273,0.4750766871165644,0.5423696319018405,0.027032208588957055,0.3280291411042945,,0,True
SZ002975,100.0,13.093395,0.830329754601227,0.7369631901840491,0.7942868098159509,0.5830138036809815,量能水平,1,False
SZ002976,22.71,2.6205719,0.7593941717791411,0.8677147239263804,0.12998466257668712,0.8510352760736196,量能波动;量能比,2,False
SZ002978,24.28,0.49075532,0.40931748466257667,0.3111579754601227,0.4660659509202454,0.22258435582822086,,0,True
SZ002979,52.0,3.1611626,0.33608128834355827,0.24846625766871167,0.44631901840490795,0.2908358895705521,,0,True
SZ002980,100.28,14.063862,0.7214340490797546,0.77204754601227,0.07611196319018405,0.6591257668711656,,0,True
SZ002981,23.199999,0.9436736,0.41449386503067487,0.8004217791411042,0.11234662576687117,0.9748849693251533,量能波动;量能比,2,False
SZ002982,12.72,0.58435065,0.557707055214724,0.42753067484662577,0.902032208588957,0.33013803680981596,量能动量,1,False
SZ002983,21.73,0.5641348,0.1460889570552147,0.40069018404907975,0.6738880368098159,0.5816717791411042,,0,True
SZ002984,12.719999,1.1199548,0.7122315950920245,0.557898773006135,0.41775306748466257,0.2647622699386503,,0,True
SZ002985,26.91,1.3325338,0.42618865030674846,0.2687883435582822,0.4785276073619632,0.15069018404907975,,0,True
SZ002986,12.66,0.6783548,0.5690184049079755,0.6088957055214724,0.138420245398773,0.36848159509202455,,0,True
SZ002987,10.5,1.5737638,0.4254217791411043,0.34892638036809814,0.2628450920245399,0.17082055214723926,,0,True
SZ002988,30.64,2.2317927,0.6238496932515337,0.34758435582822084,0.20839723926380369,0.027415644171779142,,0,True
SZ002989,24.4,1.8251227,0.7877684049079755,0.9298312883435583,0.8424079754601227,0.9649156441717791,量能波动;量能动量;量能比,3,False
SZ002990,51.01,4.3694463,0.812308282208589,0.875,0.9470858895705522,0.9476610429447853,量能水平;量能波动;量能动量;量能比,4,False
SZ002991,37.239998,0.34110305,0.24501533742331288,0.2557515337423313,0.2523006134969325,0.1579754601226994,,0,True
SZ002992,32.51,0.5669298,0.24041411042944785,0.4014570552147239,0.2419478527607362,0.8272622699386503,量能比,1,False
SZ002993,32.49,1.7530375,0.65625,0.4700920245398773,0.5787960122699386,0.5435199386503068,,0,True
SZ002995,16.53,1.3144556,0.6572085889570553,0.7685966257668712,0.6236579754601227,0.6558665644171779,,0,True
SZ002996,5.84,0.39857933,0.36733128834355827,0.08205521472392638,0.5835889570552147,0.142829754601227,,0,True
SZ002997,25.46,1.0552313,0.3943634969325153,0.24079754601226994,0.0856978527607362,0.03546779141104295,,0,True
SZ002999,6.3099995,2.1733897,0.7879601226993865,0.5728527607361963,0.1945935582822086,0.002492331288343558,,0,True
SZ003000,9.53,0.39435065,0.1196319018404908,0.16660276073619631,0.9351993865030674,0.33991564417177916,量能动量,1,False
SZ003001,19.83,2.2884042,0.8560199386503068,0.9363496932515337,0.07553680981595091,0.9474693251533742,量能水平;量能波动;量能比,3,False
SZ003002,15.539999,1.8072764,0.6090874233128835,0.44401840490797545,0.3870782208588957,0.12749233128834356,,0,True
SZ003003,11.01,0.36340448,0.2862346625766871,0.21932515337423314,0.879601226993865,0.647430981595092,量能动量,1,False
SZ003004,56.999996,1.5226207,0.4125766871165644,0.5350843558282209,0.6547162576687117,0.6503067484662577,,0,True
SZ003005,14.819999,4.00249,0.9534125766871165,0.9342407975460123,0.5095858895705522,0.20763036809815952,量能水平;量能波动,2,False
SZ003006,22.49,6.6117306,0.8667561349693251,0.5565567484662577,0.5931748466257669,0.8865030674846626,量能水平;量能比,2,False
SZ003007,39.68,0.7096562,0.2741564417177914,0.24750766871165644,0.5283742331288344,0.5571319018404908,,0,True
SZ003008,19.650002,0.24027,0.19171779141104295,0.13957055214723926,0.5646088957055214,0.37193251533742333,,0,True
SZ003009,45.23,1.5889848,0.38880368098159507,0.053105828220858894,0.41449386503067487,0.20648006134969324,,0,True
SZ003010,27.99,2.1259294,0.3433665644171779,0.3138420245398773,0.6230828220858896,0.38266871165644173,,0,True
SZ003011,19.9,0.4782192,0.5072852760736196,0.6836656441717791,0.9647239263803681,0.9101802147239264,量能动量;量能比,2,False
SZ003012,4.5499997,0.38824344,0.6209739263803681,0.607170245398773,0.4102760736196319,0.629601226993865,,0,True
SZ003013,15.5,1.837902,0.7530674846625767,0.8721242331288344,0.03316717791411043,0.5682515337423313,量能波动,1,False
SZ003015,12.13,0.46964985,0.1790644171779141,0.2624616564417178,0.4543711656441718,0.6223159509202454,,0,True
SZ003016,7.53,0.38663355,0.37327453987730064,0.44631901840490795,0.37423312883435583,0.6345858895705522,,0,True
SZ003017,22.610003,0.3293484,0.17024539877300612,0.14992331288343558,0.8023389570552147,0.7168328220858896,量能动量,1,False
SZ003018,44.96,8.916518,0.745590490797546,0.5191717791411042,0.2866180981595092,0.09068251533742332,,0,True
SZ003019,26.100002,1.100285,0.540069018404908,0.6541411042944786,0.7800996932515337,0.4748849693251534,,0,True
SZ003020,16.94,0.62741065,0.268021472392638,0.43769171779141103,0.13554447852760737,0.7641871165644172,,0,True
SZ003021,68.91,2.1698816,0.6909509202453987,0.7417561349693251,0.5594325153374233,0.6524156441717791,,0,True
SZ003022,18.3,1.3432773,0.5155291411042945,0.3891871165644172,0.5132285276073619,0.7147239263803681,,0,True
SZ003023,25.699999,0.79199183,0.4505368098159509,0.2705138036809816,0.906058282208589,0.04160276073619632,量能动量,1,False
SZ003025,11.9800005,0.32527363,0.08550613496932516,0.12059049079754601,0.6947852760736196,0.5630751533742331,,0,True
SZ003026,33.829998,5.8329525,0.7507668711656442,0.8613880368098159,0.04141104294478527,0.9827453987730062,量能波动;量能比,2,False
SZ003027,16.35,0.2361303,0.32170245398773006,0.18711656441717792,0.6681365030674846,0.4409509202453988,,0,True
SZ003028,23.470001,0.29559594,0.147239263803681,0.21798312883435583,0.5337423312883436,0.41775306748466257,,0,True
SZ003029,17.71,1.2683452,0.6226993865030674,0.6054447852760736,0.42868098159509205,0.6539493865030674,,0,True
SZ003030,26.22,0.87963694,0.4532208588957055,0.5962423312883436,0.5603911042944786,0.5452453987730062,,0,True
SZ003031,116.990005,13.1566515,0.5013420245398773,0.37653374233128833,0.17599693251533743,0.55329754601227,,0,True
SZ003032,8.75,5.2094574,0.9681748466257669,0.9741180981595092,0.7845092024539877,0.736579754601227,量能水平;量能波动,2,False
SZ003033,87.399994,1.8513862,0.4447852760736196,0.5496549079754601,0.2473159509202454,0.8784509202453987,量能比,1,False
SZ003035,5.22,2.6187723,0.5406441717791411,0.4852377300613497,0.08090490797546013,0.1267254601226994,,0,True
SZ003036,50.899998,5.0658674,0.4455521472392638,0.6280674846625767,0.5745782208588958,0.8255368098159509,量能比,1,False
SZ003037,5.75,0.26435637,0.23274539877300612,0.2473159509202454,0.1545245398773006,0.2254601226993865,,0,True
SZ003038,10.63,0.3373744,0.2898773006134969,0.07266104294478527,0.759010736196319,0.47661042944785276,,0,True
SZ003039,12.5,1.8572978,0.6179064417177914,0.36273006134969327,0.12787576687116564,0.005751533742331288,,0,True
SZ003040,14.05,15.208817,0.9528374233128835,0.964340490797546,0.196510736196319,0.5778374233128835,量能水平;量能波动,2,False
SZ003041,38.68,0.963266,0.2268021472392638,0.5972009202453987,0.03144171779141104,0.9259969325153374,量能比,1,False
SZ003042,14.17,0.8243935,0.669670245398773,0.879409509202454,0.9791027607361963,0.455329754601227,量能波动;量能动量,2,False
SZ003043,59.920002,3.4837475,0.5881901840490797,0.09528374233128835,0.1508819018404908,0.22967791411042945,,0,True
SZ003816,4.26,4.6152053,0.8922546012269938,0.8063650306748467,0.7415644171779141,0.31671779141104295,量能水平;量能波动,2,False
SZ300001,34.73,3.930932,0.45475460122699385,0.7348542944785276,0.7350460122699386,0.9029907975460123,量能比,1,False
SZ300002,7.83,2.5264347,0.7916027607361963,0.8125,0.11598926380368098,0.4570552147239264,量能波动,1,False
SZ300003,11.4,1.4955832,0.7488496932515337,0.7254601226993865,0.45283742331288346,0.6269171779141104,,0,True
SZ300004,7.6099997,1.9093,0.8140337423312883,0.37691717791411045,0.4160276073619632,0.019171779141104295,量能水平,1,False
SZ300005,10.53,4.182463,0.7218174846625767,0.6102377300613497,0.36483895705521474,0.49578220858895705,,0,True
SZ300006,5.34,1.3979996,0.6357361963190185,0.4633819018404908,0.58454754601227,0.7467407975460123,,0,True
SZ300007,30.250002,2.5256715,0.5555981595092024,0.7306365030674846,0.3583205521472393,0.8575536809815951,量能比,1,False
SZ300008,6.2000003,4.4046316,0.8774923312883436,0.7885352760736196,0.2791411042944785,0.20686349693251535,量能水平,1,False
SZ300009,8.42,1.9157746,0.35391104294478526,0.5120782208588958,0.8247699386503068,0.8611963190184049,量能动量;量能比,2,False
SZ300010,4.98,6.9476504,0.9858128834355828,0.9444018404907976,0.29716257668711654,0.13976226993865032,量能水平;量能波动,2,False
SZ300011,5.7700005,0.24927527,0.19095092024539878,0.2574769938650307,0.0678680981595092,0.504409509202454,,0,True
SZ300012,13.78,3.187262,0.31077453987730064,0.26859662576687116,0.8399156441717791,0.47871932515337423,量能动量,1,False
SZ300013,4.22,0.74052685,0.6359279141104295,0.5038343558282209,0.566909509202454,0.3640720858895706,,0,True
SZ300014,47.58,14.183107,0.4204371165644172,0.6407208588957055,0.015337423312883436,0.6735046012269938,,0,True
SZ300015,7.8599997,3.3663278,0.17197085889570551,0.054639570552147236,0.7026457055214724,0.5573236196319018,,0,True
SZ300016,9.49,2.9570596,0.7135736196319018,0.915260736196319,0.9129601226993865,0.9723926380368099,量能波动;量能动量;量能比,3,False
SZ300017,14.760001,18.934841,0.8067484662576687,0.8897622699386503,0.20207055214723926,0.4121932515337423,量能水平;量能波动,2,False
SZ300018,11.459999,1.0869778,0.4748849693251534,0.4137269938650307,0.07400306748466258,0.3328220858895706,,0,True
SZ300019,13.650001,0.42656192,0.05425613496932515,0.02415644171779141,0.4748849693251534,0.4181365030674847,,0,True
SZ300020,3.65,0.7272595,0.571510736196319,0.5373849693251533,0.8753834355828221,0.09202453987730061,量能动量,1,False
SZ300021,3.73,1.1220423,0.4771855828220859,0.3370398773006135,0.09279141104294479,0.021088957055214724,,0,True
SZ300022,7.7499995,0.69571894,0.47028374233128833,0.44574386503067487,0.727569018404908,0.40816717791411045,,0,True
SZ300024,12.91,2.5092583,0.3709739263803681,0.10352760736196319,0.3713573619631902,0.3696319018404908,,0,True
SZ300025,5.75,0.8971383,0.5233895705521472,0.5460122699386503,0.6278757668711656,0.37653374233128833,,0,True
SZ300026,3.2,1.4682494,0.5573236196319018,0.7199003067484663,0.5285659509202454,0.772239263803681,,0,True
SZ300027,1.64,1.0794609,0.8625383435582822,0.7319785276073619,0.060199386503067484,0.4965490797546012,量能水平,1,False
SZ300030,6.86,0.3768341,0.2802914110429448,0.30924079754601225,0.5586656441717791,0.6134969325153374,,0,True
SZ300031,20.000002,2.1866903,0.5291411042944786,0.2616947852760736,0.4231211656441718,0.33608128834355827,,0,True
SZ300032,3.73,0.5788293,0.5761119631901841,0.3581288343558282,0.20743865030674846,0.2018788343558282,,0,True
SZ300033,198.05,20.48535,0.32131901840490795,0.29160276073619634,0.23159509202453987,0.22028374233128833,,0,True
SZ300034,15.43,1.4752736,0.2526840490797546,0.2223926380368098,0.7852760736196319,0.3774923312883436,,0,True
SZ300035,11.84,1.1601487,0.3098159509202454,0.13113496932515337,0.6708205521472392,0.4231211656441718,,0,True
SZ300036,10.0,0.77864856,0.27128067484662577,0.10659509202453987,0.6169478527607362,0.4432515337423313,,0,True
SZ300037,66.67,9.353215,0.5174463190184049,0.4321319018404908,0.7202837423312883,0.28182515337423314,,0,True
SZ300039,5.18,1.100107,0.4735429447852761,0.4204371165644172,0.5347009202453987,0.6888420245398773,,0,True
SZ300040,5.6800003,1.8007059,0.7919861963190185,0.6267254601226994,0.050421779141104295,0.10237730061349694,,0,True
SZ300041,10.669999,1.9403079,0.5745782208588958,0.48983895705521474,0.21299846625766872,0.5113113496932515,,0,True
SZ300042,36.83,3.1451876,0.6677530674846626,0.5795628834355828,0.2994631901840491,0.7505751533742331,,0,True
SZ300043,4.27,1.4496958,0.46798312883435583,0.36848159509202455,0.3512269938650307,0.1545245398773006,,0,True
SZ300044,6.02,1.179065,0.464340490797546,0.6633435582822086,0.3282208588957055,0.35199386503067487,,0,True
SZ300045,11.14,1.4000723,0.3562116564417178,0.4758435582822086,0.8462423312883436,0.8452837423312883,量能动量;量能比,2,False
SZ300046,24.14,1.0551649,0.3149923312883436,0.3312883435582822,0.0299079754601227,0.6372699386503068,,0,True
SZ300047,8.95,1.2287271,0.5337423312883436,0.5649923312883436,0.05214723926380368,0.6712039877300614,,0,True
SZ300048,4.69,0.36612636,0.21625766871165644,0.16104294478527606,0.388228527607362,0.4039493865030675,,0,True
SZ300049,46.120003,3.3366342,0.4398006134969325,0.36119631901840493,0.6834739263803681,0.38401073619631904,,0,True
SZ300050,7.04,2.4509547,0.9428680981595092,0.8759585889570553,0.4008819018404908,0.3836273006134969,量能水平;量能波动,2,False
SZ300051,7.85,1.3056105,0.5525306748466258,0.37557515337423314,0.22028374233128833,0.6656441717791411,,0,True
SZ300052,9.99,1.3933432,0.7348542944785276,0.5929831288343558,0.4620398773006135,0.11177147239263803,,0,True
SZ300053,11.69,1.4714777,0.3186349693251534,0.33953220858895705,0.17254601226993865,0.7093558282208589,,0,True
SZ300054,67.5,13.424146,0.30866564417177916,0.2847009202453988,0.178489263803681,0.4210122699386503,,0,True
SZ300055,5.63,0.95518255,0.7298696319018405,0.584739263803681,0.6476226993865031,0.2218174846625767,,0,True
SZ300056,7.4600005,0.7998172,0.3964723926380368,0.7131901840490797,0.9593558282208589,0.9160276073619632,量能动量;量能比,2,False
SZ300057,6.0899997,1.3775426,0.7427147239263804,0.5197469325153374,0.6058282208588958,0.4633819018404908,,0,True
SZ300058,12.679999,35.744713,0.9190950920245399,0.9681748466257669,0.48236196319018404,0.5394938650306749,量能水平;量能波动,2,False
SZ300059,17.87,29.831327,0.6217407975460123,0.5741947852760736,0.5833972392638037,0.504601226993865,,0,True
SZ300061,6.76,3.4235885,0.8587039877300614,0.8155674846625767,0.16794478527607362,0.317101226993865,量能水平;量能波动,2,False
SZ300062,5.9900002,1.6601372,0.6700536809815951,0.37787576687116564,0.0625,0.11886503067484662,,0,True
SZ300063,8.22,3.8352835,0.8059815950920245,0.8769171779141104,0.2331288343558282,0.23370398773006135,量能水平;量能波动,2,False
SZ300065,14.85,4.582344,0.7793328220858896,0.513420245398773,0.42714723926380366,0.3834355828220859,,0,True
SZ300066,4.54,0.47197753,0.22469325153374234,0.134010736196319,0.7551763803680982,0.6014187116564417,,0,True
SZ300067,5.15,1.945071,0.6464723926380368,0.7298696319018405,0.4066334355828221,0.4315567484662577,,0,True
SZ300068,4.02,1.8644748,0.977569018404908,0.8610046012269938,0.3966641104294479,0.26361196319018404,量能水平;量能波动,2,False
SZ300069,23.630001,1.2030948,0.5101610429447853,0.35410276073619634,0.3531441717791411,0.39628067484662577,,0,True
SZ300070,3.33,0.9766188,0.8207438650306749,0.6127300613496932,0.2574769938650307,0.6238496932515337,量能水平,1,False
SZ300071,3.9700003,2.902802,0.8498849693251533,0.8799846625766872,0.31767638036809814,0.16353527607361965,量能水平;量能波动,2,False
SZ300072,3.3999999,0.98397595,0.4620398773006135,0.2580521472392638,0.04888803680981595,0.08397239263803681,,0,True
SZ300073,36.31,3.5639455,0.6738880368098159,0.4773773006134969,0.5743865030674846,0.2026457055214724,,0,True
SZ300074,3.8,0.6236695,0.6493481595092024,0.8222776073619632,0.7448236196319018,0.8608128834355828,量能波动;量能比,2,False
SZ300075,10.17,0.89082706,0.4246549079754601,0.3477760736196319,0.8098159509202454,0.4482361963190184,量能动量,1,False
SZ300077,21.35,7.2703304,0.9896472392638037,0.9930981595092024,0.004792944785276074,0.7649539877300614,量能水平;量能波动,2,False
SZ300078,2.7,0.845638,0.7103144171779141,0.6200153374233128,0.6301763803680982,0.42216257668711654,,0,True
SZ300079,4.69,2.0008662,0.7845092024539877,0.61579754601227,0.3774923312883436,0.017446319018404908,,0,True
SZ300080,3.6099997,0.564566,0.8330138036809815,0.8424079754601227,0.3811349693251534,0.5787960122699386,量能水平;量能波动,2,False
SZ300081,3.32,0.31537753,0.44900306748466257,0.13017638036809817,0.433090490797546,0.18117331288343558,,0,True
SZ300083,11.559999,6.441824,0.8031058282208589,0.5005751533742331,0.43807515337423314,0.34317484662576686,量能水平,1,False
SZ300084,9.91,0.8766398,0.4353911042944785,0.4396088957055215,0.7626533742331288,0.15701687116564417,,0,True
SZ300085,29.45,12.770729,0.625,0.5874233128834356,0.04946319018404908,0.12825920245398773,,0,True
SZ300086,5.34,1.2467054,0.8316717791411042,0.9846625766871165,0.8876533742331288,0.991180981595092,量能水平;量能波动;量能动量;量能比,4,False
SZ300087,5.5,1.2011639,0.26591257668711654,0.11618098159509202,0.09950153374233128,0.004792944785276074,,0,True
SZ300088,6.95,7.3177824,0.794670245398773,0.74079754601227,0.8251533742331288,0.6986196319018405,量能动量,1,False
SZ300092,11.03,0.29711503,0.061733128834355826,0.05598159509202454,0.5770705521472392,0.2609279141104294,,0,True
SZ300093,19.759998,1.2268865,0.37423312883435583,0.3088573619631902,0.31077453987730064,0.276648773006135,,0,True
SZ300094,2.8700001,2.6995568,0.9472776073619632,0.8587039877300614,0.27070552147239263,0.05809049079754601,量能水平;量能波动,2,False
SZ300095,8.78,0.85579574,0.5130368098159509,0.5494631901840491,0.174079754601227,0.7379217791411042,,0,True
SZ300097,10.0199995,1.8459845,0.6976610429447853,0.7917944785276073,0.039110429447852764,0.8069401840490797,量能比,1,False
SZ300098,4.16,1.2975671,0.4781441717791411,0.4557131901840491,0.37346625766871167,0.3847776073619632,,0,True
SZ300099,6.23,1.1140449,0.5195552147239264,0.4806365030674847,0.20513803680981596,0.30828220858895705,,0,True
SZ300100,21.960001,1.2060542,0.24808282208588958,0.7492331288343558,0.9806365030674846,0.9491947852760736,量能动量;量能比,2,False
SZ300101,13.82,1.0267518,0.388420245398773,0.7979294478527608,0.9511119631901841,0.9405674846625767,量能动量;量能比,2,False
SZ300102,15.919998,2.8921552,0.8360812883435583,0.7013036809815951,0.5632668711656442,0.6673696319018405,量能水平,1,False
SZ300103,7.91,0.775322,0.5159125766871165,0.5688266871165644,0.7710889570552147,0.339148773006135,,0,True
SZ300105,7.03,0.883154,0.6949769938650306,0.44670245398773006,0.7220092024539877,0.13995398773006135,,0,True
SZ300106,10.47,1.2334563,0.8090490797546013,0.6276840490797546,0.7281441717791411,0.09662576687116564,量能水平,1,False
SZ300107,6.55,0.616112,0.31230828220858897,0.11042944785276074,0.464148773006135,0.1004601226993865,,0,True
SZ300109,12.530001,1.6513783,0.5423696319018405,0.40107361963190186,0.625,0.4156441717791411,,0,True
SZ300110,3.28,2.6241488,0.8778757668711656,0.986579754601227,0.9929064417177914,1.0,量能水平;量能波动;量能动量;量能比,4,False
SZ300111,2.9500003,0.9272442,0.8932131901840491,0.8993481595092024,0.6261503067484663,0.8644555214723927,量能水平;量能波动;量能比,3,False
SZ300112,10.259999,4.9201365,0.8765337423312883,0.7747315950920245,0.12595858895705522,0.48849693251533743,量能水平,1,False
SZ300113,15.73,2.7571745,0.5648006134969326,0.8801763803680982,0.7791411042944786,0.8493098159509203,量能波动;量能比,2,False
SZ300115,22.499998,6.8964996,0.6721625766871165,0.46721625766871167,0.32266104294478526,0.17043711656441718,,0,True
SZ300118,8.719999,1.700428,0.8803680981595092,0.6077453987730062,0.28546779141104295,0.5063266871165644,量能水平,1,False
SZ300119,16.55,0.7999516,0.35640337423312884,0.23581288343558282,0.10371932515337423,0.27607361963190186,,0,True
SZ300120,7.21,2.5068862,0.848542944785276,0.9085506134969326,0.1142638036809816,0.6993865030674846,量能水平;量能波动,2,False
SZ300121,9.45,1.1780226,0.34221625766871167,0.29658742331288346,0.8071319018404908,0.5824386503067485,量能动量,1,False
SZ300122,12.93,4.285538,0.7728144171779141,0.745590490797546,0.2931365030674847,0.6575920245398773,,0,True
SZ300123,4.17,1.4598621,0.7494248466257669,0.5552147239263804,0.1320935582822086,0.11138803680981595,,0,True
SZ300124,52.289997,14.189932,0.5586656441717791,0.4919478527607362,0.3500766871165644,0.6010352760736196,,0,True
SZ300125,8.589999,0.6359427,0.5274156441717791,0.5584739263803681,0.1111963190184049,0.2160659509202454,,0,True
SZ300126,6.58,0.24647333,0.19785276073619631,0.18270705521472394,0.6065950920245399,0.42158742331288346,,0,True
SZ300127,22.99,0.7142436,0.13784509202453987,0.2463573619631902,0.8911042944785276,0.7118481595092024,量能动量,1,False
SZ300128,4.6699996,1.4165819,0.5931748466257669,0.3523773006134969,0.4192868098159509,0.14493865030674846,,0,True
SZ300129,7.3199997,1.7061256,0.7191334355828221,0.5945168711656442,0.11522239263803681,0.6974693251533742,,0,True
SZ300130,17.650002,1.965455,0.4026073619631902,0.3579371165644172,0.2526840490797546,0.1491564417177914,,0,True
SZ300131,13.4,9.553806,0.6972776073619632,0.6800230061349694,0.2847009202453988,0.34700920245398775,,0,True
SZ300132,6.1,0.86876565,0.4411426380368098,0.4890720858895706,0.18596625766871167,0.1857745398773006,,0,True
SZ300133,7.36,6.334729,0.9037576687116564,0.7866180981595092,0.7089723926380368,0.20245398773006135,量能水平,1,False
SZ300134,8.12,0.8257096,0.6303680981595092,0.38650306748466257,0.5906825153374233,0.2106978527607362,,0,True
SZ300135,3.42,1.0199368,0.5481211656441718,0.2764570552147239,0.23964723926380369,0.04716257668711656,,0,True
SZ300136,52.8,18.694307,0.652032208588957,0.6449386503067485,0.7329371165644172,0.8015720858895705,量能比,1,False
SZ300137,9.82,2.4329243,0.7335122699386503,0.8654141104294478,0.030866564417177913,0.8997315950920245,量能波动;量能比,2,False
SZ300138,11.18,0.7641655,0.2785659509202454,0.3897622699386503,0.021855828220858894,0.06575920245398773,,0,True
SZ300139,41.84,15.373013,0.9451687116564417,0.7110812883435583,0.2728144171779141,0.06365030674846625,量能水平,1,False
SZ300140,5.2100005,0.4918593,0.5966257668711656,0.30099693251533743,0.5348926380368099,0.38899539877300615,,0,True
SZ300141,9.760001,0.5068456,0.4137269938650307,0.34681748466257667,0.4050996932515337,0.6073619631901841,,0,True
SZ300142,13.599999,11.188718,0.9806365030674846,0.9591641104294478,0.6880751533742331,0.8125,量能水平;量能波动;量能比,3,False
SZ300143,7.76,0.60369015,0.4265720858895706,0.7645705521472392,0.6982361963190185,0.9543711656441718,量能比,1,False
SZ300144,5.5899997,2.0223148,0.6694785276073619,0.12327453987730061,0.47258435582822084,0.10410276073619631,,0,True
SZ300145,4.7,4.82487,0.7986963190184049,0.7977377300613497,0.7078220858895705,0.46491564417177916,,0,True
SZ300146,9.26,1.0586766,0.2960122699386503,0.22795245398773006,0.134010736196319,0.24942484662576686,,0,True
SZ300147,5.2,0.66442674,0.48983895705521474,0.660851226993865,0.9493865030674846,0.8226610429447853,量能动量;量能比,2,False
SZ300148,3.48,1.0947136,0.7611196319018405,0.7802914110429447,0.3067484662576687,0.5554064417177914,,0,True
SZ300149,9.7,2.090763,0.6953604294478528,0.8355061349693251,0.4470858895705521,0.9325153374233128,量能波动;量能比,2,False
SZ300150,4.1099997,0.26281363,0.48006134969325154,0.37193251533742333,0.464340490797546,0.6002684049079755,,0,True
SZ300151,19.87,3.7529414,0.5887653374233128,0.6303680981595092,0.4158358895705521,0.6717791411042945,,0,True
SZ300152,1.57,0.23592377,0.5874233128834356,0.5809049079754601,0.5841641104294478,0.361771472392638,,0,True
SZ300153,24.77,4.2530565,0.713957055214724,0.6959355828220859,0.03508435582822086,0.276840490797546,,0,True
SZ300154,13.25,1.9236649,0.5741947852760736,0.30348926380368096,0.5281825153374233,0.4628067484662577,,0,True
SZ300155,4.43,0.8351578,0.5922162576687117,0.9513036809815951,0.9837039877300614,0.9913726993865031,量能波动;量能动量;量能比,3,False
SZ300157,3.6,1.3335701,0.9167944785276073,0.7906441717791411,0.2960122699386503,0.04792944785276074,量能水平,1,False
SZ300158,5.1299996,1.2753842,0.722967791411043,0.816909509202454,0.005943251533742332,0.6595092024539877,量能波动,1,False
SZ300159,2.73,0.9578204,0.7212423312883436,0.5187883435582822,0.6625766871165644,0.3447085889570552,,0,True
SZ300160,4.4199996,0.27854404,0.1273006134969325,0.169670245398773,0.25920245398773006,0.4491947852760736,,0,True
SZ300161,25.650002,0.78692657,0.3366564417177914,0.5218558282208589,0.003834355828220859,0.6817484662576687,,0,True
SZ300162,8.67,2.001937,0.7931365030674846,0.9720092024539877,0.9706671779141104,0.9658742331288344,量能波动;量能动量;量能比,3,False
SZ300163,7.63,3.3795195,0.7929447852760736,0.7488496932515337,0.3625383435582822,0.6700536809815951,,0,True
SZ300164,8.889999,10.832785,0.9890720858895705,0.9415260736196319,0.26035276073619634,0.10947085889570553,量能水平;量能波动,2,False
SZ300165,4.93,0.6581006,0.58454754601227,0.7421395705521472,0.7983128834355828,0.8355061349693251,量能比,1,False
SZ300166,11.8,3.9038873,0.49578220858895705,0.7620782208588958,0.5350843558282209,0.8738496932515337,量能比,1,False
SZ300168,4.67,0.75442946,0.2875766871165644,0.3629217791411043,0.4495782208588957,0.6075536809815951,,0,True
SZ300169,5.63,0.5896798,0.6733128834355828,0.8510352760736196,0.9700920245398773,0.5732361963190185,量能波动;量能动量,2,False
SZ300170,14.899999,7.408258,0.7463573619631901,0.8477760736196319,0.24041411042944785,0.5676763803680982,量能波动,1,False
SZ300171,16.27,2.5738544,0.727569018404908,0.7156825153374233,0.14800613496932516,0.9006901840490797,量能比,1,False
SZ300172,4.52,0.41052368,0.18769171779141106,0.22200920245398773,0.8052147239263804,0.6035276073619632,量能动量,1,False
SZ300174,17.26,2.4988492,0.5239647239263804,0.424271472392638,0.7248849693251533,0.5688266871165644,,0,True
SZ300175,5.35,0.37871853,0.1664110429447853,0.049079754601226995,0.5034509202453987,0.2896855828220859,,0,True
SZ300176,4.42,0.5375459,0.3199769938650307,0.23888036809815952,0.6033358895705522,0.2271855828220859,,0,True
SZ300177,6.03,0.5750036,0.25651840490797545,0.046395705521472395,0.3253450920245399,0.3508435582822086,,0,True
SZ300179,44.44,23.098946,0.8425996932515337,0.2969708588957055,0.5013420245398773,0.4919478527607362,量能水平,1,False
SZ300180,4.28,1.892755,0.629217791411043,0.7396472392638037,0.3111579754601227,0.3462423312883436,,0,True
SZ300181,12.97,1.1550561,0.14628067484662577,0.21721625766871167,0.42005368098159507,0.43941717791411045,,0,True
SZ300182,5.0,7.133317,0.8763420245398773,0.7329371165644172,0.8151840490797546,0.1273006134969325,量能水平;量能动量,2,False
SZ300183,10.74,0.78547627,0.38381901840490795,0.348351226993865,0.3195935582822086,0.4854294478527607,,0,True
SZ300184,11.21,4.3833647,0.5897239263803681,0.4254217791411043,0.20417944785276074,0.6742714723926381,,0,True
SZ300185,2.74,1.8718112,0.7695552147239264,0.5381518404907976,0.4856211656441718,0.43232361963190186,,0,True
SZ300187,4.46,0.3059443,0.16621932515337423,0.12442484662576687,0.2835506134969325,0.32745398773006135,,0,True
SZ300188,10.63,1.0185505,0.20820552147239263,0.21242331288343558,0.7701303680981595,0.7120398773006135,,0,True
SZ300189,5.8799996,18.16794,0.990989263803681,0.9633819018404908,0.04409509202453988,0.07438650306748466,量能水平;量能波动,2,False
SZ300190,3.7799997,0.6403881,0.5419861963190185,0.4568634969325153,0.8207438650306749,0.23830521472392638,量能动量,1,False
SZ300191,30.5,4.474845,0.678680981595092,0.42388803680981596,0.13132668711656442,0.030099693251533742,,0,True
SZ300192,23.759998,5.047735,0.6662193251533742,0.8903374233128835,0.9829371165644172,0.9365414110429447,量能波动;量能动量;量能比,3,False
SZ300193,7.8,0.28289977,0.13324386503067484,0.20475460122699388,0.7394555214723927,0.17120398773006135,,0,True
SZ300194,3.8500001,0.57322884,0.526457055214724,0.7473159509202454,0.40682515337423314,0.8351226993865031,量能比,1,False
SZ300195,6.2400002,0.60186666,0.6004601226993865,0.3621549079754601,0.714340490797546,0.07496165644171779,,0,True
SZ300196,17.390001,4.4191804,0.6667944785276073,0.656441717791411,0.06403374233128835,0.4227377300613497,,0,True
SZ300197,1.8900001,1.7347232,0.8008052147239264,0.5511886503067485,0.3414493865030675,0.05099693251533742,量能水平,1,False
SZ300199,22.4,8.562148,0.6585506134969326,0.5619248466257669,0.44401840490797545,0.8176763803680982,量能比,1,False
SZ300200,8.219999,0.61791474,0.205329754601227,0.16890337423312884,0.22124233128834356,0.15279907975460122,,0,True
SZ300201,12.67,3.673479,0.3753834355828221,0.46453220858895705,0.20609662576687116,0.46549079754601225,,0,True
SZ300203,13.73,1.1113513,0.7444401840490797,0.8006134969325154,0.7624616564417178,0.9856211656441718,量能波动;量能比,2,False
SZ300204,19.75,2.7406478,0.5166794478527608,0.6834739263803681,0.3270705521472393,0.8736579754601227,量能比,1,False
SZ300206,11.62,0.542785,0.10276073619631902,0.2509585889570552,0.3955138036809816,0.5120782208588958,,0,True
SZ300207,21.38,14.473335,0.8161426380368099,0.8964723926380368,0.8945552147239264,0.8817101226993865,量能水平;量能波动;量能动量;量能比,4,False
SZ300209,33.539997,23.990541,0.9505368098159509,0.9580138036809815,0.24846625766871167,0.5552147239263804,量能水平;量能波动,2,False
SZ300210,6.9399996,0.55387235,0.17465490797546013,0.10237730061349694,0.3356978527607362,0.4001150306748466,,0,True
SZ300212,7.4899993,0.84876776,0.1848159509202454,0.1058282208588957,0.6541411042944786,0.27108895705521474,,0,True
SZ300213,6.32,0.61825705,0.14762269938650308,0.23101993865030676,0.5128450920245399,0.6004601226993865,,0,True
SZ300214,9.559999,2.8650982,0.7269938650306749,0.46951687116564417,0.6527990797546013,0.041794478527607364,,0,True
SZ300215,6.12,1.0265802,0.43059815950920244,0.7693634969325154,0.9514953987730062,0.9340490797546013,量能动量;量能比,2,False
SZ300217,3.9499998,0.5928646,0.17177914110429449,0.1165644171779141,0.6623849693251533,0.3920628834355828,,0,True
SZ300218,12.39,0.233458,0.037576687116564415,0.05023006134969325,0.6951687116564417,0.47565184049079756,,0,True
SZ300219,6.68,0.9275851,0.2657208588957055,0.48025306748466257,0.924079754601227,0.8019555214723927,量能动量;量能比,2,False
SZ300220,11.21,0.2730827,0.07496165644171779,0.05157208588957055,0.5544478527607362,0.44881134969325154,,0,True
SZ300221,12.83,3.1872666,0.5575153374233128,0.4844708588957055,0.8220858895705522,0.7674463190184049,量能动量,1,False
SZ300222,9.58,1.3790294,0.424079754601227,0.317101226993865,0.6366947852760736,0.5638420245398773,,0,True
SZ300223,132.26001,28.144802,0.8907208588957055,0.8947469325153374,0.06633435582822086,0.6982361963190185,量能水平;量能波动,2,False
SZ300224,11.62,1.7262056,0.44056748466257667,0.5866564417177914,0.7908358895705522,0.6911426380368099,,0,True
SZ300225,7.799999,1.6996793,0.45245398773006135,0.5692101226993865,0.16411042944785276,0.401648773006135,,0,True
SZ300226,16.820002,1.4000508,0.10161042944785276,0.3498849693251534,0.36503067484662577,0.8523773006134969,量能比,1,False
SZ300227,10.08,3.4756832,0.5138036809815951,0.1437883435582822,0.6244248466257669,0.13918711656441718,,0,True
SZ300228,6.39,0.700087,0.28182515337423314,0.14474693251533743,0.6391871165644172,0.20878067484662577,,0,True
SZ300229,12.54,2.945921,0.4371165644171779,0.549079754601227,0.5203220858895705,0.4794861963190184,,0,True
SZ300230,4.3300004,0.30014694,0.026265337423312884,0.03546779141104295,0.8564033742331288,0.620207055214724,量能动量,1,False
SZ300231,8.1,0.6727149,0.06326687116564417,0.0019171779141104294,0.33684815950920244,0.3932131901840491,,0,True
SZ300232,5.2,0.63695645,0.0736196319018405,0.057707055214723926,0.7383052147239264,0.5594325153374233,,0,True
SZ300233,13.170001,1.0907383,0.4470858895705521,0.6180981595092024,0.19095092024539878,0.709930981595092,,0,True
SZ300234,9.94,1.7539375,0.2331288343558282,0.22450153374233128,0.3243865030674847,0.8799846625766872,量能比,1,False
SZ300235,11.749999,0.7271747,0.165260736196319,0.22124233128834356,0.0705521472392638,0.7241180981595092,,0,True
SZ300236,86.409996,5.000482,0.1955521472392638,0.22373466257668712,0.3113496932515337,0.4639570552147239,,0,True
SZ300237,2.3,0.5797177,0.285659509202454,0.10832055214723926,0.4950153374233129,0.02473159509202454,,0,True
SZ300238,11.889999,0.5232435,0.3125,0.5513803680981595,0.5172546012269938,0.901648773006135,量能比,1,False
SZ300239,5.3799996,0.3863871,0.20993098159509202,0.31940184049079756,0.8594708588957055,0.9355828220858896,量能动量;量能比,2,False
SZ300240,6.0799994,0.38633755,0.3579371165644172,0.3218941717791411,0.40471625766871167,0.535467791411043,,0,True
SZ300241,5.6800003,0.84867185,0.4229294478527607,0.5013420245398773,0.8397239263803681,0.6805981595092024,量能动量,1,False
SZ300242,3.8799999,0.62978184,0.30732361963190186,0.3870782208588957,0.9206288343558282,0.7195168711656442,量能动量,1,False
SZ300243,21.470001,5.3849406,0.7168328220858896,0.7404141104294478,0.0826303680981595,0.8205521472392638,量能比,1,False
SZ300244,20.35,5.0382276,0.5901073619631901,0.7122315950920245,0.17158742331288343,0.870590490797546,量能比,1,False
SZ300245,5.8499994,0.53246516,0.38055981595092025,0.38324386503067487,0.16315184049079753,0.3690567484662577,,0,True
SZ300246,15.209999,1.2019644,0.3669478527607362,0.3830521472392638,0.03565950920245399,0.25,,0,True
SZ300247,3.69,0.3765827,0.25057515337423314,0.44133435582822084,0.45245398773006135,0.7442484662576687,,0,True
SZ300248,8.08,0.622287,0.16257668711656442,0.2777990797546012,0.2616947852760736,0.2561349693251534,,0,True
SZ300249,12.55,1.918358,0.5542561349693251,0.39359662576687116,0.2476993865030675,0.21549079754601227,,0,True
SZ300250,14.47,1.0666223,0.45839723926380366,0.6177147239263804,0.5655674846625767,0.6957438650306749,,0,True
SZ300251,10.87,4.8503065,0.624808282208589,0.36618098159509205,0.5952837423312883,0.06058282208588957,,0,True
SZ300252,11.279999,5.242491,0.8023389570552147,0.6510736196319018,0.4762269938650307,0.1236579754601227,量能水平,1,False
SZ300253,6.8299994,2.7431958,0.2977377300613497,0.44267638036809814,0.419670245398773,0.7068634969325154,,0,True
SZ300254,9.08,0.76345927,0.5659509202453987,0.6616180981595092,0.8648389570552147,0.6226993865030674,量能动量,1,False
SZ300255,22.46,4.116383,0.4401840490797546,0.5316334355828221,0.3209355828220859,0.8243865030674846,量能比,1,False
SZ300256,2.57,0.7389016,0.6924846625766872,0.7108895705521472,0.3255368098159509,0.25766871165644173,,0,True
SZ300257,17.83,2.4635742,0.7202837423312883,0.6949769938650306,0.23773006134969324,0.3266871165644172,,0,True
SZ300258,9.13,0.5583712,0.30828220858895705,0.4929064417177914,0.9484279141104295,0.7653374233128835,量能动量,1,False
SZ300259,3.97,1.6636608,0.45111196319018404,0.749808282208589,0.9520705521472392,0.9706671779141104,量能动量;量能比,2,False
SZ300260,58.6,8.016644,0.5511886503067485,0.6878834355828221,0.14052914110429449,0.7731978527607362,,0,True
SZ300261,4.78,0.81832737,0.28546779141104295,0.2871932515337423,0.35966257668711654,0.05521472392638037,,0,True
SZ300263,10.14,3.5008373,0.6631518404907976,0.6255751533742331,0.7126150306748467,0.7657208588957055,,0,True
SZ300264,6.1,1.0071342,0.45724693251533743,0.6144555214723927,0.8533358895705522,0.6685199386503068,量能动量,1,False
SZ300265,12.11,2.7886717,0.6905674846625767,0.5051763803680982,0.35870398773006135,0.5987346625766872,,0,True
SZ300266,1.8199999,0.4882613,0.2281441717791411,0.15625,0.4058665644171779,0.3579371165644172,,0,True
SZ300267,3.21,0.9568462,0.4263803680981595,0.41641104294478526,0.7611196319018405,0.8276457055214724,量能比,1,False
SZ300268,11.95,0.3746027,0.06633435582822086,0.09892638036809816,0.3740414110429448,0.20609662576687116,,0,True
SZ300269,4.8,0.6506485,0.44785276073619634,0.8778757668711656,0.9842791411042945,0.9012653374233128,量能波动;量能动量;量能比,3,False
SZ300270,10.13,0.88730395,0.3462423312883436,0.29121932515337423,0.2753067484662577,0.3098159509202454,,0,True
SZ300271,5.73,0.89956576,0.42983128834355827,0.7197085889570553,0.5017254601226994,0.8730828220858896,量能比,1,False
SZ300272,5.95,0.3699861,0.11215490797546013,0.3100076687116564,0.9486196319018405,0.7799079754601227,量能动量,1,False
SZ300274,81.060005,41.06838,0.7384969325153374,0.6656441717791411,0.22430981595092025,0.47258435582822084,,0,True
SZ300275,8.910001,0.3958355,0.2170245398773006,0.18194018404907975,0.3330138036809816,0.36675613496932513,,0,True
SZ300276,6.2300005,1.1101066,0.22699386503067484,0.7072469325153374,0.9814033742331288,0.884010736196319,量能动量;量能比,2,False
SZ300277,12.7,2.5772843,0.6265337423312883,0.6125383435582822,0.09624233128834356,0.2816334355828221,,0,True
SZ300278,3.5,0.5387581,0.3567868098159509,0.6081288343558282,0.19536042944785276,0.754601226993865,,0,True
SZ300279,5.95,0.8731112,0.2429064417177914,0.299079754601227,0.09049079754601227,0.5749616564417178,,0,True
SZ300281,7.0899997,0.5573877,0.1280674846625767,0.4570552147239264,0.5753450920245399,0.8487346625766872,量能比,1,False
SZ300283,13.17,5.176528,0.745398773006135,0.4470858895705521,0.29256134969325154,0.7177914110429447,,0,True
SZ300284,4.99,0.51193273,0.16545245398773006,0.09700920245398773,0.6733128834355828,0.41756134969325154,,0,True
SZ300285,65.06,51.770638,0.7373466257668712,0.7593941717791411,0.8257285276073619,0.7881518404907976,量能动量,1,False
SZ300286,18.75,0.6941992,0.05540644171779141,0.08071319018404909,0.4773773006134969,0.6125383435582822,,0,True
SZ300287,3.5299997,1.1202136,0.2241180981595092,0.4854294478527607,0.8134585889570553,0.8552530674846626,量能动量;量能比,2,False
SZ300288,9.64,0.35104793,0.1048696319018405,0.19842791411042945,0.11157975460122699,0.6271088957055214,,0,True
SZ300289,5.94,0.30765867,0.1804064417177914,0.30483128834355827,0.5011503067484663,0.843941717791411,量能比,1,False
SZ300290,7.17,3.188302,0.6412960122699386,0.6288343558282209,0.3843941717791411,0.5810966257668712,,0,True
SZ300291,4.8300004,3.413001,0.9309815950920245,0.9664493865030674,0.9760352760736196,0.9143021472392638,量能水平;量能波动;量能动量;量能比,4,False
SZ300292,4.39,2.67365,0.6529907975460123,0.6501150306748467,0.08205521472392638,0.3017638036809816,,0,True
SZ300293,14.01,0.4415354,0.07822085889570553,0.16372699386503067,0.047737730061349695,0.455521472392638,,0,True
SZ300294,14.39,0.66675746,0.2018788343558282,0.3065567484662577,0.037384969325153374,0.5276073619631901,,0,True
SZ300295,11.43,0.278963,0.20322085889570551,0.3709739263803681,0.12135736196319018,0.7469325153374233,,0,True
SZ300296,4.7200003,1.7706935,0.26725460122699385,0.2645705521472393,0.7246932515337423,0.5005751533742331,,0,True
SZ300298,16.19,0.559923,0.0678680981595092,0.24539877300613497,0.7047546012269938,0.8473926380368099,量能比,1,False
SZ300299,5.29,1.076095,0.3521855828220859,0.14934815950920247,0.5550230061349694,0.30483128834355827,,0,True
SZ300300,11.08,10.46198,0.9162193251533742,0.9635736196319018,0.8899539877300614,0.8180598159509203,量能水平;量能波动;量能动量;量能比,4,False
SZ300301,3.8599997,0.36714277,0.22929447852760737,0.7384969325153374,0.990989263803681,0.8638803680981595,量能动量;量能比,2,False
SZ300302,26.210001,4.9304667,0.43462423312883436,0.3366564417177914,0.2958205521472393,0.6666027607361963,,0,True
SZ300303,6.46,2.182909,0.3351226993865031,0.2866180981595092,0.8370398773006135,0.6746549079754601,量能动量,1,False
SZ300304,11.85,2.1590672,0.3008052147239264,0.24654907975460122,0.24309815950920247,0.5458205521472392,,0,True
SZ300305,6.41,0.92855394,0.6432131901840491,0.9129601226993865,0.9739263803680982,0.9547546012269938,量能波动;量能动量;量能比,3,False
SZ300306,10.37,0.22831155,0.06403374233128835,0.1481978527607362,0.8943634969325154,0.6997699386503068,量能动量,1,False
SZ300307,6.9700003,0.9753123,0.7607361963190185,0.8324386503067485,0.50920245398773,0.5625,量能波动,1,False
SZ300308,815.0,217.14499,0.49942484662576686,0.4794861963190184,0.5855061349693251,0.4072085889570552,,0,True
SZ300310,4.2,0.75419754,0.2647622699386503,0.37442484662576686,0.36234662576687116,0.7112730061349694,,0,True
SZ300311,6.21,3.556058,0.6598926380368099,0.8243865030674846,0.8606211656441718,0.7358128834355828,量能波动;量能动量,2,False
SZ300313,12.26,4.2953854,0.8253450920245399,0.6892254601226994,0.11541411042944785,0.17292944785276074,量能水平,1,False
SZ300314,12.9,0.91934705,0.36503067484662577,0.6349693251533742,0.9424846625766872,0.9235046012269938,量能动量;量能比,2,False
SZ300315,3.91,3.656969,0.75,0.6386119631901841,0.26725460122699385,0.061924846625766874,,0,True
SZ300316,38.7,3.8469129,0.1844325153374233,0.401648773006135,0.8443251533742331,0.7996549079754601,量能动量,1,False
SZ300317,4.19,2.1814644,0.8362730061349694,0.9254217791411042,0.875,0.5124616564417178,量能水平;量能波动;量能动量,3,False
SZ300318,5.17,0.39212465,0.09490030674846625,0.1777223926380368,0.3690567484662577,0.8456671779141104,量能比,1,False
SZ300319,18.799997,24.181278,0.8268788343558282,0.4445935582822086,0.3103911042944785,0.2824003067484663,量能水平,1,False
SZ300320,8.09,0.42068133,0.022430981595092023,0.05866564417177914,0.11848159509202454,0.3675230061349693,,0,True
SZ300321,33.07,1.0803187,0.20207055214723926,0.37825920245398775,0.27089723926380366,0.7639953987730062,,0,True
SZ300322,16.33,4.67299,0.5017254601226994,0.6585506134969326,0.2338957055214724,0.6863496932515337,,0,True
SZ300323,10.94,5.9485464,0.8801763803680982,0.843941717791411,0.31173312883435583,0.6453220858895705,量能水平;量能波动,2,False
SZ300324,3.82,2.1566942,0.3679064417177914,0.902032208588957,0.9800613496932515,0.9961656441717791,量能波动;量能动量;量能比,3,False
SZ300326,6.13,0.31962752,0.08243865030674846,0.04927147239263804,0.47756901840490795,0.393021472392638,,0,True
SZ300327,25.38,2.4413106,0.2156825153374233,0.3487346625766871,0.7837423312883436,0.8364647239263804,量能比,1,False
SZ300328,12.38,6.007972,0.598542944785276,0.495398773006135,0.4838957055214724,0.15586656441717792,,0,True
SZ300329,11.6,0.25396475,0.020322085889570553,0.04409509202453988,0.5007668711656442,0.38861196319018404,,0,True
SZ300331,43.480003,4.544406,0.4001150306748466,0.3820935582822086,0.6531825153374233,0.42369631901840493,,0,True
SZ300332,4.8,1.2780917,0.6629601226993865,0.4975076687116564,0.16065950920245398,0.12595858895705522,,0,True
SZ300333,11.280001,3.7950547,0.834930981595092,0.714532208588957,0.0571319018404908,0.16104294478527606,量能水平,1,False
SZ300334,8.4800005,0.7204721,0.6399539877300614,0.3387653374233129,0.616180981595092,0.2661042944785276,,0,True
SZ300335,5.4500003,0.7092345,0.464148773006135,0.16200153374233128,0.3968558282208589,0.1031441717791411,,0,True
SZ300337,8.87,1.2119586,0.29754601226993865,0.09336656441717792,0.5262653374233128,0.2847009202453988,,0,True
SZ300338,2.69,0.20828421,0.23849693251533743,0.5899156441717791,0.7881518404907976,0.870782208588957,量能比,1,False
SZ300339,33.62,5.116512,0.34662576687116564,0.40548312883435583,0.33320552147239263,0.4143021472392638,,0,True
SZ300340,8.48,0.357842,0.4988496932515337,0.7177914110429447,0.36579754601226994,0.7916027607361963,,0,True
SZ300341,12.690001,0.43376693,0.018980061349693253,0.0870398773006135,0.10026840490797546,0.7496165644171779,,0,True
SZ300342,30.059998,3.249147,0.20705521472392638,0.5791794478527608,0.9164110429447853,0.8726993865030674,量能动量;量能比,2,False
SZ300343,5.17,0.6440001,0.13861196319018404,0.16621932515337423,0.49233128834355827,0.3941717791411043,,0,True
SZ300345,6.64,2.8760583,0.7011119631901841,0.6646855828220859,0.06326687116564417,0.5628834355828221,,0,True
SZ300346,52.150005,14.639209,0.7375383435582822,0.6792561349693251,0.05291411042944785,0.5615414110429447,,0,True
SZ300347,56.8,7.722165,0.34681748466257667,0.36100460122699385,0.14302147239263804,0.27952453987730064,,0,True
SZ300348,9.179999,1.5535102,0.16506901840490798,0.13496932515337423,0.299271472392638,0.24252300613496933,,0,True
SZ300349,10.1,0.5240711,0.11503067484662577,0.5345092024539877,0.8385736196319018,0.8991564417177914,量能动量;量能比,2,False
SZ300350,4.67,0.7270071,0.40797546012269936,0.6754217791411042,0.9662576687116564,0.9743098159509203,量能动量;量能比,2,False
SZ300351,13.440001,0.90542054,0.22296779141104295,0.13861196319018404,0.6677530674846626,0.2731978527607362,,0,True
SZ300352,3.0099998,1.2120273,0.4424846625766871,0.3715490797546012,0.9169861963190185,0.5740030674846626,量能动量,1,False
SZ300353,16.3,1.70367,0.36944018404907975,0.20763036809815952,0.25421779141104295,0.46721625766871167,,0,True
SZ300354,27.8,0.3703577,0.02147239263803681,0.07572852760736197,0.8625383435582822,0.6522239263803681,量能动量,1,False
SZ300355,2.71,0.63167596,0.29869631901840493,0.14704754601226994,0.5289493865030674,0.16506901840490798,,0,True
SZ300357,19.9,1.962087,0.30943251533742333,0.38401073619631904,0.25076687116564417,0.40299079754601225,,0,True
SZ300358,9.63,2.3978717,0.8684815950920245,0.9167944785276073,0.513420245398773,0.9670245398773006,量能水平;量能波动;量能比,3,False
SZ300359,4.06,0.606536,0.4804447852760736,0.4493865030674847,0.745782208588957,0.7206671779141104,,0,True
SZ300360,10.869999,0.42876205,0.1857745398773006,0.10371932515337423,0.6054447852760736,0.5126533742331288,,0,True
SZ300363,23.91,4.823733,0.7841257668711656,0.6945935582822086,0.27837423312883436,0.6478144171779141,,0,True
SZ300364,23.14,21.621262,0.7383052147239264,0.593558282208589,0.5611579754601227,0.25191717791411045,,0,True
SZ300365,4.45,0.43102747,0.3326303680981595,0.32246932515337423,0.4428680981595092,0.6811733128834356,,0,True
SZ300366,5.34,0.34841967,0.13362730061349692,0.05694018404907975,0.7620782208588958,0.1209739263803681,,0,True
SZ300368,9.280001,4.8374753,0.7478911042944786,0.6669861963190185,0.27473159509202455,0.21587423312883436,,0,True
SZ300369,8.950001,5.9657044,0.9482361963190185,0.9576303680981595,0.7687883435582822,0.8289877300613497,量能水平;量能波动;量能比,3,False
SZ300370,2.1000001,0.528288,0.4710506134969325,0.8115414110429447,0.5398773006134969,0.9194785276073619,量能波动;量能比,2,False
SZ300371,10.11,0.3021174,0.19881134969325154,0.1750383435582822,0.30483128834355827,0.3172929447852761,,0,True
SZ300373,85.01,9.42757,0.3424079754601227,0.232170245398773,0.09355828220858896,0.5421779141104295,,0,True
SZ300374,10.030001,0.45251167,0.2116564417177914,0.6278757668711656,0.7726226993865031,0.9233128834355828,量能比,1,False
SZ300375,4.05,0.33344457,0.1781058282208589,0.18673312883435583,0.8289877300613497,0.3268788343558282,量能动量,1,False
SZ300376,4.06,0.7383394,0.07016871165644172,0.07956288343558282,0.5638420245398773,0.40701687116564417,,0,True
SZ300377,13.150001,4.2925053,0.5111196319018405,0.43194018404907975,0.15184049079754602,0.10371932515337423,,0,True
SZ300378,37.93,7.6842265,0.8456671779141104,0.8560199386503068,0.6522239263803681,0.48370398773006135,量能水平;量能波动,2,False
SZ300380,27.22,0.9225742,0.31767638036809814,0.276840490797546,0.12825920245398773,0.046012269938650305,,0,True
SZ300381,5.66,0.7368031,0.48255368098159507,0.34221625766871167,0.4072085889570552,0.17618865030674846,,0,True
SZ300382,14.69,4.588709,0.6326687116564417,0.7350460122699386,0.8740414110429447,0.29754601226993865,量能动量,1,False
SZ300383,10.89,4.0043674,0.5473542944785276,0.5103527607361963,0.7965874233128835,0.5260736196319018,,0,True
SZ300384,11.82,0.28641453,0.053489263803680985,0.40644171779141103,0.9246549079754601,0.8636886503067485,量能动量;量能比,2,False
SZ300385,12.92,0.8527175,0.1911426380368098,0.25881901840490795,0.15299079754601227,0.3387653374233129,,0,True
SZ300386,10.559999,1.426028,0.651840490797546,0.4317484662576687,0.19919478527607362,0.010544478527607362,,0,True
SZ300387,7.3499994,0.8148192,0.4530291411042945,0.19267638036809817,0.23945552147239263,0.01687116564417178,,0,True
SZ300388,6.64,0.30391243,0.024539877300613498,0.017446319018404908,0.4652990797546012,0.08608128834355828,,0,True
SZ300389,12.759999,0.5366775,0.09164110429447853,0.4988496932515337,0.6138803680981595,0.9281058282208589,量能比,1,False
SZ300390,48.0,12.1079645,0.14474693251533743,0.003834355828220859,0.20763036809815952,0.3809432515337423,,0,True
SZ300393,5.8199997,0.984254,0.38286042944785276,0.4208205521472393,0.18424079754601227,0.63420245398773,,0,True
SZ300394,244.79999,96.0041,0.49616564417177916,0.35161042944785276,0.27741564417177916,0.2509585889570552,,0,True
SZ300395,88.49,23.20213,0.5463957055214724,0.44075920245398775,0.17216257668711657,0.3531441717791411,,0,True
SZ300397,11.28,2.3849144,0.7896855828220859,0.9710506134969326,0.9863880368098159,0.9804447852760736,量能波动;量能动量;量能比,3,False
SZ300398,35.600002,11.2405815,0.6957438650306749,0.5830138036809815,0.0964340490797546,0.651457055214724,,0,True
SZ300399,18.92,1.5152997,0.2981211656441718,0.17254601226993865,0.22373466257668712,0.02358128834355828,,0,True
SZ300400,33.13,4.763063,0.26495398773006135,0.2651457055214724,0.3088573619631902,0.3128834355828221,,0,True
SZ300401,15.24,3.869589,0.29275306748466257,0.10506134969325154,0.12039877300613497,0.4281058282208589,,0,True
SZ300402,14.46,0.328861,0.030099693251533742,0.03278374233128834,0.7289110429447853,0.6462806748466258,,0,True
SZ300403,8.72,0.56614196,0.14206288343558282,0.27703220858895705,0.7327453987730062,0.6064033742331288,,0,True
SZ300404,14.23,5.483532,0.7227760736196319,0.7940950920245399,0.13075153374233128,0.8905291411042945,量能比,1,False
SZ300405,5.7599998,0.4323602,0.2847009202453988,0.23849693251533743,0.6968941717791411,0.5975843558282209,,0,True
SZ300406,11.87,0.48339632,0.05655674846625767,0.0709355828220859,0.9261886503067485,0.847967791411043,量能动量;量能比,2,False
SZ300407,10.400001,0.5591083,0.22066717791411042,0.4290644171779141,0.7668711656441718,0.7985046012269938,,0,True
SZ300408,115.54,56.354637,0.9350076687116564,0.8991564417177914,0.43462423312883436,0.5306748466257669,量能水平;量能波动,2,False
SZ300409,16.31,2.2621396,0.3441334355828221,0.4210122699386503,0.8738496932515337,0.8293711656441718,量能动量;量能比,2,False
SZ300410,8.37,1.9321867,0.45130368098159507,0.3182515337423313,0.46817484662576686,0.6458972392638037,,0,True
SZ300411,8.13,1.0654027,0.40337423312883436,0.5868481595092024,0.9438266871165644,0.375,量能动量,1,False
SZ300412,4.49,0.37304187,0.0709355828220859,0.0625,0.6240414110429447,0.6468558282208589,,0,True
SZ300413,18.76,24.948904,0.9867714723926381,0.9722009202453987,0.05789877300613497,0.05559815950920245,量能水平;量能波动,2,False
SZ300414,10.549999,1.2907213,0.3918711656441718,0.22603527607361965,0.20590490797546013,0.12154907975460123,,0,True
SZ300415,18.810001,0.7230976,0.04984662576687116,0.12423312883435583,0.39263803680981596,0.6138803680981595,,0,True
SZ300416,13.690001,1.2597854,0.08186349693251534,0.020130368098159507,0.5726610429447853,0.6890337423312883,,0,True
SZ300417,12.05,0.40634972,0.08799846625766872,0.06959355828220859,0.5155291411042945,0.652032208588957,,0,True
SZ300418,40.36,28.247358,0.9392254601226994,0.9288726993865031,0.21108128834355827,0.263228527607362,量能水平;量能波动,2,False
SZ300419,7.5199995,0.59329414,0.2223926380368098,0.2170245398773006,0.29351993865030673,0.5651840490797546,,0,True
SZ300420,7.44,6.1288376,0.5619248466257669,0.5500383435582822,0.4004984662576687,0.3057898773006135,,0,True
SZ300421,17.18,0.83300006,0.10601993865030675,0.06825153374233128,0.32515337423312884,0.6152223926380368,,0,True
SZ300422,4.04,0.4317438,0.15030674846625766,0.05003834355828221,0.5170628834355828,0.21395705521472394,,0,True
SZ300423,5.33,0.39810416,0.1602760736196319,0.19325153374233128,0.5320168711656442,0.7036042944785276,,0,True
SZ300424,13.05,2.0304801,0.6620015337423313,0.92829754601227,0.14570552147239263,0.9317484662576687,量能波动;量能比,2,False
SZ300425,4.0,0.2981698,0.06537576687116564,0.2929447852760736,0.9120015337423313,0.7659125766871165,量能动量,1,False
SZ300426,7.55,2.1532552,0.7693634969325154,0.9290644171779141,0.8880368098159509,0.866180981595092,量能波动;量能动量;量能比,3,False
SZ300427,6.04,2.5142207,0.7471242331288344,0.8251533742331288,0.5113113496932515,0.7839340490797546,量能波动,1,False
SZ300428,19.050001,1.1669692,0.15950920245398773,0.0924079754601227,0.5343174846625767,0.15203220858895705,,0,True
SZ300429,11.08,1.9197638,0.40682515337423314,0.38190184049079756,0.17082055214723926,0.5550230061349694,,0,True
SZ300430,4.32,0.7174229,0.5839723926380368,0.33723159509202455,0.29026073619631904,0.4950153374233129,,0,True
SZ300432,12.629999,4.5106773,0.3652223926380368,0.6031441717791411,0.5966257668711656,0.6834739263803681,,0,True
SZ300433,31.599998,25.468987,0.9229294478527608,0.946510736196319,0.2361963190184049,0.7154907975460123,量能水平;量能波动,2,False
SZ300434,12.58,2.9531596,0.5738113496932515,0.7317868098159509,0.031633435582822084,0.9453604294478528,量能比,1,False
SZ300435,15.579999,1.037299,0.23293711656441718,0.1393788343558282,0.450920245398773,0.4493865030674847,,0,True
SZ300436,83.56,2.2278948,0.22335122699386503,0.3397239263803681,0.21280674846625766,0.6510736196319018,,0,True
SZ300437,10.5199995,0.79406434,0.20609662576687116,0.3866947852760736,0.35774539877300615,0.3656058282208589,,0,True
SZ300438,46.84,7.3601217,0.41046779141104295,0.2567101226993865,0.6504984662576687,0.566909509202454,,0,True
SZ300439,10.309999,0.3866588,0.3052147239263804,0.522239263803681,0.8778757668711656,0.90625,量能动量;量能比,2,False
SZ300440,16.18,2.0687525,0.4942484662576687,0.6320935582822086,0.45475460122699385,0.5350843558282209,,0,True
SZ300441,7.0099998,0.31206518,0.008052147239263804,0.022430981595092023,0.8598542944785276,0.5327837423312883,量能动量,1,False
SZ300442,65.05,12.921736,0.8682898773006135,0.937691717791411,0.6984279141104295,0.9171779141104295,量能水平;量能波动;量能比,3,False
SZ300443,20.929998,1.4500676,0.4852377300613497,0.6909509202453987,0.7413726993865031,0.8184432515337423,量能比,1,False
SZ300444,8.43,2.0953028,0.5705521472392638,0.4244631901840491,0.09394171779141104,0.21184815950920247,,0,True
SZ300445,18.63,0.5060806,0.03546779141104295,0.04006901840490797,0.4039493865030675,0.3629217791411043,,0,True
SZ300446,12.38,0.7472004,0.07764570552147239,0.036234662576687116,0.19708588957055215,0.2852760736196319,,0,True
SZ300447,13.74,0.5166713,0.07112730061349694,0.05138036809815951,0.5287576687116564,0.4758435582822086,,0,True
SZ300448,5.44,0.86015034,0.2580521472392638,0.33550613496932513,0.8305214723926381,0.5013420245398773,量能动量,1,False
SZ300449,6.66,0.53371185,0.3427914110429448,0.16717791411042945,0.7045628834355828,0.6483895705521472,,0,True
SZ300450,31.199999,9.358254,0.25824386503067487,0.12212423312883436,0.22526840490797545,0.37078220858895705,,0,True
SZ300451,3.43,0.72680646,0.1031441717791411,0.3500766871165644,0.6846242331288344,0.8134585889570553,量能比,1,False
SZ300452,13.249999,0.48707005,0.03240030674846626,0.1478144171779141,0.5686349693251533,0.6886503067484663,,0,True
SZ300453,9.04,0.5018254,0.0325920245398773,0.011311349693251534,0.830329754601227,0.14800613496932516,量能动量,1,False
SZ300454,139.37,19.520636,0.9647239263803681,0.9628067484662577,0.4087423312883436,0.4516871165644172,量能水平;量能波动,2,False
SZ300455,16.36,0.77473056,0.02281441717791411,0.03508435582822086,0.5157208588957055,0.6570168711656442,,0,True
SZ300456,35.05,14.357799,0.6660276073619632,0.7325536809815951,0.20686349693251535,0.6620015337423313,,0,True
SZ300457,20.27,2.0397878,0.15164877300613497,0.28776840490797545,0.0830138036809816,0.7620782208588958,,0,True
SZ300458,32.27,12.515057,0.6154141104294478,0.7881518404907976,0.19861963190184048,0.7735812883435583,,0,True
SZ300459,3.44,3.3604867,0.46875,0.3847776073619632,0.6037193251533742,0.299271472392638,,0,True
SZ300460,8.91,0.27801394,0.0799463190184049,0.21625766871165644,0.5991180981595092,0.8088573619631901,量能比,1,False
SZ300461,35.309998,2.3869643,0.2777990797546012,0.26744631901840493,0.13669478527607362,0.6315184049079755,,0,True
SZ300463,9.3,0.38584775,0.3222776073619632,0.48600460122699385,0.5506134969325154,0.8232361963190185,量能比,1,False
SZ300464,10.410001,2.8184144,0.7294861963190185,0.678489263803681,0.06269171779141104,0.8665644171779141,量能比,1,False
SZ300465,10.919999,1.3628651,0.36713957055214724,0.25766871165644173,0.4089340490797546,0.11944018404907976,,0,True
SZ300466,7.0099998,0.3223543,0.02358128834355828,0.02204754601226994,0.49098926380368096,0.48140337423312884,,0,True
SZ300467,32.31,1.0019141,0.20053680981595093,0.2595858895705521,0.7245015337423313,0.3556365030674847,,0,True
SZ300468,20.75,12.012513,0.8539110429447853,0.8717407975460123,0.09375,0.1165644171779141,量能水平;量能波动,2,False
SZ300469,46.44,2.2481725,0.08109662576687117,0.11196319018404909,0.8055981595092024,0.665069018404908,量能动量,1,False
SZ300470,27.060001,0.35671672,0.04351993865030675,0.046012269938650305,0.04256134969325153,0.46932515337423314,,0,True
SZ300471,9.76,0.49854773,0.4768021472392638,0.5745782208588958,0.2170245398773006,0.47162576687116564,,0,True
SZ300473,36.07,2.7102575,0.8989647239263804,0.94670245398773,0.9445935582822086,0.9403757668711656,量能水平;量能波动;量能动量;量能比,4,False
SZ300474,52.100002,3.311185,0.2486579754601227,0.23734662576687116,0.2772239263803681,0.9068251533742331,量能比,1,False
SZ300475,159.7,44.851616,0.6961273006134969,0.7584355828220859,0.19631901840490798,0.44746932515337423,,0,True
SZ300476,213.49998,65.37691,0.656441717791411,0.8280291411042945,0.43692484662576686,0.8725076687116564,量能波动;量能比,2,False
SZ300477,2.64,0.5608409,0.3101993865030675,0.3663726993865031,0.31192484662576686,0.1928680981595092,,0,True
SZ300478,33.96,1.4011006,0.2919861963190184,0.26380368098159507,0.3477760736196319,0.5684432515337423,,0,True
SZ300479,14.73,0.4745742,0.1138803680981595,0.08493098159509202,0.46951687116564417,0.2526840490797546,,0,True
SZ300480,30.029999,3.4420793,0.1838573619631902,0.12538343558282208,0.45513803680981596,0.33723159509202455,,0,True
SZ300481,13.5199995,0.91816,0.1058282208588957,0.11579754601226994,0.5500383435582822,0.7047546012269938,,0,True
SZ300482,16.380001,0.6749551,0.06499233128834356,0.1044861963190184,0.6253834355828221,0.7747315950920245,,0,True
SZ300483,22.96,3.1826854,0.6305598159509203,0.36675613496932513,0.7779907975460123,0.2133819018404908,,0,True
SZ300484,12.89,0.3215677,0.04409509202453988,0.19363496932515337,0.8243865030674846,0.8031058282208589,量能动量;量能比,2,False
SZ300485,8.48,0.3996403,0.3824769938650307,0.5059432515337423,0.5109279141104295,0.6859662576687117,,0,True
SZ300486,17.039999,1.3012916,0.23868865030674846,0.04236963190184049,0.47776073619631904,0.11042944785276074,,0,True
SZ300487,67.0,3.105161,0.05214723926380368,0.13324386503067484,0.40816717791411045,0.39359662576687116,,0,True
SZ300488,36.53,2.277065,0.41775306748466257,0.5069018404907976,0.07476993865030675,0.6079371165644172,,0,True
SZ300489,257.9,27.906902,0.5816717791411042,0.3857361963190184,0.28508435582822084,0.8107745398773006,量能比,1,False
SZ300490,10.16,1.241842,0.45993098159509205,0.5078604294478528,0.5653757668711656,0.4472776073619632,,0,True
SZ300491,34.69,4.3698277,0.5832055214723927,0.5030674846625767,0.09010736196319018,0.7129984662576687,,0,True
SZ300492,20.64,0.7533742,0.010927914110429447,0.008243865030674846,0.888420245398773,0.4505368098159509,量能动量,1,False
SZ300493,12.73,1.2868778,0.11752300613496933,0.2584355828220859,0.441909509202454,0.8103911042944786,量能比,1,False
SZ300494,7.8,0.67101383,0.36119631901840493,0.28297546012269936,0.4624233128834356,0.12921779141104295,,0,True
SZ300496,53.21,5.096097,0.4675996932515337,0.43443251533742333,0.3441334355828221,0.27473159509202455,,0,True
SZ300497,17.49,7.8418,0.6955521472392638,0.6648773006134969,0.26150306748466257,0.7628450920245399,,0,True
SZ300498,14.91,6.400012,0.99079754601227,0.9534125766871165,0.661042944785276,0.10161042944785276,量能水平;量能波动,2,False
SZ300499,33.5,13.229952,0.790069018404908,0.6138803680981595,0.13899539877300612,0.10506134969325154,,0,True
SZ300500,9.719999,0.33531153,0.21798312883435583,0.18692484662576686,0.8642638036809815,0.5051763803680982,量能动量,1,False
SZ300501,10.450001,0.39333344,0.12710889570552147,0.6735046012269938,0.9942484662576687,0.8519938650306749,量能动量;量能比,2,False
SZ300502,399.69998,139.68738,0.3911042944785276,0.36349693251533743,0.47891104294478526,0.49482361963190186,,0,True
SZ300503,61.81,5.7790284,0.2210506134969325,0.1656441717791411,0.6838573619631901,0.7225843558282209,,0,True
SZ300504,17.32,1.5328724,0.7078220858895705,0.8341641104294478,0.6094708588957055,0.8621549079754601,量能波动;量能比,2,False
SZ300505,18.95,4.847114,0.7350460122699386,0.5740030674846626,0.4217791411042945,0.05828220858895705,,0,True
SZ300506,4.7000003,0.7997436,0.16411042944785276,0.4737346625766871,0.6533742331288344,0.7549846625766872,,0,True
SZ300507,6.27,0.47808796,0.10793711656441718,0.11886503067484662,0.6589340490797546,0.39743098159509205,,0,True
SZ300508,37.16,0.86177295,0.1700536809815951,0.05099693251533742,0.504217791411043,0.2791411042944785,,0,True
SZ300509,8.94,0.41176763,0.07246932515337423,0.061541411042944784,0.8680981595092024,0.4401840490797546,量能动量,1,False
SZ300510,3.39,0.63161343,0.3320552147239264,0.29179447852760737,0.10621165644171779,0.4624233128834356,,0,True
SZ300511,4.75,2.1838396,0.8939800613496932,0.7616947852760736,0.13247699386503067,0.03987730061349693,量能水平,1,False
SZ300512,7.42,0.29574716,0.19670245398773006,0.27933282208588955,0.8901457055214724,0.6681365030674846,量能动量,1,False
SZ300513,7.3399997,0.37036163,0.142829754601227,0.40337423312883436,0.7237346625766872,0.8769171779141104,量能比,1,False
SZ300514,10.11,0.27818882,0.04256134969325153,0.14877300613496933,0.911042944785276,0.709739263803681,量能动量,1,False
SZ300515,16.33,0.5910004,0.07381134969325154,0.3945552147239264,0.9049079754601227,0.9445935582822086,量能动量;量能比,2,False
SZ300516,34.0,2.0869675,0.5287576687116564,0.4904141104294479,0.24674079754601227,0.410851226993865,,0,True
SZ300517,11.429999,0.83718055,0.3523773006134969,0.2611196319018405,0.09892638036809816,0.1393788343558282,,0,True
SZ300518,25.789999,2.1525154,0.6781058282208589,0.7728144171779141,0.777032208588957,0.7369631901840491,,0,True
SZ300519,14.650001,0.412931,0.07400306748466258,0.17714723926380369,0.5883819018404908,0.5768788343558282,,0,True
SZ300520,22.58,2.0556767,0.3533358895705521,0.870398773006135,0.9091257668711656,0.9769938650306749,量能波动;量能动量;量能比,3,False
SZ300521,24.02,0.7727821,0.1343941717791411,0.10563650306748466,0.6930598159509203,0.33358895705521474,,0,True
SZ300522,14.139999,2.9359722,0.588957055214724,0.34566717791411045,0.22967791411042945,0.817292944785276,量能比,1,False
SZ300523,21.869999,0.8682017,0.2896855828220859,0.7124233128834356,0.866180981595092,0.8613880368098159,量能动量;量能比,2,False
SZ300525,7.68,0.8910284,0.07534509202453987,0.15471625766871167,0.49923312883435583,0.5454371165644172,,0,True
SZ300527,7.9900002,0.7128885,0.240989263803681,0.062116564417177916,0.16890337423312884,0.07841257668711657,,0,True
SZ300528,13.339999,2.5399737,0.6911426380368099,0.5473542944785276,0.567101226993865,0.06326687116564417,,0,True
SZ300529,15.0,0.5974388,0.1320935582822086,0.10601993865030675,0.3874616564417178,0.584739263803681,,0,True
SZ300530,18.66,1.0694494,0.2164493865030675,0.22258435582822086,0.2147239263803681,0.08186349693251534,,0,True
SZ300531,14.9,1.3431051,0.27204754601226994,0.28048312883435583,0.3995398773006135,0.1317101226993865,,0,True
SZ300532,7.3599997,0.58523935,0.10467791411042945,0.30023006134969327,0.8245782208588958,0.6278757668711656,量能动量,1,False
SZ300533,13.650001,1.2425592,0.6242331288343558,0.5609662576687117,0.08857361963190184,0.11311349693251534,,0,True
SZ300534,13.000001,6.6156383,0.8590874233128835,0.8475843558282209,0.3084739263803681,0.8477760736196319,量能水平;量能波动;量能比,3,False
SZ300535,15.65,0.32290718,0.16046779141104295,0.08627300613496933,0.7204754601226994,0.6108128834355828,,0,True
SZ300536,8.17,0.55643636,0.12020705521472393,0.10391104294478527,0.5565567484662577,0.24367331288343558,,0,True
SZ300537,20.38,1.9034919,0.46050613496932513,0.3656058282208589,0.09873466257668712,0.531441717791411,,0,True
SZ300538,14.31,0.6464823,0.1968941717791411,0.3255368098159509,0.8493098159509203,0.7239263803680982,量能动量,1,False
SZ300539,17.39,1.1300272,0.10717024539877301,0.30828220858895705,0.05866564417177914,0.8092407975460123,量能比,1,False
SZ300540,25.400002,2.285101,0.5603911042944786,0.6437883435582822,0.45878067484662577,0.7743481595092024,,0,True
SZ300541,9.25,0.5293044,0.11464723926380369,0.12940950920245398,0.42120398773006135,0.3192101226993865,,0,True
SZ300542,12.219999,1.0430137,0.1393788343558282,0.22622699386503067,0.5761119631901841,0.10659509202453987,,0,True
SZ300543,7.8000007,0.31810868,0.13957055214723926,0.18059815950920247,0.4121932515337423,0.6234662576687117,,0,True
SZ300545,26.73,2.4651148,0.49808282208588955,0.8245782208588958,0.9225460122699386,0.8981978527607362,量能波动;量能动量;量能比,3,False
SZ300546,16.47,1.3442159,0.42158742331288346,0.35276073619631904,0.4398006134969325,0.029141104294478526,,0,True
SZ300547,23.670002,1.8510151,0.32476993865030673,0.4798696319018405,0.5617331288343558,0.5648006134969326,,0,True
SZ300548,213.01001,27.319199,0.47162576687116564,0.3320552147239264,0.3052147239263804,0.4229294478527607,,0,True
SZ300549,14.889999,0.2610211,0.0611579754601227,0.02396472392638037,0.660467791411043,0.6192484662576687,,0,True
SZ300550,13.860001,1.1223432,0.32649539877300615,0.379601226993865,0.13957055214723926,0.20475460122699388,,0,True
SZ300551,11.580001,1.5261469,0.36579754601226994,0.1901840490797546,0.4003067484662577,0.07304447852760736,,0,True
SZ300552,19.660002,1.1016195,0.29620398773006135,0.14302147239263804,0.3981978527607362,0.056365030674846626,,0,True
SZ300553,59.890003,3.6323364,0.4666411042944785,0.25651840490797545,0.14666411042944785,0.16238496932515337,,0,True
SZ300554,23.160002,0.98718023,0.3268788343558282,0.683090490797546,0.6449386503067485,0.9714340490797546,量能比,1,False
SZ300556,15.83,0.9759863,0.2787576687116564,0.18117331288343558,0.13995398773006135,0.060199386503067484,,0,True
SZ300557,23.86,0.65163255,0.08512269938650306,0.10065184049079755,0.6395705521472392,0.5055598159509203,,0,True
SZ300558,47.71,4.4931645,0.8205521472392638,0.9131518404907976,0.22220092024539878,0.8374233128834356,量能水平;量能波动;量能比,3,False
SZ300559,12.67,1.0636333,0.21012269938650308,0.3402990797546012,0.21414877300613497,0.12615030674846625,,0,True
SZ300560,15.920001,2.0110207,0.38017638036809814,0.37883435582822084,0.8654141104294478,0.7883435582822086,量能动量,1,False
SZ300561,14.349999,2.8049748,0.6037193251533742,0.3916794478527607,0.11483895705521473,0.15912576687116564,,0,True
SZ300562,16.04,3.0498047,0.6230828220858896,0.3991564417177914,0.5210889570552147,0.3654141104294479,,0,True
SZ300563,24.109999,2.9761508,0.44881134969325154,0.5498466257668712,0.0843558282208589,0.26016104294478526,,0,True
SZ300564,12.450001,0.33578405,0.2666794478527607,0.18232361963190183,0.6798312883435583,0.44976993865030673,,0,True
SZ300565,9.58,0.7582345,0.45858895705521474,0.2799079754601227,0.2981211656441718,0.379409509202454,,0,True
SZ300566,24.269999,4.8701186,0.665260736196319,0.7822085889570553,0.5897239263803681,0.8454754601226994,量能比,1,False
SZ300567,194.15,11.806716,0.34068251533742333,0.2800996932515337,0.08071319018404909,0.3182515337423313,,0,True
SZ300568,16.12,9.329382,0.8464340490797546,0.8734662576687117,0.6322852760736196,0.7699386503067485,量能水平;量能波动,2,False
SZ300569,5.5000005,1.4706862,0.7825920245398773,0.9693251533742331,0.9679831288343558,0.9273389570552147,量能波动;量能动量;量能比,3,False
SZ300570,202.37,35.17663,0.8355061349693251,0.8144171779141104,0.04006901840490797,0.4783358895705521,量能水平;量能波动,2,False
SZ300571,27.470001,1.5283426,0.15529141104294478,0.1848159509202454,0.34700920245398775,0.5598159509202454,,0,True
SZ300572,23.2,1.3311198,0.2133819018404908,0.1280674846625767,0.7291027607361963,0.2547929447852761,,0,True
SZ300573,35.579998,1.4499575,0.004026073619631902,0.037384969325153374,0.2103144171779141,0.6353527607361963,,0,True
SZ300575,6.08,0.96244335,0.4651073619631902,0.7603527607361963,0.16372699386503067,0.9305981595092024,量能比,1,False
SZ300576,27.650002,3.3171144,0.15433282208588958,0.14052914110429449,0.24482361963190183,0.5143788343558282,,0,True
SZ300577,18.75,0.67319185,0.12940950920245398,0.18730828220858894,0.04486196319018405,0.12710889570552147,,0,True
SZ300578,15.2300005,0.74498487,0.1972776073619632,0.26035276073619634,0.7147239263803681,0.37480828220858897,,0,True
SZ300579,23.640001,1.3654414,0.17292944785276074,0.2200920245398773,0.5111196319018405,0.5032592024539877,,0,True
SZ300580,18.1,1.2383665,0.21817484662576686,0.2547929447852761,0.14704754601226994,0.6023773006134969,,0,True
SZ300581,9.92,1.6848664,0.28776840490797545,0.11733128834355828,0.5605828220858896,0.025881901840490797,,0,True
SZ300582,10.4800005,1.0697926,0.5176380368098159,0.2415644171779141,0.6970858895705522,0.026265337423312884,,0,True
SZ300583,13.51,0.809073,0.7927530674846626,0.5450536809815951,0.4808282208588957,0.1388036809815951,,0,True
SZ300584,29.710001,0.7022998,0.0991180981595092,0.018404907975460124,0.330329754601227,0.40069018404907975,,0,True
SZ300586,8.64,1.7188638,0.22507668711656442,0.2942868098159509,0.5972009202453987,0.7716641104294478,,0,True
SZ300587,4.41,1.3373137,0.41411042944785276,0.665260736196319,0.9516871165644172,0.9181365030674846,量能动量;量能比,2,False
SZ300588,21.15,1.2585783,0.10832055214723926,0.0611579754601227,0.1273006134969325,0.04582055214723926,,0,True
SZ300589,13.2,3.6152916,0.3736579754601227,0.3027223926380368,0.10640337423312883,0.1044861963190184,,0,True
SZ300590,11.11,1.4700259,0.5348926380368099,0.19478527607361965,0.49003067484662577,0.7331288343558282,,0,True
SZ300591,6.38,1.0363904,0.3115414110429448,0.540069018404908,0.07496165644171779,0.5038343558282209,,0,True
SZ300592,19.25,2.7234397,0.4576303680981595,0.5897239263803681,0.05540644171779141,0.6947852760736196,,0,True
SZ300593,30.029999,6.1550503,0.2524923312883436,0.17638036809815952,0.781058282208589,0.4666411042944785,,0,True
SZ300594,15.150001,0.25263765,0.27223926380368096,0.3326303680981595,0.08665644171779141,0.30348926380368096,,0,True
SZ300595,10.02,0.78506845,0.07438650306748466,0.05233895705521473,0.46223159509202455,0.4246549079754601,,0,True
SZ300596,39.239998,0.95049417,0.10429447852760736,0.1535659509202454,0.6457055214723927,0.48734662576687116,,0,True
SZ300597,7.9299994,0.30758017,0.15816717791411042,0.10026840490797546,0.7641871165644172,0.4384585889570552,,0,True
SZ300598,30.53,2.6149776,0.2325536809815951,0.17791411042944785,0.6098542944785276,0.06863496932515338,,0,True
SZ300599,14.74,1.4077212,0.5818634969325154,0.8872699386503068,0.9886886503067485,0.977760736196319,量能波动;量能动量;量能比,3,False
SZ300600,10.099999,1.248962,0.47776073619631904,0.3268788343558282,0.1491564417177914,0.09279141104294479,,0,True
SZ300601,12.860001,2.2084546,0.17618865030674846,0.5053680981595092,0.16736963190184048,0.8949386503067485,量能比,1,False
SZ300602,35.170002,9.538886,0.5902990797546013,0.3186349693251534,0.3320552147239264,0.12538343558282208,,0,True
SZ300603,7.82,0.9005127,0.14091257668711657,0.20283742331288343,0.5435199386503068,0.3859279141104294,,0,True
SZ300604,248.93001,44.06325,0.1834739263803681,0.3029141104294479,0.21453220858895705,0.5024923312883436,,0,True
SZ300605,10.42,0.5561549,0.2080138036809816,0.4399923312883436,0.959930981595092,0.43769171779141103,量能动量,1,False
SZ300606,32.760002,2.6839948,0.3619631901840491,0.6903757668711656,0.37174079754601225,0.8654141104294478,量能比,1,False
SZ300607,30.6,11.104164,0.7266104294478528,0.44785276073619634,0.45724693251533743,0.054639570552147236,,0,True
SZ300608,9.670001,0.7141464,0.26016104294478526,0.6111963190184049,0.7831671779141104,0.8447085889570553,量能比,1,False
SZ300609,23.9,0.7348268,0.17983128834355827,0.38420245398773006,0.4484279141104294,0.6884585889570553,,0,True
SZ300610,10.29,0.36553293,0.08895705521472393,0.12116564417177914,0.8470092024539877,0.3103911042944785,量能动量,1,False
SZ300611,27.140001,1.1092986,0.18634969325153375,0.2210506134969325,0.7264187116564417,0.4754601226993865,,0,True
SZ300612,11.99,0.71803343,0.37883435582822084,0.3911042944785276,0.053297546012269936,0.6088957055214724,,0,True
SZ300613,82.03999,10.487847,0.7992714723926381,0.6639187116564417,0.3594708588957055,0.7315950920245399,,0,True
SZ300614,10.299999,0.27877465,0.5600076687116564,0.2977377300613497,0.3859279141104294,0.5922162576687117,,0,True
SZ300615,13.21,1.9973291,0.6299846625766872,0.5659509202453987,0.46683282208588955,0.42714723926380366,,0,True
SZ300616,10.509999,0.52917653,0.7655291411042945,0.8926380368098159,0.5573236196319018,0.8985812883435583,量能波动;量能比,2,False
SZ300617,34.23,1.1871481,0.339340490797546,0.2147239263803681,0.42753067484662577,0.18462423312883436,,0,True
SZ300618,30.209997,1.088108,0.11886503067484662,0.07476993865030675,0.6328604294478528,0.3807515337423313,,0,True
SZ300619,23.45,1.6798419,0.27338957055214724,0.5260736196319018,0.9411426380368099,0.7864263803680982,量能动量,1,False
SZ300620,255.27,31.636154,0.47661042944785276,0.42868098159509205,0.16238496932515337,0.47296779141104295,,0,True
SZ300621,7.04,0.29549915,0.18002300613496933,0.1804064417177914,0.3128834355828221,0.4559049079754601,,0,True
SZ300622,14.740001,1.4230225,0.1585506134969325,0.49003067484662577,0.03412576687116564,0.65625,,0,True
SZ300623,33.05,6.4536695,0.616180981595092,0.6926763803680982,0.034892638036809816,0.8111579754601227,量能比,1,False
SZ300624,46.97,6.31444,0.6453220858895705,0.7304447852760736,0.620398773006135,0.28278374233128833,,0,True
SZ300625,9.940001,0.21440816,0.2661042944785276,0.35640337423312884,0.32476993865030673,0.5605828220858896,,0,True
SZ300626,28.670002,1.2602146,0.12883435582822086,0.19881134969325154,0.2018788343558282,0.4311733128834356,,0,True
SZ300627,26.01,1.5791491,0.06000766871165644,0.015145705521472392,0.5485046012269938,0.18711656441717792,,0,True
SZ300628,41.1,3.448543,0.3234279141104294,0.2511503067484663,0.6113880368098159,0.2325536809815951,,0,True
SZ300629,18.539999,1.1487124,0.14493865030674846,0.5743865030674846,0.9785276073619632,0.9058665644171779,量能动量;量能比,2,False
SZ300631,20.840002,0.3165924,0.039110429447852764,0.05502300613496933,0.6581671779141104,0.3362730061349693,,0,True
SZ300632,17.84,2.7723463,0.45648006134969327,0.388228527607362,0.39570552147239263,0.5592407975460123,,0,True
SZ300633,19.29,0.7985734,0.1535659509202454,0.1579754601226994,0.16928680981595093,0.2739647239263804,,0,True
SZ300634,20.630001,2.4257033,0.6288343558282209,0.8776840490797546,0.08378067484662577,0.9367331288343558,量能波动;量能比,2,False
SZ300635,11.74,0.40699705,0.21376533742331288,0.22871932515337423,0.6290260736196319,0.6060199386503068,,0,True
SZ300636,7.06,0.33195862,0.11733128834355828,0.21184815950920247,0.39743098159509205,0.803489263803681,量能比,1,False
SZ300637,9.330001,0.332539,0.11771472392638037,0.09049079754601227,0.6633435582822086,0.2482745398773006,,0,True
SZ300638,19.97,2.6932049,0.10237730061349694,0.24118098159509202,0.05655674846625767,0.7647622699386503,,0,True
SZ300639,6.29,0.63763046,0.2271855828220859,0.4133435582822086,0.9056748466257669,0.9098926380368099,量能动量;量能比,2,False
SZ300640,6.2599998,0.68391234,0.294478527607362,0.2873849693251534,0.22488496932515337,0.6052530674846626,,0,True
SZ300641,12.98,0.56706125,0.1794478527607362,0.18654141104294478,0.8602377300613497,0.3679064417177914,量能动量,1,False
SZ300642,20.32,5.2263513,0.946319018404908,0.95954754601227,0.5697852760736196,0.8238113496932515,量能水平;量能波动;量能比,3,False
SZ300643,17.2,0.91220385,0.1508819018404908,0.06556748466257668,0.6305598159509203,0.200920245398773,,0,True
SZ300644,20.62,0.4520982,0.16353527607361965,0.32476993865030673,0.8266871165644172,0.9482361963190185,量能动量;量能比,2,False
SZ300645,13.89,0.51942974,0.19210122699386503,0.433090490797546,0.6487730061349694,0.8284125766871165,量能比,1,False
SZ300647,9.52,5.217022,0.875191717791411,0.941909509202454,0.9589723926380368,0.6016104294478528,量能水平;量能波动;量能动量,3,False
SZ300648,37.63,0.72629046,0.07841257668711657,0.10007668711656442,0.10947085889570553,0.5945168711656442,,0,True
SZ300649,26.580002,1.511906,0.19382668711656442,0.4004984662576687,0.4633819018404908,0.49674079754601225,,0,True
SZ300650,12.16,0.87934816,0.29351993865030673,0.46855828220858897,0.5881901840490797,0.5067101226993865,,0,True
SZ300651,15.960001,0.9999478,0.41142638036809814,0.41142638036809814,0.3291794478527607,0.09988496932515338,,0,True
SZ300652,27.720001,0.7377901,0.2503834355828221,0.5571319018404908,0.10525306748466258,0.9720092024539877,量能比,1,False
SZ300653,15.599999,0.28745311,0.024348159509202456,0.06134969325153374,0.6221242331288344,0.5471625766871165,,0,True
SZ300654,9.3,0.9557828,0.15874233128834356,0.17925613496932516,0.4171779141104294,0.3286042944785276,,0,True
SZ300655,12.799999,4.208288,0.1875,0.23063650306748465,0.1129217791411043,0.674079754601227,,0,True
SZ300656,28.300001,1.845789,0.34566717791411045,0.4660659509202454,0.021280674846625765,0.7300613496932515,,0,True
SZ300657,33.43,9.736923,0.5262653374233128,0.5782208588957055,0.42733895705521474,0.5295245398773006,,0,True
SZ300658,10.120001,0.77126944,0.4442101226993865,0.4664493865030675,0.2979294478527607,0.5287576687116564,,0,True
SZ300659,11.6,1.3165916,0.5228144171779141,0.8182515337423313,0.9054831288343558,0.8878450920245399,量能波动;量能动量;量能比,3,False
SZ300660,23.41,1.0413263,0.3040644171779141,0.2133819018404908,0.47929447852760737,0.535851226993865,,0,True
SZ300661,117.0,11.513104,0.2630368098159509,0.2643788343558282,0.08128834355828221,0.6165644171779141,,0,True
SZ300662,20.26,0.94143665,0.23006134969325154,0.17618865030674846,0.2254601226993865,0.029716257668711655,,0,True
SZ300663,7.4399996,2.024452,0.47066717791411045,0.46223159509202455,0.4520705521472393,0.18500766871165644,,0,True
SZ300664,4.57,0.24680842,0.23466257668711657,0.10812883435582822,0.6087039877300614,0.42733895705521474,,0,True
SZ300665,8.66,0.582119,0.23907208588957055,0.11905674846625768,0.5362346625766872,0.31633435582822084,,0,True
SZ300666,232.64,23.267956,0.40069018404907975,0.42216257668711654,0.06614263803680982,0.21990030674846625,,0,True
SZ300667,14.54,0.9080932,0.23677147239263804,0.43577453987730064,0.7266104294478528,0.7785659509202454,,0,True
SZ300668,31.529999,0.94950575,0.17887269938650308,0.3723159509202454,0.8445168711656442,0.6698619631901841,量能动量,1,False
SZ300669,24.779999,0.49413607,0.04697085889570552,0.15433282208588958,0.9336656441717791,0.9545628834355828,量能动量;量能比,2,False
SZ300670,7.2300005,0.92078143,0.4626150306748466,0.665069018404908,0.6539493865030674,0.8744248466257669,量能比,1,False
SZ300671,56.9,7.045142,0.4881134969325153,0.5237730061349694,0.06959355828220859,0.8117331288343558,量能比,1,False
SZ300672,175.8,16.287172,0.42753067484662577,0.6100460122699386,0.5780291411042945,0.7055214723926381,,0,True
SZ300673,14.71,0.5827474,0.2762653374233129,0.46702453987730064,0.14263803680981596,0.40625,,0,True
SZ300674,15.830001,3.1988697,0.6570168711656442,0.6591257668711656,0.27204754601226994,0.18539110429447853,,0,True
SZ300675,13.93,0.35627693,0.032016871165644174,0.5878067484662577,0.995398773006135,0.9158358895705522,量能动量;量能比,2,False
SZ300676,44.6,4.096855,0.7749233128834356,0.8669478527607362,0.4307898773006135,0.9764187116564417,量能波动;量能比,2,False
SZ300677,48.4,4.6199203,0.25920245398773006,0.08148006134969325,0.5590490797546013,0.24789110429447853,,0,True
SZ300678,20.66,0.83976465,0.04582055214723926,0.0299079754601227,0.5694018404907976,0.3548696319018405,,0,True
SZ300679,41.01,7.943618,0.9401840490797546,0.5916411042944786,0.41890337423312884,0.6399539877300614,量能水平,1,False
SZ300680,20.22,1.1100483,0.07707055214723926,0.08550613496932516,0.07764570552147239,0.5132285276073619,,0,True
SZ300681,21.199999,2.2628229,0.5416027607361963,0.7538343558282209,0.9315567484662577,0.879601226993865,量能动量;量能比,2,False
SZ300682,8.669999,1.113506,0.37557515337423314,0.3376150306748466,0.1781058282208589,0.49923312883435583,,0,True
SZ300683,24.82,1.1916571,0.8149923312883436,0.9311733128834356,0.0007668711656441718,0.8402990797546013,量能水平;量能波动;量能比,3,False
SZ300684,109.200005,23.779837,0.5059432515337423,0.5879984662576687,0.8736579754601227,0.6481978527607362,量能动量,1,False
SZ300685,20.85,1.7730896,0.20475460122699388,0.6271088957055214,0.47871932515337423,0.9879217791411042,量能比,1,False
SZ300686,14.14,0.78529465,0.26993865030674846,0.2085889570552147,0.5950920245398773,0.5483128834355828,,0,True
SZ300687,27.57,4.368308,0.6021855828220859,0.4223542944785276,0.19478527607361965,0.624808282208589,,0,True
SZ300688,33.06,3.2160912,0.44133435582822084,0.48964723926380366,0.22622699386503067,0.4710506134969325,,0,True
SZ300689,59.23,2.4255714,0.2937116564417178,0.3738496932515337,0.4482361963190184,0.7630368098159509,,0,True
SZ300690,26.000002,1.8290948,0.6449386503067485,0.8416411042944786,0.8401073619631901,0.8495015337423313,量能波动;量能动量;量能比,3,False
SZ300691,20.27,2.2047083,0.5724693251533742,0.7701303680981595,0.9982745398773006,0.9996165644171779,量能动量;量能比,2,False
SZ300692,8.85,1.3257773,0.392829754601227,0.6976610429447853,0.20475460122699388,0.816909509202454,量能比,1,False
SZ300693,35.84,3.1402068,0.2824003067484663,0.2655291411042945,0.8234279141104295,0.6261503067484663,量能动量,1,False
SZ300694,10.57,0.43030336,0.3546779141104294,0.04888803680981595,0.3362730061349693,0.20724693251533743,,0,True
SZ300695,48.469997,0.6137704,0.4386503067484663,0.5203220858895705,0.44746932515337423,0.46357361963190186,,0,True
SZ300696,19.45,1.1390275,0.25076687116564417,0.46817484662576686,0.727760736196319,0.6664110429447853,,0,True
SZ300697,14.03,2.5266259,0.3740414110429448,0.16411042944785276,0.42024539877300615,0.05789877300613497,,0,True
SZ300698,26.519999,0.6928984,0.09144938650306748,0.2802914110429448,0.22603527607361965,0.7597776073619632,,0,True
SZ300699,22.579998,1.8487325,0.31805981595092025,0.16813650306748465,0.8140337423312883,0.49712423312883436,量能动量,1,False
SZ300700,16.83,1.5258677,0.21319018404907975,0.28815184049079756,0.4037576687116564,0.6945935582822086,,0,True
SZ300701,9.89,0.30500352,0.046395705521472395,0.014570552147239263,0.7386886503067485,0.29006901840490795,,0,True
SZ300702,22.25,0.49504545,0.13228527607361965,0.3686733128834356,0.3245782208588957,0.8832438650306749,量能比,1,False
SZ300703,13.61,0.9926477,0.48868865030674846,0.37519171779141103,0.2294861963190184,0.32074386503067487,,0,True
SZ300705,10.78,0.5322425,0.05387269938650307,0.1898006134969325,0.4835122699386503,0.7601610429447853,,0,True
SZ300706,48.02,3.1342793,0.3174846625766871,0.24386503067484663,0.2620782208588957,0.6593174846625767,,0,True
SZ300707,11.96,0.32424667,0.14398006134969324,0.1330521472392638,0.5601993865030674,0.5977760736196319,,0,True
SZ300708,9.139999,2.9396703,0.31403374233128833,0.59375,0.7760736196319018,0.9488113496932515,量能比,1,False
SZ300709,35.4,6.2300863,0.9290644171779141,0.5954754601226994,0.5531058282208589,0.006326687116564417,量能水平,1,False
SZ300710,29.699999,0.92665946,0.2595858895705521,0.5991180981595092,0.946510736196319,0.7425230061349694,量能动量,1,False
SZ300711,17.019999,2.0144134,0.442101226993865,0.21357361963190183,0.17484662576687116,0.1731211656441718,,0,True
SZ300712,19.73,0.3048082,0.0705521472392638,0.11273006134969325,0.1750383435582822,0.6418711656441718,,0,True
SZ300713,13.39,0.35062188,0.3249616564417178,0.6765720858895705,0.7609279141104295,0.9225460122699386,量能比,1,False
SZ300715,14.080001,1.2577622,0.23523773006134968,0.48408742331288346,0.906441717791411,0.6896088957055214,量能动量,1,False
SZ300716,17.43,0.3502417,0.08934049079754601,0.17561349693251535,0.7402223926380368,0.49098926380368096,,0,True
SZ300717,19.01,0.4673878,0.1545245398773006,0.47871932515337423,0.9710506134969326,0.9346242331288344,量能动量;量能比,2,False
SZ300718,57.309998,2.5430133,0.20283742331288343,0.6466641104294478,0.9693251533742331,0.8627300613496932,量能动量;量能比,2,False
SZ300719,11.7699995,0.4508802,0.23197852760736196,0.11848159509202454,0.3692484662576687,0.17427147239263804,,0,True
SZ300720,58.1,5.5864034,0.3146088957055215,0.33473926380368096,0.5126533742331288,0.6303680981595092,,0,True
SZ300721,20.989998,1.8166264,0.5747699386503068,0.43366564417177916,0.04543711656441718,0.3050230061349693,,0,True
SZ300722,20.99,1.0188907,0.04792944785276074,0.004792944785276074,0.44133435582822084,0.018980061349693253,,0,True
SZ300723,32.5,2.0454633,0.32841257668711654,0.3803680981595092,0.16545245398773006,0.47756901840490795,,0,True
SZ300724,53.75,3.3887491,0.6343941717791411,0.3195935582822086,0.2655291411042945,0.6443634969325154,,0,True
SZ300725,51.58,9.668509,0.6533742331288344,0.6478144171779141,0.268021472392638,0.8596625766871165,量能比,1,False
SZ300726,52.39,7.147136,0.7745398773006135,0.8092407975460123,0.25325920245398775,0.6215490797546013,量能波动,1,False
SZ300727,32.93,1.8520042,0.2200920245398773,0.21453220858895705,0.3402990797546012,0.2415644171779141,,0,True
SZ300729,11.200001,0.41392004,0.14225460122699388,0.3286042944785276,0.29524539877300615,0.9250383435582822,量能比,1,False
SZ300730,11.2300005,0.46486077,0.06748466257668712,0.3845858895705521,0.7526840490797546,0.8958972392638037,量能比,1,False
SZ300731,45.789997,4.8540373,0.5565567484662577,0.5327837423312883,0.2996549079754601,0.6804064417177914,,0,True
SZ300732,5.7700005,0.30229533,0.393021472392638,0.2160659509202454,0.5082438650306749,0.30559815950920244,,0,True
SZ300733,12.89,0.6938438,0.2687883435582822,0.6060199386503068,0.020513803680981595,0.8987730061349694,量能比,1,False
SZ300735,17.6,2.2090642,0.500191717791411,0.5674846625766872,0.8937883435582822,0.5506134969325154,量能动量,1,False
SZ300736,33.62,1.6959082,0.37308282208588955,0.3608128834355828,0.803489263803681,0.5607745398773006,量能动量,1,False
SZ300737,4.4399996,1.1923108,0.7605444785276073,0.90625,0.7381134969325154,0.9219708588957055,量能波动;量能比,2,False
SZ300738,18.710001,5.136949,0.35774539877300615,0.4351993865030675,0.33953220858895705,0.5881901840490797,,0,True
SZ300739,28.189999,6.102046,0.8598542944785276,0.30368098159509205,0.11368865030674846,0.5057515337423313,量能水平,1,False
SZ300740,20.36,6.360182,0.9004984662576687,0.8755751533742331,0.3379984662576687,0.901840490797546,量能水平;量能波动;量能比,3,False
SZ300741,25.500002,4.6589646,0.9798696319018405,0.9445935582822086,0.1838573619631902,0.9254217791411042,量能水平;量能波动;量能比,3,False
SZ300743,14.34,0.3333023,0.07266104294478527,0.1468558282208589,0.59375,0.6499233128834356,,0,True
SZ300745,26.249998,1.6250806,0.5640337423312883,0.46491564417177916,0.8665644171779141,0.3414493865030675,量能动量,1,False
SZ300746,14.960001,0.6561133,0.18366564417177914,0.3811349693251534,0.8038726993865031,0.7007285276073619,量能动量,1,False
SZ300747,36.140003,9.062034,0.8646472392638037,0.678680981595092,0.4932898773006135,0.19804447852760737,量能水平,1,False
SZ300748,24.099998,3.3573163,0.21223159509202455,0.15720858895705522,0.72795245398773,0.5168711656441718,,0,True
SZ300749,22.24,1.0065913,0.21875,0.23006134969325154,0.6974693251533742,0.6953604294478528,,0,True
SZ300750,291.99,113.20679,0.96875,0.9649156441717791,0.44440184049079756,0.6556748466257669,量能水平;量能波动,2,False
SZ300751,182.6,10.983081,0.549079754601227,0.5563650306748467,0.18251533742331288,0.3964723926380368,,0,True
SZ300752,12.860001,1.1446879,0.46951687116564417,0.43232361963190186,0.10237730061349694,0.3521855828220859,,0,True
SZ300753,20.550001,1.0270656,0.4321319018404908,0.6192484662576687,0.4455521472392638,0.7352377300613497,,0,True
SZ300755,11.11,0.6946596,0.4562883435582822,0.4388420245398773,0.9008819018404908,0.9208205521472392,量能动量;量能比,2,False
SZ300756,30.870003,1.6950778,0.495398773006135,0.7036042944785276,0.0883819018404908,0.8646472392638037,量能比,1,False
SZ300757,530.31,35.10722,0.5707438650306749,0.31096625766871167,0.6524156441717791,0.4129601226993865,,0,True
SZ300758,10.99,0.94106257,0.4842791411042945,0.2745398773006135,0.7741564417177914,0.059049079754601226,,0,True
SZ300759,43.13,20.19421,0.8148006134969326,0.8305214723926381,0.16660276073619631,0.691909509202454,量能水平;量能波动,2,False
SZ300760,158.29,12.726651,0.9440184049079755,0.8985812883435583,0.9114263803680982,0.2728144171779141,量能水平;量能波动;量能动量,3,False
SZ300761,20.88,1.6829097,0.7398389570552147,0.8163343558282209,0.9185199386503068,0.330521472392638,量能波动;量能动量,2,False
SZ300762,25.059998,3.5887613,0.46817484662576686,0.38861196319018404,0.6021855828220859,0.6773389570552147,,0,True
SZ300763,52.249996,4.4455395,0.4206288343558282,0.357170245398773,0.5741947852760736,0.6658358895705522,,0,True
SZ300765,44.03,7.6981506,0.5778374233128835,0.6886503067484663,0.1018021472392638,0.5943251533742331,,0,True
SZ300766,21.1,4.161186,0.901457055214724,0.8596625766871165,0.40625,0.1942101226993865,量能水平;量能波动,2,False
SZ300767,19.269999,1.615341,0.46108128834355827,0.5515720858895705,0.18155674846625766,0.7101226993865031,,0,True
SZ300768,15.029999,0.90911776,0.40471625766871167,0.43098159509202455,0.6953604294478528,0.7060966257668712,,0,True
SZ300769,38.11,3.2610512,0.5322085889570553,0.450728527607362,0.6690950920245399,0.3784509202453988,,0,True
SZ300770,34.949997,0.9139461,0.3654141104294479,0.375,0.8652223926380368,0.7237346625766872,量能动量,1,False
SZ300771,11.23,0.3900237,0.3498849693251534,0.3531441717791411,0.1972776073619632,0.6669861963190185,,0,True
SZ300772,9.85,1.5694592,0.5109279141104295,0.7373466257668712,0.8811349693251533,0.6382285276073619,量能动量,1,False
SZ300773,14.379999,7.5228825,0.9723926380368099,0.959739263803681,0.22200920245398773,0.1196319018404908,量能水平;量能波动,2,False
SZ300774,9.5,1.1297038,0.7538343558282209,0.392829754601227,0.5799463190184049,0.11522239263803681,,0,True
SZ300775,20.19,2.6700118,0.5820552147239264,0.4762269938650307,0.5153374233128835,0.22986963190184048,,0,True
SZ300776,129.74,9.856221,0.7291027607361963,0.883819018404908,0.8360812883435583,0.92829754601227,量能波动;量能动量;量能比,3,False
SZ300777,20.08,1.2071388,0.29179447852760737,0.4340490797546012,0.8817101226993865,0.3565950920245399,量能动量,1,False
SZ300778,10.85,0.51040864,0.4959739263803681,0.3966641104294479,0.9213957055214724,0.5172546012269938,量能动量,1,False
SZ300779,50.789997,3.3855965,0.379409509202454,0.30253067484662577,0.42599693251533743,0.2973542944785276,,0,True
SZ300780,18.970001,1.0621564,0.5254984662576687,0.5644171779141104,0.4996165644171779,0.5872315950920245,,0,True
SZ300781,25.79,1.5081333,0.4085506134969325,0.5682515337423313,0.3029141104294479,0.46875,,0,True
SZ300782,70.25,7.0008516,0.5442868098159509,0.5189800613496932,0.7956288343558282,0.848542944785276,量能比,1,False
SZ300783,16.419998,0.94153696,0.6100460122699386,0.4952070552147239,0.8464340490797546,0.2170245398773006,量能动量,1,False
SZ300784,42.18,0.21364927,0.40625,0.2521088957055215,0.7523006134969326,0.48274539877300615,,0,True
SZ300785,33.52,3.4993849,0.6232745398773006,0.8978144171779141,0.8552530674846626,0.879217791411043,量能波动;量能动量;量能比,3,False
SZ300786,14.179999,1.0544249,0.5373849693251533,0.8113496932515337,0.016487730061349692,0.8309049079754601,量能波动;量能比,2,False
SZ300787,11.7,0.6590439,0.34451687116564417,0.7126150306748467,0.5782208588957055,0.9635736196319018,量能比,1,False
SZ300788,28.66,4.489165,0.8640720858895705,0.839532208588957,0.11713957055214724,0.7421395705521472,量能水平;量能波动,2,False
SZ300789,16.029999,0.4577543,0.2645705521472393,0.4691334355828221,0.6407208588957055,0.6731211656441718,,0,True
SZ300790,18.08,4.8122554,0.7325536809815951,0.562308282208589,0.7718558282208589,0.6150306748466258,,0,True
SZ300791,17.43,0.28998962,0.15970092024539878,0.2432898773006135,0.22085889570552147,0.21970858895705522,,0,True
SZ300792,23.86,2.727649,0.8046395705521472,0.8895705521472392,0.7509585889570553,0.4691334355828221,量能水平;量能波动,2,False
SZ300793,11.84,0.6450098,0.4058665644171779,0.7294861963190185,0.22296779141104295,0.9121932515337423,量能比,1,False
SZ300795,12.810001,2.7020679,0.6541411042944786,0.7965874233128835,0.7563266871165644,0.7919861963190185,,0,True
SZ300796,6.91,0.28732902,0.17657208588957055,0.17350460122699388,0.5554064417177914,0.2776073619631902,,0,True
SZ300797,13.089999,0.5104808,0.047737730061349695,0.06710122699386503,0.687308282208589,0.6136886503067485,,0,True
SZ300798,8.26,3.32847,0.8771088957055214,0.8562116564417178,0.4120015337423313,0.2419478527607362,量能水平;量能波动,2,False
SZ300800,10.54,0.2950458,0.4133435582822086,0.5824386503067485,0.4883052147239264,0.71875,,0,True
SZ300801,20.810001,0.6403736,0.4123849693251534,0.25920245398773006,0.486579754601227,0.5751533742331288,,0,True
SZ300802,25.03,2.8625922,0.6673696319018405,0.5632668711656442,0.02549846625766871,0.43922546012269936,,0,True
SZ300803,53.97,13.802605,0.5853144171779141,0.42350460122699385,0.2085889570552147,0.2595858895705521,,0,True
SZ300804,44.350002,0.56023085,0.2994631901840491,0.2618865030674847,0.21759969325153375,0.46798312883435583,,0,True
SZ300805,8.45,0.7587882,0.6568251533742331,0.8205521472392638,0.9457438650306749,0.8130751533742331,量能波动;量能动量;量能比,3,False
SZ300806,48.249996,15.08762,0.5414110429447853,0.45149539877300615,0.4256134969325153,0.3450920245398773,,0,True
SZ300807,34.91,0.33918637,0.10007668711656442,0.09298312883435583,0.18845858895705522,0.58454754601227,,0,True
SZ300808,20.07,1.1997771,0.5197469325153374,0.5607745398773006,0.05118865030674847,0.16315184049079753,,0,True
SZ300809,23.79,0.84415853,0.36004601226993865,0.33684815950920244,0.1861579754601227,0.47699386503067487,,0,True
SZ300810,24.390001,0.9911169,0.5331671779141104,0.4311733128834356,0.0665260736196319,0.04102760736196319,,0,True
SZ300811,78.0,10.300297,0.45973926380368096,0.4472776073619632,0.6807898773006135,0.4652990797546012,,0,True
SZ300812,18.98,1.1435297,0.44171779141104295,0.5638420245398773,0.31269171779141103,0.8686733128834356,量能比,1,False
SZ300813,22.119999,0.5775666,0.17638036809815952,0.2963957055214724,0.09202453987730061,0.72795245398773,,0,True
SZ300814,126.82,8.950492,0.7829754601226994,0.874808282208589,0.31556748466257667,0.7753067484662577,量能波动,1,False
SZ300815,14.969999,0.7009949,0.38401073619631904,0.6552914110429447,0.012078220858895705,0.8228527607361963,量能比,1,False
SZ300816,58.42,2.797207,0.6430214723926381,0.4848542944785276,0.0732361963190184,0.1374616564417178,,0,True
SZ300817,17.63,0.4466932,0.11445552147239264,0.6330521472392638,0.9959739263803681,0.7645705521472392,量能动量,1,False
SZ300818,15.790001,0.47046325,0.14800613496932516,0.5820552147239264,0.9095092024539877,0.8767254601226994,量能动量;量能比,2,False
SZ300819,45.139996,2.034577,0.3633052147239264,0.34796779141104295,0.1683282208588957,0.6092791411042945,,0,True
SZ300820,67.47,4.064304,0.5210889570552147,0.5143788343558282,0.13496932515337423,0.5720858895705522,,0,True
SZ300821,14.66,6.3277125,0.9160276073619632,0.4148773006134969,0.25824386503067487,0.37787576687116564,量能水平,1,False
SZ300822,11.26,0.5177602,0.30118865030674846,0.07342791411042945,0.3316717791411043,0.04620398773006135,,0,True
SZ300823,14.55,0.40393803,0.2392638036809816,0.2785659509202454,0.6556748466257669,0.28067484662576686,,0,True
SZ300824,8.08,0.3497751,0.0950920245398773,0.4461273006134969,0.9560966257668712,0.6857745398773006,量能动量,1,False
SZ300825,11.639999,3.29894,0.7174079754601227,0.5228144171779141,0.8458588957055214,0.5766871165644172,量能动量,1,False
SZ300826,14.529999,0.7743852,0.4277223926380368,0.3836273006134969,0.4125766871165644,0.6096625766871165,,0,True
SZ300827,24.6,1.9913177,0.21951687116564417,0.26054447852760737,0.028374233128834355,0.5151457055214724,,0,True
SZ300828,18.0,1.1263536,0.4210122699386503,0.7283358895705522,0.9804447852760736,0.46951687116564417,量能动量,1,False
SZ300829,22.699999,4.410553,0.9187116564417178,0.9296395705521472,0.9116180981595092,0.9789110429447853,量能水平;量能波动;量能动量;量能比,4,False
SZ300830,7.87,2.1317136,0.7030291411042945,0.5379601226993865,0.04792944785276074,0.012269938650306749,,0,True
SZ300831,13.400001,0.535539,0.0826303680981595,0.06614263803680982,0.562308282208589,0.4277223926380368,,0,True
SZ300832,49.61,2.0999467,0.5387269938650306,0.4409509202453988,0.75920245398773,0.27223926380368096,,0,True
SZ300833,44.43,0.48962635,0.3286042944785276,0.5968174846625767,0.9601226993865031,0.7910276073619632,量能动量,1,False
SZ300834,38.350002,0.6341758,0.45341257668711654,0.5431365030674846,0.8675230061349694,0.4461273006134969,量能动量,1,False
SZ300835,185.78,5.839831,0.3410659509202454,0.3679064417177914,0.14359662576687116,0.6445552147239264,,0,True
SZ300836,54.300003,1.5829166,0.3845858895705521,0.6913343558282209,0.002492331288343558,0.8594708588957055,量能比,1,False
SZ300837,22.240002,0.39371905,0.24271472392638035,0.16928680981595093,0.4083588957055215,0.2080138036809816,,0,True
SZ300838,14.309999,0.36807427,0.21108128834355827,0.1209739263803681,0.7444401840490797,0.15145705521472394,,0,True
SZ300839,12.57,1.6288749,0.6395705521472392,0.47181748466257667,0.1539493865030675,0.028757668711656442,,0,True
SZ300840,18.529999,2.0978804,0.5368098159509203,0.6857745398773006,0.4988496932515337,0.45513803680981596,,0,True
SZ300841,54.879997,1.5225033,0.638420245398773,0.6512653374233128,0.339340490797546,0.8291794478527608,量能比,1,False
SZ300842,60.42,3.2976675,0.5051763803680982,0.5504217791411042,0.8866947852760736,0.571510736196319,量能动量,1,False
SZ300843,116.899994,8.033217,0.5230061349693251,0.5555981595092024,0.5529141104294478,0.7043711656441718,,0,True
SZ300844,24.6,0.3715951,0.4066334355828221,0.4008819018404908,0.9050996932515337,0.6058282208588958,量能动量,1,False
SZ300845,14.450001,0.86217386,0.41890337423312884,0.5151457055214724,0.9536042944785276,0.7034125766871165,量能动量,1,False
SZ300846,18.63,4.354773,0.60295245398773,0.5864647239263804,0.12404141104294479,0.40912576687116564,,0,True
SZ300847,14.67,0.61902493,0.13765337423312884,0.49233128834355827,0.9850460122699386,0.857170245398773,量能动量;量能比,2,False
SZ300848,10.9,0.33335313,0.0745782208588957,0.4591641104294479,0.6483895705521472,0.8815184049079755,量能比,1,False
SZ300849,21.49,0.64816654,0.22373466257668712,0.4750766871165644,0.7168328220858896,0.6098542944785276,,0,True
SZ300850,30.22,5.224509,0.7578604294478528,0.8176763803680982,0.8569785276073619,0.4102760736196319,量能波动;量能动量,2,False
SZ300851,24.900002,0.24854772,0.22450153374233128,0.16085122699386503,0.8132668711656442,0.5899156441717791,量能动量,1,False
SZ300852,67.91,8.661303,0.8399156441717791,0.6230828220858896,0.34375,0.5017254601226994,量能水平,1,False
SZ300853,29.05,1.1863195,0.558090490797546,0.8021472392638037,0.24118098159509202,0.9123849693251533,量能波动;量能比,2,False
SZ300854,14.900001,0.8005628,0.63420245398773,0.45513803680981596,0.46491564417177916,0.03968558282208589,,0,True
SZ300855,33.88,1.854178,0.227760736196319,0.35026840490797545,0.843558282208589,0.37116564417177916,量能动量,1,False
SZ300856,10.289999,0.31255564,0.14455521472392638,0.11177147239263803,0.43443251533742333,0.08282208588957055,,0,True
SZ300857,245.98999,43.494324,0.6173312883435583,0.4532208588957055,0.5920245398773006,0.2893021472392638,,0,True
SZ300858,14.590001,0.49077395,0.22795245398773006,0.7026457055214724,0.7430981595092024,0.9300230061349694,量能比,1,False
SZ300859,23.08,2.0953062,0.4806365030674847,0.19785276073619631,0.12020705521472393,0.036234662576687116,,0,True
SZ300860,28.460001,1.1303344,0.8542944785276073,0.906441717791411,0.6702453987730062,0.7595858895705522,量能水平;量能波动,2,False
SZ300861,15.25,1.2352265,0.8742331288343558,0.4712423312883436,0.7001533742331288,0.6527990797546013,量能水平,1,False
SZ300862,47.48,12.368166,0.991180981595092,0.9482361963190185,0.5705521472392638,0.8518021472392638,量能水平;量能波动;量能比,3,False
SZ300863,37.93,2.7442813,0.8358895705521472,0.7942868098159509,0.1085122699386503,0.5996932515337423,量能水平,1,False
SZ300864,24.839998,1.4469562,0.8293711656441718,0.8387653374233128,0.7068634969325154,0.2294861963190184,量能水平;量能波动,2,False
SZ300865,28.87,1.4909339,0.8782592024539877,0.8261119631901841,0.5335506134969326,0.5678680981595092,量能水平;量能波动,2,False
SZ300866,121.09999,5.07175,0.9250383435582822,0.866180981595092,0.8583205521472392,0.4135352760736196,量能水平;量能波动;量能动量,3,False
SZ300867,16.85,0.9570854,0.8335889570552147,0.5057515337423313,0.3397239263803681,0.2563266871165644,量能水平,1,False
SZ300868,77.55,2.9531107,0.8404907975460123,0.7649539877300614,0.37825920245398775,0.6311349693251533,量能水平,1,False
SZ300869,11.35,0.33873117,0.8983895705521472,0.933090490797546,0.6376533742331288,0.9227377300613497,量能水平;量能波动;量能比,3,False
SZ300870,182.13,12.142969,0.9027990797546013,0.6888420245398773,0.3738496932515337,0.45245398773006135,量能水平,1,False
SZ300871,20.7,0.82434577,0.6871165644171779,0.23868865030674846,0.7057131901840491,0.4204371165644172,,0,True
SZ300872,14.869999,1.5430028,0.9281058282208589,0.9242714723926381,0.2921779141104294,0.5074769938650306,量能水平;量能波动,2,False
SZ300873,14.280001,1.7886992,0.8567868098159509,0.942292944785276,0.21434049079754602,0.8782592024539877,量能水平;量能波动;量能比,3,False
SZ300875,30.97,1.7680641,0.959739263803681,0.8656058282208589,0.2398389570552147,0.020513803680981595,量能水平;量能波动,2,False
SZ300876,15.330001,0.4582641,0.6458972392638037,0.2852760736196319,0.7684049079754601,0.14743098159509202,,0,True
SZ300877,26.29,0.6470325,0.6689033742331288,0.5977760736196319,0.2348542944785276,0.2524923312883436,,0,True
SZ300878,29.8,0.807655,0.5958588957055214,0.6269171779141104,0.18654141104294478,0.5368098159509203,,0,True
SZ300879,17.32,1.010776,0.9238880368098159,0.9894555214723927,0.0019171779141104294,0.9004984662576687,量能水平;量能波动;量能比,3,False
SZ300880,18.23,0.7078064,0.7496165644171779,0.7676380368098159,0.41008435582822084,0.6529907975460123,,0,True
SZ300881,29.81,0.3090416,0.42120398773006135,0.6961273006134969,0.8468174846625767,0.8774923312883436,量能动量;量能比,2,False
SZ300882,13.070001,0.225316,0.1706288343558282,0.12250766871165644,0.18673312883435583,0.3084739263803681,,0,True
SZ300883,6.32,0.46358833,0.7237346625766872,0.35774539877300615,0.26744631901840493,0.08052147239263803,,0,True
SZ300884,11.93,0.6608833,0.7574769938650306,0.4183282208588957,0.3861196319018405,0.12960122699386503,,0,True
SZ300885,18.56,0.49761003,0.24750766871165644,0.03240030674846626,0.3937883435582822,0.5159125766871165,,0,True
SZ300886,23.65,0.47462645,0.6869248466257669,0.7739647239263804,0.10966257668711657,0.5916411042944786,,0,True
SZ300887,6.9500003,0.65427434,0.7273773006134969,0.6865414110429447,0.22258435582822086,0.5176380368098159,,0,True
SZ300888,29.24,0.6991262,0.7753067484662577,0.7551763803680982,0.49808282208588955,0.5958588957055214,,0,True
SZ300889,21.37,2.227343,0.9288726993865031,0.8886119631901841,0.08934049079754601,0.09451687116564417,量能水平;量能波动,2,False
SZ300890,25.44,1.0071026,0.8201687116564417,0.5628834355828221,0.7356211656441718,0.2557515337423313,量能水平,1,False
SZ300891,7.5,0.42796093,0.651648773006135,0.7572852760736196,0.04428680981595092,0.5686349693251533,,0,True
SZ300892,22.439999,0.56760484,0.7676380368098159,0.4566717791411043,0.22162576687116564,0.165260736196319,,0,True
SZ300893,13.18,0.4988988,0.17120398773006135,0.4662576687116564,0.8040644171779141,0.7912193251533742,量能动量,1,False
SZ300894,9.92,0.70507663,0.879409509202454,0.5107361963190185,0.4133435582822086,0.1111963190184049,量能水平,1,False
SZ300895,59.11,3.4835684,0.870398773006135,0.9279141104294478,0.7016871165644172,0.9045245398773006,量能水平;量能波动;量能比,3,False
SZ300896,91.63,1.9122247,0.8506518404907976,0.9399923312883436,0.6002684049079755,0.8468174846625767,量能水平;量能波动;量能比,3,False
SZ300897,16.800001,0.37620407,0.2509585889570552,0.7505751533742331,0.9756518404907976,0.946319018404908,量能动量;量能比,2,False
SZ300898,20.250002,0.60527825,0.7413726993865031,0.8820935582822086,0.9637653374233128,0.4340490797546012,量能波动;量能动量,2,False
SZ300899,29.499998,0.22842862,0.34432515337423314,0.34451687116564417,0.6662193251533742,0.4858128834355828,,0,True
SZ300900,21.67,2.4568708,0.9549463190184049,0.8052147239263804,0.6031441717791411,0.49693251533742333,量能水平;量能波动,2,False
SZ300901,16.73,1.787358,0.9131518404907976,0.82170245398773,0.549079754601227,0.09221625766871165,量能水平;量能波动,2,False
SZ300902,17.87,0.8223856,0.7958205521472392,0.7475076687116564,0.9215874233128835,0.8305214723926381,量能动量;量能比,2,False
SZ300903,94.6,23.372534,0.9787193251533742,0.8690567484662577,0.16104294478527606,0.24041411042944785,量能水平;量能波动,2,False
SZ300904,47.920002,0.7725382,0.8144171779141104,0.968558282208589,0.8859279141104295,0.9549463190184049,量能水平;量能波动;量能动量;量能比,4,False
SZ300905,34.97,2.8766878,0.9049079754601227,0.9213957055214724,0.21357361963190183,0.7887269938650306,量能水平;量能波动,2,False
SZ300906,28.160002,0.30402312,0.3981978527607362,0.03834355828220859,0.745207055214724,0.34892638036809814,,0,True
SZ300907,51.54,1.8710864,0.7762653374233128,0.7831671779141104,0.6489647239263804,0.8379984662576687,量能比,1,False
SZ300908,17.27,0.3315805,0.557898773006135,0.5910659509202454,0.9160276073619632,0.4089340490797546,量能动量,1,False
SZ300909,61.2,2.6038978,0.8408742331288344,0.9453604294478528,0.9407592024539877,0.9137269938650306,量能水平;量能波动;量能动量;量能比,4,False
SZ300910,27.29,1.5663376,0.7908358895705522,0.6219325153374233,0.3339723926380368,0.21242331288343558,,0,True
SZ300911,32.83,5.397419,0.9672162576687117,0.9200536809815951,0.06748466257668712,0.16794478527607362,量能水平;量能波动,2,False
SZ300912,19.44,0.6435414,0.7906441717791411,0.6389953987730062,0.49942484662576686,0.30962423312883436,,0,True
SZ300913,36.03,8.12068,0.8893788343558282,0.8322469325153374,0.20782208588957055,0.28048312883435583,量能水平;量能波动,2,False
SZ300915,23.27,0.4098036,0.6485812883435583,0.7340874233128835,0.8694401840490797,0.754409509202454,量能动量,1,False
SZ300916,27.529999,0.9141006,0.7354294478527608,0.6380368098159509,0.6319018404907976,0.7133819018404908,,0,True
SZ300917,31.88,4.6484923,0.9279141104294478,0.8957055214723927,0.5818634969325154,0.8207438650306749,量能水平;量能波动;量能比,3,False
SZ300918,10.7,0.5968812,0.5444785276073619,0.6802147239263804,0.86579754601227,0.8132668711656442,量能动量;量能比,2,False
SZ300919,36.17,2.9760711,0.9348159509202454,0.7338957055214724,0.754601226993865,0.47028374233128833,量能水平,1,False
SZ300920,31.36,0.6090078,0.36483895705521474,0.2822085889570552,0.6570168711656442,0.5023006134969326,,0,True
SZ300921,15.64,1.179869,0.6389953987730062,0.745782208588957,0.10199386503067484,0.6635352760736196,,0,True
SZ300922,17.09,2.435552,0.8909125766871165,0.6445552147239264,0.3941717791411043,0.015529141104294479,量能水平,1,False
SZ300923,23.699999,0.335825,0.39934815950920244,0.34700920245398775,0.9125766871165644,0.31269171779141103,量能动量,1,False
SZ300925,13.56,0.79130024,0.5751533742331288,0.6062116564417178,0.3918711656441718,0.44056748466257667,,0,True
SZ300926,16.02,0.47867987,0.17446319018404907,0.06901840490797546,0.7170245398773006,0.3715490797546012,,0,True
SZ300927,26.789999,4.4886703,0.8957055214723927,0.8397239263803681,0.2963957055214724,0.06710122699386503,量能水平;量能波动,2,False
SZ300928,24.06,0.47777605,0.7406058282208589,0.8935966257668712,0.821510736196319,0.8941717791411042,量能波动;量能动量;量能比,3,False
SZ300929,15.660001,0.5846747,0.5899156441717791,0.35065184049079756,0.7958205521472392,0.06633435582822086,,0,True
SZ300930,25.449999,0.30448678,0.2547929447852761,0.3485429447852761,0.5851226993865031,0.745398773006135,,0,True
SZ300931,17.0,2.0442138,0.7758819018404908,0.9819785276073619,0.9386503067484663,0.9871549079754601,量能波动;量能动量;量能比,3,False
SZ300932,10.8,1.0997078,0.6851993865030674,0.4950153374233129,0.9066334355828221,0.486771472392638,量能动量,1,False
SZ300933,6.2999997,0.8179557,0.7154907975460123,0.5922162576687117,0.3911042944785276,0.13631134969325154,,0,True
SZ300935,27.199999,0.54032207,0.8105828220858896,0.772430981595092,0.42388803680981596,0.6597009202453987,量能水平,1,False
SZ300936,71.79,3.1670735,0.8447085889570553,0.6366947852760736,0.5061349693251533,0.30233895705521474,量能水平,1,False
SZ300937,24.1,0.8527687,0.6719708588957055,0.7442484662576687,0.13324386503067484,0.4990414110429448,,0,True
SZ300938,30.310001,3.3746014,0.6506901840490797,0.5471625766871165,0.14091257668711657,0.763420245398773,,0,True
SZ300939,96.950005,4.4023004,0.7893021472392638,0.7392638036809815,0.09739263803680982,0.8535276073619632,量能比,1,False
SZ300940,13.33,0.4563332,0.8119248466257669,0.6907592024539877,0.370590490797546,0.45341257668711654,量能水平,1,False
SZ300941,14.96,0.6994807,0.7517254601226994,0.6715874233128835,0.4710506134969325,0.1781058282208589,,0,True
SZ300942,6.5199995,0.33089462,0.7626533742331288,0.8638803680981595,0.010161042944785276,0.5904907975460123,量能波动,1,False
SZ300943,32.97,4.434205,0.8757668711656442,0.7526840490797546,0.4942484662576687,0.473351226993865,量能水平,1,False
SZ300945,11.14,1.7885354,0.8744248466257669,0.2824003067484663,0.3790260736196319,0.0019171779141104294,量能水平,1,False
SZ300946,36.34,0.4934973,0.4783358895705521,0.45993098159509205,0.2684049079754601,0.24118098159509202,,0,True
SZ300947,15.209999,0.7803669,0.7179831288343558,0.8000383435582822,0.8920628834355828,0.8113496932515337,量能波动;量能动量;量能比,3,False
SZ300948,18.130001,0.6116411,0.6986196319018405,0.8374233128834356,0.9668328220858896,0.9248466257668712,量能波动;量能动量;量能比,3,False
SZ300949,23.74,0.3122931,0.5774539877300614,0.29505368098159507,0.8316717791411042,0.11273006134969325,量能动量,1,False
SZ300950,20.5,0.9074303,0.7670628834355828,0.8454754601226994,0.0015337423312883436,0.4022239263803681,量能波动,1,False
SZ300951,79.1,4.2925367,0.8688650306748467,0.8819018404907976,0.8684815950920245,0.44900306748466257,量能水平;量能波动;量能动量,3,False
SZ300952,16.8,0.6680342,0.7691717791411042,0.776457055214724,0.7388803680981595,0.8449003067484663,量能比,1,False
SZ300953,93.75,5.862999,0.8820935582822086,0.915069018404908,0.08243865030674846,0.7894938650306749,量能水平;量能波动,2,False
SZ300955,27.88,0.39826784,0.5272239263803681,0.49118098159509205,0.7733895705521472,0.6882668711656442,,0,True
SZ300956,11.03,0.40343893,0.5996932515337423,0.4085506134969325,0.7122315950920245,0.3625383435582822,,0,True
SZ300957,32.45,1.9290988,0.9860046012269938,0.9762269938650306,0.2463573619631902,0.6627684049079755,量能水平;量能波动,2,False
SZ300958,12.389999,0.29018122,0.6794478527607362,0.5561733128834356,0.857170245398773,0.36138803680981596,量能动量,1,False
SZ300959,86.0,2.1091645,0.8468174846625767,0.8694401840490797,0.8765337423312883,0.7697469325153374,量能水平;量能波动;量能动量,3,False
SZ300960,18.97,0.44818085,0.4231211656441718,0.6353527607361963,0.9683665644171779,0.9873466257668712,量能动量;量能比,2,False
SZ300961,11.580001,1.6371771,0.9652990797546013,0.8535276073619632,0.1441717791411043,0.0013420245398773007,量能水平;量能波动,2,False
SZ300962,12.96,0.242395,0.3797929447852761,0.13592791411042945,0.1857745398773006,0.49213957055214724,,0,True
SZ300963,10.61,0.54364854,0.38516104294478526,0.31077453987730064,0.5023006134969326,0.3075153374233129,,0,True
SZ300964,71.880005,5.7636347,0.9227377300613497,0.8541027607361963,0.31537576687116564,0.5722776073619632,量能水平;量能波动,2,False
SZ300965,42.120003,0.2766717,0.4952070552147239,0.3178680981595092,0.38190184049079756,0.5308665644171779,,0,True
SZ300966,24.74,0.56040436,0.661042944785276,0.7730061349693251,0.5141871165644172,0.8460506134969326,量能比,1,False
SZ300967,16.15,1.0214506,0.7509585889570553,0.526840490797546,0.2241180981595092,0.044670245398773005,,0,True
SZ300968,9.55,0.9062126,0.7643788343558282,0.584930981595092,0.35410276073619634,0.04006901840490797,,0,True
SZ300969,74.560005,2.090142,0.4616564417177914,0.31173312883435583,0.3679064417177914,0.14167944785276074,,0,True
SZ300970,17.03,3.6919217,0.9612730061349694,0.9560966257668712,0.05943251533742331,0.05540644171779141,量能水平;量能波动,2,False
SZ300971,17.4,0.3556364,0.3843941717791411,0.1182898773006135,0.42829754601226994,0.4735429447852761,,0,True
SZ300972,155.6,3.06592,0.2931365030674847,0.5440950920245399,0.3709739263803681,0.8151840490797546,量能比,1,False
SZ300973,25.510002,0.60440314,0.8151840490797546,0.7137653374233128,0.5276073619631901,0.31096625766871167,量能水平,1,False
SZ300975,23.919998,10.261625,0.9808282208588958,0.9428680981595092,0.1575920245398773,0.4148773006134969,量能水平;量能波动,2,False
SZ300976,57.589996,3.4628868,0.9047162576687117,0.633819018404908,0.5747699386503068,0.23140337423312884,量能水平,1,False
SZ300977,18.900002,0.7035236,0.6010352760736196,0.7599693251533742,0.7921779141104295,0.77204754601227,,0,True
SZ300978,8.74,0.3040217,0.5394938650306749,0.5233895705521472,0.09662576687116564,0.7045628834355828,,0,True
SZ300979,34.02,0.80303395,0.7942868098159509,0.8968558282208589,0.9490030674846626,0.8834355828220859,量能波动;量能动量;量能比,3,False
SZ300980,22.98,0.75663936,0.6180981595092024,0.5950920245398773,0.5385352760736196,0.5166794478527608,,0,True
SZ300981,18.57,2.7185938,0.9651073619631901,0.9854294478527608,0.7227760736196319,0.8828604294478528,量能水平;量能波动;量能比,3,False
SZ300982,14.22,0.2830158,0.34202453987730064,0.20724693251533743,0.424079754601227,0.48236196319018404,,0,True
SZ300983,37.24,0.41448137,0.39628067484662577,0.5070935582822086,0.06096625766871166,0.6813650306748467,,0,True
SZ300984,30.890001,1.036745,0.3715490797546012,0.3981978527607362,0.38055981595092025,0.6976610429447853,,0,True
SZ300985,34.89,1.0503918,0.531058282208589,0.6090874233128835,0.7730061349693251,0.8399156441717791,量能比,1,False
SZ300986,11.04,2.9353204,0.8652223926380368,0.8360812883435583,0.38151840490797545,0.584930981595092,量能水平;量能波动,2,False
SZ300987,14.050001,1.4480971,0.9139187116564417,0.9323236196319018,0.010736196319018405,0.7158742331288344,量能水平;量能波动,2,False
SZ300988,16.14,0.5305765,0.4892638036809816,0.2446319018404908,0.7135736196319018,0.7430981595092024,,0,True
SZ300989,14.7300005,0.6784833,0.567292944785276,0.7028374233128835,0.008243865030674846,0.6253834355828221,,0,True
SZ300990,99.1,9.028213,0.8621549079754601,0.85295245398773,0.03067484662576687,0.24309815950920247,量能水平;量能波动,2,False
SZ300991,26.199999,1.7544551,0.7699386503067485,0.5634585889570553,0.17331288343558282,0.2580521472392638,,0,True
SZ300992,27.69,1.0992856,0.776840490797546,0.9380751533742331,0.014570552147239263,0.8606211656441718,量能波动;量能比,2,False
SZ300993,9.719999,0.2422151,0.18424079754601227,0.1593174846625767,0.8521855828220859,0.776840490797546,量能动量,1,False
SZ300994,11.360001,0.23432338,0.3253450920245399,0.2241180981595092,0.527032208588957,0.5856978527607362,,0,True
SZ300995,26.050001,0.4080181,0.4449769938650307,0.18941717791411042,0.5496549079754601,0.21376533742331288,,0,True
SZ300996,12.05,2.972359,0.8953220858895705,0.9259969325153374,0.2524923312883436,0.5245398773006135,量能水平;量能波动,2,False
SZ300997,15.089999,1.9997184,0.8999233128834356,0.8472009202453987,0.05387269938650307,0.16851993865030676,量能水平;量能波动,2,False
SZ300998,29.319998,1.4507569,0.7981211656441718,0.8449003067484663,0.7250766871165644,0.8383819018404908,量能波动;量能比,2,False
SZ300999,24.18,3.499535,0.9762269938650306,0.9098926380368099,0.34930981595092025,0.11809815950920245,量能水平;量能波动,2,False
SZ301000,23.73,0.72061545,0.35026840490797545,0.44651073619631904,0.0924079754601227,0.6903757668711656,,0,True
SZ301001,25.31,0.3565041,0.5082438650306749,0.48006134969325154,0.38535276073619634,0.31940184049079756,,0,True
SZ301002,26.289999,0.9942287,0.8577453987730062,0.7256518404907976,0.37519171779141103,0.3797929447852761,量能水平,1,False
SZ301003,56.399998,1.6466398,0.5927914110429447,0.6223159509202454,0.35295245398773006,0.35506134969325154,,0,True
SZ301004,38.28,0.2803367,0.04716257668711656,0.6662193251533742,0.9988496932515337,0.9652990797546013,量能动量;量能比,2,False
SZ301005,58.36,3.1814444,0.5251150306748467,0.5306748466257669,0.6729294478527608,0.6633435582822086,,0,True
SZ301006,13.76,0.23220806,0.3100076687116564,0.294478527607362,0.6620015337423313,0.5329754601226994,,0,True
SZ301007,30.400002,0.8171532,0.4712423312883436,0.28431748466257667,0.7524923312883436,0.18596625766871167,,0,True
SZ301008,55.399998,5.847129,0.9486196319018405,0.9637653374233128,0.7893021472392638,0.8819018404907976,量能水平;量能波动;量能比,3,False
SZ301009,9.2,0.25503013,0.44401840490797545,0.35908742331288346,0.32611196319018404,0.5509969325153374,,0,True
SZ301010,19.46,0.4641641,0.46721625766871167,0.47891104294478526,0.39608895705521474,0.9490030674846626,量能比,1,False
SZ301011,15.35,0.5611987,0.6545245398773006,0.8640720858895705,0.013228527607361963,0.9008819018404908,量能波动;量能比,2,False
SZ301012,22.17,1.4771782,0.7177914110429447,0.8065567484662577,0.06595092024539877,0.4856211656441718,量能波动,1,False
SZ301013,34.54,6.154617,0.910851226993865,0.7356211656441718,0.37691717791411045,0.5371932515337423,量能水平,1,False
SZ301015,24.95,1.5469863,0.8799846625766872,0.9507285276073619,0.009202453987730062,0.7708972392638037,量能水平;量能波动,2,False
SZ301016,15.110001,0.7962104,0.5105444785276073,0.5485046012269938,0.8638803680981595,0.232170245398773,量能动量,1,False
SZ301017,12.97,0.62779367,0.6886503067484663,0.7797162576687117,0.700920245398773,0.8932131901840491,量能比,1,False
SZ301018,91.740005,16.420946,0.8855444785276073,0.7829754601226994,0.041794478527607364,0.1424463190184049,量能水平,1,False
SZ301019,15.659999,0.2083841,0.13554447852760737,0.17868098159509202,0.06997699386503067,0.5991180981595092,,0,True
SZ301020,22.63,0.782566,0.6167561349693251,0.7971625766871165,0.9725843558282209,0.8811349693251533,量能动量;量能比,2,False
SZ301021,81.15,8.96224,0.9447852760736196,0.8316717791411042,0.15145705521472394,0.5291411042944786,量能水平;量能波动,2,False
SZ301022,22.19,0.29752067,0.3556365030674847,0.2973542944785276,0.3165260736196319,0.22315950920245398,,0,True
SZ301023,28.94,0.3166494,0.23964723926380369,0.25325920245398775,0.6959355828220859,0.6821319018404908,,0,True
SZ301024,33.59,0.3235646,0.28642638036809814,0.254409509202454,0.8157592024539877,0.6809815950920245,量能动量,1,False
SZ301025,9.84,1.8978845,0.9616564417177914,0.8937883435582822,0.1790644171779141,0.1401457055214724,量能水平;量能波动,2,False
SZ301026,18.43,0.83744687,0.7864263803680982,0.6769555214723927,0.8746165644171779,0.15970092024539878,量能动量,1,False
SZ301027,18.779999,1.1178452,0.7250766871165644,0.8757668711656442,0.8180598159509203,0.7041794478527608,量能波动;量能动量,2,False
SZ301028,13.04,0.557349,0.40701687116564417,0.6347776073619632,0.8742331288343558,0.8445168711656442,量能动量;量能比,2,False
SZ301029,24.37,1.5991818,0.9384585889570553,0.7406058282208589,0.8330138036809815,0.3165260736196319,量能水平;量能动量,2,False
SZ301030,4.8500004,0.77483165,0.8174846625766872,0.6761886503067485,0.41506901840490795,0.9169861963190185,量能水平;量能比,2,False
SZ301031,94.229996,2.0535898,0.6414877300613497,0.7262269938650306,0.61579754601227,0.6690950920245399,,0,True
SZ301032,10.280001,0.32792976,0.27089723926380366,0.27569018404907975,0.6719708588957055,0.5947085889570553,,0,True
SZ301033,53.93,0.44761857,0.3588957055214724,0.6702453987730062,0.7252684049079755,0.8598542944785276,量能比,1,False
SZ301035,48.77,1.0178568,0.3165260736196319,0.598351226993865,0.6811733128834356,0.8763420245398773,量能比,1,False
SZ301036,22.259998,0.20480114,0.25786042944785276,0.19229294478527606,0.4350076687116564,0.6334355828220859,,0,True
SZ301037,13.16,0.25577804,0.2348542944785276,0.2921779141104294,0.7062883435582822,0.589532208588957,,0,True
SZ301038,16.36,0.5029763,0.2338957055214724,0.3234279141104294,0.9041411042944786,0.2670628834355828,量能动量,1,False
SZ301039,7.26,0.83957374,0.7041794478527608,0.5475460122699386,0.41411042944785276,0.4348159509202454,,0,True
SZ301040,25.880001,0.52436733,0.526648773006135,0.5699769938650306,0.4338573619631902,0.2223926380368098,,0,True
SZ301041,35.22,2.9617188,0.8951303680981595,0.7613113496932515,0.4388420245398773,0.8410659509202454,量能水平;量能比,2,False
SZ301042,29.2,0.91827816,0.6328604294478528,0.34087423312883436,0.5318251533742331,0.3518021472392638,,0,True
SZ301043,48.35,0.6645548,0.3015720858895706,0.26591257668711654,0.401840490797546,0.33320552147239263,,0,True
SZ301045,66.62,2.2933826,0.6623849693251533,0.647239263803681,0.4442101226993865,0.8320552147239264,量能比,1,False
SZ301046,33.65,2.2982984,0.9100843558282209,0.7563266871165644,0.7986963190184049,0.3330138036809816,量能水平,1,False
SZ301047,146.0,9.948283,0.9973159509202454,0.9965490797546013,0.652032208588957,0.9311733128834356,量能水平;量能波动;量能比,3,False
SZ301048,8.91,0.29715273,0.35908742331288346,0.26016104294478526,0.6901840490797546,0.19708588957055215,,0,True
SZ301050,26.960001,0.785311,0.8815184049079755,0.7057131901840491,0.5021088957055214,0.44171779141104295,量能水平,1,False
SZ301051,17.29,1.3813442,0.8726993865030674,0.8865030674846626,0.6023773006134969,0.4187116564417178,量能水平;量能波动,2,False
SZ301052,23.609999,1.4475513,0.745207055214724,0.4075920245398773,0.49348159509202455,0.21012269938650308,,0,True
SZ301053,34.73,1.08038,0.4808282208588957,0.393021472392638,0.4526457055214724,0.03949386503067485,,0,True
SZ301055,29.699999,1.3140408,0.6875,0.682707055214724,0.5015337423312883,0.3077070552147239,,0,True
SZ301056,13.07,0.75789624,0.4384585889570552,0.4267638036809816,0.8541027607361963,0.2521088957055215,量能动量,1,False
SZ301057,22.36,0.7152961,0.4664493865030675,0.5651840490797546,0.9482361963190185,0.9624233128834356,量能动量;量能比,2,False
SZ301058,8.39,1.22435,0.7524923312883436,0.8585122699386503,0.40797546012269936,0.3978144171779141,量能波动,1,False
SZ301059,13.050001,0.3084232,0.20590490797546013,0.3050230061349693,0.9143021472392638,0.8427914110429447,量能动量;量能比,2,False
SZ301060,11.85,1.7698264,0.8604294478527608,0.870782208588957,0.1593174846625767,0.8504601226993865,量能水平;量能波动;量能比,3,False
SZ301061,41.280003,1.6922948,0.5544478527607362,0.6547162576687117,0.04275306748466258,0.6357361963190185,,0,True
SZ301062,6.8599997,0.4174246,0.6550996932515337,0.5648006134969326,0.4361579754601227,0.401840490797546,,0,True
SZ301063,18.529999,0.28058562,0.48600460122699385,0.526648773006135,0.8981978527607362,0.8366564417177914,量能动量;量能比,2,False
SZ301065,20.0,0.27986673,0.4499616564417178,0.1834739263803681,0.7906441717791411,0.6244248466257669,,0,True
SZ301066,12.389999,0.6753268,0.4714340490797546,0.4879217791411043,0.24904141104294478,0.6290260736196319,,0,True
SZ301067,32.649998,1.0873364,0.6710122699386503,0.6485812883435583,0.7939033742331288,0.5941334355828221,,0,True
SZ301068,23.84,0.44175693,0.19938650306748465,0.26974693251533743,0.5519555214723927,0.29026073619631904,,0,True
SZ301069,15.34,0.6320294,0.6524156441717791,0.2718558282208589,0.660851226993865,0.3307131901840491,,0,True
SZ301070,64.369995,1.4933503,0.3378067484662577,0.35295245398773006,0.607170245398773,0.49444018404907975,,0,True
SZ301071,65.98,14.867975,0.995590490797546,0.9708588957055214,0.1713957055214724,0.37825920245398775,量能水平;量能波动,2,False
SZ301072,45.29,1.268422,0.4160276073619632,0.7383052147239264,0.6100460122699386,0.9587806748466258,量能比,1,False
SZ301073,17.210001,1.6551298,0.5998849693251533,0.4348159509202454,0.24923312883435583,0.10141871165644172,,0,True
SZ301075,63.840004,0.7304383,0.3245782208588957,0.5023006134969326,0.07151073619631902,0.70954754601227,,0,True
SZ301076,20.48,0.9734198,0.4432515337423313,0.2570935582822086,0.44785276073619634,0.22737730061349692,,0,True
SZ301077,21.37,0.45099527,0.2751150306748466,0.3101993865030675,0.04658742331288344,0.23044478527607362,,0,True
SZ301078,6.8500004,1.5574538,0.9453604294478528,0.8138420245398773,0.2754984662576687,0.06345858895705521,量能水平;量能波动,2,False
SZ301079,26.980001,0.96116936,0.5084355828220859,0.7611196319018405,0.9396088957055214,0.6583588957055214,量能动量,1,False
SZ301080,120.82,14.454894,0.9904141104294478,0.9737346625766872,0.26495398773006135,0.8533358895705522,量能水平;量能波动;量能比,3,False
SZ301081,17.59,1.1555394,0.6016104294478528,0.7360046012269938,0.7753067484662577,0.7695552147239264,,0,True
SZ301082,9.55,0.6020161,0.5053680981595092,0.49348159509202455,0.294478527607362,0.22469325153374234,,0,True
SZ301083,14.259999,0.23141974,0.13055981595092025,0.1861579754601227,0.910659509202454,0.8544861963190185,量能动量;量能比,2,False
SZ301085,76.18,4.7244754,0.8138420245398773,0.8071319018404908,0.7369631901840491,0.5214723926380368,量能水平;量能波动,2,False
SZ301086,157.99,8.900409,0.8675230061349694,0.7758819018404908,0.11273006134969325,0.14455521472392638,量能水平,1,False
SZ301087,53.229996,1.4088359,0.718558282208589,0.7315950920245399,0.12059049079754601,0.23542944785276074,,0,True
SZ301088,13.309999,0.23045348,0.25325920245398775,0.39838957055214724,0.2204754601226994,0.285851226993865,,0,True
SZ301089,24.419998,0.46988237,0.3677147239263804,0.5105444785276073,0.4844708588957055,0.9267638036809815,量能比,1,False
SZ301090,6.9300003,0.50615466,0.6713957055214724,0.7618865030674846,0.45379601226993865,0.4601226993865031,,0,True
SZ301091,19.49,1.2104427,0.3934049079754601,0.42024539877300615,0.4708588957055215,0.5835889570552147,,0,True
SZ301092,42.390003,0.97910774,0.4831288343558282,0.37346625766871167,0.1388036809815951,0.5419861963190185,,0,True
SZ301093,63.38,4.028815,0.7580521472392638,0.723542944785276,0.2563266871165644,0.8983895705521472,量能比,1,False
SZ301095,70.56,3.7875085,0.9766104294478528,0.8922546012269938,0.31805981595092025,0.35640337423312884,量能水平;量能波动,2,False
SZ301096,45.99,1.7076011,0.9035659509202454,0.6382285276073619,0.3763420245398773,0.7200920245398773,量能水平,1,False
SZ301097,34.4,0.22322422,0.14321319018404907,0.13899539877300612,0.6008435582822086,0.30866564417177916,,0,True
SZ301098,8.59,0.5734506,0.6865414110429447,0.5138036809815951,0.5488880368098159,0.2379217791411043,,0,True
SZ301099,56.480003,4.4699917,0.8291794478527608,0.950920245398773,0.9340490797546013,0.9576303680981595,量能水平;量能波动;量能动量;量能比,4,False
SZ301101,29.9,0.5526456,0.486579754601227,0.5055598159509203,0.19804447852760737,0.5952837423312883,,0,True
SZ301102,9.44,0.22695546,0.2227760736196319,0.4745015337423313,0.7933282208588958,0.7952453987730062,,0,True
SZ301103,16.45,0.25678745,0.35065184049079756,0.2429064417177914,0.45494631901840493,0.7116564417177914,,0,True
SZ301105,48.15,0.32848033,0.10870398773006135,0.015337423312883436,0.6512653374233128,0.14072085889570551,,0,True
SZ301106,18.689999,0.81582135,0.5299079754601227,0.5231978527607362,0.2200920245398773,0.12653374233128833,,0,True
SZ301107,23.51,0.60682917,0.4388420245398773,0.3174846625766871,0.12250766871165644,0.84375,量能比,1,False
SZ301108,52.55,0.9414496,0.6276840490797546,0.6282592024539877,0.8456671779141104,0.9369248466257669,量能动量;量能比,2,False
SZ301109,12.56,0.47127247,0.26744631901840493,0.14896472392638035,0.47181748466257667,0.20379601226993865,,0,True
SZ301110,35.3,1.338611,0.6836656441717791,0.8546779141104295,0.24789110429447853,0.5028757668711656,量能波动,1,False
SZ301111,21.63,1.2457589,0.7661042944785276,0.32131901840490795,0.41851993865030673,0.1418711656441718,,0,True
SZ301112,29.460001,0.26162907,0.3067484662576687,0.28680981595092025,0.7241180981595092,0.36234662576687116,,0,True
SZ301113,17.57,0.22185387,0.2887269938650307,0.3084739263803681,0.4434432515337423,0.6042944785276073,,0,True
SZ301115,33.899998,2.133965,0.7940950920245399,0.7651457055214724,0.8805598159509203,0.9304064417177914,量能动量;量能比,2,False
SZ301116,9.160001,0.4729523,0.7557515337423313,0.6363113496932515,0.7975460122699386,0.21913343558282208,,0,True
SZ301117,11.91,0.9807524,0.8730828220858896,0.8893788343558282,0.91545245398773,0.1736963190184049,量能水平;量能波动;量能动量,3,False
SZ301118,23.11,0.5924341,0.6945935582822086,0.36445552147239263,0.7615030674846626,0.4545628834355828,,0,True
SZ301119,26.24,1.1112525,0.6284509202453987,0.7151073619631901,0.6106211656441718,0.2584355828220859,,0,True
SZ301120,14.15,0.8637424,0.4723926380368098,0.38880368098159507,0.3149923312883436,0.2463573619631902,,0,True
SZ301121,35.4,0.4294214,0.4708588957055215,0.3544861963190184,0.7599693251533742,0.42254601226993865,,0,True
SZ301122,64.71,3.1213787,0.892829754601227,0.9225460122699386,0.9307898773006135,0.9022239263803681,量能水平;量能波动;量能动量;量能比,4,False
SZ301123,69.84,7.043219,0.9302147239263804,0.6759969325153374,0.19785276073619631,0.17465490797546013,量能水平,1,False
SZ301125,14.37,0.5339647,0.2923696319018405,0.25901073619631904,0.9570552147239264,0.8424079754601227,量能动量;量能比,2,False
SZ301126,10.309999,0.30565593,0.43673312883435583,0.1411042944785276,0.7532592024539877,0.6286426380368099,,0,True
SZ301127,15.039999,4.015612,0.9133435582822086,0.807898773006135,0.8255368098159509,0.5701687116564417,量能水平;量能波动;量能动量,3,False
SZ301128,107.6,9.228236,0.7994631901840491,0.6042944785276073,0.12691717791411042,0.09394171779141104,,0,True
SZ301129,23.67,0.51944095,0.4737346625766871,0.5115030674846626,0.27971625766871167,0.44631901840490795,,0,True
SZ301130,28.15,1.7013606,0.8962806748466258,0.9185199386503068,0.40318251533742333,0.7164493865030674,量能水平;量能波动,2,False
SZ301131,33.07,0.255295,0.36368865030674846,0.20686349693251535,0.7465490797546013,0.36273006134969327,,0,True
SZ301132,64.75,7.0760584,0.9499616564417178,0.9432515337423313,0.495398773006135,0.8903374233128835,量能水平;量能波动;量能比,3,False
SZ301133,25.59,0.8869365,0.7519171779141104,0.6779141104294478,0.2919861963190184,0.1633435582822086,,0,True
SZ301135,18.02,0.27183256,0.22124233128834356,0.3799846625766871,0.7254601226993865,0.6867331288343558,,0,True
SZ301136,12.75,1.3347176,0.8431748466257669,0.9825536809815951,0.9877300613496932,0.8753834355828221,量能水平;量能波动;量能动量;量能比,4,False
SZ301137,29.859999,0.89187574,0.40912576687116564,0.09969325153374232,0.32400306748466257,0.20571319018404907,,0,True
SZ301138,29.11,0.3057894,0.4848542944785276,0.7528757668711656,0.8617714723926381,0.8728911042944786,量能动量;量能比,2,False
SZ301141,35.760002,0.5815676,0.2873849693251534,0.4576303680981595,0.9290644171779141,0.8629217791411042,量能动量;量能比,2,False
SZ301148,57.190002,0.751614,0.25191717791411045,0.4624233128834356,0.29275306748466257,0.7937116564417178,,0,True
SZ301149,8.56,1.097818,0.8182515337423313,0.9555214723926381,0.9794861963190185,0.933090490797546,量能水平;量能波动;量能动量;量能比,4,False
SZ301150,41.71,8.498467,0.9490030674846626,0.9856211656441718,0.5864647239263804,0.9190950920245399,量能水平;量能波动;量能比,3,False
SZ301151,20.82,1.5054175,0.7595858895705522,0.3868865030674847,0.27952453987730064,0.036042944785276074,,0,True
SZ301152,20.67,1.3787149,0.9304064417177914,0.7425230061349694,0.24444018404907975,0.03853527607361963,量能水平,1,False
SZ301153,16.920002,0.6536889,0.3631134969325153,0.21376533742331288,0.5755368098159509,0.23293711656441718,,0,True
SZ301155,42.410004,2.5297537,0.9892638036809815,0.9587806748466258,0.3447085889570552,0.616180981595092,量能水平;量能波动,2,False
SZ301156,11.879999,0.6721435,0.4697085889570552,0.19248466257668712,0.40299079754601225,0.053105828220858894,,0,True
SZ301157,63.0,0.5124901,0.4311733128834356,0.509010736196319,0.17791411042944785,0.7039877300613497,,0,True
SZ301158,14.15,1.1931629,0.70954754601227,0.4491947852760736,0.2402223926380368,0.005559815950920245,,0,True
SZ301159,31.639997,0.5711492,0.5989263803680982,0.5339340490797546,0.6526073619631901,0.6424463190184049,,0,True
SZ301160,41.29,1.8749504,0.5655674846625767,0.6597009202453987,0.9121932515337423,0.8588957055214724,量能动量;量能比,2,False
SZ301161,29.25,0.87504435,0.5011503067484663,0.45379601226993865,0.1280674846625767,0.5093941717791411,,0,True
SZ301162,36.62,0.52195984,0.2106978527607362,0.34068251533742333,0.6537576687116564,0.7576687116564417,,0,True
SZ301163,23.640001,0.2769563,0.22833588957055215,0.21088957055214724,0.8366564417177914,0.7599693251533742,量能动量,1,False
SZ301165,102.369995,15.805193,0.8424079754601227,0.7377300613496932,0.29486196319018404,0.23504601226993865,量能水平,1,False
SZ301166,33.15,0.5916351,0.7781825153374233,0.6163726993865031,0.7507668711656442,0.9455521472392638,量能比,1,False
SZ301167,13.500001,0.3153994,0.41526073619631904,0.39570552147239263,0.5912576687116564,0.4683665644171779,,0,True
SZ301168,39.98,0.29633948,0.26763803680981596,0.3736579754601227,0.808090490797546,0.17695552147239263,量能动量,1,False
SZ301169,51.039997,0.93813616,0.4932898773006135,0.4628067484662577,0.1495398773006135,0.5299079754601227,,0,True
SZ301171,32.19,24.809011,0.9948236196319018,0.9927147239263804,0.2156825153374233,0.3029141104294479,量能水平;量能波动,2,False
SZ301172,17.45,1.150849,0.6951687116564417,0.45743865030674846,0.665069018404908,0.11733128834355828,,0,True
SZ301175,5.52,0.67535305,0.5293328220858896,0.38055981595092025,0.4875383435582822,0.3728911042944785,,0,True
SZ301176,53.539997,7.643344,0.8734662576687117,0.928489263803681,0.6226993865030674,0.8723159509202454,量能水平;量能波动;量能比,3,False
SZ301177,22.859999,0.6435126,0.9208205521472392,0.47047546012269936,0.16583588957055215,0.004409509202453987,量能水平,1,False
SZ301178,34.699997,1.1152321,0.6418711656441718,0.7689800613496932,0.4267638036809816,0.794670245398773,,0,True
SZ301179,19.44,0.9084778,0.49444018404907975,0.5529141104294478,0.5028757668711656,0.35141871165644173,,0,True
SZ301180,11.410001,0.50639987,0.7252684049079755,0.5118865030674846,0.7083972392638037,0.18865030674846625,,0,True
SZ301181,25.75,0.6043043,0.3784509202453988,0.624808282208589,0.8711656441717791,0.9334739263803681,量能动量;量能比,2,False
SZ301182,61.33,2.5965815,0.759010736196319,0.825920245398773,0.35755368098159507,0.5417944785276073,量能波动,1,False
SZ301183,282.0,12.087446,0.7743481595092024,0.6403374233128835,0.47200920245398775,0.5191717791411042,,0,True
SZ301185,17.099998,0.28788847,0.31537576687116564,0.11157975460122699,0.718941717791411,0.3378067484662577,,0,True
SZ301186,33.22,0.63883495,0.4601226993865031,0.65625,0.8836273006134969,0.9166027607361963,量能动量;量能比,2,False
SZ301187,15.759999,0.5396043,0.4035659509202454,0.4723926380368098,0.12921779141104295,0.8889953987730062,量能比,1,False
SZ301188,33.88,5.018377,0.9171779141104295,0.8688650306748467,0.3978144171779141,0.8690567484662577,量能水平;量能波动;量能比,3,False
SZ301189,69.86,5.050007,0.8920628834355828,0.8744248466257669,0.46587423312883436,0.7754984662576687,量能水平;量能波动,2,False
SZ301190,24.95,1.4742818,0.8531441717791411,0.942101226993865,0.9838957055214724,0.8186349693251533,量能水平;量能波动;量能动量;量能比,4,False
SZ301191,79.11,3.1161566,0.7553680981595092,0.7216257668711656,0.5370015337423313,0.5809049079754601,,0,True
SZ301192,19.619999,0.2520472,0.2670628834355828,0.05061349693251534,0.2956288343558282,0.2825920245398773,,0,True
SZ301193,22.51,1.3568208,0.7220092024539877,0.7268021472392638,0.6196319018404908,0.9212039877300614,量能比,1,False
SZ301195,26.830002,0.26343405,0.24520705521472394,0.3054064417177914,0.4156441717791411,0.7710889570552147,,0,True
SZ301196,82.200005,4.8200436,0.8241947852760736,0.7896855828220859,0.17580521472392638,0.17599693251533743,量能水平,1,False
SZ301197,26.4,0.7823896,0.6042944785276073,0.8558282208588958,0.9135352760736196,0.8947469325153374,量能波动;量能动量;量能比,3,False
SZ301198,13.860001,0.5554042,0.6752300613496932,0.8899539877300614,0.9131518404907976,0.9647239263803681,量能波动;量能动量;量能比,3,False
SZ301199,18.03,0.23398432,0.21721625766871167,0.034892638036809816,0.34547546012269936,0.13765337423312884,,0,True
SZ301200,233.37999,6.81271,0.7222009202453987,0.6972776073619632,0.19075920245398773,0.7262269938650306,,0,True
SZ301201,29.41,1.9955865,0.9390337423312883,0.9875383435582822,0.8107745398773006,0.9451687116564417,量能水平;量能波动;量能动量;量能比,4,False
SZ301202,36.320004,0.55490726,0.38995398773006135,0.5996932515337423,0.6056365030674846,0.7202837423312883,,0,True
SZ301205,266.80002,19.139154,0.7563266871165644,0.8174846625766872,0.5730444785276073,0.4267638036809816,量能波动,1,False
SZ301206,23.48,1.458625,0.9305981595092024,0.8406825153374233,0.17292944785276074,0.09950153374233128,量能水平;量能波动,2,False
SZ301207,19.78,1.534956,0.9001150306748467,0.8723159509202454,0.785659509202454,0.91545245398773,量能水平;量能波动;量能比,3,False
SZ301208,29.97,0.39375767,0.2258435582822086,0.2116564417177914,0.5933665644171779,0.23677147239263804,,0,True
SZ301209,59.19,1.3282456,0.2557515337423313,0.3968558282208589,0.7707055214723927,0.879792944785276,量能比,1,False
SZ301210,29.3,1.3895453,0.6552914110429447,0.5122699386503068,0.08799846625766872,0.6131134969325154,,0,True
SZ301211,12.43,1.2065107,0.7925613496932515,0.8040644171779141,0.4315567484662577,0.7670628834355828,量能波动,1,False
SZ301212,26.02,0.38965496,0.3608128834355828,0.3353144171779141,0.6067868098159509,0.1777223926380368,,0,True
SZ301213,42.71,0.9135617,0.5216641104294478,0.8715490797546013,0.9568634969325154,0.9815950920245399,量能波动;量能动量;量能比,3,False
SZ301215,5.2200003,0.3939717,0.49309815950920244,0.44900306748466257,0.8713573619631901,0.5680598159509203,量能动量,1,False
SZ301216,16.4,5.2159467,0.9580138036809815,0.669670245398773,0.361579754601227,0.025115030674846626,量能水平,1,False
SZ301217,100.49999,34.746292,0.9697085889570553,0.9468941717791411,0.2929447852760736,0.5697852760736196,量能水平;量能波动,2,False
SZ301218,53.2,6.6523294,0.9545628834355828,0.9486196319018405,0.9591641104294478,0.4844708588957055,量能水平;量能波动;量能动量,3,False
SZ301219,38.750004,2.1180105,0.8585122699386503,0.6727377300613497,0.584930981595092,0.39398006134969327,量能水平,1,False
SZ301220,29.63,0.7768871,0.5324003067484663,0.44536042944785276,0.1656441717791411,0.6240414110429447,,0,True
SZ301221,26.68,0.44257,0.5753450920245399,0.6589340490797546,0.7434815950920245,0.5661426380368099,,0,True
SZ301222,24.9,0.5279534,0.5034509202453987,0.7175996932515337,0.718558282208589,0.9167944785276073,量能比,1,False
SZ301225,57.730003,2.0110712,0.6152223926380368,0.6140720858895705,0.17101226993865032,0.46050613496932513,,0,True
SZ301226,36.89,0.8756095,0.4838957055214724,0.642829754601227,0.9831288343558282,0.8957055214723927,量能动量;量能比,2,False
SZ301227,31.16,0.9710546,0.40241564417177916,0.432898773006135,0.7256518404907976,0.5185966257668712,,0,True
SZ301228,51.760002,1.685898,0.5789877300613497,0.2294861963190184,0.5949003067484663,0.294478527607362,,0,True
SZ301229,11.79,0.33839288,0.5488880368098159,0.42120398773006135,0.7239263803680982,0.607170245398773,,0,True
SZ301230,38.1,6.111477,0.9127684049079755,0.968941717791411,0.029716257668711655,0.9223542944785276,量能水平;量能波动;量能比,3,False
SZ301231,28.9,2.1658118,0.8287960122699386,0.847967791411043,0.2026457055214724,0.3709739263803681,量能水平;量能波动,2,False
SZ301232,84.450005,2.8473682,0.593558282208589,0.4942484662576687,0.5339340490797546,0.48006134969325154,,0,True
SZ301233,35.07,0.4405087,0.3197852760736196,0.6694785276073619,0.9714340490797546,0.9695168711656442,量能动量;量能比,2,False
SZ301234,128.01001,2.363409,0.5408358895705522,0.7578604294478528,0.8669478527607362,0.9524539877300614,量能动量;量能比,2,False
SZ301235,42.670002,3.5759435,0.9068251533742331,0.8849693251533742,0.4386503067484663,0.4012653374233129,量能水平;量能波动,2,False
SZ301236,35.55,5.627642,0.9242714723926381,0.8911042944785276,0.35276073619631904,0.5912576687116564,量能水平;量能波动,2,False
SZ301237,37.35,0.8220551,0.47871932515337423,0.5805214723926381,0.6754217791411042,0.6246165644171779,,0,True
SZ301238,15.2300005,1.0663382,0.8222776073619632,0.5703604294478528,0.6840490797546013,0.3544861963190184,量能水平,1,False
SZ301239,31.72,0.61601394,0.5726610429447853,0.5797546012269938,0.7361963190184049,0.6589340490797546,,0,True
SZ301246,17.1,1.0930403,0.8410659509202454,0.6993865030674846,0.3868865030674847,0.5799463190184049,量能水平,1,False
SZ301248,54.630005,1.869161,0.5437116564417178,0.3978144171779141,0.6382285276073619,0.78125,,0,True
SZ301251,82.68001,7.9824414,0.9557131901840491,0.7503834355828221,0.42963957055214724,0.7841257668711656,量能水平,1,False
SZ301252,37.85,1.2295314,0.5552147239263804,0.7024539877300614,0.7561349693251533,0.74079754601227,,0,True
SZ301255,18.949999,0.23979913,0.08148006134969325,0.12615030674846625,0.1646855828220859,0.5486963190184049,,0,True
SZ301256,9.780001,0.8332872,0.6133052147239264,0.6641104294478528,0.43194018404907975,0.08934049079754601,,0,True
SZ301257,40.47,1.6512432,0.8307131901840491,0.7862346625766872,0.11330521472392638,0.5818634969325154,量能水平,1,False
SZ301258,26.44,0.22636086,0.3491180981595092,0.4959739263803681,0.7183665644171779,0.8935966257668712,量能比,1,False
SZ301259,19.430002,1.0461638,0.46702453987730064,0.5161042944785276,0.8611963190184049,0.7925613496932515,量能动量,1,False
SZ301260,11.66,0.26019827,0.508819018404908,0.4629984662576687,0.30559815950920244,0.2476993865030675,,0,True
SZ301261,53.61,1.1343801,0.4965490797546012,0.25517638036809814,0.30598159509202455,0.18155674846625766,,0,True
SZ301262,20.060001,2.6385717,0.9338573619631901,0.8736579754601227,0.6069785276073619,0.22430981595092025,量能水平;量能波动,2,False
SZ301263,18.8,0.9399729,0.44766104294478526,0.7893021472392638,0.9403757668711656,0.9672162576687117,量能动量;量能比,2,False
SZ301265,21.68,2.1104088,0.7281441717791411,0.7327453987730062,0.39359662576687116,0.40433282208588955,,0,True
SZ301267,14.93,0.49307987,0.7105061349693251,0.7080138036809815,0.20571319018404907,0.5860812883435583,,0,True
SZ301268,11.629999,0.35368177,0.5185966257668712,0.6133052147239264,0.7697469325153374,0.8148006134969326,量能比,1,False
SZ301269,86.450005,4.6776648,0.9185199386503068,0.8784509202453987,0.22795245398773006,0.3188266871165644,量能水平;量能波动,2,False
SZ301270,31.419998,0.7868692,0.55329754601227,0.47910276073619634,0.2745398773006135,0.14129601226993865,,0,True
SZ301272,35.12,0.24883774,0.37672546012269936,0.2156825153374233,0.83454754601227,0.558282208588957,量能动量,1,False
SZ301273,36.179996,0.6736342,0.3241947852760736,0.32975460122699385,0.7916027607361963,0.5136119631901841,,0,True
SZ301275,38.960003,1.6578479,0.852569018404908,0.7371549079754601,0.4210122699386503,0.5695935582822086,量能水平,1,False
SZ301276,17.3,0.40317193,0.3696319018404908,0.23332055214723926,0.3822852760736196,0.44440184049079756,,0,True
SZ301277,10.35,0.29071763,0.2049463190184049,0.4973159509202454,0.7572852760736196,0.8922546012269938,量能比,1,False
SZ301278,28.810001,0.37238675,0.64704754601227,0.6037193251533742,0.07822085889570553,0.7800996932515337,,0,True
SZ301279,23.53,0.58024776,0.3316717791411043,0.4748849693251534,0.8516104294478528,0.48101993865030673,量能动量,1,False
SZ301280,41.47,0.79701626,0.17254601226993865,0.5375766871165644,0.9175613496932515,0.9361579754601227,量能动量;量能比,2,False
SZ301281,46.9,1.307669,0.455329754601227,0.5502300613496932,0.26265337423312884,0.6761886503067485,,0,True
SZ301282,40.03,7.120482,0.9413343558282209,0.7726226993865031,0.5621165644171779,0.37327453987730064,量能水平,1,False
SZ301283,25.240002,0.2744962,0.16736963190184048,0.13286042944785276,0.14858128834355827,0.2013036809815951,,0,True
SZ301285,91.0,2.4785218,0.370590490797546,0.5486963190184049,0.205329754601227,0.7524923312883436,,0,True
SZ301286,43.8,0.7456217,0.29006901840490795,0.39263803680981596,0.18692484662576686,0.2883435582822086,,0,True
SZ301287,41.39,0.35874763,0.24367331288343558,0.24233128834355827,0.6773389570552147,0.5009585889570553,,0,True
SZ301288,16.81,0.2346218,0.33243865030674846,0.45878067484662577,0.723542944785276,0.6928680981595092,,0,True
SZ301289,45.079998,0.31278405,0.11809815950920245,0.3351226993865031,0.9242714723926381,0.5755368098159509,量能动量,1,False
SZ301290,28.259998,0.45119968,0.4856211656441718,0.7128067484662577,0.8924463190184049,0.9461273006134969,量能动量;量能比,2,False
SZ301291,33.989998,1.9350696,0.7584355828220859,0.5761119631901841,0.8372315950920245,0.6692868098159509,量能动量,1,False
SZ301292,55.019997,3.3403912,0.7302530674846626,0.5772622699386503,0.23811349693251535,0.28125,,0,True
SZ301293,48.29,2.055078,0.7340874233128835,0.790069018404908,0.43328220858895705,0.7289110429447853,,0,True
SZ301295,36.350002,0.52929795,0.2643788343558282,0.3379984662576687,0.48025306748466257,0.32630368098159507,,0,True
SZ301297,46.91,11.512196,0.9164110429447853,0.9158358895705522,0.5688266871165644,0.7448236196319018,量能水平;量能波动,2,False
SZ301298,12.790001,0.22229633,0.2737730061349693,0.2808665644171779,0.2561349693251534,0.4445935582822086,,0,True
SZ301299,45.39,0.8124324,0.47526840490797545,0.6710122699386503,0.06978527607361963,0.6614263803680982,,0,True
SZ301300,32.12,0.56546426,0.5193634969325154,0.817292944785276,0.014378834355828221,0.9399923312883436,量能波动;量能比,2,False
SZ301301,8.01,1.085443,0.6435966257668712,0.763420245398773,0.34892638036809814,0.5272239263803681,,0,True
SZ301302,20.929998,1.0291644,0.8013803680981595,0.9562883435582822,0.7685966257668712,0.910467791411043,量能水平;量能波动;量能比,3,False
SZ301303,13.88,0.43827027,0.4445935582822086,0.7825920245398773,0.3389570552147239,0.8688650306748467,量能比,1,False
SZ301305,24.68,1.8827826,0.7248849693251533,0.6527990797546013,0.27128067484662577,0.6328604294478528,,0,True
SZ301306,90.39,2.6886876,0.7120398773006135,0.7037960122699386,0.8932131901840491,0.6054447852760736,量能动量,1,False
SZ301307,57.04,4.968238,0.84375,0.709930981595092,0.23907208588957055,0.2536426380368098,量能水平,1,False
SZ301308,312.0,30.654333,0.9840874233128835,0.973351226993865,0.3075153374233129,0.7294861963190185,量能水平;量能波动,2,False
SZ301309,29.849998,0.3735077,0.21836656441717792,0.4022239263803681,0.5433282208588958,0.39858128834355827,,0,True
SZ301310,57.41,3.4090178,0.7862346625766872,0.7969708588957055,0.9453604294478528,0.7494248466257669,量能动量,1,False
SZ301311,18.3,1.2962368,0.7268021472392638,0.9829371165644172,0.9994248466257669,0.9978911042944786,量能波动;量能动量;量能比,3,False
SZ301312,80.91,5.0274825,0.6434049079754601,0.7352377300613497,0.5546395705521472,0.7193251533742331,,0,True
SZ301313,29.360003,1.570012,0.6857745398773006,0.5243481595092024,0.3050230061349693,0.1804064417177914,,0,True
SZ301314,45.870003,0.45165128,0.4014570552147239,0.4156441717791411,0.8100076687116564,0.8295628834355828,量能动量;量能比,2,False
SZ301315,43.86,0.9626086,0.6627684049079755,0.8822852760736196,0.6432131901840491,0.9323236196319018,量能波动;量能比,2,False
SZ301316,38.5,4.2633567,0.8755751533742331,0.9474693251533742,0.6466641104294478,0.9081671779141104,量能水平;量能波动;量能比,3,False
SZ301317,44.36,1.557001,0.5113113496932515,0.4334739263803681,0.4915644171779141,0.1058282208588957,,0,True
SZ301319,86.659996,7.51631,0.6643021472392638,0.6065950920245399,0.17024539877300612,0.5513803680981595,,0,True
SZ301320,14.07,0.22796196,0.24942484662576686,0.2524923312883436,0.8148006134969326,0.6616180981595092,量能动量,1,False
SZ301321,47.079998,3.022915,0.7020705521472392,0.5007668711656442,0.8378067484662577,0.5741947852760736,量能动量,1,False
SZ301322,43.55,1.8927886,0.8449003067484663,0.9440184049079755,0.8362730061349694,0.7463573619631901,量能水平;量能波动;量能动量,3,False
SZ301323,73.979996,1.0493754,0.47181748466257667,0.4626150306748466,0.7492331288343558,0.5878067484662577,,0,True
SZ301325,30.16,0.65910167,0.7271855828220859,0.6531825153374233,0.21932515337423314,0.6037193251533742,,0,True
SZ301326,94.41,1.973415,0.5435199386503068,0.5226226993865031,0.3656058282208589,0.21625766871165644,,0,True
SZ301327,40.9,0.45682076,0.6405291411042945,0.7285276073619632,0.1455138036809816,0.43328220858895705,,0,True
SZ301328,46.5,1.2452418,0.5554064417177914,0.4411426380368098,0.8044478527607362,0.4932898773006135,量能动量,1,False
SZ301329,19.93,0.80211264,0.602569018404908,0.4925230061349693,0.263228527607362,0.4097009202453988,,0,True
SZ301330,25.58,0.831206,0.6054447852760736,0.23830521472392638,0.665260736196319,0.2645705521472393,,0,True
SZ301331,21.35,0.2592347,0.17561349693251535,0.09355828220858896,0.5373849693251533,0.6713957055214724,,0,True
SZ301332,7.61,0.23970562,0.2511503067484663,0.38554447852760737,0.9269555214723927,0.7471242331288344,量能动量,1,False
SZ301333,66.19,1.9025545,0.7565184049079755,0.629601226993865,0.21855828220858894,0.26974693251533743,,0,True
SZ301335,25.820002,0.70990294,0.5304831288343558,0.6658358895705522,0.13976226993865032,0.8071319018404908,量能比,1,False
SZ301336,41.69,0.5482747,0.5722776073619632,0.5837806748466258,0.19210122699386503,0.3763420245398773,,0,True
SZ301337,27.23,0.5465529,0.5682515337423313,0.8140337423312883,0.8550613496932515,0.9095092024539877,量能波动;量能动量;量能比,3,False
SZ301338,89.22,5.207056,0.8009969325153374,0.6781058282208589,0.6480061349693251,0.8119248466257669,量能水平;量能比,2,False
SZ301339,12.610001,0.98434174,0.6269171779141104,0.9472776073619632,0.9925230061349694,0.9722009202453987,量能波动;量能动量;量能比,3,False
SZ301345,229.60999,1.8678682,0.254601226993865,0.25019171779141103,0.10429447852760736,0.09049079754601227,,0,True
SZ301348,21.95,1.3867341,0.8725076687116564,0.5139953987730062,0.19574386503067484,0.6729294478527608,量能水平,1,False
SZ301349,43.329998,1.6544753,0.861579754601227,0.910851226993865,0.5680598159509203,0.7561349693251533,量能水平;量能波动,2,False
SZ301353,20.289999,0.2614154,0.20072852760736196,0.16449386503067484,0.9035659509202454,0.80329754601227,量能动量;量能比,2,False
SZ301355,12.05,0.7563303,0.6855828220858896,0.6301763803680982,0.3619631901840491,0.14570552147239263,,0,True
SZ301356,19.87,0.4190835,0.3937883435582822,0.7615030674846626,0.9737346625766872,0.9357745398773006,量能动量;量能比,2,False
SZ301357,89.26,5.929158,0.8385736196319018,0.67829754601227,0.08646472392638037,0.04294478527607362,量能水平,1,False
SZ301358,49.5,6.604326,0.9660659509202454,0.8943634969325154,0.46855828220858897,0.4842791411042945,量能水平;量能波动,2,False
SZ301359,19.43,0.34123853,0.20916411042944785,0.227760736196319,0.915069018404908,0.5427530674846626,量能动量,1,False
SZ301360,62.559994,1.516321,0.6480061349693251,0.7484662576687117,0.1915260736196319,0.7962039877300614,,0,True
SZ301361,26.779999,0.23272632,0.13496932515337423,0.27128067484662577,0.04582055214723926,0.714148773006135,,0,True
SZ301362,106.02,3.3797894,0.5987346625766872,0.3677147239263804,0.2641871165644172,0.660467791411043,,0,True
SZ301363,16.15,1.4678911,0.7356211656441718,0.9583972392638037,0.6698619631901841,0.9781441717791411,量能波动;量能比,2,False
SZ301365,34.53,1.0589395,0.36675613496932513,0.49616564417177916,0.7557515337423313,0.6677530674846626,,0,True
SZ301366,68.75,9.538988,0.89704754601227,0.8318634969325154,0.24884969325153375,0.8249616564417178,量能水平;量能波动;量能比,3,False
SZ301367,46.34,0.8196936,0.843558282208589,0.8084739263803681,0.7260352760736196,0.6228911042944786,量能水平;量能波动,2,False
SZ301368,38.6,0.5114791,0.20456288343558282,0.17331288343558282,0.4363496932515337,0.7977377300613497,,0,True
SZ301369,139.51,3.3129284,0.6993865030674846,0.8987730061349694,0.9323236196319018,0.9601226993865031,量能波动;量能动量;量能比,3,False
SZ301370,8.55,0.2113454,0.3907208588957055,0.29869631901840493,0.33454754601226994,0.3874616564417178,,0,True
SZ301371,20.61,0.61280155,0.6928680981595092,0.6821319018404908,0.02396472392638037,0.24424846625766872,,0,True
SZ301372,34.04,0.5036671,0.7051380368098159,0.6506901840490797,0.3773006134969325,0.4365414110429448,,0,True
SZ301373,122.520004,9.6311655,0.9012653374233128,0.8232361963190185,0.5460122699386503,0.8059815950920245,量能水平;量能波动;量能比,3,False
SZ301376,22.65,1.1348579,0.6489647239263804,0.43692484662576686,0.8356978527607362,0.08742331288343558,量能动量,1,False
SZ301377,350.31,10.7432,0.5318251533742331,0.40318251533742333,0.8222776073619632,0.7248849693251533,量能动量,1,False
SZ301378,24.93,0.52741367,0.6117714723926381,0.776840490797546,0.04447852760736196,0.7423312883435583,,0,True
SZ301379,19.99,1.9397149,0.5864647239263804,0.4612730061349693,0.4097009202453988,0.35601993865030673,,0,True
SZ301380,33.85,1.0724559,0.5697852760736196,0.455521472392638,0.17714723926380369,0.2979294478527607,,0,True
SZ301381,23.829998,1.395283,0.8364647239263804,0.834739263803681,0.0745782208588957,0.6794478527607362,量能水平;量能波动,2,False
SZ301382,37.69,3.5226262,0.83454754601227,0.7975460122699386,0.49712423312883436,0.821319018404908,量能水平;量能比,2,False
SZ301383,23.13,0.3669819,0.316909509202454,0.5801380368098159,0.19842791411042945,0.8042561349693251,量能比,1,False
SZ301386,21.09,0.29098347,0.1999616564417178,0.6393788343558282,0.8849693251533742,0.9783358895705522,量能动量;量能比,2,False
SZ301387,50.69,1.085086,0.43903374233128833,0.4459355828220859,0.7005368098159509,0.4351993865030675,,0,True
SZ301388,25.38,0.3599541,0.2800996932515337,0.2013036809815951,0.754217791411043,0.35371932515337423,,0,True
SZ301389,53.67,5.7251825,0.7754984662576687,0.6719708588957055,0.5277990797546013,0.5789877300613497,,0,True
SZ301391,44.07,0.633684,0.5086273006134969,0.38496932515337423,0.7206671779141104,0.34528374233128833,,0,True
SZ301392,157.65,7.273502,0.9336656441717791,0.8667561349693251,0.48504601226993865,0.41526073619631904,量能水平;量能波动,2,False
SZ301393,66.05,2.023832,0.8958972392638037,0.9585889570552147,0.6491564417177914,0.942101226993865,量能水平;量能波动;量能比,3,False
SZ301395,11.83,0.40532905,0.28316717791411045,0.24789110429447853,0.6464723926380368,0.5726610429447853,,0,True
SZ301396,165.07,20.112326,0.8301380368098159,0.9334739263803681,0.10832055214723926,0.8332055214723927,量能水平;量能波动;量能比,3,False
SZ301397,22.29,0.68275654,0.38151840490797545,0.37212423312883436,0.07841257668711657,0.05962423312883436,,0,True
SZ301398,38.000004,0.77257264,0.3773006134969325,0.4516871165644172,0.9043328220858896,0.482170245398773,量能动量,1,False
SZ301399,20.42,1.5889264,0.6815567484662577,0.5726610429447853,0.025690184049079755,0.055789877300613494,,0,True
SZ301408,14.57,1.551041,0.8454754601226994,0.9871549079754601,0.09681748466257668,0.9756518404907976,量能水平;量能波动;量能比,3,False
SZ301413,52.76,1.5394877,0.7016871165644172,0.6690950920245399,0.5251150306748467,0.660659509202454,,0,True
SZ301418,34.5,0.35629657,0.5843558282208589,0.5734279141104295,0.5469708588957055,0.6723542944785276,,0,True
SZ301419,41.530003,3.4781127,0.8680981595092024,0.75920245398773,0.02415644171779141,0.5805214723926381,量能水平,1,False
SZ301421,73.14,2.3125198,0.7164493865030674,0.5833972392638037,0.3174846625766871,0.36119631901840493,,0,True
SZ301428,26.49,0.65969193,0.6069785276073619,0.8495015337423313,0.6142638036809815,0.8006134969325154,量能波动;量能比,2,False
SZ301429,17.37,0.2566585,0.28201687116564417,0.17120398773006135,0.9300230061349694,0.7705138036809815,量能动量,1,False
SZ301439,13.850001,1.1905366,0.7697469325153374,0.42618865030674846,0.1460889570552147,0.01763803680981595,,0,True
SZ301446,39.16,0.34843457,0.1347776073619632,0.4746932515337423,0.8671395705521472,0.937308282208589,量能动量;量能比,2,False
SZ301448,53.289997,0.8330056,0.3255368098159509,0.53125,0.7737730061349694,0.94670245398773,量能比,1,False
SZ301449,39.76,0.59901786,0.5855061349693251,0.5751533742331288,0.09988496932515338,0.18788343558282208,,0,True
SZ301456,25.699999,0.68660766,0.6802147239263804,0.776648773006135,0.5231978527607362,0.808090490797546,量能比,1,False
SZ301458,35.76,2.493987,0.8284125766871165,0.7524923312883436,0.3920628834355828,0.522430981595092,量能水平,1,False
SZ301459,31.51,0.27869555,0.22354294478527606,0.07246932515337423,0.4327070552147239,0.2923696319018405,,0,True
SZ301468,30.789997,1.2025774,0.6177147239263804,0.5153374233128835,0.2954371165644172,0.5019171779141104,,0,True
SZ301469,28.62,0.26980507,0.3581288343558282,0.33243865030674846,0.3621549079754601,0.6110046012269938,,0,True
SZ301479,48.8,1.2443777,0.785467791411043,0.8604294478527608,0.419478527607362,0.6535659509202454,量能波动,1,False
SZ301486,181.99998,14.206724,0.9369248466257669,0.8090490797546013,0.4378834355828221,0.40318251533742333,量能水平;量能波动,2,False
SZ301487,15.02,1.6960447,0.9898389570552147,0.9626150306748467,0.33493098159509205,0.22699386503067484,量能水平;量能波动,2,False
SZ301488,90.78999,1.0654747,0.5709355828220859,0.3976226993865031,0.8101993865030674,0.30214723926380366,量能动量,1,False
SZ301489,112.600006,9.405744,0.848351226993865,0.8297546012269938,0.1905674846625767,0.2534509202453988,量能水平;量能波动,2,False
SZ301491,36.1,0.24620327,0.3379984662576687,0.517829754601227,0.24348159509202455,0.6324769938650306,,0,True
SZ301498,38.98,1.5820907,0.8230444785276073,0.9570552147239264,0.7151073619631901,0.9129601226993865,量能水平;量能波动;量能比,3,False
SZ301499,25.720001,0.44794303,0.38554447852760737,0.6190567484662577,0.9378834355828221,0.9710506134969326,量能动量;量能比,2,False
SZ301500,23.87,4.2170153,0.9212039877300614,0.8569785276073619,0.6819401840490797,0.5241564417177914,量能水平;量能波动,2,False
SZ301501,26.92,0.27124393,0.2940950920245399,0.5465874233128835,0.9258052147239264,0.8531441717791411,量能动量;量能比,2,False
SZ301502,49.91,0.4617975,0.3364647239263804,0.3245782208588957,0.19344325153374234,0.30368098159509205,,0,True
SZ301503,22.099998,0.27696487,0.19861963190184048,0.03853527607361963,0.4925230061349693,0.1347776073619632,,0,True
SZ301505,18.099998,0.6705299,0.5973926380368099,0.036042944785276074,0.34355828220858897,0.03700153374233129,,0,True
SZ301507,13.099999,0.5486558,0.6807898773006135,0.9027990797546013,0.9039493865030674,0.9503450920245399,量能波动;量能动量;量能比,3,False
SZ301508,23.96,0.22250561,0.26131134969325154,0.15682515337423314,0.46357361963190186,0.3813266871165644,,0,True
SZ301509,30.800001,0.99923486,0.7379217791411042,0.7574769938650306,0.07783742331288343,0.767829754601227,,0,True
SZ301510,26.73,1.9716501,0.9445935582822086,0.9219708588957055,0.5,0.41679447852760737,量能水平;量能波动,2,False
SZ301511,93.8,35.54195,0.9906058282208589,0.7988880368098159,0.4313650306748466,0.25076687116564417,量能水平,1,False
SZ301512,30.88,0.28715768,0.3485429447852761,0.15011503067484663,0.7137653374233128,0.6104294478527608,,0,True
SZ301513,42.850002,0.48675495,0.6169478527607362,0.5525306748466258,0.027415644171779142,0.3631134969325153,,0,True
SZ301515,20.189999,0.25058967,0.32783742331288346,0.495590490797546,0.8939800613496932,0.8429831288343558,量能动量;量能比,2,False
SZ301516,18.53,2.3585207,0.9054831288343558,0.7933282208588958,0.10889570552147239,0.07764570552147239,量能水平,1,False
SZ301517,35.800003,0.9652798,0.6729294478527608,0.884010736196319,0.8723159509202454,0.9564800613496932,量能波动;量能动量;量能比,3,False
SZ301518,23.999998,0.5771576,0.4854294478527607,0.8565950920245399,0.6378450920245399,0.9292561349693251,量能波动;量能比,2,False
SZ301519,12.06,0.24431317,0.43328220858895705,0.4589723926380368,0.7799079754601227,0.4422929447852761,,0,True
SZ301520,72.02,8.824586,0.9700920245398773,0.9526457055214724,0.1182898773006135,0.759010736196319,量能水平;量能波动,2,False
SZ301522,22.02,0.7116973,0.8351226993865031,0.7333205521472392,0.8278374233128835,0.6232745398773006,量能水平;量能动量,2,False
SZ301525,39.129997,0.53075296,0.6334355828220859,0.6464723926380368,0.04294478527607362,0.4771855828220859,,0,True
SZ301526,27.66,43.54241,0.9877300613496932,0.9514953987730062,0.04505368098159509,0.1750383435582822,量能水平;量能波动,2,False
SZ301528,71.850006,1.387104,0.7603527607361963,0.7083972392638037,0.0325920245398773,0.44536042944785276,,0,True
SZ301529,132.37,4.2410192,0.7160659509202454,0.7824003067484663,0.4576303680981595,0.7939033742331288,,0,True
SZ301531,48.8,1.4869909,0.8696319018404908,0.8642638036809815,0.12480828220858896,0.7482745398773006,量能水平;量能波动,2,False
SZ301533,28.28,0.7572996,0.7712806748466258,0.5366180981595092,0.05099693251533742,0.003067484662576687,,0,True
SZ301535,13.450001,0.35883847,0.38726993865030673,0.26150306748466257,0.4135352760736196,0.19785276073619631,,0,True
SZ301536,124.009995,16.646898,0.9683665644171779,0.9501533742331288,0.3159509202453988,0.6299846625766872,量能水平;量能波动,2,False
SZ301538,39.34,0.7024474,0.41756134969325154,0.24559049079754602,0.14398006134969324,0.4304064417177914,,0,True
SZ301539,15.22,0.30684093,0.4482361963190184,0.196510736196319,0.4781441717791411,0.06767638036809816,,0,True
SZ301548,52.21,0.8449764,0.5003834355828221,0.6148389570552147,0.4913726993865031,0.7848926380368099,,0,True
SZ301550,91.37,9.043161,0.754792944785276,0.6970858895705522,0.3809432515337423,0.5379601226993865,,0,True
SZ301551,21.78,2.004259,0.8985812883435583,0.9357745398773006,0.018021472392638037,0.7933282208588958,量能水平;量能波动,2,False
SZ301552,24.449999,0.32388055,0.28297546012269936,0.13094325153374234,0.6485812883435583,0.020322085889570553,,0,True
SZ301555,35.65,0.6372237,0.6345858895705522,0.7434815950920245,0.8086656441717791,0.8194018404907976,量能动量;量能比,2,False
SZ301556,60.02,1.6078861,0.8911042944785276,0.7427147239263804,0.10736196319018405,0.034892638036809816,量能水平,1,False
SZ301557,82.200005,0.5664674,0.24846625766871167,0.5508052147239264,0.8995398773006135,0.8907208588957055,量能动量;量能比,2,False
SZ301558,6.7500005,0.58603454,0.7358128834355828,0.9231211656441718,0.9532208588957055,0.7969708588957055,量能波动;量能动量,2,False
SZ301560,28.230001,0.8941669,0.723159509202454,0.9760352760736196,0.99079754601227,0.9762269938650306,量能波动;量能动量;量能比,3,False
SZ301563,104.59999,1.4844389,0.6261503067484663,0.44976993865030673,0.2799079754601227,0.6506901840490797,,0,True
SZ301565,19.32,0.85622406,0.7505751533742331,0.6244248466257669,0.5230061349693251,0.47066717791411045,,0,True
SZ301566,24.330002,5.7603245,0.9677914110429447,0.9798696319018405,0.4812116564417178,0.8514187116564417,量能水平;量能波动;量能比,3,False
SZ301567,36.88,0.472051,0.4946319018404908,0.37423312883435583,0.7283358895705522,0.5197469325153374,,0,True
SZ301568,69.369995,2.177863,0.7850843558282209,0.8247699386503068,0.8600460122699386,0.7820168711656442,量能波动;量能动量,2,False
SZ301571,67.27,3.5515354,0.7601610429447853,0.7494248466257669,0.6424463190184049,0.790260736196319,,0,True
SZ301575,24.640001,1.1851468,0.8512269938650306,0.8337806748466258,0.023773006134969327,0.4027990797546012,量能水平;量能波动,2,False
SZ301577,55.32,0.62691367,0.45743865030674846,0.4940567484662577,0.23888036809815952,0.4848542944785276,,0,True
SZ301578,23.02,0.22481322,0.18404907975460122,0.09202453987730061,0.8918711656441718,0.37346625766871167,量能动量,1,False
SZ301580,52.26,3.0163717,0.8103911042944786,0.7716641104294478,0.40337423312883436,0.7051380368098159,量能水平,1,False
SZ301581,36.149998,0.2401867,0.2772239263803681,0.5995015337423313,0.2415644171779141,0.8537193251533742,量能比,1,False
SZ301584,18.28,0.32363155,0.36982361963190186,0.6497315950920245,0.8957055214723927,0.8680981595092024,量能动量;量能比,2,False
SZ301585,27.890001,0.2424044,0.2958205521472393,0.3220858895705521,0.13094325153374234,0.18289877300613497,,0,True
SZ301586,29.06,0.335895,0.43443251533742333,0.2860429447852761,0.8094325153374233,0.1075536809815951,量能动量,1,False
SZ301587,22.48,0.4545934,0.48773006134969327,0.7718558282208589,0.9488113496932515,0.8677147239263804,量能动量;量能比,2,False
SZ301588,25.8,0.6984819,0.544670245398773,0.4978911042944785,0.8761503067484663,0.629792944785276,量能动量,1,False
SZ301589,156.03,1.1190856,0.7101226993865031,0.8159509202453987,0.22335122699386503,0.8061733128834356,量能波动;量能比,2,False
SZ301590,64.46001,0.5357686,0.4976993865030675,0.45954754601226994,0.6317101226993865,0.14934815950920247,,0,True
SZ301591,41.11,6.075784,0.9714340490797546,0.7996549079754601,0.4085506134969325,0.09125766871165644,量能水平,1,False
SZ301592,111.4,1.4458115,0.816909509202454,0.7394555214723927,0.25996932515337423,0.3905291411042945,量能水平,1,False
SZ301595,46.83,0.9093955,0.6146472392638037,0.8109662576687117,0.27223926380368096,0.8100076687116564,量能波动;量能比,2,False
SZ301596,45.71,0.6574042,0.30559815950920244,0.174079754601227,0.6311349693251533,0.6087039877300614,,0,True
SZ301598,51.280003,0.2866173,0.27300613496932513,0.0964340490797546,0.48140337423312884,0.32515337423312884,,0,True
SZ301599,31.039999,0.9540773,0.7689800613496932,0.6416794478527608,0.033550613496932516,0.38554447852760737,,0,True
SZ301600,76.26,0.644316,0.17158742331288343,0.3895705521472393,0.714148773006135,0.6403374233128835,,0,True
SZ301601,16.3,0.6539064,0.7733895705521472,0.9739263803680982,0.991180981595092,0.9946319018404908,量能波动;量能动量;量能比,3,False
SZ301602,16.1,0.5087362,0.5791794478527608,0.47392638036809814,0.07860429447852761,0.713957055214724,,0,True
SZ301603,114.8,2.295975,0.5642254601226994,0.48466257668711654,0.6455138036809815,0.2655291411042945,,0,True
SZ301606,50.050003,2.9563177,0.8320552147239264,0.799079754601227,0.38266871165644173,0.4307898773006135,量能水平,1,False
SZ301607,42.35,4.0830207,0.8552530674846626,0.8381901840490797,0.615989263803681,0.6225076687116564,量能水平;量能波动,2,False
SZ301608,50.2,1.1126595,0.6942101226993865,0.7733895705521472,0.16219325153374234,0.8314800613496932,量能比,1,False
SZ301609,30.16,0.5940959,0.6424463190184049,0.6495398773006135,0.11982361963190184,0.21932515337423314,,0,True
SZ301611,89.0,6.487767,0.8493098159509203,0.7432898773006135,0.07131901840490798,0.45015337423312884,量能水平,1,False
SZ301613,34.14,0.2523322,0.34317484662576686,0.593941717791411,0.4532208588957055,0.8052147239263804,量能比,1,False
SZ301616,35.760002,0.25021428,0.20398773006134968,0.6016104294478528,0.9583972392638037,0.8717407975460123,量能动量;量能比,2,False
SZ301617,51.31,0.8967392,0.49846625766871167,0.32170245398773006,0.7647622699386503,0.7304447852760736,,0,True
SZ301618,30.03,0.27281576,0.7461656441717791,0.6309432515337423,0.13286042944785276,0.34183282208588955,,0,True
SZ301622,36.199997,0.41418913,0.6134969325153374,0.4169861963190184,0.4976993865030675,0.35870398773006135,,0,True
SZ301626,301.4,7.665959,0.8790260736196319,0.7032208588957055,0.5352760736196319,0.7745398773006135,量能水平,1,False
SZ301628,105.26,5.0818143,0.9620398773006135,0.9008819018404908,0.3631134969325153,0.4399923312883436,量能水平;量能波动,2,False
SZ301629,264.56,3.3049188,0.7674463190184049,0.6537576687116564,0.2486579754601227,0.26533742331288346,,0,True
SZ301630,196.06,3.8640118,0.85295245398773,0.8433665644171779,0.6679447852760736,0.5964340490797546,量能水平;量能波动,2,False
SZ301631,59.810005,1.7027164,0.8665644171779141,0.7735812883435583,0.37480828220858897,0.15126533742331288,量能水平,1,False
SZ301632,12.889999,0.5373383,0.6769555214723927,0.8309049079754601,0.46549079754601225,0.8926380368098159,量能波动;量能比,2,False
SZ301633,59.8,1.2235838,0.8573619631901841,0.888420245398773,0.1942101226993865,0.5049846625766872,量能水平;量能波动,2,False
SZ301636,39.53,0.5127734,0.5118865030674846,0.7467407975460123,0.6345858895705522,0.8886119631901841,量能比,1,False
SZ301638,20.520002,1.3562306,0.6263420245398773,0.5272239263803681,0.16142638036809817,0.48868865030674846,,0,True
SZ301656,13.8,0.5601384,0.6330521472392638,0.7981211656441718,0.5987346625766872,0.7804831288343558,,0,True
SZ301658,21.49,0.5999751,0.6094708588957055,0.294670245398773,0.16180981595092025,0.3353144171779141,,0,True
SZ301662,62.8,2.4208534,0.7523006134969326,0.4112346625766871,0.24079754601226994,0.07534509202453987,,0,True
SZ301665,21.64,0.47236565,0.4883052147239264,0.308090490797546,0.1579754601226994,0.02223926380368098,,0,True
SZ301666,360.5,10.848006,0.968941717791411,0.9675996932515337,0.07438650306748466,0.7363880368098159,量能水平;量能波动,2,False
SZ301667,54.300003,0.75710386,0.7060966257668712,0.6253834355828221,0.26974693251533743,0.4442101226993865,,0,True
SZ301668,29.810001,0.40605697,0.4637653374233129,0.6058282208588958,0.6320935582822086,0.4158358895705521,,0,True
SZ301669,25.1,1.1022545,0.8107745398773006,0.7705138036809815,0.13228527607361965,0.7484662576687117,量能水平,1,False
SZ301678,51.8,2.4696782,0.7894938650306749,0.9497699386503068,0.674079754601227,0.9919478527607362,量能波动;量能比,2,False
SZ301680,96.86,1.4053591,0.7582438650306749,0.6290260736196319,0.0584739263803681,0.25287576687116564,,0,True
SZ301682,103.52999,2.13442,0.8368481595092024,0.9434432515337423,0.9415260736196319,0.9141104294478528,量能水平;量能波动;量能动量;量能比,4,False
SZ301683,99.5,0.58179235,0.46894171779141103,0.535851226993865,0.5768788343558282,0.8790260736196319,量能比,1,False
SZ301687,50.170002,1.8249437,0.8420245398773006,0.8228527607361963,0.4637653374233129,0.6727377300613497,量能水平;量能波动,2,False
SZ301696,89.25,1.3172166,0.656058282208589,0.5325920245398773,0.10601993865030675,0.4325153374233129,,0,True
SZ302132,58.73,5.916896,0.6023773006134969,0.27952453987730064,0.4206288343558282,0.10122699386503067,,0,True
