code,close,amount20_yi,量能水平,量能波动,量能动量,量能比,excluded_by,keep
BJ920001,12.01,0.26738885,0.31592039800995025,0.7759280520474551,0.9718714121699197,0.9711060084194413,量能动量;量能比,False
BJ920002,49.93,0.440285,0.16150019135093763,0.1580558744737849,0.3911213164944508,0.3101798698813624,,True
BJ920006,18.56,0.8554342,0.6341370072713356,0.46211251435132034,0.41063911213164944,0.05223880597014925,,True
BJ920008,22.25,0.48416424,0.5644852659778032,0.6737466513585917,0.059318790662074246,0.5346345197091465,,True
BJ920010,8.97,0.87023014,0.6364332185227708,0.269804822043628,0.1316494450822809,0.14753157290470723,,True
BJ920012,50.48,0.45863336,0.2810945273631841,0.5648679678530425,0.9688097971680061,0.5834290088021431,量能动量,False
BJ920015,38.780003,0.5631048,0.3865288939915806,0.22101033295063147,0.6364332185227708,0.5870646766169154,,True
BJ920016,15.309999,0.30600262,0.3549559892843475,0.6366245694603904,0.4598163030998852,0.9355147340221968,量能比,False
BJ920017,16.08,0.27008694,0.1448526597780329,0.451396861844623,0.8851894374282434,0.7382319173363949,量能动量,False
BJ920019,15.749999,0.53439254,0.4957902793723689,0.3384998086490624,0.16322234978951397,0.13356295445847685,,True
BJ920021,8.74,3.322834,0.8517030233448144,0.8296976655185611,0.7611940298507462,0.23536165327210104,量能水平;量能波动,False
BJ920026,18.449999,0.5453462,0.45503252965939534,0.5587447378492154,0.9064293915040184,0.007845388442403367,量能动量,False
BJ920028,15.76,0.31444168,0.28913126674320705,0.18350554917719097,0.4577114427860697,0.8476846536548029,量能比,False
BJ920029,32.26,0.27161786,0.2564102564102564,0.15652506697282817,0.010332950631458095,0.03980099502487562,,True
BJ920036,32.46,0.3189719,0.2399540757749713,0.42097206276310756,0.8425181783390738,0.1584385763490241,量能动量,False
BJ920037,38.32,0.3083279,0.2743972445464983,0.1620742441637964,0.34270952927669346,0.0979716800612323,,True
BJ920045,533.38,9.5453615,0.9203980099502488,0.8008036739380023,0.5355912743972445,0.49866054343666283,量能水平;量能波动,False
BJ920046,20.25,0.8099048,0.3541905855338691,0.40260237275162647,0.024875621890547265,0.21220818982013012,,True
BJ920047,15.570001,0.56027627,0.5306161500191351,0.7328740910830464,0.8733256792958285,0.7388059701492538,量能动量,False
BJ920060,30.510002,1.3789443,0.7102946804439342,0.8046306926903942,0.4358974358974359,0.9716800612323,量能波动;量能比,False
BJ920068,15.67,0.30020037,0.24052812858783007,0.08075009567546881,0.3176425564485266,0.0036356678147722926,,True
BJ920072,24.23,0.23731814,0.28874856486796785,0.701875239188672,0.9561806352851129,0.8763872942977421,量能动量;量能比,False
BJ920075,17.31,0.5749387,0.5512820512820513,0.6659012629161883,0.7736318407960199,0.15901262916188288,,True
BJ920077,13.04,0.49723983,0.31898201301186374,0.4802908534251818,0.9500574052812859,0.5204745503252965,量能动量,False
BJ920078,18.93,0.4346381,0.4774205893608879,0.2747799464217375,0.3991580558744738,0.15633371603520857,,True
BJ920083,45.59,1.7659072,0.8189820130118638,0.9418293149636433,0.9902411021814007,0.8599311136624569,量能水平;量能波动;量能动量;量能比,False
BJ920087,16.369999,4.104869,0.9071947952544968,0.8639494833524685,0.34232682740145426,0.4054726368159204,量能水平;量能波动,False
BJ920088,43.05,2.3836427,0.7026406429391504,0.46823574435514737,0.09223115193264447,0.22043628013777267,,True
BJ920092,26.06,0.63577014,0.513203214695752,0.4083429008802143,0.5658247225411405,0.018369690011481057,,True
BJ920096,31.32,0.2972727,0.5729047072330654,0.5357826253348641,0.6586299272866437,0.16150019135093763,,True
BJ920098,18.580002,0.40076867,0.39800995024875624,0.14102564102564102,0.4360887868350555,0.008036739380022962,,True
BJ920100,29.899998,0.4879402,0.5164561806352851,0.35916570991197855,0.6067738231917337,0.08055874473784921,,True
BJ920106,34.09,0.2362581,0.11366245694603903,0.02659778032912361,0.1794871794871795,0.07692307692307693,,True
BJ920111,26.580002,0.48174027,0.22770761576731727,0.10600841944125526,0.6754688097971681,0.15021048603138154,,True
BJ920116,44.390003,0.8095287,0.29506314580941445,0.16130884041331803,0.6592039800995025,0.29200153080750096,,True
BJ920119,54.75,0.4773315,0.42192881745120553,0.3809797168006123,0.00975889781859931,0.04496747034060467,,True
BJ920122,24.300001,0.34685495,0.34864140834290086,0.4835438193647149,0.8620359739762725,0.5805587447378492,量能动量,False
BJ920125,149.48001,2.6063035,0.5558744737849215,0.3893991580558745,0.2125908916953693,0.581132797550708,,True
BJ920126,10.12,0.24921107,0.24913892078071181,0.3044393417527746,0.5893608878683505,0.08897818599311137,,True
BJ920128,20.369999,0.5318361,0.4718714121699196,0.43436662839647916,0.06659012629161883,0.6722158438576349,,True
BJ920130,18.32,0.58860934,0.520283199387677,0.7985074626865671,0.9383849980864907,0.16609261385380789,量能动量,False
BJ920139,15.49,0.56076014,0.5510907003444316,0.8700727133562954,0.9800995024875622,0.9303482587064676,量能波动;量能动量;量能比,False
BJ920146,5.6600003,0.20032272,0.20551090700344432,0.8375430539609644,0.995790279372369,0.9887102946804439,量能波动;量能动量;量能比,False
BJ920156,36.97,0.3261868,0.1999617298124761,0.3474933027171833,0.810371220818982,0.4795254496747034,量能动量,False
BJ920158,7.9700003,0.23257393,0.20091848450057406,0.010907003444316877,0.48143895905089934,0.02602372751626483,,True
BJ920159,30.039999,0.88188714,0.676425564485266,0.582089552238806,0.3203214695752009,0.055300420972062767,,True
BJ920161,21.550001,0.7452362,0.6754688097971681,0.6771909682357443,0.6888633754305397,0.6505931879066208,,True
BJ920169,21.769999,0.897124,0.6458094144661309,0.5878300803673938,0.5124378109452736,0.05128205128205128,,True
BJ920171,16.259998,0.4301636,0.40355912743972444,0.2742058936088787,0.4561806352851129,0.030042097206276312,,True
BJ920174,31.21,0.6177459,0.5998851894374282,0.35744355147340223,0.4196326061997704,0.016264829697665517,,True
BJ920178,90.13,1.0661608,0.7914274779946422,0.661308840413318,0.6182548794489093,0.5809414466130884,,True
BJ920179,57.44,1.9807104,0.6771909682357443,0.6303099885189437,0.11002678913126675,0.6903941829314963,,True
BJ920181,71.34,0.4144729,0.20110983543819363,0.16398775353999234,0.8369690011481056,0.5572139303482587,量能动量,False
BJ920184,11.709999,0.38054484,0.4200153080750096,0.25239188672024493,0.6536548029085343,0.010907003444316877,,True
BJ920185,19.96,0.82572985,0.6584385763490241,0.2937236892460773,0.22522005357826252,0.22579410639112132,,True
BJ920186,73.08,3.1211927,0.8775353999234596,0.8143895905089935,0.5164561806352851,0.46000765403750477,量能水平;量能波动,False
BJ920188,22.05,0.24186324,0.16111748947569843,0.03176425564485266,0.1752774588595484,0.02162265595101416,,True
BJ920190,24.67,1.2387879,0.682548794489093,0.3693073096058171,0.7640642939150402,0.16054343666283966,,True
BJ920199,25.070002,0.27005243,0.21144278606965175,0.40432453119020284,0.4052812858783008,0.5013394565633371,,True
BJ920200,30.02,0.69484615,0.8138155376961347,0.9196326061997704,0.030424799081515498,0.9778032912361271,量能水平;量能波动;量能比,False
BJ920206,39.739998,1.1140528,0.7977420589360887,0.5788365862992728,0.2571756601607348,0.2062763107539227,,True
BJ920207,21.85,0.60376465,0.40987370838117104,0.5945273631840796,0.009567546880979716,0.6086873325679296,,True
BJ920208,10.819999,0.43194136,0.42403367776502104,0.5556831228473019,0.27324913892078073,0.4644087256027555,,True
BJ920211,92.99,0.34206933,0.491963260619977,0.3350554917719097,0.777841561423651,0.4494833524684271,,True
BJ920212,10.62,0.42155007,0.33639494833524686,0.09050899349406812,0.21393034825870647,0.03903559127439724,,True
BJ920220,41.36,0.3990016,0.6580558744737849,0.8021431305013395,0.5327210103329506,0.492920015308075,量能波动,False
BJ920222,26.6,0.6334107,0.5007654037504784,0.5097588978185993,0.06907768848067355,0.1318407960199005,,True
BJ920223,13.970001,1.4175651,0.7382319173363949,0.6163413700727134,0.546689628779181,0.03176425564485266,,True
BJ920225,16.57,0.87979966,0.6060084194412553,0.5355912743972445,0.022388059701492536,0.28568694986605436,,True
BJ920227,55.0,0.28824684,0.1727898966704937,0.7587064676616916,0.9963643321852277,0.7181400688863375,量能动量,False
BJ920230,11.15,0.24005184,0.16570991197856869,0.4517795637198622,0.8957137389973211,0.4502487562189055,量能动量,False
BJ920239,20.14,0.21911362,0.2198622273249139,0.11270570225794106,0.4368541905855339,0.20531955606582472,,True
BJ920247,14.749999,0.34901163,0.3626100267891313,0.5189437428243399,0.7323000382701875,0.1819747416762342,,True
BJ920249,9.19,0.4352213,0.44661308840413316,0.585342518178339,0.8920780711825488,0.418867202449292,量能动量,False
BJ920252,14.81,0.25279212,0.3467278989667049,0.6194029850746269,0.7766934557979334,0.5491771909682357,,True
BJ920273,18.2,0.6850965,0.6400688863375431,0.3071182548794489,0.1488710294680444,0.016838882510524303,,True
BJ920274,15.51,0.33448943,0.41389207807118256,0.11174894756984309,0.30003827018752394,0.0003827018752391887,,True
BJ920284,16.4,0.43618816,0.5784538844240337,0.7776502104860313,0.0044010715652506695,0.6021814006888634,,True
BJ920299,13.99,0.24296653,0.149062380405664,0.14389590508993494,0.0677382319173364,0.1213164944508228,,True
BJ920304,9.32,0.57071227,0.4485265977803291,0.016647531572904706,0.5072713356295446,0.0015308075009567547,,True
BJ920344,21.380001,0.835514,0.5805587447378492,0.715078453884424,0.917910447761194,0.6827401454267126,量能动量,False
BJ920351,13.45,0.35989687,0.4230769230769231,0.4316877152698048,0.6150019135093762,0.25507079984691927,,True
BJ920357,15.6,0.44611397,0.3685419058553387,0.2397627248373517,0.720244929200153,0.09510141599693839,,True
BJ920367,28.250002,1.4481091,0.6236127057022579,0.7833907386146192,0.8809797168006124,0.7305778798316112,量能动量,False
BJ920368,23.07,0.6564326,0.5350172215843858,0.27956371986222733,0.6823574435514734,0.4456563337160352,,True
BJ920371,7.55,0.7801182,0.5541523153463452,0.4387676999617298,0.09357060849598163,0.21871412169919632,,True
BJ920392,13.99,0.21670924,0.2994642173746651,0.479716800612323,0.016456180635285114,0.46153846153846156,,True
BJ920394,50.33,0.6881976,0.38595484117872175,0.40987370838117104,0.6781477229238423,0.7470340604668962,,True
BJ920396,18.56,0.2446161,0.2776502104860314,0.08974358974358974,0.29908151549942597,0.006314580941446613,,True
BJ920402,8.34,0.4787857,0.4006888633754305,0.3515116724071948,0.3861461921163414,0.3340987370838117,,True
BJ920403,20.69,1.7561365,0.7499043245311902,0.73115193264447,0.11251435132032148,0.10677382319173363,,True
BJ920415,8.990001,0.21574993,0.2267508610792193,0.11500191350937619,0.5250669728281668,0.06850363566781477,,True
BJ920418,17.6,0.21560538,0.18465365480290855,0.04879448909299656,0.3717948717948718,0.23000382701875238,,True
BJ920419,11.159999,0.20409514,0.16379640260237274,0.31668580176042865,0.6331802525832376,0.06257175660160735,,True
BJ920422,9.53,0.26411507,0.21048603138155378,0.20340604668962878,0.4498660543436663,0.011289705319556066,,True
BJ920425,14.34,0.31459025,0.20493685419058552,0.10332950631458095,0.779755070799847,0.0910830463069269,,True
BJ920427,12.400001,0.28442824,0.24148488327592804,0.9217374665135859,1.0,0.9959816303099885,量能波动;量能动量;量能比,False
BJ920429,10.4,0.29551294,0.2835820895522388,0.07194795254496747,0.39054726368159204,0.01454267125908917,,True
BJ920436,11.01,0.21408045,0.17680826636050517,0.1794871794871795,0.3090317642556448,0.01722158438576349,,True
BJ920438,110.08,4.2354693,0.7642556448526597,0.678339073861462,0.257558362035974,0.9207807118254879,量能比,False
BJ920445,7.21,0.20585833,0.13949483352468428,0.17183314198239572,0.4657481821660926,0.4175277458859548,,True
BJ920469,5.9499993,0.28728002,0.3945656333716035,0.40642939150401836,0.7116341370072713,0.013968618446230386,,True
BJ920471,11.78,0.2958379,0.18714121699196326,0.028893991580558744,0.21450440107156524,0.005357826253348641,,True
BJ920476,23.07,0.33239174,0.21680061232300038,0.17508610792192883,0.07807118254879448,0.08955223880597014,,True
BJ920478,12.7699995,0.49780104,0.41982395713738996,0.9540757749712974,0.9998086490623804,0.992920015308075,量能波动;量能动量;量能比,False
BJ920489,12.659999,0.2678293,0.32472254114045157,0.459433601224646,0.5685036356678148,0.8677765021048603,量能比,False
BJ920491,21.98,0.4302193,0.4081515499425947,0.3742824339839265,0.765595101415997,0.2631075392269422,,True
BJ920493,116.329994,1.4907874,0.7770761576731726,0.8388825105243015,0.8040566398775354,0.5024875621890548,量能波动;量能动量,False
BJ920505,27.279999,0.26511037,0.34691924990432454,0.5501339456563337,0.6817833907386146,0.3576349024110218,,True
BJ920509,21.670002,0.7013912,0.5683122847301951,0.7606199770378875,0.7897053195560658,0.5966322234978951,,True
BJ920510,19.880001,1.0707568,0.5738614619211634,0.6305013394565634,0.7560275545350172,0.6695369307309605,,True
BJ920522,17.25,1.0149215,0.8538078836586299,0.8807883658629927,0.011863758132414848,0.4357060849598163,量能水平;量能波动,False
BJ920526,26.140001,0.4907994,0.40260237275162647,0.9401071565250669,0.9977037887485649,0.9661308840413318,量能波动;量能动量;量能比,False
BJ920527,15.550001,0.23375747,0.13585916570991197,0.24933027171833141,0.09854573287409109,0.0776884806735553,,True
BJ920533,16.65,0.50505304,0.5489858400306161,0.3584003061615002,0.12763107539226942,0.3612705702257941,,True
BJ920564,13.799999,0.27817613,0.2062763107539227,0.42192881745120553,0.37925755836203595,0.11194029850746269,,True
BJ920571,9.01,2.649201,0.8605051664753157,0.7125908916953693,0.534443168771527,0.5317642556448526,量能水平,False
BJ920575,5.32,0.2037317,0.30137772675086105,0.3543819364714887,0.767891312667432,0.276884806735553,,True
BJ920576,38.000004,0.6219771,0.3425181783390739,0.1588212782242633,0.7145044010715652,0.15422885572139303,,True
BJ920592,27.66,1.6864059,0.8652889399158056,0.9182931496364333,0.8997321086873326,0.4965556831228473,量能水平;量能波动;量能动量,False
BJ920593,23.26,0.3850611,0.40317642556448524,0.38078836586299275,0.5244929200153081,0.3884424033677765,,True
BJ920599,17.17,0.5790077,0.3827018752391887,0.358017604286261,0.5566398775353999,0.09070034443168772,,True
BJ920608,13.9,0.28681427,0.26559510141599696,0.1282051282051282,0.11940298507462686,0.0024875621890547263,,True
BJ920627,13.63,0.23801947,0.3073096058170685,0.26444699579027936,0.05644852659778033,0.0371220818982013,,True
BJ920634,16.16,0.30546266,0.35610409491006506,0.1687715269804822,0.5468809797168006,0.003444316877152698,,True
BJ920640,26.31,0.7728885,0.516073478760046,0.08208955223880597,0.44412552621507845,0.23096058170685035,,True
BJ920641,13.400001,0.2229521,0.16513585916570991,0.03865288939915806,0.25143513203214696,0.04554152315346345,,True
BJ920642,10.049999,0.30935544,0.2705702257941064,0.11978568694986605,0.7336394948335246,0.029850746268656716,,True
BJ920651,20.050001,0.20351055,0.16590126291618829,0.6706850363566782,0.208955223880597,0.9525449674703406,量能比,False
BJ920662,18.98,0.51654387,0.4764638346727899,0.06792958285495598,0.4091083046306927,0.004592422502870264,,True
BJ920670,12.900001,0.20645818,0.09070034443168772,0.15212399540757748,0.8492154611557596,0.08208955223880597,量能动量,False
BJ920693,24.150002,0.20727356,0.23804056639877536,0.2512437810945274,0.8729429774205893,0.45158821278224265,量能动量,False
BJ920699,68.0,0.5648062,0.1752774588595484,0.24722541140451587,0.695752009184845,0.8120933792575583,量能比,False
BJ920701,11.19,0.23053646,0.20130118637581323,0.4435514734022197,0.9626865671641791,0.2328740910830463,量能动量,False
BJ920706,15.29,0.342204,0.3140068886337543,0.6538461538461539,0.12399540757749714,0.9156142365097589,量能比,False
BJ920725,90.68001,5.0930977,0.7286643704554152,0.32185227707615766,0.3224263298890165,0.42690394182931496,,True
BJ920726,15.86,0.6355582,0.4322617680826636,0.2564102564102564,0.2567929582854956,0.036930730960581706,,True
BJ920735,26.07,0.7400984,0.5480290853425182,0.6109835438193647,0.9068120933792576,0.4829697665518561,量能动量,False
BJ920748,29.38,1.0547439,0.6607347876004592,0.2766934557979334,0.3802143130501339,0.25143513203214696,,True
BJ920770,10.61,0.4029796,0.4640260237275163,0.5304247990815155,0.015308075009567547,0.5378874856486797,,True
BJ920779,23.17,0.33526573,0.3681592039800995,0.473593570608496,0.014734022196708763,0.3082663605051665,,True
BJ920786,7.62,1.2908496,0.7146957520091849,0.6262916188289323,0.7148871029468045,0.14925373134328357,,True
BJ920790,23.82,1.137321,0.7780329123612706,0.5960581706850363,0.47168006123230005,0.041714504401071564,,True
BJ920799,32.719997,2.2622232,0.91982395713739,0.7992728664370455,0.7562189054726368,0.07213930348258707,量能水平,False
BJ920806,10.11,0.24797304,0.18331419823957137,0.182548794489093,0.45426712590891694,0.04228855721393035,,True
BJ920807,9.639999,0.2983875,0.3857634902411022,0.7135476463834672,0.9003061615001914,0.48928434749330274,量能动量,False
BJ920808,59.15,1.5992658,0.8348641408342901,0.3649062380405664,0.632988901645618,0.049177190968235744,量能水平,False
BJ920809,6.89,0.5894494,0.3147722923842327,0.43379257558362033,0.4760811327975507,0.6582472254114046,,True
BJ920819,3.08,0.2952017,0.24167623421354764,0.12916188289322617,0.11997703788748565,0.024110218140068886,,True
BJ920821,22.150002,1.6854299,0.8228090317642557,0.7049368541905855,0.22368924607730578,0.6993876769996173,量能水平,False
BJ920826,8.7699995,0.6478663,0.5063145809414467,0.2562189054726368,0.2154611557596632,0.005931879066207424,,True
BJ920855,13.789999,0.5118841,0.42441637964026024,0.32721010332950634,0.2770761576731726,0.0539609644087256,,True
BJ920856,11.900001,0.20815024,0.16073478760045926,0.11060084194412553,0.5045924225028703,0.007462686567164179,,True
BJ920857,18.73,0.2093077,0.12284730195177956,0.13700727133562954,0.7139303482587065,0.011863758132414848,,True
BJ920866,6.5400004,0.5533185,0.4263298890164562,0.40566398775354,0.13088404133180254,0.027171833141982394,,True
BJ920876,16.84,0.397015,0.4290088021431305,0.19498660543436663,0.5453501722158438,0.0032529659395331037,,True
BJ920885,12.339999,0.2752226,0.25430539609644087,0.08055874473784921,0.32854955989284346,0.031190202831993877,,True
BJ920892,11.9800005,0.24846321,0.17891312667432072,0.4695752009184845,0.9343666283964791,0.24416379640260238,量能动量,False
BJ920895,24.22,2.3654969,0.8071182548794489,0.6320321469575201,0.3099885189437428,0.5851511672407195,量能水平,False
BJ920924,15.0199995,0.3317302,0.34232682740145426,0.36375813241484883,0.195752009184845,0.2671259089169537,,True
BJ920942,17.470001,0.23465014,0.2998469192499043,0.08725602755453502,0.1555683122847302,0.0028702640642939152,,True
BJ920943,14.79,0.24582888,0.22368924607730578,0.10199004975124377,0.7282816685801761,0.05166475315729047,,True
BJ920946,10.5199995,0.65082353,0.43283582089552236,0.5650593187906621,0.7013011863758133,0.3132414848832759,,True
BJ920953,23.199999,0.47846648,0.44833524684270953,0.35112897053195563,0.0371220818982013,0.25449674703406044,,True
BJ920961,22.76,0.6035589,0.5032529659395331,0.8187906620742441,0.9799081515499426,0.7512437810945274,量能波动;量能动量,False
BJ920964,4.93,0.54537857,0.47435897435897434,0.36318407960199006,0.14064293915040182,0.0044010715652506695,,True
BJ920970,6.58,0.56127405,0.4489092996555683,0.2893226176808266,0.17872177573670112,0.10352085725220053,,True
BJ920971,27.669998,1.1790864,0.7479908151549942,0.5602755453501722,0.6176808266360505,0.18006123230003826,,True
BJ920976,22.029999,0.36699435,0.2703788748564868,0.4073861461921163,0.15346345197091465,0.7610026789131267,,True
BJ920978,17.17,0.2324206,0.2897053195560658,0.45579793340987373,0.14734022196708763,0.7831993876769996,,True
BJ920981,30.900002,0.61659247,0.4699579027937237,0.4567546880979717,0.8092231151932644,0.7278989667049368,量能动量,False
BJ920982,114.579994,0.81446606,0.7711442786069652,0.633945656333716,0.6745120551090701,0.5197091465748183,,True
SH600000,9.04,6.6419616,0.5922311519326444,0.45120551090700345,0.0809414466130884,0.29869881362418677,,True
SH600004,7.65,0.73115224,0.1515499425947187,0.11347110600841945,0.17489475698430923,0.11902028319938768,,True
SH600006,5.31,0.6951224,0.05434366628396479,0.04649827784156142,0.034251817833907384,0.6819747416762342,,True
SH600007,19.66,0.45754188,0.005549177190968236,0.013585916570991197,0.20359739762724838,0.7319173363949484,,True
SH600008,2.7399998,2.0091476,0.6324148488327593,0.546689628779181,0.20531955606582472,0.3716035208572522,,True
SH600009,22.810001,1.7124586,0.18120933792575583,0.3517030233448144,0.33524684270952926,0.491963260619977,,True
SH600010,2.12,6.5504446,0.8176425564485266,0.7181400688863375,0.6094527363184079,0.5044010715652507,量能水平,False
SH600011,6.7999997,4.098352,0.6991963260619977,0.6257175660160735,0.520283199387677,0.4590508993494068,,True
SH600012,15.360001,0.94004416,0.006505931879066207,0.06142365097588978,0.33295063145809417,0.33696900114810563,,True
SH600015,6.2400002,6.5609236,0.6178721775736701,0.40929965556831227,0.08247225411404516,0.05549177190968236,,True
SH600016,3.5,9.498317,0.6611174894756985,0.6649445082280904,0.17853042479908152,0.5093761959433601,,True
SH600017,2.8100002,1.2332041,0.46785304247990817,0.14121699196326062,0.4146574818216609,0.17087638729429774,,True
SH600018,5.36,3.1852038,0.6526980482204363,0.1511672407194795,0.31936471488710294,0.2843474933027172,,True
SH600019,5.73,5.1816154,0.7110600841944126,0.5851511672407195,0.0774971297359357,0.3027171833141982,,True
SH600020,3.82,0.5608356,0.09395331037122082,0.06544202066590127,0.40470723306544204,0.3916953693073096,,True
SH600021,13.45,3.7846444,0.574052812858783,0.49980864906238043,0.027171833141982394,0.24378109452736318,,True
SH600022,1.31,1.0586523,0.5095675468809797,0.5262150784538844,0.0709911978568695,0.4971297359357061,,True
SH600023,5.0,2.2984416,0.7824339839265212,0.8038652889399158,0.023153463451970915,0.5137772675086107,量能波动,False
SH600025,9.62,2.799263,0.4460390355912744,0.39934940681209335,0.5533869115958668,0.3266360505166475,,True
SH600026,21.91,15.764702,0.7525832376578645,0.6423650975889782,0.5799846919249905,0.8078836586299273,量能比,False
SH600027,4.8,3.56417,0.6894374282433984,0.47876004592422505,0.27497129735935705,0.22866437045541524,,True
SH600028,5.31,12.078669,0.7986988136241867,0.700918484500574,0.6505931879066208,0.5773057787983161,,True
SH600029,4.9599996,2.5417345,0.6239954075774972,0.46498277841561425,0.6440872560275546,0.48890164561806354,,True
SH600030,26.89,28.144499,0.472636815920398,0.11768082663605052,0.317451205510907,0.23402219670876387,,True
SH600031,17.720001,13.575446,0.13681592039800994,0.634902411021814,0.683505549177191,0.9450822809031765,量能比,False
SH600032,6.98,1.7464088,0.633945656333716,0.6695369307309605,0.03635667814772292,0.6858017604286261,,True
SH600033,3.62,1.084007,0.1488710294680444,0.27573670110983545,0.399540757749713,0.7983161117489476,,True
SH600035,3.6499999,0.68932146,0.1513585916570991,0.08878683505549177,0.18178339073861463,0.053386911595866816,,True
SH600036,40.819996,26.98007,0.5916570991197857,0.26272483735170304,0.18025258323765786,0.2562189054726368,,True
SH600037,7.1800003,1.1805336,0.5078453884424033,0.540566398775354,0.6750861079219288,0.4073861461921163,,True
SH600038,27.329998,1.6380342,0.19498660543436663,0.17068503635667814,0.2227324913892078,0.10065059318790662,,True
SH600039,8.77,1.9618407,0.02659778032912361,0.028319938767699962,0.59433601224646,0.15078453884424034,,True
SH600048,5.68,11.182551,0.7334481438959051,0.9186758515116724,0.9464217374665136,0.8076923076923077,量能波动;量能动量;量能比,False
SH600050,4.21,4.4593534,0.7313432835820896,0.6758515116724072,0.33983926521239954,0.5847684653654803,,True
SH600051,6.26,0.28991812,0.06199770378874857,0.035973976272483735,0.24454649827784156,0.3827018752391887,,True
SH600052,3.71,0.49745297,0.5983543819364715,0.8450057405281286,0.3605051664753157,0.9186758515116724,量能波动;量能比,False
SH600054,10.83,1.2304889,0.1865671641791045,0.04190585533869116,0.03578262533486414,0.0880214313050134,,True
SH600055,10.33,0.4686956,0.004018369690011481,0.028511289705319555,0.7728664370455415,0.7747799464217374,,True
SH600056,9.05,0.8236491,0.016264829697665517,0.10543436662839648,0.5752009184845006,0.3231917336394948,,True
SH600057,6.1700006,1.4216061,0.4538844240336778,0.47837734404898585,0.37715269804822044,0.3185993111366246,,True
SH600058,8.999999,0.60216606,0.1010332950631458,0.1792958285495599,0.6052430156907769,0.5641025641025641,,True
SH600059,10.79,4.7784047,0.6672407194795255,0.7883658629927287,0.8490241102181401,0.9753157290470723,量能动量;量能比,False
SH600060,27.300001,2.7211444,0.11060084194412553,0.30960581706850365,0.7650210486031381,0.6044776119402985,,True
SH600061,6.34,2.251448,0.2290470723306544,0.21431305013394567,0.5181783390738615,0.3614619211634137,,True
SH600062,16.1,0.8147977,0.007271335629544585,0.04362801377726751,0.6842709529276694,0.6213164944508228,,True
SH600063,5.62,1.7336392,0.14982778415614237,0.373134328358209,0.7583237657864523,0.7277076157673172,,True
SH600064,7.73,1.1983302,0.0642939150401837,0.0778798316111749,0.24129353233830847,0.4785686949866054,,True
SH600066,26.17,5.10221,0.003827018752391887,0.1354764638346728,0.7491389207807119,0.8394565633371603,量能比,False
SH600067,2.69,0.5830212,0.06295445847684654,0.216035208572522,0.7743972445464983,0.8784921546115576,量能比,False
SH600071,16.78,0.41979307,0.008228090317642557,0.032721010332950634,0.18465365480290855,0.49425947187141217,,True
SH600072,8.929999,1.7554272,0.38078836586299275,0.0945273631840796,0.17125908916953694,0.4041331802525832,,True
SH600073,5.5099998,0.75299686,0.2676999617298125,0.12227324913892078,0.4703406046689629,0.1924990432453119,,True
SH600075,4.63,1.2445397,0.37925755836203595,0.16437045541523154,0.09165709911978569,0.06984309223115193,,True
SH600076,2.25,0.98449016,0.8159203980099502,0.9022196708763873,0.21067738231917335,0.855147340221967,量能水平;量能波动;量能比,False
SH600078,10.31,1.9046702,0.2330654420206659,0.029659395331037123,0.38959050899349407,0.021814006888633754,,True
SH600079,18.730001,1.4841177,0.012437810945273632,0.048411787217757365,0.17795637198622274,0.09357060849598163,,True
SH600081,10.45,0.26613054,0.006697282816685802,0.013394565633371604,0.2948717948717949,0.458476846536548,,True
SH600082,3.16,0.23500632,0.05797933409873708,0.05166475315729047,0.01052430156907769,0.6572904707233066,,True
SH600085,23.659998,1.0467495,0.008610792192881744,0.08036739380022963,0.7581324148488328,0.3744737849215461,,True
SH600088,15.17,3.6798432,0.7116341370072713,0.8237657864523537,0.13394565633371602,0.9846919249904325,量能波动;量能比,False
SH600089,18.21,9.515018,0.20283199387677,0.0675468809797168,0.19785686949866055,0.3823191733639495,,True
SH600094,4.12,0.96872795,0.7248373517030233,0.4659395331037122,0.5845771144278606,0.8111366245694603,量能比,False
SH600095,9.05,8.461088,0.9701492537313433,0.9110218140068886,0.8486414083429009,0.1486796785304248,量能水平;量能波动;量能动量,False
SH600096,28.240002,10.647755,0.6098354381936472,0.3656716417910448,0.3281668580176043,0.05204745503252966,,True
SH600097,9.39,0.5854875,0.20531955606582472,0.01932644469957903,0.18350554917719097,0.06391121316494451,,True
SH600098,6.21,1.4044712,0.3738997321086873,0.2904707233065442,0.10371220818982013,0.18120933792575583,,True
SH600099,9.28,0.29573905,0.0269804822043628,0.03233830845771144,0.21354764638346727,0.32950631458094143,,True
SH600100,6.9199996,1.3800843,0.48832759280520477,0.4027937236892461,0.5650593187906621,0.5089934940681209,,True
SH600101,7.97,1.1979922,0.28453884424033676,0.5162648296976655,0.022770761576731725,0.7177573670110984,,True
SH600103,3.7699997,14.388268,0.9682357443551474,0.8605051664753157,0.15078453884424034,0.1417910447761194,量能水平;量能波动,False
SH600104,11.07,6.6143675,0.46039035591274396,0.4992345962495216,0.005931879066207424,0.23842326827401455,,True
SH600105,45.41,55.641506,0.8559127439724454,0.8666283964791427,0.45541523153463453,0.8373517030233448,量能水平;量能波动;量能比,False
SH600106,4.48,0.5461259,0.03214695752009185,0.01454267125908917,0.16704936854190586,0.2026406429391504,,True
SH600108,4.41,13.358573,0.9232682740145427,0.8652889399158056,0.12342135476463835,0.6771909682357443,量能水平;量能波动,False
SH600109,8.35,2.159207,0.14006888633754305,0.07615767317259854,0.6033295063145809,0.2158438576349024,,True
SH600110,12.16,21.40551,0.8197474167623421,0.8053960964408725,0.3534251817833907,0.7642556448526597,量能水平;量能波动,False
SH600111,37.899998,13.246404,0.10313815537696135,0.15078453884424034,0.6415996938384998,0.7738231917336394,,True
SH600113,29.969997,1.8631866,0.033486414083429006,0.014159969383849981,0.33141982395713737,0.14102564102564102,,True
SH600114,27.710001,4.514562,0.17068503635667814,0.275928052047455,0.35323383084577115,0.34328358208955223,,True
SH600115,3.4499998,5.4574914,0.9374282433983927,0.8727516264829698,0.5283199387677,0.6107921928817451,量能水平;量能波动,False
SH600116,6.1099997,0.7761474,0.08476846536548029,0.07673172598545733,0.13451970914657482,0.5055491771909683,,True
SH600117,2.19,0.3553646,0.433027171833142,0.30884041331802525,0.3279755070799847,0.23230003827018753,,True
SH600118,58.82,11.68862,0.08285495598928434,0.21144278606965175,0.7102946804439342,0.7906620742441638,,True
SH600120,4.7400002,1.6464578,0.11404515882127822,0.10849598163030999,0.5174129353233831,0.21067738231917335,,True
SH600121,5.27,9.863511,0.9917719096823574,0.9703406046689629,0.4829697665518561,0.338691159586682,量能水平;量能波动,False
SH600123,7.18,1.6790624,0.09089169536930732,0.18293149636433217,0.5702257941063911,0.3019517795637199,,True
SH600125,5.31,0.57243025,0.05510907003444317,0.0030616150019135095,0.24167623421354764,0.2401454267125909,,True
SH600126,6.31,2.518351,0.3786835055491772,0.4087256027554535,0.817451205510907,0.2267508610792193,量能动量,False
SH600127,16.47,30.900982,0.9791427477994642,0.94814389590509,0.7273249138920781,0.6228473019517795,量能水平;量能波动,False
SH600128,8.599999,0.3311141,0.04228855721393035,0.03673938002296211,0.49483352468427094,0.2876004592422503,,True
SH600129,13.910001,1.3630848,0.3735170302334481,0.5822809031764256,0.8606965174129353,0.48392652123995405,量能动量,False
SH600130,4.67,1.0925432,0.6810179869881362,0.6588212782242633,0.6102181400688863,0.2952544967470341,,True
SH600131,14.45,0.902574,0.056639877535399924,0.061615001913509375,0.6324148488327593,0.4326444699579028,,True
SH600132,38.18,1.0738913,0.014351320321469576,0.005357826253348641,0.5947187141216992,0.5635285112897053,,True
SH600133,8.0,1.0468488,0.32625334864140837,0.0711825487944891,0.4070034443168771,0.17451205510907003,,True
SH600135,7.7799997,0.6985514,0.4887102946804439,0.849980864906238,0.8314198239571374,0.9881362418675852,量能波动;量能动量;量能比,False
SH600137,17.890001,0.22886826,0.01454267125908917,0.01990049751243781,0.23899732108687333,0.6655185610409491,,True
SH600138,7.0799994,0.87419593,0.29219288174512054,0.2403367776502105,0.1444699579027937,0.0845771144278607,,True
SH600141,29.169998,7.9295025,0.48756218905472637,0.1691542288557214,0.6865671641791045,0.09050899349406812,,True
SH600143,13.46,2.9563692,0.046689628779181015,0.0606582472254114,0.6903941829314963,0.7876004592422503,,True
SH600148,15.870001,0.47330305,0.07960199004975124,0.09146574818216609,0.24971297359357061,0.37638729429774204,,True
SH600149,5.0399995,0.40823388,0.0979716800612323,0.006888633754305396,0.17183314198239572,0.452353616532721,,True
SH600150,40.12,48.535183,0.8539992345962495,0.6668580176042863,0.2127822426329889,0.4154228855721393,量能水平,False
SH600151,9.5,2.051001,0.3677765021048603,0.23823191733639495,0.5864906238040566,0.6138538078836586,,True
SH600152,7.88,1.0259382,0.4280520474550325,0.3647148871029468,0.48717948717948717,0.5436280137772675,,True
SH600153,8.58,2.1718504,0.08878683505549177,0.14140834290088022,0.7661691542288557,0.18044393417527746,,True
SH600155,6.2000003,2.0459278,0.7669345579793341,0.8725602755453502,0.9217374665135859,0.5170302334481439,量能波动;量能动量,False
SH600156,8.879999,1.2122824,0.49158055874473783,0.7816685801760429,0.9192499043245312,0.9439341752774588,量能动量;量能比,False
SH600157,1.52,5.696883,0.9156142365097589,0.8846153846153846,0.0440107156525067,0.22445464982778415,量能水平;量能波动,False
SH600158,7.15,1.7176571,0.32721010332950634,0.14982778415614237,0.14772292384232683,0.19039418293149638,,True
SH600159,2.78,0.7831795,0.4762724837351703,0.16972828166858017,0.365097588978186,0.07577497129735936,,True
SH600160,34.61,9.56691,0.14963643321852277,0.24569460390355913,0.5585533869115958,0.5619977037887486,,True
SH600161,12.459999,1.2738711,0.04305396096440873,0.19441255262150783,0.8597397627248373,0.677382319173364,量能动量,False
SH600162,4.8900003,8.129303,0.7034060466896288,0.5153080750095675,0.5920398009950248,0.03960964408725603,,True
SH600163,5.7000003,3.7166903,0.8406046689628779,0.900497512437811,0.07041714504401071,0.9873708381171068,量能水平;量能波动;量能比,False
SH600165,3.28,0.68579376,0.22751626482969767,0.21182548794489092,0.7305778798316112,0.7022579410639113,,True
SH600166,2.79,2.842784,0.5220053578262533,0.5252583237657864,0.162265595101416,0.3949483352468427,,True
SH600167,5.6400003,0.4668007,0.02812858783008037,0.05376961347110601,0.10294680443934175,0.18962877918101798,,True
SH600168,4.34,0.20802052,0.05376961347110601,0.04975124378109453,0.17068503635667814,0.31630309988518945,,True
SH600169,2.1599998,0.23156445,0.016073478760045924,0.017604286261002678,0.01990049751243781,0.061615001913509375,,True
SH600170,2.23,2.903284,0.37734404898584,0.4556065824722541,0.6611174894756985,0.5734787600459242,,True
SH600171,23.1,1.9488925,0.5066972828166858,0.6123230003827018,0.8505549177190969,0.8624186758515117,量能动量;量能比,False
SH600172,16.06,35.858116,0.9358974358974359,0.7942977420589361,0.13911213164944508,0.3279755070799847,量能水平,False
SH600173,5.9400005,0.26933283,0.025066972828166858,0.023918867202449293,0.256601607347876,0.42709529276693453,,True
SH600176,45.47,107.413414,0.48794489092996557,0.5420972062763108,0.17470340604668963,0.8480673555300421,量能比,False
SH600177,8.11,2.1263883,0.01817833907386146,0.03291236127057023,0.11672407194795255,0.3551473402219671,,True
SH600178,9.55,0.6435814,0.13394565633371602,0.018752391886720246,0.2671259089169537,0.07271335629544584,,True
SH600179,4.5800004,1.6491648,0.5817068503635667,0.38384998086490624,0.3453884424033678,0.19383849980864906,,True
SH600180,1.6299999,0.3881686,0.7868350554917719,0.8668197474167624,0.008993494068120934,0.7587064676616916,量能波动,False
SH600182,12.78,0.21293996,0.0028702640642939152,0.013011863758132415,0.030042097206276312,0.3348641408342901,,True
SH600183,143.45,108.53789,0.46823574435514737,0.38308457711442784,0.16743207041714506,0.5941446613088404,,True
SH600184,20.42,6.247069,0.5732874091083047,0.6944125526215078,0.03559127439724455,0.9364714887102947,量能比,False
SH600185,4.8599997,2.498699,0.6858017604286261,0.4446995790279372,0.08304630692690394,0.05893608878683505,,True
SH600186,12.93,28.823244,0.960390355912744,0.9324531190202832,0.24492920015308076,0.39150401836969,量能水平;量能波动,False
SH600187,1.3000001,0.23466064,0.29850746268656714,0.16685801760428626,0.14944508228090317,0.373134328358209,,True
SH600188,20.35,10.005214,0.19192499043245312,0.19077688480673555,0.10505166475315729,0.2942977420589361,,True
SH600189,8.3,0.88427943,0.20417145044010715,0.3411787217757367,0.6299272866437046,0.6911595866819747,,True
SH600191,9.43,1.2631531,0.3991580558744738,0.49483352468427094,0.4925373134328358,0.17757367011098354,,True
SH600192,7.6899996,1.6074759,0.6559510141599694,0.7250287026406429,0.033486414083429006,0.7152698048220436,,True
SH600195,6.74,0.551284,0.02774588595484118,0.03310371220818982,0.3009950248756219,0.23172598545732875,,True
SH600196,23.130001,3.9277763,0.16800612323000383,0.5591274397244547,0.9680443934175278,0.7523918867202449,量能动量,False
SH600197,9.38,0.47096688,0.031955606582472255,0.03922694221201684,0.5522388059701493,0.038461538461538464,,True
SH600198,7.7200003,2.0512578,0.9219288174512055,0.789131266743207,0.09203980099502487,0.2064676616915423,量能水平,False
SH600199,7.3399997,1.6244179,0.3587830080367394,0.4360887868350555,0.7759280520474551,0.1148105625717566,,True
SH600201,11.72,1.2218806,0.00975889781859931,0.02468427095292767,0.5436280137772675,0.5901262916188289,,True
SH600202,5.15,0.27655658,0.03865288939915806,0.013777267508610792,0.1446613088404133,0.655185610409491,,True
SH600203,10.240001,2.8946784,0.663222349789514,0.36069651741293535,0.33620359739762723,0.1115575966322235,,True
SH600206,49.95,38.379433,0.936280137772675,0.9445082280903176,0.5805587447378492,0.830654420206659,量能水平;量能波动;量能比,False
SH600207,4.86,1.2280424,0.7935323383084577,0.7338308457711443,0.032721010332950634,0.8968618446230386,量能比,False
SH600208,2.9,1.9908329,0.6879066207424417,0.7814772292384232,0.8417527745885954,0.5208572522005358,量能动量,False
SH600210,6.2400002,1.066564,0.08017604286261003,0.19135093761959435,0.03980099502487562,0.2265595101415997,,True
SH600211,36.42,1.0637729,0.04879448909299656,0.06218905472636816,0.40088021431305015,0.16628396479142749,,True
SH600212,5.87,0.67798424,0.29908151549942597,0.009184845005740528,0.23784921546115576,0.16513585916570991,,True
SH600215,6.24,0.4235474,0.3168771526980482,0.24818216609261384,0.49770378874856486,0.22158438576349024,,True
SH600216,12.72,2.0492878,0.13011863758132414,0.15748182166092614,0.732108687332568,0.2617680826636051,,True
SH600217,3.2500002,0.51445526,0.11672407194795255,0.0774971297359357,0.3723689246077306,0.16398775353999234,,True
SH600218,8.03,0.651268,0.3576349024110218,0.9194412552621508,0.9931113662456946,0.9818216609261385,量能波动;量能动量;量能比,False
SH600219,4.75,6.576141,0.7648296976655186,0.6283964791427478,0.10964408725602756,0.3484500574052813,,True
SH600221,1.24,2.417401,0.8809797168006124,0.7841561423650976,0.2692307692307692,0.7336394948335246,量能水平,False
SH600222,8.12,1.4555674,0.48717948717948717,0.5346345197091465,0.4468044393417528,0.6724071947952545,,True
SH600223,5.67,0.49309477,0.3157290470723307,0.44240336777650213,0.5332950631458094,0.3865288939915806,,True
SH600226,5.99,5.1965947,0.3983926521239954,0.15250669728281668,0.4711060084194413,0.6804439341752775,,True
SH600227,4.28,11.989739,0.9529276693455798,0.9244163796402602,0.6991963260619977,0.07328740910830463,量能水平;量能波动,False
SH600228,11.889999,3.3595107,0.6421737466513586,0.4770378874856487,0.09414466130884042,0.6892460773057788,,True
SH600229,5.95,0.74499893,0.48584003061615,0.5455415231534635,0.5179869881362419,0.8538078836586299,量能比,False
SH600230,13.469999,1.578097,0.3348641408342901,0.12571756601607348,0.23402219670876387,0.07022579410639113,,True
SH600231,1.6800001,0.2981984,0.049177190968235744,0.06926903941829315,0.6343283582089553,0.6266743207041715,,True
SH600232,6.63,0.33110386,0.09682357443551473,0.09816303099885189,0.532529659395331,0.3559127439724455,,True
SH600233,17.689999,4.121263,0.48086490623804057,0.7187141216991964,0.8344814389590509,0.8497895139686185,量能动量;量能比,False
SH600234,22.55,0.7678462,0.1423650975889782,0.05434366628396479,0.5788365862992728,0.11040949100650593,,True
SH600235,5.8700004,0.26915607,0.14619211634137008,0.11844623038652889,0.1653272101033295,0.6593953310371221,,True
SH600236,9.44,1.2983074,0.1385380788365863,0.13987753539992345,0.18293149636433217,0.15729047072330654,,True
SH600237,10.12,3.9955242,0.8340987370838117,0.9265212399540758,0.44910065059318793,0.8716035208572522,量能水平;量能波动;量能比,False
SH600239,1.44,0.21012194,0.028319938767699962,0.06199770378874857,0.1819747416762342,0.44737849215461156,,True
SH600241,7.4,0.23769633,0.14351320321469574,0.030042097206276312,0.3004209720627631,0.5899349406812093,,True
SH600246,14.639999,14.028139,0.743398392652124,0.8318025258323766,0.8247225411404516,0.8063528511289705,量能波动;量能动量;量能比,False
SH600248,2.8600001,0.50582236,0.5053578262533487,0.21048603138155378,0.5526215078453884,0.4225028702640643,,True
SH600249,5.53,0.5921435,0.1729812476081133,0.4123612705702258,0.07883658629927287,0.7104860313815538,,True
SH600250,9.150001,2.3110993,0.7041714504401072,0.09720627631075392,0.08228090317642557,0.007271335629544585,,True
SH600251,10.309999,3.8163965,0.22464600076540375,0.036930730960581706,0.149062380405664,0.015690776884806735,,True
SH600252,2.21,1.3157403,0.12571756601607348,0.20685036356678146,0.5843857634902411,0.4133180252583238,,True
SH600255,3.64,4.3129225,0.8901645618063528,0.7397627248373517,0.12954458476846537,0.4045158821278224,量能水平,False
SH600256,7.0,10.144184,0.3281668580176043,0.2835820895522388,0.5818982013011864,0.39418293149636435,,True
SH600257,5.6899996,1.1022981,0.32510524301569077,0.07060849598163031,0.384424033677765,0.291044776119403,,True
SH600258,11.35,2.1994631,0.7072330654420207,0.5535782625334864,0.417910447761194,0.12361270570225794,,True
SH600259,83.25,6.071742,0.6123230003827018,0.601415996938385,0.20187523918867203,0.790088021431305,,True
SH600261,3.4599998,0.60148835,0.029850746268656716,0.6052430156907769,0.9184845005740528,0.9923459624952162,量能动量;量能比,False
SH600262,15.3,0.9286805,0.23096058170685035,0.19862227324913892,0.366054343666284,0.17853042479908152,,True
SH600266,4.4700003,1.5694541,0.3878683505549177,0.7508610792192881,0.9785686949866055,0.8407960199004975,量能动量;量能比,False
SH600267,11.760001,2.5737607,0.48163030998851897,0.6477229238423269,0.8689246077305779,0.6398775353999234,量能动量,False
SH600268,10.41,1.0519351,0.11653272101033295,0.059892843474933025,0.21201683888251052,0.4862227324913892,,True
SH600269,3.8100002,0.73576576,0.09586681974741676,0.10830463069269039,0.05893608878683505,0.1859931113662457,,True
SH600271,6.81,0.65449953,0.03310371220818982,0.003827018752391887,0.2659778032912361,0.399540757749713,,True
SH600272,17.35,6.392543,0.9309223115193265,0.9512055109070034,0.9425947187141217,0.31917336394948337,量能水平;量能波动;量能动量,False
SH600273,6.36,0.9879781,0.2847301951779564,0.4647914274779946,0.5732874091083047,0.5866819747416763,,True
SH600276,45.720005,28.547691,0.12648296976655185,0.4006888633754305,0.8006123230003827,0.6396861844623039,量能动量,False
SH600278,6.6,0.40807796,0.30558744737849214,0.21201683888251052,0.36969001148105624,0.29716800612323,,True
SH600279,4.35,0.34874308,0.19728281668580175,0.11098354381936472,0.18848067355530043,0.4404898584003062,,True
SH600280,3.1399999,2.0415323,0.538652889399158,0.4971297359357061,0.007271335629544585,0.37925755836203595,,True
SH600281,4.8699994,0.8555369,0.6525066972828167,0.9303482587064676,0.9822043628013777,0.6942212016838882,量能波动;量能动量,False
SH600282,4.38,1.6755049,0.19039418293149638,0.2432070417145044,0.782051282051282,0.8195560658247225,量能比,False
SH600283,8.059999,0.2813475,0.04898584003061615,0.009950248756218905,0.020283199387677,0.10007654037504783,,True
SH600284,5.18,0.5543561,0.14408725602755454,0.28453884424033676,0.8214695752009185,0.3030998851894374,量能动量,False
SH600285,19.1,1.0776434,0.019709146574818218,0.004592422502870264,0.31592039800995025,0.10084194412552622,,True
SH600288,11.070001,1.9714912,0.6884806735553004,0.4856486796785304,0.5677382319173364,0.14332185227707617,,True
SH600292,11.59,1.0329801,0.3203214695752009,0.3446230386528894,0.28626100267891313,0.47091465748182165,,True
SH600293,3.3600001,1.7086062,0.8524684270952928,0.9632606199770379,0.7278989667049368,0.9642173746651359,量能水平;量能波动;量能比,False
SH600295,13.0199995,1.5463859,0.12935323383084577,0.21450440107156524,0.8153463451970915,0.5122464600076541,量能动量,False
SH600298,39.420002,2.509202,0.08362035973976273,0.08668197474167623,0.8857634902411022,0.6995790279372369,量能动量,False
SH600299,8.42,2.9907236,0.737275162648297,0.567929582854956,0.3597397627248374,0.25985457328740913,,True
SH600300,3.1200001,1.1887844,0.48430922311519325,0.35629544584768463,0.35954841178721775,0.12399540757749714,,True
SH600302,6.89,0.3328827,0.17623421354764637,0.0707998469192499,0.14351320321469574,0.309414466130884,,True
SH600303,3.1200001,0.811695,0.46670493685419057,0.7766934557979334,0.722158438576349,0.9108304630692691,量能比,False
SH600305,6.7299995,0.4761478,0.016456180635285114,0.027937236892460773,0.6308840413318025,0.5350172215843858,,True
SH600307,1.48,0.64253813,0.4246077305778798,0.2935323383084577,0.4048985840030616,0.4489092996555683,,True
SH600308,3.3400002,0.37704432,0.055874473784921545,0.5828549559892844,0.9607730577879832,0.9378109452736318,量能动量;量能比,False
SH600309,70.659996,24.46312,0.09969383849980865,0.2872177573670111,0.4940681209337926,0.4768465365480291,,True
SH600310,4.64,2.9542663,0.5931879066207424,0.6456180635285113,0.01856104094910065,0.5063145809414467,,True
SH600312,19.300001,3.1073902,0.2634902411021814,0.14753157290470723,0.264638346727899,0.12705702257941065,,True
SH600313,7.18,9.12128,0.927860696517413,0.8350554917719096,0.10658247225411405,0.0709911978568695,量能水平;量能波动,False
SH600315,18.48,1.4670281,0.10007654037504783,0.2261768082663605,0.7131649445082281,0.25200918484500573,,True
SH600316,34.11,4.7088685,0.4630692690394183,0.3478760045924225,0.6423650975889782,0.264638346727899,,True
SH600318,7.1099997,3.4522674,0.7743972445464983,0.6234213547646383,0.07175660160734787,0.2359357060849598,,True
SH600319,6.2799997,0.28418577,0.30673555300420974,0.28530424799081516,0.3008036739380023,0.548603138155377,,True
SH600320,4.1200004,1.6521975,0.21125143513203215,0.1557596632223498,0.6421737466513586,0.37753539992345964,,True
SH600322,2.79,0.6804737,0.5442020665901263,0.6856104094910065,0.5941446613088404,0.7095292766934558,,True
SH600323,28.810001,1.2878046,0.03291236127057023,0.12380405663987754,0.16417910447761194,0.5015308075009568,,True
SH600325,2.82,2.2711277,0.5939533103712208,0.8635667814772292,0.9846919249904325,0.8507462686567164,量能波动;量能动量;量能比,False
SH600326,6.8600006,2.1677556,0.3241484883275928,0.008228090317642557,0.12552621507845388,0.008228090317642557,,True
SH600327,3.9199998,0.73964953,0.06027554535017222,0.016456180635285114,0.19804822043628015,0.2634902411021814,,True
SH600328,5.7799997,1.1662648,0.4255644852659778,0.45369307309605816,0.13681592039800994,0.6465748182166092,,True
SH600329,35.100002,0.63294995,0.024492920015308076,0.0709911978568695,0.19690011481056258,0.4908151549942595,,True
SH600330,29.71,30.309044,0.9596249521622656,0.8941829314963643,0.2269422120168389,0.6079219288174512,量能水平;量能波动,False
SH600331,11.92,5.084738,0.42747799464217373,0.3090317642556448,0.06295445847684654,0.5199004975124378,,True
SH600332,19.679998,1.2501913,0.3243398392652124,0.2881745120551091,0.19345579793340986,0.3203214695752009,,True
SH600333,6.85,0.8893817,0.4565633371603521,0.3480673555300421,0.047455032529659394,0.4284347493302717,,True
SH600335,5.17,0.65226614,0.229238423268274,0.12724837351703022,0.14963643321852277,0.29257558362035974,,True
SH600336,6.4500003,0.59812635,0.2397627248373517,0.16838882510524303,0.03214695752009185,0.08821278224263299,,True
SH600337,3.3899999,0.5385701,0.21488710294680444,0.6354764638346728,0.9621125143513203,0.8193647148871029,量能动量;量能比,False
SH600338,12.790001,4.285898,0.8729429774205893,0.37543053960964407,0.5216226559510142,0.10849598163030999,量能水平,False
SH600339,3.34,1.7556454,0.8603138155376961,0.6375813241484883,0.2805204745503253,0.3756218905472637,量能水平,False
SH600340,1.12,0.4747022,0.04420206659012629,0.3270187523918867,0.9159969383849981,0.900497512437811,量能动量;量能比,False
SH600343,20.289999,5.417109,0.5991197856869499,0.6951779563719862,0.43436662839647916,0.8601224646000766,量能比,False
SH600345,54.410004,6.8779716,0.8857634902411022,0.6942212016838882,0.6691542288557214,0.5836203597397627,量能水平,False
SH600346,16.539999,5.799047,0.3274014542671259,0.09663222349789514,0.45790279372368925,0.3752391886720245,,True
SH600348,9.24,3.2836614,0.05606582472254114,0.016838882510524303,0.4267125908916954,0.25602755453501724,,True
SH600350,10.0,1.489027,0.07634902411021814,0.09605817068503636,0.22445464982778415,0.21699196326061998,,True
SH600351,6.8400006,1.4334372,0.21067738231917335,0.39667049368541907,0.44087256027554533,0.38882510524301567,,True
SH600352,12.620001,6.893408,0.13222349789513968,0.28281668580176045,0.8163030998851895,0.36203597397627246,量能动量,False
SH600353,33.32,20.353296,0.5549177190968235,0.24971297359357061,0.46000765403750477,0.6492537313432836,,True
SH600354,10.12,12.751397,0.94814389590509,0.8300803673938002,0.4756984309223115,0.6389207807118255,量能水平;量能波动,False
SH600356,10.93,0.9583098,0.6415996938384998,0.9246077305778798,0.9376195943360123,0.9866054343666284,量能波动;量能动量;量能比,False
SH600358,5.14,0.2667057,0.11021814006888633,0.14619211634137008,0.2730577879831611,0.22426329889016455,,True
SH600359,8.04,4.288643,0.8666283964791427,0.9500574052812859,0.6174894756984309,0.903750478377344,量能水平;量能波动;量能比,False
SH600360,11.38,6.352064,0.7585151167240719,0.753731343283582,0.22713356295445847,0.937236892460773,量能比,False
SH600361,3.53,1.5517677,0.643895905089935,0.343857634902411,0.3212782242632989,0.10715652506697283,,True
SH600362,45.100002,32.006596,0.7428243398392652,0.5746268656716418,0.40394182931496364,0.09337925755836203,,True
SH600363,15.980001,4.790614,0.8065442020665902,0.7340221967087639,0.7715269804822044,0.392460773057788,量能水平,False
SH600366,11.43,2.572669,0.3040566398775354,0.27535399923459625,0.7843474933027171,0.5107156525066973,,True
SH600367,38.29,15.542712,0.9041331802525833,0.8040566398775354,0.71699196326062,0.6224646000765404,量能水平;量能波动,False
SH600368,4.06,1.4689448,0.4112131649445082,0.5072713356295446,0.19173363949483352,0.18675851511672406,,True
SH600369,3.99,1.3968431,0.5752009184845006,0.34940681209337926,0.6025641025641025,0.21833141982395712,,True
SH600370,1.5000001,0.26886687,0.12552621507845388,0.20168388825105243,0.09242250287026406,0.2751626482969767,,True
SH600371,15.71,9.372971,0.8300803673938002,0.8107539226942212,0.4190585533869116,0.7552621507845388,量能水平;量能波动,False
SH600372,11.570001,3.5149882,0.6697282816685802,0.539609644087256,0.7030233448143896,0.27898966704936856,,True
SH600373,7.6600003,1.0533255,0.12743972445464982,0.4012629161882893,0.9416379640260237,0.6333716035208573,量能动量,False
SH600375,3.71,0.7555209,0.6561423650975889,0.5752009184845006,0.017604286261002678,0.5922311519326444,,True
SH600376,3.3999999,2.0498934,0.7405281285878301,0.9033677765021049,0.9226942212016839,0.7102946804439342,量能波动;量能动量,False
SH600377,12.539999,1.3560499,0.081132797550708,0.09931113662456946,0.21660926138538078,0.6000765403750479,,True
SH600378,47.07,31.664274,0.9404898584003062,0.7619594336012246,0.2290470723306544,0.2803291236127057,量能水平,False
SH600379,14.690001,2.1109877,0.3605051664753157,0.506123230003827,0.7411021814006888,0.42786069651741293,,True
SH600380,9.38,1.3316497,0.3002296211251435,0.3409873708381171,0.6381553769613472,0.3685419058553387,,True
SH600381,4.26,0.27299193,0.687715269804822,0.8756218905472637,0.8465365480290853,0.4525449674703406,量能波动;量能动量,False
SH600382,6.02,0.7621572,0.08649062380405664,0.43455797933409873,0.916953693073096,0.7864523536165328,量能动量,False
SH600383,2.5,2.8512123,0.7500956754688098,0.9647914274779946,0.9802908534251817,0.9347493302717184,量能波动;量能动量;量能比,False
SH600386,3.5900002,0.28088287,0.06563337160352085,0.09012629161882893,0.29544584768465365,0.7058936088786835,,True
SH600388,17.13,1.982527,0.12074244163796402,0.22043628013777267,0.8982013011863759,0.24454649827784156,量能动量,False
SH600389,18.859999,2.7545953,0.35246842709529275,0.3086490623804057,0.16150019135093763,0.27535399923459625,,True
SH600390,4.91,1.9729264,0.818407960199005,0.6863758132414849,0.5753922694221202,0.1079219288174512,量能水平,False
SH600391,42.84,6.740506,0.668388825105243,0.767891312667432,0.16494450822809031,0.5998851894374282,,True
SH600392,22.189999,8.874471,0.45866819747416765,0.3786835055491772,0.5097588978185993,0.5392269422120168,,True
SH600395,5.17,2.3683264,0.49062380405663986,0.25449674703406044,0.5734787600459242,0.16724071947952546,,True
SH600396,13.86,20.934307,0.9175277458859549,0.7411021814006888,0.07673172598545733,0.3076923076923077,量能水平,False
SH600397,17.49,13.753626,0.8283582089552238,0.6928817451205511,0.33027171833141983,0.24933027171833141,量能水平,False
SH600398,5.7,2.2965164,0.4192499043245312,0.2906620742441638,0.3228090317642556,0.39686184462303864,,True
SH600399,4.3799996,1.5190766,0.432070417145044,0.2833907386146192,0.6060084194412553,0.46842709529276694,,True
SH600400,3.4299998,2.1682787,0.5338691159586682,0.7837734404898584,0.7460773057787983,0.9515882127822426,量能比,False
SH600403,7.6,9.254673,0.8503635667814772,0.6789131266743207,0.17661691542288557,0.32548794489092997,量能水平,False
SH600405,5.01,0.6148021,0.19345579793340986,0.08840413318025259,0.14121699196326062,0.03673938002296211,,True
SH600406,22.23,6.7498784,0.009376195943360123,0.026215078453884422,0.43666283964791425,0.3788748564867968,,True
SH600408,3.13,1.6594144,0.6450440107156525,0.4580941446613088,0.5145426712590891,0.17374665135859166,,True
SH600409,6.35,2.03927,0.1725985457328741,0.08955223880597014,0.32338308457711445,0.0774971297359357,,True
SH600410,16.480001,17.04393,0.7866437045541523,0.7948717948717948,0.2942977420589361,0.9402985074626866,量能比,False
SH600415,11.85,5.647453,0.09663222349789514,0.06716417910447761,0.05549177190968236,0.1515499425947187,,True
SH600416,8.56,1.0953233,0.29869881362418677,0.081132797550708,0.4184845005740528,0.32682740145426714,,True
SH600418,21.32,12.831012,0.6626482969766552,0.8371603520857253,0.7898966704936854,0.8645235361653272,量能波动;量能比,False
SH600419,8.8,0.6360903,0.3974358974358974,0.09357060849598163,0.054152315346345195,0.018752391886720246,,True
SH600420,8.4,0.53302175,0.007654037504783774,0.14370455415231534,0.871220818982013,0.6934557979334098,量能动量,False
SH600422,8.25,0.38422948,0.02066590126291619,0.04898584003061615,0.3185993111366246,0.25947187141216993,,True
SH600425,3.63,0.53532237,0.05319556065824722,0.07845388442403368,0.46096440872560274,0.36299272866437043,,True
SH600426,20.4,8.366505,0.10715652506697283,0.3249138920780712,0.4085342518178339,0.4125526215078454,,True
SH600428,11.34,4.9540687,0.45044010715652505,0.3383084577114428,0.4221201683888251,0.36241867585151166,,True
SH600429,4.56,0.607417,0.4018369690011481,0.10907003444316878,0.1553769613471106,0.21469575200918484,,True
SH600433,3.3700004,0.8267085,0.2066590126291619,0.16150019135093763,0.25813241484883276,0.32587064676616917,,True
SH600435,11.68,3.1509354,0.12323000382701875,0.2876004592422503,0.41810179869881364,0.19517795637198623,,True
SH600436,120.82,2.6785624,0.001148105625717566,0.0044010715652506695,0.5478377344048986,0.4091083046306927,,True
SH600438,11.719999,3.6179798,0.15365480290853425,0.21125143513203215,0.6892460773057788,0.31898201301186374,,True
SH600439,1.8800001,0.2198154,0.018369690011481057,0.001148105625717566,0.0711825487944891,0.11308840413318025,,True
SH600444,14.3,0.31830713,0.0677382319173364,0.045158821278224265,0.42613853807883656,0.44910065059318793,,True
SH600446,10.9,1.5595284,0.03233830845771144,0.256601607347876,0.880214313050134,0.6894374282433984,量能动量,False
SH600448,3.5800002,1.4488536,0.7763107539226942,0.9931113662456946,0.9980864906238041,0.9998086490623804,量能波动;量能动量;量能比,False
SH600449,13.099999,1.3473006,0.06180635285112897,0.35686949866054346,0.2634902411021814,0.8136241867585151,量能比,False
SH600452,9.03,2.1972954,0.0912743972445465,0.195752009184845,0.43704554152315345,0.9091083046306927,量能比,False
SH600455,24.23,0.34066015,0.11902028319938768,0.13605051664753157,0.24607730577879833,0.5424799081515499,,True
SH600456,25.64,1.2207227,0.14925373134328357,0.08897818599311137,0.33735170302334483,0.2956371986222732,,True
SH600458,11.21,1.6387832,0.10907003444316878,0.38289322617680827,0.5828549559892844,0.8335246842709529,量能比,False
SH600459,19.23,3.0809479,0.21718331419823958,0.0036356678147722926,0.46249521622655954,0.17432070417145043,,True
SH600460,33.399998,27.822395,0.6381553769613472,0.35074626865671643,0.8270187523918867,0.7816685801760429,量能动量,False
SH600461,8.83,0.98156273,0.06391121316494451,0.10160734787600459,0.4226942212016839,0.5118637581324148,,True
SH600463,8.29,0.27301866,0.04133180252583238,0.09739762724837352,0.5790279372368925,0.6580558744737849,,True
SH600467,2.4399998,1.1943097,0.4119785686949866,0.33027171833141983,0.3312284730195178,0.42116341370072713,,True
SH600468,6.2799997,2.637092,0.5522388059701493,0.41637964026023727,0.1655185610409491,0.17489475698430923,,True
SH600469,5.04,0.5055356,0.1077305778798316,0.062380405663987754,0.025066972828166858,0.0606582472254114,,True
SH600470,5.81,2.3496141,0.669345579793341,0.22445464982778415,0.19843092231151932,0.0101415996938385,,True
SH600475,14.919999,1.3411866,0.03903559127439724,0.04554152315346345,0.6534634519709147,0.14006888633754305,,True
SH600477,2.44,0.8354698,0.036930730960581706,0.08476846536548029,0.5568312284730195,0.11634137007271336,,True
SH600478,4.58,0.96451175,0.06505931879066207,0.24110218140068887,0.8331419823957137,0.7428243398392652,量能动量,False
SH600479,13.57,11.260166,0.7684653654802909,0.7642556448526597,0.7877918101798699,0.16322234978951397,,True
SH600480,7.7400002,0.9867416,0.07003444316877153,0.385380788365863,0.5908916953693073,0.9305396096440872,量能比,False
SH600481,4.1,1.3430812,0.16743207041714506,0.18561040949100652,0.43149636433218524,0.30577879831611177,,True
SH600482,35.34,6.318846,0.236318407960199,0.5294680443934175,0.1515499425947187,0.7280903176425565,,True
SH600483,10.73,1.3213048,0.054152315346345195,0.04955989284347493,0.20034443168771526,0.4975124378109453,,True
SH600486,52.96,2.981405,0.05683122847301952,0.022579410639112132,0.09567546880979717,0.039418293149636435,,True
SH600487,73.0,121.20248,0.8030998851894374,0.6720244929200153,0.7954458476846537,0.7608113279755071,量能水平,False
SH600488,6.13,5.9162693,0.9473784921546116,0.8486414083429009,0.030807500956754687,0.8582089552238806,量能水平;量能波动;量能比,False
SH600489,23.47,19.864475,0.3207041714504401,0.5013394565633371,0.3798316111748948,0.5254496747034061,,True
SH600490,7.1700006,4.0043674,0.34653654802908535,0.27229238423268276,0.6507845388442404,0.0912743972445465,,True
SH600493,6.4599996,0.39938036,0.057596632223497896,0.12074244163796402,0.4255644852659778,0.8381171067738232,量能比,False
SH600495,4.11,0.35467097,0.01282051282051282,0.042671259089169536,0.5654420206659012,0.59433601224646,,True
SH600496,3.31,1.0179038,0.16341370072713357,0.22407194795254498,0.22407194795254498,0.4580941446613088,,True
SH600497,9.79,11.898806,0.45407577497129736,0.3168771526980482,0.7351703023344814,0.20168388825105243,,True
SH600498,43.510002,39.324276,0.9712973593570609,0.9552238805970149,0.4263298890164562,0.7853042479908151,量能水平;量能波动,False
SH600499,12.059999,3.8367593,0.06620742441637964,0.5874473784921546,0.9475698430922311,0.8788748564867968,量能动量;量能比,False
SH600500,5.7699995,6.4799137,0.6911595866819747,0.734404898584003,0.3945656333716035,0.6833141982395714,,True
SH600501,14.85,0.81647104,0.17374665135859166,0.06678147722923843,0.2602372751626483,0.3668197474167623,,True
SH600502,4.13,1.3064091,0.0744355147340222,0.366054343666284,0.229238423268274,0.7870264064293915,,True
SH600503,2.6699998,0.97360224,0.8871029468044394,0.993876769996173,0.9942594718714122,0.9680443934175278,量能水平;量能波动;量能动量;量能比,False
SH600505,10.59,1.0306878,0.18790662074244163,0.5367393800229621,0.07692307692307693,0.8895905089934941,量能比,False
SH600506,17.630001,3.5691645,0.7093379257558362,0.6536548029085343,0.49885189437428246,0.36949866054343666,,True
SH600507,4.0699997,0.9023746,0.005166475315729047,0.015308075009567547,0.6607347876004592,0.2600459242250287,,True
SH600508,11.0,5.9195967,0.6238040566398775,0.08362035973976273,0.4494833524684271,0.00019135093761959434,,True
SH600509,7.34,1.126163,0.17814772292384232,0.17853042479908152,0.22349789513968618,0.6335629544584769,,True
SH600510,6.76,0.3932145,0.04630692690394183,0.1448526597780329,0.7294297742058936,0.3784921546115576,,True
SH600511,26.119999,0.85618633,0.002296211251435132,0.0015308075009567547,0.3249138920780712,0.4693838499808649,,True
SH600512,2.07,0.49212837,0.208955223880597,0.16724071947952546,0.6142365097588978,0.5597014925373134,,True
SH600513,15.389999,1.135175,0.07271335629544584,0.23153463451970915,0.8094144661308841,0.6148105625717566,量能动量,False
SH600515,2.7600002,2.4849522,0.9068120933792576,0.8052047455032529,0.36356678147722926,0.31936471488710294,量能水平;量能波动,False
SH600516,5.4900002,2.72078,0.2629161882893226,0.7194795254496748,0.8511289705319556,0.9598163030998852,量能动量;量能比,False
SH600517,4.99,1.1085832,0.023727516264829697,0.03807883658629927,0.27745885954841176,0.29506314580941445,,True
SH600518,1.36,2.209973,0.6354764638346728,0.5564485265977803,0.3252965939533104,0.3878683505549177,,True
SH600519,1253.8,30.87651,0.012055109070034443,0.01588212782242633,0.7631075392269422,0.6054343666283964,,True
SH600520,25.79,2.0841181,0.5654420206659012,0.6993876769996173,0.3006123230003827,0.6829314963643321,,True
SH600521,16.57,3.385961,0.10352085725220053,0.3009950248756219,0.8440489858400306,0.858017604286261,量能动量;量能比,False
SH600522,36.88,74.20251,0.8687332567929583,0.7005357826253349,0.516073478760046,0.8629927286643705,量能水平;量能比,False
SH600523,12.13,0.45384008,0.053386911595866816,0.17680826636050517,0.6396861844623039,0.3243398392652124,,True
SH600525,5.01,1.093209,0.1928817451205511,0.32606199770378874,0.30597014925373134,0.1555683122847302,,True
SH600526,4.58,0.3303714,0.1691542288557214,0.1081132797550708,0.23019517795637198,0.22560275545350172,,True
SH600527,2.2,0.82511455,0.020474550325296593,0.0507079984691925,0.6593953310371221,0.5845771144278606,,True
SH600528,6.83,0.5605528,0.13375430539609645,0.11902028319938768,0.32682740145426714,0.1415996938384998,,True
SH600529,18.7,0.94054747,0.020283199387677,0.08266360505166476,0.7223497895139687,0.2897053195560658,,True
SH600531,12.17,5.494336,0.32893226176808266,0.16743207041714506,0.7252200535782626,0.13069269039418294,,True
SH600533,2.26,0.44739863,0.2803291236127057,0.23134328358208955,0.6779563719862227,0.39016456180635284,,True
SH600535,13.95,1.7152067,0.0709911978568695,0.13279755070799848,0.633945656333716,0.39590508993494067,,True
SH600536,32.1,6.391881,0.4146574818216609,0.16035208572522006,0.3827018752391887,0.0778798316111749,,True
SH600537,2.23,0.4670685,0.398584003061615,0.8262533486414083,0.9617298124760811,0.8109452736318408,量能波动;量能动量;量能比,False
SH600538,4.9,0.39475957,0.1993876769996173,0.24186758515116724,0.6838882510524301,0.23115193264446995,,True
SH600539,13.8,1.6114867,0.6266743207041715,0.7535399923459625,0.8319938767699961,0.38423268274014544,量能动量,False
SH600540,6.03,6.706719,0.8746651358591657,0.8717948717948718,0.5794106391121316,0.49215461155759666,量能水平;量能波动,False
SH600545,4.5,4.062896,0.7715269804822044,0.8920780711825488,0.23115193264446995,0.9416379640260237,量能波动;量能比,False
SH600546,13.64,3.1307385,0.11194029850746269,0.004783773440489858,0.5826636050516647,0.3643321852277076,,True
SH600547,31.45,31.09518,0.24416379640260238,0.3275928052047455,0.857060849598163,0.5235361653272101,量能动量,False
SH600548,8.099999,0.4492376,0.020091848450057407,0.008419441255262151,0.045924225028702644,0.023727516264829697,,True
SH600549,49.339996,19.388456,0.33314198239571374,0.2669345579793341,0.10600841944125526,0.5822809031764256,,True
SH600550,10.74,1.8620285,0.21086873325679295,0.21029468044393418,0.3304630692690394,0.4347493302717183,,True
SH600551,7.9,3.3838403,0.6842709529276694,0.5522388059701493,0.7367011098354382,0.02525832376578645,,True
SH600552,17.9,7.7892737,0.4389590508993494,0.42652123995407576,0.7393800229621125,0.8409873708381171,量能比,False
SH600556,4.81,2.0627692,0.7876004592422503,0.8482587064676617,0.8578262533486414,0.36069651741293535,量能波动;量能动量,False
SH600557,12.41,0.6775533,0.013394565633371604,0.09644087256027555,0.895331037122082,0.30922311519326445,量能动量,False
SH600558,4.84,0.5297742,0.10218140068886337,0.3890164561806353,0.6708763872942978,0.6752774588595484,,True
SH600559,11.27,1.1813983,0.04936854190585534,0.15633371603520857,0.8549559892843475,0.19096823574435515,量能动量,False
SH600560,11.38,0.24163464,0.01052430156907769,0.017986988136241867,0.5084194412552622,0.5744355147340222,,True
SH600561,5.9,0.2906666,0.14427860696517414,0.11404515882127822,0.09548411787217757,0.49885189437428246,,True
SH600562,28.78,3.4417975,0.1115575966322235,0.27286643704554153,0.5960581706850363,0.11959433601224646,,True
SH600563,124.020004,3.7685692,0.029468044393417527,0.052621507845388445,0.8002296211251435,0.8040566398775354,量能动量;量能比,False
SH600566,24.74,1.2337507,0.2064676616915423,0.15671641791044777,0.23746651358591658,0.27286643704554153,,True
SH600567,1.33,0.86493206,0.7435897435897436,0.7089552238805971,0.29161882893226176,0.43283582089552236,,True
SH600568,2.3899999,0.23019582,0.13758132414848834,0.15021048603138154,0.47340221967087637,0.7053195560658247,,True
SH600569,1.7700001,0.45402253,0.38212782242632987,0.39552238805970147,0.6433218522770762,0.4213547646383467,,True
SH600570,20.5,4.2134204,0.008802143130501339,0.00975889781859931,0.5361653272101033,0.2154611557596632,,True
SH600571,10.599999,0.7333051,0.03788748564867968,0.0007654037504783774,0.4535017221584386,0.32988901645618063,,True
SH600572,4.32,2.134733,0.2332567929582855,0.32472254114045157,0.6249521622655951,0.34998086490623803,,True
SH600573,9.960001,0.46557543,0.23230003827018753,0.20838117106773824,0.6303099885189437,0.6031381553769614,,True
SH600575,3.1900003,1.3288759,0.10696517412935323,0.022962112514351322,0.2941063911213165,0.41561423650975887,,True
SH600576,5.4500003,0.81147134,0.3210868733256793,0.12208189820130119,0.022579410639112132,0.060849598163030996,,True
SH600577,8.9,5.557437,0.33773440489858403,0.7418675851511672,0.933027171833142,0.9159969383849981,量能动量;量能比,False
SH600578,5.3399997,3.6274204,0.6373899732108688,0.573096058170685,0.05434366628396479,0.330654420206659,,True
SH600579,7.25,0.44926748,0.2502870264064294,0.5987370838117106,0.012246460007654038,0.9232682740145427,量能比,False
SH600580,27.410002,6.660494,0.2713356295445848,0.19747416762342135,0.4590508993494068,0.5895522388059702,,True
SH600582,4.8599997,1.2775217,0.03960964408725603,0.024492920015308076,0.19766551856104095,0.3161117489475698,,True
SH600583,6.45,2.2167919,0.10505166475315729,0.5022962112514351,0.8337160352085725,0.8086490623804057,量能动量;量能比,False
SH600584,72.24,55.959076,0.8107539226942212,0.8876769996172982,0.8205128205128205,0.8915040183696901,量能水平;量能波动;量能动量;量能比,False
SH600585,17.119999,4.1398206,0.10390355912743972,0.1724071947952545,0.2533486414083429,0.31668580176042865,,True
SH600586,4.06,0.5475316,0.05128205128205128,0.06869498660543437,0.6810179869881362,0.6337543053960965,,True
SH600587,13.440001,0.9648954,0.07883658629927287,0.7964026023727516,0.9988518943742825,0.9952162265595101,量能动量;量能比,False
SH600588,9.900001,5.408159,0.5329123612705702,0.7154611557596632,0.8991580558744738,0.23918867202449293,量能动量,False
SH600589,8.25,7.031936,0.9540757749712974,0.9653654802908535,0.8779181017986988,0.1725985457328741,量能水平;量能波动;量能动量,False
SH600590,8.62,2.0562809,0.5987370838117106,0.71699196326062,0.5665901262916189,0.8383084577114428,量能比,False
SH600592,14.509999,0.99637514,0.11385380788365863,0.04802908534251818,0.3492154611557597,0.16303099885189437,,True
SH600593,47.12,3.0160928,0.47416762342135477,0.7944890929965557,0.9640260237275162,0.9789513968618446,量能动量;量能比,False
SH600594,3.78,1.800956,0.44163796402602373,0.4954075774971297,0.630692690394183,0.023344814389590508,,True
SH600595,6.04,5.4251995,0.7380405663987754,0.5323383084577115,0.28128587830080365,0.14408725602755454,,True
SH600596,11.8,9.027237,0.5905089934940682,0.5675468809797168,0.13949483352468428,0.4894756984309223,,True
SH600597,6.7400002,0.7080804,0.3008036739380023,0.25870646766169153,0.6029468044393418,0.29850746268656714,,True
SH600598,13.099999,7.393987,0.6871412169919633,0.5428626100267891,0.5849598163030999,0.052430156907768845,,True
SH600600,50.149998,1.7021732,0.04190585533869116,0.03750478377344049,0.6494450822809031,0.34864140834290086,,True
SH600601,15.36,30.400131,0.9446995790279372,0.856104094910065,0.42365097588978184,0.5549177190968235,量能水平;量能波动,False
SH600602,17.21,3.8173888,0.6163413700727134,0.36739380022962115,0.5424799081515499,0.20053578262533486,,True
SH600603,4.83,0.6905136,0.4397244546498278,0.29716800612323,0.4971297359357061,0.1289705319556066,,True
SH600604,4.9399996,1.5655723,0.4940681209337926,0.6272483735170302,0.9368541905855339,0.09318790662074244,量能动量,False
SH600605,28.74,1.2642545,0.12342135476463835,0.4498660543436663,0.9029850746268657,0.770761576731726,量能动量,False
SH600606,1.5300001,2.5264583,0.9196326061997704,0.9927286643704554,0.9934940681209338,0.9791427477994642,量能水平;量能波动;量能动量;量能比,False
SH600609,3.65,1.4207729,0.6649445082280904,0.8832759280520475,0.2765021048603138,0.9871794871794872,量能波动;量能比,False
SH600610,8.11,5.724221,0.5625717566016073,0.4936854190585534,0.8015690776884806,0.006697282816685802,量能动量,False
SH600611,4.71,4.6902103,0.7336394948335246,0.7370838117106774,0.8773440489858401,0.01856104094910065,量能动量,False
SH600612,31.74,0.7817596,0.004592422502870264,0.011098354381936472,0.18484500574052812,0.03788748564867968,,True
SH600613,9.43,10.563062,0.9812476081132797,0.9820130118637581,0.9108304630692691,0.5390355912743973,量能水平;量能波动;量能动量,False
SH600616,5.21,1.1908724,0.13911213164944508,0.317451205510907,0.9743589743589743,0.9908151549942594,量能动量;量能比,False
SH600617,3.34,1.2173612,0.6504018369690011,0.6182548794489093,0.2617680826636051,0.5524301569077689,,True
SH600618,9.89,0.7011601,0.18369690011481057,0.034251817833907384,0.23804056639877536,0.06525066972828167,,True
SH600619,13.65,1.8808537,0.29200153080750096,0.7173746651358591,0.9810562571756601,0.7340221967087639,量能动量,False
SH600620,4.37,0.24340028,0.03482587064676617,0.031190202831993877,0.2809031764255645,0.6947952544967471,,True
SH600621,14.009999,2.2276604,0.4358974358974359,0.8857634902411022,0.9772292384232683,0.9676616915422885,量能波动;量能动量;量能比,False
SH600622,2.49,0.95908904,0.4182931496364332,0.4429774205893609,0.7236892460773058,0.17814772292384232,,True
SH600623,8.469999,1.3081067,0.39341752774588595,0.22177573670110984,0.12992728664370456,0.19154228855721392,,True
SH600624,4.7999997,0.20396836,0.06314580941446613,0.22215843857634904,0.3639494833524684,0.2699961729812476,,True
SH600626,3.8300002,0.440745,0.09510141599693839,0.4368541905855339,0.8111366245694603,0.9001148105625718,量能动量;量能比,False
SH600628,6.3799996,0.57788867,0.06678147722923843,0.169345579793341,0.15231534634519708,0.49732108687332566,,True
SH600629,16.800001,4.962313,0.48220436280137774,0.24837351703023344,0.5631458094144661,0.08553386911595867,,True
SH600630,9.48,1.7934915,0.6375813241484883,0.9791427477994642,0.9984691924990432,0.9977037887485649,量能波动;量能动量;量能比,False
SH600633,10.52,1.5253804,0.14772292384232683,0.23459624952162267,0.7342135476463835,0.4094910065059319,,True
SH600635,4.57,1.3733566,0.21794871794871795,0.13375430539609645,0.2870264064293915,0.33027171833141983,,True
SH600637,9.04,3.2954643,0.8333333333333334,0.912743972445465,0.9156142365097589,0.7405281285878301,量能水平;量能波动;量能动量,False
SH600638,5.12,0.6844244,0.5426712590891696,0.8105625717566016,0.8584003061615002,0.7929582854955989,量能波动;量能动量,False
SH600639,9.65,0.4739467,0.061615001913509375,0.44125526215078453,0.9818216609261385,0.9479525449674704,量能动量;量能比,False
SH600640,13.409999,1.4988587,0.6404515882127823,0.969766551856104,0.9973210868733257,0.9927286643704554,量能波动;量能动量;量能比,False
SH600641,43.74,20.362537,0.8388825105243015,0.8463451970914657,0.5983543819364715,0.8886337543053962,量能水平;量能波动;量能比,False
SH600642,8.73,1.5889103,0.17470340604668963,0.10562571756601608,0.5243015690776884,0.41637964026023727,,True
SH600643,4.11,0.66659534,0.310371220818982,0.26578645235361653,0.37638729429774204,0.4016456180635285,,True
SH600644,9.78,3.4431114,0.5126291618828932,0.6919249904324531,0.11366245694603903,0.9158055874473785,量能比,False
SH600645,19.289999,1.4001566,0.15901262916188288,0.43819364714887105,0.9611557596632223,0.7334481438959051,量能动量,False
SH600649,4.0699997,1.2066804,0.530233448143896,0.6703023344814389,0.7083811710677382,0.38289322617680827,,True
SH600650,10.46,0.58299994,0.05951014159969384,0.022388059701492536,0.4714887102946804,0.0057405281285878304,,True
SH600651,5.24,0.8017989,0.22885572139303484,0.2156525066972828,0.6777650210486031,0.2941063911213165,,True
SH600653,1.6999999,0.40496072,0.43073096058170685,0.3141982395713739,0.2562189054726368,0.7952544967470341,,True
SH600654,3.0900002,3.4447732,0.9336012246460008,0.8867202449292002,0.004592422502870264,0.1618828932261768,量能水平;量能波动,False
SH600655,4.62,0.6976351,0.07692307692307693,0.13298890164561805,0.23689246077305778,0.343857634902411,,True
SH600657,3.2400002,2.926126,0.9108304630692691,0.9368541905855339,0.8840413318025259,0.30176042862610025,量能水平;量能波动;量能动量,False
SH600658,4.15,0.49865744,0.2265595101415997,0.27324913892078073,0.5998851894374282,0.5099502487562189,,True
SH600660,53.77,5.031549,0.0007654037504783774,0.006697282816685802,0.08974358974358974,0.5742441637964026,,True
SH600661,8.94,0.57431346,0.4368541905855339,0.5210486031381554,0.6840796019900498,0.7772675086107922,,True
SH600662,4.2900004,0.43792596,0.0539609644087256,0.061040949100650596,0.4762724837351703,0.48584003061615,,True
SH600663,8.85,1.1644131,0.23421354764638347,0.37256027554535015,0.7920015308075009,0.5482204362801377,,True
SH600664,9.08,29.69299,0.9542671259089169,0.9569460390355913,0.398584003061615,0.6584385763490241,量能水平;量能波动,False
SH600665,3.45,0.48362675,0.25315729047072333,0.4313050133945656,0.8212782242632989,0.5817068503635667,量能动量,False
SH600666,3.4900002,4.0255404,0.6706850363566782,0.8484500574052812,0.004783773440489858,0.9008802143130501,量能波动;量能比,False
SH600667,19.869999,41.537487,0.9131266743207042,0.9119785686949866,0.23842326827401455,0.8807883658629927,量能水平;量能波动;量能比,False
SH600668,7.39,0.31534523,0.023536165327210104,0.047455032529659394,0.5177956371986223,0.4535017221584386,,True
SH600671,23.9,0.8442211,0.18350554917719097,0.3344814389590509,0.689628779181018,0.2525832376578645,,True
SH600673,32.159996,7.1157184,0.08610792192881746,0.17814772292384232,0.8716035208572522,0.6071565250669728,量能动量,False
SH600674,15.929999,3.8459344,0.018752391886720246,0.0641025641025641,0.5577879831611174,0.8034825870646766,量能比,False
SH600675,2.42,1.0664418,0.21029468044393418,0.6496364332185228,0.9647914274779946,0.8769613471106008,量能动量;量能比,False
SH600676,6.7999997,0.52165556,0.0438193647148871,0.20053578262533486,0.37964026023727515,0.38978185993111364,,True
SH600678,5.76,0.498354,0.1113662456946039,0.06257175660160735,0.19900497512437812,0.0809414466130884,,True
SH600679,10.92,0.4402313,0.0774971297359357,0.6000765403750479,0.9860313815537696,0.970723306544202,量能动量;量能比,False
SH600681,3.4499998,0.89937097,0.283964791427478,0.2837734404898584,0.42996555683122845,0.23421354764638347,,True
SH600682,5.9100003,1.1484803,0.2026406429391504,0.5319556065824722,0.081132797550708,0.7460773057787983,,True
SH600683,9.93,3.129195,0.3582089552238806,0.3002296211251435,0.8055874473784922,0.034251817833907384,量能动量,False
SH600684,3.62,0.7221256,0.0845771144278607,0.09911978568694986,0.5629544584768466,0.1821660926138538,,True
SH600685,29.97,4.7831135,0.2734404898584003,0.4119785686949866,0.4485265977803291,0.6295445847684654,,True
SH600686,11.13,1.8097155,0.12227324913892078,0.20818982013011864,0.16341370072713357,0.7833907386146192,,True
SH600688,2.79,1.9550017,0.44527363184079605,0.24875621890547264,0.5099502487562189,0.24512055109070036,,True
SH600689,12.0,0.6095362,0.16704936854190586,0.17872177573670112,0.4724454649827784,0.12074244163796402,,True
SH600690,20.2,6.9485946,0.1724071947952545,0.6195943360122464,0.8507462686567164,0.8758132414848833,量能动量;量能比,False
SH600691,2.91,3.724801,0.8363949483352469,0.5729047072330654,0.11098354381936472,0.030233448143895905,量能水平,False
SH600692,6.5800004,0.44207183,0.10256410256410256,0.05109070034443169,0.2669345579793341,0.40394182931496364,,True
SH600693,9.82,9.993049,0.6282051282051282,0.35036356678147723,0.21182548794489092,0.13337160352085725,,True
SH600694,14.5,0.77126074,0.013968618446230386,0.011289705319556066,0.08419441255262151,0.032721010332950634,,True
SH600697,11.62,1.0710464,0.3358208955223881,0.8055874473784922,0.0003827018752391887,0.9747416762342136,量能波动;量能比,False
SH600698,7.07,4.478964,0.8289322617680827,0.5834290088021431,0.025832376578645237,0.059892843474933025,量能水平,False
SH600699,20.8,6.2286835,0.5633371603520857,0.8333333333333334,0.8890164561806353,0.9540757749712974,量能波动;量能动量;量能比,False
SH600702,33.620003,1.8875624,0.16494450822809031,0.36701109835438195,0.6326061997703789,0.5914657481821661,,True
SH600703,12.87,14.1051,0.2864523536165327,0.06850363566781477,0.7500956754688098,0.4940681209337926,,True
SH600704,4.87,2.083843,0.2818599311136625,0.3008036739380023,0.3983926521239954,0.2877918101798699,,True
SH600706,8.48,1.7968427,0.7481821660926139,0.6861844623038653,0.0026789131266743206,0.38346727898966704,,True
SH600707,9.55,9.708808,0.9732108687332568,0.9898584003061615,0.7382319173363949,0.964600076540375,量能水平;量能波动;量能比,False
SH600708,3.12,0.52606124,0.1081132797550708,0.44871794871794873,0.8666283964791427,0.6796785304247991,量能动量,False
SH600710,11.309999,1.3530087,0.030233448143895905,0.06965174129353234,0.05951014159969384,0.5725220053578263,,True
SH600711,11.06,10.526405,0.6655185610409491,0.3471106008419441,0.37581324148488326,0.05874473784921546,,True
SH600712,5.7400002,2.529743,0.5422885572139303,0.6544202066590127,0.6668580176042863,0.9270952927669346,量能比,False
SH600713,5.02,0.5206782,0.05147340221967087,0.06505931879066207,0.31171067738231917,0.76884806735553,,True
SH600714,19.070002,7.515531,0.7185227707615768,0.6662839647914275,0.8494068120933792,0.04190585533869116,量能动量,False
SH600715,1.69,0.664525,0.5229621125143513,0.7667432070417145,0.8905472636815921,0.5983543819364715,量能动量,False
SH600716,3.76,0.21467473,0.02564102564102564,0.12456946039035591,0.8128587830080367,0.7581324148488328,量能动量,False
SH600717,4.23,0.87376297,0.026215078453884422,0.025066972828166858,0.3784921546115576,0.49808649062380406,,True
SH600718,8.15,0.65518063,0.33601224646000766,0.5951014159969383,0.3647148871029468,0.7801377726750861,,True
SH600719,8.07,1.2360674,0.30520474550325294,0.6961347110600842,0.41695369307309604,0.9544584768465365,量能比,False
SH600720,5.17,0.42362332,0.008036739380022962,0.09548411787217757,0.3949483352468427,0.48009950248756217,,True
SH600721,14.47,15.22314,0.9843092231151933,0.9881362418675852,0.9203980099502488,0.6991963260619977,量能水平;量能波动;量能动量,False
SH600722,18.08,23.114094,0.9946421737466513,0.9785686949866055,0.5114810562571757,0.17891312667432072,量能水平;量能波动,False
SH600724,5.02,0.39351004,0.025449674703406047,0.012055109070034443,0.3061615001913509,0.2610026789131267,,True
SH600725,3.3100002,0.51480025,0.0675468809797168,0.05721393034825871,0.24071947952544967,0.3342900880214313,,True
SH600726,5.29,5.351419,0.9292001530807501,0.8823191733639495,0.039992345962495214,0.358974358974359,量能水平;量能波动,False
SH600727,7.6099997,1.0963249,0.7414848832759281,0.4397244546498278,0.46153846153846156,0.07864523536165327,,True
SH600728,4.57,0.9247137,0.358974358974359,0.25774971297359356,0.5235361653272101,0.48124760811327977,,True
SH600729,18.48,0.68418854,0.06735553004209721,0.17470340604668963,0.3538078836586299,0.28511289705319554,,True
SH600730,9.309999,0.9981775,0.19135093761959435,0.4324531190202832,0.518369690011481,0.7481821660926139,,True
SH600731,5.8800006,0.42383295,0.11347110600841945,0.09682357443551473,0.13700727133562954,0.06295445847684654,,True
SH600732,10.93,2.331032,0.20799846919249904,0.6238040566398775,0.6902028319938768,0.8559127439724454,量能比,False
SH600733,4.7799997,3.894267,0.8938002296211252,0.8415614236509759,0.4460390355912744,0.894374282433984,量能水平;量能波动;量能比,False
SH600734,1.98,1.377404,0.885380788365863,0.7166092613853808,0.01454267125908917,0.3748564867967853,量能水平,False
SH600735,6.72,0.3015476,0.017986988136241867,0.0642939150401837,0.5696517412935324,0.7497129735935706,,True
SH600736,6.6600003,1.5276017,0.45464982778415614,0.5646766169154229,0.701875239188672,0.18025258323765786,,True
SH600737,15.009999,19.349144,0.8915040183696901,0.7600459242250287,0.2696134711060084,0.2470340604668963,量能水平,False
SH600738,4.27,0.7243704,0.24454649827784156,0.11882893226176808,0.007654037504783774,0.5329123612705702,,True
SH600739,10.48,1.3759362,0.07520091848450057,0.06620742441637964,0.6194029850746269,0.21507845388442404,,True
SH600740,3.85,1.5945476,0.4184845005740528,0.14695752009184845,0.37619594336012246,0.12265595101415996,,True
SH600741,14.92,2.4506333,0.029659395331037123,0.11002678913126675,0.1044776119402985,0.6316494450822809,,True
SH600742,7.72,0.46254203,0.006888633754305396,0.12629161882893225,0.012629161882893225,0.7904707233065442,,True
SH600743,2.56,0.7625116,0.4636433218522771,0.5847684653654803,0.014351320321469576,0.08419441255262151,,True
SH600744,6.54,7.2767706,0.9584768465365481,0.959433601224646,0.02066590126291619,0.7361270570225794,量能水平;量能波动,False
SH600745,17.589998,7.063573,0.8832759280520475,0.8503635667814772,0.8903559127439724,0.17470340604668963,量能水平;量能波动;量能动量,False
SH600746,7.18,1.1790994,0.4517795637198622,0.6090700344431688,0.41102181400688864,0.4902411021814007,,True
SH600748,3.9700003,0.5404496,0.10371220818982013,0.3038652889399158,0.7948717948717948,0.49827784156142363,,True
SH600749,13.69,2.1922536,0.5281285878300803,0.05128205128205128,0.10045924225028703,0.02774588595484118,,True
SH600750,22.320002,0.89958173,0.0013394565633371603,0.000574052812858783,0.18427095292766935,0.2730577879831611,,True
SH600751,2.92,0.84556234,0.571182548794489,0.5401836969001148,0.7477994642173746,0.7579410639112132,,True
SH600753,12.360001,0.22161669,0.02162265595101416,0.14810562571756603,0.010907003444316877,0.8495981630309989,量能比,False
SH600754,18.56,2.6099834,0.35036356678147723,0.07481821660926138,0.1354764638346728,0.04879448909299656,,True
SH600755,5.81,0.98892576,0.030998851894374284,0.3145809414466131,0.9487179487179487,0.7898966704936854,量能动量,False
SH600756,14.079999,1.091195,0.09988518943742825,0.10926138538078836,0.5619977037887486,0.2198622273249139,,True
SH600757,7.5,0.98833776,0.21431305013394567,0.3011863758132415,0.9035591274397244,0.4703406046689629,量能动量,False
SH600758,3.7500002,2.988962,0.9194412552621508,0.7986988136241867,0.29200153080750096,0.13432835820895522,量能水平,False
SH600759,2.36,2.777945,0.8532338308457711,0.6689628779181018,0.03654802908534252,0.18331419823957137,量能水平,False
SH600760,44.710003,8.203965,0.3220436280137773,0.2610026789131267,0.21641791044776118,0.18465365480290855,,True
SH600761,15.37,1.516694,0.0101415996938385,0.21852277076157672,0.3547646383467279,0.7030233448143896,,True
SH600763,33.73,2.1870024,0.055300420972062767,0.2602372751626483,0.451396861844623,0.5564485265977803,,True
SH600764,18.71,1.4732722,0.11959433601224646,0.03616532721010333,0.22828166858017604,0.23153463451970915,,True
SH600765,13.4800005,2.6565652,0.12533486414083428,0.04994259471871412,0.2162265595101416,0.10619977037887486,,True
SH600768,14.85,0.4099875,0.10428626100267892,0.07022579410639113,0.513203214695752,0.3616532721010333,,True
SH600769,16.15,1.7388161,0.36911595866819746,0.49062380405663986,0.4911978568694987,0.6249521622655951,,True
SH600770,6.63,2.7927303,0.8815537696134711,0.9410639112131649,0.02525832376578645,0.8050133945656334,量能水平;量能波动;量能比,False
SH600771,14.049999,0.8676817,0.155185610409491,0.21775736701109835,0.7370838117106774,0.629735935706085,,True
SH600773,10.36,2.521794,0.44106391121316496,0.36452353616532723,0.22330654420206658,0.1046689628779181,,True
SH600774,7.92,0.36624476,0.04247990815154994,0.055874473784921545,0.24818216609261384,0.47435897435897434,,True
SH600775,9.929999,1.0985148,0.5147340221967087,0.5267891312667432,0.38920780711825487,0.5250669728281668,,True
SH600776,13.66,3.8724377,0.7805204745503252,0.41944125526215076,0.07711442786069651,0.2332567929582855,,True
SH600777,4.05,1.2396737,0.10524301569077689,0.0438193647148871,0.5440107156525067,0.3442403367776502,,True
SH600778,5.87,1.3293749,0.5652506697282816,0.6565250669728282,0.02908534251817834,0.425947187141217,,True
SH600779,26.75,0.5454001,0.04535017221584386,0.14925373134328357,0.7326827401454267,0.6697282816685802,,True
SH600780,6.1699996,0.95335793,0.06926903941829315,0.14083429008802142,0.10486031381553769,0.4123612705702258,,True
SH600782,2.68,1.090613,0.3545732874091083,0.2225411404515882,0.5130118637581325,0.42747799464217373,,True
SH600783,15.5199995,2.27641,0.2617680826636051,0.5015308075009568,0.2131649445082281,0.7684653654802909,,True
SH600784,7.1,0.8402536,0.1894374282433984,0.026789131266743208,0.316494450822809,0.14944508228090317,,True
SH600785,11.2300005,6.018085,0.6565250669728282,0.6752774588595484,0.7939150401836969,0.022388059701492536,,True
SH600787,4.6200004,0.8051141,0.16016073478760046,0.29908151549942597,0.046880979716800615,0.5704171450440108,,True
SH600789,7.8500004,1.819886,0.3819364714887103,0.6461921163413701,0.8119020283199387,0.602372751626483,量能动量,False
SH600790,3.55,0.6838418,0.1182548794489093,0.4525449674703406,0.864140834290088,0.9521622655951014,量能动量;量能比,False
SH600791,7.1600003,1.4204504,0.3270187523918867,0.26903941829314965,0.2801377726750861,0.04630692690394183,,True
SH600792,5.75,5.533815,0.7791810179869881,0.6854190585533869,0.27822426329889016,0.914657481821661,量能比,False
SH600793,17.36,1.009985,0.21928817451205512,0.42058936088786836,0.8593570608495982,0.9006888633754305,量能动量;量能比,False
SH600794,3.1999998,0.375494,0.011672407194795254,0.01722158438576349,0.49866054343666283,0.6111748947569843,,True
SH600795,5.19,5.45836,0.19881362418675852,0.17412935323383086,0.223115193264447,0.5298507462686567,,True
SH600796,5.0899997,0.2817386,0.09337925755836203,0.05549177190968236,0.14389590508993494,0.3939915805587447,,True
SH600797,6.7699995,0.946322,0.24722541140451587,0.30673555300420974,0.7713356295445848,0.47837734404898585,,True
SH600798,3.42,1.2887259,0.5554917719096824,0.6722158438576349,0.008610792192881744,0.6768082663605052,,True
SH600800,3.3100002,0.6837488,0.7143130501339456,0.5244929200153081,0.3710294680443934,0.5409491006505932,,True
SH600801,23.720001,2.198466,0.0019135093761959434,0.06352851128970533,0.2336394948335247,0.42078071182548793,,True
SH600802,5.47,1.669745,0.4908151549942595,0.7091465748182166,0.01932644469957903,0.926903941829315,量能比,False
SH600803,18.630001,1.7464622,0.09816303099885189,0.030807500956754687,0.4531190202831994,0.07807118254879448,,True
SH600805,4.5699997,0.31379533,0.07998469192499043,0.08744737849215461,0.20436280137772675,0.5388442403367777,,True
SH600807,2.67,0.3618452,0.2602372751626483,0.1486796785304248,0.29506314580941445,0.5954841178721776,,True
SH600808,2.4999998,1.5719973,0.42097206276310756,0.48584003061615,0.8668197474167624,0.669345579793341,量能动量,False
SH600809,113.2,6.398642,0.0036356678147722926,0.0024875621890547263,0.7254114045158822,0.20723306544202066,,True
SH600810,6.38,0.48251745,0.07730577879831611,0.01282051282051282,0.4864140834290088,0.0642939150401837,,True
SH600812,5.1,1.9326441,0.5581706850363567,0.8905472636815921,0.7810945273631841,0.9026023727516265,量能波动;量能比,False
SH600814,7.0299997,1.3258651,0.22579410639112132,0.155185610409491,0.08916953693073096,0.21641791044776118,,True
SH600815,4.1899996,3.944344,0.7644469957902794,0.6678147722923843,0.7937236892460773,0.23938002296211253,,True
SH600816,2.41,1.6531293,0.37581324148488326,0.2596632223497895,0.3585916570991198,0.18541905855338692,,True
SH600817,9.639999,0.20270148,0.005931879066207424,0.0269804822043628,0.6609261385380788,0.3693073096058171,,True
SH600818,9.01,0.36237732,0.0574052812858783,0.2571756601607348,0.11040949100650593,0.8363949483352469,量能比,False
SH600819,5.62,0.5221313,0.33295063145809417,0.23727516264829698,0.22062763107539227,0.3515116724071948,,True
SH600820,5.2700005,1.1863562,0.13987753539992345,0.1517412935323383,0.3011863758132415,0.1890547263681592,,True
SH600821,6.08,4.211274,0.8220436280137773,0.7577497129735936,0.037696134711060085,0.4569460390355913,量能水平,False
SH600822,9.44,0.75896394,0.25889781859931116,0.764638346727899,0.96230386528894,0.9890929965556832,量能动量;量能比,False
SH600824,3.6799998,0.70445544,0.04860313815537696,0.015116724071947953,0.1861844623038653,0.14638346727898965,,True
SH600826,7.9,0.3945028,0.035973976272483735,0.21794871794871795,0.9255644852659778,0.8247225411404516,量能动量;量能比,False
SH600827,7.81,1.0546181,0.21182548794489092,0.19211634137007272,0.2931496364332185,0.21144278606965175,,True
SH600828,4.6200004,2.50975,0.5086107921928817,0.3869115958668197,0.37370838117106775,0.1377726750861079,,True
SH600829,10.099999,1.774954,0.07060849598163031,0.14772292384232683,0.7527745885954841,0.17393800229621126,,True
SH600830,8.639999,2.9836657,0.6061997703788748,0.27918101798698813,0.2751626482969767,0.006888633754305396,,True
SH600831,3.43,0.47905973,0.12189054726368159,0.12782242632988902,0.4770378874856487,0.586299272866437,,True
SH600833,10.87,0.6512065,0.07022579410639113,0.2606199770378875,0.6637964026023727,0.6209337925755836,,True
SH600834,7.65,0.21876124,0.013777267508610792,0.004975124378109453,0.25564485265977804,0.056639877535399924,,True
SH600835,18.329998,0.8933278,0.0338691159586682,0.3943742824339839,0.9148488327592805,0.9070034443168772,量能动量;量能比,False
SH600838,8.6,2.1452854,0.6215078453884424,0.7234978951396862,0.48430922311519325,0.2024492920015308,,True
SH600839,6.7100005,3.3680148,0.8275928052047455,0.5949100650593188,0.5905089934940682,0.09567546880979717,量能水平,False
SH600841,5.8399997,0.7786883,0.38002296211251435,0.6241867585151167,0.18790662074244163,0.846727898966705,量能比,False
SH600843,6.92,0.3463537,0.09184845005740529,0.02104860313815538,0.4387676999617298,0.5265977803291236,,True
SH600844,3.4199998,2.8921351,0.8930348258706468,0.6247608113279755,0.3869115958668197,0.017030233448143896,量能水平,False
SH600845,18.449999,2.2143874,0.012629161882893225,0.34404898584003063,0.9630692690394183,0.9408725602755453,量能动量;量能比,False
SH600846,10.86,0.31774977,0.010715652506697282,0.016264829697665517,0.11729812476081133,0.2632988901645618,,True
SH600847,13.35,0.49201488,0.12303865288939916,0.7206276310753923,0.9789513968618446,0.9940681209337926,量能动量;量能比,False
SH600848,8.68,0.63848686,0.19804822043628015,0.31228473019517794,0.8685419058553386,0.6037122081898201,量能动量,False
SH600850,14.19,0.99664897,0.03463451970914658,0.07807118254879448,0.6852277076157673,0.6394948335246843,,True
SH600851,8.52,0.68224573,0.0472636815920398,0.2095292766934558,0.7606199770378875,0.6442786069651741,,True
SH600853,3.2699997,0.2888772,0.020857252200535782,0.030616150019135095,0.5149253731343284,0.5440107156525067,,True
SH600854,4.71,0.30091342,0.3277841561423651,0.20015308075009566,0.22388059701492538,0.33275928052047454,,True
SH600855,13.15,1.5456831,0.4724454649827784,0.2533486414083429,0.14293915040183697,0.2361270570225794,,True
SH600857,24.24,1.9069974,0.41427477994642176,0.5103329506314581,0.7114427860696517,0.4967470340604669,,True
SH600858,5.0,0.464827,0.05166475315729047,0.025832376578645237,0.26521239954075776,0.46096440872560274,,True
SH600859,9.9,1.551983,0.24358974358974358,0.24397244546498278,0.09605817068503636,0.31974741676234214,,True
SH600860,7.69,0.53171635,0.14293915040183697,0.5704171450440108,0.9092996555683123,0.9131266743207042,量能动量;量能比,False
SH600861,12.780001,0.2642388,0.01951779563719862,0.037696134711060085,0.1928817451205511,0.24913892078071181,,True
SH600862,18.160002,2.4527695,0.37370838117106775,0.3182166092613854,0.31343283582089554,0.149062380405664,,True
SH600863,4.74,4.45728,0.29123612705702256,0.27784156142365096,0.21373899732108687,0.2330654420206659,,True
SH600864,5.86,3.6954713,0.4996172981247608,0.6044776119402985,0.3738997321086873,0.7198622273249139,,True
SH600865,11.549999,4.7378926,0.6017986988136241,0.24952162265595101,0.6335629544584769,0.8957137389973211,量能比,False
SH600866,4.2,1.153722,0.30884041331802525,0.2613853807883659,0.20512820512820512,0.4184845005740528,,True
SH600867,7.8699994,1.1347244,0.013011863758132415,0.04822043628013777,0.8350554917719096,0.45331037122081896,量能动量,False
SH600868,2.79,1.391721,0.5432453119020283,0.5784538844240337,0.3677765021048603,0.6230386528893992,,True
SH600869,22.03,60.87186,0.9492920015308075,0.8312284730195177,0.2508610792192882,0.46383467278989665,量能水平;量能波动,False
SH600871,2.19,3.325637,0.8882510524301569,0.7564102564102564,0.4601990049751244,0.47474167623421354,量能水平,False
SH600872,17.35,1.6603096,0.08744737849215461,0.2066590126291619,0.3530424799081516,0.7141216991963261,,True
SH600873,7.5099998,1.900012,0.12973593570608496,0.06984309223115193,0.3805970149253731,0.07233065442020666,,True
SH600874,5.5299997,0.426703,0.09548411787217757,0.09950248756218906,0.25162648296976653,0.3855721393034826,,True
SH600875,24.33,9.125662,0.4911978568694987,0.3848067355530042,0.2194795254496747,0.24205893608878684,,True
SH600876,8.099999,1.1003662,0.31917336394948337,0.5776884806735553,0.019709146574818218,0.9749330271718332,量能比,False
SH600877,12.139999,1.2846884,0.14657481821660925,0.20417145044010715,0.6366245694603904,0.8400306161500192,量能比,False
SH600879,14.62,8.774178,0.3714121699196326,0.43704554152315345,0.6681974741676234,0.8006123230003827,量能比,False
SH600880,4.83,2.9440339,0.5394182931496364,0.21833141982395712,0.466513585916571,0.9609644087256027,量能比,False
SH600881,1.9100001,2.7254703,0.7828166858017604,0.8723689246077305,0.1930730960581707,0.55185610409491,量能波动,False
SH600882,19.57,0.8921716,0.07309605817068504,0.040183696900114814,0.21928817451205512,0.1626482969766552,,True
SH600883,8.12,0.49594435,0.10199004975124377,0.004018369690011481,0.11232300038270188,0.14619211634137008,,True
SH600884,11.26,3.2120457,0.35572139303482586,0.34347493302717186,0.6959433601224646,0.5824722541140451,,True
SH600885,33.800003,4.4157352,0.07041714504401071,0.1932644469957903,0.3210868733256793,0.28300803673938,,True
SH600886,14.3,3.3762765,0.04822043628013777,0.05223880597014925,0.1991963260619977,0.34290088021431303,,True
SH600887,26.77,15.220345,0.17202449292001532,0.04152315346345197,0.20110983543819363,0.09261385380788366,,True
SH600888,10.21,3.8628516,0.19823957137389972,0.33390738614619214,0.8321852277076157,0.5497512437810945,量能动量,False
SH600892,4.32,3.417217,0.7610026789131267,0.6905855338691159,0.7328740910830464,0.04764638346727899,,True
SH600893,39.649998,13.266393,0.5451588212782242,0.5080367393800229,0.39705319556065827,0.3252965939533104,,True
SH600894,7.6800003,0.46367684,0.009950248756218905,0.3794489092996556,0.9735935706084959,0.9542671259089169,量能动量;量能比,False
SH600895,29.25,5.0383806,0.22120168388825107,0.34366628396479143,0.8930348258706468,0.5813241484883276,量能动量,False
SH600897,15.169999,0.3628492,0.004975124378109453,0.03157290470723306,0.3884424033677765,0.5600841944125526,,True
SH600900,28.019999,24.823318,0.6838882510524301,0.3459624952162266,0.5275545350172216,0.2336394948335247,,True
SH600901,6.7599998,1.8024619,0.6132797550707998,0.5078453884424033,0.6725985457328741,0.43417527745885953,,True
SH600903,6.8900003,5.0809903,0.7303865288939916,0.6190202831993876,0.07596632223497896,0.37543053960964407,,True
SH600905,3.64,2.3810244,0.8231917336394948,0.7784156142365097,0.05472636815920398,0.38327592805204747,量能水平,False
SH600906,6.4700003,2.1743865,0.7395713738997322,0.7213930348258707,0.6523153463451971,0.29334098737083814,,True
SH600908,5.77,1.276187,0.5841944125526215,0.46460007654037505,0.10543436662839648,0.2860696517412935,,True
SH600909,8.15,8.52077,0.9766551856104095,0.869307309605817,0.6071565250669728,0.30520474550325294,量能水平;量能波动,False
SH600916,7.43,3.4833584,0.8541905855338691,0.682548794489093,0.2403367776502105,0.012437810945273632,量能水平,False
SH600917,4.9,0.4673,0.21393034825870647,0.14714887102946805,0.03406046689628779,0.1356678147722924,,True
SH600918,5.55,2.1809614,0.8252965939533103,0.6083046306926904,0.6393034825870647,0.09089169536930732,量能水平,False
SH600919,12.09,11.074898,0.9437428243398392,0.850937619594336,0.4640260237275163,0.7359357060849598,量能水平;量能波动,False
SH600925,4.1400003,0.51895446,0.5235361653272101,0.06946039035591274,0.2736318407960199,0.043436662839647915,,True
SH600926,17.08,7.0453005,0.8911213164944508,0.7856869498660544,0.36873325679295826,0.45407577497129736,量能水平,False
SH600927,12.46,0.91389114,0.7562189054726368,0.6647531572904707,0.7791810179869881,0.24167623421354764,,True
SH600928,3.51,1.0576115,0.7189054726368159,0.5007654037504784,0.22139303482587064,0.1620742441637964,,True
SH600930,3.9599998,4.2675314,0.9785686949866055,0.9866054343666284,0.033677765021048606,0.8432835820895522,量能水平;量能波动;量能比,False
SH600933,13.96,1.4915932,0.6980482204362801,0.8754305396096441,0.9661308840413318,0.986796785304248,量能波动;量能动量;量能比,False
SH600935,2.35,0.55464566,0.6588212782242633,0.7902793723689246,0.8262533486414083,0.7474167623421355,量能动量,False
SH600936,4.49,3.489541,0.9408725602755453,0.8786835055491772,0.07003444316877153,0.16169154228855723,量能水平;量能波动,False
SH600938,33.089996,15.12475,0.9422120168388826,0.9135093761959434,0.15001913509376197,0.466513585916571,量能水平;量能波动,False
SH600939,2.6299999,0.338886,0.33218522770761577,0.3744737849215461,0.6766169154228856,0.5759663222349789,,True
SH600941,96.45,7.652984,0.9091083046306927,0.813241484883276,0.6320321469575201,0.479716800612323,量能水平;量能波动,False
SH600955,12.590001,0.32334656,0.5907003444316877,0.0644852659778033,0.37696134711060086,0.3275928052047455,,True
SH600956,7.1800003,0.54955006,0.15422885572139303,0.12361270570225794,0.30673555300420974,0.6540375047837734,,True
SH600958,8.969999,4.236449,0.9535017221584385,0.7263681592039801,0.43379257558362033,0.27114427860696516,量能水平,False
SH600959,3.15,0.92617667,0.7351703023344814,0.5206659012629162,0.6747034060466897,0.4146574818216609,,True
SH600960,3.94,0.3488704,0.16322234978951397,0.1624569460390356,0.09950248756218906,0.571182548794489,,True
SH600961,24.92,8.226052,0.5742441637964026,0.48009950248756217,0.540566398775354,0.5327210103329506,,True
SH600962,27.300001,1.3991475,0.12112514351320322,0.11308840413318025,0.5642939150401837,0.6326061997703789,,True
SH600963,3.5300002,1.0452378,0.31974741676234214,0.440107156525067,0.813241484883276,0.5514734022196709,量能动量,False
SH600965,2.75,0.20176385,0.04649827784156142,0.06314580941446613,0.05702257941063911,0.027554535017221583,,True
SH600966,4.9700003,0.73519754,0.13872942977420588,0.029850746268656716,0.5841944125526215,0.21163413700727132,,True
SH600967,13.460001,12.974012,0.7477994642173746,0.4242250287026406,0.03673938002296211,0.19766551856104095,,True
SH600968,3.91,1.7812939,0.6077305778798316,0.3153463451970915,0.33773440489858403,0.19785686949866055,,True
SH600969,10.18,2.4981537,0.7051282051282052,0.43991580558744736,0.035208572522005356,0.01320321469575201,,True
SH600970,7.5999994,1.1405152,0.046115575966322236,0.051856104094910066,0.4592422502870264,0.4485265977803291,,True
SH600971,8.49,1.6473473,0.09414466130884042,0.0101415996938385,0.5398009950248757,0.09280520474550326,,True
SH600973,6.03,1.0582987,0.05817068503635668,0.06831228473019518,0.39552238805970147,0.4492920015308075,,True
SH600975,5.29,1.9932787,0.47340221967087637,0.1383467278989667,0.08285495598928434,0.13892078071182548,,True
SH600976,27.21,0.4677447,0.007845388442403367,0.11519326444699579,0.5315729047072331,0.16953693073096057,,True
SH600977,13.55,3.3327324,0.8819364714887103,0.972636815920398,0.8459624952162266,0.7491389207807119,量能水平;量能波动;量能动量,False
SH600979,3.9599998,1.2865655,0.15288939915805588,0.31515499425947185,0.04362801377726751,0.7709529276693455,,True
SH600980,19.800001,0.4118687,0.03406046689628779,0.10677382319173363,0.8017604286261003,0.5264064293915041,量能动量,False
SH600981,2.44,0.41708356,0.1283964791427478,0.16379640260237274,0.6008419441255262,0.6484883275928052,,True
SH600982,5.0299997,1.4575415,0.3415614236509759,0.4531190202831994,0.08208955223880597,0.8069269039418293,量能比,False
SH600984,3.5200002,2.0002367,0.7388059701492538,0.24129353233830847,0.4041331802525832,0.001722158438576349,,True
SH600985,16.74,4.301604,0.3176425564485266,0.10256410256410256,0.2960199004975124,0.09223115193264447,,True
SH600986,7.39,3.7482603,0.5859165709911979,0.7544967470340604,0.9142747799464217,0.2225411404515882,量能动量,False
SH600987,6.35,0.3076499,0.000574052812858783,0.0032529659395331037,0.027554535017221583,0.2625334864140834,,True
SH600988,42.399998,23.359217,0.7039800995024875,0.7146957520091849,0.3182166092613854,0.5357826253348641,,True
SH600989,23.21,16.781347,0.9856486796785304,0.8928434749330272,0.25908916953693073,0.25774971297359356,量能水平;量能波动,False
SH600990,18.069998,0.5584202,0.01932644469957903,0.0028702640642939152,0.27994642173746653,0.21412169919632607,,True
SH600992,10.28,0.54938436,0.1819747416762342,0.7761194029850746,0.9766551856104095,0.9617298124760811,量能动量;量能比,False
SH600993,22.550001,0.7764799,0.0030616150019135095,0.003444316877152698,0.5428626100267891,0.2898966704936854,,True
SH600995,12.120001,1.1299692,0.03157290470723306,0.023536165327210104,0.4322617680826636,0.5595101415996938,,True
SH600996,7.0400004,1.1552868,0.7897053195560658,0.7692307692307693,0.5447761194029851,0.5757749712973593,,True
SH600997,5.2599998,0.72051257,0.1285878300803674,0.041140451588212786,0.5199004975124378,0.29219288174512054,,True
SH600998,4.87,1.6182638,0.7600459242250287,0.7713356295445848,0.8170685036356679,0.8019517795637199,量能动量;量能比,False
SH600999,18.01,10.094047,0.9818216609261385,0.8071182548794489,0.6576731725985457,0.11863758132414849,量能水平;量能波动,False
SH601000,4.3599997,1.9395878,0.2680826636050517,0.31974741676234214,0.7256027554535017,0.516073478760046,,True
SH601001,18.28,4.028344,0.5587447378492154,0.5683122847301951,0.3878683505549177,0.4527363184079602,,True
SH601002,5.2,0.62065154,0.5187523918867203,0.24607730577879833,0.35112897053195563,0.07539226942212017,,True
SH601003,3.5900002,0.843542,0.4050899349406812,0.06563337160352085,0.3220436280137773,0.06199770378874857,,True
SH601005,1.2099999,0.8514314,0.9402985074626866,0.9154228855721394,0.4823957137389973,0.36988136241867586,量能水平;量能波动,False
SH601006,4.71,4.892741,0.796211251435132,0.6463834672789897,0.13585916570991197,0.4852659778032912,,True
SH601007,6.81,0.53466815,0.41140451588212784,0.2632988901645618,0.25736701109835436,0.31094527363184077,,True
SH601008,4.43,1.1618205,0.7956371986222732,0.4454649827784156,0.052430156907768845,0.21756601607347875,,True
SH601009,11.77,6.1268296,0.6703023344814389,0.47435897435897434,0.27898966704936856,0.44068120933792576,,True
SH601010,1.47,0.24692886,0.3522770761576732,0.3453884424033678,0.3936088786835055,0.1450440107156525,,True
SH601011,3.01,2.1215377,0.9718714121699197,0.8821278224263299,0.588212782242633,0.0742441637964026,量能水平;量能波动,False
SH601012,11.379999,7.6947174,0.41637964026023727,0.2944890929965557,0.4506314580941447,0.6293532338308457,,True
SH601015,3.75,3.6473231,0.9026023727516265,0.8099885189437428,0.33008036739380026,0.4334098737083812,量能水平;量能波动,False
SH601016,3.34,3.5939734,0.6417910447761194,0.7753539992345962,0.025449674703406047,0.8411787217757367,量能比,False
SH601018,3.4199998,1.9409541,0.6808266360505166,0.684462303865289,0.5796019900497512,0.7858783008036739,,True
SH601019,6.9900002,0.7889302,0.616532721010333,0.6169154228855721,0.9324531190202832,0.5195177956371986,量能动量,False
SH601020,21.08,6.773394,0.8057787983161118,0.6817833907386146,0.40757749712973596,0.11710677382319173,量能水平,False
SH601021,41.88,1.7476293,0.3061615001913509,0.29334098737083814,0.8746651358591657,0.6940298507462687,量能动量,False
SH601022,8.62,0.9371416,0.6425564485265978,0.8601224646000766,0.6530807500956755,0.8966704936854191,量能波动;量能比,False
SH601026,15.430001,0.68693495,0.661308840413318,0.9257558362035974,0.8608878683505549,0.9577114427860697,量能波动;量能动量;量能比,False
SH601033,14.259999,0.4746944,0.40968235744355147,0.4246077305778798,0.7395713738997322,0.41599693838499807,,True
SH601038,13.77,1.7558004,0.546689628779181,0.4601990049751244,0.2060849598163031,0.017412935323383085,,True
SH601058,13.75,6.1096506,0.46172981247608114,0.47493302717183317,0.5719479525449674,0.31802525832376577,,True
SH601061,11.599999,2.1936684,0.7835820895522388,0.6347110600841944,0.40604668962877916,0.3036739380022962,,True
SH601065,6.7599998,0.31245035,0.42690394182931496,0.23230003827018753,0.054917719096823574,0.10658247225411405,,True
SH601066,23.77,4.0095444,0.6182548794489093,0.32988901645618063,0.3241484883275928,0.20149253731343283,,True
SH601068,4.3999996,0.45368147,0.30501339456563337,0.12533486414083428,0.36988136241867586,0.351894374282434,,True
SH601069,26.91,6.8137474,0.621699196326062,0.4221201683888251,0.4833524684270953,0.195752009184845,,True
SH601077,6.58,4.232958,0.9202066590126292,0.8006123230003827,0.7742058936088787,0.7079984691924991,量能水平;量能波动,False
SH601083,12.75,1.9077314,0.8237657864523537,0.6821660926138539,0.5951014159969383,0.20704171450440106,量能水平,False
SH601086,18.160002,10.239697,0.8134328358208955,0.8951396861844623,0.8423268274014543,0.8746651358591657,量能水平;量能波动;量能动量;量能比,False
SH601088,47.51,11.786632,0.9659395331037122,0.867011098354382,0.6990049751243781,0.25430539609644087,量能水平;量能波动,False
SH601089,16.45,0.39256436,0.2772675086107922,0.5218140068886338,0.8073096058170685,0.6400688863375431,量能动量,False
SH601096,4.1400003,0.611617,0.5956754688097972,0.24856486796785304,0.21239954075774972,0.4887102946804439,,True
SH601098,10.570001,1.20689,0.539609644087256,0.17451205510907003,0.25507079984691927,0.2554535017221584,,True
SH601099,3.57,5.343941,0.9978951396861845,0.9978951396861845,0.9098737083811711,0.4292001530807501,量能水平;量能波动;量能动量,False
SH601100,92.38999,6.713785,0.27860696517412936,0.7965939533103712,0.6580558744737849,0.9793340987370838,量能比,False
SH601101,13.58,4.5464196,0.8515116724071948,0.6280137772675086,0.44240336777650213,0.035208572522005356,量能水平,False
SH601106,2.9900002,1.6971363,0.8827018752391886,0.7384232682740145,0.5773057787983161,0.649062380405664,量能水平,False
SH601107,5.98,0.58430177,0.4223115193264447,0.3872942977420589,0.06218905472636816,0.28128587830080365,,True
SH601108,8.6,4.9818997,0.9795254496747035,0.9380022962112514,0.8254879448909299,0.49483352468427094,量能水平;量能波动;量能动量,False
SH601111,5.93,3.3877983,0.6890547263681592,0.7034060466896288,0.8631840796019901,0.7041714504401072,量能动量,False
SH601112,16.78,1.141245,0.7502870264064294,0.871220818982013,0.1310753922694221,0.967470340604669,量能波动;量能比,False
SH601113,3.49,0.34503528,0.39628779181017987,0.6932644469957903,0.7026406429391504,0.7455032529659396,,True
SH601116,10.43,2.248287,0.9016456180635285,0.8406046689628779,0.242441637964026,0.2129735935706085,量能水平;量能波动,False
SH601117,7.2300005,4.0017653,0.8247225411404516,0.6213164944508228,0.18446230386528895,0.10371220818982013,量能水平,False
SH601118,6.54,12.680581,0.9971297359357061,0.9778032912361271,0.2632988901645618,0.19211634137007272,量能水平;量能波动,False
SH601121,7.2199993,1.0117269,0.4975124378109453,0.3907386146192116,0.3291236127057023,0.29544584768465365,,True
SH601126,40.190002,8.920206,0.798124760811328,0.5604668962877918,0.6660926138538079,0.44489092996555685,,True
SH601127,47.78,9.631618,0.7254114045158822,0.8302717183314198,0.007845388442403367,0.8752391886720245,量能波动;量能比,False
SH601128,6.2500005,3.5241613,0.7822426329889016,0.41044776119402987,0.2893226176808266,0.12456946039035591,,True
SH601133,24.93,2.6379302,0.8404133180252583,0.9531190202831994,0.9326444699579028,0.8679678530424799,量能水平;量能波动;量能动量;量能比,False
SH601136,14.53,3.774857,0.8392652123995408,0.5633371603520857,0.6161500191350937,0.02066590126291619,量能水平,False
SH601137,20.35,3.0826247,0.7280903176425565,0.4693838499808649,0.5989284347493302,0.29889016456180634,,True
SH601138,63.3,60.062096,0.9955989284347493,0.9854573287409109,0.5221967087638729,0.4150401836969001,量能水平;量能波动,False
SH601139,6.2800007,1.088744,0.5543436662839648,0.4362801377726751,0.2200535782625335,0.23459624952162267,,True
SH601155,12.92,3.0746539,0.9431687715269805,0.9829697665518561,0.8662456946039035,0.7789896670493686,量能水平;量能波动;量能动量,False
SH601156,18.130001,1.5564277,0.7349789513968619,0.7399540757749713,0.028893991580558744,0.28798316111748945,,True
SH601158,4.0,0.27917597,0.25985457328740913,0.2659778032912361,0.08572522005357826,0.5185610409491006,,True
SH601162,3.7199998,6.4514565,0.917910447761194,0.8773440489858401,0.900497512437811,0.24971297359357061,量能水平;量能波动;量能动量,False
SH601163,12.49,0.39747444,0.48469192499043245,0.1421737466513586,0.12801377726750862,0.05721393034825871,,True
SH601166,17.890001,16.637762,0.9020283199387678,0.4632606199770379,0.32548794489092997,0.1180635285112897,量能水平,False
SH601168,36.77,20.392426,0.9925373134328358,0.9676616915422885,0.5110983543819365,0.1858017604286261,量能水平;量能波动,False
SH601169,5.52,11.360616,0.9850746268656716,0.635859165709912,0.2713356295445848,0.18771526980482203,量能水平,False
SH601177,13.69,0.87755126,0.6006505931879066,0.2365097588978186,0.26406429391504016,0.040566398775354,,True
SH601179,12.219999,7.41648,0.9184845005740528,0.6687715269804823,0.5306161500191351,0.4079601990049751,量能水平,False
SH601186,6.04,1.7978662,0.8126674320704171,0.710868733256793,0.13011863758132414,0.28415614236509756,量能水平,False
SH601187,7.0299997,1.6532973,0.7401454267125909,0.6442786069651741,0.6907768848067356,0.8207041714504401,量能比,False
SH601188,2.87,0.410197,0.2730577879831611,0.19690011481056258,0.2742058936088787,0.446230386528894,,True
SH601199,6.68,1.086695,0.4295828549559893,0.4003061615001913,0.008802143130501339,0.7420589360887868,,True
SH601200,6.8500004,0.4242592,0.5895522388059702,0.4263298890164562,0.0707998469192499,0.32338308457711445,,True
SH601208,52.19,32.321247,0.9427860696517413,0.9108304630692691,0.38384998086490624,0.8339073861461921,量能水平;量能波动;量能比,False
SH601211,17.710001,11.190438,0.993876769996173,0.9579027937236892,0.5028702640642939,0.4640260237275163,量能水平;量能波动,False
SH601212,6.09,25.588928,0.9871794871794872,0.9092996555683123,0.5195177956371986,0.057596632223497896,量能水平;量能波动,False
SH601216,4.5499997,2.9278076,0.5216226559510142,0.518369690011481,0.7125908916953693,0.3983926521239954,,True
SH601218,5.26,3.7507138,0.9600076540375048,0.9936854190585533,0.6651358591657099,0.9992345962495216,量能水平;量能波动;量能比,False
SH601222,5.96,1.7576541,0.6194029850746269,0.18446230386528895,0.2872177573670111,0.041140451588212786,,True
SH601225,26.03,9.229611,0.5267891312667432,0.33773440489858403,0.5422885572139303,0.29181017986988134,,True
SH601226,6.75,0.7235269,0.562763107539227,0.8096058170685037,0.8922694221201684,0.8000382701875239,量能波动;量能动量;量能比,False
SH601228,3.0599997,0.6997056,0.41944125526215076,0.19192499043245312,0.23478760045924224,0.47168006123230005,,True
SH601229,9.53,5.3309407,0.9112131649445082,0.3685419058553387,0.22101033295063147,0.12590891695369308,量能水平,False
SH601231,26.89,8.441761,0.7083811710677382,0.6980482204362801,0.3643321852277076,0.8119020283199387,量能比,False
SH601233,23.92,11.613161,0.928817451205511,0.7403367776502104,0.37294297742058935,0.14427860696517414,量能水平,False
SH601236,7.06,1.3521621,0.48507462686567165,0.8459624952162266,0.9791427477994642,0.4802908534251818,量能波动;量能动量,False
SH601279,3.49,0.55034757,0.2872177573670111,0.5063145809414467,0.004209720627631076,0.7977420589360887,,True
SH601288,6.8799996,20.330225,0.9031764255644853,0.7432070417145044,0.3760045924225029,0.4226942212016839,量能水平,False
SH601298,9.77,0.95778257,0.30539609644087257,0.3274014542671259,0.0778798316111749,0.7403367776502104,,True
SH601311,7.4399996,0.7829203,0.32931496364332186,0.13624186758515117,0.46804439341752774,0.06142365097588978,,True
SH601318,54.46,37.37882,0.9879448909299655,0.9209720627631075,0.48220436280137774,0.31209337925755837,量能水平;量能波动,False
SH601319,8.17,7.4769063,0.914657481821661,0.8788748564867968,0.7979334098737084,0.34978951396861846,量能水平;量能波动,False
SH601326,3.48,0.81994945,0.39303482587064675,0.2154611557596632,0.6808266360505166,0.5533869115958668,,True
SH601328,7.5499997,12.346966,0.9804822043628014,0.9580941446613088,0.32606199770378874,0.5784538844240337,量能水平;量能波动,False
SH601330,8.19,1.6211303,0.48928434749330274,0.23440489858400307,0.19058553386911595,0.1251435132032147,,True
SH601333,3.02,2.2934015,0.8899732108687333,0.5985457328740911,0.5985457328740911,0.4760811327975507,量能水平,False
SH601336,58.680004,11.121324,0.9062380405663988,0.5045924225028703,0.42154611557596633,0.06123230003827019,量能水平,False
SH601339,7.16,0.6653042,0.16169154228855723,0.2826253348641408,0.3069269039418293,0.350937619594336,,True
SH601360,9.179999,11.038118,0.9663222349789514,0.9316877152698049,0.21125143513203215,0.4596249521622656,量能水平;量能波动,False
SH601366,3.6399999,0.538597,0.7137389973210869,0.5417145044010716,0.4161882893226177,0.19728281668580175,,True
SH601369,8.99,1.0380385,0.5250669728281668,0.9226942212016839,0.9770378874856487,0.9772292384232683,量能波动;量能动量;量能比,False
SH601375,4.04,1.7453849,0.8212782242632989,0.6645618063528511,0.32988901645618063,0.22388059701492538,量能水平,False
SH601377,5.97,3.7724812,0.8968618446230386,0.8390738614619212,0.4230769230769231,0.515116724071948,量能水平;量能波动,False
SH601388,3.25,1.485204,0.6274397244546498,0.24225028702640644,0.4957902793723689,0.03865288939915806,,True
SH601390,4.31,3.6760213,0.9406812093379258,0.8086490623804057,0.17776502104860314,0.2734404898584003,量能水平;量能波动,False
SH601398,8.12,22.861473,0.9089169536930731,0.686758515116724,0.6234213547646383,0.43379257558362033,量能水平,False
SH601399,3.16,1.7701159,0.898584003061615,0.8865288939915805,0.7996555683122847,0.5313815537696135,量能水平;量能波动,False
SH601456,8.69,1.442783,0.5583620359739763,0.3455797933409874,0.7194795254496748,0.1553769613471106,,True
SH601500,3.8899999,0.5719127,0.4778032912361271,0.24358974358974358,0.20340604668962878,0.141982395713739,,True
SH601512,8.49,0.34390727,0.28798316111748945,0.21699196326061998,0.114619211634137,0.12763107539226942,,True
SH601515,3.29,0.44000325,0.29468044393417525,0.20799846919249904,0.5281285878300803,0.4695752009184845,,True
SH601518,2.77,0.41838855,0.19422120168388826,0.16513585916570991,0.3752391886720245,0.15652506697282817,,True
SH601519,9.07,3.7315216,0.9138920780711826,0.9211634137007272,0.9081515499425947,0.4957902793723689,量能水平;量能波动;量能动量,False
SH601528,4.9599996,0.88778245,0.6643704554152315,0.4845005740528129,0.10983543819364715,0.25181783390738616,,True
SH601555,8.34,3.4854922,0.7950631458094145,0.3061615001913509,0.40987370838117104,0.10409491006505932,,True
SH601566,9.3,2.9013453,0.8685419058553386,0.6421737466513586,0.27918101798698813,0.14255644852659777,量能水平,False
SH601567,14.6,2.7130263,0.39054726368159204,0.3601224646000765,0.05721393034825871,0.7810945273631841,,True
SH601568,3.6599998,0.87879914,0.8241484883275928,0.6222732491389208,0.2470340604668963,0.11270570225794106,量能水平,False
SH601577,9.7,2.2135644,0.7690394182931496,0.4628779181017987,0.2196708763872943,0.26540375047837733,,True
SH601579,37.46,7.054779,0.7045541523153463,0.7979334098737084,0.8750478377344049,0.8530424799081515,量能动量;量能比,False
SH601588,1.79,0.63537824,0.5803673938002296,0.7445464982778416,0.8700727133562954,0.8191733639494834,量能动量;量能比,False
SH601595,24.64,4.169121,0.8143895905089935,0.6712590891695369,0.4663222349789514,0.2814772292384233,量能水平,False
SH601598,6.44,0.8540586,0.27076157673172596,0.2675086107921929,0.1689628779181018,0.35246842709529275,,True
SH601599,3.28,0.8838794,0.6819747416762342,0.15901262916188288,0.3714121699196326,0.13222349789513968,,True
SH601600,9.2699995,16.4054,0.999043245311902,0.992920015308075,0.7122081898201301,0.5715652506697283,量能水平;量能波动,False
SH601601,32.149998,12.927033,0.9910065059318791,0.9822043628013777,0.8109452736318408,0.37964026023727515,量能水平;量能波动;量能动量,False
SH601606,33.1,14.234226,0.7854955989284348,0.4213547646383467,0.07347876004592423,0.05109070034443169,,True
SH601607,16.039999,1.4834505,0.1926903941829315,0.28913126674320705,0.16360505166475317,0.6163413700727134,,True
SH601608,4.67,1.4065765,0.5174129353233831,0.425947187141217,0.6701109835438194,0.5248756218905473,,True
SH601609,13.249999,6.0856857,0.9190585533869116,0.894374282433984,0.9018369690011481,0.4387676999617298,量能水平;量能波动;量能动量,False
SH601611,10.42,2.9925892,0.6517412935323383,0.30558744737849214,0.008228090317642557,0.06659012629161883,,True
SH601615,9.69,4.552636,0.867011098354382,0.8453884424033677,0.04936854190585534,0.6159586681974741,量能水平;量能波动,False
SH601616,3.86,0.53758526,0.6153846153846154,0.19843092231151932,0.18962877918101798,0.23268274014542673,,True
SH601618,2.56,2.2070358,0.938193647148871,0.936280137772675,0.17833907386146192,0.4418293149636433,量能水平;量能波动,False
SH601619,4.04,1.2416279,0.2831993876769996,0.4728281668580176,0.32721010332950634,0.7690394182931496,,True
SH601628,38.690002,11.452404,0.9827784156142365,0.9439341752774588,0.7535399923459625,0.1796785304247991,量能水平;量能波动,False
SH601633,14.13,2.08876,0.24588595484117873,0.3161117489475698,0.35285112897053195,0.7569843092231152,,True
SH601636,5.68,3.2723522,0.789131266743207,0.8471106008419441,0.7914274779946422,0.8075009567546881,量能波动;量能比,False
SH601658,5.33,10.799035,0.9808649062380406,0.7726750861079219,0.23096058170685035,0.11079219288174512,量能水平,False
SH601665,6.8199997,4.2900033,0.9110218140068886,0.8251052430156908,0.3947569843092231,0.37370838117106775,量能水平;量能波动,False
SH601666,9.08,2.8858752,0.4823957137389973,0.2703788748564868,0.5549177190968235,0.12629161882893225,,True
SH601668,4.3,9.044398,0.9546498277841562,0.8654802908534251,0.13643321852277077,0.44240336777650213,量能水平;量能波动,False
SH601669,4.6099997,3.5534458,0.8744737849215461,0.9561806352851129,0.14714887102946805,0.7032146957520092,量能水平;量能波动,False
SH601677,17.06,3.4380467,0.815537696134711,0.7476081132797551,0.49062380405663986,0.46766169154228854,量能水平,False
SH601678,6.07,5.9415355,0.9376195943360123,0.6727898966704937,0.7307692307692307,0.09376195943360123,量能水平,False
SH601686,5.0499997,0.23787697,0.42652123995407576,0.4686184462303865,0.8126674320704171,0.644852659778033,量能动量,False
SH601688,18.470001,9.5161495,0.9760811327975507,0.8480673555300421,0.5187523918867203,0.5979716800612322,量能水平;量能波动,False
SH601689,45.71,9.342938,0.6944125526215078,0.696708763872943,0.507079984691925,0.8329506314580941,量能比,False
SH601696,11.39,4.2342734,0.8631840796019901,0.6526980482204363,0.7397627248373517,0.10696517412935323,量能水平,False
SH601698,24.0,3.8730576,0.3947569843092231,0.4121699196326062,0.7770761576731726,0.779755070799847,,True
SH601699,15.75,4.9480557,0.30922311519326445,0.2265595101415997,0.6569077688480673,0.25315729047072333,,True
SH601700,6.75,9.375239,0.96230386528894,0.8442403367776502,0.78300803673938,0.03501722158438576,量能水平;量能波动,False
SH601702,15.61,1.0206717,0.16953693073096057,0.2508610792192882,0.8775353999234596,0.09012629161882893,量能动量,False
SH601717,13.650001,2.581031,0.7590891695369307,0.8245311902028319,0.3287409108304631,0.44699579027937236,量能波动,False
SH601718,1.98,0.43743125,0.6350937619594336,0.27860696517412936,0.10218140068886337,0.02123995407577497,,True
SH601727,6.68,3.4806073,0.8886337543053962,0.9546498277841562,0.9175277458859549,0.798124760811328,量能水平;量能波动;量能动量,False
SH601728,6.12,5.1838775,0.9230769230769231,0.6546115575966323,0.3172598545732874,0.34902411021814006,量能水平,False
SH601766,5.98,7.288768,0.8595484117872177,0.8549559892843475,0.7965939533103712,0.6760428626100268,量能水平;量能波动,False
SH601777,7.78,1.3942382,0.8522770761576731,0.778798316111749,0.7554535017221584,0.5826636050516647,量能水平,False
SH601778,3.53,2.898018,0.9450822809031765,0.8417527745885954,0.20398009950248755,0.6423650975889782,量能水平;量能波动,False
SH601788,14.06,2.5943148,0.9129353233830846,0.7460773057787983,0.41446613088404133,0.10868733256792958,量能水平,False
SH601789,4.26,1.0836515,0.6054343666283964,0.8048220436280138,0.9234596249521623,0.4115958668197474,量能波动;量能动量,False
SH601798,7.5899997,0.35852957,0.37083811710677383,0.10581706850363566,0.2156525066972828,0.20091848450057406,,True
SH601799,71.35999,4.2964315,0.504209720627631,0.2793723689246077,0.7034060466896288,0.15958668197474168,,True
SH601800,5.86,1.3760898,0.583046306926904,0.5258323765786452,0.07979334098737084,0.39131266743207044,,True
SH601801,5.83,1.0762628,0.6366245694603904,0.9406812093379258,0.9927286643704554,0.9552238805970149,量能波动;量能动量;量能比,False
SH601808,12.2300005,1.8961464,0.9441255262150785,0.865097588978186,0.0876387294297742,0.32223497895139686,量能水平;量能波动,False
SH601811,16.82,1.0935334,0.38461538461538464,0.9159969383849981,0.41140451588212784,0.9936854190585533,量能波动;量能比,False
SH601816,4.74,5.7289906,0.9755070799846919,0.7870264064293915,0.37657864523536166,0.45503252965939534,量能水平,False
SH601818,3.01,5.5375834,0.8895905089934941,0.8212782242632989,0.11863758132414849,0.3978185993111366,量能水平;量能波动,False
SH601825,8.88,2.0109649,0.7581324148488328,0.6672407194795255,0.29965556831228474,0.41408342900880213,,True
SH601827,7.8399997,0.48643756,0.3115193264446996,0.398584003061615,0.032529659395331034,0.40987370838117104,,True
SH601828,2.21,1.2240758,0.970723306544202,0.9535017221584385,0.4636433218522771,0.3719862227324914,量能水平;量能波动,False
SH601838,18.99,3.720814,0.6536548029085343,0.4957902793723689,0.4978951396861845,0.7544967470340604,,True
SH601857,10.79,13.480969,0.9992345962495216,0.9590508993494068,0.561806352851129,0.5707998469192499,量能水平;量能波动,False
SH601858,21.66,2.6145742,0.5828549559892844,0.6121316494450822,0.7789896670493686,0.15786452353616534,,True
SH601860,2.5600002,1.463091,0.7874091083046307,0.6048603138155377,0.0945273631840796,0.3333333333333333,,True
SH601865,9.36,1.2159457,0.17719096823574434,0.2294297742058936,0.7588978185993112,0.5288939915805587,,True
SH601866,2.45,1.8393388,0.9724454649827784,0.6714504401071565,0.45331037122081896,0.35744355147340223,量能水平,False
SH601868,2.43,4.845472,0.9485265977803291,0.9357060849598163,0.06831228473019518,0.5887868350554918,量能水平;量能波动,False
SH601869,456.59998,61.21299,0.947187141216992,0.8310371220818982,0.5419058553386912,0.49177190968235746,量能水平;量能波动,False
SH601872,21.480001,29.036564,0.9506314580941446,0.8949483352468427,0.4435514734022197,0.8451970914657482,量能水平;量能波动;量能比,False
SH601877,25.390001,4.104967,0.8185993111366245,0.6609261385380788,0.3310371220818982,0.2596632223497895,量能水平,False
SH601878,9.14,1.909379,0.8140068886337543,0.5610409491006506,0.6086873325679296,0.16838882510524303,量能水平,False
SH601880,1.4599999,1.262868,0.721201683888251,0.5931879066207424,0.26482969766551856,0.681592039800995,,True
SH601881,12.179999,3.08764,0.7941063911213165,0.5399923459624952,0.41370072713356293,0.3543819364714887,,True
SH601882,23.4,1.751708,0.040183696900114814,0.09070034443168772,0.6565250669728282,0.29582854955989285,,True
SH601886,13.389999,2.4214692,0.7175660160734788,0.18063528511289706,0.051856104094910066,0.030424799081515498,,True
SH601888,52.27,10.359674,0.6898201301186376,0.35648679678530426,0.39590508993494067,0.101415996938385,,True
SH601890,9.78,6.121978,0.9491006505931879,0.732108687332568,0.10562571756601608,0.6549942594718714,量能水平,False
SH601898,14.2300005,6.0569324,0.9636433218522771,0.851894374282434,0.2225411404515882,0.1215078453884424,量能水平;量能波动,False
SH601899,31.409998,67.18485,0.9933027171833142,0.9915805587447378,0.3679678530424799,0.48182166092613854,量能水平;量能波动,False
SH601900,12.679999,1.9506699,0.5769230769230769,0.7458859548411787,0.5861079219288174,0.5621890547263682,,True
SH601901,6.9000006,2.846477,0.8046306926903942,0.6104094910065059,0.0776884806735553,0.26942212016838885,量能水平,False
SH601908,2.97,0.892495,0.8913126674320704,0.9058553386911596,0.28587830080367393,0.8203214695752009,量能水平;量能波动;量能比,False
SH601916,2.8799999,4.3443403,0.9489092996555684,0.735361653272101,0.276884806735553,0.18484500574052812,量能水平,False
SH601918,10.95,3.8076954,0.8748564867967853,0.6067738231917337,0.7654037504783774,0.48507462686567165,量能水平,False
SH601919,16.56,13.877531,0.9573287409108304,0.9098737083811711,0.6444699579027937,0.6410256410256411,量能水平;量能波动,False
SH601921,7.69,0.7049097,0.6134711060084195,0.7604286261002678,0.8916953693073096,0.5461155759663222,量能动量,False
SH601928,8.47,1.1456213,0.5508993494068121,0.615575966322235,0.911787217757367,0.6002678913126674,量能动量,False
SH601929,2.5400002,3.6672595,0.9841178721775736,0.980673555300421,0.8245311902028319,0.3585916570991198,量能水平;量能波动;量能动量,False
SH601933,3.06,6.4649644,0.9737849215461156,0.8681592039800995,0.11194029850746269,0.01951779563719862,量能水平;量能波动,False
SH601939,10.92,11.14246,0.9014542671259089,0.6153846153846154,0.12016838882510525,0.3358208955223881,量能水平,False
SH601949,6.62,4.7874637,0.8859548411787218,0.7319173363949484,0.09911978568694986,0.7650210486031381,量能水平,False
SH601952,9.55,4.569832,0.9215461155759663,0.8628013777267508,0.11385380788365863,0.25526215078453884,量能水平;量能波动,False
SH601956,4.92,0.22968031,0.35074626865671643,0.16054343666283966,0.21469575200918484,0.49387676999617297,,True
SH601958,20.99,7.3719764,0.939150401836969,0.8298890164561806,0.5032529659395331,0.3413700727133563,量能水平;量能波动,False
SH601963,10.93,1.3007699,0.6806352851128971,0.4923459624952162,0.20857252200535784,0.26903941829314965,,True
SH601965,12.989999,0.81405824,0.09605817068503636,0.05817068503635668,0.8197474167623421,0.44144661308840416,量能动量,False
SH601966,10.49,0.8484903,0.6509758897818599,0.39035591274397247,0.547646383467279,0.2701875239188672,,True
SH601968,4.52,0.35673928,0.15939533103712208,0.11595866819747416,0.23076923076923078,0.3538078836586299,,True
SH601969,9.349999,1.5425608,0.8157290470723306,0.32338308457711445,0.19077688480673555,0.1081132797550708,量能水平,False
SH601975,4.58,9.73844,0.9734022196708764,0.8402219670876387,0.7007271335629545,0.7629161882893226,量能水平;量能波动,False
SH601985,8.860001,7.7220583,0.897627248373517,0.8587830080367393,0.5503252965939534,0.3652889399158056,量能水平;量能波动,False
SH601988,6.65,16.124012,0.9066207424416379,0.6106008419441256,0.40260237275162647,0.3034825870646766,量能水平,False
SH601990,6.7400002,1.2362435,0.4695752009184845,0.3886337543053961,0.7368924607730578,0.2533486414083429,,True
SH601991,5.57,12.200874,0.9823957137389974,0.9102564102564102,0.19192499043245312,0.3270187523918867,量能水平;量能波动,False
SH601992,1.41,0.64678717,0.8484500574052812,0.9427860696517413,0.7068503635667814,0.7194795254496748,量能水平;量能波动,False
SH601996,2.9999998,0.80341285,0.4668962877918102,0.5034443168771527,0.2965939533103712,0.5179869881362419,,True
SH601997,5.54,2.969006,0.8838499808649063,0.7014925373134329,0.25105243015690776,0.1798698813624187,量能水平,False
SH601998,9.04,4.80113,0.8731343283582089,0.5484117872177574,0.4253731343283582,0.4376195943360123,量能水平,False
SH601999,7.19,2.706826,0.9688097971680061,0.8851894374282434,0.24722541140451587,0.6871412169919633,量能水平;量能波动,False
SH603000,17.390001,4.6838155,0.8075009567546881,0.822617680826636,0.020857252200535782,0.9089169536930731,量能水平;量能波动;量能比,False
SH603001,11.62,1.6141099,0.8507462686567164,0.9588595484117872,0.9632606199770379,0.8765786452353617,量能水平;量能波动;量能动量;量能比,False
SH603002,19.800001,15.504157,0.9234596249521623,0.8513203214695751,0.1079219288174512,0.717948717948718,量能水平;量能波动,False
SH603004,19.050001,0.31700513,0.30424799081515497,0.37026406429391506,0.6172981247608114,0.8310371220818982,量能比,False
SH603005,30.32,8.5406685,0.8656716417910447,0.8576349024110218,0.7064676616915423,0.7613853807883658,量能水平;量能波动,False
SH603006,10.88,0.32705325,0.050133945656333716,0.05568312284730195,0.4083429008802143,0.20493685419058552,,True
SH603007,4.71,1.3770075,0.5589360887868351,0.20761576731725986,0.4123612705702258,0.025066972828166858,,True
SH603008,10.190001,0.7673612,0.3614619211634137,0.689628779181018,0.8071182548794489,0.8055874473784922,量能动量;量能比,False
SH603009,48.53,3.5849524,0.1486796785304248,0.45426712590891694,0.5463069269039418,0.8492154611557596,量能比,False
SH603010,12.5,0.9825632,0.14045158821278225,0.37753539992345964,0.7956371986222732,0.917910447761194,量能比,False
SH603011,27.06,14.065232,0.7196708763872943,0.683505549177191,0.16953693073096057,0.36969001148105624,,True
SH603012,9.19,2.549561,0.8128587830080367,0.4640260237275163,0.08075009567546881,0.008419441255262151,量能水平,False
SH603013,14.38,0.55760884,0.30597014925373134,0.23555300420972064,0.32893226176808266,0.03539992345962495,,True
SH603014,31.480001,0.31116977,0.23689246077305778,0.30807500956754685,0.58017604286261,0.3815537696134711,,True
SH603015,10.62,0.4429039,0.13298890164561805,0.08572522005357826,0.16972828166858017,0.5233448143895905,,True
SH603016,31.89,1.762152,0.36280137772675086,0.6415996938384998,0.8524684270952928,0.5782625334864141,量能动量,False
SH603017,10.04,0.40468404,0.18006123230003826,0.06582472254114045,0.338691159586682,0.3476846536548029,,True
SH603018,5.24,0.35349825,0.17183314198239572,0.32051282051282054,0.2401454267125909,0.48794489092996557,,True
SH603019,84.67,20.03099,0.26502104860313813,0.39418293149636435,0.8821278224263299,0.6515499425947188,量能动量,False
SH603020,13.829999,1.284389,0.6959433601224646,0.818407960199005,0.4898584003061615,0.961347110600842,量能波动;量能比,False
SH603021,5.45,0.307327,0.11863758132414849,0.14332185227707617,0.3207041714504401,0.28453884424033676,,True
SH603022,8.93,0.28397146,0.11040949100650593,0.060084194412552624,0.1729812476081133,0.6800612323000382,,True
SH603023,4.14,0.55070657,0.20723306544202066,0.6033295063145809,0.2020665901262916,0.9431687715269805,量能比,False
SH603025,13.459999,0.8638189,0.17757367011098354,0.22483735170302335,0.4376195943360123,0.5177956371986223,,True
SH603026,59.78,3.4724445,0.298124760811328,0.29850746268656714,0.21163413700727132,0.41733639494833524,,True
SH603027,7.3500004,1.0197842,0.08342900880214313,0.015499425947187142,0.5191350937619594,0.05319556065824722,,True
SH603028,7.13,0.2761873,0.05970149253731343,0.07041714504401071,0.4024110218140069,0.5685036356678148,,True
SH603029,16.9,1.1008171,0.37715269804822044,0.09165709911978569,0.29257558362035974,0.005549177190968236,,True
SH603030,2.09,0.792854,0.6969001148105626,0.24990432453119021,0.3849980864906238,0.3220436280137773,,True
SH603031,41.59,4.004679,0.33390738614619214,0.31840796019900497,0.2399540757749713,0.3381171067738232,,True
SH603032,18.46,1.5105186,0.22177573670110984,0.21680061232300038,0.04554152315346345,0.026789131266743208,,True
SH603033,7.9300003,0.5591554,0.13624186758515117,0.5154994259471871,0.9307309605817069,0.9083429008802143,量能动量;量能比,False
SH603035,10.349999,0.39716932,0.26942212016838885,0.5899349406812093,0.2525832376578645,0.6716417910447762,,True
SH603036,13.84,0.9972415,0.3849980864906238,0.2296211251435132,0.27784156142365096,0.17355530042097206,,True
SH603037,10.04,0.29096973,0.03980099502487562,0.08400306161500191,0.38423268274014544,0.627822426329889,,True
SH603038,17.57,1.3244708,0.425947187141217,0.5667814772292384,0.938193647148871,0.8180252583237658,量能动量;量能比,False
SH603039,39.699997,6.059834,0.4580941446613088,0.8061615001913509,0.926903941829315,0.45426712590891694,量能波动;量能动量,False
SH603040,46.96,0.8145308,0.01588212782242633,0.04535017221584386,0.8694986605434366,0.540566398775354,量能动量,False
SH603041,11.42,0.24610323,0.1215078453884424,0.030998851894374284,0.12074244163796402,0.6310753922694221,,True
SH603042,17.7,4.4836097,0.8962877918101799,0.9739762724837352,0.8304630692690395,0.9714887102946804,量能水平;量能波动;量能动量;量能比,False
SH603043,13.08,0.4792964,0.23536165327210104,0.1863758132414849,0.23938002296211253,0.11653272101033295,,True
SH603045,50.329998,4.496778,0.4965556831228473,0.49445082280903174,0.7763107539226942,0.5885954841178722,,True
SH603048,25.7,0.528657,0.3212782242632989,0.6488710294680444,0.8970531955606582,0.9324531190202832,量能动量;量能比,False
SH603049,45.11,1.199322,0.6268656716417911,0.4703406046689629,0.175468809797168,0.27784156142365096,,True
SH603050,17.28,0.50997794,0.024875621890547265,0.3781094527363184,0.8849980864906238,0.832567929582855,量能动量;量能比,False
SH603051,25.25,1.3773869,0.7133562954458477,0.8562954458476847,0.13356295445847685,0.8959050899349407,量能波动;量能比,False
SH603052,59.229996,2.7465947,0.5114810562571757,0.6368159203980099,0.5049751243781094,0.8071182548794489,量能比,False
SH603053,8.74,0.20942588,0.14714887102946805,0.12992728664370456,0.23861461921163413,0.21393034825870647,,True
SH603055,9.290001,0.8843621,0.480673555300421,0.09184845005740529,0.41676234213547647,0.05702257941063911,,True
SH603057,18.65,0.45334712,0.2663605051664753,0.6827401454267126,0.9360887868350555,0.7877918101798699,量能动量,False
SH603058,9.03,1.3403887,0.49445082280903174,0.3939915805587447,0.34290088021431303,0.017986988136241867,,True
SH603059,25.63,0.37092188,0.23000382701875238,0.34998086490623803,0.46421737466513585,0.6919249904324531,,True
SH603060,5.46,0.25272453,0.04783773440489859,0.05606582472254114,0.31190202831993874,0.32721010332950634,,True
SH603061,344.30002,12.022653,0.7975507079984692,0.7715269804822044,0.6016073478760046,0.892460773057788,量能比,False
SH603063,30.19,4.867778,0.8700727133562954,0.606582472254114,0.3275928052047455,0.22196708763872944,量能水平,False
SH603065,14.940001,3.935126,0.9351320321469575,0.9286261002678913,0.8882510524301569,0.7313432835820896,量能水平;量能波动;量能动量,False
SH603066,9.36,0.6219988,0.21220818982013012,0.4154228855721393,0.23172598545732875,0.31879066207424417,,True
SH603067,36.24,11.461234,0.5382701875239189,0.5352085725220054,0.5019135093761959,0.31266743207041714,,True
SH603068,48.170002,4.2265573,0.8624186758515117,0.9756984309223116,0.9758897818599311,0.916953693073096,量能水平;量能波动;量能动量;量能比,False
SH603069,13.94,0.6413782,0.11538461538461539,0.35610409491006506,0.43111366245694605,0.8415614236509759,量能比,False
SH603071,12.450001,0.3157786,0.27210103329506313,0.2093379257558362,0.15939533103712208,0.16341370072713357,,True
SH603072,31.059998,0.48862377,0.4634519709146575,0.5489858400306161,0.32261768082663606,0.7196708763872943,,True
SH603073,17.36,0.2551596,0.24339839265212398,0.49942594718714123,0.8763872942977421,0.9251817833907386,量能动量;量能比,False
SH603075,19.939999,0.6276296,0.613662456946039,0.4634519709146575,0.1421737466513586,0.4820130118637581,,True
SH603076,20.39,0.29562873,0.13662456946039037,0.03559127439724455,0.2927669345579793,0.3683505549177191,,True
SH603077,2.28,5.7969666,0.8628013777267508,0.43532338308457713,0.02870264064293915,0.022196708763872943,量能水平,False
SH603078,32.510002,6.1643786,0.6331802525832376,0.41312667432070416,0.6461921163413701,0.6530807500956755,,True
SH603079,13.45,1.0599169,0.5049751243781094,0.24913892078071181,0.5118637581324148,0.013394565633371604,,True
SH603080,19.99,0.37118384,0.16092613853807883,0.1312667432070417,0.3417527745885955,0.21029468044393418,,True
SH603081,9.48,0.30528638,0.2512437810945274,0.16704936854190586,0.303291236127057,0.35533869115958666,,True
SH603082,51.599995,4.278589,0.9205893608878684,0.9508228090317643,0.32300038270187525,0.9469957902793724,量能水平;量能波动;量能比,False
SH603083,218.99998,53.016247,0.835820895522388,0.647148871029468,0.5455415231534635,0.5021048603138155,量能水平,False
SH603085,9.809999,0.49726367,0.07213930348258707,0.03731343283582089,0.3957137389973211,0.4081515499425947,,True
SH603086,5.91,1.3047193,0.5294680443934175,0.21737466513585915,0.09682357443551473,0.004209720627631076,,True
SH603087,70.689995,4.6114783,0.9228855721393034,0.9247990815154994,0.8830845771144279,0.641982395713739,量能水平;量能波动;量能动量,False
SH603088,10.440001,0.90656394,0.0440107156525067,0.011863758132414848,0.23191733639494833,0.15327210103329506,,True
SH603089,9.650001,0.6607192,0.3076923076923077,0.14064293915040182,0.17451205510907003,0.011098354381936472,,True
SH603090,39.679996,3.2701974,0.5398009950248757,0.6900114810562572,0.05683122847301952,0.5562571756601608,,True
SH603091,48.140003,0.29173028,0.053578262533486416,0.08687332567929583,0.5474550325296594,0.8277841561423651,量能比,False
SH603092,43.68,0.7275286,0.6259089169536931,0.7973593570608496,0.020474550325296593,0.9691924990432453,量能比,False
SH603093,13.76,3.646016,0.6567164179104478,0.6337543053960965,0.869307309605817,0.3478760045924225,量能动量,False
SH603095,14.620001,1.4500487,0.7003444316877153,0.07175660160734787,0.49425947187141217,0.012629161882893225,,True
SH603096,16.12,0.3368135,0.2579410639112132,0.38040566398775355,0.7876004592422503,0.49559892843474934,,True
SH603097,18.44,0.29257974,0.027937236892460773,0.006505931879066207,0.1350937619594336,0.21909682357443552,,True
SH603098,10.779999,0.5728452,0.33907386146192114,0.11997703788748565,0.1148105625717566,0.11289705319556066,,True
SH603099,39.969997,3.1739674,0.317451205510907,0.7233065442020666,0.9605817068503636,0.9571373899732109,量能动量;量能比,False
SH603100,18.35,0.7692,0.10639112131649445,0.14963643321852277,0.12227324913892078,0.15595101415996937,,True
SH603101,7.5099998,0.71633714,0.34902411021814006,0.1582472254114045,0.1356678147722924,0.0945273631840796,,True
SH603102,37.26,0.8119774,0.6276310753922695,0.15729047072330654,0.6804439341752775,0.09739762724837352,,True
SH603103,16.5,1.0563501,0.5746268656716418,0.7003444316877153,0.34959816303099883,0.3802143130501339,,True
SH603105,8.53,2.3555174,0.7671259089169536,0.74531190202832,0.35993111366245695,0.6012246460007654,,True
SH603106,7.7,2.0945988,0.8059701492537313,0.668388825105243,0.5013394565633371,0.020091848450057407,量能水平,False
SH603107,12.19,0.21058197,0.41561423650975887,0.8126674320704171,0.5189437428243399,0.9353233830845771,量能波动;量能比,False
SH603108,10.17,1.2741443,0.3547646383467279,0.6812093379257559,0.8547646383467279,0.8163030998851895,量能动量;量能比,False
SH603109,17.31,0.2737414,0.128779181017987,0.5216226559510142,0.6703023344814389,0.9173363949483353,量能比,False
SH603110,25.400002,2.6243155,0.5545350172215844,0.2194795254496747,0.40681209337925756,0.44871794871794873,,True
SH603111,6.12,0.3814405,0.07902793723689246,0.01951779563719862,0.26616915422885573,0.3006123230003827,,True
SH603112,17.640001,2.610919,0.7168006123230004,0.7889399158055874,0.26903941829314965,0.6781477229238423,,True
SH603113,4.9799995,1.8680736,0.9557979334098737,0.879257558362036,0.15690776884806737,0.04209720627631076,量能水平;量能波动,False
SH603115,84.17,9.305725,0.6452353616532721,0.4626865671641791,0.48813624186758514,0.663222349789514,,True
SH603116,6.7,0.32053363,0.4045158821278224,0.6725985457328741,0.7309605817068504,0.8779181017986988,量能比,False
SH603117,3.97,0.3424593,0.3009950248756219,0.1930730960581707,0.4404898584003062,0.6058170685036357,,True
SH603118,18.2,16.683289,0.9667049368541906,0.9374282433983927,0.6247608113279755,0.5864906238040566,量能水平;量能波动,False
SH603119,56.28,5.874803,0.822617680826636,0.7799464217374665,0.5692690394182931,0.7673172598545733,量能水平,False
SH603120,61.6,1.6889979,0.7101033295063146,0.9190585533869116,0.7786069651741293,0.9762724837351703,量能波动;量能比,False
SH603121,12.639999,1.106892,0.43111366245694605,0.5673555300420972,0.8805970149253731,0.09663222349789514,量能动量,False
SH603122,13.9,4.270127,0.7680826636050516,0.8476846536548029,0.9240336777650211,0.9487179487179487,量能波动;量能动量;量能比,False
SH603123,10.179999,6.169778,0.9720627631075393,0.9307309605817069,0.5365480290853425,0.08304630692690394,量能水平;量能波动,False
SH603124,131.81999,6.894507,0.9207807118254879,0.8842326827401454,0.7340221967087639,0.620742441637964,量能水平;量能波动,False
SH603125,23.78,0.78913504,0.4431687715269805,0.2196708763872943,0.15327210103329506,0.5648679678530425,,True
SH603126,6.39,0.4662174,0.08897818599311137,0.12763107539226942,0.6169154228855721,0.28951396861844625,,True
SH603127,46.12,13.146992,0.42154611557596633,0.5285112897053196,0.8637581324148488,0.831611174894757,量能动量;量能比,False
SH603128,5.3300004,0.9958712,0.24435514734022196,0.29869881362418677,0.5836203597397627,0.17106773823191734,,True
SH603129,306.36002,3.606627,0.08228090317642557,0.3015690776884807,0.31974741676234214,0.9226942212016839,量能比,False
SH603130,38.35,0.36518008,0.1213164944508228,0.40891695369307307,0.1758515116724072,0.7776502104860313,,True
SH603131,13.96,0.7394565,0.12169919632606199,0.34959816303099883,0.48258706467661694,0.9154228855721394,量能比,False
SH603132,18.77,1.7952967,0.635859165709912,0.2868350554917719,0.26789131266743205,0.023536165327210104,,True
SH603135,8.83,0.6054806,0.6647531572904707,0.27114427860696516,0.5168388825105243,0.17164179104477612,,True
SH603136,9.32,1.3328142,0.6086873325679296,0.846727898966705,0.5135859165709912,0.9690011481056258,量能波动;量能比,False
SH603137,20.699999,2.549869,0.8055874473784922,0.917910447761194,0.960390355912744,0.47512437810945274,量能水平;量能波动;量能动量,False
SH603138,15.410001,3.080165,0.5646766169154229,0.6607347876004592,0.07060849598163031,0.8892078071182549,量能比,False
SH603139,36.54,1.5437651,0.5034443168771527,0.8564867967853043,0.6525066972828167,0.9596249521622656,量能波动;量能比,False
SH603150,73.46,2.088206,0.7049368541905855,0.5700344431687715,0.6408342900880214,0.2998469192499043,,True
SH603151,18.1,0.9231807,0.6389207807118255,0.6530807500956755,0.4556065824722541,0.26521239954075776,,True
SH603153,13.360001,0.21272486,0.10964408725602756,0.032529659395331034,0.28205128205128205,0.2904707233065442,,True
SH603155,15.290001,1.6624446,0.7166092613853808,0.9255644852659778,0.5899349406812093,0.9827784156142365,量能波动;量能比,False
SH603156,45.370003,5.0147815,0.9003061615001914,0.744355147340222,0.5442020665901263,0.5493685419058554,量能水平,False
SH603158,10.849999,1.6989429,0.45541523153463453,0.6412169919632607,0.7623421354764638,0.3383084577114428,,True
SH603160,56.000004,2.6828756,0.6777650210486031,0.8331419823957137,0.8251052430156908,0.613662456946039,量能波动;量能动量,False
SH603161,15.300001,0.81348974,0.4781859931113662,0.34443168771526983,0.4081515499425947,0.04649827784156142,,True
SH603162,14.15,9.438231,0.9690011481056258,0.9506314580941446,0.04898584003061615,0.45120551090700345,量能水平;量能波动,False
SH603163,83.229996,2.3600347,0.5097588978185993,0.35246842709529275,0.3683505549177191,0.6668580176042863,,True
SH603165,13.61,0.78304845,0.13738997321086874,0.20398009950248755,0.5574052812858783,0.11921163413700728,,True
SH603166,11.06,0.91019166,0.2571756601607348,0.3987753539992346,0.32969766551856106,0.42326827401454264,,True
SH603167,8.1,0.31397593,0.12437810945273632,0.02430156907768848,0.017795637198622274,0.009184845005740528,,True
SH603168,5.94,0.4849113,0.3417527745885955,0.5975889781859931,0.801377726750861,0.6850363566781478,量能动量,False
SH603169,6.1300006,0.69062334,0.044393417527745886,0.06046689628779181,0.7093379257558362,0.6174894756984309,,True
SH603170,12.080001,0.27356654,0.14255644852659777,0.14734022196708763,0.7313432835820896,0.2621507845388442,,True
SH603171,41.8,3.499288,0.7089552238805971,0.8176425564485266,0.881171067738232,0.2512437810945274,量能波动;量能动量,False
SH603172,19.859999,0.4978071,0.30635285112897054,0.5375047837734405,0.9215461155759663,0.22062763107539227,量能动量,False
SH603173,29.71,0.2932,0.10887868350554918,0.1350937619594336,0.15384615384615385,0.2738231917336395,,True
SH603175,113.08,1.827594,0.7261768082663606,0.8649062380405664,0.9209720627631075,0.870264064293915,量能波动;量能动量;量能比,False
SH603176,5.29,0.26703537,0.023153463451970915,0.02908534251817834,0.10619977037887486,0.1484883275928052,,True
SH603177,11.39,0.57817006,0.12782242632988902,0.4318790662074244,0.4020283199387677,0.654228855721393,,True
SH603178,16.22,1.5951787,0.5616150019135093,0.5074626865671642,0.764638346727899,0.17412935323383086,,True
SH603179,40.35,8.078687,0.6094527363184079,0.6791044776119403,0.2906620742441638,0.5076540375047838,,True
SH603181,12.71,0.52265394,0.06467661691542288,0.25066972828166856,0.6356678147722924,0.6153846153846154,,True
SH603182,13.629999,0.31796917,0.16456180635285114,0.14427860696517414,0.2743972445464983,0.2937236892460773,,True
SH603183,5.05,0.8555266,0.43398392652123996,0.7204362801377727,0.6846536548029085,0.9316877152698049,量能比,False
SH603185,14.36,1.1221164,0.5574052812858783,0.5436280137772675,0.529276693455798,0.4460390355912744,,True
SH603186,226.5,45.04152,0.729238423268274,0.6926903941829315,0.7198622273249139,0.5832376578645235,,True
SH603187,10.82,0.42331472,0.22732491389207807,0.21718331419823958,0.17393800229621126,0.34615384615384615,,True
SH603188,4.61,0.88488626,0.8442403367776502,0.4869881362418676,0.06314580941446613,0.06716417910447761,量能水平,False
SH603189,9.92,0.2169491,0.08955223880597014,0.39131266743207044,0.3689246077305779,0.4605817068503636,,True
SH603190,16.44,0.30519065,0.33180252583237657,0.42020665901262916,0.6201683888251053,0.27611940298507465,,True
SH603191,13.599999,2.1074784,0.8287409108304631,0.3951396861844623,0.27841561423650973,0.02468427095292767,量能水平,False
SH603192,21.03,0.56147844,0.3388825105243016,0.3932261768082664,0.7481821660926139,0.39552238805970147,,True
SH603193,20.65,0.59593475,0.3861461921163414,0.5237275162648297,0.5520474550325296,0.40355912743972444,,True
SH603194,33.95,0.32435817,0.309414466130884,0.4395331037122082,0.48105625717566014,0.2127822426329889,,True
SH603195,37.989998,1.2210969,0.46708763872942977,0.516073478760046,0.2296211251435132,0.1752774588595484,,True
SH603196,19.09,0.37136889,0.05625717566016074,0.14006888633754305,0.3277841561423651,0.5156907768848067,,True
SH603197,29.47,0.8675311,0.3840413318025258,0.12705702257941065,0.49464217374665137,0.30003827018752394,,True
SH603198,38.9,1.7512687,0.34404898584003063,0.3308457711442786,0.7525832376578645,0.14695752009184845,,True
SH603199,33.0,0.78658813,0.20436280137772675,0.0878300803673938,0.18733256792958286,0.10639112131649445,,True
SH603200,39.420002,4.48724,0.6037122081898201,0.7596632223497896,0.302334481438959,0.2629161882893226,,True
SH603201,15.690001,0.48703587,0.33677765021048606,0.38710294680443935,0.6553769613471107,0.1861844623038653,,True
SH603202,52.269997,0.41118455,0.5181783390738615,0.5813241484883276,0.8329506314580941,0.6559510141599694,量能动量,False
SH603203,46.99,3.7857025,0.29755070799846917,0.4190585533869116,0.6588212782242633,0.7809031764255645,,True
SH603205,21.83,0.33439344,0.48182166092613854,0.7657864523536165,0.21852277076157672,0.9148488327592805,量能比,False
SH603206,14.079999,0.3703091,0.3375430539609644,0.5600841944125526,0.32644469957902794,0.7751626482969767,,True
SH603207,25.35,1.3848667,0.7389973210868733,0.7610026789131267,0.8859548411787218,0.13298890164561805,量能动量,False
SH603209,14.660001,0.69448054,0.5763490241102182,0.3522770761576732,0.30884041331802525,0.38748564867967855,,True
SH603210,13.549999,0.32483396,0.45369307309605816,0.6385380788365863,0.8725602755453502,0.560849598163031,量能动量,False
SH603211,20.029999,0.8796817,0.2294297742058936,0.1310753922694221,0.6157673172598546,0.37122081898201303,,True
SH603212,11.94,0.9218312,0.6257175660160735,0.7699961729812476,0.8365862992728664,0.7843474933027171,量能动量,False
SH603213,13.71,0.25424036,0.032529659395331034,0.0979716800612323,0.3974358974358974,0.48143895905089934,,True
SH603214,13.57,0.71230614,0.5461155759663222,0.1888633754305396,0.10734787600459242,0.12437810945273632,,True
SH603215,15.24,0.2542661,0.14083429008802142,0.7602372751626483,0.9944508228090317,0.9770378874856487,量能动量;量能比,False
SH603216,22.75,2.1233892,0.7973593570608496,0.676425564485266,0.4923459624952162,0.2196708763872943,,True
SH603217,28.44,1.2077698,0.6599693838499808,0.40375047837734407,0.26502104860313813,0.12801377726750862,,True
SH603218,9.33,0.7941091,0.6712590891695369,0.8092231151932644,0.006123230003827019,0.8488327592805205,量能波动;量能比,False
SH603219,12.879999,0.33092043,0.09280520474550326,0.15958668197474168,0.5727133562954458,0.562763107539227,,True
SH603220,18.76,3.0872633,0.6791044776119403,0.6643704554152315,0.3693073096058171,0.5375047837734405,,True
SH603221,33.55,4.6351376,0.8645235361653272,0.7910447761194029,0.2807118254879449,0.7648296976655186,量能水平,False
SH603222,8.13,0.8401801,0.2261768082663605,0.4301569077688481,0.9022196708763873,0.7979334098737084,量能动量,False
SH603223,10.06,0.82325965,0.10179869881362419,0.07309605817068504,0.3790662074244164,0.1557596632223498,,True
SH603225,17.75,3.1400707,0.8761959433601225,0.8015690776884806,0.4045158821278224,0.45579793340987373,量能水平;量能波动,False
SH603226,32.91,2.4806194,0.242441637964026,0.5543436662839648,0.6002678913126674,0.7950631458094145,,True
SH603227,7.5499997,0.4919403,0.07252200535782626,0.09433601224646,0.14580941446613088,0.31592039800995025,,True
SH603228,106.12,39.26699,0.9588595484117872,0.8687332567929583,0.3381171067738232,0.3664370455415232,量能水平;量能波动,False
SH603229,8.110001,0.46051067,0.03176425564485266,0.316494450822809,0.964600076540375,0.784921546115576,量能动量,False
SH603230,16.310001,1.7803881,0.7964026023727516,0.984883275928052,0.9414466130884042,0.9900497512437811,量能波动;量能动量;量能比,False
SH603231,17.23,0.39785367,0.3987753539992346,0.46670493685419057,0.7667432070417145,0.3488327592805205,,True
SH603232,16.22,1.784622,0.5076540375047838,0.7904707233065442,0.05319556065824722,0.9579027937236892,量能比,False
SH603233,17.75,1.3454403,0.4963643321852277,0.6107921928817451,0.6882893226176808,0.7441637964026023,,True
SH603236,76.15,10.988642,0.8453884424033677,0.8170685036356679,0.10179869881362419,0.8748564867967853,量能水平;量能波动;量能比,False
SH603237,15.259999,0.6020429,0.5185610409491006,0.29506314580941445,0.1423650975889782,0.01817833907386146,,True
SH603238,12.42,0.35184053,0.1791044776119403,0.250478377344049,0.21106008419441255,0.5336777650210486,,True
SH603239,13.96,0.32167894,0.06371986222732491,0.13738997321086874,0.2902793723689246,0.5331037122081899,,True
SH603248,23.88,1.8310449,0.8777267508610792,0.9894756984309223,0.9536930730960582,1.0,量能水平;量能波动;量能动量;量能比,False
SH603255,33.69,0.6995877,0.4316877152698048,0.5692690394182931,0.6678147722923843,0.8465365480290853,量能比,False
SH603256,159.22,31.65574,0.6831228473019518,0.7575583620359739,0.6645618063528511,0.9494833524684271,量能比,False
SH603257,69.00001,1.7034754,0.8291236127057022,0.9075774971297359,0.03444316877152698,0.6628396479142747,量能水平;量能波动,False
SH603258,14.7699995,0.5076562,0.4535017221584386,0.9213547646383468,0.9871794871794872,0.9385763490241102,量能波动;量能动量;量能比,False
SH603259,167.85,53.98584,0.9253731343283582,0.8731343283582089,0.6276310753922695,0.7675086107921929,量能水平;量能波动,False
SH603260,32.780003,2.380436,0.6616915422885572,0.588212782242633,0.5271718331419823,0.5260237275162648,,True
SH603261,54.35,1.6182525,0.4925373134328358,0.5520474550325296,0.14600076540375048,0.4383849980864906,,True
SH603262,18.140001,0.86503255,0.7730577879831612,0.6888633754305397,0.01320321469575201,0.07003444316877153,,True
SH603266,18.22,0.93094647,0.3409873708381171,0.6595866819747417,0.6362418675851512,0.9931113662456946,量能比,False
SH603267,51.45,3.6488214,0.7007271335629545,0.7282816685801761,0.2780329123612706,0.9073861461921163,量能比,False
SH603268,218.99998,12.737385,0.4711060084194413,0.5065059318790662,0.866054343666284,0.9443168771526981,量能动量;量能比,False
SH603269,26.919998,11.179125,0.6142365097588978,0.45752009184845005,0.3140068886337543,0.128779181017987,,True
SH603270,36.88,4.2881618,0.9626865671641791,0.8848067355530043,0.029276693455797934,0.2502870264064294,量能水平;量能波动,False
SH603271,40.38,0.6862568,0.4697665518561041,0.6511672407194795,0.9353233830845771,0.4686184462303865,量能动量,False
SH603272,16.7,0.7720578,0.5260237275162648,0.6892460773057788,0.4890929965556831,0.3371603520857252,,True
SH603273,14.7300005,0.2853754,0.263681592039801,0.1894374282433984,0.42039800995024873,0.433027171833142,,True
SH603275,36.780003,0.25042933,0.26157673172598545,0.5763490241102182,0.796211251435132,0.6360505166475315,,True
SH603276,18.160002,0.6079042,0.5001913509376196,0.7571756601607348,0.8947569843092231,0.9695752009184845,量能动量;量能比,False
SH603277,11.410001,0.30680633,0.10543436662839648,0.18178339073861463,0.012437810945273632,0.24875621890547264,,True
SH603278,9.06,0.6074853,0.572139303482587,0.09318790662074244,0.3141982395713739,0.3210868733256793,,True
SH603279,11.179999,1.069766,0.5650593187906621,0.4234596249521623,0.055300420972062767,0.03884424033677765,,True
SH603280,25.94,0.46690032,0.36031381553769615,0.29161882893226176,0.12035973976272483,0.05472636815920398,,True
SH603281,18.900002,0.45485252,0.34998086490623803,0.5350172215843858,0.8832759280520475,0.6479142747799465,量能动量,False
SH603282,17.0,0.32296407,0.2881745120551091,0.2263681592039801,0.34940681209337926,0.40221967087638727,,True
SH603283,45.85,7.014088,0.4647914274779946,0.3587830080367394,0.5340604668962878,0.40375047837734407,,True
SH603284,41.35,0.51362324,0.4468044393417528,0.4464217374665136,0.5214313050133945,0.41695369307309604,,True
SH603285,38.300003,2.338044,0.8566781477229238,0.7487562189054726,0.05109070034443169,0.5237275162648297,量能水平,False
SH603286,43.61,1.9812129,0.3090317642556448,0.3668197474167623,0.5065059318790662,0.242441637964026,,True
SH603288,34.29,5.253802,0.6169154228855721,0.6228473019517795,0.8672024492920015,0.19077688480673555,量能动量,False
SH603289,11.049999,0.6197007,0.28549559892843474,0.844814389590509,0.9732108687332568,0.9563719862227325,量能波动;量能动量;量能比,False
SH603290,87.14,4.364392,0.39724454649827784,0.384424033677765,0.7992728664370455,0.7508610792192881,,True
SH603291,8.95,0.5502281,0.29257558362035974,0.649062380405664,0.004018369690011481,0.7933409873708381,,True
SH603293,37.32,0.8880656,0.7386146192116342,0.6947952544967471,0.21794871794871795,0.16762342135476463,,True
SH603296,79.93,12.068387,0.9567546880979717,0.8838499808649063,0.8268274014542671,0.601415996938385,量能水平;量能波动;量能动量,False
SH603297,115.38,1.5100087,0.2020665901262916,0.20723306544202066,0.7479908151549942,0.38672024492920015,,True
SH603298,23.45,1.1664919,0.19058553386911595,0.572139303482587,0.5949100650593188,0.8287409108304631,量能比,False
SH603299,8.749999,0.38889763,0.0644852659778033,0.07902793723689246,0.25832376578645233,0.21775736701109835,,True
SH603300,4.68,1.4054496,0.3916953693073096,0.22196708763872944,0.5294680443934175,0.23249138920780713,,True
SH603301,79.99,1.1569915,0.050899349406812094,0.16360505166475317,0.7967853042479908,0.7986988136241867,,True
SH603303,29.5,0.7131092,0.13451970914657482,0.18044393417527746,0.9161882893226176,0.8628013777267508,量能动量;量能比,False
SH603305,11.2699995,1.688974,0.618828932261768,0.6081132797550708,0.7097206276310754,0.8237657864523537,量能比,False
SH603306,83.450005,8.037255,0.48775353999234594,0.3788748564867968,0.5256410256410257,0.7213930348258707,,True
SH603307,25.609999,0.23597722,0.12399540757749714,0.07960199004975124,0.7435897435897436,0.5252583237657864,,True
SH603308,41.03,10.857705,0.7719096823574435,0.5593187906620742,0.3105625717566016,0.6473402219670876,,True
SH603309,11.06,0.29745302,0.06276310753922694,0.15384615384615385,0.45158821278224265,0.440107156525067,,True
SH603310,14.839999,0.2295907,0.1932644469957903,0.27171833141982393,0.5352085725220054,0.37715269804822044,,True
SH603311,25.84,1.661702,0.26195943360122464,0.2994642173746651,0.023727516264829697,0.21794871794871795,,True
SH603312,31.95,0.24124555,0.15001913509376197,0.2529659395331037,0.3681592039800995,0.33601224646000766,,True
SH603313,6.95,1.5679915,0.869307309605817,0.7378492154611558,0.5055491771909683,0.4027937236892461,量能水平,False
SH603315,10.9800005,0.7838283,0.31266743207041714,0.1046689628779181,0.4347493302717183,0.11404515882127822,,True
SH603316,18.22,3.2706957,0.7079984691924991,0.9276693455797933,0.7493302717183314,0.9737849215461156,量能波动;量能比,False
SH603317,12.849999,1.0211545,0.3354381936471489,0.2765021048603138,0.6974741676234214,0.11538461538461539,,True
SH603318,9.37,6.711661,0.7979334098737084,0.7412935323383084,0.029659395331037123,0.20072713356295446,,True
SH603319,31.76,5.200684,0.4454649827784156,0.7294297742058936,0.9349406812093379,0.6029468044393418,量能动量,False
SH603320,18.64,0.6088758,0.1888633754305396,0.114619211634137,0.2952544967470341,0.06371986222732491,,True
SH603321,7.3399997,0.76228,0.500956754688098,0.6796785304247991,0.38212782242632987,0.8048220436280138,量能比,False
SH603322,32.75,2.1938035,0.4054726368159204,0.43111366245694605,0.11978568694986605,0.6094527363184079,,True
SH603323,4.4,1.9633532,0.7717183314198239,0.5644852659778032,0.16054343666283966,0.15308075009567546,,True
SH603324,26.689999,0.7791728,0.42766934557979336,0.48775353999234594,0.343857634902411,0.5874473784921546,,True
SH603326,7.65,0.30419263,0.09758897818599312,0.10352085725220053,0.4580941446613088,0.3182166092613854,,True
SH603327,8.5,2.3136652,0.6069651741293532,0.3559127439724455,0.7055109070034443,0.04362801377726751,,True
SH603328,13.820001,5.7378926,0.8928434749330272,0.8473019517795637,0.3019517795637199,0.9437428243398392,量能水平;量能波动;量能比,False
SH603329,10.17,0.31563783,0.17221584385763491,0.25220053578262536,0.2024492920015308,0.2948717948717949,,True
SH603330,10.07,7.7076063,0.9087256027554536,0.6431305013394566,0.5698430922311519,0.07481821660926138,量能水平,False
SH603331,12.909999,0.6172714,0.24779946421737467,0.37791810179869884,0.1077305778798316,0.451396861844623,,True
SH603332,11.910001,0.39546373,0.2740145426712591,0.2062763107539227,0.39035591274397247,0.6048603138155377,,True
SH603333,9.44,1.4307886,0.6025641025641025,0.31190202831993874,0.5260237275162648,0.05568312284730195,,True
SH603334,32.329998,0.4317499,0.5355912743972445,0.8134328358208955,0.8180252583237658,0.8210868733256793,量能波动;量能动量;量能比,False
SH603335,6.29,0.70246774,0.17393800229621126,0.3530424799081516,0.36280137772675086,0.7146957520091849,,True
SH603336,10.88,2.7847722,0.5248756218905473,0.4280520474550325,0.09644087256027555,0.6371986222732492,,True
SH603337,37.469997,0.92162144,0.11748947569843092,0.4904324531190203,0.9670876387294298,0.7531572904707233,量能动量,False
SH603338,53.550003,1.9878263,0.06907768848067355,0.16647531572904709,0.8488327592805205,0.5363566781477229,量能动量,False
SH603339,12.92,1.6393087,0.5807500956754688,0.4596249521622656,0.8258706467661692,0.25813241484883276,量能动量,False
SH603341,39.299995,3.0148804,0.9236509758897818,0.9940681209337926,0.9881362418675852,0.8595484117872177,量能水平;量能波动;量能动量;量能比,False
SH603344,23.85,0.86804754,0.6427477994642173,0.7960199004975125,0.00019135093761959434,0.48086490623804057,,True
SH603345,79.659996,4.9234576,0.5285112897053196,0.7652123995407577,0.6492537313432836,0.730195177956372,,True
SH603348,14.39,0.33592552,0.2977420589360888,0.3231917336394948,0.7045541523153463,0.4112131649445082,,True
SH603351,28.0,0.34562504,0.15403750478377343,0.7847301951779564,0.9936854190585533,0.9800995024875622,量能动量;量能比,False
SH603352,25.730001,0.22910148,0.384424033677765,0.6138538078836586,0.644852659778033,0.642939150401837,,True
SH603353,49.49,4.0784125,0.8704554152315346,0.783964791427478,0.5968235744355147,0.898584003061615,量能水平;量能比,False
SH603355,32.440002,1.1897053,0.3727516264829698,0.6010332950631458,0.947187141216992,0.8612705702257941,量能动量;量能比,False
SH603356,17.09,0.37909403,0.1653272101033295,0.37294297742058935,0.6969001148105626,0.4393417527745886,,True
SH603358,46.300003,4.8813615,0.6902028319938768,0.5725220053578263,0.47799464217374665,0.1995790279372369,,True
SH603360,12.99,1.6793166,0.1148105625717566,0.2334481438959051,0.4827784156142365,0.6040949100650593,,True
SH603363,2.9299998,1.647667,0.8616532721010333,0.504209720627631,0.3918867202449292,0.05912743972445465,量能水平,False
SH603365,16.19,0.2839414,0.1251435132032147,0.054152315346345195,0.44776119402985076,0.1383467278989667,,True
SH603366,7.4,2.8996658,0.8771526980482205,0.7818599311136625,0.07462686567164178,0.10734787600459242,量能水平,False
SH603367,14.599999,0.95994335,0.5409491006505932,0.7189054726368159,0.8564867967853043,0.4636433218522771,量能动量,False
SH603368,15.450001,0.51443243,0.21526980482204364,0.22464600076540375,0.44029850746268656,0.2058936088786835,,True
SH603369,28.35,3.0191545,0.5055491771909683,0.3851894374282434,0.7177573670110984,0.5520474550325296,,True
SH603370,27.62,0.36766016,0.521239954075775,0.7772675086107922,0.9399158055874474,0.9246077305778798,量能动量;量能比,False
SH603373,43.6,0.6552862,0.3107539226942212,0.5719479525449674,0.925947187141217,0.8574435514734022,量能动量;量能比,False
SH603375,48.42,1.7143272,0.8019517795637199,0.9634519709146575,0.9592422502870264,0.9779946421737467,量能水平;量能波动;量能动量;量能比,False
SH603376,27.41,0.9549031,0.8090317642556448,0.6955606582472255,0.030616150019135095,0.23019517795637198,量能水平,False
SH603378,5.31,0.7654201,0.5734787600459242,0.749521622655951,0.0036356678147722926,0.7602372751626483,,True
SH603379,51.76,3.7179163,0.7918101798698813,0.6768082663605052,0.5484117872177574,0.647148871029468,,True
SH603380,35.35,1.2133526,0.291044776119403,0.3105625717566016,0.43283582089552236,0.14083429008802142,,True
SH603381,14.990001,0.4976784,0.5629544584768466,0.5815154994259472,0.643895905089935,0.5859165709911979,,True
SH603382,18.94,0.45624167,0.6593953310371221,0.42384232682740147,0.5407577497129736,0.09892843474933027,,True
SH603383,27.68,0.81631845,0.1450440107156525,0.1796785304247991,0.7567929582854956,0.15461155759663223,,True
SH603385,5.66,0.23223914,0.32567929582854954,0.2770761576731726,0.31266743207041714,0.3890164561806353,,True
SH603386,18.95,2.899894,0.5727133562954458,0.8369690011481056,0.011289705319556066,0.951396861844623,量能波动;量能比,False
SH603387,10.089999,0.8478128,0.4014542671259089,0.7305778798316112,0.9529276693455798,0.9020283199387678,量能动量;量能比,False
SH603389,45.01,1.1288757,0.09318790662074244,0.17757367011098354,0.11538461538461539,0.5987370838117106,,True
SH603390,10.9,1.528623,0.78300803673938,0.6186375813241485,0.08036739380022963,0.5916570991197857,,True
SH603391,67.47,1.3210176,0.5901262916188289,0.5461155759663222,0.6437045541523153,0.2604286261002679,,True
SH603392,26.22,2.1314497,0.17412935323383086,0.12610026789131268,0.5200918484500574,0.22732491389207807,,True
SH603393,25.58,1.8980885,0.5665901262916189,0.290088021431305,0.20799846919249904,0.12284730195177956,,True
SH603395,27.58,4.953262,0.9975124378109452,0.9933027171833142,0.8842326827401454,0.1381553769613471,量能水平;量能波动;量能动量,False
SH603396,29.45,2.0408444,0.6630309988518944,0.7451205510907003,0.8503635667814772,0.4425947187141217,量能动量,False
SH603398,8.66,0.7011731,0.28300803673938,0.16570991197856869,0.583046306926904,0.6425564485265978,,True
SH603399,13.99,4.577919,0.8890164561806353,0.5773057787983161,0.3893991580558745,0.4577114427860697,量能水平,False
SH603402,62.6,2.5688388,0.9121699196326062,0.9280520474550326,0.3274014542671259,0.41714504401071567,量能水平;量能波动,False
SH603406,28.48,1.0048039,0.76884806735553,0.7812858783008036,0.1823574435514734,0.3446230386528894,,True
SH603407,60.760002,2.464179,0.9223115193264447,0.91982395713739,0.6789131266743207,0.9458476846536548,量能水平;量能波动;量能比,False
SH603408,11.7699995,0.39071733,0.358017604286261,0.3681592039800995,0.05281285878300804,0.22407194795254498,,True
SH603409,17.910002,0.29461855,0.3421354764638347,0.2831993876769996,0.6743207041714504,0.29295828549559894,,True
SH603416,46.88,0.7759353,0.13356295445847685,0.10619977037887486,0.5443934175277458,0.38308457711442784,,True
SH603418,44.789997,0.60217035,0.5861079219288174,0.5905089934940682,0.37734404898584,0.7499043245311902,,True
SH603421,6.8099995,2.4684076,0.9389590508993494,0.9680443934175278,0.0057405281285878304,0.9066207424416379,量能水平;量能波动;量能比,False
SH603429,8.7,0.24749078,0.006314580941446613,0.1444699579027937,0.46747034060466897,0.4318790662074244,,True
SH603435,49.25,1.5200232,0.9192499043245312,0.9282433983926521,0.03788748564867968,0.8241484883275928,量能水平;量能波动;量能比,False
SH603439,14.46,2.902859,0.8027171833141983,0.8530424799081515,0.030233448143895905,0.979716800612323,量能水平;量能波动;量能比,False
SH603444,350.40002,5.500194,0.4954075774971297,0.5084194412552622,0.596249521622656,0.33295063145809417,,True
SH603456,16.199999,2.9916196,0.5797933409873708,0.616532721010333,0.8463451970914657,0.8610792192881745,量能动量;量能比,False
SH603458,11.02,1.4480065,0.7921928817451206,0.7483735170302335,0.1995790279372369,0.3421354764638347,,True
SH603459,89.799995,10.1362705,0.9686184462303865,0.8589743589743589,0.33256792958285497,0.599502487562189,量能水平;量能波动,False
SH603466,13.14,9.904746,0.9274779946421737,0.7502870264064294,0.32510524301569077,0.35361653272101035,量能水平,False
SH603477,14.61,1.8202963,0.5399923459624952,0.2902793723689246,0.47053195560658245,0.4358974358974359,,True
SH603486,50.94,2.3750708,0.5298507462686567,0.2554535017221584,0.6821660926138539,0.30214313050133945,,True
SH603488,8.1,0.64702976,0.32338308457711445,0.3936088786835055,0.46211251435132034,0.36356678147722926,,True
SH603489,29.419998,0.6791153,0.4360887868350555,0.32893226176808266,0.2822426329889016,0.6433218522770762,,True
SH603496,23.229998,1.6591619,0.32013011863758134,0.4793340987370838,0.0539609644087256,0.6972828166858017,,True
SH603499,13.440001,0.6309824,0.04286261002678913,0.014351320321469576,0.16666666666666666,0.1961347110600842,,True
SH603500,9.45,0.56402993,0.2058936088786835,0.7043628013777268,0.9814389590508994,0.9068120933792576,量能动量;量能比,False
SH603501,82.88,10.824808,0.5717566016073479,0.7047455032529659,0.9263298890164562,0.6312667432070417,量能动量,False
SH603505,15.42,1.3347595,0.023918867202449293,0.046115575966322236,0.05817068503635668,0.5623804056639877,,True
SH603506,12.2,0.5716072,0.24990432453119021,0.29181017986988134,0.7833907386146192,0.3145809414466131,,True
SH603507,26.789999,2.0713925,0.7602372751626483,0.7499043245311902,0.7365097588978186,0.9889016456180635,量能比,False
SH603508,21.0,0.4778436,0.24569460390355913,0.24779946421737467,0.3078836586299273,0.27210103329506313,,True
SH603515,14.81,0.25554812,0.07845388442403368,0.07711442786069651,0.6572904707233066,0.29161882893226176,,True
SH603516,85.560005,4.439754,0.41771909682357444,0.1655185610409491,0.6130884041331802,0.12935323383084577,,True
SH603517,11.630001,0.5545029,0.4267125908916954,0.4565633371603521,0.0642939150401837,0.698622273249139,,True
SH603518,7.79,0.5285848,0.6291618828932262,0.4322617680826636,0.15671641791044777,0.5658247225411405,,True
SH603519,16.29,1.118795,0.11423650975889782,0.1999617298124761,0.903750478377344,0.29908151549942597,量能动量,False
SH603520,8.66,0.51674974,0.1756601607347876,0.13203214695752008,0.6861844623038653,0.606582472254114,,True
SH603527,10.0,0.7160995,0.3802143130501339,0.22522005357826252,0.25526215078453884,0.48048220436280137,,True
SH603528,6.59,0.610608,0.24071947952544967,0.35361653272101035,0.4290088021431305,0.9135093761959434,量能比,False
SH603529,21.460001,1.0010873,0.47761194029850745,0.42709529276693453,0.05510907003444317,0.1928817451205511,,True
SH603530,46.719997,2.2716262,0.2269422120168389,0.2889399158055874,0.8568694986605434,0.1655185610409491,量能动量,False
SH603533,23.699999,8.269138,0.7851128970531955,0.6027554535017221,0.6352851128970533,0.14772292384232683,,True
SH603535,6.2899995,0.22961892,0.10294680443934175,0.04075774971297359,0.1731725985457329,0.4732108687332568,,True
SH603536,10.01,0.7325019,0.23210868733256793,0.06180635285112897,0.10887868350554918,0.11997703788748565,,True
SH603538,28.82,10.670968,0.894374282433984,0.950440107156525,0.9468044393417527,0.6873325679295829,量能水平;量能波动;量能动量,False
SH603551,9.34,0.20880704,0.17106773823191734,0.12169919632606199,0.2701875239188672,0.24339839265212398,,True
SH603556,23.37,1.0961556,0.5417145044010716,0.5440107156525067,0.25220053578262536,0.13738997321086874,,True
SH603557,3.35,0.21147189,0.4221201683888251,0.6391121316494451,0.21507845388442404,0.34194412552621506,,True
SH603558,12.790001,0.5059611,0.08419441255262151,0.31305013394565634,0.6504018369690011,0.9730195177956372,量能比,False
SH603559,9.75,2.3086631,0.71699196326062,0.5803673938002296,0.7569843092231152,0.046689628779181015,,True
SH603565,11.78,3.0831637,0.7766934557979334,0.538652889399158,0.621699196326062,0.15040183696900114,,True
SH603566,10.320001,0.28208387,0.10677382319173363,0.10045924225028703,0.20723306544202066,0.39303482587064675,,True
SH603567,5.51,1.3603829,0.9123612705702258,0.9115958668197475,0.7745885954841178,0.34366628396479143,量能水平;量能波动,False
SH603568,13.609999,1.1729583,0.13930348258706468,0.19402985074626866,0.4628779181017987,0.34309223115193266,,True
SH603569,5.81,0.22468694,0.2965939533103712,0.32013011863758134,0.07577497129735936,0.1588212782242633,,True
SH603577,9.64,0.361533,0.11882893226176808,0.17374665135859166,0.13203214695752008,0.3911213164944508,,True
SH603578,14.06,0.52485776,0.19096823574435515,0.20780711825487944,0.5641025641025641,0.7045541523153463,,True
SH603579,18.2,0.44664833,0.29544584768465365,0.5903176425564485,0.9469957902793724,0.8503635667814772,量能动量;量能比,False
SH603580,78.68001,6.7044053,0.40375047837734407,0.2298124760811328,0.2803291236127057,0.3857634902411022,,True
SH603583,28.12,1.5755957,0.4971297359357061,0.6157673172598546,0.8230003827018753,0.6052430156907769,量能动量,False
SH603585,10.49,0.5647141,0.41446613088404133,0.24473784921546116,0.4213547646383467,0.09395331037122082,,True
SH603586,13.740001,0.22520293,0.2296211251435132,0.2705702257941064,0.5003827018752391,0.3781094527363184,,True
SH603587,12.2,0.5561525,0.5585533869115958,0.20302334481438958,0.3404133180252583,0.08840413318025259,,True
SH603588,16.86,8.4953375,0.7925755836203597,0.5696517412935324,0.6657099119785687,0.4556065824722541,,True
SH603589,17.97,1.0155096,0.5675468809797168,0.6563337160352086,0.7866437045541523,0.42766934557979336,,True
SH603590,29.96,0.54613286,0.36662839647914275,0.533486414083429,0.8748564867967853,0.5019135093761959,量能动量,False
SH603595,33.390003,0.79863864,0.11098354381936472,0.2696134711060084,0.3848067355530042,0.596249521622656,,True
SH603596,29.15,5.888441,0.7942977420589361,0.4661308840413318,0.6431305013394566,0.11385380788365863,,True
SH603598,18.960001,3.296415,0.5491771909682357,0.7864523536165328,0.9525449674703406,0.2680826636050517,量能动量,False
SH603599,10.68,1.9404285,0.519326444699579,0.2158438576349024,0.6253348641408343,0.014351320321469576,,True
SH603600,10.2699995,0.6973191,0.13719862227324914,0.1653272101033295,0.2977420589360888,0.11729812476081133,,True
SH603601,10.450001,10.446161,0.5128205128205128,0.47340221967087637,0.3928434749330272,0.8696900114810563,量能比,False
SH603602,11.66,0.27945125,0.07367011098354381,0.06659012629161883,0.42058936088786836,0.6595866819747417,,True
SH603605,56.479996,3.3460448,0.3618446230386529,0.29927286643704554,0.5690776884806735,0.519326444699579,,True
SH603606,35.93,5.168584,0.1890547263681592,0.26616915422885573,0.0101415996938385,0.6128970531955606,,True
SH603607,24.03,1.4406159,0.37638729429774204,0.6934557979334098,0.5646766169154229,0.9668962877918101,量能比,False
SH603608,21.550001,3.6056764,0.710868733256793,0.7539226942212017,0.8846153846153846,0.5996938384998086,量能动量,False
SH603609,6.41,0.3778197,0.1452353616532721,0.19422120168388826,0.7632988901645618,0.40336777650210487,,True
SH603610,13.91,0.66038316,0.5929965556831228,0.5271718331419823,0.6919249904324531,0.5633371603520857,,True
SH603611,15.830001,0.31160808,0.032721010332950634,0.07213930348258707,0.2267508610792193,0.23765786452353616,,True
SH603612,16.65,1.9515134,0.4927286643704554,0.22885572139303484,0.24550325296593953,0.14676616915422885,,True
SH603613,21.01,2.6896381,0.40929965556831227,0.6249521622655951,0.6890547263681592,0.7793723689246077,,True
SH603615,19.1,1.1592221,0.4041331802525832,0.5845771144278606,0.4242250287026406,0.9138920780711826,量能比,False
SH603616,5.61,0.6505934,0.5407577497129736,0.21354764638346727,0.19402985074626866,0.10390355912743972,,True
SH603617,6.8199997,0.37099427,0.09299655568312284,0.043436662839647915,0.3746651358591657,0.4129353233830846,,True
SH603618,38.79,43.193954,0.9592422502870264,0.7200535782625335,0.30214313050133945,0.31190202831993874,量能水平,False
SH603619,22.22,8.144217,0.9894756984309223,0.9678530424799081,0.039418293149636435,0.2822426329889016,量能水平;量能波动,False
SH603626,22.93,9.778077,0.9644087256027555,0.964600076540375,0.4697665518561041,0.7244546498277842,量能水平;量能波动,False
SH603628,10.33,0.7917695,0.3717948717948718,0.19173363949483352,0.1283964791427478,0.2156525066972828,,True
SH603629,115.96,31.446714,0.8557213930348259,0.8400306161500192,0.7296211251435132,0.7357443551473403,量能水平;量能波动,False
SH603630,13.96,0.7913943,0.5874473784921546,0.5983543819364715,0.5644852659778032,0.24225028702640644,,True
SH603633,6.48,0.3960184,0.07826253348641408,0.06812093379257558,0.40049751243781095,0.7749712973593571,,True
SH603636,8.01,0.8442959,0.3275928052047455,0.8827018752391886,0.7143130501339456,0.9412552621507846,量能波动;量能比,False
SH603637,14.55,1.573663,0.48105625717566014,0.4433601224646001,0.05855338691159587,0.47416762342135477,,True
SH603638,18.39,1.3953052,0.04037504783773441,0.01052430156907769,0.24397244546498278,0.41102181400688864,,True
SH603639,10.46,0.23738526,0.09031764255644853,0.04860313815537696,0.018369690011481057,0.04075774971297359,,True
SH603648,9.58,0.22190166,0.0707998469192499,0.10658247225411405,0.6054343666283964,0.7766934557979334,,True
SH603650,69.01,12.833778,0.8874856486796785,0.8771526980482205,0.2675086107921929,0.918867202449292,量能水平;量能波动;量能比,False
SH603655,34.600002,0.43522367,0.02525832376578645,0.37083811710677383,0.9709146574818217,0.8694986605434366,量能动量;量能比,False
SH603656,17.380001,0.25176942,0.0878300803673938,0.28243398392652125,0.798124760811328,0.8459624952162266,量能比,False
SH603657,37.3,1.5798749,0.5210486031381554,0.48717948717948717,0.058362035973976274,0.9041331802525833,量能比,False
SH603658,34.97,0.9666178,0.23019517795637198,0.8111366245694603,0.9975124378109452,0.8869115958668198,量能波动;量能动量;量能比,False
SH603659,22.210001,4.683623,0.619785686949866,0.5457328740910831,0.12418675851511672,0.5049751243781094,,True
SH603660,9.879999,1.6585119,0.5553004209720628,0.5771144278606966,0.1827401454267126,0.7464600076540375,,True
SH603661,34.07,1.0402569,0.7409108304630693,0.7853042479908151,0.041140451588212786,0.6787217757367011,,True
SH603662,49.820004,1.70255,0.22330654420206658,0.22368924607730578,0.6934557979334098,0.5753922694221202,,True
SH603663,48.160004,10.475047,0.27497129735935705,0.2948717948717949,0.7060849598163031,0.6932644469957903,,True
SH603665,21.670002,0.66772866,0.37696134711060086,0.23536165327210104,0.2592805204745503,0.24952162265595101,,True
SH603666,27.4,1.0050244,0.42824339839265213,0.5288939915805587,0.7902793723689246,0.23746651358591658,,True
SH603667,50.03,6.379383,0.6050516647531573,0.6806352851128971,0.13624186758515117,0.549559892843475,,True
SH603668,12.629999,1.5612947,0.4498660543436663,0.44699579027937236,0.24052812858783007,0.19881362418675852,,True
SH603669,6.01,1.4307184,0.6720244929200153,0.8629927286643705,0.8134328358208955,0.9705319556065825,量能波动;量能动量;量能比,False
SH603677,14.44,0.26233435,0.07558362035973976,0.30424799081515497,0.1182548794489093,0.8539992345962495,量能比,False
SH603678,49.51,10.308762,0.6316494450822809,0.4785686949866054,0.22770761576731727,0.8205128205128205,量能比,False
SH603679,26.11,2.6125798,0.5776884806735553,0.7349789513968619,0.3593570608495982,0.6651358591657099,,True
SH603680,10.509999,0.46513647,0.5824722541140451,0.8796402602372752,0.9253731343283582,0.938193647148871,量能波动;量能动量;量能比,False
SH603681,19.28,1.1781249,0.5130118637581325,0.4605817068503636,0.5746268656716418,0.8302717183314198,量能比,False
SH603682,10.0,1.1534276,0.5455415231534635,0.32300038270187525,0.548603138155377,0.4588595484117872,,True
SH603683,16.4,3.5247853,0.7370838117106774,0.6394948335246843,0.04477611940298507,0.24550325296593953,,True
SH603685,26.76,0.70836747,0.25143513203214696,0.21106008419441255,0.4383849980864906,0.045158821278224265,,True
SH603686,14.780001,4.077406,0.7694221201683888,0.9527363184079602,0.29831611174894757,0.9799081515499426,量能波动;量能比,False
SH603687,15.46,4.0233974,0.8501722158438576,0.7145044010715652,0.16111748947569843,0.22885572139303484,量能水平,False
SH603688,49.31,7.9191175,0.35629544584768463,0.18962877918101798,0.5765403750478377,0.7076157673172598,,True
SH603689,7.6899996,0.3311104,0.1314580941446613,0.10390355912743972,0.043436662839647915,0.16016073478760046,,True
SH603690,24.03,4.2995553,0.20015308075009566,0.08515116724071949,0.687715269804822,0.6546115575966323,,True
SH603693,12.11,1.5778624,0.6203597397627248,0.8030998851894374,0.006697282816685802,0.9102564102564102,量能波动;量能比,False
SH603696,14.560001,3.3095684,0.6718331419823957,0.3381171067738232,0.4933027171833142,0.19479525449674703,,True
SH603697,9.14,0.42872152,0.1356678147722924,0.15288939915805588,0.6666666666666666,0.4668962877918102,,True
SH603698,21.65,1.8781269,0.6100267891312667,0.552812858783008,0.46919249904324534,0.6477229238423269,,True
SH603699,44.599995,2.2006938,0.505166475315729,0.5508993494068121,0.6949866054343666,0.5993111366245695,,True
SH603700,11.7300005,0.68221694,0.5296593953310371,0.4707233065442021,0.11327975507079985,0.17661691542288557,,True
SH603701,19.66,0.740617,0.07328740910830463,0.03214695752009185,0.31209337925755837,0.15748182166092614,,True
SH603703,10.59,1.259388,0.35744355147340223,0.5786452353616532,0.872177573670111,0.9075774971297359,量能动量;量能比,False
SH603706,17.21,0.26715204,0.07807118254879448,0.053386911595866816,0.13241484883275928,0.02736318407960199,,True
SH603707,7.94,0.91052926,0.15442020665901263,0.4940681209337926,0.9431687715269805,0.3987753539992346,量能动量,False
SH603708,9.03,0.7047356,0.4559892843474933,0.035208572522005356,0.046115575966322236,0.09835438193647149,,True
SH603709,12.599999,0.39677876,0.25736701109835436,0.15709911978568694,0.3143895905089935,0.2747799464217375,,True
SH603711,12.059999,0.564325,0.5262150784538844,0.5086107921928817,0.8274014542671259,0.13088404133180254,量能动量,False
SH603712,11.82,1.2278965,0.4234596249521623,0.6060084194412553,0.48851894374282434,0.583046306926904,,True
SH603713,67.61,1.2507424,0.15059318790662074,0.2673172598545733,0.06352851128970533,0.5560658247225412,,True
SH603716,17.57,2.0411265,0.6645618063528511,0.8411787217757367,0.9439341752774588,0.6944125526215078,量能波动;量能动量,False
SH603717,5.94,0.5653626,0.6670493685419059,0.38327592805204747,0.2604286261002679,0.46670493685419057,,True
SH603719,9.21,0.39131585,0.40470723306544204,0.33180252583237657,0.44699579027937236,0.2939150401836969,,True
SH603721,18.96,2.201214,0.5072713356295446,0.46785304247990817,0.7600459242250287,0.22139303482587064,,True
SH603722,29.779999,0.3178838,0.048411787217757365,0.10218140068886337,0.851894374282434,0.676425564485266,量能动量,False
SH603725,11.83,1.4982771,0.5271718331419823,0.743398392652124,0.9276693455797933,0.7985074626865671,量能动量,False
SH603726,24.130001,0.73514247,0.07673172598545733,0.022196708763872943,0.2699961729812476,0.5432453119020283,,True
SH603727,18.619999,0.5192068,0.4791427477994642,0.7225411404515882,0.6643704554152315,0.8090317642556448,量能比,False
SH603728,50.55,3.203468,0.4852659778032912,0.55185610409491,0.6894374282433984,0.43819364714887105,,True
SH603730,9.66,1.6394565,0.5084194412552622,0.45828549559892845,0.2944890929965557,0.4841178721775737,,True
SH603733,19.029999,1.5905108,0.6737466513585917,0.5028702640642939,0.40891695369307307,0.11768082663605052,,True
SH603737,21.829998,2.0486245,0.09357060849598163,0.38997321086873327,0.7904707233065442,0.6718331419823957,,True
SH603738,37.859997,11.185679,0.681592039800995,0.41810179869881364,0.38078836586299275,0.47455032529659397,,True
SH603739,13.2,0.5997733,0.27841561423650973,0.45158821278224265,0.8004209720627631,0.5581706850363567,量能动量,False
SH603755,24.380001,0.37122715,0.16685801760428626,0.10734787600459242,0.08725602755453502,0.13585916570991197,,True
SH603757,68.7,7.829199,0.6919249904324531,0.4975124378109453,0.5482204362801377,0.16283964791427477,,True
SH603758,11.030001,1.7314278,0.7554535017221584,0.629735935706085,0.46039035591274396,0.09854573287409109,,True
SH603759,7.82,0.4480897,0.3744737849215461,0.7634902411021814,0.7414848832759281,0.7715269804822044,,True
SH603766,14.39,1.9234346,0.31553769613471105,0.5585533869115958,0.3882510524301569,0.7879831611174895,,True
SH603767,13.509999,0.44809663,0.1549942594718714,0.16169154228855723,0.4418293149636433,0.4305396096440873,,True
SH603768,11.62,0.26992765,0.3249138920780712,0.10945273631840796,0.43073096058170685,0.28205128205128205,,True
SH603773,93.18,18.62361,0.9316877152698049,0.9567546880979717,0.5231534634519709,0.9376195943360123,量能水平;量能波动;量能比,False
SH603776,20.64,0.3823533,0.13700727133562954,0.38595484117872175,0.9429774205893608,0.44087256027554533,量能动量,False
SH603777,14.190001,1.1425843,0.5514734022196709,0.6016073478760046,0.7401454267125909,0.6402602372751627,,True
SH603778,9.4,6.3633385,0.8610792192881745,0.9313050133945656,0.8949483352468427,0.6408342900880214,量能水平;量能波动;量能动量,False
SH603779,8.33,1.3794346,0.46383467278989665,0.21220818982013012,0.13050133945656334,0.0574052812858783,,True
SH603786,37.77,0.7795068,0.45579793340987373,0.37925755836203595,0.03176425564485266,0.23670110983543818,,True
SH603787,10.33,0.23599157,0.05874473784921546,0.05204745503252966,0.09739762724837352,0.4355147340221967,,True
SH603790,24.929998,0.6650745,0.16437045541523154,0.1685801760428626,0.5403750478377344,0.5176042862610026,,True
SH603797,4.9500003,0.4363794,0.19747416762342135,0.41274397244546496,0.4567546880979717,0.5001913509376196,,True
SH603798,13.4800005,0.57357687,0.15595101415996937,0.3220436280137773,0.6125143513203215,0.37581324148488326,,True
SH603799,36.66,14.929376,0.5908916953693073,0.5260237275162648,0.7523918867202449,0.5566398775353999,,True
SH603800,58.57,3.078164,0.4590508993494068,0.29582854955989285,0.2263681592039801,0.45866819747416765,,True
SH603801,6.2100005,1.1512793,0.7391886720244929,0.4592422502870264,0.33562954458476846,0.002104860313815538,,True
SH603803,11.7,2.2224362,0.9079601990049752,0.78300803673938,0.30558744737849214,0.5168388825105243,量能水平,False
SH603806,14.379999,2.8004456,0.5985457328740911,0.4538844240336778,0.6748947569843092,0.5706084959816303,,True
SH603808,8.73,0.263725,0.19364714887102946,0.08189820130118637,0.424990432453119,0.2797550707998469,,True
SH603809,8.63,0.51078725,0.0977803291236127,0.055300420972062767,0.40929965556831227,0.6733639494833524,,True
SH603810,12.06,0.23987655,0.1861844623038653,0.12112514351320322,0.30577879831611177,0.5585533869115958,,True
SH603811,7.01,0.35678512,0.05702257941063911,0.18388825105243015,0.14255644852659777,0.5510907003444316,,True
SH603813,27.120003,0.2245938,0.017604286261002678,0.09242250287026406,0.7941063911213165,0.7577497129735936,,True
SH603815,5.2400002,0.34083235,0.26521239954075776,0.25564485265977804,0.4552238805970149,0.49904324531190203,,True
SH603816,22.410002,1.5202273,0.5606582472254114,0.5566398775353999,0.14140834290088022,0.43781094527363185,,True
SH603817,5.8800006,0.5976023,0.34615384615384615,0.4559892843474933,0.7095292766934558,0.8187906620742441,量能比,False
SH603818,3.98,1.1697257,0.777841561423651,0.7946804439341753,0.5382701875239189,0.8828932261768083,量能比,False
SH603819,16.58,1.2182734,0.2964026023727516,0.5958668197474167,0.9228855721393034,0.7520091848450058,量能动量,False
SH603822,64.25,0.48725277,0.02430156907768848,0.12495216226559511,0.8643321852277076,0.1731725985457329,量能动量,False
SH603823,56.08,12.554308,0.7217757367011098,0.6037122081898201,0.7472254114045159,0.6008419441255262,,True
SH603826,16.36,1.7889023,0.2625334864140834,0.25813241484883276,0.25889781859931116,0.4718714121699196,,True
SH603829,15.91,0.44199404,0.1310753922694221,0.21641791044776118,0.14313050133945657,0.5361653272101033,,True
SH603833,29.56,0.9379339,0.6456180635285113,0.36988136241867586,0.4630692690394183,0.2837734404898584,,True
SH603836,9.66,0.29963112,0.3069269039418293,0.29468044393417525,0.6096440872560276,0.6777650210486031,,True
SH603838,13.86,0.42320293,0.059318790662074246,0.1618828932261768,0.29468044393417525,0.5225794106391122,,True
SH603839,7.0300007,0.5825083,0.5945273631840796,0.42747799464217373,0.6628396479142747,0.014925373134328358,,True
SH603843,6.4200006,0.8754922,0.39150401836969,0.42154611557596633,0.8409873708381171,0.44833524684270953,量能动量,False
SH603848,13.52,0.37674624,0.13241484883275928,0.20704171450440106,0.05128205128205128,0.6352851128970533,,True
SH603855,16.8,0.32693598,0.03731343283582089,0.10065059318790662,0.24531190202831993,0.051856104094910066,,True
SH603856,11.66,0.28948823,0.11729812476081133,0.21890547263681592,0.21680061232300038,0.2713356295445848,,True
SH603858,14.7699995,0.65064025,0.715078453884424,0.7238805970149254,0.7722923842326828,0.49100650593187906,,True
SH603859,40.4,2.2469425,0.24837351703023344,0.392460773057788,0.7451205510907003,0.6192116341370073,,True
SH603860,25.91,0.2797037,0.09491006505931879,0.09969383849980865,0.18082663605051666,0.6869498660543437,,True
SH603861,11.18,0.67392737,0.41599693838499807,0.34022196708763874,0.39800995024875624,0.49846919249904326,,True
SH603863,12.759999,0.46165833,0.32969766551856106,0.0809414466130884,0.5887868350554918,0.6274397244546498,,True
SH603866,4.2,0.55730325,0.3750478377344049,0.4284347493302717,0.6538461538461539,0.5732874091083047,,True
SH603867,33.510002,2.0877147,0.6058170685036357,0.723115193264447,0.9225028702640643,0.7060849598163031,量能动量,False
SH603868,31.62,0.41985348,0.12361270570225794,0.42996555683122845,0.5470723306544202,0.9336012246460008,量能比,False
SH603871,12.16,1.6580836,0.2567929582854956,0.3404133180252583,0.30960581706850365,0.33524684270952926,,True
SH603876,18.460001,3.5732517,0.751435132032147,0.8608878683505549,0.1798698813624187,0.49598163030998854,量能波动,False
SH603878,4.9300003,0.48994532,0.33945656333716034,0.1791044776119403,0.2726750861079219,0.28166858017604285,,True
SH603879,4.94,0.41848597,0.1555683122847302,0.0472636815920398,0.30922311519326445,0.46077305778798316,,True
SH603880,9.280001,1.1827699,0.44240336777650213,0.7395713738997322,0.8471106008419441,0.8027171833141983,量能动量;量能比,False
SH603881,25.14,5.8495026,0.44450822809031765,0.6498277841561424,0.9374282433983927,0.6268656716417911,量能动量,False
SH603882,29.060001,2.275537,0.4521622655951014,0.7309605817068504,0.8899732108687333,0.8097971680061232,量能动量;量能比,False
SH603883,12.94,1.4518079,0.5505166475315729,0.28549559892843474,0.6040949100650593,0.15384615384615385,,True
SH603885,10.099999,1.2543235,0.40719479525449676,0.3865288939915806,0.32587064676616917,0.3168771526980482,,True
SH603886,12.700001,0.674138,0.30003827018752394,0.3610792192881745,0.5089934940681209,0.33964791427477997,,True
SH603887,9.039999,2.3168278,0.7594718714121699,0.5214313050133945,0.3411787217757367,0.05300420972062763,,True
SH603888,18.449999,4.1766667,0.8327592805204745,0.872177573670111,0.4707233065442021,0.9672789896670494,量能水平;量能波动;量能比,False
SH603889,6.0600004,0.7324735,0.15231534634519708,0.09261385380788366,0.17374665135859166,0.20991197856869498,,True
SH603890,17.390001,6.8955226,0.9299655568312285,0.8159203980099502,0.40011481056257175,0.14026023727516265,量能水平;量能波动,False
SH603893,217.8,22.948204,0.7277076157673172,0.8878683505549178,0.959433601224646,0.734404898584003,量能波动;量能动量,False
SH603895,26.23,0.31840706,0.08936088786835056,0.06123230003827019,0.37409108304630695,0.11366245694603903,,True
SH603896,14.860001,0.27043304,0.08515116724071949,0.48928434749330274,0.8664370455415231,0.7234978951396862,量能动量,False
SH603897,30.980001,3.2380767,0.7776502104860313,0.6092613853807883,0.6127057022579411,0.25277458859548413,,True
SH603898,11.28,0.29743117,0.07539226942212017,0.09873708381171067,0.562763107539227,0.23440489858400307,,True
SH603899,22.1,0.9984985,0.18541905855338692,0.1417910447761194,0.8053960964408725,0.09605817068503636,量能动量,False
SH603900,6.77,2.4928098,0.931113662456946,0.7835820895522388,0.2755453501722158,0.1953693073096058,量能水平,False
SH603901,9.320001,0.85806274,0.28281668580176045,0.22560275545350172,0.597206276310754,0.0641025641025641,,True
SH603903,15.27,1.0960673,0.3185993111366246,0.7334481438959051,0.9588595484117872,0.6322234978951397,量能动量,False
SH603906,18.18,2.518743,0.5256410256410257,0.406620742441638,0.15977803291236128,0.1586299272866437,,True
SH603908,19.539999,0.24268804,0.05453501722158439,0.15403750478377343,0.5156907768848067,0.878300803673938,量能比,False
SH603909,9.83,0.21950144,0.025832376578645237,0.10428626100267892,0.2684653654802909,0.769804822043628,,True
SH603912,8.809999,1.8276808,0.5107156525066973,0.452353616532721,0.5979716800612322,0.07711442786069651,,True
SH603915,13.26,0.70478255,0.3132414848832759,0.27822426329889016,0.7181400688863375,0.3069269039418293,,True
SH603916,10.790001,0.97857416,0.5047837734404899,0.27898966704936856,0.3153463451970915,0.08687332567929583,,True
SH603917,14.36,0.52020484,0.3199387676999617,0.6140451588212782,0.6762342135476463,0.8781094527363185,量能比,False
SH603918,10.990001,1.3280488,0.2797550707998469,0.6383467278989667,0.9073861461921163,0.7539226942212017,量能动量,False
SH603919,16.71,0.8906015,0.24818216609261384,0.36356678147722926,0.7389973210868733,0.1452353616532721,,True
SH603920,46.15,12.514481,0.918867202449292,0.8849980864906238,0.2058936088786835,0.8750478377344049,量能水平;量能波动;量能比,False
SH603926,17.49,0.9335928,0.46747034060466897,0.417910447761194,0.1687715269804822,0.21718331419823958,,True
SH603927,13.98,1.0637687,0.49483352468427094,0.3978185993111366,0.5208572522005358,0.358017604286261,,True
SH603928,12.05,1.260868,0.4703406046689629,0.7085725220053578,0.052621507845388445,0.8798316111748947,量能比,False
SH603929,159.87,6.0334196,0.08916953693073096,0.0876387294297742,0.734404898584003,0.703788748564868,,True
SH603931,35.91,1.5189482,0.41102181400688864,0.43417527745885953,0.17642556448526597,0.7288557213930348,,True
SH603933,19.5,0.49163577,0.19709146574818218,0.3612705702257941,0.8761959433601225,0.765595101415997,量能动量,False
SH603936,22.62,13.272898,0.9150401836969001,0.9200153080750095,0.21833141982395712,0.6528893991580559,量能水平;量能波动,False
SH603937,11.79,0.3849461,0.2428243398392652,0.10696517412935323,0.24837351703023344,0.19498660543436663,,True
SH603938,49.25,12.558729,0.6769996172981247,0.7608113279755071,0.0472636815920398,0.7755453501722158,,True
SH603939,22.2,1.9845399,0.19766551856104095,0.372177573670111,0.91982395713739,0.31247608113279757,量能动量,False
SH603948,19.65,0.23378053,0.0641025641025641,0.09223115193264447,0.6722158438576349,0.7011098354381936,,True
SH603949,13.96,0.320644,0.12380405663987754,0.08151549942594719,0.3978185993111366,0.2296211251435132,,True
SH603950,59.120003,4.9194484,0.6301186375813241,0.6708763872942978,0.527363184079602,0.13318025258323765,,True
SH603955,24.849998,0.67934704,0.31802525832376577,0.4334098737083812,0.21737466513585915,0.3672024492920015,,True
SH603956,7.2599998,1.3977638,0.7330654420206659,0.8304630692690395,0.5329123612705702,0.9374282433983927,量能波动;量能比,False
SH603958,18.53,4.4198675,0.8612705702257941,0.881171067738232,0.8760045924225028,0.07558362035973976,量能水平;量能波动;量能动量,False
SH603959,4.4700003,0.43317688,0.25066972828166856,0.33658629927286643,0.16283964791427477,0.17145044010715652,,True
SH603960,19.48,1.4410443,0.20685036356678146,0.507079984691925,0.9812476081132797,0.983926521239954,量能动量;量能比,False
SH603966,7.549999,0.5152091,0.08304630692690394,0.20321469575200918,0.5300420972062763,0.30558744737849214,,True
SH603967,11.669999,0.2901931,0.162265595101416,0.030424799081515498,0.19001148105625718,0.24894756984309224,,True
SH603968,11.009999,0.28890583,0.1519326444699579,0.5221967087638729,0.8633754305396096,0.7887485648679678,量能动量,False
SH603969,7.49,0.8494023,0.2738231917336395,0.14580941446613088,0.35629544584768463,0.07137389973210868,,True
SH603970,11.15,0.5678754,0.21909682357443552,0.05970149253731343,0.11921163413700728,0.03635667814772292,,True
SH603976,32.059998,2.2575336,0.5493685419058554,0.4911978568694987,0.7858783008036739,0.31515499425947185,,True
SH603977,11.429999,0.7505248,0.12724837351703022,0.09376195943360123,0.22885572139303484,0.15614236509758897,,True
SH603978,26.2,3.853267,0.912743972445465,0.8683505549177191,0.7146957520091849,0.7944890929965557,量能水平;量能波动,False
SH603979,74.88,5.7510157,0.5989284347493302,0.3677765021048603,0.39131266743207044,0.06831228473019518,,True
SH603980,8.95,4.884291,0.9831611174894757,0.93398392652124,0.3407960199004975,0.398584003061615,量能水平;量能波动,False
SH603982,6.29,0.3286199,0.4552238805970149,0.5505166475315729,0.020091848450057407,0.7039800995024875,,True
SH603983,32.039997,1.7467557,0.712782242632989,0.6226559510141599,0.06180635285112897,0.5340604668962878,,True
SH603985,17.15,1.5441077,0.46536548029085345,0.46134711060084194,0.7944890929965557,0.5130118637581325,,True
SH603986,402.1,118.564865,0.7634902411021814,0.8180252583237658,0.7487562189054726,0.7719096823574435,量能波动,False
SH603987,7.62,0.2538949,0.06601607347876004,0.28874856486796785,0.5662074244163796,0.7223497895139687,,True
SH603988,18.18,0.7883785,0.11691542288557213,0.06371986222732491,0.20551090700344432,0.22789896670493687,,True
SH603989,34.149998,11.725422,0.9366628396479143,0.7845388442403368,0.04420206659012629,0.48220436280137774,量能水平,False
SH603990,19.91,3.4030652,0.4494833524684271,0.6513585916570991,0.9473784921546116,0.687715269804822,量能动量,False
SH603991,168.7,6.1929107,0.3555300420972063,0.3815537696134711,0.783964791427478,0.5956754688097972,,True
SH603992,20.41,0.7222029,0.38748564867967855,0.3075009567546881,0.13662456946039037,0.26655185610409493,,True
SH603993,17.81,33.704964,0.9401071565250669,0.8522770761576731,0.6377726750861079,0.25851511672407196,量能水平;量能波动,False
SH603995,25.95,1.1529564,0.515116724071948,0.3876769996172981,0.27171833141982393,0.6362418675851512,,True
SH603997,14.109999,2.8000112,0.7081898201301187,0.9341752774588595,0.967470340604669,0.9429774205893608,量能波动;量能动量;量能比,False
SH603998,10.52,1.309721,0.34347493302717186,0.39628779181017987,0.8444316877152698,0.229238423268274,量能动量,False
SH603999,6.82,1.4325981,0.6391121316494451,0.5453501722158438,0.4489092996555683,0.7395713738997322,,True
SH605001,5.81,0.47533017,0.6540375047837734,0.3346727898966705,0.11653272101033295,0.10505166475315729,,True
SH605003,24.72,0.31039682,0.18503635667814772,0.36586299272866435,0.8172598545732874,0.4380022962112514,量能动量,False
SH605006,17.460001,10.863946,0.8677765021048603,0.7629161882893226,0.1383467278989667,0.6301186375813241,量能水平,False
SH605007,15.21,0.6623787,0.36873325679295826,0.24741676234213547,0.7057022579410639,0.18063528511289706,,True
SH605008,14.26,0.57256496,0.26444699579027936,0.33907386146192114,0.03233830845771144,0.28626100267891313,,True
SH605009,24.81,0.3267533,0.29161882893226176,0.5342518178339074,0.7250287026406429,0.49521622655951014,,True
SH605011,18.32,1.8943458,0.5218140068886338,0.7114427860696517,0.002104860313815538,0.8815537696134711,量能比,False
SH605016,20.53,1.1162487,0.16647531572904709,0.1488710294680444,0.8333333333333334,0.010715652506697282,量能动量,False
SH605018,11.949999,0.4587486,0.3048220436280138,0.7336394948335246,0.9556065824722542,0.8231917336394948,量能动量;量能比,False
SH605020,31.51,2.9933274,0.3920780711825488,0.18312284730195177,0.31553769613471105,0.12323000382701875,,True
SH605028,23.45,0.2930363,0.07615767317259854,0.15327210103329506,0.5068886337543054,0.6245694603903559,,True
SH605033,19.96,0.8544222,0.46498277841561425,0.595292766934558,0.7208189820130119,0.169345579793341,,True
SH605055,9.01,0.39049968,0.13892078071182548,0.14026023727516265,0.49904324531190203,0.568886337543054,,True
SH605056,14.29,0.6967569,0.5241102181400689,0.8859548411787218,0.981630309988519,0.9580941446613088,量能波动;量能动量;量能比,False
SH605058,53.27,3.9543602,0.8109452736318408,0.9446995790279372,0.6039035591274398,0.994833524684271,量能水平;量能波动;量能比,False
SH605060,39.870003,1.3562701,0.42479908151549944,0.5332950631458094,0.586299272866437,0.6557596632223498,,True
SH605066,6.8299994,0.4253333,0.38040566398775355,0.4200153080750096,0.3685419058553387,0.7590891695369307,,True
SH605068,20.7,1.4629573,0.816494450822809,0.897627248373517,0.9211634137007272,0.43073096058170685,量能水平;量能波动;量能动量,False
SH605069,12.150001,1.0739514,0.7030233448143896,0.8384998086490624,0.07194795254496747,0.9864140834290088,量能波动;量能比,False
SH605077,11.7699995,1.6486379,0.8983926521239954,0.8413700727133563,0.013968618446230386,0.49464217374665137,量能水平;量能波动,False
SH605080,22.820002,0.46067485,0.3936088786835055,0.13069269039418294,0.10160734787600459,0.05453501722158439,,True
SH605086,23.650002,0.30822885,0.041714504401071564,0.024875621890547265,0.6128970531955606,0.20685036356678146,,True
SH605088,24.609999,2.660877,0.8205128205128205,0.9003061615001914,0.34902411021814006,0.8851894374282434,量能水平;量能波动;量能比,False
SH605089,21.12,0.29292038,0.21775736701109835,0.11691542288557213,0.10639112131649445,0.0876387294297742,,True
SH605090,32.49,2.4146588,0.7847301951779564,0.6255262150784539,0.8145809414466131,0.37409108304630695,量能动量,False
SH605098,53.239998,0.4712611,0.060849598163030996,0.2091465748182166,0.3943742824339839,0.5072713356295446,,True
SH605099,29.27,0.4703194,0.15920398009950248,0.13222349789513968,0.48679678530424797,0.11882893226176808,,True
SH605100,34.29,1.392176,0.4753157290470723,0.737275162648297,0.8679678530424799,0.9182931496364333,量能动量;量能比,False
SH605108,12.25,0.45962843,0.39590508993494067,0.19785686949866055,0.1312667432070417,0.28913126674320705,,True
SH605111,60.45,7.5848064,0.5572139303482587,0.7300038270187524,0.8096058170685037,0.9263298890164562,量能动量;量能比,False
SH605116,20.08,0.40874892,0.09873708381171067,0.30463069269039417,0.8681592039800995,0.5702257941063911,量能动量,False
SH605117,82.38,10.361836,0.45426712590891694,0.28626100267891313,0.5038270187523919,0.1865671641791045,,True
SH605118,34.14,2.1954021,0.4923459624952162,0.5715652506697283,0.45082280903176425,0.11002678913126675,,True
SH605122,11.940001,0.26851147,0.5401836969001148,0.5112897053195561,0.2776502104860314,0.6417910447761194,,True
SH605123,80.75001,1.2498736,0.40604668962877916,0.4791427477994642,0.6714504401071565,0.5545350172215844,,True
SH605128,22.89,1.0585508,0.2537313432835821,0.1861844623038653,0.6636050516647531,0.44202066590126293,,True
SH605133,24.579998,1.1874478,0.5799846919249905,0.6570991197856869,0.5497512437810945,0.778798316111749,,True
SH605136,8.62,0.6535153,0.6605434366628397,0.2223497895139686,0.46708763872942977,0.20417145044010715,,True
SH605138,6.1500006,0.33571985,0.4529276693455798,0.25200918484500573,0.39973210868733255,0.03807883658629927,,True
SH605151,18.43,0.30991685,0.19785686949866055,0.12016838882510525,0.24799081515499427,0.34577114427860695,,True
SH605155,14.639999,0.29049957,0.14313050133945657,0.22541140451588212,0.02564102564102564,0.6176808266360505,,True
SH605158,7.7599998,0.55097747,0.3675851511672407,0.31936471488710294,0.6373899732108688,0.05032529659395331,,True
SH605162,11.82,4.9118686,0.902793723689246,0.902793723689246,0.04458476846536548,0.722158438576349,量能水平;量能波动,False
SH605166,8.71,0.40681204,0.2606199770378875,0.5114810562571757,0.4766551856104095,0.41025641025641024,,True
SH605167,16.439999,1.4702523,0.3951396861844623,0.1115575966322235,0.0507079984691925,0.06601607347876004,,True
SH605168,56.18,4.091236,0.790088021431305,0.6316494450822809,0.20283199387677,0.5719479525449674,,True
SH605169,13.000001,0.67177606,0.484883275928052,0.40088021431305015,0.2998469192499043,0.09433601224646,,True
SH605177,24.699999,2.2872963,0.9293915040183697,0.7914274779946422,0.3178339073861462,0.6609261385380788,量能水平,False
SH605178,74.79,2.2436807,0.8086490623804057,0.8354381936471489,0.6653272101033295,0.6865671641791045,量能水平;量能波动,False
SH605179,30.04,6.1185203,0.8597397627248373,0.7671259089169536,0.7141216991963261,0.567929582854956,量能水平,False
SH605180,13.93,0.2982221,0.23402219670876387,0.6494450822809031,0.8616532721010333,0.902793723689246,量能动量;量能比,False
SH605183,16.259998,0.50423086,0.36586299272866435,0.3576349024110218,0.473593570608496,0.3928434749330272,,True
SH605186,27.11,0.44625676,0.1892460773057788,0.6008419441255262,0.9485265977803291,0.73115193264447,量能动量,False
SH605188,13.2699995,3.4958003,0.7345962495216226,0.6058170685036357,0.25774971297359356,0.20799846919249904,,True
SH605189,14.049999,1.0658746,0.6519326444699579,0.4862227324913892,0.4632606199770379,0.317451205510907,,True
SH605196,35.51,4.337219,0.5378874856486797,0.8019517795637199,0.4961729812476081,0.8564867967853043,量能波动;量能比,False
SH605198,70.69,3.3359191,0.28951396861844625,0.5463069269039418,0.6980482204362801,0.8920780711825488,量能比,False
SH605208,14.889999,1.0537785,0.473593570608496,0.667432070417145,0.8781094527363185,0.6377726750861079,量能动量,False
SH605218,15.94,0.5896305,0.3907386146192116,0.7742058936088787,0.9892843474933027,0.8337160352085725,量能动量;量能比,False
SH605222,22.680002,1.8440559,0.802334481438959,0.7064676616915423,0.03750478377344049,0.2743972445464983,量能水平,False
SH605228,11.120001,0.4493069,0.1859931113662457,0.5447761194029851,0.8798316111748947,0.8618446230386528,量能动量;量能比,False
SH605255,61.56,0.37248528,0.010332950631458095,0.03884424033677765,0.1890547263681592,0.6220818982013012,,True
SH605258,42.16,2.1223829,0.8015690776884806,0.893417527745886,0.12610026789131268,0.9341752774588595,量能水平;量能波动;量能比,False
SH605266,15.76,0.28158674,0.36299272866437043,0.19058553386911595,0.44871794871794873,0.33314198239571374,,True
SH605268,9.87,0.28296375,0.22215843857634904,0.3723689246077306,0.7405281285878301,0.2736318407960199,,True
SH605277,17.640001,3.4886236,0.732108687332568,0.5105243015690777,0.12495216226559511,0.08151549942594719,,True
SH605286,25.62,1.2817414,0.5761576731725986,0.5156907768848067,0.6266743207041715,0.04420206659012629,,True
SH605287,36.47,1.4470683,0.6335629544584769,0.51415996938385,0.7590891695369307,0.06314580941446613,,True
SH605288,68.25,1.7084275,0.7361270570225794,0.762724837351703,0.5874473784921546,0.4623038652889399,,True
SH605289,102.579994,2.8006046,0.37543053960964407,0.6088786835055492,0.6597780329123613,0.7154611557596632,,True
SH605296,34.13,1.2627856,0.7520091848450058,0.5560658247225412,0.07539226942212017,0.1760428626100268,,True
SH605298,43.88,0.31648642,0.008419441255262151,0.010715652506697282,0.3467278989667049,0.1993876769996173,,True
SH605299,12.620001,2.0419245,0.6934557979334098,0.33696900114810563,0.18828932261768083,0.06812093379257558,,True
SH605300,10.579999,1.0093714,0.7035973976272484,0.44833524684270953,0.4527363184079602,0.0472636815920398,,True
SH605305,30.929998,1.5951744,0.6557596632223498,0.6343283582089553,0.040183696900114814,0.3622273249138921,,True
SH605318,78.25001,0.7093947,0.04362801377726751,0.10964408725602756,0.6869498660543437,0.7034060466896288,,True
SH605319,23.6,1.2179677,0.32606199770378874,0.4458476846536548,0.16092613853807883,0.5097588978185993,,True
SH605333,16.599998,0.5415895,0.09911978568694986,0.011481056257175661,0.41637964026023727,0.07462686567164178,,True
SH605337,9.13,0.31128618,0.17011098354381937,0.1995790279372369,0.4355147340221967,0.257558362035974,,True
SH605338,17.93,0.35584512,0.15614236509758897,0.19670876387294298,0.7324913892078071,0.6305013394565634,,True
SH605339,13.190001,0.33754048,0.3559127439724455,0.15461155759663223,0.6226559510141599,0.004975124378109453,,True
SH605358,46.9,13.438984,0.6923076923076923,0.7468427095292767,0.899540757749713,0.936280137772675,量能动量;量能比,False
SH605365,14.640001,1.5228099,0.8210868733256793,0.6324148488327593,0.47091465748182165,0.13911213164944508,量能水平,False
SH605366,8.62,1.6995031,0.7139303482587065,0.8337160352085725,0.7271335629544585,0.8899732108687333,量能波动;量能比,False
SH605368,6.6900005,0.30466804,0.30176042862610025,0.04783773440489859,0.19441255262150783,0.14600076540375048,,True
SH605369,17.66,0.28374034,0.1180635285112897,0.3999234596249522,0.4200153080750096,0.7458859548411787,,True
SH605376,141.33,15.729337,0.7631075392269422,0.8185993111366245,0.7158438576349024,0.8656716417910447,量能波动;量能比,False
SH605377,8.190001,0.62380874,0.3805970149253731,0.41350937619594336,0.373134328358209,0.10313815537696135,,True
SH605378,15.2,0.4466264,0.19632606199770378,0.6657099119785687,0.7173746651358591,0.9913892078071183,量能比,False
SH605388,6.27,0.56909406,0.634902411021814,0.852851128970532,0.9205893608878684,0.5417145044010716,量能波动;量能动量,False
SH605389,66.76,0.5800374,0.10753922694221202,0.2814772292384233,0.37791810179869884,0.5681209337925756,,True
SH605398,23.63,1.515875,0.6433218522770762,0.7430156907768848,0.6280137772675086,0.6016073478760046,,True
SH605399,11.43,0.3502864,0.1731725985457329,0.263681592039801,0.2868350554917719,0.22081898201301187,,True
SH605488,30.0,2.0815008,0.5566398775353999,0.6326061997703789,0.08362035973976273,0.710868733256793,,True
SH605499,115.45,5.010357,0.7171833141982396,0.49158055874473783,0.7240719479525449,0.23497895139686184,,True
SH605500,7.4500003,0.296808,0.290088021431305,0.4217374665135859,0.27229238423268276,0.5415231534634519,,True
SH605507,18.26,1.5559112,0.8553386911595867,0.9753157290470723,0.035973976272483735,0.9892843474933027,量能水平;量能波动;量能比,False
SH605555,12.849999,0.58381116,0.44202066590126293,0.7424416379640261,0.8522770761576731,0.7449292001530807,量能动量,False
SH605566,31.659998,1.4922069,0.7879831611174895,0.8978185993111366,0.9793340987370838,0.8208955223880597,量能波动;量能动量;量能比,False
SH605567,9.43,0.54411745,0.548603138155377,0.24378109452736318,0.09931113662456946,0.1792958285495599,,True
SH605580,22.650002,3.6529984,0.6303099885189437,0.6142365097588978,0.0269804822043628,0.7135476463834672,,True
SH605588,47.21,0.44167203,0.21833141982395712,0.242441637964026,0.3744737849215461,0.7703788748564868,,True
SH605589,40.579998,11.360766,0.9860313815537696,0.9781859931113662,0.37332567929582855,0.9114045158821278,量能水平;量能波动;量能比,False
SH605598,25.04,0.6169358,0.17776502104860314,0.09624952162265595,0.323574435514734,0.4890929965556831,,True
SH605599,13.999999,1.1909305,0.5428626100267891,0.18848067355530043,0.17508610792192883,0.016073478760045924,,True
SH688001,73.36,7.6936607,0.9691924990432453,0.864140834290088,0.5091848450057406,0.7125908916953693,量能水平;量能波动,False
SH688002,186.8,18.929443,0.9517795637198623,0.6460007654037505,0.48584003061615,0.2967853042479908,量能水平,False
SH688003,81.85,3.5569437,0.7803291236127057,0.6452353616532721,0.41733639494833524,0.35706084959816303,,True
SH688004,34.739998,1.9836918,0.9586681974741676,0.9812476081132797,0.5704171450440108,0.9988518943742825,量能水平;量能波动;量能比,False
SH688005,23.890001,2.1131084,0.8608878683505549,0.7259854573287409,0.25239188672024493,0.5206659012629162,量能水平,False
SH688006,21.019999,1.7900546,0.8878683505549178,0.6965174129353234,0.04075774971297359,0.18350554917719097,量能水平,False
SH688007,11.22,0.613362,0.8099885189437428,0.9772292384232683,0.9131266743207042,0.9768465365480291,量能水平;量能波动;量能动量;量能比,False
SH688008,221.83,69.10615,0.9984691924990432,0.9992345962495216,0.927860696517413,0.8473019517795637,量能水平;量能波动;量能动量;量能比,False
SH688009,4.6800003,1.2383299,0.8436662839647914,0.6972828166858017,0.13719862227324914,0.34060466896287794,量能水平,False
SH688010,28.069998,1.1322739,0.7755453501722158,0.9089169536930731,0.7192881745120551,0.9192499043245312,量能波动;量能比,False
SH688011,76.01,1.7644949,0.7183314198239571,0.7541140451588213,0.3136241867585151,0.8243398392652124,量能比,False
SH688012,350.06,49.264313,0.9779946421737467,0.9714887102946804,0.4293915040183697,0.7925755836203597,量能水平;量能波动,False
SH688013,24.699999,0.28786337,0.25181783390738616,0.2502870264064294,0.8233830845771144,0.7326827401454267,量能动量,False
SH688015,16.75,0.2173571,0.2736318407960199,0.31285878300803677,0.5786452353616532,0.22541140451588212,,True
SH688016,85.58,1.0248756,0.6192116341370073,0.47588978185993114,0.40317642556448524,0.12093379257558362,,True
SH688017,288.91,15.659895,0.8149636433218522,0.6561423650975889,0.7508610792192881,0.5908916953693073,量能水平,False
SH688018,123.600006,5.191713,0.7954458476846537,0.9626865671641791,0.9866054343666284,0.8800229621125144,量能波动;量能动量;量能比,False
SH688019,232.88,11.035443,0.8249138920780712,0.5424799081515499,0.5771144278606966,0.7560275545350172,量能水平,False
SH688020,156.3,7.907508,0.9561806352851129,0.8230003827018753,0.09491006505931879,0.5300420972062763,量能水平;量能波动,False
SH688021,20.02,0.27222553,0.26578645235361653,0.22120168388825107,0.3231917336394948,0.7874091083046307,,True
SH688023,48.889996,1.8520086,0.850937619594336,0.870264064293915,0.18522770761576732,0.7370838117106774,量能水平;量能波动,False
SH688025,440.11002,13.234467,0.7673172598545733,0.8084577114427861,0.44756984309223113,0.7883658629927287,量能波动,False
SH688026,27.029999,1.9026934,0.8947569843092231,0.9804822043628014,0.9569460390355913,0.7541140451588213,量能水平;量能波动;量能动量,False
SH688027,355.88,4.04618,0.925947187141217,0.8270187523918867,0.43417527745885953,0.5101415996938385,量能水平;量能波动,False
SH688028,124.22001,10.878864,0.9064293915040184,0.7927669345579793,0.42441637964026024,0.6314580941446614,量能水平,False
SH688029,85.229996,2.019615,0.7732491389207807,0.8696900114810563,0.04190585533869116,0.8126674320704171,量能波动;量能比,False
SH688030,19.439999,0.7584712,0.782051282051282,0.6651358591657099,0.1111748947569843,0.8939915805587447,量能比,False
SH688031,111.31,6.985907,0.9458476846536548,0.9001148105625718,0.24913892078071181,0.3723689246077306,量能水平;量能波动,False
SH688032,69.92,0.6096283,0.7703788748564868,0.30214313050133945,0.5803673938002296,0.0644852659778033,,True
SH688033,7.2900004,0.3802694,0.8073096058170685,0.7062763107539227,0.008036739380022962,0.16781477229238423,量能水平,False
SH688035,82.62,5.108202,0.952353616532721,0.9012629161882894,0.68867202449292,0.7942977420589361,量能水平;量能波动,False
SH688036,56.800003,5.1880946,0.8955223880597015,0.9469957902793724,0.9094910065059318,0.6706850363566782,量能水平;量能波动;量能动量,False
SH688037,361.50003,14.369818,0.6431305013394566,0.5753922694221202,0.24378109452736318,0.737275162648297,,True
SH688038,19.73,0.3224514,0.33562954458476846,0.3178339073861462,0.700918484500574,0.6320321469575201,,True
SH688039,34.120003,1.140222,0.7659778032912361,0.6450440107156525,0.751435132032147,0.14714887102946805,,True
SH688041,256.0,47.204704,0.9915805587447378,0.9955989284347493,0.9177190968235744,0.8578262533486414,量能水平;量能波动;量能动量;量能比,False
SH688045,60.230003,0.9969903,0.6000765403750479,0.6086873325679296,0.6134711060084195,0.7164179104477612,,True
SH688046,37.73,3.4306626,0.7686567164179104,0.17642556448526597,0.6310753922694221,0.8143895905089935,量能比,False
SH688047,107.1,3.5457082,0.8836586299272866,0.9684270952927669,0.9580941446613088,0.8691159586681975,量能水平;量能波动;量能动量;量能比,False
SH688048,351.89,30.39954,0.9619211634137007,0.9414466130884042,0.29238423268274016,0.8082663605051664,量能水平;量能波动;量能比,False
SH688049,44.98,2.62908,0.9035591274397244,0.9846919249904325,0.9856486796785304,0.8450057405281286,量能水平;量能波动;量能动量;量能比,False
SH688050,38.95,0.7977558,0.8543819364714887,0.8616532721010333,0.6988136241867585,0.6151932644469957,量能水平;量能波动,False
SH688051,26.24,0.43425173,0.7906620742441638,0.8101798698813624,0.43742824339839265,0.9424033677765021,量能波动;量能比,False
SH688052,255.50002,5.72034,0.9328358208955224,0.9261385380788366,0.7210103329506314,0.6356678147722924,量能水平;量能波动,False
SH688053,40.05,0.24732313,0.1798698813624187,0.1993876769996173,0.8034825870646766,0.6685801760428626,量能动量,False
SH688055,3.78,0.30722478,0.4931113662456946,0.19479525449674703,0.5472636815920398,0.5652506697282816,,True
SH688056,44.100002,0.37844968,0.2336394948335247,0.4050899349406812,0.8983926521239954,0.7851128970531955,量能动量,False
SH688057,18.25,0.6982006,0.6756601607347876,0.7975507079984692,0.7014925373134329,0.7921928817451206,,True
SH688058,25.97,0.30162948,0.3884424033677765,0.49502487562189057,0.44737849215461156,0.40470723306544204,,True
SH688059,90.15,3.2607446,0.6048603138155377,0.6259089169536931,0.6603520857252201,0.5841944125526215,,True
SH688061,45.45,1.6026669,0.8097971680061232,0.7531572904707233,0.4701492537313433,0.48679678530424797,量能水平,False
SH688062,28.2,1.8213226,0.7357443551473403,0.7956371986222732,0.836777650210486,0.7722923842326828,量能动量,False
SH688063,41.67,1.877114,0.9743589743589743,0.9334098737083811,0.47493302717183317,0.6607347876004592,量能水平;量能波动,False
SH688065,38.6,1.8478959,0.9475698430922311,0.8536165327210103,0.1482969766551856,0.5508993494068121,量能水平;量能波动,False
SH688066,8.5,0.65759224,0.8480673555300421,0.9052812858783008,0.6984309223115194,0.7847301951779564,量能水平;量能波动,False
SH688067,23.7,0.23706003,0.2200535782625335,0.1519326444699579,0.16590126291618829,0.6262916188289323,,True
SH688068,96.649994,2.1412094,0.5866819747416763,0.7791810179869881,0.8237657864523537,0.9104477611940298,量能动量;量能比,False
SH688069,38.899998,0.84378487,0.4831611174894757,0.8252965939533103,0.9559892843474933,0.777841561423651,量能波动;量能动量,False
SH688070,35.86,0.52871007,0.5110983543819365,0.6486796785304249,0.9050899349406812,0.8572522005357827,量能动量;量能比,False
SH688071,36.04,0.6737369,0.5170302334481439,0.722158438576349,0.9508228090317643,0.8417527745885954,量能动量;量能比,False
SH688072,722.46,28.590387,0.7606199770378875,0.7916188289322618,0.06123230003827019,0.8427095292766934,量能比,False
SH688073,76.1,3.0923657,0.8061615001913509,0.6201683888251053,0.7079984691924991,0.835820895522388,量能水平;量能比,False
SH688076,28.539997,0.55065274,0.582089552238806,0.4900497512437811,0.5531955606582473,0.7332567929582855,,True
SH688077,30.4,0.5559861,0.49980864906238043,0.8115193264446996,0.9756984309223116,0.866054343666284,量能波动;量能动量;量能比,False
SH688078,31.199999,0.44401377,0.47053195560658245,0.6628396479142747,0.8120933792575583,0.8576349024110218,量能动量;量能比,False
SH688079,17.079998,1.9093279,0.8849980864906238,0.9705319556065825,0.8980099502487562,0.9684270952927669,量能水平;量能波动;量能动量;量能比,False
SH688080,38.78,0.35727015,0.5313815537696135,0.5954841178721776,0.7638729429774206,0.6218905472636815,,True
SH688081,26.65,0.44846216,0.39265212399540755,0.41599693838499807,0.2638729429774206,0.44795254496747033,,True
SH688082,288.61002,11.115574,0.9460390355912744,0.8882510524301569,0.32185227707615766,0.8094144661308841,量能水平;量能波动;量能比,False
SH688083,52.539997,0.9603074,0.858017604286261,0.6769996172981247,0.7135476463834672,0.1794871794871795,量能水平,False
SH688084,44.8,0.6997586,0.6704936854190585,0.2525832376578645,0.2202449292001531,0.10600841944125526,,True
SH688085,13.140001,0.2953585,0.31132797550707997,0.37045541523153463,0.24186758515116724,0.736318407960199,,True
SH688087,34.28,0.7486342,0.6083046306926904,0.7112514351320322,0.8484500574052812,0.46708763872942977,量能动量,False
SH688088,30.39,1.2875637,0.8568694986605434,0.8658629927286644,0.8827018752391886,0.44661308840413316,量能水平;量能波动;量能动量,False
SH688090,86.26,6.8518662,0.9140834290088021,0.914657481821661,0.26444699579027936,0.7705702257941064,量能水平;量能波动,False
SH688091,41.41,1.2242397,0.466513585916571,0.643895905089935,0.8951396861844623,0.20187523918867203,量能动量,False
SH688093,23.21,0.47045535,0.23191733639494833,0.36873325679295826,0.7749712973593571,0.34022196708763874,,True
SH688095,59.65,1.9637476,0.9498660543436663,0.9592422502870264,0.8855721393034826,0.39667049368541907,量能水平;量能波动;量能动量,False
SH688096,7.5800004,0.56855947,0.5685036356678148,0.6379640260237275,0.6171067738231917,0.5884041331802525,,True
SH688097,45.75,2.526532,0.6102181400688863,0.5530042097206276,0.8260619977037887,0.6347110600841944,量能动量,False
SH688098,8.82,0.2134143,0.535399923459625,0.8714121699196326,0.9582854955989284,0.9332185227707616,量能波动;量能动量;量能比,False
SH688099,94.65,7.306681,0.9911978568694987,0.9934940681209338,0.9284347493302717,0.7994642173746651,量能水平;量能波动;量能动量,False
SH688100,25.13,0.5644216,0.5017221584385764,0.3805970149253731,0.3786835055491772,0.1519326444699579,,True
SH688101,14.63,0.27635586,0.28836586299272865,0.3425181783390739,0.7378492154611558,0.6150019135093762,,True
SH688102,32.14,3.3279161,0.6104094910065059,0.7416762342135477,0.9006888633754305,0.7097206276310754,量能动量,False
SH688103,82.659996,1.5253408,0.7016838882510524,0.7724837351703023,0.8482587064676617,0.789131266743207,量能动量,False
SH688105,26.45,2.6016865,0.9739762724837352,0.9959816303099885,0.9910065059318791,0.9297742058936089,量能水平;量能波动;量能动量;量能比,False
SH688106,27.140001,4.551696,0.9642173746651359,0.945273631840796,0.4496747034060467,0.6710677382319173,量能水平;量能波动,False
SH688107,30.61,1.6596023,0.9173363949483353,0.8356295445847685,0.5866819747416763,0.6343283582089553,量能水平;量能波动,False
SH688108,16.08,1.2365187,0.7418675851511672,0.779755070799847,0.8354381936471489,0.6791044776119403,量能动量,False
SH688109,73.4,0.48327467,0.22445464982778415,0.3947569843092231,0.42403367776502104,0.7273249138920781,,True
SH688110,123.450005,16.61969,0.9695752009184845,0.9383849980864907,0.668388825105243,0.6184462303865289,量能水平;量能波动,False
SH688111,231.32,12.571895,0.9693838499808649,0.9491006505931879,0.8201301186375813,0.5796019900497512,量能水平;量能波动;量能动量,False
SH688112,105.01,3.3402023,0.8689246077305779,0.9802908534251817,0.9917719096823574,0.96230386528894,量能水平;量能波动;量能动量;量能比,False
SH688113,36.399998,0.2259456,0.2426329889016456,0.45484117872177576,0.9008802143130501,0.6195943360122464,量能动量,False
SH688114,74.0,6.1323085,0.9873708381171068,0.986796785304248,0.5604668962877918,0.8997321086873326,量能水平;量能波动;量能比,False
SH688115,62.96,1.268826,0.43819364714887105,0.6148105625717566,0.7447378492154612,0.8245311902028319,量能比,False
SH688116,33.879997,2.0829613,0.7985074626865671,0.5158821278224264,0.263681592039801,0.3249138920780712,,True
SH688117,19.99,1.5100697,0.7162265595101416,0.9877535399923459,0.9994259471871412,0.9837351703023345,量能波动;量能动量;量能比,False
SH688118,20.41,0.45244256,0.5342518178339074,0.5922311519326444,0.7110600841944126,0.3471106008419441,,True
SH688119,3.8700001,0.35281673,0.6109835438193647,0.4663222349789514,0.21756601607347875,0.42365097588978184,,True
SH688120,254.95001,19.876593,0.9133180252583237,0.9525449674703406,0.16169154228855723,0.9043245311902028,量能水平;量能波动;量能比,False
SH688122,50.940002,4.1004725,0.8754305396096441,0.5348258706467661,0.3742824339839265,0.46421737466513585,量能水平,False
SH688123,171.19998,11.129444,0.9395331037122082,0.9835438193647149,0.9012629161882894,0.8947569843092231,量能水平;量能波动;量能动量;量能比,False
SH688125,127.71001,1.1017482,0.23861461921163413,0.16590126291618829,0.5809414466130884,0.6902028319938768,,True
SH688126,24.740002,11.372005,0.9527363184079602,0.9550325296593953,0.627822426329889,0.9052812858783008,量能水平;量能波动;量能比,False
SH688127,68.12,6.100112,0.8796402602372752,0.7895139686184462,0.6647531572904707,0.7242632988901646,量能水平,False
SH688128,22.119999,0.35403612,0.22101033295063147,0.21412169919632607,0.44163796402602373,0.2935323383084577,,True
SH688129,24.59,0.23431544,0.1794871794871795,0.5553004209720628,0.9351320321469575,0.7654037504783774,量能动量,False
SH688130,27.4,0.4475294,0.3746651358591657,0.4146574818216609,0.9087256027554536,0.9456563337160352,量能动量;量能比,False
SH688131,100.48,3.7299085,0.9347493302717184,0.938193647148871,0.8587830080367393,0.7701875239188672,量能水平;量能波动;量能动量,False
SH688132,16.36,0.44863325,0.43704554152315345,0.6775736701109836,0.6798698813624187,0.822617680826636,量能比,False
SH688133,22.019999,0.9757006,0.711825487944891,0.8461538461538461,0.8115193264446996,0.6758515116724072,量能波动;量能动量,False
SH688135,38.5,6.438773,0.9789513968618446,0.9869881362418675,0.7238805970149254,0.9054726368159204,量能水平;量能波动;量能比,False
SH688136,25.2,1.7522006,0.8920780711825488,0.979716800612323,0.9896670493685419,0.8723689246077305,量能水平;量能波动;量能动量;量能比,False
SH688137,124.5,6.457591,0.9582854955989284,0.8698813624186759,0.5044010715652507,0.8922694221201684,量能水平;量能波动;量能比,False
SH688138,39.5,3.1147707,0.73115193264447,0.7523918867202449,0.6898201301186376,0.6467661691542289,,True
SH688139,34.79,1.2241646,0.602372751626483,0.8959050899349407,0.9686184462303865,0.8991580558744738,量能波动;量能动量;量能比,False
SH688141,116.46,14.537411,0.966513585916571,0.9624952162265595,0.6224646000765404,0.7711442786069652,量能水平;量能波动,False
SH688143,197.02,26.769053,0.9569460390355913,0.6710677382319173,0.5524301569077689,0.38384998086490624,量能水平,False
SH688146,214.61,28.189837,0.9601990049751243,0.9657481821660926,0.7449292001530807,0.8876769996172982,量能水平;量能波动;量能比,False
SH688147,115.50001,10.420168,0.8471106008419441,0.8710294680443934,0.1685801760428626,0.7323000382701875,量能水平;量能波动,False
SH688148,6.04,0.72796017,0.9261385380788366,0.6959433601224646,0.1959433601224646,0.40604668962877916,量能水平,False
SH688150,44.59,3.4935975,0.7225411404515882,0.6549942594718714,0.23057787983161118,0.8272101033295063,量能比,False
SH688151,17.22,0.72599286,0.7665518561040949,0.6792958285495599,0.07271335629544584,0.3922694221201684,,True
SH688152,37.32,2.040855,0.9653654802908535,0.8059701492537313,0.10409491006505932,0.22464600076540375,量能水平;量能波动,False
SH688153,26.62,0.9247688,0.7070417145044011,0.5941446613088404,0.8869115958668198,0.3451970914657482,量能动量,False
SH688155,53.3,1.6969687,0.7577497129735936,0.7703788748564868,0.0024875621890547263,0.3851894374282434,,True
SH688156,23.67,1.0970192,0.6762342135476463,0.571182548794489,0.3384998086490624,0.15212399540757748,,True
SH688157,19.74,0.48186463,0.560849598163031,0.600459242250287,0.788174512055109,0.31955606582472257,,True
SH688158,30.830002,3.872436,0.9875621890547264,0.9923459624952162,0.9242250287026407,0.7185227707615768,量能水平;量能波动;量能动量,False
SH688159,37.600002,1.266512,0.7933409873708381,0.8346727898966705,0.12705702257941065,0.9024110218140069,量能波动;量能比,False
SH688160,97.200005,1.1082425,0.38920780711825487,0.36337543053960963,0.15442020665901263,0.6662839647914275,,True
SH688161,21.980001,0.29008913,0.6659012629161883,0.5426712590891696,0.5264064293915041,0.3982013011863758,,True
SH688162,25.029999,0.27463624,0.5671641791044776,0.5220053578262533,0.7675086107921929,0.33352468427095294,,True
SH688163,38.7,0.34259197,0.29181017986988134,0.4290088021431305,0.9033677765021049,0.8285495598928435,量能动量;量能比,False
SH688165,15.110001,0.77718246,0.7223497895139687,0.6990049751243781,0.7803291236127057,0.7386146192116342,,True
SH688166,36.81,3.7375593,0.8888251052430157,0.8673938002296211,0.8614619211634137,0.6664753157290471,量能水平;量能波动;量能动量,False
SH688167,295.74,26.573322,0.9921546115575967,0.966513585916571,0.14102564102564102,0.2508610792192882,量能水平;量能波动,False
SH688168,45.55,2.564452,0.9617298124760811,0.90566398775354,0.43532338308457713,0.9211634137007272,量能水平;量能波动;量能比,False
SH688169,117.5,7.640169,0.9770378874856487,0.9150401836969001,0.20302334481438958,0.16647531572904709,量能水平;量能波动,False
SH688170,67.66,4.844864,0.8034825870646766,0.5880214313050134,0.21890547263681592,0.5430539609644087,量能水平,False
SH688171,22.65,0.38060105,0.22483735170302335,0.599502487562189,0.7751626482969767,0.8073096058170685,量能比,False
SH688172,46.980003,6.618178,0.8945656333716036,0.8497895139686185,0.4324531190202832,0.5849598163030999,量能水平;量能波动,False
SH688173,13.35,1.1637356,0.9182931496364333,0.8025258323765786,0.6875239188672024,0.7131649445082281,量能水平;量能波动,False
SH688175,23.24,0.8882711,0.5964408725602756,0.8913126674320704,0.9653654802908535,0.9557979334098737,量能波动;量能动量;量能比,False
SH688176,14.92,1.7137587,0.8207041714504401,0.9728281668580177,0.9668962877918101,0.8557213930348259,量能水平;量能波动;量能动量;量能比,False
SH688177,21.100002,0.656306,0.8050133945656334,0.9789513968618446,0.9919632606199771,0.9418293149636433,量能水平;量能波动;量能动量;量能比,False
SH688178,29.679998,0.37803587,0.41523153463451973,0.28128587830080365,0.4852659778032912,0.6961347110600842,,True
SH688179,23.099998,2.164364,0.6748947569843092,0.9456563337160352,0.9837351703023345,0.9600076540375048,量能波动;量能动量;量能比,False
SH688180,35.43,4.122881,0.9965556831228473,0.9971297359357061,0.9435514734022197,0.6712590891695369,量能水平;量能波动;量能动量,False
SH688181,44.27,3.355766,0.9029850746268657,0.8362035973976273,0.2876004592422503,0.8865288939915805,量能水平;量能波动;量能比,False
SH688182,29.19,1.2118759,0.5045924225028703,0.23249138920780713,0.4094910065059319,0.6186375813241485,,True
SH688183,118.19,25.48961,0.9247990815154994,0.6400688863375431,0.29716800612323,0.48545732874091085,量能水平,False
SH688185,79.740005,7.5229797,0.9998086490623804,0.9996172981247609,0.9366628396479143,0.6739380022962113,量能水平;量能波动;量能动量,False
SH688186,14.26,0.35135284,0.6444699579027937,0.4927286643704554,0.28492154611557596,0.6178721775736701,,True
SH688187,46.039997,1.5865834,0.7625334864140835,0.44527363184079605,0.6858017604286261,0.3893991580558745,,True
SH688188,97.13,1.8119315,0.6081132797550708,0.4732108687332568,0.6731725985457329,0.42824339839265213,,True
SH688190,73.56,0.60377717,0.587256027554535,0.736318407960199,0.8706467661691543,0.6984309223115194,量能动量,False
SH688191,23.15,1.2225444,0.4123612705702258,0.6161500191350937,0.8825105243015691,0.7265595101415997,量能动量,False
SH688192,61.359997,2.7987666,0.788174512055109,0.8063528511289705,0.7072330654420207,0.5447761194029851,量能波动,False
SH688193,48.379997,0.2003394,0.12476081132797551,0.19039418293149638,0.4393417527745886,0.5422885572139303,,True
SH688195,194.76,23.95502,0.7652123995407577,0.695752009184845,0.6262916188289323,0.38997321086873327,,True
SH688196,35.7,0.8951304,0.6220818982013012,0.5993111366245695,0.5258323765786452,0.19747416762342135,,True
SH688197,39.079998,0.9095987,0.5156907768848067,0.7265595101415997,0.9230769230769231,0.8352468427095293,量能动量;量能比,False
SH688198,72.869995,0.3974223,0.02870264064293915,0.17011098354381937,0.8048220436280138,0.3584003061615002,量能动量,False
SH688199,25.23,0.98195183,0.7724837351703023,0.769804822043628,0.3614619211634137,0.8015690776884806,量能比,False
SH688200,389.59,15.014589,0.9240336777650211,0.9519709146574818,0.7512437810945274,0.9018369690011481,量能水平;量能波动;量能比,False
SH688201,7.9,0.20818336,0.18446230386528895,0.3241484883275928,0.08993494068120934,0.812284730195178,量能比,False
SH688202,109.86,6.526771,0.8296976655185611,0.4619211634137007,0.3451970914657482,0.6289705319556066,量能水平,False
SH688203,20.88,1.3983768,0.7629161882893226,0.9054726368159204,0.9820130118637581,0.8978185993111366,量能波动;量能动量;量能比,False
SH688205,224.20999,29.301233,0.9559892843474933,0.9483352468427095,0.7575583620359739,0.42154611557596633,量能水平;量能波动,False
SH688206,38.05,3.2177753,0.899540757749713,0.8972445464982779,0.5945273631840796,0.7020665901262916,量能水平;量能波动,False
SH688207,20.37,2.0605114,0.8738997321086873,0.8830845771144279,0.8911213164944508,0.7770761576731726,量能水平;量能波动;量能动量,False
SH688208,26.13,1.9799782,0.903750478377344,0.9424033677765021,0.9699579027937237,0.4739762724837352,量能水平;量能波动;量能动量,False
SH688209,36.07,9.284192,0.9624952162265595,0.9538844240336778,0.16475315729047071,0.3817451205510907,量能水平;量能波动,False
SH688210,30.41,1.6459836,0.6370072713356295,0.5541523153463452,0.27956371986222733,0.30884041331802525,,True
SH688211,32.54,0.21366309,0.33237657864523534,0.6731725985457329,0.8566781477229238,0.911787217757367,量能动量;量能比,False
SH688212,28.89,0.5958953,0.4789513968618446,0.6029468044393418,0.8582089552238806,0.459433601224646,量能动量,False
SH688213,96.939995,4.775726,0.8668197474167624,0.9498660543436663,0.9747416762342136,0.927860696517413,量能水平;量能波动;量能动量;量能比,False
SH688215,47.870003,0.6045536,0.31190202831993874,0.3585916570991198,0.3346727898966705,0.5769230769230769,,True
SH688216,40.879997,2.555339,0.9494833524684271,0.9716800612323,0.02123995407577497,0.94814389590509,量能水平;量能波动;量能比,False
SH688217,25.38,0.21774758,0.5501339456563337,0.6117489475698431,0.25430539609644087,0.7368924607730578,,True
SH688218,41.030003,1.1907777,0.5288939915805587,0.7569843092231152,0.618828932261768,0.9244163796402602,量能比,False
SH688219,10.340001,0.43240148,0.7194795254496748,0.6475315729047072,0.696708763872943,0.33390738614619214,,True
SH688220,101.43,7.010876,0.9800995024875622,0.9917719096823574,0.8813624186758515,0.8170685036356679,量能水平;量能波动;量能动量;量能比,False
SH688221,17.47,2.4802353,0.932070417145044,0.951396861844623,0.8886337543053962,0.6019900497512438,量能水平;量能波动;量能动量,False
SH688222,44.4,7.323413,0.9864140834290088,0.9818216609261385,0.9512055109070034,0.965556831228473,量能水平;量能波动;量能动量;量能比,False
SH688223,3.88,2.8208425,0.9735935706084959,0.9263298890164562,0.5602755453501722,0.5005740528128588,量能水平;量能波动,False
SH688225,14.7699995,1.2413297,0.9077688480673556,0.802334481438959,0.11595866819747416,0.7868350554917719,量能水平;量能波动,False
SH688226,29.58,1.5873189,0.5753922694221202,0.5053578262533487,0.4894756984309223,0.4301569077688481,,True
SH688227,77.92,2.0944965,0.5470723306544202,0.7481821660926139,0.9496747034060466,0.7918101798698813,量能动量,False
SH688228,85.27,1.3546298,0.6997703788748565,0.6995790279372369,0.7357443551473403,0.25564485265977804,,True
SH688229,63.34,0.4209434,0.4829697665518561,0.5147340221967087,0.7669345579793341,0.1991963260619977,,True
SH688230,61.989998,0.728781,0.6144278606965174,0.5619977037887486,0.8848067355530043,0.5933792575583621,量能动量,False
SH688231,34.77,1.7166905,0.6982395713738997,0.7516264829697665,0.8107539226942212,0.527363184079602,量能动量,False
SH688232,17.85,0.36444655,0.5309988518943742,0.6274397244546498,0.8893991580558744,0.41446613088404133,量能动量,False
SH688233,102.0,7.490352,0.9590508993494068,0.928817451205511,0.5675468809797168,0.8331419823957137,量能水平;量能波动;量能比,False
SH688234,109.4,7.486314,0.9649827784156142,0.9416379640260237,0.7374665135859165,0.8616532721010333,量能水平;量能波动;量能比,False
SH688235,268.66,8.145683,0.946230386528894,0.9556065824722542,0.8474933027171833,0.6563337160352086,量能水平;量能波动;量能动量,False
SH688236,14.150001,0.25803274,0.302334481438959,0.2676999617298125,0.7826253348641409,0.4251817833907386,,True
SH688237,59.56,0.85983497,0.5755836203597398,0.7066590126291619,0.8407960199004975,0.6574818216609262,量能动量,False
SH688238,7.8399997,1.4395204,0.9048985840030617,0.9621125143513203,0.9552238805970149,0.9098737083811711,量能水平;量能波动;量能动量;量能比,False
SH688239,57.48,4.0088525,0.81132797550708,0.6729812476081133,0.23249138920780713,0.3880597014925373,量能水平,False
SH688244,17.41,0.947792,0.6044776119402985,0.709911978568695,0.06792958285495598,0.9875621890547264,量能比,False
SH688246,18.130001,0.37437427,0.5478377344048986,0.8036739380022963,0.9433601224646001,0.8130501339456563,量能波动;量能动量;量能比,False
SH688247,10.01,0.50420994,0.44910065059318793,0.6636050516647531,0.8691159586681975,0.9064293915040184,量能动量;量能比,False
SH688248,50.55,2.4727623,0.6829314963643321,0.8207041714504401,0.8626100267891312,0.8972445464982779,量能波动;量能动量;量能比,False
SH688249,36.61,6.3748174,0.9006888633754305,0.8679678530424799,0.5103329506314581,0.5774971297359357,量能水平;量能波动,False
SH688251,19.11,0.41523713,0.4324531190202832,0.581132797550708,0.844814389590509,0.8821278224263299,量能动量;量能比,False
SH688252,21.659998,0.86106914,0.5112897053195561,0.3746651358591657,0.6077305778798316,0.5878300803673938,,True
SH688253,57.670002,0.77890855,0.26406429391504016,0.28568694986605436,0.5363566781477229,0.42479908151549944,,True
SH688255,26.66,0.60673875,0.5103329506314581,0.4781859931113662,0.7518178339073861,0.4911978568694987,,True
SH688256,1121.0,100.141975,0.9940681209337926,0.9856486796785304,0.2062763107539227,0.7171833141982396,量能水平;量能波动,False
SH688257,58.42,7.3780346,0.756601607347876,0.7324913892078071,0.3543819364714887,0.8189820130118638,量能比,False
SH688258,94.33,3.0336273,0.6473402219670876,0.8455797933409873,0.9563719862227325,0.7072330654420207,量能波动;量能动量,False
SH688259,32.38,0.3253462,0.40432453119020284,0.3989667049368542,0.8652889399158056,0.5598928434749331,量能动量,False
SH688260,117.00001,7.2993407,0.7745885954841178,0.6331802525832376,0.4992345962495216,0.8685419058553386,量能比,False
SH688261,78.74,3.3463695,0.8926521239954076,0.9862227324913893,0.9458476846536548,0.9781859931113662,量能水平;量能波动;量能动量;量能比,False
SH688262,28.599998,2.031813,0.8346727898966705,0.8633754305396096,0.8872942977420589,0.6756601607347876,量能水平;量能波动;量能动量,False
SH688265,51.999996,1.032373,0.7368924607730578,0.9242250287026407,0.9894756984309223,0.9483352468427095,量能波动;量能动量;量能比,False
SH688266,118.579994,4.2031145,0.8587830080367393,0.9043245311902028,0.7862610026789131,0.6681974741676234,量能水平;量能波动,False
SH688267,22.599998,0.5765155,0.5195177956371986,0.6754688097971681,0.6375813241484883,0.9584768465365481,量能比,False
SH688268,134.68001,6.9211392,0.8427095292766934,0.7355530042097206,0.5551090700344432,0.5394182931496364,量能水平,False
SH688269,27.74,0.4818955,0.5392269422120168,0.7866437045541523,0.8398392652123995,0.7035973976272484,量能动量,False
SH688270,57.48,2.7629335,0.5656333716035209,0.46096440872560274,0.12743972445464982,0.5449674703406047,,True
SH688271,102.36,3.5333214,0.9634519709146575,0.8124760811327976,0.5309988518943742,0.4316877152698048,量能水平;量能波动,False
SH688272,29.46,0.3707256,0.3788748564867968,0.46880979716800614,0.9236509758897818,0.585342518178339,量能动量,False
SH688273,30.41,0.31779528,0.25908916953693073,0.4380022962112514,0.6446613088404133,0.7535399923459625,,True
SH688275,69.799995,2.516258,0.9439341752774588,0.8067355530042097,0.3107539226942212,0.162265595101416,量能水平;量能波动,False
SH688276,18.24,0.738875,0.9500574052812859,0.9913892078071183,0.9883275928052048,0.8819364714887103,量能水平;量能波动;量能动量;量能比,False
SH688277,15.8,0.67993265,0.9158055874473785,0.9640260237275162,0.884424033677765,0.6731725985457329,量能水平;量能波动;量能动量,False
SH688278,52.14,1.5872387,0.5700344431687715,0.48832759280520477,0.35648679678530426,0.5103329506314581,,True
SH688279,215.95,4.068795,0.6752774588595484,0.7828166858017604,0.06869498660543437,0.7013011863758133,,True
SH688280,5.0,0.46273947,0.7213930348258707,0.5143513203214696,0.6496364332185228,0.38461538461538464,,True
SH688281,51.800003,1.7359118,0.7129735935706085,0.70283199387677,0.6163413700727134,0.3015690776884807,,True
SH688282,53.62,0.38329077,0.22196708763872944,0.23708381171067738,0.2093379257558362,0.33735170302334483,,True
SH688283,30.39,0.4147462,0.2131649445082281,0.7470340604668962,0.9542671259089169,0.946230386528894,量能动量;量能比,False
SH688286,49.730003,1.9909418,0.9716800612323,0.9343666283964791,0.4856486796785304,0.48258706467661694,量能水平;量能波动,False
SH688288,19.65,0.2763237,0.26903941829314965,0.6243781094527363,0.9280520474550326,0.5905089934940682,量能动量,False
SH688289,16.63,0.7615324,0.8907386146192117,0.9077688480673556,0.662265595101416,0.5342518178339074,量能水平;量能波动,False
SH688290,63.329998,0.49133635,0.0742441637964026,0.32261768082663606,0.6800612323000382,0.7611940298507462,,True
SH688292,22.369999,1.0818716,0.5958668197474167,0.8247225411404516,0.3388825105243016,0.9709146574818217,量能波动;量能比,False
SH688293,75.43,3.705325,0.9466130884041332,0.8153463451970915,0.45369307309605816,0.8348641408342901,量能水平;量能波动;量能比,False
SH688295,37.86,1.6841908,0.7275162648296977,0.8157290470723306,0.48048220436280137,0.8101798698813624,量能波动;量能比,False
SH688296,27.859999,1.8298305,0.8245311902028319,0.8800229621125144,0.27535399923459625,0.9326444699579028,量能水平;量能波动;量能比,False
SH688297,43.699997,4.739874,0.9647914274779946,0.8532338308457711,0.23555300420972064,0.08706467661691543,量能水平;量能波动,False
SH688298,18.99,0.24641414,0.5847684653654803,0.7240719479525449,0.9293915040183697,0.8817451205510907,量能动量;量能比,False
SH688299,13.809999,0.57784915,0.4785686949866054,0.7409108304630693,0.9167623421354765,0.8494068120933792,量能动量;量能比,False
SH688300,177.21,28.270489,0.8281668580176043,0.6362418675851512,0.15480290853425183,0.22502870264064295,量能水平,False
SH688301,96.27,3.7005022,0.7273249138920781,0.9318790662074244,0.9546498277841562,0.8605051664753157,量能波动;量能动量;量能比,False
SH688302,33.600002,0.47236148,0.2671259089169537,0.5451588212782242,0.8987753539992346,0.6253348641408343,量能动量,False
SH688303,16.460001,1.2589374,0.9265212399540758,0.9496747034060466,0.9202066590126292,0.587256027554535,量能水平;量能波动;量能动量,False
SH688305,57.659996,1.5915872,0.8101798698813624,0.7441637964026023,0.5635285112897053,0.19823957137389972,量能水平,False
SH688306,9.860001,0.81228334,0.38978185993111364,0.8614619211634137,0.9712973593570609,0.981630309988519,量能波动;量能动量;量能比,False
SH688307,48.37,1.6145124,0.6157673172598546,0.49866054343666283,0.4718714121699196,0.6215078453884424,,True
SH688308,87.54,7.508368,0.8308457711442786,0.530233448143896,0.36031381553769615,0.40891695369307307,量能水平,False
SH688309,78.01,1.5341427,0.7326827401454267,0.8409873708381171,0.8383084577114428,0.7665518561040949,量能波动;量能动量,False
SH688310,15.879999,0.3016371,0.14332185227707617,0.3652889399158056,0.8610792192881745,0.8362035973976273,量能动量;量能比,False
SH688311,24.550001,0.73523664,0.8848067355530043,0.7110600841944126,0.822617680826636,0.8115193264446996,量能水平;量能动量;量能比,False
SH688312,56.03,3.6076534,0.9200153080750095,0.9661308840413318,0.5122464600076541,0.8344814389590509,量能水平;量能波动;量能比,False
SH688313,164.79999,27.780844,0.9728281668580177,0.926903941829315,0.6775736701109836,0.8314198239571374,量能水平;量能波动;量能比,False
SH688314,31.65,0.26590118,0.3283582089552239,0.7020665901262916,0.9048985840030617,0.8905472636815921,量能动量;量能比,False
SH688315,19.019999,1.5438921,0.849980864906238,0.9919632606199771,0.9978951396861845,0.9833524684270953,量能水平;量能波动;量能动量;量能比,False
SH688316,47.3,0.78347737,0.6812093379257559,0.7931496364332186,0.9223115193264447,0.796211251435132,量能动量,False
SH688317,18.310001,0.28671125,0.6111748947569843,0.9611557596632223,0.9946421737466513,0.9588595484117872,量能波动;量能动量;量能比,False
SH688318,82.15,7.1571784,0.8865288939915805,0.788174512055109,0.8532338308457711,0.2466513585916571,量能水平;量能动量,False
SH688319,30.02,1.7126218,0.8331419823957137,0.9295828549559892,0.9845005740528129,0.75468809797168,量能水平;量能波动;量能动量,False
SH688320,36.6,1.063796,0.39035591274397247,0.58017604286261,0.9213547646383468,0.8687332567929583,量能动量;量能比,False
SH688321,26.31,1.9726027,0.9762724837351703,0.9910065059318791,0.9492920015308075,0.7841561423650976,量能水平;量能波动;量能动量,False
SH688322,90.490005,5.870375,0.8564867967853043,0.619785686949866,0.8052047455032529,0.5828549559892844,量能水平;量能动量,False
SH688323,26.36,2.6235437,0.8574435514734022,0.7342135476463835,0.24205893608878684,0.4963643321852277,量能水平,False
SH688325,106.9,0.9312854,0.26789131266743205,0.33735170302334483,0.44144661308840416,0.41389207807118256,,True
SH688326,59.45,0.8830559,0.696708763872943,0.47455032529659397,0.7927669345579793,0.08668197474167623,,True
SH688327,10.23,1.867066,0.8647148871029467,0.8141982395713739,0.7774588595484118,0.3618446230386529,量能水平;量能波动,False
SH688328,83.56,4.8781643,0.8807883658629927,0.5759663222349789,0.13471106008419442,0.3482587064676617,量能水平,False
SH688329,23.28,0.30542693,0.21106008419441255,0.44029850746268656,0.744355147340222,0.6810179869881362,,True
SH688330,38.08,0.7343264,0.6856104094910065,0.6704936854190585,0.8011863758132415,0.2403367776502105,量能动量,False
SH688331,125.10999,7.0494328,0.8312284730195177,0.9106391121316495,0.8675851511672407,0.729238423268274,量能水平;量能波动;量能动量,False
SH688332,97.369995,4.593401,0.7895139686184462,0.7278989667049368,0.7089552238805971,0.5910830463069269,,True
SH688333,105.200005,14.032764,0.8740910830463069,0.9458476846536548,0.36662839647914275,0.6272483735170302,量能水平;量能波动,False
SH688334,18.05,0.20567907,0.08725602755453502,0.03444316877152698,0.5047837734404899,0.08534251817833907,,True
SH688335,18.28,0.3539967,0.3371603520857252,0.20455415231534635,0.10390355912743972,0.6033295063145809,,True
SH688336,41.65,2.396035,0.8025258323765786,0.8836586299272866,0.8084577114427861,0.8239571373899732,量能水平;量能波动;量能动量;量能比,False
SH688337,47.65,1.527482,0.5367393800229621,0.8637581324148488,0.9751243781094527,0.8974358974358975,量能波动;量能动量;量能比,False
SH688338,32.199997,0.4448696,0.7604286261002678,0.8584003061615002,0.9336012246460008,0.6701109835438194,量能波动;量能动量,False
SH688339,18.91,0.54717517,0.8008036739380023,0.9749330271718332,0.9299655568312285,0.8436662839647914,量能水平;量能波动;量能动量;量能比,False
SH688343,66.5,5.5412207,0.9885189437428243,0.9944508228090317,0.9380022962112514,0.9293915040183697,量能水平;量能波动;量能动量;量能比,False
SH688345,48.579998,0.5843104,0.5579793340987371,0.33237657864523534,0.14638346727898965,0.12916188289322617,,True
SH688347,231.05,36.376278,0.981630309988519,0.9709146574818217,0.5095675468809797,0.7365097588978186,量能水平;量能波动,False
SH688348,30.54,0.35214308,0.7367011098354382,0.4894756984309223,0.39762724837351704,0.3991580558744738,,True
SH688349,13.110001,1.0544147,0.8239571373899732,0.5973976272483735,0.07290470723306544,0.7435897435897436,量能水平,False
SH688350,28.85,0.66533846,0.35993111366245695,0.68867202449292,0.8008036739380023,0.41676234213547647,量能动量,False
SH688351,17.73,0.9395581,0.4292001530807501,0.5459242250287026,0.36949866054343666,0.1077305778798316,,True
SH688352,19.88,4.0212207,0.9142747799464217,0.8735170302334482,0.3400306161500191,0.7236892460773058,量能水平;量能波动,False
SH688353,82.87,3.050203,0.855147340221967,0.9064293915040184,0.2541140451588213,0.7409108304630693,量能水平;量能波动,False
SH688356,99.4,6.129162,0.9833524684270953,0.9843092231151933,0.9341752774588595,0.635859165709912,量能水平;量能波动;量能动量,False
SH688358,28.970001,0.21710052,0.1079219288174512,0.30635285112897054,0.8932261768082663,0.4969383849980865,量能动量,False
SH688359,109.64001,3.7129805,0.695752009184845,0.614619211634137,0.27860696517412936,0.7554535017221584,,True
SH688360,15.85,0.4515634,0.4732108687332568,0.7407194795254497,0.7445464982778416,0.9115958668197475,量能比,False
SH688361,378.84,27.70941,0.9563719862227325,0.9274779946421737,0.46536548029085345,0.8825105243015691,量能水平;量能波动;量能比,False
SH688362,63.38,11.095482,0.9550325296593953,0.9605817068503636,0.7432070417145044,0.8218522770761577,量能水平;量能波动;量能比,False
SH688363,35.01,0.7336361,0.750478377344049,0.9008802143130501,0.90566398775354,0.7786069651741293,量能波动;量能动量,False
SH688365,16.7,2.2188072,0.9571373899732109,0.9967470340604669,0.9850746268656716,0.8256792958285496,量能水平;量能波动;量能动量;量能比,False
SH688367,30.2,0.45050645,0.18675851511672406,0.2709529276693456,0.023536165327210104,0.31132797550707997,,True
SH688368,145.93001,6.9034424,0.8381171067738232,0.8352468427095293,0.8310371220818982,0.7510524301569078,量能水平;量能波动;量能动量,False
SH688369,20.330002,0.64859706,0.7340221967087639,0.8689246077305779,0.8884424033677765,0.5610409491006506,量能波动;量能动量,False
SH688371,24.820002,2.0283926,0.8130501339456563,0.7026406429391504,0.5589360887868351,0.45752009184845005,量能水平,False
SH688372,115.579994,8.24063,0.9360887868350555,0.9068120933792576,0.6305013394565634,0.7856869498660544,量能水平;量能波动,False
SH688373,6.15,1.0262511,0.7858783008036739,0.9221201683888252,0.939150401836969,0.4927286643704554,量能波动;量能动量,False
SH688375,70.87,2.0040855,0.748564867967853,0.6540375047837734,0.5026789131266743,0.810371220818982,量能比,False
SH688376,64.020004,0.8803862,0.3101798698813624,0.4714887102946804,0.5317642556448526,0.6194029850746269,,True
SH688377,17.58,0.4397615,0.4827784156142365,0.3928434749330272,0.4372368924607731,0.4293915040183697,,True
SH688378,52.2,4.8990784,0.864140834290088,0.7751626482969767,0.1557596632223498,0.711825487944891,量能水平,False
SH688379,56.3,2.240064,0.7734404898584003,0.47378492154611557,0.5139686184462304,0.21239954075774972,,True
SH688380,42.679996,3.4368103,0.9387676999617298,0.9479525449674704,0.9071947952544968,0.8587830080367393,量能水平;量能波动;量能动量;量能比,False
SH688381,43.879997,4.4023776,0.9554152315346345,0.8939915805587447,0.6283964791427478,0.6100267891312667,量能水平;量能波动,False
SH688382,20.23,1.9261773,0.709911978568695,0.7638729429774206,0.6412169919632607,0.552812858783008,,True
SH688383,139.63998,3.1868873,0.7125908916953693,0.6299272866437046,0.385380788365863,0.6637964026023727,,True
SH688385,60.13,6.872717,0.9714887102946804,0.978760045924225,0.8865288939915805,0.8805970149253731,量能水平;量能波动;量能动量;量能比,False
SH688386,47.7,1.4993472,0.5794106391121316,0.5662074244163796,0.7975507079984692,0.13011863758132414,,True
SH688387,12.57,4.363495,0.7889399158055874,0.49770378874856486,0.5583620359739763,0.5045924225028703,,True
SH688388,29.899998,9.996273,0.986796785304248,0.9850746268656716,0.7267508610792193,0.9307309605817069,量能水平;量能波动;量能比,False
SH688390,59.789997,4.372252,0.8997321086873326,0.6199770378874856,0.7854955989284348,0.3555300420972063,量能水平,False
SH688391,26.77,0.2856551,0.4293915040183697,0.32931496364332186,0.7782242632988902,0.6672407194795255,,True
SH688392,182.1,5.7112813,0.8618446230386528,0.892460773057788,0.8295063145809415,0.7805204745503252,量能水平;量能波动;量能动量,False
SH688393,22.380001,0.39931157,0.6127057022579411,0.9181017986988136,0.9506314580941446,0.9152315346345197,量能波动;量能动量;量能比,False
SH688395,25.550001,0.28388467,0.24186758515116724,0.3281668580176043,0.8149636433218522,0.7229238423268274,量能动量,False
SH688396,61.46,9.138784,0.9672789896670494,0.8758132414848833,0.7242632988901646,0.7338308457711443,量能水平;量能波动,False
SH688398,23.179998,0.39048675,0.43149636433218524,0.6270570225794107,0.9412552621507846,0.9835438193647149,量能动量;量能比,False
SH688399,27.3,0.3620901,0.14389590508993494,0.4257558362035974,0.897627248373517,0.8429008802143131,量能动量;量能比,False
SH688400,46.940002,4.654533,0.8991580558744738,0.4485265977803291,0.5597014925373134,0.372177573670111,量能水平,False
SH688401,70.509995,3.3983083,0.783964791427478,0.7388059701492538,0.26119402985074625,0.8534251817833908,量能比,False
SH688403,25.93,13.790047,0.98584003061615,0.9464217374665136,0.33658629927286643,0.5074626865671642,量能水平;量能波动,False
SH688408,22.82,0.8982527,0.7765021048603138,0.5088021431305013,0.40432453119020284,0.0977803291236127,,True
SH688409,191.89,12.078578,0.9345579793340988,0.8769613471106008,0.3865288939915806,0.857060849598163,量能水平;量能波动;量能比,False
SH688410,10.02,1.1156663,0.5315729047072331,0.6781477229238423,0.9355147340221968,0.29621125143513205,量能动量,False
SH688411,166.03,4.2464747,0.7085725220053578,0.7663605051664754,0.4362801377726751,0.628779181017987,,True
SH688416,81.670006,4.3337874,0.8029085342518179,0.677382319173364,0.10428626100267892,0.7696134711060084,量能水平,False
SH688418,31.980001,0.84629047,0.6052430156907769,0.5621890547263682,0.6159586681974741,0.6643704554152315,,True
SH688419,52.7,1.7948195,0.5880214313050134,0.5017221584385764,0.14561806352851128,0.5348258706467661,,True
SH688425,3.98,0.5134939,0.5535782625334864,0.37619594336012246,0.24779946421737467,0.25870646766169153,,True
SH688426,22.03,0.3152147,0.3350554917719097,0.5497512437810945,0.9441255262150785,0.6243781094527363,量能动量,False
SH688428,32.0,3.4005454,0.596249521622656,0.7560275545350172,0.8765786452353617,0.6821660926138539,量能动量,False
SH688433,89.799995,6.305565,0.7793723689246077,0.6406429391504018,0.5241102181400689,0.33218522770761577,,True
SH688435,31.04,1.2614478,0.9280520474550326,0.9081515499425947,0.048411787217757365,0.43704554152315345,量能水平;量能波动,False
SH688439,38.170002,0.6343592,0.734404898584003,0.5126291618828932,0.6327975507079985,0.5256410256410257,,True
SH688443,25.19,0.7111024,0.5826636050516647,0.8069269039418293,0.9730195177956372,0.7598545732874091,量能波动;量能动量,False
SH688448,69.299995,1.7016804,0.3344814389590509,0.2359357060849598,0.5956754688097972,0.4904324531190203,,True
SH688449,64.189995,4.9127293,0.9186758515116724,0.7810945273631841,0.6425564485265978,0.5918484500574053,量能水平,False
SH688450,33.289997,0.4165919,0.36203597397627246,0.23038652889399158,0.6664753157290471,0.44163796402602373,,True
SH688455,17.83,0.48417497,0.3815537696134711,0.19020283199387678,0.566972828166858,0.09873708381171067,,True
SH688456,76.28,4.4546933,0.8264446995790279,0.5977803291236127,0.7338308457711443,0.8220436280137773,量能水平;量能比,False
SH688458,38.36,0.68702585,0.5570225794106392,0.5388442403367777,0.3811710677382319,0.46747034060466897,,True
SH688469,8.789999,7.049064,0.9521622655951014,0.9066207424416379,0.7740145426712591,0.7145044010715652,量能水平;量能波动,False
SH688472,8.6,3.1634157,0.9357060849598163,0.9460390355912744,0.6498277841561424,0.35572139303482586,量能水平;量能波动,False
SH688475,27.829998,0.9659149,0.37026406429391506,0.40049751243781095,0.7931496364332186,0.3647148871029468,,True
SH688478,48.370003,2.351061,0.8048220436280138,0.8964791427477995,0.8708381171067738,0.9573287409108304,量能水平;量能波动;量能动量;量能比,False
SH688479,36.5,0.8198885,0.27898966704936856,0.5581706850363567,0.9554152315346345,0.2022579410639112,量能动量,False
SH688480,71.200005,0.73594594,0.11442786069651742,0.4837351703023345,0.1999617298124761,0.945273631840796,量能比,False
SH688484,34.77,2.5705192,0.9314963643321852,0.9142747799464217,0.6792958285495599,0.5686949866054344,量能水平;量能波动,False
SH688485,120.49999,7.464751,0.7271335629544585,0.48545732874091085,0.5738614619211634,0.7330654420206659,,True
SH688486,50.15,1.9847606,0.6905855338691159,0.7252200535782626,0.3559127439724455,0.8683505549177191,量能比,False
SH688488,16.59,1.2180214,0.8323765786452354,0.9332185227707616,0.8419441255262151,0.9242250287026407,量能水平;量能波动;量能动量;量能比,False
SH688489,26.03,0.37513232,0.5068886337543054,0.6894374282433984,0.4517795637198622,0.7588978185993112,,True
SH688498,1753.1,51.498203,0.7569843092231152,0.4510141599693839,0.7039800995024875,0.6555683122847302,,True
SH688499,36.050003,1.4422946,0.9536930730960582,0.9823957137389974,0.061615001913509375,0.953310371220819,量能水平;量能波动;量能比,False
SH688500,32.5,0.6818367,0.8078836586299273,0.8430922311519327,0.8030998851894374,0.5642939150401837,量能水平;量能波动;量能动量,False
SH688501,15.99,0.5887083,0.32587064676616917,0.6218905472636815,0.3750478377344049,0.9619211634137007,量能比,False
SH688502,436.05002,5.7764935,0.8473019517795637,0.7988901645618064,0.7592805204745503,0.6750861079219288,量能水平,False
SH688503,81.200005,12.70439,0.9906238040566399,0.9345579793340988,0.5683122847301951,0.695752009184845,量能水平;量能波动,False
SH688505,8.48,0.542334,0.8335246842709529,0.9644087256027555,0.9783773440489858,0.9062380405663988,量能水平;量能波动;量能动量;量能比,False
SH688506,250.82,4.347732,0.34443168771526983,0.5970149253731343,0.8972445464982779,0.7516264829697665,量能动量,False
SH688507,144.8,5.1284714,0.9226942212016839,0.662265595101416,0.6295445847684654,0.58017604286261,量能水平,False
SH688508,89.58,5.06918,0.9764638346727899,0.8872942977420589,0.5572139303482587,0.5698430922311519,量能水平;量能波动,False
SH688509,4.21,0.20413537,0.23517030233448144,0.1513585916570991,0.35399923459624955,0.504209720627631,,True
SH688510,25.349998,1.661341,0.8268274014542671,0.7368924607730578,0.3216609261385381,0.6785304247990815,量能水平,False
SH688511,22.72,0.3965827,0.5771144278606966,0.5093761959433601,0.6406429391504018,0.48430922311519325,,True
SH688512,14.43,1.461385,0.7916188289322618,0.7131649445082281,0.8815537696134711,0.6561423650975889,量能动量,False
SH688513,51.25,0.9067349,0.5453501722158438,0.6417910447761194,0.8478760045924225,0.8153463451970915,量能动量;量能比,False
SH688515,151.9,3.772416,0.9615384615384616,0.9175277458859549,0.6697282816685802,0.6375813241484883,量能水平;量能波动,False
SH688516,44.35,3.1952553,0.6710677382319173,0.5554917719096824,0.447187141216992,0.40681209337925756,,True
SH688517,16.400002,0.34561768,0.1484883275928052,0.38365862992728667,0.29219288174512054,0.667432070417145,,True
SH688518,20.869999,2.0565143,0.8407960199004975,0.7367011098354382,0.5587447378492154,0.5790279372368925,量能水平,False
SH688519,312.90002,19.899485,0.9159969383849981,0.8524684270952928,0.3916953693073096,0.7489475698430922,量能水平;量能波动,False
SH688520,36.81,0.7600802,0.7265595101415997,0.9378109452736318,0.9906238040566399,0.8714121699196326,量能波动;量能动量;量能比,False
SH688521,208.02998,38.188126,0.9994259471871412,0.9952162265595101,0.568886337543054,0.7661691542288557,量能水平;量能波动,False
SH688522,18.34,0.5961788,0.44412552621507845,0.5920398009950248,0.7175660160734788,0.6370072713356295,,True
SH688523,40.19,1.1552174,0.5524301569077689,0.4651741293532338,0.6391121316494451,0.6088786835055492,,True
SH688525,217.22,34.54753,0.8440489858400306,0.7464600076540375,0.7738231917336394,0.7424416379640261,量能水平,False
SH688529,14.86,0.23234496,0.630692690394183,0.432070417145044,0.15996938384998086,0.5411404515882128,,True
SH688530,61.79,5.0598817,0.8063528511289705,0.7317259854573287,0.20838117106773824,0.7784156142365097,量能水平,False
SH688531,145.0,4.959795,0.893417527745886,0.8603138155376961,0.815537696134711,0.7043628013777268,量能水平;量能波动;量能动量,False
SH688535,109.04,6.4120827,0.8490241102181401,0.8172598545732874,0.27573670110983545,0.8536165327210103,量能水平;量能波动;量能比,False
SH688536,355.71002,8.939775,0.9163796402602373,0.9192499043245312,0.595292766934558,0.7518178339073861,量能水平;量能波动,False
SH688538,2.09,1.5149512,0.8723689246077305,0.5893608878683505,0.13758132414848834,0.36375813241484883,量能水平,False
SH688539,24.93,0.54499555,0.3478760045924225,0.3675851511672407,0.8373517030233448,0.8522770761576731,量能动量;量能比,False
SH688543,43.85,4.193376,0.857060849598163,0.5445847684653655,0.2357443551473402,0.1959433601224646,量能水平,False
SH688545,77.33,6.6917553,0.8293149636433218,0.8553386911595867,0.28415614236509756,0.8295063145809415,量能水平;量能波动;量能比,False
SH688548,33.339996,9.056947,0.9119785686949866,0.9607730577879832,0.663222349789514,0.932070417145044,量能水平;量能波动;量能比,False
SH688549,23.53,14.495872,0.9852659778032913,0.9619211634137007,0.18982013011863758,0.817451205510907,量能水平;量能波动;量能比,False
SH688550,38.22,1.0766877,0.6528893991580559,0.5612323000382702,0.48756218905472637,0.8138155376961347,量能比,False
SH688551,40.399998,1.5786448,0.70283199387677,0.562763107539227,0.25468809797168007,0.3936088786835055,,True
SH688552,31.160002,1.4284973,0.6398775353999234,0.5912743972445464,0.6203597397627248,0.10964408725602756,,True
SH688553,12.77,1.1501846,0.8344814389590509,0.9722541140451588,0.9898584003061615,0.9121699196326062,量能水平;量能波动;量能动量;量能比,False
SH688556,7.8299994,1.5610795,0.7887485648679678,0.607539226942212,0.553769613471106,0.3207041714504401,,True
SH688557,21.18,0.29663745,0.2638729429774206,0.5734787600459242,0.9600076540375048,0.8105625717566016,量能动量;量能比,False
SH688558,33.59,0.41001737,0.31247608113279757,0.3076923076923077,0.1081132797550708,0.5443934175277458,,True
SH688559,57.660004,7.3748155,0.9263298890164562,0.5857252200535783,0.29123612705702256,0.23555300420972064,量能水平,False
SH688560,12.69,0.33216685,0.5275545350172216,0.32587064676616917,0.554726368159204,0.4230769230769231,,True
SH688561,29.990002,3.1198096,0.9954075774971297,0.9864140834290088,0.15958668197474168,0.8061615001913509,量能水平;量能波动;量能比,False
SH688562,14.539999,0.3927503,0.4793340987370838,0.3819364714887103,0.4573287409108305,0.39380022962112515,,True
SH688563,54.52,1.3564409,0.7181400688863375,0.23670110983543818,0.13872942977420588,0.26234213547646384,,True
SH688565,11.37,0.22315748,0.20378874856486798,0.41006505931879067,0.24569460390355913,0.8266360505166476,量能比,False
SH688566,26.900002,0.39401564,0.3953310371220819,0.5363566781477229,0.7663605051664754,0.6924990432453119,,True
SH688567,9.07,0.9073986,0.8626100267891312,0.8631840796019901,0.12648296976655185,0.5003827018752391,量能水平;量能波动,False
SH688568,31.31,2.8351517,0.8277841561423651,0.6593953310371221,0.655185610409491,0.5332950631458094,量能水平,False
SH688571,8.66,0.44556633,0.3279755070799847,0.3036739380022962,0.7860696517412935,0.78300803673938,,True
SH688573,15.57,0.27660584,0.44795254496747033,0.47474167623421354,0.10065059318790662,0.7487562189054726,,True
SH688575,10.44,1.4197534,0.9621125143513203,0.9724454649827784,0.9313050133945656,0.3099885189437428,量能水平;量能波动;量能动量,False
SH688577,42.2,0.44258413,0.09223115193264447,0.13681592039800994,0.25315729047072333,0.7217757367011098,,True
SH688578,102.81,5.030619,0.7592805204745503,0.7650210486031381,0.5308075009567547,0.8346727898966705,量能比,False
SH688579,8.0,0.2167047,0.4860313815537696,0.5545350172215844,0.7399540757749713,0.5145426712590891,,True
SH688580,44.199997,0.50820404,0.6685801760428626,0.6555683122847302,0.9267125908916953,0.6327975507079985,量能动量,False
SH688581,56.199997,0.42973724,0.4115958668197474,0.5838117106773824,0.04535017221584386,0.8874856486796785,量能比,False
SH688582,39.55,1.4917824,0.7468427095292767,0.5340604668962878,0.7757367011098354,0.5570225794106392,,True
SH688583,82.83,2.176964,0.6875239188672024,0.5309988518943742,0.7933409873708381,0.024492920015308076,,True
SH688584,28.259998,2.7048948,0.7931496364332186,0.8526597780329124,0.8256792958285496,0.9165709911978569,量能波动;量能动量;量能比,False
SH688585,141.37001,4.7881346,0.32223497895139686,0.45082280903176425,0.9295828549559892,0.7606199770378875,量能动量,False
SH688586,11.280001,0.6440884,0.6079219288174512,0.5755836203597398,0.8388825105243015,0.3097971680061232,量能动量,False
SH688588,9.27,0.3918184,0.7257941063911213,0.6777650210486031,0.8275928052047455,0.1687715269804822,量能动量,False
SH688589,21.0,0.56960785,0.7058936088786835,0.628779181017987,0.7185227707615768,0.7897053195560658,,True
SH688590,12.71,0.7399537,0.6383467278989667,0.8218522770761577,0.9140834290088021,0.6446613088404133,量能波动;量能动量,False
SH688591,31.28,1.318382,0.6963260619977037,0.8538078836586299,0.9404898584003062,0.787217757367011,量能波动;量能动量,False
SH688593,31.179998,4.0269346,0.8614619211634137,0.6220818982013012,0.38672024492920015,0.31840796019900497,量能水平,False
SH688595,31.949999,0.78782547,0.6310753922694221,0.6739380022962113,0.9395331037122082,0.849980864906238,量能动量;量能比,False
SH688596,65.18,13.291172,0.9684270952927669,0.953310371220819,0.1113662456946039,0.472636815920398,量能水平;量能波动,False
SH688597,6.4199996,0.3317175,0.21163413700727132,0.4739762724837352,0.7171833141982396,0.6538461538461539,,True
SH688598,35.23,4.3671856,0.9508228090317643,0.9297742058936089,0.6549942594718714,0.697665518561041,量能水平;量能波动,False
SH688599,11.14,3.2240748,0.9378109452736318,0.8828932261768083,0.6314580941446614,0.4896670493685419,量能水平;量能波动,False
SH688600,37.000004,2.1773283,0.8115193264446996,0.8421354764638347,0.14695752009184845,0.7256027554535017,量能水平;量能波动,False
SH688601,61.08,3.170217,0.9144661308840414,0.561806352851129,0.6649445082280904,0.14963643321852277,量能水平,False
SH688602,6.95,0.27774936,0.2960199004975124,0.35706084959816303,0.275928052047455,0.39035591274397247,,True
SH688603,120.5,7.3624754,0.844814389590509,0.7868350554917719,0.19498660543436663,0.6104094910065059,量能水平,False
SH688605,85.549995,3.817806,0.9022196708763873,0.8214695752009185,0.2091465748182166,0.5968235744355147,量能水平;量能波动,False
SH688607,39.129997,0.49475536,0.5834290088021431,0.3840413318025258,0.3350554917719097,0.1932644469957903,,True
SH688608,112.97,4.671893,0.9822043628013777,0.9984691924990432,0.9701492537313433,0.9422120168388826,量能水平;量能波动;量能动量;量能比,False
SH688609,9.7,1.5618831,0.8141982395713739,0.9466130884041332,0.6100267891312667,0.947187141216992,量能水平;量能波动;量能比,False
SH688610,172.06999,2.027052,0.5246842709529277,0.5176042862610026,0.7935323383084577,0.764638346727899,,True
SH688611,69.28,0.8101116,0.10983543819364715,0.23019517795637198,0.04305396096440873,0.7007271335629545,,True
SH688612,36.54,2.0687711,0.8492154611557596,0.7967853042479908,0.08017604286261003,0.6590126291618829,量能水平,False
SH688613,20.399998,0.83034486,0.9364714887102947,0.9900497512437811,0.9890929965556832,0.9810562571756601,量能水平;量能波动;量能动量;量能比,False
SH688615,93.48999,3.903945,0.832567929582855,0.9582854955989284,0.9393417527745886,0.8463451970914657,量能水平;量能波动;量能动量;量能比,False
SH688617,243.42,3.5214763,0.7491389207807119,0.7749712973593571,0.40355912743972444,0.38002296211251435,,True
SH688618,30.41,0.5637438,0.3141982395713739,0.4024110218140069,0.09050899349406812,0.439150401836969,,True
SH688619,14.900001,0.58111244,0.7141216991963261,0.7579410639112132,0.21029468044393418,0.38595484117872175,,True
SH688620,18.150002,2.6550426,0.8201301186375813,0.8090317642556448,0.9515882127822426,0.9605817068503636,量能水平;量能波动;量能动量;量能比,False
SH688621,74.549995,2.310291,0.8622273249138921,0.878300803673938,0.5595101415996938,0.5262150784538844,量能水平;量能波动,False
SH688622,138.06,0.8357466,0.4433601224646001,0.7497129735935706,0.8901645618063528,0.9003061615001914,量能动量;量能比,False
SH688623,59.399998,0.2791429,0.169345579793341,0.34653654802908535,0.6322234978951397,0.881171067738232,量能比,False
SH688625,69.619995,4.102758,0.6555683122847302,0.7079984691924991,0.1318407960199005,0.9144661308840414,量能比,False
SH688626,44.0,0.7273474,0.47206276310753925,0.8645235361653272,0.9864140834290088,0.9475698430922311,量能波动;量能动量;量能比,False
SH688627,477.88,21.614092,0.8989667049368542,0.8365862992728664,0.38710294680443935,0.4724454649827784,量能水平;量能波动,False
SH688628,95.369995,3.8701494,0.8784921546115576,0.9745503252965939,0.8974358974358975,0.9100650593187907,量能水平;量能波动;量能动量;量能比,False
SH688629,125.28,17.006783,0.8817451205510907,0.7929582854955989,0.5857252200535783,0.7585151167240719,量能水平,False
SH688630,427.68997,17.138453,0.7575583620359739,0.47129735935706085,0.5656333716035209,0.6915422885572139,,True
SH688631,37.78,0.45529452,0.223115193264447,0.30539609644087257,0.7403367776502104,0.41370072713356293,,True
SH688633,22.51,0.64897746,0.49866054343666283,0.11232300038270188,0.5907003444316877,0.03654802908534252,,True
SH688635,284.52,5.5323405,0.9936854190585533,0.9701492537313433,0.5868733256792958,0.7190968235744355,量能水平;量能波动,False
SH688636,21.17,1.1854492,0.769804822043628,0.7721010332950632,0.8266360505166476,0.7742058936088787,量能动量,False
SH688639,18.580002,0.89378285,0.5005740528128588,0.7822426329889016,0.9427860696517413,0.8224263298890164,量能动量;量能比,False
SH688646,79.73,1.4723171,0.5966322234978951,0.6978568694986605,0.8649062380405664,0.6988136241867585,量能动量,False
SH688648,29.52,0.6084407,0.4154228855721393,0.2468427095292767,0.3517030233448144,0.23057787983161118,,True
SH688651,25.140001,0.54429257,0.5474550325296594,0.3861461921163414,0.03616532721010333,0.8059701492537313,量能比,False
SH688652,148.0,5.749501,0.8191733639494834,0.8892078071182549,0.1932644469957903,0.816494450822809,量能水平;量能波动;量能比,False
SH688653,15.259999,1.628122,0.884424033677765,0.9129353233830846,0.7234978951396862,0.783964791427478,量能水平;量能波动,False
SH688655,77.21,7.5734067,0.8788748564867968,0.6314580941446614,0.4027937236892461,0.5752009184845006,量能水平,False
SH688656,117.53,0.9948345,0.3455797933409874,0.22770761576731727,0.17030233448143897,0.1691542288557214,,True
SH688657,33.92,0.32868043,0.23784921546115576,0.31802525832376577,0.3513203214695752,0.4364714887102947,,True
SH688658,13.84,2.1523452,0.9355147340221968,0.9358974358974359,0.9219288174512055,0.29755070799846917,量能水平;量能波动;量能动量,False
SH688659,9.28,0.28414905,0.29889016456180634,0.22062763107539227,0.1791044776119403,0.7573670110983544,,True
SH688660,9.1,3.069895,0.9246077305778798,0.883467278989667,0.06850363566781477,0.5526215078453884,量能水平;量能波动,False
SH688661,106.15,4.0911345,0.4690011481056257,0.4018369690011481,0.5713738997321087,0.7543053960964409,,True
SH688662,112.39,9.185137,0.8545732874091083,0.8505549177190969,0.7908534251817834,0.865097588978186,量能水平;量能波动;量能比,False
SH688663,57.65,1.3699093,0.20838117106773824,0.2877918101798699,0.8658629927286644,0.46211251435132034,量能动量,False
SH688665,42.96,0.2013423,0.07137389973210868,0.3813624186758515,0.8208955223880597,0.8871029468044394,量能动量;量能比,False
SH688667,98.2,0.66016173,0.5168388825105243,0.6054343666283964,0.4873708381171068,0.7252200535782626,,True
SH688668,254.0,11.212292,0.6592039800995025,0.49598163030998854,0.7506697282816686,0.574052812858783,,True
SH688669,70.0,1.7646005,0.5595101415996938,0.6069651741293532,0.821660926138538,0.5656333716035209,量能动量,False
SH688670,19.0,0.39044324,0.6676234213547646,0.46842709529276694,0.1582472254114045,0.6946039035591275,,True
SH688671,26.699999,0.2954885,0.5040183696900115,0.6350937619594336,0.7573670110983544,0.8794489092996556,量能比,False
SH688676,64.67,8.177019,0.8672024492920015,0.7058936088786835,0.7286643704554152,0.17699961729812477,量能水平,False
SH688677,79.27999,7.4621887,0.8957137389973211,0.6798698813624187,0.6243781094527363,0.06467661691542288,量能水平,False
SH688678,27.800001,5.1025167,0.883467278989667,0.9395331037122082,0.8964791427477995,0.9435514734022197,量能水平;量能波动;量能动量;量能比,False
SH688679,40.43,1.7806611,0.4795254496747034,0.4672789896670494,0.1377726750861079,0.4322617680826636,,True
SH688680,38.43,0.50766593,0.8932261768082663,0.9651741293532339,0.8938002296211252,0.8505549177190969,量能水平;量能波动;量能动量;量能比,False
SH688681,15.52,0.29334185,0.26272483735170304,0.3333333333333333,0.5516647531572905,0.6234213547646383,,True
SH688682,31.51,0.3474084,0.24492920015308076,0.23076923076923078,0.6050516647531573,0.2893226176808266,,True
SH688683,32.11,0.37282267,0.08208955223880597,0.33601224646000766,0.4121699196326062,0.8913126674320704,量能比,False
SH688685,35.65,1.0528966,0.4158055874473785,0.5384615384615384,0.3048220436280138,0.7246460007654038,,True
SH688686,141.15001,2.7728345,0.8606965174129353,0.7078071182548794,0.24435514734022196,0.2091465748182166,量能水平,False
SH688687,18.6,0.41479084,0.5430539609644087,0.8281668580176043,0.946230386528894,0.8949483352468427,量能波动;量能动量;量能比,False
SH688689,41.92,2.0338209,0.722158438576349,0.8869115958668198,0.9491006505931879,0.8989667049368542,量能波动;量能动量;量能比,False
SH688690,47.87,4.765229,0.9934940681209338,0.981630309988519,0.7805204745503252,0.6959433601224646,量能水平;量能波动,False
SH688691,65.549995,1.9348606,0.7057022579410639,0.6982395713738997,0.6599693838499808,0.7799464217374665,,True
SH688692,209.86998,2.160499,0.735361653272101,0.7472254114045159,0.8595484117872177,0.4498660543436663,量能动量,False
SH688693,76.91,1.1956483,0.6708763872942978,0.6295445847684654,0.6098354381936472,0.6381553769613472,,True
SH688695,19.77,0.22529411,0.3538078836586299,0.1926903941829315,0.411787217757367,0.40719479525449676,,True
SH688696,88.75,1.1681286,0.9477611940298507,0.9502487562189055,0.8543819364714887,0.28492154611557596,量能水平;量能波动;量能动量,False
SH688697,14.929999,1.2902527,0.5243015690776884,0.4112131649445082,0.7001530807500956,0.16130884041331803,,True
SH688698,44.37,1.4451975,0.4058553386911596,0.4887102946804439,0.3086490623804057,0.5220053578262533,,True
SH688699,69.77,2.1265385,0.767891312667432,0.7081898201301187,0.76884806735553,0.9406812093379258,量能比,False
SH688700,64.7,8.393888,0.8664370455415231,0.7588978185993112,0.038270187523918864,0.3654802908534252,量能水平,False
SH688701,8.690001,0.23166628,0.2554535017221584,0.10084194412552622,0.22866437045541524,0.17833907386146192,,True
SH688702,328.0,21.588772,0.9225028702640643,0.9041331802525833,0.28913126674320705,0.7064676616915423,量能水平;量能波动,False
SH688707,10.24,0.54295415,0.8314198239571374,0.5998851894374282,0.26540375047837733,0.22828166858017604,量能水平,False
SH688708,40.620003,0.72591627,0.629735935706085,0.38251052430156907,0.5162648296976655,0.2571756601607348,,True
SH688709,25.699999,0.8885282,0.4404898584003062,0.29544584768465365,0.7112514351320322,0.6949866054343666,,True
SH688710,91.56999,2.749264,0.5162648296976655,0.4418293149636433,0.8025258323765786,0.4781859931113662,量能动量,False
SH688711,28.119999,2.3612142,0.8916953693073096,0.9026023727516265,0.33696900114810563,0.9448909299655568,量能水平;量能波动;量能比,False
SH688712,31.880001,0.54336476,0.5176042862610026,0.7223497895139687,0.9531190202831994,0.7996555683122847,量能动量,False
SH688716,27.500002,0.44967997,0.323574435514734,0.6371986222732492,0.961347110600842,0.6391121316494451,量能动量,False
SH688717,44.26,2.591062,0.9445082280903176,0.7581324148488328,0.6526980482204363,0.47493302717183317,量能水平,False
SH688718,15.309999,0.2506113,0.43666283964791425,0.6869498660543437,0.8828932261768083,0.7671259089169536,量能动量,False
SH688719,56.45,2.6289248,0.8145809414466131,0.7386146192116342,0.3358208955223881,0.3078836586299273,量能水平,False
SH688720,67.59,2.3952231,0.7384232682740145,0.5470723306544202,0.5426712590891696,0.7862610026789131,,True
SH688721,40.920002,1.1584705,0.5774971297359357,0.4288174512055109,0.2847301951779564,0.6006505931879066,,True
SH688722,14.44,0.34336284,0.2156525066972828,0.13719862227324914,0.8050133945656334,0.4628779181017987,量能动量,False
SH688726,45.100002,2.4447227,0.9100650593187907,0.9833524684270953,0.8538078836586299,0.9119785686949866,量能水平;量能波动;量能动量;量能比,False
SH688727,48.51,1.5646999,0.7920015308075009,0.755644852659778,0.4904324531190203,0.7837734404898584,,True
SH688728,14.84,3.1184802,0.9768465365480291,0.9328358208955224,0.6689628779181018,0.8532338308457711,量能水平;量能波动;量能比,False
SH688729,24.76,7.4211097,0.9751243781094527,0.9521622655951014,0.21412169919632607,0.8754305396096441,量能水平;量能波动;量能比,False
SH688733,29.170002,1.4198942,0.8752391886720245,0.8279755070799847,0.2810945273631841,0.6393034825870647,量能水平;量能波动,False
SH688737,17.16,0.2088138,0.35782625334864143,0.31343283582089554,0.29869881362418677,0.5352085725220054,,True
SH688739,20.98,0.3335032,0.6224646000765404,0.7631075392269422,0.9286261002678913,0.5897435897435898,量能动量,False
SH688750,14.219999,0.31812987,0.41810179869881364,0.12055109070034443,0.47512437810945274,0.21660926138538078,,True
SH688755,29.899998,0.4680558,0.37294297742058935,0.8719862227324914,0.9737849215461156,0.9921546115575967,量能波动;量能动量;量能比,False
SH688757,31.16,2.4718976,0.8105625717566016,0.7332567929582855,0.22847301951779564,0.6264829697665518,量能水平,False
SH688758,33.96,2.9338057,0.7958285495598928,0.8264446995790279,0.7657864523536165,0.8901645618063528,量能波动;量能比,False
SH688759,23.619999,0.8328488,0.6159586681974741,0.7007271335629545,0.8941829314963643,0.8553386911595867,量能动量;量能比,False
SH688765,39.53,1.2452576,0.8781094527363185,0.9454649827784156,0.94814389590509,0.7116341370072713,量能水平;量能波动;量能动量,False
SH688766,428.4,36.329567,0.9898584003061615,0.9896670493685419,0.6993876769996173,0.8025258323765786,量能水平;量能波动;量能比,False
SH688767,43.12,0.83147675,0.5564485265977803,0.8861461921163414,0.9579027937236892,0.9477611940298507,量能波动;量能动量;量能比,False
SH688768,48.83,0.31088957,0.15384615384615385,0.6261002678913127,0.9693838499808649,0.8044393417527745,量能动量;量能比,False
SH688772,13.81,3.4173455,0.9749330271718332,0.918867202449292,0.8704554152315346,0.3291236127057023,量能水平;量能波动;量能动量,False
SH688775,94.67999,3.7743776,0.967470340604669,0.9240336777650211,0.7407194795254497,0.8176425564485266,量能水平;量能波动;量能比,False
SH688776,47.15,0.5705289,0.628779181017987,0.5717566016073479,0.47588978185993114,0.5459242250287026,,True
SH688777,81.72,10.776369,0.9835438193647149,0.9799081515499426,0.7619594336012246,0.7173746651358591,量能水平;量能波动,False
SH688778,43.18,2.7197657,0.926903941829315,0.9215461155759663,0.0675468809797168,0.5646766169154229,量能水平;量能波动,False
SH688779,7.57,1.2910906,0.9125526215078454,0.9353233830845771,0.7380405663987754,0.7003444316877153,量能水平;量能波动,False
SH688781,51.949997,1.1887511,0.6549942594718714,0.9577114427860697,0.9959816303099885,0.9517795637198623,量能波动;量能动量;量能比,False
SH688783,29.78,5.7490683,0.9502487562189055,0.9399158055874474,0.7709529276693455,0.9048985840030617,量能水平;量能波动;量能比,False
SH688785,375.62,2.3019288,0.8591657099119786,0.8314198239571374,0.7818599311136625,0.9257558362035974,量能水平;量能波动;量能比,False
SH688786,28.789999,1.130931,0.6951779563719862,0.6917336394948336,0.7263681592039801,0.8773440489858401,量能比,False
SH688787,92.979996,1.8105291,0.7749712973593571,0.6924990432453119,0.7085725220053578,0.2663605051664753,,True
SH688788,29.710001,0.84295624,0.7937236892460773,0.3082663605051665,0.45197091465748185,0.07596632223497896,,True
SH688789,46.05,0.8993126,0.7120168388825105,0.7621507845388442,0.9045158821278224,0.49942594718714123,量能动量,False
SH688790,109.579994,1.9370754,0.9244163796402602,0.9751243781094527,0.9829697665518561,0.9975124378109452,量能水平;量能波动;量能动量;量能比,False
SH688793,18.56,0.2969464,0.779755070799847,0.8082663605051664,0.7703788748564868,0.6025641025641025,量能波动,False
SH688795,443.0,21.548326,0.9996172981247609,0.9994259471871412,0.7831993876769996,0.9586681974741676,量能水平;量能波动;量能比,False
SH688796,134.12999,3.691063,0.7809031764255645,0.6701109835438194,0.7531572904707233,0.7954458476846537,,True
SH688797,284.0,9.420798,0.9969383849980865,0.9969383849980865,0.028319938767699962,0.9071947952544968,量能水平;量能波动;量能比,False
SH688798,58.76,2.9255023,0.984883275928052,0.9712973593570609,0.8296976655185611,0.24607730577879833,量能水平;量能波动;量能动量,False
SH688799,58.9,1.3887837,0.5631458094144661,0.787217757367011,0.8819364714887103,0.9446995790279372,量能动量;量能比,False
SH688800,68.66,7.3631945,0.9255644852659778,0.7675086107921929,0.37045541523153463,0.2780329123612706,量能水平,False
SH688802,581.0,16.595833,0.9982778415614236,1.0,0.9479525449674704,0.9980864906238041,量能水平;量能波动;量能动量;量能比,False
SH688805,40.57,0.5976274,0.5080367393800229,0.5032529659395331,0.8800229621125144,0.18522770761576732,量能动量,False
SH688807,347.0,7.3016076,0.9469957902793724,0.8748564867967853,0.4841178721775737,0.5673555300420972,量能水平;量能波动,False
SH688808,2316.0,22.043318,0.9753157290470723,0.9165709911978569,0.20780711825487944,0.6923076923076923,量能水平;量能波动,False
SH688809,507.09998,8.449262,0.9211634137007272,0.716035208572522,0.5729047072330654,0.366054343666284,量能水平,False
SH688811,20.75,0.98655015,0.4961729812476081,0.6592039800995025,0.7062763107539227,0.9498660543436663,量能比,False
SH688813,144.0,7.1657205,0.8599311136624569,0.7567929582854956,0.11557596632223498,0.6900114810562572,量能水平,False
SH688818,43.29,2.1096845,0.8909299655568312,0.8321852277076157,0.6218905472636815,0.7927669345579793,量能水平;量能波动,False
SH688819,20.84,0.3881145,0.5757749712973593,0.4045158821278224,0.4722541140451588,0.4267125908916954,,True
SH688820,134.86,15.978787,0.9866054343666284,0.9766551856104095,0.6019900497512438,0.7965939533103712,量能水平;量能波动,False
SH688981,122.409996,36.37392,0.9986605434366629,0.9942594718714122,0.5438193647148871,0.7110600841944126,量能水平;量能波动,False
SH689009,37.91,3.3851383,0.886337543053961,0.7543053960964409,0.30845771144278605,0.2965939533103712,量能水平,False
SZ000001,11.71,10.532085,0.8465365480290853,0.6071565250669728,0.3584003061615002,0.49062380405663986,量能水平,False
SZ000002,3.8100002,7.638627,0.6016073478760046,0.9571373899732109,0.9967470340604669,0.9812476081132797,量能波动;量能动量;量能比,False
SZ000006,7.2899995,1.3464468,0.06525066972828167,0.2629161882893226,0.9314963643321852,0.5736701109835438,量能动量,False
SZ000007,11.75,1.0101473,0.1586299272866437,0.031955606582472255,0.38040566398775355,0.12992728664370456,,True
SZ000008,2.4199998,0.6685062,0.6174894756984309,0.5281285878300803,0.20493685419058552,0.3849980864906238,,True
SZ000009,7.04,0.9931301,0.04458476846536548,0.03482587064676617,0.5206659012629162,0.3605051664753157,,True
SZ000010,1.5700002,0.4001778,0.27114427860696516,0.11940298507462686,0.03865288939915806,0.04822043628013777,,True
SZ000011,9.62,1.9190912,0.4257558362035974,0.3983926521239954,0.3932261768082664,0.24779946421737467,,True
SZ000012,3.76,0.7528574,0.028511289705319555,0.060849598163030996,0.36203597397627246,0.8159203980099502,量能比,False
SZ000014,10.87,0.84863454,0.030424799081515498,0.11672407194795255,0.6195943360122464,0.2468427095292767,,True
SZ000017,8.099999,7.3540154,0.8972445464982779,0.790088021431305,0.787217757367011,0.3706467661691542,量能水平,False
SZ000019,6.98,2.8183582,0.604668962877918,0.5658247225411405,0.310371220818982,0.1894374282433984,,True
SZ000020,14.039999,1.6255926,0.4841178721775737,0.6180635285112897,0.6729812476081133,0.5861079219288174,,True
SZ000021,37.010002,25.216984,0.9628779181017987,0.9492920015308075,0.6978568694986605,0.867011098354382,量能水平;量能波动;量能比,False
SZ000025,15.049999,1.8030075,0.2902793723689246,0.22081898201301187,0.5158821278224264,0.002296211251435132,,True
SZ000026,19.949999,1.7092664,0.11978568694986605,0.22349789513968618,0.8249138920780712,0.3746651358591657,量能动量,False
SZ000027,6.2799997,1.5950667,0.18044393417527746,0.20570225794106392,0.10256410256410256,0.33907386146192114,,True
SZ000028,19.900002,0.38633913,0.0015308075009567547,0.02066590126291619,0.7418675851511672,0.3727516264829698,,True
SZ000029,22.26,1.2098242,0.06333716035208573,0.45713738997321085,0.9762724837351703,0.8890164561806353,量能动量;量能比,False
SZ000030,3.9499998,0.420109,0.06984309223115193,0.0539609644087256,0.19823957137389972,0.3517030233448144,,True
SZ000031,2.3999999,1.1464337,0.30290853425181785,0.6115575966322235,0.9200153080750095,0.8260619977037887,量能动量;量能比,False
SZ000032,14.5,3.964806,0.7441637964026023,0.6150019135093762,0.26157673172598545,0.7349789513968619,,True
SZ000034,23.640001,3.8016064,0.4253731343283582,0.4450822809031764,0.8541905855338691,0.5189437428243399,量能动量,False
SZ000035,4.95,1.5016955,0.7841561423650976,0.8597397627248373,0.7598545732874091,0.5487944890929966,量能波动,False
SZ000036,4.05,0.972281,0.08687332567929583,0.3953310371220819,0.8381171067738232,0.7275162648296977,量能动量,False
SZ000037,9.400001,1.8204728,0.4133180252583238,0.6691542288557214,0.0015308075009567547,0.7476081132797551,,True
SZ000039,9.0199995,2.8155298,0.14121699196326062,0.19345579793340986,0.5126291618828932,0.2676999617298125,,True
SZ000042,8.410001,0.4586946,0.09433601224646,0.19154228855721392,0.7422502870264064,0.3172598545732874,,True
SZ000045,11.18,0.5825176,0.11768082663605052,0.18503635667814772,0.7388059701492538,0.19173363949483352,,True
SZ000048,19.47,3.7252023,0.8151549942594719,0.9322617680826636,0.6463834672789897,0.8117106773823192,量能水平;量能波动;量能比,False
SZ000049,22.48,1.065298,0.01856104094910065,0.017795637198622274,0.6255262150784539,0.47206276310753925,,True
SZ000050,6.6499996,1.2259715,0.33964791427477997,0.38748564867967855,0.6917336394948336,0.8017604286261003,量能比,False
SZ000055,3.7600002,0.50627196,0.17145044010715652,0.6019900497512438,0.8101798698813624,0.9879448909299655,量能动量;量能比,False
SZ000056,2.75,0.88058126,0.5135859165709912,0.655185610409491,0.11423650975889782,0.8907386146192117,量能比,False
SZ000058,7.3399997,0.588024,0.5419058553386912,0.7323000382701875,0.893417527745886,0.39934940681209335,量能动量,False
SZ000059,5.7000003,4.2760735,0.7910447761194029,0.7072330654420207,0.505166475315729,0.033677765021048606,,True
SZ000060,6.2,6.7020097,0.3488327592805205,0.12265595101415996,0.6272483735170302,0.12782242632988902,,True
SZ000061,6.0499997,2.1140404,0.3668197474167623,0.13471106008419442,0.07960199004975124,0.037696134711060085,,True
SZ000062,23.47,6.372743,0.7946804439341753,0.7510524301569078,0.835820895522388,0.38040566398775355,量能动量,False
SZ000063,32.91,20.30151,0.6917336394948336,0.7376578645235362,0.7946804439341753,0.6861844623038653,,True
SZ000065,10.08,2.0396144,0.10945273631840796,0.20551090700344432,0.46498277841561425,0.34404898584003063,,True
SZ000066,15.869999,12.574866,0.913700727133563,0.995790279372369,0.9971297359357061,0.960390355912744,量能水平;量能波动;量能动量;量能比,False
SZ000068,3.32,0.45214495,0.28511289705319554,0.2133562954458477,0.12437810945273632,0.5912743972445464,,True
SZ000069,1.91,1.1101133,0.07711442786069651,0.5149253731343284,0.9456563337160352,0.883467278989667,量能动量;量能比,False
SZ000070,18.63,15.117175,0.9756984309223116,0.9720627631075393,0.7621507845388442,0.8993494068120934,量能水平;量能波动;量能比,False
SZ000078,1.5299999,1.0955102,0.6651358591657099,0.3710294680443934,0.2772675086107922,0.17030233448143897,,True
SZ000088,4.55,1.481213,0.15977803291236128,0.07921928817451206,0.07730577879831611,0.1549942594718714,,True
SZ000089,6.58,0.8999697,0.25851511672407196,0.4969383849980865,0.852851128970532,0.5187523918867203,量能动量,False
SZ000090,3.6,0.67216206,0.17049368541905854,0.45464982778415614,0.816494450822809,0.8369690011481056,量能动量;量能比,False
SZ000096,8.01,0.48182505,0.09835438193647149,0.1379640260237275,0.09012629161882893,0.2613853807883659,,True
SZ000099,13.08,0.8181373,0.15097588978185994,0.10524301569077689,0.3939915805587447,0.2960199004975124,,True
SZ000100,5.0299997,18.822874,0.9778032912361271,0.98584003061615,0.5445847684653655,0.8735170302334482,量能水平;量能波动;量能比,False
SZ000151,10.170001,0.71661246,0.27248373517030233,0.2634902411021814,0.12686567164179105,0.7347876004592423,,True
SZ000153,6.2200003,0.88216054,0.35361653272101035,0.33295063145809417,0.28300803673938,0.2809031764255645,,True
SZ000155,11.58,3.0825226,0.6546115575966323,0.25985457328740913,0.2956371986222732,0.07060849598163031,,True
SZ000156,7.3,0.7642764,0.7676999617298125,0.9422120168388826,0.9768465365480291,0.8756218905472637,量能波动;量能动量;量能比,False
SZ000157,6.17,2.6613894,0.014159969383849981,0.24071947952544967,0.5137772675086107,0.7148871029468045,,True
SZ000158,13.19,5.1977243,0.6563337160352086,0.632988901645618,0.5078453884424033,0.22120168388825107,,True
SZ000159,5.51,0.50871795,0.3340987370838117,0.2973593570608496,0.3471106008419441,0.46823574435514737,,True
SZ000166,4.49,2.9347827,0.9799081515499426,0.885380788365863,0.6268656716417911,0.36031381553769615,量能水平;量能波动,False
SZ000301,13.7,4.839988,0.776884806735553,0.18331419823957137,0.1756601607347876,0.05797933409873708,,True
SZ000333,82.54,19.74966,0.7376578645235362,0.9144661308840414,0.7985074626865671,0.9299655568312285,量能波动;量能比,False
SZ000338,27.029999,24.833082,0.8455797933409873,0.8559127439724454,0.43398392652123996,0.5926138538078837,量能水平;量能波动,False
SZ000400,20.42,2.2675383,0.3086490623804057,0.303291236127057,0.6819747416762342,0.3450057405281286,,True
SZ000401,3.55,0.34562653,0.10084194412552622,0.09510141599693839,0.3157290470723307,0.4789513968618446,,True
SZ000402,2.7800002,1.7021048,0.2129735935706085,0.7001530807500956,0.9875621890547264,0.8846153846153846,量能动量;量能比,False
SZ000403,10.04,0.610917,0.045158821278224265,0.15001913509376197,0.8878683505549178,0.6201683888251053,量能动量,False
SZ000404,6.93,0.4507096,0.06486796785304248,0.05778798316111749,0.06620742441637964,0.2365097588978186,,True
SZ000407,4.19,0.6649435,0.1991963260619977,0.07500956754688098,0.2877918101798699,0.3786835055491772,,True
SZ000408,73.5,8.018488,0.14140834290088022,0.09491006505931879,0.4054726368159204,0.3505549177190968,,True
SZ000409,9.05,0.6572204,0.5044010715652507,0.6601607347876005,0.009950248756218905,0.6017986988136241,,True
SZ000410,5.34,1.2404593,0.41695369307309604,0.8742824339839265,0.8480673555300421,0.9764638346727899,量能波动;量能动量;量能比,False
SZ000411,9.98,0.33703429,0.0070799846919249905,0.014925373134328358,0.4389590508993494,0.4255644852659778,,True
SZ000415,4.17,2.891315,0.7076157673172598,0.7722923842326828,0.9328358208955224,0.7726750861079219,量能动量,False
SZ000417,5.77,2.8842182,0.23076923076923078,0.2058936088786835,0.03903559127439724,0.05434366628396479,,True
SZ000419,5.07,0.37300956,0.052621507845388445,0.012246460007654038,0.16016073478760046,0.18848067355530043,,True
SZ000420,3.57,1.8969413,0.6241867585151167,0.40681209337925756,0.372177573670111,0.08017604286261003,,True
SZ000421,5.81,0.5430459,0.1580558744737849,0.08706467661691543,0.5248756218905473,0.37791810179869884,,True
SZ000422,12.190001,2.9277484,0.2751626482969767,0.28664370455415233,0.7303865288939916,0.02200535782625335,,True
SZ000423,45.750004,2.2554884,0.011863758132414848,0.008993494068120934,0.5507079984691925,0.5746268656716418,,True
SZ000425,7.3,10.314308,0.4284347493302717,0.6425564485265978,0.4292001530807501,0.748564867967853,,True
SZ000426,34.460003,21.07986,0.47588978185993114,0.5,0.3375430539609644,0.37619594336012246,,True
SZ000428,4.2999997,3.8995364,0.6988136241867585,0.5011481056257175,0.11634137007271336,0.3002296211251435,,True
SZ000429,12.53,1.078641,0.047455032529659394,0.0371220818982013,0.20742441637964026,0.14389590508993494,,True
SZ000430,6.8900003,2.1037426,0.6408342900880214,0.4494833524684271,0.02200535782625335,0.11098354381936472,,True
SZ000488,2.11,0.3176557,0.1961347110600842,0.30003827018752394,0.6469575200918485,0.25736701109835436,,True
SZ000498,5.1,0.49059883,0.15461155759663223,0.3784921546115576,0.6456180635285113,0.7284730195177956,,True
SZ000501,7.23,0.93578434,0.13471106008419442,0.03903559127439724,0.11500191350937619,0.046880979716800615,,True
SZ000503,7.0299997,0.78737736,0.24607730577879833,0.33352468427095294,0.6938384998086491,0.4697665518561041,,True
SZ000504,12.110001,0.56639946,0.1381553769613471,0.6167240719479525,0.7441637964026023,0.9238423268274014,量能比,False
SZ000505,6.7799997,4.9730062,0.9045158821278224,0.7858783008036739,0.18675851511672406,0.05606582472254114,量能水平,False
SZ000506,18.58,14.053365,0.8536165327210103,0.782051282051282,0.3071182548794489,0.1863758132414849,量能水平,False
SZ000507,5.01,0.5097294,0.07405281285878301,0.05625717566016074,0.33601224646000766,0.4450822809031764,,True
SZ000509,3.98,1.1260092,0.6548029085342518,0.96230386528894,0.9889016456180635,0.9896670493685419,量能波动;量能动量;量能比,False
SZ000510,19.08,7.5725055,0.5443934175277458,0.5876387294297742,0.15461155759663223,0.6534634519709147,,True
SZ000513,26.75,1.4140792,0.004783773440489858,0.009567546880979716,0.4887102946804439,0.1314580941446613,,True
SZ000514,4.42,0.713223,0.5003827018752391,0.554726368159204,0.8918867202449292,0.2692307692307692,量能动量,False
SZ000516,4.32,0.844965,0.028893991580558744,0.141982395713739,0.1450440107156525,0.7376578645235362,,True
SZ000517,2.04,0.7617895,0.27458859548411785,0.32548794489092997,0.653272101033295,0.8011863758132415,量能比,False
SZ000518,3.7800002,1.4102695,0.1953693073096058,0.21507845388442404,0.32950631458094143,0.09491006505931879,,True
SZ000519,15.32,10.724379,0.8469192499043245,0.4866054343666284,0.141982395713739,0.16417910447761194,量能水平,False
SZ000520,4.14,2.1899524,0.7173746651358591,0.5068886337543054,0.10715652506697283,0.058362035973976274,,True
SZ000521,4.4199996,0.41352952,0.10409491006505932,0.08381171067738231,0.1624569460390356,0.27324913892078073,,True
SZ000523,3.4900002,6.3356504,0.9412552621507846,0.880214313050134,0.09624952162265595,0.7632988901645618,量能水平;量能波动,False
SZ000524,9.04,1.2037853,0.3078836586299273,0.12686567164179105,0.3576349024110218,0.10160734787600459,,True
SZ000525,4.67,1.3568606,0.6199770378874856,0.4020283199387677,0.48775353999234594,0.12552621507845388,,True
SZ000526,36.25,1.1866461,0.0711825487944891,0.0019135093761959434,0.5847684653654803,0.042671259089169536,,True
SZ000528,7.6600003,2.658586,0.0880214313050134,0.47206276310753925,0.1588212782242633,0.6616915422885572,,True
SZ000529,5.03,0.3045246,0.16303099885189437,0.10639112131649445,0.21526980482204364,0.236318407960199,,True
SZ000530,5.22,0.94471526,0.16360505166475317,0.22330654420206658,0.6871412169919633,0.2020665901262916,,True
SZ000531,5.65,0.46004024,0.02640642939150402,0.12189054726368159,0.021431305013394564,0.5920398009950248,,True
SZ000532,13.610001,2.089613,0.25105243015690776,0.7860696517412935,0.9714887102946804,0.9963643321852277,量能动量;量能比,False
SZ000533,10.929999,7.0841126,0.8884424033677765,0.8383084577114428,0.17814772292384232,0.15059318790662074,量能水平;量能波动,False
SZ000534,23.189999,3.7176445,0.3006123230003827,0.08419441255262151,0.5964408725602756,0.19460390355912743,,True
SZ000536,3.63,3.2954147,0.7487562189054726,0.8970531955606582,0.9418293149636433,0.6238040566398775,量能波动;量能动量,False
SZ000537,7.5099998,1.4914144,0.6063911213164944,0.6582472254114046,0.027937236892460773,0.4006888633754305,,True
SZ000538,51.320004,3.6903567,0.003444316877152698,0.004209720627631076,0.7162265595101416,0.750478377344049,,True
SZ000539,5.1800003,2.7629092,0.6073478760045924,0.5614236509758898,0.06812093379257558,0.2885572139303483,,True
SZ000541,4.94,0.25011584,0.0009567546880979717,0.008802143130501339,0.18867202449292,0.27994642173746653,,True
SZ000543,7.22,1.5051277,0.15767317259854574,0.13758132414848834,0.12456946039035591,0.5401836969001148,,True
SZ000544,7.2599998,0.2153474,0.022388059701492536,0.06735553004209721,0.3819364714887103,0.4722541140451588,,True
SZ000545,2.23,1.5866396,0.6299272866437046,0.2860696517412935,0.10581706850363566,0.021431305013394564,,True
SZ000546,4.45,0.4752664,0.29085342518178336,0.37638729429774204,0.737275162648297,0.5970149253731343,,True
SZ000547,14.75,7.342772,0.6347110600841944,0.46421737466513585,0.5409491006505932,0.5683122847301951,,True
SZ000548,4.64,0.26203573,0.11174894756984309,0.10007654037504783,0.13298890164561805,0.4468044393417528,,True
SZ000550,16.5,0.7624464,0.0026789131266743206,0.023727516264829697,0.22809031764255644,0.513203214695752,,True
SZ000551,12.33,1.3087184,0.21201683888251052,0.3407960199004975,0.6733639494833524,0.5729047072330654,,True
SZ000552,2.52,2.2203388,0.6161500191350937,0.3884424033677765,0.3036739380022962,0.2229238423268274,,True
SZ000553,5.61,0.57715464,0.23880597014925373,0.1113662456946039,0.06027554535017222,0.08515116724071949,,True
SZ000554,6.4,1.366501,0.24378109452736318,0.3974358974358974,0.08744737849215461,0.26195943360122464,,True
SZ000555,10.54,1.3893322,0.3471106008419441,0.16111748947569843,0.5101415996938385,0.3011863758132415,,True
SZ000557,3.68,0.30346173,0.24799081515499427,0.11289705319556066,0.5769230769230769,0.48851894374282434,,True
SZ000558,3.6200001,1.6092855,0.40891695369307307,0.14676616915422885,0.17336394948335246,0.10887868350554918,,True
SZ000559,11.43,4.3384976,0.08055874473784921,0.6224646000765404,0.986796785304248,0.9845005740528129,量能动量;量能比,False
SZ000560,3.51,13.79681,0.9709146574818217,0.9420206659012629,0.7814772292384232,0.33773440489858403,量能水平;量能波动,False
SZ000561,7.84,0.84916383,0.324531190202832,0.6127057022579411,0.7851128970531955,0.9728281668580177,量能比,False
SZ000563,2.9399998,1.2887592,0.3643321852277076,0.16456180635285114,0.44106391121316496,0.2426329889016456,,True
SZ000564,1.5199999,7.315088,0.9829697665518561,0.8733256792958285,0.15767317259854574,0.01932644469957903,量能水平;量能波动,False
SZ000565,6.7900004,1.6602656,0.3610792192881745,0.23689246077305778,0.029850746268656716,0.24799081515499427,,True
SZ000566,4.98,3.8032608,0.48890164561806354,0.7807118254879449,0.9466130884041332,0.6875239188672024,量能动量,False
SZ000567,6.1200004,2.357723,0.1955606582472254,0.030233448143895905,0.26827401454267125,0.04458476846536548,,True
SZ000568,71.479996,7.168249,0.026789131266743208,0.05951014159969384,0.44450822809031765,0.19843092231151932,,True
SZ000570,5.31,0.45447892,0.2196708763872943,0.21814006888633755,0.26195943360122464,0.5086107921928817,,True
SZ000571,6.6299996,1.3140424,0.49846919249904326,0.3547646383467279,0.6209337925755836,0.9029850746268657,量能比,False
SZ000572,4.1899996,3.3971574,0.8195560658247225,0.9404898584003062,0.007462686567164179,0.9795254496747035,量能水平;量能波动;量能比,False
SZ000573,3.8199997,0.52683026,0.21641791044776118,0.2336394948335247,0.4565633371603521,0.4048985840030616,,True
SZ000576,8.42,2.009256,0.47091465748182165,0.10983543819364715,0.1924990432453119,0.008993494068120934,,True
SZ000581,17.96,1.4159926,0.014734022196708763,0.0070799846919249905,0.2223497895139686,0.04037504783773441,,True
SZ000582,9.78,6.1986885,0.8354381936471489,0.8980099502487562,0.09586681974741676,0.7001530807500956,量能水平;量能波动,False
SZ000586,13.88,1.6527869,0.5373134328358209,0.563719862227325,0.0912743972445465,0.3876769996172981,,True
SZ000589,4.2400002,0.97690505,0.22847301951779564,0.23000382701875238,0.2537313432835821,0.302334481438959,,True
SZ000590,9.15,0.29523513,0.07462686567164178,0.058362035973976274,0.11768082663605052,0.23478760045924224,,True
SZ000591,4.27,1.8069768,0.3453884424033678,0.41561423650975887,0.20761576731725986,0.7447378492154612,,True
SZ000592,8.599999,25.830439,0.9515882127822426,0.8989667049368542,0.216035208572522,0.6588212782242633,量能水平;量能波动,False
SZ000593,22.89,2.764527,0.36969001148105624,0.5861079219288174,0.8959050899349407,0.554726368159204,量能动量,False
SZ000595,5.85,1.4799169,0.4048985840030616,0.703788748564868,0.9020283199387678,0.42728664370455416,量能动量,False
SZ000596,95.86,3.6388972,0.040566398775354,0.020474550325296593,0.2328740910830463,0.08591657099119786,,True
SZ000597,4.8300004,0.6377992,0.10026789131266743,0.3482587064676617,0.7391886720244929,0.4791427477994642,,True
SZ000598,7.06,1.252053,0.04477611940298507,0.07883658629927287,0.2330654420206659,0.48756218905472637,,True
SZ000599,4.53,0.42604083,0.11289705319556066,0.2998469192499043,0.20570225794106392,0.8141982395713739,量能比,False
SZ000600,7.32,1.4116318,0.36624569460390355,0.33926521239954077,0.10849598163030999,0.2973593570608496,,True
SZ000601,6.19,2.1942804,0.4525449674703406,0.46153846153846156,0.05874473784921546,0.48832759280520477,,True
SZ000603,33.4,16.411098,0.7632988901645618,0.7303865288939916,0.5817068503635667,0.35782625334864143,,True
SZ000605,5.91,0.22326656,0.05281285878300804,0.009376195943360123,0.16398775353999234,0.47876004592422505,,True
SZ000607,4.98,0.8461315,0.27745885954841176,0.6762342135476463,0.20091848450057406,0.9670876387294298,量能比,False
SZ000608,7.2000003,1.9403669,0.4768465365480291,0.42039800995024873,0.5667814772292384,0.050133945656333716,,True
SZ000609,9.82,0.47136208,0.07290470723306544,0.3034825870646766,0.22177573670110984,0.6324148488327593,,True
SZ000610,7.58,1.1140293,0.43321852277076156,0.6040949100650593,0.5434366628396479,0.5455415231534635,,True
SZ000612,11.179999,4.6159873,0.3716035208572522,0.5926138538078837,0.024110218140068886,0.7713356295445848,,True
SZ000617,6.9,7.237964,0.6624569460390356,0.40221967087638727,0.3890164561806353,0.052621507845388445,,True
SZ000619,5.3,0.30761874,0.060084194412552624,0.21871412169919632,0.6084959816303099,0.8453884424033677,量能比,False
SZ000620,3.3700001,10.594842,0.9980864906238041,0.9961729812476081,0.5891695369307309,0.634902411021814,量能水平;量能波动,False
SZ000623,17.77,2.0109682,0.05300420972062763,0.02123995407577497,0.4073861461921163,0.12954458476846537,,True
SZ000625,7.18,2.992782,0.039418293149636435,0.02564102564102564,0.19709146574818218,0.4866054343666284,,True
SZ000626,9.23,2.3367515,0.5139686184462304,0.3811710677382319,0.14753157290470723,0.05970149253731343,,True
SZ000628,60.09,6.948334,0.5924225028702641,0.6465748182166092,0.31094527363184077,0.4397244546498278,,True
SZ000629,2.9,2.252803,0.4714887102946804,0.1515499425947187,0.37753539992345964,0.24837351703023344,,True
SZ000630,6.16,15.645307,0.6440872560275546,0.46039035591274396,0.6836969001148105,0.0677382319173364,,True
SZ000631,3.0900002,0.35258663,0.03884424033677765,0.38633754305396095,0.9129353233830846,0.8698813624186759,量能动量;量能比,False
SZ000632,3.75,0.7185709,0.25832376578645233,0.5491771909682357,0.717948717948718,0.34940681209337926,,True
SZ000633,5.31,0.38801688,0.6486796785304249,0.4967470340604669,0.17106773823191734,0.6226559510141599,,True
SZ000636,57.749996,67.42363,0.9869881362418675,0.9091083046306927,0.20072713356295446,0.746268656716418,量能水平;量能波动,False
SZ000637,4.2000003,0.35149616,0.03138155376961347,0.04037504783773441,0.23000382701875238,0.5296593953310371,,True
SZ000639,1.59,0.788491,0.3407960199004975,0.14274779946421737,0.15097588978185994,0.06620742441637964,,True
SZ000650,5.27,0.9732623,0.02908534251817834,0.15059318790662074,0.599502487562189,0.3677765021048603,,True
SZ000651,38.18,14.430972,0.013585916570991197,0.04707233065442021,0.6404515882127823,0.5290853425181783,,True
SZ000652,3.3899999,0.42569193,0.11232300038270188,0.06907768848067355,0.09318790662074244,0.41006505931879067,,True
SZ000655,7.22,0.592048,0.17030233448143897,0.01894374282433984,0.2395713738997321,0.03482587064676617,,True
SZ000656,1.25,2.382125,0.7860696517412935,0.8373517030233448,0.8243398392652124,0.7296211251435132,量能波动;量能动量,False
SZ000657,60.260002,38.12555,0.8094144661308841,0.5933792575583621,0.16762342135476463,0.7826253348641409,量能水平,False
SZ000659,2.8100002,0.7288267,0.303291236127057,0.3212782242632989,0.5210486031381554,0.41523153463451973,,True
SZ000661,73.6,3.771681,0.04955989284347493,0.13451970914657482,0.8281668580176043,0.6331802525832376,量能动量,False
SZ000663,6.07,0.5490186,0.5237275162648297,0.4823957137389973,0.38748564867967855,0.3404133180252583,,True
SZ000665,4.1699996,0.7461342,0.5204745503252965,0.3664370455415232,0.6769996172981247,0.473593570608496,,True
SZ000668,17.420002,0.6866821,0.0910830463069269,0.6021814006888634,0.9642173746651359,0.9607730577879832,量能动量;量能比,False
SZ000669,4.15,0.25117084,0.14695752009184845,0.19881362418675852,0.0070799846919249905,0.24569460390355913,,True
SZ000670,7.69,3.9280937,0.7445464982778416,0.8275928052047455,0.433027171833142,0.9184845005740528,量能波动;量能比,False
SZ000672,15.439999,2.5481718,0.15748182166092614,0.05797933409873708,0.3551473402219671,0.47799464217374665,,True
SZ000676,7.45,3.9384775,0.6502104860313815,0.9366628396479143,0.9852659778032913,0.6840796019900498,量能波动;量能动量,False
SZ000677,1.83,0.69211656,0.33696900114810563,0.07367011098354381,0.12476081132797551,0.06792958285495598,,True
SZ000678,8.89,0.941277,0.18427095292766935,0.3738997321086873,0.49559892843474934,0.41944125526215076,,True
SZ000679,6.6,0.84151024,0.1689628779181018,0.21488710294680444,0.031190202831993877,0.4182931496364332,,True
SZ000680,9.24,1.8211492,0.0606582472254114,0.3622273249138921,0.7799464217374665,0.8275928052047455,量能比,False
SZ000681,16.82,5.218339,0.7877918101798699,0.7809031764255645,0.7812858783008036,0.0843857634902411,,True
SZ000682,10.76,0.9792846,0.4770378874856487,0.3714121699196326,0.5700344431687715,0.48775353999234594,,True
SZ000683,5.7099996,4.354402,0.5694603903559128,0.433027171833142,0.12590891695369308,0.13451970914657482,,True
SZ000685,10.940001,1.3472954,0.04152315346345197,0.005166475315729047,0.5,0.19192499043245312,,True
SZ000686,7.7999997,1.3897123,0.062380405663987754,0.03138155376961347,0.5903176425564485,0.15671641791044777,,True
SZ000688,26.58,5.1050024,0.5133945656333716,0.3683505549177191,0.8199387676999618,0.5294680443934175,量能动量,False
SZ000690,5.13,3.1688588,0.2060849598163031,0.1892460773057788,0.2464600076540375,0.3547646383467279,,True
SZ000691,9.240001,0.80558926,0.12686567164179105,0.1215078453884424,0.39686184462303864,0.1997703788748565,,True
SZ000692,4.18,0.7320496,0.46880979716800614,0.46115575966322236,0.15614236509758897,0.1517412935323383,,True
SZ000695,13.16,1.1578258,0.24205893608878684,0.05683122847301952,0.629735935706085,0.013011863758132415,,True
SZ000697,9.12,0.67465055,0.5390355912743973,0.34615384615384615,0.20378874856486798,0.08916953693073096,,True
SZ000700,12.169999,5.667614,0.4091083046306927,0.7011098354381936,0.42766934557979336,0.8046306926903942,量能比,False
SZ000701,5.25,0.665516,0.6171067738231917,0.5597014925373134,0.23383084577114427,0.5723306544202067,,True
SZ000702,5.79,0.85534656,0.45082280903176425,0.10026789131266743,0.15920398009950248,0.06888633754305395,,True
SZ000703,16.81,15.775571,0.6115575966322235,0.38002296211251435,0.6215078453884424,0.35285112897053195,,True
SZ000705,7.16,0.3449416,0.033677765021048606,0.0574052812858783,0.37007271335629544,0.5662074244163796,,True
SZ000707,4.5099998,0.33905616,0.11557596632223498,0.06697282816685801,0.2229238423268274,0.3809797168006123,,True
SZ000708,12.86,1.7234617,0.07654037504783773,0.13949483352468428,0.27286643704554153,0.5115767317259855,,True
SZ000709,2.05,1.7124376,0.41312667432070416,0.2361270570225794,0.7456946039035591,0.33180252583237657,,True
SZ000710,9.52,1.779206,0.5744355147340222,0.8767699961729812,0.9825870646766169,0.9142747799464217,量能波动;量能动量;量能比,False
SZ000712,10.330001,12.19406,0.8076923076923077,0.6111748947569843,0.5876387294297742,0.04305396096440873,量能水平,False
SZ000713,6.79,3.0725415,0.5993111366245695,0.6102181400688863,0.2889399158055874,0.6775736701109836,,True
SZ000715,5.4200006,0.6532341,0.08323765786452354,0.04324531190202832,0.10830463069269039,0.1421737466513586,,True
SZ000716,5.18,3.3509293,0.8513203214695751,0.3752391886720245,0.24990432453119021,0.008802143130501339,量能水平,False
SZ000717,2.16,0.47100165,0.13318025258323765,0.15786452353616534,0.4728281668580176,0.48105625717566014,,True
SZ000718,2.07,0.5613218,0.14600076540375048,0.4351320321469575,0.8895905089934941,0.7644469957902794,量能动量,False
SZ000719,12.349999,0.6227974,0.027171833141982394,0.10275545350172216,0.7261768082663606,0.7564102564102564,,True
SZ000720,3.92,1.6985908,0.6940298507462687,0.8585916570991198,0.750478377344049,0.9468044393417527,量能波动;量能比,False
SZ000721,6.31,2.4842186,0.48851894374282434,0.27458859548411785,0.08400306161500191,0.08362035973976273,,True
SZ000722,14.2,3.659946,0.8069269039418293,0.8396479142747799,0.0030616150019135095,0.6882893226176808,量能水平;量能波动,False
SZ000723,3.6699998,3.7724516,0.7782242632988902,0.5239188672024493,0.4695752009184845,0.0813241484883276,,True
SZ000725,6.0,64.86908,1.0,0.9998086490623804,0.9110218140068886,0.9399158055874474,量能水平;量能波动;量能动量;量能比,False
SZ000726,6.1,0.49471137,0.04496747034060467,0.19383849980864906,0.1115575966322235,0.9389590508993494,量能比,False
SZ000727,2.25,1.464525,0.749521622655951,0.6479142747799465,0.5319556065824722,0.43111366245694605,,True
SZ000728,7.4900002,2.4671578,0.3756218905472637,0.14657481821660925,0.6010332950631458,0.03750478377344049,,True
SZ000729,11.04,2.1665792,0.3381171067738232,0.3911213164944508,0.8182166092613854,0.8848067355530043,量能动量;量能比,False
SZ000731,8.28,1.8296605,0.2659778032912361,0.4753157290470723,0.5910830463069269,0.6027554535017221,,True
SZ000733,41.33,4.215518,0.5591274397244547,0.4762724837351703,0.3383084577114428,0.7500956754688098,,True
SZ000735,6.0,5.8892407,0.8172598545732874,0.5914657481821661,0.061040949100650596,0.30539609644087257,量能水平,False
SZ000736,4.73,1.3346539,0.7246460007654038,0.7694221201683888,0.7969766551856104,0.1999617298124761,,True
SZ000737,15.110001,16.920738,0.9238423268274014,0.8805970149253731,0.6467661691542289,0.23804056639877536,量能水平;量能波动,False
SZ000738,19.199999,3.0342534,0.3612705702257941,0.30501339456563337,0.36375813241484883,0.25239188672024493,,True
SZ000739,24.0,3.342955,0.0843857634902411,0.1821660926138538,0.8352468427095293,0.648105625717566,量能动量,False
SZ000750,3.69,1.8882195,0.33658629927286643,0.27248373517030233,0.601415996938385,0.21010332950631458,,True
SZ000751,4.67,2.6551213,0.7347876004592423,0.33964791427477997,0.4077688480673555,0.017795637198622274,,True
SZ000753,5.1800003,1.8834089,0.46842709529276694,0.7097206276310754,0.7533486414083429,0.9693838499808649,量能比,False
SZ000755,4.67,0.2219036,0.114619211634137,0.19096823574435515,0.10945273631840796,0.505166475315729,,True
SZ000756,16.14,1.772376,0.4573287409108305,0.9695752009184845,0.9996172981247609,0.9933027171833142,量能波动;量能动量;量能比,False
SZ000757,4.42,0.41415712,0.1930730960581707,0.3639494833524684,0.7035973976272484,0.7070417145044011,,True
SZ000758,6.06,1.9792913,0.2361270570225794,0.25315729047072333,0.79716800612323,0.23784921546115576,,True
SZ000759,6.7499995,9.114131,0.8203214695752009,0.7921928817451206,0.5384615384615384,0.7893226176808267,量能水平,False
SZ000761,2.27,0.457357,0.23440489858400307,0.3467278989667049,0.7772675086107922,0.5311902028319939,,True
SZ000762,22.079998,2.4843056,0.23134328358208955,0.10371220818982013,0.4125526215078454,0.12686567164179105,,True
SZ000766,15.9,1.9371482,0.440107156525067,0.41140451588212784,0.604668962877918,0.6121316494450822,,True
SZ000767,3.4,3.036529,0.8400306161500192,0.7879831611174895,0.16685801760428626,0.614619211634137,量能水平,False
SZ000768,22.84,7.2424855,0.518369690011481,0.2428243398392652,0.3922694221201684,0.059318790662074246,,True
SZ000776,20.96,12.177249,0.7508610792192881,0.5929965556831228,0.6092613853807883,0.3417527745885955,,True
SZ000777,16.649998,0.73656595,0.006123230003827019,0.0009567546880979717,0.39724454649827784,0.1729812476081133,,True
SZ000778,3.6100001,2.0017598,0.24971297359357061,0.1180635285112897,0.26559510141599696,0.10581706850363566,,True
SZ000779,9.12,5.5331397,0.7831993876769996,0.535399923459625,0.484883275928052,0.07500956754688098,,True
SZ000782,8.27,1.1230545,0.3145809414466131,0.4535017221584386,0.790088021431305,0.535399923459625,,True
SZ000783,8.510001,9.7624445,0.5975889781859931,0.21163413700727132,0.5220053578262533,0.03463451970914658,,True
SZ000785,2.28,1.312126,0.8337160352085725,0.8088404133180253,0.4835438193647149,0.6817833907386146,量能水平;量能波动,False
SZ000786,16.05,3.3438945,0.08821278224263299,0.09414466130884042,0.40298507462686567,0.19422120168388826,,True
SZ000788,5.55,0.8202812,0.16819747416762343,0.3945656333716035,0.6509758897818599,0.5589360887868351,,True
SZ000789,4.13,0.35512447,0.021431305013394564,0.01817833907386146,0.012055109070034443,0.05625717566016074,,True
SZ000790,4.4,0.76765746,0.1997703788748565,0.711825487944891,0.9420206659012629,0.9703406046689629,量能动量;量能比,False
SZ000791,7.2099996,1.4417098,0.36337543053960963,0.5248756218905473,0.07826253348641408,0.7219670876387294,,True
SZ000792,24.87,13.636533,0.5323383084577115,0.2965939533103712,0.344814389590509,0.432070417145044,,True
SZ000793,2.08,0.2918287,0.2158438576349024,0.34309223115193266,0.6900114810562572,0.3237657864523536,,True
SZ000795,8.49,1.0972748,0.14580941446613088,0.41771909682357444,0.9437428243398392,0.2608113279755071,量能动量,False
SZ000796,3.75,3.6421914,0.9272866437045542,0.6949866054343666,0.20991197856869498,0.12016838882510525,量能水平,False
SZ000797,2.69,1.102866,0.392460773057788,0.6017986988136241,0.7332567929582855,0.8725602755453502,量能比,False
SZ000798,10.400001,4.303983,0.7533486414083429,0.648105625717566,0.11844623038652889,0.15365480290853425,,True
SZ000799,37.72,2.0423274,0.3182166092613854,0.2617680826636051,0.4529276693455798,0.32013011863758134,,True
SZ000800,5.9300003,0.86481744,0.19517795637198623,0.14638346727898965,0.0007654037504783774,0.1352851128970532,,True
SZ000801,12.11,1.7117206,0.276884806735553,0.08916953693073096,0.5501339456563337,0.11251435132032148,,True
SZ000802,4.08,3.3191645,0.8683505549177191,0.7351703023344814,0.2874091083046307,0.030998851894374284,量能水平,False
SZ000803,7.13,0.72474086,0.08859548411787217,0.1423650975889782,0.24512055109070036,0.6241867585151167,,True
SZ000807,26.95,17.565517,0.33008036739380026,0.14561806352851128,0.39418293149636435,0.30960581706850365,,True
SZ000809,3.45,0.55493784,0.3011863758132415,0.5514734022196709,0.4647914274779946,0.9624952162265595,量能比,False
SZ000810,9.7,1.7374552,0.31955606582472257,0.2969766551856104,0.49846919249904326,0.4563719862227325,,True
SZ000811,39.949997,16.665125,0.2227324913892078,0.4052812858783008,0.8758132414848833,0.821660926138538,量能动量;量能比,False
SZ000812,3.8999999,1.216256,0.4904324531190203,0.6548029085342518,0.06697282816685801,0.8777267508610792,量能比,False
SZ000813,3.31,2.25066,0.9075774971297359,0.8078836586299273,0.23880597014925373,0.007654037504783774,量能水平;量能波动,False
SZ000815,16.140001,7.6064525,0.6322234978951397,0.6879066207424417,0.8224263298890164,0.3415614236509759,量能动量,False
SZ000816,3.0300002,2.1243942,0.641982395713739,0.6829314963643321,0.6285878300803674,0.08342900880214313,,True
SZ000818,12.249999,1.5863677,0.24473784921546116,0.5300420972062763,0.7246460007654038,0.7780329123612706,,True
SZ000819,12.350001,0.42900765,0.027554535017221583,0.08170685036356679,0.8178339073861461,0.5667814772292384,量能动量,False
SZ000820,3.52,0.46748516,0.40757749712973596,0.3597397627248374,0.6548029085342518,0.3610792192881745,,True
SZ000821,7.4999995,0.61869943,0.2600459242250287,0.07692307692307693,0.21010332950631458,0.1423650975889782,,True
SZ000822,4.2799997,0.6040047,0.22828166858017604,0.08821278224263299,0.29793340987370837,0.07634902411021814,,True
SZ000823,25.220001,23.4223,0.9433601224646001,0.911787217757367,0.24091083046306927,0.9510141599693839,量能水平;量能波动;量能比,False
SZ000825,3.41,1.1566607,0.23746651358591658,0.09567546880979717,0.48392652123995405,0.5154994259471871,,True
SZ000826,1.86,0.23453613,0.04764638346727899,0.1446613088404133,0.5970149253731343,0.4728281668580176,,True
SZ000828,10.04,0.63576174,0.0507079984691925,0.014734022196708763,0.21144278606965175,0.1955606582472254,,True
SZ000829,9.38,1.9198258,0.12418675851511672,0.6408342900880214,0.9827784156142365,0.8861461921163414,量能动量;量能比,False
SZ000830,11.900001,4.118099,0.2914274779946422,0.27745885954841176,0.42862610026789133,0.12648296976655185,,True
SZ000831,54.62,14.529437,0.27822426329889016,0.31879066207424417,0.20704171450440106,0.417910447761194,,True
SZ000833,19.810001,6.396449,0.5206659012629162,0.29889016456180634,0.3855721393034826,0.18101798698813623,,True
SZ000837,9.76,1.1755825,0.175468809797168,0.2692307692307692,0.8318025258323766,0.600459242250287,量能动量,False
SZ000838,2.27,0.9946748,0.2889399158055874,0.3019517795637199,0.32567929582854954,0.47550707998469194,,True
SZ000839,2.94,3.148605,0.8585916570991198,0.899540757749713,0.005549177190968236,0.8233830845771144,量能水平;量能波动;量能比,False
SZ000848,8.1,1.0007194,0.012246460007654038,0.016073478760045924,0.7780329123612706,0.13968618446230385,,True
SZ000850,4.23,0.5189798,0.030616150019135095,0.424990432453119,0.9544584768465365,0.939150401836969,量能动量;量能比,False
SZ000852,5.54,1.6507608,0.3585916570991198,0.12093379257558362,0.031955606582472255,0.01588212782242633,,True
SZ000856,8.7699995,0.5014352,0.11327975507079985,0.05855338691159587,0.12571756601607348,0.19230769230769232,,True
SZ000858,70.54,15.115204,0.28626100267891313,0.16781477229238423,0.641982395713739,0.17011098354381937,,True
SZ000859,9.54,4.523156,0.6724071947952545,0.8438576349024111,0.06601607347876004,0.9380022962112514,量能波动;量能比,False
SZ000860,10.58,1.1045177,0.1685801760428626,0.36414083429008803,0.6021814006888634,0.43149636433218524,,True
SZ000862,5.48,1.0601275,0.6356678147722924,0.6446613088404133,0.04879448909299656,0.7615767317259855,,True
SZ000863,4.68,1.0424936,0.5065059318790662,0.3415614236509759,0.12189054726368159,0.44374282433983925,,True
SZ000868,3.94,1.0915909,0.1924990432453119,0.5979716800612322,0.03291236127057023,0.9934940681209338,量能比,False
SZ000869,16.83,0.31173208,0.015499425947187142,0.15231534634519708,0.778798316111749,0.7657864523536165,,True
SZ000875,4.8,1.6185284,0.6743207041714504,0.7175660160734788,0.17623421354764637,0.7282816685801761,,True
SZ000876,7.2200007,4.5682726,0.33983926521239954,0.11921163413700728,0.3549559892843475,0.10562571756601608,,True
SZ000877,3.6899998,0.49019727,0.08151549942594719,0.11079219288174512,0.5782625334864141,0.44527363184079605,,True
SZ000878,17.36,10.973969,0.8846153846153846,0.8348641408342901,0.7665518561040949,0.16494450822809031,量能水平;量能波动,False
SZ000880,25.779999,3.9701385,0.3015690776884807,0.6840796019900498,0.7345962495216226,0.9177190968235744,量能比,False
SZ000881,6.6700006,0.4734376,0.23938002296211253,0.3593570608495982,0.47722923842326825,0.6884806735553004,,True
SZ000882,1.5799999,1.0664957,0.7898966704936854,0.8983926521239954,0.7837734404898584,0.9253731343283582,量能波动;量能比,False
SZ000883,4.41,1.3470588,0.3520857252200536,0.4827784156142365,0.06525066972828167,0.5088021431305013,,True
SZ000885,11.740001,0.39028135,0.054917719096823574,0.021431305013394564,0.02430156907768848,0.15269804822043628,,True
SZ000886,4.71,0.7330894,0.44374282433983925,0.41714504401071567,0.6687715269804823,0.4121699196326062,,True
SZ000887,19.869999,6.1275616,0.4196326061997704,0.37581324148488326,0.8046306926903942,0.40260237275162647,量能动量,False
SZ000888,9.400001,1.4277894,0.12992728664370456,0.013968618446230386,0.05223880597014925,0.0947187141216992,,True
SZ000889,3.94,1.7601144,0.8258706467661692,0.6898201301186376,0.2709529276693456,0.3287409108304631,量能水平,False
SZ000890,7.8300004,4.9641075,0.8180252583237658,0.642939150401837,0.03539992345962495,0.020283199387677,量能水平,False
SZ000892,4.83,6.607548,0.9781859931113662,0.933027171833142,0.7319173363949484,0.5243015690776884,量能水平;量能波动,False
SZ000893,39.75,7.068839,0.3543819364714887,0.27994642173746653,0.20130118637581323,0.22101033295063147,,True
SZ000895,23.380001,2.468352,0.004209720627631076,0.007654037504783774,0.5298507462686567,0.1580558744737849,,True
SZ000897,1.9199998,0.58707887,0.34290088021431303,0.45407577497129736,0.7613853807883658,0.753731343283582,,True
SZ000898,2.0199997,0.8593067,0.23057787983161118,0.18771526980482203,0.5851511672407195,0.35610409491006506,,True
SZ000899,9.319999,1.1303959,0.2793723689246077,0.3918867202449292,0.050899349406812094,0.534443168771527,,True
SZ000900,3.5700002,0.452891,0.014925373134328358,0.018369690011481057,0.18714121699196326,0.2673172598545733,,True
SZ000901,14.389999,1.677863,0.19001148105625718,0.134902411021814,0.6737466513585917,0.4439341752774589,,True
SZ000902,13.789999,1.763117,0.16054343666283966,0.1182548794489093,0.059892843474933025,0.030616150019135095,,True
SZ000903,2.0300002,0.5253142,0.05778798316111749,0.025449674703406047,0.04496747034060467,0.03329506314580941,,True
SZ000905,9.34,1.7354563,0.459433601224646,0.5656333716035209,0.43455797933409873,0.8340987370838117,量能比,False
SZ000906,6.19,0.78700584,0.15480290853425183,0.11710677382319173,0.06257175660160735,0.14313050133945657,,True
SZ000908,6.1,0.7045865,0.30960581706850365,0.534443168771527,0.8220436280137773,0.5960581706850363,量能动量,False
SZ000909,5.7,0.42081833,0.44489092996555685,0.5533869115958668,0.08878683505549177,0.5478377344048986,,True
SZ000910,6.89,0.57768506,0.19690011481056258,0.8899732108687333,0.9965556831228473,0.9982778415614236,量能波动;量能动量;量能比,False
SZ000911,5.3,1.0607873,0.4305396096440873,0.4766551856104095,0.04228855721393035,0.17776502104860314,,True
SZ000912,4.2200003,4.1994057,0.8779181017986988,0.5411404515882128,0.2864523536165327,0.053578262533486416,量能水平,False
SZ000913,10.79,0.38275272,0.009184845005740528,0.005931879066207424,0.711825487944891,0.4860313815537696,,True
SZ000915,24.199999,0.9814931,0.03559127439724455,0.0003827018752391887,0.48124760811327977,0.01052430156907769,,True
SZ000917,7.11,2.2573524,0.689628779181018,0.6364332185227708,0.6615001913509376,0.07194795254496747,,True
SZ000919,6.64,0.76236737,0.28205128205128205,0.39705319556065827,0.331611174894757,0.35112897053195563,,True
SZ000920,12.77,1.3997685,0.2941063911213165,0.8662456946039035,0.9831611174894757,0.9965556831228473,量能波动;量能动量;量能比,False
SZ000921,26.699999,2.6725218,0.5920398009950248,0.6611174894756985,0.29755070799846917,0.6806352851128971,,True
SZ000922,12.21,0.97888315,0.18809797168006123,0.28587830080367393,0.5757749712973593,0.4567546880979717,,True
SZ000923,16.6,3.3705785,0.5197091465748183,0.11653272101033295,0.11404515882127822,0.08381171067738231,,True
SZ000925,8.16,3.5132067,0.9313050133945656,0.6440872560275546,0.16781477229238423,0.011481056257175661,量能水平,False
SZ000926,2.1499999,0.740336,0.5788365862992728,0.698622273249139,0.746268656716418,0.530233448143896,,True
SZ000927,2.48,1.0416683,0.7024492920015308,0.532529659395331,0.5459242250287026,0.39724454649827784,,True
SZ000928,5.4100003,1.5291548,0.4661308840413318,0.2328740910830463,0.4016456180635285,0.04955989284347493,,True
SZ000929,9.28,0.3649796,0.10868733256792958,0.08629927286643704,0.38327592805204747,0.3777267508610792,,True
SZ000930,5.41,4.6149297,0.8430922311519327,0.7573670110983544,0.06505931879066207,0.6060084194412553,量能水平,False
SZ000931,4.6899996,2.518413,0.9814389590508994,0.8957137389973211,0.7868350554917719,0.001148105625717566,量能水平;量能波动,False
SZ000932,3.5700002,3.0827055,0.7493302717183314,0.5707998469192499,0.1517412935323383,0.3319938767699962,,True
SZ000933,26.380001,10.33027,0.12495216226559511,0.19001148105625718,0.4820130118637581,0.4707233065442021,,True
SZ000935,20.45,0.9216597,0.015308075009567547,0.052430156907768845,0.8143895905089935,0.6848450057405281,量能动量,False
SZ000936,5.56,1.2096591,0.41733639494833524,0.6766169154228856,0.8076923076923077,0.5426712590891696,量能动量,False
SZ000937,4.48,2.3495133,0.19383849980864906,0.12667432070417145,0.28664370455415233,0.1689628779181018,,True
SZ000938,33.77,50.677647,0.9927286643704554,0.9389590508993494,0.5535782625334864,0.44776119402985076,量能水平;量能波动,False
SZ000948,13.820001,1.1571023,0.5221967087638729,0.6264829697665518,0.721201683888251,0.28530424799081516,,True
SZ000949,6.93,3.9361548,0.5642939150401837,0.5101415996938385,0.1484883275928052,0.2093379257558362,,True
SZ000950,5.2899995,1.1412873,0.49770378874856486,0.49827784156142363,0.5889781859931114,0.1791044776119403,,True
SZ000951,20.24,2.7007585,0.038461538461538464,0.04286261002678913,0.432070417145044,0.1448526597780329,,True
SZ000952,6.6900005,0.387545,0.13069269039418294,0.2638729429774206,0.31381553769613474,0.5975889781859931,,True
SZ000953,6.17,0.48314792,0.10830463069269039,0.12935323383084577,0.3612705702257941,0.4634519709146575,,True
SZ000955,4.12,0.38466647,0.25947187141216993,0.2462686567164179,0.6042862610026789,0.8270187523918867,量能比,False
SZ000957,10.0,1.563746,0.1178721775736701,0.1959433601224646,0.002296211251435132,0.406620742441638,,True
SZ000958,5.08,0.5769088,0.1352851128970532,0.16016073478760046,0.08381171067738231,0.6379640260237275,,True
SZ000959,3.52,1.029109,0.3872942977420589,0.26502104860313813,0.3719862227324914,0.18752391886720246,,True
SZ000960,33.69,10.468989,0.4663222349789514,0.19632606199770378,0.6293532338308457,0.30290853425181785,,True
SZ000962,60.530003,13.314582,0.8230003827018753,0.5409491006505932,0.08055874473784921,0.6913509376195943,量能水平,False
SZ000963,26.62,3.1747901,0.05644852659778033,0.236318407960199,0.7916188289322618,0.4833524684270953,,True
SZ000965,3.3899999,1.3938749,0.703788748564868,0.664179104477612,0.7298124760811328,0.0507079984691925,,True
SZ000966,4.03,1.5545498,0.647148871029468,0.6963260619977037,0.09969383849980865,0.582089552238806,,True
SZ000967,8.17,4.614103,0.799081515499426,0.7732491389207807,0.5229621125143513,0.49502487562189057,,True
SZ000968,7.0899997,2.1122353,0.7078071182548794,0.5394182931496364,0.16456180635285114,0.13413700727133562,,True
SZ000969,17.26,3.2393913,0.6138538078836586,0.24512055109070036,0.5780711825487945,0.29927286643704554,,True
SZ000970,11.759999,2.5124147,0.31343283582089554,0.2927669345579793,0.8515116724071948,0.46785304247990817,量能动量,False
SZ000972,4.1,1.1908319,0.6714504401071565,0.4230769230769231,0.03329506314580941,0.08572522005357826,,True
SZ000973,11.97,4.0391364,0.6521239954075775,0.5116724071947952,0.7870264064293915,0.5239188672024493,,True
SZ000975,24.199999,11.015075,0.3474933027171833,0.4492920015308075,0.6347110600841944,0.6863758132414849,,True
SZ000977,72.149994,60.392284,0.904707233065442,0.7466513585916571,0.6140451588212782,0.20340604668962878,量能水平,False
SZ000978,8.4,6.0111904,0.9456563337160352,0.9887102946804439,0.6486796785304249,0.9508228090317643,量能水平;量能波动;量能比,False
SZ000980,2.18,7.21295,0.9977037887485649,0.9973210868733257,0.023918867202449293,0.9215461155759663,量能水平;量能波动;量能比,False
SZ000981,2.88,12.33397,0.9942594718714122,0.9975124378109452,0.004975124378109453,0.9776119402985075,量能水平;量能波动;量能比,False
SZ000983,6.62,5.384003,0.4439341752774589,0.2805204745503253,0.30501339456563337,0.20761576731725986,,True
SZ000985,17.7,0.59189403,0.2755453501722158,0.2202449292001531,0.4659395331037122,0.015499425947187142,,True
SZ000987,7.46,2.030769,0.18101798698813623,0.16953693073096057,0.56601607347876,0.20283199387677,,True
SZ000988,107.09,50.551548,0.8582089552238806,0.6504018369690011,0.6385380788365863,0.7215843857634903,量能水平,False
SZ000989,8.83,1.408981,0.3982013011863758,0.521239954075775,0.6771909682357443,0.26406429391504016,,True
SZ000990,6.6000004,2.4731247,0.8119020283199387,0.6794871794871795,0.36299272866437043,0.21814006888633755,量能水平,False
SZ000993,20.91,7.7854366,0.9154228855721394,0.9133180252583237,0.10026789131266743,0.9877535399923459,量能水平;量能波动;量能比,False
SZ000995,11.740001,0.7734554,0.3978185993111366,0.7717183314198239,0.9695752009184845,0.8185993111366245,量能动量;量能比,False
SZ000997,19.76,5.541137,0.47799464217374665,0.2592805204745503,0.5977803291236127,0.019709146574818218,,True
SZ000998,9.01,6.3183937,0.8365862992728664,0.7533486414083429,0.41599693838499807,0.155185610409491,量能水平,False
SZ000999,23.839998,1.8752832,0.3044393417527746,0.37370838117106775,0.6350937619594336,0.4873708381171068,,True
SZ001201,16.300001,1.232733,0.9410639112131649,0.9205893608878684,0.7225411404515882,0.9527363184079602,量能水平;量能波动;量能比,False
SZ001202,15.14,0.32652593,0.19402985074626866,0.4150401836969001,0.7359357060849598,0.7988901645618064,,True
SZ001203,24.539999,3.9166615,0.7623421354764638,0.7676999617298125,0.16800612323000383,0.563719862227325,,True
SZ001205,14.6,0.52283955,0.3706467661691542,0.39724454649827784,0.48545732874091085,0.6222732491389208,,True
SZ001206,17.27,0.5631423,0.5361653272101033,0.6699196326061998,0.8285495598928435,0.5629544584768466,量能动量,False
SZ001207,18.64,0.77494735,0.3597397627248374,0.5635285112897053,0.9443168771526981,0.9081515499425947,量能动量;量能比,False
SZ001208,13.959999,1.7197028,0.3922694221201684,0.6276310753922695,0.9138920780711826,0.650019135093762,量能动量,False
SZ001209,18.92,0.8598396,0.6620742441637965,0.9485265977803291,0.9644087256027555,0.9978951396861845,量能波动;量能动量;量能比,False
SZ001210,29.72,2.1693864,0.6230386528893992,0.5702257941063911,0.19115958668197475,0.054917719096823574,,True
SZ001211,25.59,1.0366043,0.6071565250669728,0.8277841561423651,0.9408725602755453,0.9735935706084959,量能波动;量能动量;量能比,False
SZ001212,38.65,1.6514276,0.6167240719479525,0.7550707998469193,0.29927286643704554,0.9657481821660926,量能比,False
SZ001213,3.5099998,0.23190676,0.19651741293532338,0.18694986605434366,0.2569843092231152,0.2835820895522388,,True
SZ001215,33.48,0.55408907,0.2359357060849598,0.5283199387677,0.8501722158438576,0.7631075392269422,量能动量,False
SZ001216,26.470001,0.89440745,0.366054343666284,0.9431687715269805,0.017412935323383085,0.9961729812476081,量能波动;量能比,False
SZ001217,10.97,0.3820075,0.3239571373899732,0.6192116341370073,0.8960964408725602,0.5017221584385764,量能动量,False
SZ001218,24.23,0.34914672,0.37332567929582855,0.18982013011863758,0.38633754305396095,0.7129735935706085,,True
SZ001219,12.76,0.27117017,0.08629927286643704,0.020091848450057407,0.17202449292001532,0.24856486796785304,,True
SZ001220,32.030003,0.35668257,0.40394182931496364,0.4774205893608879,0.09988518943742825,0.7493302717183314,,True
SZ001221,35.71,1.1644793,0.8310371220818982,0.7906620742441638,0.803291236127057,0.18427095292766935,量能水平;量能动量,False
SZ001222,16.03,1.0202385,0.5239188672024493,0.6747034060466897,0.492920015308075,0.7445464982778416,,True
SZ001223,44.54,1.1562462,0.5947187141216992,0.8419441255262151,0.27611940298507465,0.9569460390355913,量能波动;量能比,False
SZ001225,50.920002,0.5413133,0.4357060849598163,0.2401454267125909,0.37676999617298124,0.8668197474167624,量能比,False
SZ001226,46.149998,0.3504451,0.11921163413700728,0.2807118254879449,0.03138155376961347,0.7238805970149254,,True
SZ001227,2.11,1.5826988,0.8893991580558744,0.8254879448909299,0.05568312284730195,0.23880597014925373,量能水平;量能波动,False
SZ001228,34.94,0.74762225,0.56601607347876,0.26406429391504016,0.2466513585916571,0.6909682357443552,,True
SZ001229,39.89,1.7544537,0.5560658247225412,0.4383849980864906,0.8099885189437428,0.7600459242250287,量能动量,False
SZ001230,19.41,1.2630237,0.7097206276310754,0.4644087256027555,0.5128205128205128,0.12571756601607348,,True
SZ001231,22.64,0.51352215,0.36988136241867586,0.410830463069269,0.18561040949100652,0.5407577497129736,,True
SZ001233,46.49,0.71826863,0.6488710294680444,0.9747416762342136,0.9887102946804439,0.9885189437428243,量能波动;量能动量;量能比,False
SZ001234,29.25,0.41521105,0.20570225794106392,0.56601607347876,0.9410639112131649,0.9454649827784156,量能动量;量能比,False
SZ001236,8.06,1.0612912,0.19460390355912743,0.2569843092231152,0.6659012629161883,0.16437045541523154,,True
SZ001237,51.14,0.66061956,0.6946039035591275,0.8974358974358975,0.8298890164561806,0.9200153080750095,量能波动;量能动量;量能比,False
SZ001238,26.13,0.20644043,0.029276693455797934,0.5172215843857635,0.9609644087256027,0.9841178721775736,量能动量;量能比,False
SZ001255,27.12,0.31622013,0.17489475698430923,0.12476081132797551,0.14370455415231534,0.40049751243781095,,True
SZ001256,21.830002,0.5235938,0.264638346727899,0.1283964791427478,0.4768465365480291,0.12189054726368159,,True
SZ001257,23.310001,2.2557015,0.8444316877152698,0.5750095675468809,0.5380788365862993,0.20551090700344432,量能水平,False
SZ001258,11.71,12.754353,0.9448909299655568,0.9230769230769231,0.7137389973210869,0.03578262533486414,量能水平;量能波动,False
SZ001259,48.879997,0.45424643,0.1289705319556066,0.5233448143895905,0.9711060084194413,0.8606965174129353,量能动量;量能比,False
SZ001260,20.28,0.39220455,0.2432070417145044,0.7106773823191733,0.9548411787217758,0.7187141216991964,量能动量,False
SZ001266,37.75,0.8026887,0.5290853425181783,0.9158055874473785,0.9933027171833142,0.8838499808649063,量能波动;量能动量;量能比,False
SZ001267,38.190002,11.135751,0.7476081132797551,0.7275162648296977,0.7164179104477612,0.6928817451205511,,True
SZ001268,26.57,1.3208557,0.566972828166858,0.7994642173746651,0.9667049368541906,0.15767317259854574,量能动量,False
SZ001269,19.310001,0.34039128,0.1318407960199005,0.22426329889016455,0.25181783390738616,0.8545732874091083,量能比,False
SZ001270,99.99,4.936102,0.51415996938385,0.351894374282434,0.5080367393800229,0.7908534251817834,,True
SZ001277,30.76,1.0098608,0.6792958285495599,0.09835438193647149,0.34577114427860695,0.004783773440489858,,True
SZ001278,16.62,0.8521472,0.6435132032146957,0.42728664370455416,0.19517795637198623,0.11672407194795255,,True
SZ001279,26.63,0.22969902,0.7192881745120551,0.5947187141216992,0.3907386146192116,0.2763107539226942,,True
SZ001280,63.11,3.53421,0.9070034443168772,0.6289705319556066,0.26942212016838885,0.10026789131266743,量能水平,False
SZ001282,16.460001,0.4242749,0.23268274014542673,0.7730577879831612,0.9649827784156142,0.9387676999617298,量能动量;量能比,False
SZ001283,48.850002,1.7197126,0.7883658629927287,0.9138920780711826,0.9347493302717184,0.5112897053195561,量能波动;量能动量,False
SZ001285,42.760002,0.5895094,0.5122464600076541,0.38920780711825487,0.7022579410639113,0.039992345962495214,,True
SZ001286,9.58,1.9751552,0.8432835820895522,0.6266743207041715,0.10199004975124377,0.12973593570608496,量能水平,False
SZ001287,24.970001,4.172519,0.9705319556065825,0.8555300420972063,0.41350937619594336,0.9209720627631075,量能水平;量能波动;量能比,False
SZ001288,31.790003,1.6998515,0.4873708381171068,0.6312667432070417,0.8796402602372752,0.6125143513203215,量能动量,False
SZ001289,15.140001,0.6291322,0.5663987753539992,0.5279372368924607,0.24588595484117873,0.5139686184462304,,True
SZ001296,20.09,0.8210264,0.4686184462303865,0.6333716035208573,0.715078453884424,0.14810562571756603,,True
SZ001298,17.09,1.7097023,0.5300420972062763,0.25526215078453884,0.5176042862610026,0.08189820130118637,,True
SZ001299,10.45,2.0062935,0.7064676616915423,0.5887868350554918,0.016264829697665517,0.14045158821278225,,True
SZ001300,12.69,0.6157192,0.4992345962495216,0.4456563337160352,0.5147340221967087,0.7074244163796403,,True
SZ001301,50.08,2.599766,0.7210103329506314,0.6850363566781478,0.6685801760428626,0.4663222349789514,,True
SZ001306,57.07,0.44173655,0.5244929200153081,0.6482969766551856,0.979716800612323,0.9915805587447378,量能动量;量能比,False
SZ001308,18.16,0.27316517,0.3027171833141982,0.22158438576349024,0.6148105625717566,0.4601990049751244,,True
SZ001309,411.57,48.25079,0.7529659395331038,0.5365480290853425,0.6083046306926904,0.5507079984691925,,True
SZ001311,17.22,0.6763744,0.6213164944508228,0.5956754688097972,0.7091465748182166,0.4158055874473785,,True
SZ001312,18.12,0.36223128,0.38672024492920015,0.8440489858400306,0.8392652123995408,0.9663222349789514,量能波动;量能动量;量能比,False
SZ001313,7.44,1.4692591,0.6907768848067356,0.5432453119020283,0.049177190968235744,0.09242250287026406,,True
SZ001314,54.95,1.6578333,0.7238805970149254,0.798124760811328,0.607539226942212,0.6999617298124761,,True
SZ001316,28.9,1.4187523,0.5692690394182931,0.5935706084959816,0.6037122081898201,0.30673555300420974,,True
SZ001317,65.96,2.4137688,0.5778798316111748,0.8425181783390738,0.8027171833141983,0.9039418293149637,量能波动;量能动量;量能比,False
SZ001318,11.83,0.4398487,0.2942977420589361,0.26884806735553,0.2579410639112132,0.09911978568694986,,True
SZ001319,22.33,0.58980095,0.3451970914657482,0.5057405281285878,0.0019135093761959434,0.5575966322234979,,True
SZ001322,6.9500003,0.2753609,0.42786069651741293,0.8880597014925373,0.9741676234213548,0.8633754305396096,量能波动;量能动量;量能比,False
SZ001323,17.76,0.29342565,0.41370072713356293,0.3143895905089935,0.2426329889016456,0.04975124378109453,,True
SZ001324,21.640001,0.99572754,0.6195943360122464,0.730195177956372,0.44661308840413316,0.6496364332185228,,True
SZ001325,37.24,0.43133953,0.451396861844623,0.2964026023727516,0.24741676234213547,0.081132797550708,,True
SZ001326,98.55,2.283203,0.7541140451588213,0.8494068120933792,0.9173363949483353,0.9460390355912744,量能波动;量能动量;量能比,False
SZ001328,30.32,0.40274975,0.4422120168388825,0.20474550325296595,0.16513585916570991,0.06869498660543437,,True
SZ001330,5.5200005,7.7670836,0.9883275928052048,0.7583237657864523,0.17412935323383086,0.04535017221584386,量能水平,False
SZ001331,45.549995,2.50179,0.4010715652506697,0.4085342518178339,0.6270570225794107,0.6460007654037505,,True
SZ001332,28.04,0.62372464,0.4837351703023345,0.8287409108304631,0.9282433983926521,0.9265212399540758,量能波动;量能动量;量能比,False
SZ001333,20.13,0.28317195,0.3308457711442786,0.2127822426329889,0.2914274779946422,0.5218140068886338,,True
SZ001335,33.65,0.21182293,0.18561040949100652,0.18101798698813623,0.6806352851128971,0.6689628779181018,,True
SZ001336,19.74,0.4367343,0.3656716417910448,0.4355147340221967,0.5937619594336012,0.8987753539992346,量能比,False
SZ001337,49.41,7.9501953,0.7032146957520092,0.6484883275928052,0.41944125526215076,0.18312284730195177,,True
SZ001338,9.110001,1.1360754,0.6107921928817451,0.0744355147340222,0.1691542288557214,0.054152315346345195,,True
SZ001339,81.3,4.4857616,0.5949100650593188,0.3991580558744738,0.749521622655951,0.686758515116724,,True
SZ001356,9.55,0.5677556,0.6854190585533869,0.8993494068120934,0.8599311136624569,0.836777650210486,量能波动;量能动量;量能比,False
SZ001358,25.0,0.45299944,0.4355147340221967,0.7083811710677382,0.571182548794489,0.9094910065059318,量能比,False
SZ001359,90.1,2.4829237,0.44699579027937236,0.26119402985074625,0.23134328358208955,0.5191350937619594,,True
SZ001360,21.060001,1.2775193,0.762724837351703,0.7843474933027171,0.6482969766551856,0.70283199387677,,True
SZ001365,36.58,1.5793816,0.8735170302334482,0.9889016456180635,0.8978185993111366,0.9911978568694987,量能水平;量能波动;量能动量;量能比,False
SZ001366,13.389999,1.5617408,0.6999617298124761,0.21393034825870647,0.09070034443168772,0.0269804822043628,,True
SZ001367,21.480001,0.40554652,0.41676234213547647,0.42690394182931496,0.6595866819747417,0.3176425564485266,,True
SZ001368,34.84,1.0357533,0.6270570225794107,0.4768465365480291,0.7529659395331038,0.9240336777650211,量能比,False
SZ001369,12.5199995,0.8155442,0.650019135093762,0.7640642939150402,0.25851511672407196,0.621699196326062,,True
SZ001373,31.120003,0.53025186,0.49732108687332566,0.9309223115193265,0.984883275928052,0.9814389590508994,量能波动;量能动量;量能比,False
SZ001376,12.919999,1.981442,0.9651741293532339,0.9963643321852277,0.937236892460773,0.871220818982013,量能水平;量能波动;量能动量;量能比,False
SZ001378,23.4,1.2585597,0.8876769996172982,0.9617298124760811,0.8907386146192117,0.9955989284347493,量能水平;量能波动;量能动量;量能比,False
SZ001379,15.87,0.23484948,0.19020283199387678,0.15308075009567546,0.1955606582472254,0.3281668580176043,,True
SZ001380,18.609999,0.3543315,0.13605051664753157,0.13432835820895522,0.533486414083429,0.41427477994642176,,True
SZ001382,16.58,0.44937167,0.4864140834290088,0.46766169154228854,0.19651741293532338,0.21106008419441255,,True
SZ001386,16.400002,0.732672,0.6804439341752775,0.4527363184079602,0.46077305778798316,0.4289131266743207,,True
SZ001387,11.95,0.3078841,0.39418293149636435,0.18809797168006123,0.33218522770761577,0.6132797550707998,,True
SZ001388,20.92,1.2127972,0.8274014542671259,0.6132797550707998,0.04286261002678913,0.24818216609261384,量能水平,False
SZ001389,198.65,13.181019,0.9165709911978569,0.9911978568694987,0.9678530424799081,0.9512055109070034,量能水平;量能波动;量能动量;量能比,False
SZ001390,17.550001,0.37183264,0.4326444699579028,0.7765021048603138,0.8335246842709529,0.8124760811327976,量能动量;量能比,False
SZ001391,3.93,0.8745058,0.7833907386146192,0.9228855721393034,0.9370455415231534,0.6592039800995025,量能波动;量能动量,False
SZ001393,42.300003,1.0451696,0.8773440489858401,0.9477611940298507,0.5093761959433601,0.8356295445847685,量能水平;量能波动;量能比,False
SZ001395,30.119999,0.42936957,0.33352468427095294,0.25468809797168007,0.6012246460007654,0.2464600076540375,,True
SZ001396,32.670002,0.29325157,0.269804822043628,0.4898584003061615,0.654228855721393,0.8379257558362035,量能比,False
SZ001399,23.52,6.5884743,0.9931113662456946,0.999043245311902,0.3354381936471489,0.9649827784156142,量能水平;量能波动;量能比,False
SZ001400,76.96,1.9480479,0.6184462303865289,0.29238423268274016,0.7571756601607348,0.08878683505549177,,True
SZ001696,15.91,7.0785537,0.0813241484883276,0.16628396479142749,0.6312667432070417,0.16360505166475317,,True
SZ001872,22.910002,0.7185167,0.0024875621890547263,0.006123230003827019,0.5543436662839648,0.2826253348641408,,True
SZ001896,12.139999,9.043987,0.9284347493302717,0.9121699196326062,0.009184845005740528,0.7946804439341753,量能水平;量能波动,False
SZ001914,9.14,0.80558705,0.03635667814772292,0.09854573287409109,0.8348641408342901,0.3228090317642556,量能动量,False
SZ001965,9.8,1.5080605,0.6505931879066208,0.5918484500574053,0.1448526597780329,0.6766169154228856,,True
SZ001979,7.2700005,7.6838336,0.9967470340604669,0.9977037887485649,0.9575200918484501,0.5128205128205128,量能水平;量能波动;量能动量,False
SZ002001,26.66,5.6569905,0.017412935323383085,0.07979334098737084,0.5694603903559128,0.39800995024875624,,True
SZ002003,11.29,1.8891456,0.015690776884806735,0.044393417527745886,0.27190968235744356,0.10218140068886337,,True
SZ002004,4.51,1.3534247,0.09012629161882893,0.1798698813624187,0.4058553386911596,0.46804439341752774,,True
SZ002005,2.68,0.52396035,0.33735170302334483,0.8335246842709529,0.7594718714121699,0.978760045924225,量能波动;量能比,False
SZ002006,13.48,0.8580287,0.03329506314580941,0.033677765021048606,0.46115575966322236,0.2263681592039801,,True
SZ002007,13.2699995,1.4075652,0.0032529659395331037,0.06295445847684654,0.7856869498660544,0.6789131266743207,,True
SZ002008,94.26,43.253315,0.6657099119785687,0.5870646766169154,0.4433601224646001,0.6544202066590127,,True
SZ002009,15.62,1.1162077,0.06869498660543437,0.027171833141982394,0.46842709529276694,0.5650593187906621,,True
SZ002010,4.58,0.75848454,0.12208189820130119,0.06525066972828167,0.2898966704936854,0.15442020665901263,,True
SZ002011,14.76,6.280291,0.6010332950631458,0.5606582472254114,0.08342900880214313,0.5591274397244547,,True
SZ002012,7.21,0.7265268,0.16035208572522006,0.059318790662074246,0.33907386146192114,0.3467278989667049,,True
SZ002014,10.94,0.35142037,0.0003827018752391887,0.001722158438576349,0.0438193647148871,0.04936854190585534,,True
SZ002015,16.060001,19.582869,0.8800229621125144,0.7908534251817834,0.014159969383849981,0.08725602755453502,量能水平,False
SZ002016,4.77,0.492349,0.06659012629161883,0.20493685419058552,0.6620742441637965,0.7183314198239571,,True
SZ002017,14.940001,7.0353017,0.5030616150019135,0.4590508993494068,0.5717566016073479,0.019135093761959432,,True
SZ002019,9.59,0.76129264,0.007462686567164179,0.0742441637964026,0.6251435132032147,0.4517795637198622,,True
SZ002020,11.629999,1.4443063,0.022196708763872943,0.11557596632223498,0.7879831611174895,0.5453501722158438,,True
SZ002021,2.6199996,0.63553554,0.09376195943360123,0.05147340221967087,0.3484500574052813,0.662265595101416,,True
SZ002022,6.19,0.46263647,0.010907003444316877,0.5290853425181783,0.994833524684271,0.9850746268656716,量能动量;量能比,False
SZ002023,10.059999,1.1257441,0.05032529659395331,0.4010715652506697,0.9682357443551474,0.8918867202449292,量能动量;量能比,False
SZ002024,1.1700001,0.22172336,0.005357826253348641,0.02736318407960199,0.19460390355912743,0.4770378874856487,,True
SZ002025,73.2,8.756117,0.1350937619594336,0.324531190202832,0.06582472254114045,0.8096058170685037,量能比,False
SZ002026,11.0,2.1071863,0.3038652889399158,0.5336777650210486,0.5350172215843858,0.5241102181400689,,True
SZ002027,4.75,5.732885,0.5750095675468809,0.4192499043245312,0.4251817833907386,0.3107539226942212,,True
SZ002028,128.40001,18.034296,0.04324531190202832,0.18006123230003826,0.6768082663605052,0.23689246077305778,,True
SZ002029,9.11,1.8727461,0.10926138538078836,0.46747034060466897,0.8962877918101799,0.8654802908534251,量能动量;量能比,False
SZ002030,5.58,1.0007665,0.011289705319556066,0.17738231917336394,0.8635667814772292,0.744355147340222,量能动量,False
SZ002031,5.28,5.088029,0.350937619594336,0.3760045924225029,0.6913509376195943,0.16704936854190586,,True
SZ002032,39.3,0.78532135,0.00019135093761959434,0.00019135093761959434,0.20474550325296595,0.19651741293532338,,True
SZ002033,8.41,2.335402,0.24531190202831993,0.05893608878683505,0.11213164944508228,0.03922694221201684,,True
SZ002034,14.499999,1.1045964,0.08266360505166476,0.19115958668197475,0.08266360505166476,0.13930348258706468,,True
SZ002035,4.61,0.585329,0.001722158438576349,0.023344814389590508,0.5034443168771527,0.24588595484117873,,True
SZ002036,6.3700004,2.2570767,0.19154228855721392,0.4425947187141217,0.6567164179104478,0.6488710294680444,,True
SZ002037,7.0299997,0.38127825,0.015116724071947953,0.04764638346727899,0.709911978568695,0.8084577114427861,量能比,False
SZ002038,5.91,1.9860536,0.06582472254114045,0.22809031764255644,0.8589743589743589,0.09682357443551473,量能动量,False
SZ002039,19.18,0.9671758,0.02200535782625335,0.07252200535782626,0.2625334864140834,0.6502104860313815,,True
SZ002040,9.29,3.028683,0.6576731725985457,0.6779563719862227,0.021814006888633754,0.6435132032146957,,True
SZ002041,10.47,7.661011,0.6394948335246843,0.6605434366628397,0.16724071947952546,0.1182548794489093,,True
SZ002042,4.04,1.5169502,0.1354764638346728,0.6172981247608114,0.9854573287409109,0.8855721393034826,量能动量;量能比,False
SZ002043,11.34,1.2566594,0.0044010715652506695,0.11863758132414849,0.4651741293532338,0.6521239954075775,,True
SZ002044,4.59,2.9410198,0.18771526980482203,0.3716035208572522,0.250478377344049,0.8149636433218522,量能比,False
SZ002045,9.4,2.2991,0.3476846536548029,0.4965556831228473,0.8804056639877536,0.20512820512820512,量能动量,False
SZ002046,64.29,8.152658,0.1446613088404133,0.1289705319556066,0.40719479525449676,0.7724837351703023,,True
SZ002047,3.3700001,1.2552657,0.5696517412935324,0.5128205128205128,0.6928817451205511,0.19364714887102946,,True
SZ002048,18.55,2.628083,0.016838882510524303,0.09701492537313433,0.4896670493685419,0.6161500191350937,,True
SZ002049,61.860004,6.652576,0.022770761576731725,0.07233065442020666,0.8513203214695751,0.6997703788748565,量能动量,False
SZ002050,36.2,14.349277,0.08572522005357826,0.18541905855338692,0.4397244546498278,0.8501722158438576,量能比,False
SZ002051,8.99,1.8678693,0.6352851128970533,0.7522005357826254,0.712782242632989,0.8318025258323766,量能比,False
SZ002052,8.47,0.7567731,0.27535399923459625,0.1178721775736701,0.08534251817833907,0.05817068503635668,,True
SZ002053,9.55,0.75150806,0.257558362035974,0.1553769613471106,0.2066590126291619,0.27152698048220436,,True
SZ002054,7.14,0.61516255,0.13279755070799848,0.08610792192881746,0.22043628013777267,0.3065442020665901,,True
SZ002055,6.99,0.8432196,0.23899732108687333,0.5313815537696135,0.8061615001913509,0.8658629927286644,量能动量;量能比,False
SZ002056,20.33,3.6401348,0.14064293915040182,0.2885572139303483,0.6680061232300039,0.5275545350172216,,True
SZ002057,9.13,1.2303258,0.09854573287409109,0.12246460007654038,0.7168006123230004,0.46115575966322236,,True
SZ002058,17.77,0.52988124,0.03807883658629927,0.19517795637198623,0.24856486796785304,0.8740910830463069,量能比,False
SZ002059,4.59,5.2476025,0.9018369690011481,0.7898966704936854,0.02774588595484118,0.37332567929582855,量能水平,False
SZ002060,3.0500002,0.47943443,0.09931113662456946,0.20857252200535784,0.5170302334481439,0.8252965939533103,量能比,False
SZ002061,3.3500001,0.67149734,0.31209337925755837,0.23880597014925373,0.29334098737083814,0.2428243398392652,,True
SZ002062,9.59,1.9374242,0.12954458476846537,0.48163030998851897,0.33275928052047454,0.9133180252583237,量能比,False
SZ002063,5.38,1.0147551,0.030807500956754687,0.05644852659778033,0.49445082280903174,0.33620359739762723,,True
SZ002064,9.94,4.4891734,0.15250669728281668,0.175468809797168,0.3379257558362036,0.3379257558362036,,True
SZ002065,6.8,1.9433404,0.07921928817451206,0.23517030233448144,0.8461538461538461,0.5066972828166858,量能动量,False
SZ002066,20.300001,0.5404434,0.011481056257175661,0.006314580941446613,0.43857634902411025,0.33141982395713737,,True
SZ002067,4.1,1.2718699,0.479716800612323,0.24091083046306927,0.5153080750095675,0.3178339073861462,,True
SZ002068,10.349999,5.8675833,0.6882893226176808,0.8618446230386528,0.4837351703023345,0.8830845771144279,量能波动;量能比,False
SZ002069,3.74,0.55378157,0.6747034060466897,0.5589360887868351,0.3777267508610792,0.3714121699196326,,True
SZ002072,7.31,1.8795109,0.615575966322235,0.36662839647914275,0.016073478760045924,0.026215078453884422,,True
SZ002073,5.7400002,0.77415454,0.4334098737083812,0.1377726750861079,0.3474933027171833,0.15996938384998086,,True
SZ002074,27.73,5.798141,0.4383849980864906,0.8205128205128205,0.9659395331037122,0.928817451205511,量能波动;量能动量;量能比,False
SZ002075,3.57,0.8599004,0.40088021431305015,0.19728281668580175,0.6186375813241485,0.2669345579793341,,True
SZ002076,2.1599998,0.5829881,0.4313050133945656,0.5241102181400689,0.358017604286261,0.7192881745120551,,True
SZ002077,14.09,5.7733617,0.8760045924225028,0.8591657099119786,0.42786069651741293,0.9322617680826636,量能水平;量能波动;量能比,False
SZ002078,13.68,3.666539,0.35648679678530426,0.11327975507079985,0.7960199004975125,0.3526597780329124,,True
SZ002079,9.059999,1.9567236,0.31879066207424417,0.20742441637964026,0.7895139686184462,0.7812858783008036,,True
SZ002080,62.5,32.240837,0.7164179104477612,0.8260619977037887,0.7726750861079219,0.9722541140451588,量能波动;量能比,False
SZ002081,5.23,16.14485,0.7611940298507462,0.669345579793341,0.8078836586299273,0.16743207041714506,量能动量,False
SZ002082,11.12,0.9990651,0.19900497512437812,0.49846919249904326,0.7483735170302335,0.7625334864140835,,True
SZ002083,9.83,2.6047726,0.47455032529659397,0.229238423268274,0.8406046689628779,0.6482969766551856,量能动量,False
SZ002084,6.3999996,6.152048,0.9385763490241102,0.9536930730960582,0.7011098354381936,0.5143513203214696,量能水平;量能波动,False
SZ002085,9.63,2.1403966,0.08036739380022963,0.12552621507845388,0.5621890547263682,0.9035591274397244,量能比,False
SZ002086,2.07,1.5192173,0.8321852277076157,0.5562571756601608,0.17719096823574434,0.3153463451970915,量能水平,False
SZ002088,8.129999,0.2468364,0.017030233448143896,0.02525832376578645,0.050133945656333716,0.22598545732874092,,True
SZ002090,9.17,0.5141432,0.11213164944508228,0.2558362035973976,0.5399923459624952,0.6603520857252201,,True
SZ002091,7.55,0.7355397,0.04209720627631076,0.0505166475315729,0.24933027171833141,0.6239954075774972,,True
SZ002092,4.52,2.783098,0.8166858017604286,0.5187523918867203,0.2087638729429774,0.10237275162648297,量能水平,False
SZ002093,7.7500005,1.9896467,0.3231917336394948,0.6322234978951397,0.5922311519326444,0.9630692690394183,量能比,False
SZ002094,5.38,3.5821,0.7497129735935706,0.7923842326827402,0.7784156142365097,0.05855338691159587,,True
SZ002095,16.22,1.5291868,0.6716417910447762,0.8740910830463069,0.5411404515882128,0.9808649062380406,量能波动;量能比,False
SZ002096,9.38,0.49658164,0.046880979716800615,0.1079219288174512,0.681592039800995,0.6067738231917337,,True
SZ002097,7.1299996,1.4283029,0.5914657481821661,0.7380405663987754,0.5996938384998086,0.7120168388825105,,True
SZ002098,8.240001,0.5641784,0.1618828932261768,0.20991197856869498,0.5059318790662074,0.08629927286643704,,True
SZ002099,5.63,1.2696495,0.35954841178721775,0.472636815920398,0.45752009184845005,0.39092996555683124,,True
SZ002100,7.85,2.3181205,0.2906620742441638,0.43742824339839265,0.37122081898201303,0.45464982778415614,,True
SZ002101,8.73,0.31679422,0.043436662839647915,0.0843857634902411,0.3735170302334481,0.5281285878300803,,True
SZ002102,2.76,0.42138568,0.07175660160734787,0.12399540757749714,0.3652889399158056,0.38212782242632987,,True
SZ002103,6.8999996,0.5987979,0.2462686567164179,0.6858017604286261,0.9401071565250669,0.5907003444316877,量能动量,False
SZ002104,11.679999,10.874333,0.7449292001530807,0.7824339839265212,0.8130501339456563,0.08744737849215461,量能动量,False
SZ002105,6.09,0.40561903,0.1821660926138538,0.310371220818982,0.7522005357826254,0.7468427095292767,,True
SZ002106,13.23,3.2512674,0.8193647148871029,0.9100650593187907,0.736318407960199,0.9550325296593953,量能水平;量能波动;量能比,False
SZ002107,7.33,1.892062,0.4062380405663988,0.49177190968235746,0.6435132032146957,0.30463069269039417,,True
SZ002108,4.39,1.1610371,0.11940298507462686,0.06333716035208573,0.06639877535399924,0.19690011481056258,,True
SZ002110,2.9,0.69889253,0.5713738997321087,0.36969001148105624,0.5451588212782242,0.6050516647531573,,True
SZ002111,9.45,0.8904495,0.34366628396479143,0.41102181400688864,0.3572522005357826,0.2060849598163031,,True
SZ002112,14.6,1.4946235,0.3214695752009185,0.24339839265212398,0.5390355912743973,0.223115193264447,,True
SZ002114,7.3700004,0.6829541,0.7104860313815538,0.6997703788748565,0.060084194412552624,0.3951396861844623,,True
SZ002115,10.22,3.895405,0.6232300038270188,0.587256027554535,0.6371986222732492,0.21431305013394567,,True
SZ002116,7.2,0.2564587,0.01894374282433984,0.0057405281285878304,0.22120168388825107,0.4003061615001913,,True
SZ002117,8.0,0.5945197,0.05912743972445465,0.2060849598163031,0.8497895139686185,0.47053195560658245,量能动量,False
SZ002119,24.470001,7.677127,0.7713356295445848,0.7190968235744355,0.42326827401454264,0.8589743589743589,量能比,False
SZ002120,6.8700004,2.1223385,0.6534634519709147,0.7786069651741293,0.8771526980482205,0.8147722923842327,量能动量;量能比,False
SZ002121,4.39,1.6573557,0.3886337543053961,0.697665518561041,0.8140068886337543,0.7315346345197091,量能动量,False
SZ002122,2.78,0.3117451,0.5457328740910831,0.47550707998469194,0.08706467661691543,0.4077688480673555,,True
SZ002123,8.31,1.4907162,0.6574818216609262,0.9305396096440872,0.9745503252965939,0.8859548411787218,量能波动;量能动量;量能比,False
SZ002124,2.17,3.23524,0.7870264064293915,0.8784921546115576,0.8082663605051664,0.3738997321086873,量能波动;量能动量,False
SZ002125,12.2300005,1.7473397,0.43360122464600076,0.13356295445847685,0.24358974358974358,0.09701492537313433,,True
SZ002126,38.539997,5.97917,0.3310371220818982,0.09988518943742825,0.7470340604668962,0.37045541523153463,,True
SZ002127,3.05,1.1112765,0.4380022962112514,0.330654420206659,0.8009950248756219,0.7391886720244929,量能动量,False
SZ002128,28.24,4.0326934,0.5912743972445464,0.7682740145426713,0.6712590891695369,0.7676999617298125,,True
SZ002129,9.61,6.96396,0.8295063145809415,0.967470340604669,0.9925373134328358,0.8461538461538461,量能水平;量能波动;量能动量;量能比,False
SZ002130,16.84,6.803227,0.5662074244163796,0.44087256027554533,0.08591657099119786,0.4186758515116724,,True
SZ002131,4.66,17.910444,0.8421354764638347,0.8381171067738232,0.8591657099119786,0.10926138538078836,量能水平;量能波动;量能动量,False
SZ002132,4.21,2.6807406,0.7403367776502104,0.40011481056257175,0.5673555300420972,0.12208189820130119,,True
SZ002133,2.89,0.71826434,0.6915422885572139,0.5195177956371986,0.5761576731725986,0.11347110600841945,,True
SZ002134,26.949997,3.9290369,0.8218522770761577,0.9225028702640643,0.23459624952162267,0.9110218140068886,量能水平;量能波动;量能比,False
SZ002135,6.18,0.8003841,0.5438193647148871,0.6291618828932262,0.6639877535399924,0.6069651741293532,,True
SZ002136,11.870001,0.56475013,0.37045541523153463,0.27879831611174893,0.5223880597014925,0.47722923842326825,,True
SZ002137,8.5,2.4983819,0.8719862227324914,0.983926521239954,0.9885189437428243,0.999043245311902,量能水平;量能波动;量能动量;量能比,False
SZ002138,54.35,14.096875,0.6766169154228856,0.5629544584768466,0.602372751626483,0.7401454267125909,,True
SZ002139,9.64,1.2628816,0.27573670110983545,0.17776502104860314,0.0574052812858783,0.6373899732108688,,True
SZ002140,9.48,0.62721145,0.1959433601224646,0.5055491771909683,0.6559510141599694,0.684462303865289,,True
SZ002141,7.4299994,10.684238,0.9479525449674704,0.965556831228473,0.3149636433218523,0.6659012629161883,量能水平;量能波动,False
SZ002142,34.719997,9.268161,0.8251052430156908,0.8268274014542671,0.15288939915805588,0.6475315729047072,量能水平;量能波动,False
SZ002144,10.9,0.33338636,0.5317642556448526,0.22828166858017604,0.19881362418675852,0.6525066972828167,,True
SZ002145,4.7,2.254004,0.9102564102564102,0.9326444699579028,0.9121699196326062,0.9820130118637581,量能水平;量能波动;量能动量;量能比,False
SZ002146,1.24,1.5724747,0.9565633371603521,0.9873708381171068,0.9154228855721394,0.7743972445464983,量能水平;量能波动;量能动量,False
SZ002148,6.62,0.631786,0.38423268274014544,0.7215843857634903,0.878300803673938,0.683505549177191,量能动量,False
SZ002149,33.59,4.815645,0.7617680826636051,0.5981630309988519,0.5707998469192499,0.6280137772675086,,True
SZ002150,21.699999,1.6121299,0.3534251817833907,0.5480290853425182,0.7835820895522388,0.7051282051282052,,True
SZ002151,29.750002,3.1108112,0.5960581706850363,0.8911213164944508,0.9628779181017987,0.913700727133563,量能波动;量能动量;量能比,False
SZ002152,9.33,1.8230581,0.49598163030998854,0.5170302334481439,0.33677765021048606,0.40298507462686567,,True
SZ002153,7.9099994,1.4122934,0.1792958285495599,0.48756218905472637,0.9100650593187907,0.37256027554535015,量能动量,False
SZ002154,3.85,0.9780324,0.4561806352851129,0.5137772675086107,0.11021814006888633,0.6119402985074627,,True
SZ002156,63.52,42.07349,0.978760045924225,0.9885189437428243,0.9397244546498278,0.8706467661691543,量能水平;量能波动;量能动量;量能比,False
SZ002157,3.01,5.432896,0.9305396096440872,0.8272101033295063,0.05625717566016074,0.36586299272866435,量能水平;量能波动,False
SZ002158,28.059998,3.3396976,0.5283199387677,0.5868733256792958,0.6502104860313815,0.521239954075775,,True
SZ002159,13.52,0.48994565,0.3811710677382319,0.44756984309223113,0.5575966322234979,0.3009950248756219,,True
SZ002160,3.9199998,0.55604726,0.810371220818982,0.641982395713739,0.5464982778415615,0.2638729429774206,量能水平,False
SZ002161,6.93,2.9446847,0.813241484883276,0.9171450440107156,0.8740910830463069,0.9756984309223116,量能水平;量能波动;量能动量;量能比,False
SZ002162,4.21,1.4486,0.8398392652123995,0.8436662839647914,0.3541905855338691,0.5778798316111748,量能水平;量能波动,False
SZ002163,7.9199996,3.009627,0.7640642939150402,0.8804056639877536,0.4831611174894757,0.9286261002678913,量能波动;量能比,False
SZ002164,11.739999,1.1734166,0.5941446613088404,0.9718714121699197,0.999043245311902,0.9825870646766169,量能波动;量能动量;量能比,False
SZ002165,7.38,8.7175665,0.9678530424799081,0.9408725602755453,0.8063528511289705,0.014734022196708763,量能水平;量能波动;量能动量,False
SZ002166,6.7799997,0.91714066,0.4073861461921163,0.3626100267891313,0.05453501722158439,0.16819747416762343,,True
SZ002167,16.59,7.7443986,0.8941829314963643,0.8691159586681975,0.6048603138155377,0.7885572139303483,量能水平;量能波动,False
SZ002169,14.49,3.197517,0.5658247225411405,0.8289322617680827,0.6584385763490241,0.9556065824722542,量能波动;量能比,False
SZ002170,10.82,2.4978151,0.43417527745885953,0.1953693073096058,0.39016456180635284,0.08859548411787217,,True
SZ002171,10.62,8.012314,0.9575200918484501,0.8922694221201684,0.04133180252583238,0.3582089552238806,量能水平;量能波动,False
SZ002172,5.6000004,9.277041,0.9988518943742825,0.9965556831228473,0.5346345197091465,0.7259854573287409,量能水平;量能波动,False
SZ002173,18.68,4.6713905,0.8892078071182549,0.8936088786835056,0.3101798698813624,0.7548794489092997,量能水平;量能波动,False
SZ002174,14.400001,5.849519,0.8318025258323766,0.8672024492920015,0.12303865288939916,0.8296976655185611,量能水平;量能波动;量能比,False
SZ002175,2.55,0.38114175,0.6295445847684654,0.6626482969766552,0.013011863758132415,0.21890547263681592,,True
SZ002176,8.6,4.154439,0.7699961729812476,0.3748564867967853,0.5663987753539992,0.05951014159969384,,True
SZ002177,5.75,1.8392439,0.8147722923842327,0.6576731725985457,0.45407577497129736,0.028319938767699962,量能水平,False
SZ002178,5.59,0.8849441,0.4395331037122082,0.9628779181017987,0.9955989284347493,0.9919632606199771,量能波动;量能动量;量能比,False
SZ002179,35.18,6.743637,0.3654802908534252,0.4552238805970149,0.25066972828166856,0.6285878300803674,,True
SZ002180,17.720001,1.582954,0.44068120933792576,0.8794489092996556,0.9070034443168772,0.9414466130884042,量能波动;量能动量;量能比,False
SZ002181,9.719999,7.022433,0.9747416762342136,0.8968618446230386,0.6178721775736701,0.32051282051282054,量能水平;量能波动,False
SZ002182,11.63,1.4611367,0.3517030233448144,0.15767317259854574,0.539609644087256,0.11557596632223498,,True
SZ002183,4.42,1.8889538,0.700918484500574,0.7347876004592423,0.8147722923842327,0.5989284347493302,量能动量,False
SZ002184,9.98,0.34431028,0.1111748947569843,0.4357060849598163,0.7439724454649828,0.7634902411021814,,True
SZ002185,18.28,37.100056,0.9353233830845771,0.9800995024875622,0.784921546115576,0.9561806352851129,量能水平;量能波动;量能比,False
SZ002186,9.57,0.570662,0.5870646766169154,0.4226942212016839,0.1285878300803674,0.23517030233448144,,True
SZ002187,5.6099997,0.9036276,0.8362035973976273,0.5231534634519709,0.09337925755836203,0.08075009567546881,量能水平,False
SZ002188,5.61,0.5330396,0.6326061997703789,0.5030616150019135,0.17738231917336394,0.5799846919249905,,True
SZ002189,19.329998,0.6734724,0.20187523918867203,0.162265595101416,0.08151549942594719,0.07367011098354381,,True
SZ002190,24.289999,3.0960982,0.5089934940681209,0.19823957137389972,0.32223497895139686,0.003827018752391887,,True
SZ002191,3.67,0.3980944,0.26234213547646384,0.48182166092613854,0.31879066207424417,0.7309605817068504,,True
SZ002192,62.690002,9.838822,0.5918484500574053,0.3417527745885955,0.6069651741293532,0.4119785686949866,,True
SZ002193,4.6600003,0.2518861,0.3723689246077306,0.2780329123612706,0.015690776884806735,0.08266360505166476,,True
SZ002194,10.97,5.003244,0.950440107156525,0.9376195943360123,0.1178721775736701,0.6261002678913127,量能水平;量能波动,False
SZ002195,6.2099996,5.221943,0.5597014925373134,0.4251817833907386,0.3526597780329124,0.4766551856104095,,True
SZ002196,10.21,2.3763845,0.7722923842326828,0.7139303482587065,0.5401836969001148,0.2831993876769996,,True
SZ002197,6.73,1.1927915,0.664179104477612,0.6039035591274398,0.710868733256793,0.56601607347876,,True
SZ002198,3.7,0.26190695,0.15690776884806737,0.07596632223497896,0.1993876769996173,0.1488710294680444,,True
SZ002199,12.790001,0.6237905,0.27286643704554153,0.746268656716418,0.9163796402602373,0.9538844240336778,量能动量;量能比,False
SZ002200,6.57,0.2765462,0.5365480290853425,0.5558744737849215,0.5017221584385764,0.7175660160734788,,True
SZ002201,10.5199995,6.0156207,0.8555300420972063,0.7152698048220436,0.08897818599311137,0.8107539226942212,量能水平;量能比,False
SZ002202,17.97,16.468508,0.994833524684271,0.994833524684271,0.02468427095292767,0.709911978568695,量能水平;量能波动,False
SZ002203,18.15,4.6894207,0.7661691542288557,0.5738614619211634,0.6113662456946038,0.25066972828166856,,True
SZ002204,5.4500003,2.1731477,0.836777650210486,0.8109452736318408,0.18503635667814772,0.864140834290088,量能水平;量能波动;量能比,False
SZ002205,10.87,0.35987747,0.31515499425947185,0.19460390355912743,0.35017221584385766,0.6678147722923843,,True
SZ002206,4.97,0.4555268,0.09203980099502487,0.02602372751626483,0.040949100650593186,0.11940298507462686,,True
SZ002207,5.55,0.4438986,0.5503252965939534,0.16800612323000383,0.08955223880597014,0.13624186758515117,,True
SZ002208,10.42,3.0308306,0.6978568694986605,0.7525832376578645,0.8436662839647914,0.43991580558744736,量能动量,False
SZ002209,13.46,0.79679143,0.4936854190585534,0.32969766551856106,0.24148488327592804,0.06639877535399924,,True
SZ002210,2.16,1.2448511,0.6984309223115194,0.5130118637581325,0.5715652506697283,0.4196326061997704,,True
SZ002211,3.82,0.20898852,0.4085342518178339,0.418867202449292,0.2631075392269422,0.5776884806735553,,True
SZ002212,7.3199997,7.2947807,0.983926521239954,0.9954075774971297,0.01817833907386146,0.9247990815154994,量能水平;量能波动;量能比,False
SZ002213,29.09,3.503736,0.47129735935706085,0.6534634519709147,0.182548794489093,0.9282433983926521,量能比,False
SZ002214,18.630001,1.282915,0.2202449292001531,0.31266743207041714,0.6624569460390356,0.6061997703788748,,True
SZ002215,9.8,3.3246522,0.6775736701109836,0.5468809797168006,0.6833141982395714,0.37294297742058935,,True
SZ002216,11.700001,0.6628919,0.134902411021814,0.11576731725985458,0.12169919632606199,0.07941063911213166,,True
SZ002217,1.61,1.9127864,0.964600076540375,0.9814389590508994,0.07558362035973976,0.9590508993494068,量能水平;量能波动;量能比,False
SZ002218,4.17,2.7856803,0.9611557596632223,0.9950248756218906,0.33237657864523534,0.9741676234213548,量能水平;量能波动;量能比,False
SZ002219,2.16,2.10847,0.6377726750861079,0.7269422120168388,0.4301569077688481,0.43436662839647916,,True
SZ002221,5.75,1.1369302,0.48258706467661694,0.3030998851894374,0.16991963260619977,0.21354764638346727,,True
SZ002222,71.149994,14.309191,0.6970914657481821,0.7068503635667814,0.8756218905472637,0.8999234596249521,量能动量;量能比,False
SZ002223,26.57,1.6714494,0.009567546880979716,0.017030233448143896,0.10677382319173363,0.7652123995407577,,True
SZ002224,3.7800002,0.9578094,0.5118637581324148,0.298124760811328,0.042671259089169536,0.03214695752009185,,True
SZ002225,3.57,0.6405676,0.6618828932261768,0.5840030616150019,0.5107156525066973,0.7477994642173746,,True
SZ002226,5.4500003,1.1298784,0.2466513585916571,0.7661691542288557,0.9565633371603521,0.9351320321469575,量能动量;量能比,False
SZ002228,3.23,0.71129733,0.1588212782242633,0.45445847684653656,0.2365097588978186,0.8511289705319556,量能比,False
SZ002229,11.139999,4.784677,0.764638346727899,0.3111366245694604,0.44795254496747033,0.044393417527745886,,True
SZ002230,39.12,7.910599,0.26827401454267125,0.22732491389207807,0.6760428626100268,0.4083429008802143,,True
SZ002232,15.619999,1.3637701,0.3019517795637199,0.7554535017221584,0.7386146192116342,0.9971297359357061,量能比,False
SZ002233,7.1400003,0.7055014,0.256601607347876,0.33983926521239954,0.5933792575583621,0.749521622655951,,True
SZ002234,7.94,0.4896607,0.5380788365862993,0.4722541140451588,0.30807500956754685,0.5321469575200919,,True
SZ002235,8.08,1.875438,0.5191350937619594,0.3277841561423651,0.35361653272101035,0.182548794489093,,True
SZ002236,15.89,3.6249506,0.06697282816685801,0.1044776119402985,0.36337543053960963,0.17221584385763491,,True
SZ002237,13.590001,4.0656705,0.7548794489092997,0.547646383467279,0.4626865671641791,0.12533486414083428,,True
SZ002238,6.96,0.45130464,0.20972062763107538,0.38423268274014544,0.5480290853425182,0.6063911213164944,,True
SZ002239,2.51,1.3078461,0.49942594718714123,0.4460390355912744,0.3199387676999617,0.6691542288557214,,True
SZ002240,27.449999,7.523538,0.8867202449292002,0.6823574435514734,0.48009950248756217,0.3679678530424799,量能水平,False
SZ002241,24.64,19.285816,0.5910830463069269,0.8909299655568312,0.966513585916571,0.8955223880597015,量能波动;量能动量;量能比,False
SZ002242,9.54,1.303549,0.6190202831993876,0.6404515882127823,0.0641025641025641,0.9079601990049752,量能比,False
SZ002243,7.15,0.70204383,0.3798316111748948,0.24205893608878684,0.23536165327210104,0.32644469957902794,,True
SZ002244,8.750001,3.41187,0.6928817451205511,0.8737083811710677,0.8603138155376961,0.7935323383084577,量能波动;量能动量,False
SZ002245,16.869999,8.958407,0.34577114427860695,0.5076540375047838,0.818407960199005,0.6727898966704937,量能动量,False
SZ002246,27.33,4.15091,0.6412169919632607,0.932070417145044,0.9753157290470723,0.9337925755836204,量能波动;量能动量;量能比,False
SZ002247,2.46,0.45725155,0.34022196708763874,0.18828932261768083,0.4778032912361271,0.6653272101033295,,True
SZ002248,9.6,1.9997648,0.7309605817068504,0.9104477611940298,0.8469192499043245,0.9112131649445082,量能波动;量能动量;量能比,False
SZ002249,6.4999995,2.217699,0.41044776119402987,0.6094527363184079,0.4845005740528129,0.36739380022962115,,True
SZ002250,14.45,1.872375,0.12456946039035591,0.0977803291236127,0.5859165709911979,0.12495216226559511,,True
SZ002251,3.5600002,4.2687273,0.9881362418675852,0.9202066590126292,0.057596632223497896,0.20034443168771526,量能水平;量能波动,False
SZ002252,4.9799995,1.832666,0.15729047072330654,0.14600076540375048,0.5614236509758898,0.547646383467279,,True
SZ002253,10.27,0.42879865,0.07386146192116341,0.3616532721010333,0.904707233065442,0.6953693073096058,量能动量,False
SZ002254,12.570001,1.8928002,0.43436662839647916,0.39590508993494067,0.5336777650210486,0.5928052047455032,,True
SZ002255,7.6500006,0.5998016,0.20780711825487944,0.0947187141216992,0.2897053195560658,0.37026406429391506,,True
SZ002256,3.25,1.2421205,0.23842326827401455,0.13911213164944508,0.2265595101415997,0.24722541140451587,,True
SZ002258,14.860001,4.1298575,0.5970149253731343,0.45044010715652505,0.18694986605434366,0.2944890929965557,,True
SZ002259,4.9700003,0.85743535,0.42116341370072713,0.8708381171067738,0.9724454649827784,0.9202066590126292,量能波动;量能动量;量能比,False
SZ002261,25.880001,8.260718,0.5709911978568695,0.7983161117489476,0.8968618446230386,0.8222349789513969,量能动量;量能比,False
SZ002262,21.84,1.4406136,0.01320321469575201,0.0910830463069269,0.6546115575966323,0.3147722923842327,,True
SZ002263,3.2,1.4996469,0.5577879831611174,0.5179869881362419,0.4012629161882893,0.8038652889399158,量能比,False
SZ002264,7.9700003,3.023134,0.8530424799081515,0.9559892843474933,0.9337925755836204,0.9575200918484501,量能水平;量能波动;量能动量;量能比,False
SZ002265,19.79,4.806312,0.6634137007271336,0.4657481821660926,0.17355530042097206,0.1823574435514734,,True
SZ002266,4.99,3.2850726,0.6637964026023727,0.7393800229621125,0.5512820512820513,0.6794871794871795,,True
SZ002267,7.1800003,0.82867587,0.34730195177956374,0.17145044010715652,0.13318025258323765,0.022962112514351322,,True
SZ002268,15.110001,2.0705643,0.2610026789131267,0.3287409108304631,0.06984309223115193,0.9368541905855339,量能比,False
SZ002269,1.42,0.7124305,0.8725602755453502,0.8547646383467279,0.5005740528128588,0.751435132032147,量能水平;量能波动,False
SZ002270,18.23,1.912082,0.2837734404898584,0.08285495598928434,0.49100650593187906,0.2194795254496747,,True
SZ002271,10.72,5.3383384,0.09567546880979717,0.2713356295445848,0.6220818982013012,0.33237657864523534,,True
SZ002272,16.42,4.82851,0.8825105243015691,0.9184845005740528,0.269804822043628,0.7948717948717948,量能水平;量能波动,False
SZ002273,25.849998,7.5769567,0.5673555300420972,0.47416762342135477,0.5011481056257175,0.6704936854190585,,True
SZ002275,12.28,0.2712966,0.20321469575200918,0.2864523536165327,0.09663222349789514,0.13050133945656334,,True
SZ002276,10.0199995,1.1232424,0.45484117872177576,0.25181783390738616,0.605625717566016,0.5355912743972445,,True
SZ002277,5.45,1.4242408,0.6880979716800613,0.40394182931496364,0.3348641408342901,0.37007271335629544,,True
SZ002278,8.04,1.2867414,0.8006123230003827,0.3719862227324914,0.07845388442403368,0.009376195943360123,量能水平,False
SZ002279,7.01,3.053268,0.8383084577114428,0.8239571373899732,0.21699196326061998,0.33677765021048606,量能水平;量能波动,False
SZ002281,190.37,57.107437,0.8639494833524685,0.9048985840030617,0.5510907003444316,0.8547646383467279,量能水平;量能波动;量能比,False
SZ002282,6.1,0.20440668,0.09720627631075392,0.04209720627631076,0.34691924990432454,0.4257558362035974,,True
SZ002283,8.11,1.5145752,0.47474167623421354,0.5275545350172216,0.34864140834290086,0.5216226559510142,,True
SZ002284,9.81,2.868598,0.6021814006888634,0.5407577497129736,0.19020283199387678,0.07902793723689246,,True
SZ002285,3.1999998,3.6374726,0.845771144278607,0.9548411787217758,0.9904324531190203,0.9565633371603521,量能水平;量能波动;量能动量;量能比,False
SZ002286,7.95,1.7496235,0.7323000382701875,0.47512437810945274,0.18809797168006123,0.12227324913892078,,True
SZ002287,19.94,0.27464443,0.06812093379257558,0.17125908916953694,0.4764638346727899,0.5034443168771527,,True
SZ002289,36.81,1.4668416,0.3679678530424799,0.39800995024875624,0.5784538844240337,0.6341370072713356,,True
SZ002290,77.850006,4.282221,0.5137772675086107,0.7035973976272484,0.15633371603520857,0.7426329889016456,,True
SZ002291,5.71,2.365755,0.9538844240336778,0.8694986605434366,0.6758515116724072,0.11595866819747416,量能水平;量能波动,False
SZ002292,9.13,4.0997343,0.837734404898584,0.855147340221967,0.7078071182548794,0.6270570225794107,量能水平;量能波动,False
SZ002293,10.749999,0.44491753,0.031190202831993877,0.01320321469575201,0.5432453119020283,0.1044776119402985,,True
SZ002294,31.18,3.1849878,0.35323383084577115,0.37715269804822044,0.3582089552238806,0.6364332185227708,,True
SZ002295,10.49,2.1313858,0.8208955223880597,0.9096823574435515,0.003444316877152698,0.7479908151549942,量能水平;量能波动,False
SZ002296,9.48,0.8458,0.365097588978186,0.2870264064293915,0.08840413318025259,0.6907768848067356,,True
SZ002297,21.859999,22.540218,0.9772292384232683,0.8738997321086873,0.11959433601224646,0.3105625717566016,量能水平;量能波动,False
SZ002298,8.97,3.6133308,0.7939150401836969,0.9565633371603521,0.5057405281285878,0.9219288174512055,量能波动;量能比,False
SZ002299,16.12,1.7429587,0.5782625334864141,0.750478377344049,0.0606582472254114,0.6109835438193647,,True
SZ002300,8.31,5.076314,0.872177573670111,0.9402985074626866,0.7994642173746651,0.8932261768082663,量能水平;量能波动;量能比,False
SZ002301,9.27,1.0299053,0.4418293149636433,0.7805204745503252,0.9705319556065825,0.8182166092613854,量能动量;量能比,False
SZ002302,4.71,0.26961723,0.22866437045541524,0.16283964791427477,0.26272483735170304,0.20302334481438958,,True
SZ002303,6.8999996,3.3208766,0.7319173363949484,0.8897818599311137,0.6953693073096058,0.9125526215078454,量能波动;量能比,False
SZ002304,38.35,1.7030247,0.45752009184845005,0.3078836586299273,0.6662839647914275,0.09529276693455797,,True
SZ002305,2.04,0.31801763,0.5623804056639877,0.6144278606965174,0.07921928817451206,0.5677382319173364,,True
SZ002306,2.2200003,0.34163284,0.561806352851129,0.22502870264064295,0.02602372751626483,0.033486414083429006,,True
SZ002307,3.0200002,0.70211226,0.5269804822043628,0.5024875621890548,0.6618828932261768,0.5857252200535783,,True
SZ002309,2.96,2.4521706,0.9944508228090317,0.9774205893608878,0.07405281285878301,0.5868733256792958,量能水平;量能波动,False
SZ002310,2.28,1.7372165,0.7709529276693455,0.5681209337925756,0.15595101415996937,0.7638729429774206,,True
SZ002311,42.100002,3.7059805,0.2529659395331037,0.14045158821278225,0.2397627248373517,0.27879831611174893,,True
SZ002312,8.65,3.560253,0.6741293532338308,0.37696134711060086,0.08629927286643704,0.1758515116724072,,True
SZ002313,9.3,0.7426732,0.7447378492154612,0.9148488327592805,0.9322617680826636,0.41810179869881364,量能波动;量能动量,False
SZ002314,2.3200002,0.54781353,0.895331037122082,0.9232682740145427,0.7822426329889016,0.6548029085342518,量能水平;量能波动,False
SZ002315,25.869999,1.8709726,0.5765403750478377,0.8874856486796785,0.9615384615384616,0.6578645235361653,量能波动;量能动量,False
SZ002316,4.38,0.70379263,0.744355147340222,0.5038270187523919,0.06735553004209721,0.7414848832759281,,True
SZ002317,25.51,4.6134353,0.6949866054343666,0.8407960199004975,0.831611174894757,0.7166092613853808,量能波动;量能动量,False
SZ002318,18.239998,1.5656959,0.330654420206659,0.2738231917336395,0.2904707233065442,0.1111748947569843,,True
SZ002319,10.17,0.7477736,0.7001530807500956,0.630692690394183,0.5369307309605817,0.5369307309605817,,True
SZ002320,6.67,4.415515,0.8036739380022963,0.6285878300803674,0.04707233065442021,0.046115575966322236,量能水平,False
SZ002321,2.2200003,1.2251945,0.9802908534251817,0.9988518943742825,0.9911978568694987,0.9751243781094527,量能水平;量能波动;量能动量;量能比,False
SZ002322,12.14,0.92428815,0.4226942212016839,0.5021048603138155,0.5840030616150019,0.06735553004209721,,True
SZ002323,1.27,0.38693815,0.7315346345197091,0.7711442786069652,0.46880979716800614,0.6680061232300039,,True
SZ002324,9.190001,2.2182665,0.5264064293915041,0.1961347110600842,0.25487944890929964,0.12169919632606199,,True
SZ002326,17.18,3.158419,0.5082280903176426,0.3199387676999617,0.6785304247990815,0.3549559892843475,,True
SZ002327,6.12,0.33032247,0.03501722158438576,0.007462686567164179,0.1417910447761194,0.035973976272483735,,True
SZ002328,8.7699995,6.8912625,0.9640260237275162,0.9743589743589743,0.9292001530807501,0.2125908916953693,量能水平;量能波动;量能动量,False
SZ002329,3.7,1.4369395,0.763681592039801,0.37007271335629544,0.16819747416762343,0.09644087256027555,,True
SZ002330,4.1299996,0.51223123,0.6900114810562572,0.4125526215078454,0.5022962112514351,0.45541523153463453,,True
SZ002331,6.8999996,0.5703552,0.4087256027554535,0.33218522770761577,0.4634519709146575,0.43494068120933793,,True
SZ002332,8.74,1.2432456,0.5641025641025641,0.6171067738231917,0.8574435514734022,0.13700727133562954,量能动量,False
SZ002333,5.6200004,0.6581822,0.5748182166092614,0.7229238423268274,0.914657481821661,0.5338691159586682,量能动量,False
SZ002334,6.59,0.6819045,0.3622273249138921,0.2125908916953693,0.3283582089552239,0.18561040949100652,,True
SZ002335,30.26,4.4719505,0.46766169154228854,0.7030233448143896,0.9445082280903176,0.6888633754305397,量能动量,False
SZ002337,4.77,0.33795708,0.3719862227324914,0.48469192499043245,0.18101798698813623,0.6846536548029085,,True
SZ002338,45.149998,1.5535452,0.3693073096058171,0.6902028319938768,0.9596249521622656,0.897627248373517,量能动量;量能比,False
SZ002339,7.7999997,1.6906202,0.6668580176042863,0.9236509758897818,0.5392269422120168,0.9883275928052048,量能波动;量能比,False
SZ002340,6.2599998,3.8250732,0.6701109835438194,0.4701492537313433,0.6264829697665518,0.3008036739380023,,True
SZ002342,7.8599997,3.2694228,0.9318790662074244,0.6913509376195943,0.5143513203214696,0.4192499043245312,量能水平,False
SZ002343,5.86,1.5225173,0.8936088786835056,0.49425947187141217,0.23727516264829698,0.09816303099885189,量能水平,False
SZ002344,4.01,0.40165696,0.2874091083046307,0.17336394948335246,0.1415996938384998,0.29965556831228474,,True
SZ002345,8.9,1.744186,0.49349406812093377,0.2579410639112132,0.2361270570225794,0.017604286261002678,,True
SZ002346,19.08,1.7325709,0.47837734404898585,0.4305396096440873,0.01588212782242633,0.7527745885954841,,True
SZ002347,5.9,0.8198071,0.554726368159204,0.3069269039418293,0.5610409491006506,0.13394565633371602,,True
SZ002348,10.950001,1.4667308,0.25239188672024493,0.28511289705319554,0.29582854955989285,0.7571756601607348,,True
SZ002349,8.74,6.7289977,0.8390738614619212,0.8469192499043245,0.4866054343666284,0.6831228473019518,量能水平;量能波动,False
SZ002350,14.110001,1.2366745,0.3639494833524684,0.3957137389973211,0.8530424799081515,0.5174129353233831,量能动量,False
SZ002351,10.179999,0.5979502,0.12055109070034443,0.1756601607347876,0.8339073861461921,0.6257175660160735,量能动量,False
SZ002352,30.94,5.801738,0.7135476463834672,0.6946039035591275,0.5541523153463452,0.3411787217757367,,True
SZ002353,118.920006,21.195496,0.655185610409491,0.05912743972445465,0.4425947187141217,0.572139303482587,,True
SZ002354,8.11,23.241405,0.9963643321852277,0.9890929965556832,0.7585151167240719,0.2087638729429774,量能水平;量能波动,False
SZ002355,4.7500005,0.63624907,0.5420972062763108,0.3922694221201684,0.4079601990049751,0.4351320321469575,,True
SZ002356,2.7400002,0.4645866,0.5928052047455032,0.3115193264446996,0.24225028702640644,0.6974741676234214,,True
SZ002357,12.15,1.3060066,0.2927669345579793,0.2680826636050517,0.28568694986605436,0.40929965556831227,,True
SZ002358,5.3300004,0.64025056,0.24397244546498278,0.11040949100650593,0.25200918484500573,0.607539226942212,,True
SZ002360,5.39,0.30174163,0.14734022196708763,0.6521239954075775,0.8520857252200535,0.9804822043628014,量能动量;量能比,False
SZ002361,10.42,8.360614,0.8187906620742441,0.7743972445464983,0.3608878683505549,0.5244929200153081,量能水平,False
SZ002362,16.53,1.2163084,0.879257558362036,0.9770378874856487,0.0979716800612323,0.9712973593570609,量能水平;量能波动;量能比,False
SZ002363,6.85,0.3303681,0.2596632223497895,0.24454649827784156,0.13413700727133562,0.316494450822809,,True
SZ002364,36.6,9.724732,0.7742058936088787,0.7055109070034443,0.7420589360887868,0.46249521622655954,,True
SZ002365,14.43,5.000202,0.9286261002678913,0.8138155376961347,0.2881745120551091,0.03559127439724455,量能水平;量能波动,False
SZ002366,5.7799997,2.946975,0.9605817068503636,0.8097971680061232,0.4908151549942595,0.015308075009567547,量能水平;量能波动,False
SZ002367,6.0499997,0.993522,0.4027937236892461,0.8283582089552238,0.9841178721775736,0.9190585533869116,量能波动;量能动量;量能比,False
SZ002368,13.409999,1.20244,0.5497512437810945,0.6664753157290471,0.5413318025258324,0.5931879066207424,,True
SZ002369,5.7800007,1.1136463,0.653272101033295,0.1148105625717566,0.45866819747416765,0.028893991580558744,,True
SZ002370,5.39,1.0490285,0.6289705319556066,0.6467661691542289,0.6854190585533869,0.3073096058170685,,True
SZ002371,672.92,43.682682,0.3781094527363184,0.5250669728281668,0.14619211634137008,0.7782242632988902,,True
SZ002372,8.18,0.753024,0.08553386911595867,0.09280520474550326,0.36911595866819746,0.2066590126291619,,True
SZ002373,7.4900002,1.0458341,0.7240719479525449,0.48430922311519325,0.4154228855721393,0.27841561423650973,,True
SZ002374,3.1799998,0.46632585,0.49387676999617297,0.48794489092996557,0.6400688863375431,0.7439724454649828,,True
SZ002375,3.81,0.64581305,0.5759663222349789,0.6890547263681592,0.7003444316877153,0.30635285112897054,,True
SZ002376,6.82,0.6298016,0.41063911213164944,0.43283582089552236,0.7845388442403368,0.5126291618828932,,True
SZ002377,3.05,2.2158172,0.9332185227707616,0.9517795637198623,0.029468044393417527,0.8008036739380023,量能水平;量能波动;量能比,False
SZ002378,23.599998,6.0314837,0.8497895139686185,0.8926521239954076,0.011098354381936472,0.7261768082663606,量能水平;量能波动,False
SZ002379,17.1,7.1521835,0.8329506314580941,0.7277076157673172,0.43494068120933793,0.14657481821660925,量能水平,False
SZ002380,27.510002,1.1186384,0.5464982778415615,0.4041331802525832,0.6261002678913127,0.34443168771526983,,True
SZ002381,5.59,0.2441115,0.22809031764255644,0.18159203980099503,0.14427860696517414,0.4431687715269805,,True
SZ002382,5.9599996,0.63419914,0.5287026406429391,0.5478377344048986,0.6465748182166092,0.4864140834290088,,True
SZ002383,8.21,2.4269261,0.961347110600842,0.961347110600842,0.4789513968618446,0.9085342518178339,量能水平;量能波动;量能比,False
SZ002384,198.12,114.025925,0.9556065824722542,0.8930348258706468,0.7315346345197091,0.7122081898201301,量能水平;量能波动,False
SZ002385,3.2,5.2559175,0.9837351703023345,0.8729429774205893,0.4087256027554535,0.03310371220818982,量能水平;量能波动,False
SZ002386,6.09,1.0120852,0.7923842326827402,0.9290088021431305,0.21048603138155378,0.6676234213547646,量能波动,False
SZ002387,6.9999995,0.8427661,0.7814772292384232,0.7527745885954841,0.7625334864140835,0.4058553386911596,,True
SZ002388,7.9500003,2.866405,0.9638346727898967,0.9902411021814007,0.9915805587447378,0.9383849980864907,量能水平;量能波动;量能动量;量能比,False
SZ002389,18.94,4.3750677,0.8765786452353617,0.7271335629544585,0.16570991197856869,0.2868350554917719,量能水平,False
SZ002390,3.0200002,0.8714355,0.6699196326061998,0.6402602372751627,0.36586299272866435,0.22330654420206658,,True
SZ002391,5.2599998,0.44734776,0.5463069269039418,0.45790279372368925,0.27248373517030233,0.16456180635285114,,True
SZ002392,7.7199993,0.8926309,0.4228855721393035,0.3027171833141982,0.4175277458859548,0.25889781859931116,,True
SZ002393,14.010001,0.2852252,0.3384998086490624,0.5549177190968235,0.5750095675468809,0.46880979716800614,,True
SZ002394,10.41,0.6104477,0.4125526215078454,0.14791427477994643,0.10332950631458095,0.13949483352468428,,True
SZ002395,12.639999,0.705082,0.35686949866054346,0.04936854190585534,0.17011098354381937,0.023153463451970915,,True
SZ002396,37.72,38.445446,0.9745503252965939,0.9370455415231534,0.552812858783008,0.6852277076157673,量能水平;量能波动,False
SZ002397,3.65,0.6712532,0.5074626865671642,0.35017221584385766,0.33926521239954077,0.4297742058936089,,True
SZ002398,4.23,0.4465622,0.27171833141982393,0.16762342135476463,0.46823574435514737,0.6905855338691159,,True
SZ002399,9.749999,0.46117267,0.7952544967470341,0.8798316111748947,0.7795637198622273,0.4661308840413318,量能波动,False
SZ002400,6.7599998,5.0350866,0.7543053960964409,0.804247990815155,0.8327592805204745,0.2357443551473402,量能波动;量能动量,False
SZ002401,12.28,0.367883,0.06046689628779181,0.024110218140068886,0.1725985457328741,0.3214695752009185,,True
SZ002402,18.960001,3.09271,0.3890164561806353,0.4225028702640643,0.20321469575200918,0.7254114045158822,,True
SZ002403,10.38,2.6063983,0.8790662074244164,0.6616915422885572,0.19422120168388826,0.5947187141216992,量能水平,False
SZ002404,5.91,0.4757085,0.13432835820895522,0.26195943360122464,0.4422120168388825,0.4774205893608879,,True
SZ002405,6.14,1.9021285,0.8092231151932644,0.5769230769230769,0.6831228473019518,0.4395331037122082,量能水平,False
SZ002406,6.44,0.7138331,0.37753539992345964,0.4295828549559893,0.756601607347876,0.4223115193264447,,True
SZ002407,32.65,28.422129,0.9114045158821278,0.6427477994642173,0.39092996555683124,0.2294297742058936,量能水平,False
SZ002408,5.37,1.4072597,0.4563719862227325,0.36241867585151166,0.20417145044010715,0.1582472254114045,,True
SZ002409,135.5,22.821672,0.7424416379640261,0.5575966322234979,0.45464982778415614,0.7522005357826254,,True
SZ002410,8.619999,1.9378788,0.42613853807883656,0.20436280137772675,0.1865671641791045,0.2162265595101416,,True
SZ002412,9.700001,8.972473,0.9337925755836204,0.925947187141217,0.902793723689246,0.18388825105243015,量能水平;量能波动;量能动量,False
SZ002413,8.3,3.182864,0.7338308457711443,0.6974741676234214,0.2529659395331037,0.6618828932261768,,True
SZ002414,12.2300005,6.6110907,0.5459242250287026,0.46077305778798316,0.5880214313050134,0.25162648296976653,,True
SZ002415,33.18,17.392809,0.7432070417145044,0.6437045541523153,0.7499043245311902,0.47378492154611557,,True
SZ002416,9.2300005,1.5026743,0.7726750861079219,0.8161117489475699,0.6827401454267126,0.37657864523536166,量能波动,False
SZ002418,4.69,11.432581,0.9820130118637581,0.8890164561806353,0.2500956754688098,0.005166475315729047,量能水平;量能波动,False
SZ002419,4.6600003,0.703741,0.6402602372751627,0.28836586299272865,0.2332567929582855,0.3974358974358974,,True
SZ002420,6.14,0.45902616,0.6008419441255262,0.36280137772675086,0.12973593570608496,0.49445082280903174,,True
SZ002421,3.28,4.0902295,0.7969766551856104,0.75468809797168,0.6521239954075775,0.12380405663987754,,True
SZ002422,42.0,7.6499567,0.8161117489475699,0.931113662456946,0.7983161117489476,0.7506697282816686,量能水平;量能波动,False
SZ002423,9.349999,2.232418,0.7960199004975125,0.45503252965939534,0.4186758515116724,0.02870264064293915,,True
SZ002424,4.52,0.33351785,0.13050133945656334,0.12284730195177956,0.5015308075009568,0.2740145426712591,,True
SZ002425,3.1900003,1.4323395,0.8356295445847685,0.7625334864140835,0.6379640260237275,0.13681592039800994,量能水平,False
SZ002426,2.69,1.65506,0.8021431305013395,0.9554152315346345,0.9540757749712974,0.8662456946039035,量能水平;量能波动;量能动量;量能比,False
SZ002427,4.66,1.3067132,0.8011863758132415,0.208955223880597,0.22560275545350172,0.0013394565633371603,量能水平,False
SZ002428,94.74,48.393284,0.9609644087256027,0.9140834290088021,0.7437810945273632,0.7828166858017604,量能水平;量能波动,False
SZ002429,8.25,4.0250874,0.7458859548411787,0.5044010715652507,0.7070417145044011,0.6308840413318025,,True
SZ002430,25.6,5.420623,0.7908534251817834,0.5254496747034061,0.09031764255644853,0.025832376578645237,,True
SZ002431,1.3399999,0.25781578,0.6496364332185228,0.4422120168388825,0.06486796785304248,0.30137772675086105,,True
SZ002432,64.35,11.514788,0.6758515116724072,0.5836203597397627,0.6995790279372369,0.3869115958668197,,True
SZ002434,6.23,0.8922733,0.38710294680443935,0.7598545732874091,0.8624186758515117,0.8928434749330272,量能动量;量能比,False
SZ002436,44.230003,51.784546,0.9083429008802143,0.832567929582855,0.5342518178339074,0.6854190585533869,量能水平;量能波动,False
SZ002437,3.7800002,18.799995,0.9961729812476081,0.9925373134328358,0.7644469957902794,0.17202449292001532,量能水平;量能波动,False
SZ002438,13.69,0.873217,0.2631075392269422,0.2956371986222732,0.7101033295063146,0.15097588978185994,,True
SZ002439,14.69,3.2953167,0.5388442403367777,0.7795637198622273,0.4395331037122082,0.9404898584003062,量能比,False
SZ002440,12.940001,5.7915487,0.8111366245694603,0.7552621507845388,0.8187906620742441,0.2606199770378875,量能水平;量能动量,False
SZ002441,8.200001,0.42191625,0.17661691542288557,0.16609261385380789,0.2430156907768848,0.23899732108687333,,True
SZ002442,5.85,1.354055,0.6739380022962113,0.9355147340221968,0.9833524684270953,0.993876769996173,量能波动;量能动量;量能比,False
SZ002443,13.839999,3.978038,0.7535399923459625,0.7757367011098354,0.9345579793340988,0.9031764255644853,量能动量;量能比,False
SZ002444,28.100002,2.5924273,0.3291236127057023,0.42326827401454264,0.5288939915805587,0.8308457711442786,量能比,False
SZ002445,3.17,3.6558473,0.8805970149253731,0.8002296211251435,0.47416762342135477,0.009950248756218905,量能水平;量能波动,False
SZ002446,8.299999,1.8154224,0.5447761194029851,0.4563719862227325,0.3649062380405664,0.7734404898584003,,True
SZ002448,11.26,1.9914814,0.599502487562189,0.44068120933792576,0.6484883275928052,0.24760811327975507,,True
SZ002449,6.67,0.6824701,0.5507079984691925,0.6042862610026789,0.7682740145426713,0.518369690011481,,True
SZ002451,7.7200003,1.687245,0.6211251435132032,0.48048220436280137,0.046689628779181015,0.07730577879831611,,True
SZ002452,12.150001,1.7893635,0.47512437810945274,0.3140068886337543,0.1046689628779181,0.27190968235744356,,True
SZ002453,5.3100004,1.086458,0.6125143513203215,0.9810562571756601,0.9986605434366629,0.9994259471871412,量能波动;量能动量;量能比,False
SZ002454,5.08,0.42711115,0.25564485265977804,0.39016456180635284,0.4802908534251818,0.5428626100267891,,True
SZ002455,7.0299997,2.595822,0.755644852659778,0.3823191733639495,0.619785686949866,0.030807500956754687,,True
SZ002456,6.96,5.7433505,0.75468809797168,0.3505549177190968,0.5648679678530425,0.21125143513203215,,True
SZ002457,11.51,3.8509357,0.9081515499425947,0.6373899732108688,0.06333716035208573,0.04324531190202832,量能水平,False
SZ002458,8.35,3.5262547,0.6414083429008802,0.43321852277076156,0.5063145809414467,0.04802908534251818,,True
SZ002459,6.92,2.159727,0.9295828549559892,0.9487179487179487,0.6630309988518944,0.5771144278606966,量能水平;量能波动,False
SZ002460,46.390003,14.029451,0.627822426329889,0.42613853807883656,0.39380022962112515,0.4699579027937237,,True
SZ002461,8.42,0.33506793,0.12916188289322617,0.12303865288939916,0.43360122464600076,0.44125526215078453,,True
SZ002462,12.400001,0.3129806,0.1417910447761194,0.11748947569843092,0.3145809414466131,0.6856104094910065,,True
SZ002463,125.14,60.006474,0.8804056639877536,0.7141216991963261,0.4129353233830846,0.5748182166092614,量能水平,False
SZ002465,10.31,4.0314,0.8601224646000766,0.5732874091083047,0.7156525066972829,0.7200535782625335,量能水平,False
SZ002466,43.12,16.402645,0.9039418293149637,0.5329123612705702,0.41044776119402987,0.25832376578645233,量能水平,False
SZ002467,5.0899997,1.5961349,0.6247608113279755,0.9161882893226176,0.9270952927669346,0.8254879448909299,量能波动;量能动量;量能比,False
SZ002468,14.85,2.238937,0.8679678530424799,0.9336012246460008,0.9052812858783008,0.9014542671259089,量能水平;量能波动;量能动量;量能比,False
SZ002469,6.19,0.8473814,0.4693838499808649,0.3555300420972063,0.600459242250287,0.02908534251817834,,True
SZ002470,2.13,5.8908896,0.995790279372369,0.9575200918484501,0.09758897818599312,0.19345579793340986,量能水平;量能波动,False
SZ002471,5.75,3.0890052,0.8446230386528893,0.9730195177956372,0.913700727133563,0.9181017986988136,量能水平;量能波动;量能动量;量能比,False
SZ002472,37.749996,7.885207,0.7663605051664754,0.7665518561040949,0.03731343283582089,0.3947569843092231,,True
SZ002474,6.55,1.1490703,0.6639877535399924,0.5939533103712208,0.2826253348641408,0.34270952927669346,,True
SZ002475,54.84,51.487423,0.595292766934558,0.6282051282051282,0.3270187523918867,0.4506314580941447,,True
SZ002476,4.9800005,0.4207636,0.29334098737083814,0.21469575200918484,0.13279755070799848,0.42862610026789133,,True
SZ002478,6.48,1.7946364,0.7156525066972829,0.37676999617298124,0.2703788748564868,0.016647531572904706,,True
SZ002479,5.95,1.0034989,0.5715652506697283,0.45197091465748185,0.3880597014925373,0.38710294680443935,,True
SZ002480,5.28,0.26540694,0.343857634902411,0.2740145426712591,0.22196708763872944,0.3989667049368542,,True
SZ002481,4.27,0.7684312,0.24856486796785304,0.12954458476846537,0.16647531572904709,0.09586681974741676,,True
SZ002482,1.3799999,0.8729802,0.9383849980864907,0.9875621890547264,0.883467278989667,0.8842326827401454,量能水平;量能波动;量能动量;量能比,False
SZ002483,6.3399997,1.5464077,0.7885572139303483,0.5499425947187141,0.07481821660926138,0.24052812858783007,,True
SZ002484,60.98,24.420908,0.7856869498660544,0.2730577879831611,0.4588595484117872,0.529276693455798,,True
SZ002486,2.78,1.18908,0.698622273249139,0.36911595866819746,0.21431305013394567,0.1444699579027937,,True
SZ002487,38.08,17.169123,0.9397244546498278,0.9837351703023345,0.19728281668580175,0.9854573287409109,量能水平;量能波动;量能比,False
SZ002488,7.62,1.1983391,0.39552238805970147,0.4764638346727899,0.44814389590508996,0.7317259854573287,,True
SZ002489,3.08,0.8579221,0.5468809797168006,0.8163030998851895,0.8769613471106008,0.9902411021814007,量能波动;量能动量;量能比,False
SZ002490,7.35,4.134198,0.951396861844623,0.7257941063911213,0.04822043628013777,0.01282051282051282,量能水平,False
SZ002491,24.03,44.06323,0.9846919249904325,0.9563719862227325,0.23517030233448144,0.8178339073861461,量能水平;量能波动;量能比,False
SZ002492,6.39,0.46926063,0.28664370455415233,0.5895522388059702,0.7608113279755071,0.7686567164179104,,True
SZ002493,13.129999,7.1075253,0.7927669345579793,0.38346727898966704,0.4569460390355913,0.4263298890164562,,True
SZ002494,4.9,0.50531274,0.6084959816303099,0.7039800995024875,0.48507462686567165,0.8036739380022963,量能比,False
SZ002495,2.44,0.4787579,0.42728664370455416,0.17049368541905854,0.44527363184079605,0.6073478760045924,,True
SZ002496,2.1399999,0.6796993,0.6785304247990815,0.34060466896287794,0.33964791427477997,0.2684653654802909,,True
SZ002497,16.75,5.1915226,0.7411021814006888,0.44144661308840416,0.08189820130118637,0.11500191350937619,,True
SZ002498,6.5,6.488598,0.9496747034060466,0.8568694986605434,0.11576731725985458,0.324531190202832,量能水平;量能波动,False
SZ002500,5.28,1.3238599,0.8459624952162266,0.6580558744737849,0.4730195177956372,0.16800612323000383,量能水平,False
SZ002501,1.3100001,0.38383937,0.7522005357826254,0.7391886720244929,0.001722158438576349,0.6779563719862227,,True
SZ002506,2.49,5.6048307,0.9973210868733257,0.9638346727898967,0.30463069269039417,0.23076923076923078,量能水平;量能波动,False
SZ002507,11.14,1.1152277,0.3082663605051665,0.15939533103712208,0.1452353616532721,0.07979334098737084,,True
SZ002508,16.67,1.4357613,0.24760811327975507,0.2822426329889016,0.28549559892843474,0.6172981247608114,,True
SZ002510,5.7999997,1.4206119,0.7359357060849598,0.9586681974741676,0.1727898966704937,0.9205893608878684,量能波动;量能比,False
SZ002511,7.07,0.6600656,0.34328358208955223,0.2667432070417145,0.08515116724071949,0.21526980482204364,,True
SZ002512,4.01,0.9184993,0.6846536548029085,0.5968235744355147,0.11060084194412553,0.22770761576731727,,True
SZ002513,5.37,0.44156867,0.7420589360887868,0.5579793340987371,0.10084194412552622,0.3960964408725603,,True
SZ002514,2.6000001,1.3004472,0.9297742058936089,0.8997321086873326,0.05778798316111749,0.3790662074244164,量能水平;量能波动,False
SZ002515,7.7500005,7.33632,0.9510141599693839,0.8075009567546881,0.606582472254114,0.11060084194412553,量能水平;量能波动,False
SZ002516,5.6899996,1.2478317,0.33027171833141983,0.06467661691542288,0.4596249521622656,0.17183314198239572,,True
SZ002517,16.89,9.736179,0.7992728664370455,0.6517412935323383,0.10313815537696135,0.2705702257941064,,True
SZ002518,39.16,7.320017,0.6938384998086491,0.7313432835820896,0.28453884424033676,0.7206276310753923,,True
SZ002519,5.99,3.2387123,0.8254879448909299,0.5849598163030999,0.12323000382701875,0.7290470723306545,量能水平,False
SZ002520,6.38,1.6973947,0.6814006888633755,0.27190968235744356,0.2564102564102564,0.24129353233830847,,True
SZ002521,6.36,0.26279047,0.2667432070417145,0.6393034825870647,0.7604286261002678,0.8365862992728664,量能比,False
SZ002522,5.95,2.8216712,0.8067355530042097,0.8932261768082663,0.17164179104477612,0.9904324531190203,量能水平;量能波动;量能比,False
SZ002523,3.3799996,0.6271081,0.3252965939533104,0.1626482969766552,0.4334098737083812,0.2667432070417145,,True
SZ002524,4.0899997,0.4923038,0.5899349406812093,0.4799081515499426,0.42479908151549944,0.630692690394183,,True
SZ002526,2.63,0.5601261,0.5887868350554918,0.4697665518561041,0.45503252965939534,0.3861461921163414,,True
SZ002527,10.67,0.58044064,0.2809031764255645,0.06486796785304248,0.5287026406429391,0.2537313432835821,,True
SZ002528,6.02,2.506632,0.8960964408725602,0.9443168771526981,0.3076923076923077,0.7967853042479908,量能水平;量能波动,False
SZ002529,6.71,0.33943003,0.5279372368924607,0.2600459242250287,0.09146574818216609,0.6714504401071565,,True
SZ002530,7.29,0.74832934,0.4186758515116724,0.4358974358974359,0.823574435514734,0.20742441637964026,量能动量,False
SZ002531,7.34,7.0236964,0.870264064293915,0.9688097971680061,0.14045158821278225,0.9860313815537696,量能水平;量能波动;量能比,False
SZ002532,12.64,8.353143,0.8549559892843475,0.5817068503635667,0.5331037122081899,0.3337160352085725,量能水平,False
SZ002533,10.900001,0.6492803,0.18025258323765786,0.11021814006888633,0.5269804822043628,0.18140068886337543,,True
SZ002534,17.650002,1.878586,0.7307692307692307,0.79716800612323,0.8572522005357827,0.5503252965939534,量能动量,False
SZ002535,2.4499998,0.39909703,0.6615001913509376,0.33008036739380026,0.4182931496364332,0.7089552238805971,,True
SZ002536,52.15,32.481083,0.9177190968235744,0.7745885954841178,0.41274397244546496,0.24186758515116724,量能水平,False
SZ002537,5.95,2.4438903,0.8136241867585151,0.799081515499426,0.8272101033295063,0.05778798316111749,量能水平;量能动量,False
SZ002538,6.68,0.51735693,0.17125908916953694,0.053578262533486416,0.613662456946039,0.14561806352851128,,True
SZ002539,12.280001,2.2225692,0.4598163030998852,0.4133180252583238,0.7347876004592423,0.34653654802908535,,True
SZ002540,5.0099998,0.48665535,0.15996938384998086,0.0776884806735553,0.028511289705319555,0.26502104860313813,,True
SZ002541,17.9,1.7946032,0.48124760811327977,0.47722923842326825,0.6706850363566782,0.5587447378492154,,True
SZ002542,1.6600001,0.3358093,0.2127822426329889,0.14313050133945657,0.26884806735553,0.1379640260237275,,True
SZ002543,7.2300005,1.291236,0.48679678530424797,0.5166475315729047,0.005166475315729047,0.175468809797168,,True
SZ002544,16.2,1.469979,0.2535399923459625,0.34691924990432454,0.6940298507462687,0.8434749330271718,量能比,False
SZ002545,15.78,3.234603,0.6437045541523153,0.5736701109835438,0.3425181783390739,0.2500956754688098,,True
SZ002546,7.59,0.8586649,0.2699961729812476,0.283964791427478,0.6360505166475315,0.29793340987370837,,True
SZ002547,2.38,0.606553,0.5143513203214696,0.291044776119403,0.18159203980099503,0.3384998086490624,,True
SZ002548,4.03,1.6506349,0.8080750095675469,0.3310371220818982,0.17891312667432072,0.18407960199004975,量能水平,False
SZ002549,13.429999,2.3883548,0.47550707998469194,0.3208955223880597,0.1953693073096058,0.4762724837351703,,True
SZ002550,6.55,0.7484836,0.2401454267125909,0.34978951396861846,0.7673172598545733,0.3140068886337543,,True
SZ002551,3.3999999,0.43751985,0.5530042097206276,0.5907003444316877,0.4661308840413318,0.8524684270952928,量能比,False
SZ002552,53.33,16.407288,0.8434749330271718,0.8274014542671259,0.02104860313815538,0.3805970149253731,量能水平;量能波动,False
SZ002553,15.780001,2.126356,0.410830463069269,0.28205128205128205,0.4316877152698048,0.310371220818982,,True
SZ002554,2.82,0.67303586,0.5449674703406047,0.35285112897053195,0.08936088786835056,0.1756601607347876,,True
SZ002555,17.83,4.957209,0.4121699196326062,0.23191733639494833,0.5981630309988519,0.048411787217757365,,True
SZ002556,5.15,0.9745905,0.6002678913126674,0.3040566398775354,0.18541905855338692,0.061040949100650596,,True
SZ002557,18.18,1.185565,0.3943742824339839,0.3442403367776502,0.5600841944125526,0.12055109070034443,,True
SZ002558,24.33,14.932973,0.9424033677765021,0.838691159586682,0.7166092613853808,0.2564102564102564,量能水平;量能波动,False
SZ002559,9.11,1.684162,0.5484117872177574,0.47168006123230005,0.6123230003827018,0.6930730960581707,,True
SZ002560,7.3399997,4.0799046,0.8821278224263299,0.946230386528894,0.0032529659395331037,0.9755070799846919,量能水平;量能波动;量能比,False
SZ002561,7.4900002,1.0117494,0.7795637198622273,0.7477994642173746,0.0009567546880979717,0.533486414083429,,True
SZ002562,4.93,1.2488651,0.5822809031764256,0.5321469575200919,0.4454649827784156,0.13758132414848834,,True
SZ002563,5.48,0.84833515,0.6379640260237275,0.4468044393417528,0.6333716035208573,0.6077305778798316,,True
SZ002564,5.4500003,1.5179508,0.8861461921163414,0.6352851128970533,0.38251052430156907,0.18828932261768083,量能水平,False
SZ002565,9.08,5.0868816,0.7965939533103712,0.7801377726750861,0.05606582472254114,0.9150401836969001,量能比,False
SZ002566,7.14,0.5297696,0.5411404515882128,0.2131649445082281,0.4119785686949866,0.19441255262150783,,True
SZ002567,3.78,1.2586808,0.7483735170302335,0.6098354381936472,0.5807500956754688,0.20130118637581323,,True
SZ002568,18.29,1.7668808,0.20053578262533486,0.10486031381553769,0.7610026789131267,0.4925373134328358,,True
SZ002570,4.4700003,0.9497748,0.8982013011863759,0.7422502870264064,0.1513585916570991,0.04898584003061615,量能水平,False
SZ002571,11.210001,0.59084195,0.20034443168771526,0.3388825105243016,0.5371220818982013,0.2776502104860314,,True
SZ002572,7.5099998,0.73348093,0.15308075009567546,0.13394565633371602,0.7755453501722158,0.31171067738231917,,True
SZ002573,3.15,0.4211616,0.39762724837351704,0.08228090317642557,0.2673172598545733,0.26444699579027936,,True
SZ002574,5.1099997,0.8196843,0.830654420206659,0.5308075009567547,0.5593187906620742,0.03157290470723306,量能水平,False
SZ002575,5.39,1.1617762,0.5472636815920398,0.8744737849215461,0.969766551856104,0.6576731725985457,量能波动;量能动量,False
SZ002576,14.469999,0.2978635,0.11615001913509376,0.015690776884806735,0.19383849980864906,0.48717948717948717,,True
SZ002577,22.58,1.4055059,0.549559892843475,0.8855721393034826,0.980673555300421,0.9925373134328358,量能波动;量能动量;量能比,False
SZ002578,4.2000003,1.3477314,0.6148105625717566,0.49349406812093377,0.5348258706467661,0.06907768848067355,,True
SZ002579,18.880001,19.74027,0.9324531190202832,0.9125526215078454,0.06142365097588978,0.8960964408725602,量能水平;量能波动;量能比,False
SZ002580,19.2,13.38829,0.9054726368159204,0.5780711825487945,0.34060466896287794,0.09031764255644853,量能水平,False
SZ002581,5.39,0.4768652,0.41714504401071567,0.6653272101033295,0.953310371220819,0.41350937619594336,量能动量,False
SZ002582,9.86,2.1163552,0.7242632988901646,0.5139686184462304,0.24473784921546116,0.025449674703406047,,True
SZ002583,8.18,1.4859661,0.3450057405281286,0.25430539609644087,0.748564867967853,0.40642939150401836,,True
SZ002584,9.36,5.493379,0.8949483352468427,0.9892843474933027,0.8402219670876387,0.9996172981247609,量能水平;量能波动;量能动量;量能比,False
SZ002585,11.9,10.507551,0.9913892078071183,0.9982778415614236,0.46670493685419057,0.9852659778032913,量能水平;量能波动;量能比,False
SZ002587,5.33,0.61618245,0.11500191350937619,0.2332567929582855,0.014925373134328358,0.7250287026406429,,True
SZ002588,7.74,1.5268292,0.3484500574052813,0.16341370072713357,0.3813624186758515,0.06180635285112897,,True
SZ002589,3.5900002,3.7444818,0.8691159586681975,0.9904324531190203,0.9843092231151933,0.9349406812093379,量能水平;量能波动;量能动量;量能比,False
SZ002590,9.65,0.6003788,0.1012246460007654,0.29295828549559894,0.6341370072713356,0.6703023344814389,,True
SZ002591,6.38,0.724411,0.40011481056257175,0.34232682740145426,0.12265595101415996,0.45484117872177576,,True
SZ002592,6.45,0.20110741,0.16398775353999234,0.019709146574818218,0.1381553769613471,0.03444316877152698,,True
SZ002593,4.58,0.58229625,0.3346727898966705,0.257558362035974,0.11882893226176808,0.506123230003827,,True
SZ002594,86.58,23.450745,0.8082663605051664,0.7558362035973977,0.7497129735935706,0.5958668197474167,量能水平,False
SZ002595,39.71,2.492188,0.06716417910447761,0.14542671259089168,0.4785686949866054,0.4869881362418676,,True
SZ002596,3.3,0.90949774,0.6264829697665518,0.8220436280137773,0.8612705702257941,0.7158438576349024,量能波动;量能动量,False
SZ002597,22.17,1.7193646,0.2860696517412935,0.13030998851894374,0.08323765786452354,0.08936088786835056,,True
SZ002599,5.59,0.4242324,0.19173363949483352,0.24052812858783007,0.5897435897435898,0.27248373517030233,,True
SZ002600,12.650001,13.502649,0.9443168771526981,0.7613853807883658,0.07902793723689246,0.21852277076157672,量能水平,False
SZ002601,15.25,2.6219058,0.6990049751243781,0.6936471488710295,0.08610792192881746,0.36414083429008803,,True
SZ002602,14.62,16.946095,0.8758132414848833,0.8241484883275928,0.74531190202832,0.27822426329889016,量能水平;量能波动,False
SZ002603,15.58,1.8712301,0.6393034825870647,0.7158438576349024,0.6724071947952545,0.46134711060084194,,True
SZ002605,16.880001,0.83436096,0.18848067355530043,0.08993494068120934,0.6963260619977037,0.10294680443934175,,True
SZ002606,12.64,1.7699933,0.5440107156525067,0.3450057405281286,0.7474167623421355,0.33945656333716034,,True
SZ002607,1.95,2.7175515,0.9531190202831994,0.9301569077688481,0.41982395713738996,0.5181783390738615,量能水平;量能波动,False
SZ002608,7.3,1.2698033,0.8009950248756219,0.5019135093761959,0.21718331419823958,0.2642556448526598,量能水平,False
SZ002609,7.84,0.37732524,0.05721393034825871,0.07271335629544584,0.31247608113279757,0.49770378874856486,,True
SZ002611,13.910001,1.9883,0.2464600076540375,0.029276693455797934,0.6232300038270188,0.532529659395331,,True
SZ002612,17.260002,1.3392735,0.6869498660543437,0.8258706467661692,0.6972828166858017,0.5935706084959816,量能波动,False
SZ002613,3.5500002,1.5719317,0.803291236127057,0.9760811327975507,0.5612323000382702,0.9856486796785304,量能水平;量能波动;量能比,False
SZ002614,6.8799996,0.7843988,0.5951014159969383,0.5026789131266743,0.7248373517030233,0.1624569460390356,,True
SZ002615,6.41,0.45261228,0.14102564102564102,0.29755070799846917,0.8300803673938002,0.7621507845388442,量能动量,False
SZ002616,4.88,0.46113956,0.16475315729047071,0.15480290853425183,0.11289705319556066,0.30845771144278605,,True
SZ002617,6.9399996,7.284345,0.8384998086490624,0.9284347493302717,0.6796785304247991,0.9548411787217758,量能水平;量能波动;量能比,False
SZ002620,5.7099996,0.34656045,0.2365097588978186,0.29123612705702256,0.3030998851894374,0.06218905472636816,,True
SZ002622,2.6200001,0.68120015,0.6249521622655951,0.8903559127439724,0.9406812093379258,0.9077688480673556,量能波动;量能动量;量能比,False
SZ002623,19.34,1.2920649,0.8413700727133563,0.9737849215461156,0.9823957137389974,0.9984691924990432,量能水平;量能波动;量能动量;量能比,False
SZ002624,10.01,4.960513,0.8830845771144279,0.6454267125908917,0.4018369690011481,0.3048220436280138,量能水平,False
SZ002625,27.45,5.5068994,0.3551473402219671,0.4431687715269805,0.6442786069651741,0.8543819364714887,量能比,False
SZ002626,16.76,0.7135896,0.09739762724837352,0.17030233448143897,0.6427477994642173,0.17336394948335246,,True
SZ002627,6.74,1.2181453,0.5252583237657864,0.23096058170685035,0.290088021431305,0.04860313815537696,,True
SZ002628,5.19,1.4950202,0.7615767317259855,0.7548794489092997,0.3208955223880597,0.14140834290088022,,True
SZ002629,4.36,0.68121266,0.5434366628396479,0.3132414848832759,0.28874856486796785,0.732108687332568,,True
SZ002631,14.13,5.7599797,0.8576349024110218,0.8947569843092231,0.8455797933409873,0.9236509758897818,量能水平;量能波动;量能动量;量能比,False
SZ002632,9.81,3.0398343,0.6729812476081133,0.6125143513203215,0.1892460773057788,0.597206276310754,,True
SZ002633,14.43,0.21454711,0.05549177190968236,0.09031764255644853,0.3840413318025258,0.6440872560275546,,True
SZ002635,15.26,2.0090253,0.45197091465748185,0.31171067738231917,0.6570991197856869,0.2810945273631841,,True
SZ002636,85.58,49.34115,0.8750478377344049,0.8195560658247225,0.283964791427478,0.561806352851129,量能水平;量能波动,False
SZ002637,11.200001,2.9749558,0.8084577114427861,0.5757749712973593,0.29295828549559894,0.0711825487944891,量能水平,False
SZ002638,4.31,1.7377758,0.7799464217374665,0.5082280903176426,0.4326444699579028,0.09203980099502487,,True
SZ002639,14.05,10.601765,0.9393417527745886,0.8444316877152698,0.5975889781859931,0.7328740910830464,量能水平;量能波动,False
SZ002640,3.7499998,4.5821586,0.8823191733639495,0.9544584768465365,0.8105625717566016,0.9823957137389974,量能水平;量能波动;量能动量;量能比,False
SZ002641,3.8400002,0.32776576,0.10045924225028703,0.08859548411787217,0.06888633754305395,0.3541905855338691,,True
SZ002642,7.1600003,0.6934023,0.38365862992728667,0.6396861844623039,0.5709911978568695,0.6454267125908917,,True
SZ002643,13.22,1.9756422,0.3880597014925373,0.28492154611557596,0.1858017604286261,0.7399540757749713,,True
SZ002644,8.38,0.606742,0.10065059318790662,0.08495981630309989,0.41523153463451973,0.2095292766934558,,True
SZ002645,18.41,3.758394,0.47876004592422505,0.31630309988518945,0.31285878300803677,0.7133562954458477,,True
SZ002646,7.0600004,0.48983052,0.6492537313432836,0.5472636815920398,0.452353616532721,0.26157673172598545,,True
SZ002647,11.790001,2.5410862,0.344814389590509,0.7365097588978186,0.9734022196708764,0.7753539992345962,量能动量,False
SZ002648,26.959997,10.738656,0.5885954841178722,0.2290470723306544,0.6107921928817451,0.19804822043628015,,True
SZ002649,9.52,1.3110981,0.3153463451970915,0.2801377726750861,0.6345197091465749,0.21373899732108687,,True
SZ002650,6.8400006,0.22685546,0.011098354381936472,0.1689628779181018,0.9305396096440872,0.93398392652124,量能动量;量能比,False
SZ002651,8.29,2.3804412,0.7579410639112132,0.6130884041331802,0.07998469192499043,0.07290470723306544,,True
SZ002652,4.8300004,1.0311204,0.3672024492920015,0.04477611940298507,0.10352085725220053,0.1724071947952545,,True
SZ002653,66.31,3.2983575,0.14026023727516265,0.3526597780329124,0.8742824339839265,0.43532338308457713,量能动量,False
SZ002654,13.93,5.844837,0.6090700344431688,0.5246842709529277,0.5185610409491006,0.45197091465748185,,True
SZ002655,39.35,10.58469,0.6664753157290471,0.763681592039801,0.42078071182548793,0.7889399158055874,,True
SZ002656,2.8,0.3295875,0.4672789896670494,0.4500574052812859,0.4799081515499426,0.507079984691925,,True
SZ002657,15.8,1.5974872,0.6031381553769614,0.7632988901645618,0.8495981630309989,0.35686949866054346,量能动量,False
SZ002658,7.3999996,0.40192765,0.10562571756601608,0.03578262533486414,0.3610792192881745,0.15920398009950248,,True
SZ002659,4.7000003,0.58840644,0.573096058170685,0.6318407960199005,0.7701875239188672,0.4900497512437811,,True
SZ002660,8.01,1.3456403,0.7066590126291619,0.5443934175277458,0.32051282051282054,0.03731343283582089,,True
SZ002661,7.71,1.0868478,0.5384615384615384,0.5794106391121316,0.01722158438576349,0.5727133562954458,,True
SZ002662,3.18,0.35790628,0.27324913892078073,0.19230769230769232,0.4309223115193264,0.4837351703023345,,True
SZ002663,1.74,0.45657912,0.6460007654037505,0.602372751626483,0.7190968235744355,0.7912361270570226,,True
SZ002664,14.94,0.5553739,0.12093379257558362,0.12035973976272483,0.34615384615384615,0.5574052812858783,,True
SZ002666,4.23,0.43824783,0.2298124760811328,0.15346345197091465,0.4559892843474933,0.3882510524301569,,True
SZ002667,20.84,3.0822067,0.5878300803673938,0.8004209720627631,0.7711442786069652,0.8446230386528893,量能波动;量能比,False
SZ002668,9.009999,1.4043883,0.2395713738997321,0.378300803673938,0.055874473784921545,0.615575966322235,,True
SZ002669,13.989999,2.7566614,0.6482969766551856,0.8423268274014543,0.03807883658629927,0.9739762724837352,量能波动;量能比,False
SZ002670,11.849999,4.8391623,0.7091465748182166,0.3735170302334481,0.6031381553769614,0.006505931879066207,,True
SZ002671,4.04,0.38960105,0.3161117489475698,0.04305396096440873,0.22579410639112132,0.5399923459624952,,True
SZ002672,4.0299997,0.26225623,0.2826253348641408,0.6176808266360505,0.8264446995790279,0.8867202449292002,量能动量;量能比,False
SZ002673,6.8,2.0467937,0.7278989667049368,0.45541523153463453,0.5606582472254114,0.21488710294680444,,True
SZ002674,20.650002,2.856107,0.6253348641408343,0.48392652123995405,0.8421354764638347,0.36318407960199006,量能动量,False
SZ002675,12.7699995,0.63752365,0.12801377726750862,0.33562954458476846,0.6473402219670876,0.5541523153463452,,True
SZ002676,5.34,0.5221712,0.16991963260619977,0.21526980482204364,0.27114427860696516,0.6649445082280904,,True
SZ002677,6.2,0.3326199,0.01990049751243781,0.06639877535399924,0.802334481438959,0.9161882893226176,量能动量;量能比,False
SZ002678,4.49,0.6412332,0.5011481056257175,0.4062380405663988,0.5375047837734405,0.04152315346345197,,True
SZ002679,10.96,2.0101526,0.6498277841561424,0.7585151167240719,0.3478760045924225,0.5315729047072331,,True
SZ002681,4.69,2.177978,0.3149636433218523,0.44910065059318793,0.8438576349024111,0.27458859548411785,量能动量,False
SZ002682,5.06,1.3383476,0.5677382319173364,0.5204745503252965,0.30137772675086105,0.32185227707615766,,True
SZ002683,28.480001,2.1394358,0.22598545732874092,0.25908916953693073,0.11691542288557213,0.21048603138155378,,True
SZ002685,5.65,1.534686,0.5214313050133945,0.8907386146192117,0.8371603520857253,0.9743589743589743,量能波动;量能动量;量能比,False
SZ002686,6.29,1.4607762,0.5889781859931114,0.046689628779181015,0.35706084959816303,0.000574052812858783,,True
SZ002687,6.0700006,1.1179779,0.4079601990049751,0.7782242632988902,0.9133180252583237,0.7384232682740145,量能动量,False
SZ002688,5.26,0.6465483,0.3748564867967853,0.3170685036356678,0.480673555300421,0.114619211634137,,True
SZ002690,15.59,0.6937144,0.019135093761959432,0.13011863758132414,0.2610026789131267,0.3277841561423651,,True
SZ002692,4.4,0.51897126,0.2525832376578645,0.4186758515116724,0.7129735935706085,0.5531955606582473,,True
SZ002693,9.41,1.2360253,0.5851511672407195,0.9071947952544968,0.936280137772675,0.9724454649827784,量能波动;量能动量;量能比,False
SZ002695,10.53,0.8430005,0.30214313050133945,0.3073096058170685,0.4318790662074244,0.7604286261002678,,True
SZ002696,7.02,2.227307,0.8379257558362035,0.6988136241867585,0.3823191733639495,0.35648679678530426,量能水平,False
SZ002697,4.72,1.1300979,0.34270952927669346,0.1865671641791045,0.20015308075009566,0.17872177573670112,,True
SZ002698,11.490001,0.95164704,0.2948717948717949,0.06027554535017222,0.6073478760045924,0.2801377726750861,,True
SZ002700,6.4399996,0.33323994,0.11844623038652889,0.1077305778798316,0.12724837351703022,0.45713738997321085,,True
SZ002701,4.3999996,1.0089313,0.3178339073861462,0.17087638729429774,0.4623038652889399,0.18733256792958286,,True
SZ002702,5.6800003,3.1654375,0.7902793723689246,0.8285495598928435,0.06965174129353234,0.6090700344431688,量能波动,False
SZ002703,16.429998,9.472003,0.9251817833907386,0.9360887868350555,0.9066207424416379,0.09146574818216609,量能水平;量能波动;量能动量,False
SZ002705,11.79,0.56507415,0.17872177573670112,0.4833524684270953,0.970723306544202,0.9745503252965939,量能动量;量能比,False
SZ002706,8.790001,2.6595974,0.3911213164944508,0.5686949866054344,0.8090317642556448,0.7123995407577497,量能动量,False
SZ002707,5.18,1.3114473,0.418867202449292,0.20091848450057406,0.10275545350172216,0.2261768082663605,,True
SZ002708,16.91,6.720966,0.8270187523918867,0.770761576731726,0.3654802908534252,0.31228473019517794,量能水平,False
SZ002709,33.31,12.827597,0.3143895905089935,0.2567929582854956,0.43781094527363185,0.4954075774971297,,True
SZ002712,5.18,0.96373665,0.6666666666666666,0.26865671641791045,0.2667432070417145,0.24397244546498278,,True
SZ002713,10.88,1.7848895,0.677382319173364,0.8501722158438576,0.7424416379640261,0.8199387676999618,量能波动;量能比,False
SZ002714,41.86,17.041183,0.4364714887102947,0.466513585916571,0.09261385380788366,0.40088021431305015,,True
SZ002715,13.299999,0.39619917,0.13413700727133562,0.09299655568312284,0.24894756984309224,0.5384615384615384,,True
SZ002716,9.62,24.720753,0.992920015308075,0.9600076540375048,0.6578645235361653,0.08649062380405664,量能水平;量能波动,False
SZ002717,0.92,0.51256055,0.649062380405664,0.5790279372368925,0.5154994259471871,0.8884424033677765,量能比,False
SZ002718,83.880005,0.68053544,0.023344814389590508,0.0026789131266743206,0.5598928434749331,0.40317642556448524,,True
SZ002719,6.27,0.2505482,0.5124378109452736,0.2843474933027172,0.09510141599693839,0.06563337160352085,,True
SZ002721,2.75,4.550134,0.9776119402985075,0.7414848832759281,0.4112131649445082,0.0007654037504783774,量能水平,False
SZ002722,13.17,0.3447517,0.1044776119402985,0.05300420972062763,0.26578645235361653,0.12418675851511672,,True
SZ002723,7.45,0.65071666,0.3530424799081516,0.2466513585916571,0.2608113279755071,0.7866437045541523,,True
SZ002724,7.56,1.8448536,0.7332567929582855,0.8624186758515117,0.9781859931113662,0.9506314580941446,量能波动;量能动量;量能比,False
SZ002725,11.2300005,0.40821856,0.15021048603138154,0.04420206659012629,0.19135093761959435,0.5438193647148871,,True
SZ002726,2.54,1.6791098,0.7843474933027171,0.4873708381171068,0.1251435132032147,0.07998469192499043,,True
SZ002727,10.96,0.6494921,0.25774971297359356,0.25851511672407196,0.3115193264446996,0.37676999617298124,,True
SZ002728,9.92,1.5173478,0.39092996555683124,0.6666666666666666,0.6398775353999234,0.8882510524301569,量能比,False
SZ002729,13.9800005,0.5240882,0.09624952162265595,0.057596632223497896,0.37543053960964407,0.4933027171833142,,True
SZ002730,22.880001,2.4687808,0.31630309988518945,0.4908151549942595,0.8362035973976273,0.8962877918101799,量能动量;量能比,False
SZ002732,14.24,0.23154998,0.0809414466130884,0.07577497129735936,0.3616532721010333,0.411787217757367,,True
SZ002733,18.19,1.9373379,0.5022962112514351,0.5001913509376196,0.6555683122847302,0.7269422120168388,,True
SZ002734,19.35,3.8475504,0.5436280137772675,0.6308840413318025,0.20168388825105243,0.7998469192499044,,True
SZ002735,12.53,3.5788202,0.6040949100650593,0.776884806735553,0.0813241484883276,0.9196326061997704,量能比,False
SZ002736,9.97,2.4120164,0.7013011863758133,0.5641025641025641,0.648105625717566,0.31381553769613474,,True
SZ002737,11.4800005,0.63588095,0.2973593570608496,0.3689246077305779,0.5901262916188289,0.1511672407194795,,True
SZ002738,45.84,10.442518,0.4567546880979717,0.3672024492920015,0.8193647148871029,0.4835438193647149,量能动量,False
SZ002739,8.63,4.319433,0.9487179487179487,0.7401454267125909,0.41427477994642176,0.18082663605051666,量能水平,False
SZ002741,26.78,6.107866,0.686758515116724,0.6735553004209721,0.34309223115193266,0.9274779946421737,量能比,False
SZ002742,4.3599997,3.0770092,0.9104477611940298,0.8080750095675469,0.47455032529659397,0.012055109070034443,量能水平;量能波动,False
SZ002745,12.499999,6.3374624,0.9730195177956372,0.9542671259089169,0.18120933792575583,0.6096440872560276,量能水平;量能波动,False
SZ002746,6.4399996,1.2386022,0.14944508228090317,0.04630692690394183,0.3082663605051665,0.08323765786452354,,True
SZ002747,29.68,8.838335,0.27879831611174893,0.2810945273631841,0.7154611557596632,0.6142365097588978,,True
SZ002748,12.29,0.5536511,0.2807118254879449,0.33677765021048606,0.2539226942212017,0.7397627248373517,,True
SZ002749,8.48,0.32988364,0.037696134711060085,0.019135093761959432,0.11270570225794106,0.02812858783008037,,True
SZ002752,6.17,0.8138777,0.316494450822809,0.1415996938384998,0.16379640260237274,0.26482969766551856,,True
SZ002753,6.7899995,0.6199344,0.27918101798698813,0.6833141982395714,0.03960964408725603,0.950440107156525,量能比,False
SZ002755,13.39,1.6966518,0.507079984691925,0.8991580558744738,0.9952162265595101,0.8893991580558744,量能波动;量能动量;量能比,False
SZ002756,40.729996,3.5440288,0.4894756984309223,0.4129353233830846,0.8036739380022963,0.4422120168388825,量能动量,False
SZ002757,19.859999,3.531483,0.6586299272866437,0.8545732874091083,0.8545732874091083,0.4756984309223115,量能波动;量能动量,False
SZ002758,8.6,1.349386,0.5153080750095675,0.020857252200535782,0.14676616915422885,0.0026789131266743206,,True
SZ002759,14.84,2.729037,0.6119402985074627,0.6574818216609262,0.49349406812093377,0.6963260619977037,,True
SZ002760,17.62,0.6646056,0.2541140451588213,0.09529276693455797,0.12782242632988902,0.1010332950631458,,True
SZ002761,7.3100004,1.0476569,0.2822426329889016,0.23861461921163413,0.30290853425181785,0.045924225028702644,,True
SZ002762,10.440001,0.77955383,0.3337160352085725,0.5059318790662074,0.20685036356678146,0.8134328358208955,量能比,False
SZ002763,7.33,0.31709424,0.1282051282051282,0.09395331037122082,0.1486796785304248,0.6113662456946038,,True
SZ002765,6.9800005,0.8563895,0.39934940681209335,0.40968235744355147,0.35036356678147723,0.35629544584768463,,True
SZ002766,4.1099997,0.916854,0.6245694603903559,0.2426329889016456,0.446230386528894,0.06926903941829315,,True
SZ002767,18.829998,0.42183673,0.1687715269804822,0.5639112131649445,0.8473019517795637,0.9420206659012629,量能动量;量能比,False
SZ002768,74.86,4.647407,0.22081898201301187,0.4255644852659778,0.9251817833907386,0.8482587064676617,量能动量;量能比,False
SZ002769,6.88,0.9912254,0.5968235744355147,0.6360505166475315,0.017030233448143896,0.6626482969766552,,True
SZ002771,13.84,1.4464244,0.4456563337160352,0.3375430539609644,0.04764638346727899,0.20015308075009566,,True
SZ002772,11.15,2.3274717,0.7055109070034443,0.4588595484117872,0.36624569460390355,0.0878300803673938,,True
SZ002773,20.31,0.99417335,0.26865671641791045,0.618828932261768,0.8647148871029467,0.7083811710677382,量能动量,False
SZ002774,17.46,1.9297482,0.4896670493685419,0.627822426329889,0.9577114427860697,0.9203980099502488,量能动量;量能比,False
SZ002775,3.32,0.36333817,0.34060466896287794,0.23497895139686184,0.21775736701109835,0.6708763872942978,,True
SZ002777,12.84,0.5801644,0.03654802908534252,0.07003444316877153,0.5885954841178722,0.4823957137389973,,True
SZ002778,16.02,0.4919646,0.11710677382319173,0.16819747416762343,0.1859931113662457,0.32893226176808266,,True
SZ002779,82.4,2.1494868,0.0876387294297742,0.038461538461538464,0.7217757367011098,0.5505166475315729,,True
SZ002780,14.799999,0.97165227,0.2939150401836969,0.6203597397627248,0.8656716417910447,0.9758897818599311,量能动量;量能比,False
SZ002782,15.33,1.2005423,0.1626482969766552,0.1858017604286261,0.6257175660160735,0.47129735935706085,,True
SZ002783,8.12,0.646943,0.46211251435132034,0.6660926138538079,0.31630309988518945,0.47761194029850745,,True
SZ002785,41.54,2.903847,0.12246460007654038,0.3185993111366246,0.9135093761959434,0.7374665135859165,量能动量,False
SZ002786,7.85,0.59381557,0.22560275545350172,0.6178721775736701,0.14657481821660925,0.8775353999234596,量能比,False
SZ002787,26.730001,4.5129423,0.6861844623038653,0.6871412169919633,0.8585916570991198,0.8614619211634137,量能动量;量能比,False
SZ002788,11.24,1.3908823,0.5556831228473019,0.605625717566016,0.5918484500574053,0.7594718714121699,,True
SZ002789,13.199999,0.46069753,0.424990432453119,0.42862610026789133,0.42709529276693453,0.643895905089935,,True
SZ002790,6.7000003,1.662337,0.7474167623421355,0.9039418293149637,0.1282051282051282,0.9802908534251817,量能波动;量能比,False
SZ002791,15.369999,0.4935024,0.4129353233830846,0.6903941829314963,0.8207041714504401,0.682548794489093,量能动量,False
SZ002792,34.97,9.101661,0.8855721393034826,0.9735935706084959,0.9684270952927669,0.9213547646383468,量能水平;量能波动;量能动量;量能比,False
SZ002793,4.89,1.4095651,0.6840796019900498,0.8203214695752009,0.8555300420972063,0.32606199770378874,量能波动;量能动量,False
SZ002795,8.01,1.4891663,0.5843857634902411,0.8076923076923077,0.855147340221967,0.9496747034060466,量能波动;量能动量;量能比,False
SZ002796,31.300001,3.3866851,0.5352085725220054,0.7654037504783774,0.9054726368159204,0.9370455415231534,量能动量;量能比,False
SZ002797,6.36,3.2905326,0.9380022962112514,0.458476846536548,0.6926903941829315,0.17068503635667814,量能水平,False
SZ002798,6.69,0.7709454,0.36701109835438195,0.3727516264829698,0.6088786835055492,0.24091083046306927,,True
SZ002799,6.99,0.3330946,0.08400306161500191,0.13050133945656334,0.5556831228473019,0.701875239188672,,True
SZ002800,15.02,0.49107057,0.058362035973976274,0.011672407194795254,0.18771526980482203,0.11844623038652889,,True
SZ002801,26.800001,0.25135258,0.002104860313815538,0.002296211251435132,0.3857634902411022,0.28281668580176045,,True
SZ002802,12.360001,0.27396053,0.03539992345962495,0.03406046689628779,0.3340987370838117,0.36662839647914275,,True
SZ002803,21.08,2.0850093,0.1444699579027937,0.31094527363184077,0.7087638729429774,0.6657099119785687,,True
SZ002805,16.73,1.5057333,0.18082663605051666,0.17795637198622274,0.09184845005740529,0.5057405281285878,,True
SZ002806,15.38,1.1419832,0.23172598545732875,0.5897435897435898,0.8731343283582089,0.9843092231151933,量能动量;量能比,False
SZ002807,4.14,1.9961296,0.7437810945273632,0.5269804822043628,0.1580558744737849,0.39341752774588595,,True
SZ002809,8.48,0.54385746,0.4435514734022197,0.20110983543819363,0.20149253731343283,0.2772675086107922,,True
SZ002810,21.720001,0.7821999,0.03673938002296211,0.0880214313050134,0.330654420206659,0.2766934557979334,,True
SZ002811,17.11,1.9665898,0.6827401454267126,0.6293532338308457,0.6951779563719862,0.5028702640642939,,True
SZ002812,47.660004,7.2554593,0.6681974741676234,0.6760428626100268,0.439150401836969,0.4690011481056257,,True
SZ002813,22.499998,0.28010467,0.02602372751626483,0.0338691159586682,0.28798316111748945,0.42097206276310756,,True
SZ002815,25.39,16.863,0.9825870646766169,0.9732108687332568,0.21909682357443552,0.8392652123995408,量能水平;量能波动;量能比,False
SZ002816,22.42,0.32834613,0.04975124378109453,0.07137389973210868,0.3587830080367394,0.22751626482969767,,True
SZ002817,6.77,0.29613498,0.10332950631458095,0.13413700727133562,0.18312284730195177,0.5738614619211634,,True
SZ002818,11.219999,0.5271101,0.3584003061615002,0.37657864523536166,0.7076157673172598,0.465556831228473,,True
SZ002819,22.039999,0.7261219,0.059892843474933025,0.07998469192499043,0.05912743972445465,0.19709146574818218,,True
SZ002820,10.009999,1.2325352,0.7200535782625335,0.19709146574818218,0.3815537696134711,0.024875621890547265,,True
SZ002821,187.66,16.746622,0.684462303865289,0.527363184079602,0.38595484117872175,0.7087638729429774,,True
SZ002823,12.93,0.43237507,0.14791427477994643,0.14408725602755454,0.5792192881745121,0.3943742824339839,,True
SZ002824,28.68,6.362767,0.7060849598163031,0.8643321852277076,0.1352851128970532,0.8857634902411022,量能波动;量能比,False
SZ002825,9.52,0.58427185,0.13337160352085725,0.33524684270952926,0.6180635285112897,0.566972828166858,,True
SZ002826,17.390001,0.5960692,0.1383467278989667,0.10409491006505932,0.18063528511289706,0.26272483735170304,,True
SZ002827,74.28,8.099331,0.5208572522005358,0.7280903176425565,0.8936088786835056,0.41484883275928053,量能动量,False
SZ002828,11.05,1.6873554,0.6798698813624187,0.5908916953693073,0.572139303482587,0.09988518943742825,,True
SZ002829,20.460001,1.222255,0.3918867202449292,0.2162265595101416,0.5237275162648297,0.49138920780711826,,True
SZ002830,15.1,0.6027924,0.15709911978568694,0.2977420589360888,0.7265595101415997,0.22483735170302335,,True
SZ002831,28.8,3.0707192,0.7269422120168388,0.5841944125526215,0.37026406429391506,0.07615767317259854,,True
SZ002832,25.650002,1.8613807,0.2780329123612706,0.128779181017987,0.4605817068503636,0.09165709911978569,,True
SZ002833,18.43,0.7724096,0.03922694221201684,0.08247225411404516,0.3266360505166475,0.06486796785304248,,True
SZ002835,13.22,0.3074045,0.06831228473019518,0.1385380788365863,0.1385380788365863,0.6634137007271336,,True
SZ002836,11.139999,0.75680214,0.09529276693455797,0.7148871029468045,0.9879448909299655,0.9944508228090317,量能动量;量能比,False
SZ002837,61.519997,36.451984,0.5786452353616532,0.20359739762724838,0.48794489092996557,0.08285495598928434,,True
SZ002838,25.32,1.4330909,0.10849598163030999,0.1251435132032147,0.4781859931113662,0.32969766551856106,,True
SZ002839,4.2799997,1.4824487,0.6553769613471107,0.5574052812858783,0.0845771144278607,0.2579410639112132,,True
SZ002840,8.419999,1.7289793,0.4766551856104095,0.48890164561806354,0.41484883275928053,0.26789131266743205,,True
SZ002841,48.04,3.4601123,0.600459242250287,0.42116341370072713,0.669345579793341,0.38920780711825487,,True
SZ002842,34.49,10.691975,0.7506697282816686,0.8427095292766934,0.018752391886720246,0.7303865288939916,量能波动,False
SZ002843,16.26,1.5556657,0.2870264064293915,0.17202449292001532,0.1584385763490241,0.15480290853425183,,True
SZ002845,14.630001,1.0028217,0.36414083429008803,0.5311902028319939,0.7841561423650976,0.7822426329889016,,True
SZ002846,11.589999,1.3587404,0.33275928052047454,0.7491389207807119,0.7213930348258707,0.9946421737466513,量能比,False
SZ002847,43.570004,1.1533478,0.034251817833907384,0.041714504401071564,0.15212399540757748,0.3626100267891313,,True
SZ002848,15.45,2.2270923,0.6750861079219288,0.7862610026789131,0.008419441255262151,0.9357060849598163,量能比,False
SZ002849,20.91,2.078159,0.5254496747034061,0.8685419058553386,0.9079601990049752,0.9638346727898967,量能波动;量能动量;量能比,False
SZ002850,171.40001,5.0903864,0.5690776884806735,0.5713738997321087,0.6540375047837734,0.6645618063528511,,True
SZ002851,123.00001,34.94657,0.7988901645618064,0.6748947569843092,0.15422885572139303,0.4324531190202832,,True
SZ002852,8.28,1.5510371,0.9092996555683123,0.6848450057405281,0.03501722158438576,0.029659395331037123,量能水平,False
SZ002853,22.279999,0.3935607,0.15269804822043628,0.09758897818599312,0.8222349789513969,0.10945273631840796,量能动量,False
SZ002855,13.53,3.707148,0.8053960964408725,0.29793340987370837,0.18388825105243015,0.2298124760811328,量能水平,False
SZ002856,21.970001,1.6779268,0.5979716800612322,0.46708763872942977,0.2740145426712591,0.5767317259854573,,True
SZ002857,17.9,0.36736616,0.05855338691159587,0.07156525066972828,0.2964026023727516,0.43666283964791425,,True
SZ002858,11.63,0.52473634,0.17795637198622274,0.08534251817833907,0.3522770761576732,0.26559510141599696,,True
SZ002859,67.060005,10.216067,0.7206276310753923,0.5516647531572905,0.32472254114045157,0.6836969001148105,,True
SZ002861,15.0,0.6798355,0.4845005740528129,0.447187141216992,0.19230769230769232,0.5750095675468809,,True
SZ002862,16.09,1.2886311,0.39973210868733255,0.39380022962112515,0.04630692690394183,0.1316494450822809,,True
SZ002863,4.76,0.47489133,0.2692307692307692,0.07654037504783773,0.26655185610409493,0.20474550325296595,,True
SZ002864,21.359999,0.5241105,0.11576731725985458,0.27210103329506313,0.6787217757367011,0.35954841178721775,,True
SZ002865,38.590004,2.2328045,0.32300038270187525,0.22139303482587064,0.6121316494450822,0.7114427860696517,,True
SZ002866,14.56,0.66593355,0.3097971680061232,0.18522770761576732,0.18140068886337543,0.5692690394182931,,True
SZ002867,10.26,1.2100574,0.5602755453501722,0.36203597397627246,0.8394565633371603,0.05147340221967087,量能动量,False
SZ002868,23.53,1.1249275,0.4556065824722541,0.17891312667432072,0.1010332950631458,0.010332950631458095,,True
SZ002869,17.4,0.54068786,0.38633754305396095,0.913700727133563,0.9961729812476081,0.9632606199770379,量能波动;量能动量;量能比,False
SZ002871,18.61,0.8702551,0.11997703788748565,0.2684653654802909,0.9075774971297359,0.12112514351320322,量能动量,False
SZ002872,6.03,0.28241405,0.5796019900497512,0.2604286261002679,0.31305013394565634,0.216035208572522,,True
SZ002873,8.55,0.4511211,0.23497895139686184,0.5200918484500574,0.5633371603520857,0.6965174129353234,,True
SZ002875,13.170001,0.80624807,0.5145426712590891,0.17623421354764637,0.169345579793341,0.04707233065442021,,True
SZ002876,32.55,1.4048389,0.42326827401454264,0.446230386528894,0.011672407194795254,0.6792958285495599,,True
SZ002877,7.59,0.36853465,0.07941063911213166,0.21909682357443552,0.23210868733256793,0.7914274779946422,,True
SZ002878,12.869999,0.61967874,0.16417910447761194,0.2357443551473402,0.664179104477612,0.3061615001913509,,True
SZ002879,16.84,1.2144489,0.6305013394565634,0.5866819747416763,0.24875621890547264,0.26827401454267125,,True
SZ002880,21.779999,0.9524053,0.42862610026789133,0.32644469957902794,0.7925755836203597,0.01894374282433984,,True
SZ002881,47.899998,5.5595393,0.4506314580941447,0.3304630692690394,0.7552621507845388,0.41063911213164944,,True
SZ002882,22.5,3.8584912,0.6530807500956755,0.8329506314580941,0.7629161882893226,0.7992728664370455,量能波动,False
SZ002884,15.530001,0.26173365,0.017795637198622274,0.007271335629544585,0.14083429008802142,0.15250669728281668,,True
SZ002885,28.46,5.495069,0.6745120551090701,0.5531955606582473,0.3672024492920015,0.2659778032912361,,True
SZ002886,26.22,11.813992,0.8951396861844623,0.7101033295063146,0.06467661691542288,0.2269422120168389,量能水平,False
SZ002887,9.059999,0.39221147,0.3333333333333333,0.41695369307309604,0.7257941063911213,0.20436280137772675,,True
SZ002888,18.949999,0.8578382,0.141982395713739,0.04133180252583238,0.4793340987370838,0.040183696900114814,,True
SZ002889,12.06,0.2824552,0.041140451588212786,0.02640642939150402,0.53769613471106,0.24435514734022196,,True
SZ002890,15.62,0.3840852,0.05568312284730195,0.16666666666666666,0.7988901645618064,0.3346727898966705,,True
SZ002891,29.619999,1.8168006,0.33256792958285497,0.6724071947952545,0.850937619594336,0.5480290853425182,量能动量,False
SZ002892,8.68,0.4361207,0.03616532721010333,0.02870264064293915,0.5040183696900115,0.2964026023727516,,True
SZ002893,10.259999,1.9164383,0.6446613088404133,0.411787217757367,0.026789131266743208,0.04783773440489859,,True
SZ002895,30.810001,1.6072067,0.22713356295445847,0.11194029850746269,0.34404898584003063,0.18790662074244163,,True
SZ002896,61.25,3.488462,0.23823191733639495,0.1727898966704937,0.6735553004209721,0.42192881745120553,,True
SZ002897,69.32,10.202973,0.8629927286643705,0.8128587830080367,0.02162265595101416,0.7736318407960199,量能水平;量能波动,False
SZ002899,21.240002,0.89652354,0.58017604286261,0.4577114427860697,0.4003061615001913,0.5675468809797168,,True
SZ002900,13.059999,2.0362322,0.8262533486414083,0.9598163030998852,0.9900497512437811,0.762724837351703,量能水平;量能波动;量能动量,False
SZ002901,40.57,0.6126458,0.08993494068120934,0.24588595484117873,0.951396861844623,0.3597397627248374,量能动量,False
SZ002902,29.18,7.753456,0.9085342518178339,0.9667049368541906,0.47129735935706085,0.9328358208955224,量能水平;量能波动;量能比,False
SZ002903,31.1,3.9624147,0.7234978951396862,0.8360122464600076,0.41657099119785684,0.6880979716800613,量能波动,False
SZ002905,9.0,0.8653737,0.6628396479142747,0.6523153463451971,0.7458859548411787,0.18159203980099503,,True
SZ002906,27.97,2.3753622,0.7204362801377727,0.5761576731725986,0.458476846536548,0.14351320321469574,,True
SZ002907,15.099999,2.3621306,0.5736701109835438,0.815537696134711,0.9601990049751243,0.4360887868350555,量能波动;量能动量,False
SZ002908,7.1300006,0.35453528,0.05472636815920398,0.101415996938385,0.5254496747034061,0.39628779181017987,,True
SZ002909,6.85,4.9022303,0.823574435514734,0.7168006123230004,0.15729047072330654,0.36911595866819746,量能水平,False
SZ002910,10.179999,0.93106896,0.5531955606582473,0.1827401454267126,0.17757367011098354,0.134902411021814,,True
SZ002911,11.27,0.56726635,0.1758515116724072,0.08342900880214313,0.2613853807883659,0.14064293915040182,,True
SZ002912,26.380001,2.629162,0.7456946039035591,0.8612705702257941,0.22081898201301187,0.995790279372369,量能波动;量能比,False
SZ002913,88.12,8.110554,0.7998469192499044,0.8539992345962495,0.5570225794106392,0.9010715652506698,量能波动;量能比,False
SZ002915,17.28,2.1401143,0.3075009567546881,0.06888633754305395,0.35667814772292383,0.01990049751243781,,True
SZ002916,400.0,30.064909,0.5487944890929966,0.4070034443168771,0.5313815537696135,0.6745120551090701,,True
SZ002917,10.389999,0.30892166,0.06850363566781477,0.046880979716800615,0.16303099885189437,0.5105243015690777,,True
SZ002918,11.33,2.565189,0.9050899349406812,0.6559510141599694,0.08859548411787217,0.2902793723689246,量能水平,False
SZ002919,16.970001,0.52565813,0.04554152315346345,0.03501722158438576,0.32931496364332186,0.34959816303099883,,True
SZ002920,84.71,5.1758847,0.7355530042097206,0.7935323383084577,0.13987753539992345,0.3400306161500191,,True
SZ002921,20.82,1.0513878,0.35285112897053195,0.18082663605051666,0.5109070034443168,0.1926903941829315,,True
SZ002922,23.74,4.1103296,0.7229238423268274,0.5487944890929966,0.7617680826636051,0.2567929582854956,,True
SZ002923,11.24,0.61285174,0.19862227324913892,0.37964026023727515,0.7973593570608496,0.6437045541523153,,True
SZ002925,24.98,3.342259,0.8040566398775354,0.5748182166092614,0.2835820895522388,0.5068886337543054,量能水平,False
SZ002926,8.43,1.4586132,0.8052047455032529,0.8557213930348259,0.7912361270570226,0.3932261768082664,量能水平;量能波动,False
SZ002927,19.949999,1.7563912,0.492920015308075,0.6597780329123613,0.42192881745120553,0.9766551856104095,量能比,False
SZ002928,6.43,1.3684098,0.8643321852277076,0.7680826636050516,0.5759663222349789,0.5700344431687715,量能水平,False
SZ002929,53.37,4.133889,0.8534251817833908,0.7512437810945274,0.6752774588595484,0.5937619594336012,量能水平,False
SZ002930,9.2,0.72843707,0.28128587830080365,0.03539992345962495,0.18752391886720246,0.10907003444316878,,True
SZ002931,41.4,1.994509,0.19115958668197475,0.020283199387677,0.6228473019517795,0.5026789131266743,,True
SZ002933,27.8,0.42360193,0.29582854955989285,0.2701875239188672,0.5939533103712208,0.6670493685419059,,True
SZ002935,15.93,0.62827754,0.12667432070417145,0.3960964408725603,0.6513585916570991,0.8738997321086873,量能比,False
SZ002936,1.74,1.6921713,0.9343666283964791,0.9441255262150785,0.009376195943360123,0.35993111366245695,量能水平;量能波动,False
SZ002937,27.390001,2.3712468,0.4175277458859548,0.5185610409491006,0.8880597014925373,0.263681592039801,量能动量,False
SZ002938,89.25001,19.473978,0.9322617680826636,0.8147722923842327,0.472636815920398,0.6039035591274398,量能水平;量能波动,False
SZ002939,7.9100003,1.5297008,0.7148871029468045,0.644852659778033,0.7204362801377727,0.18178339073861463,,True
SZ002940,23.6,2.5207102,0.6932644469957903,0.5859165709911979,0.5958668197474167,0.0675468809797168,,True
SZ002941,10.58,0.95923984,0.5105243015690777,0.35954841178721775,0.5514734022196709,0.1178721775736701,,True
SZ002942,17.029999,2.2067306,0.7250287026406429,0.1991963260619977,0.2334481438959051,0.0030616150019135095,,True
SZ002943,31.199999,3.1856585,0.6151932644469957,0.2198622273249139,0.5824722541140451,0.2227324913892078,,True
SZ002945,15.09,3.3719466,0.6205510907003444,0.7198622273249139,0.9573287409108304,0.1892460773057788,量能动量,False
SZ002946,14.48,0.8092944,0.2263681592039801,0.12590891695369308,0.6970914657481821,0.12724837351703022,,True
SZ002947,66.479996,7.096436,0.7236892460773058,0.5277458859548412,0.7906620742441638,0.20455415231534635,,True
SZ002948,6.05,2.413027,0.7516264829697665,0.6880979716800613,0.5639112131649445,0.42613853807883656,,True
SZ002949,13.139999,1.8118509,0.7455032529659396,0.48105625717566014,0.3781094527363184,0.014159969383849981,,True
SZ002950,8.629999,0.50441355,0.3383084577114428,0.4760811327975507,0.6574818216609262,0.7271335629544585,,True
SZ002951,16.25,0.61935663,0.2868350554917719,0.18025258323765786,0.39265212399540755,0.17049368541905854,,True
SZ002952,19.85,1.602498,0.6888633754305397,0.2064676616915423,0.677382319173364,0.031955606582472255,,True
SZ002953,10.66,2.093983,0.6222732491389208,0.4016456180635285,0.23497895139686184,0.06027554535017222,,True
SZ002955,38.48,2.4250538,0.8463451970914657,0.7087638729429774,0.5966322234978951,0.4845005740528129,量能水平,False
SZ002956,17.76,0.89280105,0.3957137389973211,0.7684653654802909,0.8767699961729812,0.9898584003061615,量能动量;量能比,False
SZ002957,45.43,7.375167,0.9098737083811711,0.9734022196708764,0.9638346727898967,0.9301569077688481,量能水平;量能波动;量能动量;量能比,False
SZ002958,2.93,2.4142666,0.9096823574435515,0.654228855721393,0.0843857634902411,0.16590126291618829,量能水平,False
SZ002960,8.860001,0.64571553,0.2814772292384233,0.5690776884806735,0.8993494068120934,0.8631840796019901,量能动量;量能比,False
SZ002961,21.150002,2.3417327,0.5026789131266743,0.7070417145044011,0.8888251052430157,0.9295828549559892,量能动量;量能比,False
SZ002962,13.64,0.9600119,0.5593187906620742,0.4852659778032912,0.3788748564867968,0.8664370455415231,量能比,False
SZ002963,23.54,2.5926166,0.9267125908916953,0.8888251052430157,0.8241484883275928,0.13260619977037888,量能水平;量能波动;量能动量,False
SZ002965,32.82,3.8614306,0.8488327592805205,0.9776119402985075,0.952353616532721,0.9366628396479143,量能水平;量能波动;量能动量;量能比,False
SZ002966,9.11,3.1906502,0.8572522005357827,0.7920015308075009,0.17432070417145043,0.35074626865671643,量能水平,False
SZ002967,17.07,0.60470235,0.08591657099119786,0.03635667814772292,0.18006123230003826,0.298124760811328,,True
SZ002968,9.7,0.3591121,0.2403367776502105,0.15097588978185994,0.32013011863758134,0.5229621125143513,,True
SZ002969,11.29,3.954531,0.7190968235744355,0.4598163030998852,0.635859165709912,0.07845388442403368,,True
SZ002970,45.079998,2.1355307,0.6176808266360505,0.6159586681974741,0.8629927286643705,0.365097588978186,量能动量,False
SZ002971,40.34,7.33822,0.7948717948717948,0.817451205510907,0.5394182931496364,0.6838882510524301,量能波动,False
SZ002972,13.5,0.9557007,0.4577114427860697,0.25736701109835436,0.6511672407194795,0.4234596249521623,,True
SZ002973,12.599999,1.2738647,0.48545732874091085,0.5036356678147723,0.22751626482969767,0.838691159586682,量能比,False
SZ002975,107.5,14.195659,0.8486414083429009,0.6031381553769614,0.538652889399158,0.32567929582854954,量能水平,False
SZ002976,26.630001,2.3373384,0.7227324913892078,0.8057787983161118,0.08687332567929583,0.9536930730960582,量能波动;量能比,False
SZ002978,25.2,0.57339007,0.4619211634137007,0.24416379640260238,0.22215843857634904,0.3115193264446996,,True
SZ002979,54.06,3.6458101,0.3823191733639495,0.31898201301186374,0.47550707998469194,0.3136241867585151,,True
SZ002980,113.1,13.968317,0.7244546498277842,0.7709529276693455,0.6924990432453119,0.7740145426712591,,True
SZ002981,25.369999,0.78709424,0.3400306161500191,0.7885572139303483,0.9921546115575967,0.9954075774971297,量能动量;量能比,False
SZ002982,12.580001,0.5566367,0.5357826253348641,0.2663605051664753,0.4464217374665136,0.22368924607730578,,True
SZ002983,22.640001,0.59701073,0.1584385763490241,0.4223115193264447,0.45828549559892845,0.5654420206659012,,True
SZ002984,13.12,1.1669356,0.7215843857634903,0.7032146957520092,0.25602755453501724,0.4936854190585534,,True
SZ002985,28.0,1.416836,0.44871794871794873,0.2751626482969767,0.49942594718714123,0.13719862227324914,,True
SZ002986,13.28,0.74519354,0.5935706084959816,0.5832376578645235,0.6873325679295829,0.3907386146192116,,True
SZ002987,11.14,1.9205885,0.4933027171833142,0.17432070417145043,0.6414083429008802,0.14734022196708763,,True
SZ002988,31.659998,2.4631894,0.6597780329123613,0.49808649062380406,0.12093379257558362,0.10199004975124377,,True
SZ002989,25.419998,1.4642551,0.736318407960199,0.9270952927669346,0.9357060849598163,0.8827018752391886,量能波动;量能动量;量能比,False
SZ002990,53.120003,3.5176458,0.7650210486031381,0.7897053195560658,0.7489475698430922,0.8258706467661692,量能比,False
SZ002991,38.27,0.36919764,0.2701875239188672,0.2642556448526598,0.5338691159586682,0.1282051282051282,,True
SZ002992,34.11,0.5080539,0.20857252200535784,0.42441637964026024,0.4902411021814007,0.7057022579410639,,True
SZ002993,36.050003,1.8107302,0.6582472254114046,0.6205510907003444,0.6947952544967471,0.4559892843474933,,True
SZ002995,17.88,1.2679442,0.642939150401837,0.7952544967470341,0.8861461921163414,0.6282051282051282,量能动量,False
SZ002996,5.98,0.46009296,0.41484883275928053,0.09586681974741676,0.13432835820895522,0.08400306161500191,,True
SZ002997,26.72,1.0994732,0.4077688480673555,0.7854955989284348,0.000574052812858783,0.8804056639877536,量能比,False
SZ002999,6.54,2.2139664,0.7912361270570226,0.5122464600076541,0.07252200535782626,0.022770761576731725,,True
SZ003000,9.49,0.44336504,0.1415996938384998,0.1758515116724072,0.30176042862610025,0.08476846536548029,,True
SZ003001,21.08,1.9364873,0.8266360505166476,0.9808649062380406,0.70283199387677,0.9973210868733257,量能水平;量能波动;量能比,False
SZ003002,16.609999,1.7118816,0.581132797550708,0.5694603903559128,0.03310371220818982,0.5398009950248757,,True
SZ003003,10.96,0.34741077,0.26616915422885573,0.23784921546115576,0.17699961729812477,0.5780711825487945,,True
SZ003004,59.099995,1.4682953,0.3893991580558745,0.5378874856486797,0.13892078071182548,0.8281668580176043,量能比,False
SZ003005,15.650002,3.76075,0.9454649827784156,0.9429774205893608,0.8157290470723306,0.21928817451205512,量能水平;量能波动;量能动量,False
SZ003006,22.0,5.1860967,0.8243398392652124,0.7290470723306545,0.1012246460007654,0.9732108687332568,量能水平;量能比,False
SZ003007,41.429996,0.7104794,0.27190968235744356,0.29621125143513205,0.7005357826253349,0.5763490241102182,,True
SZ003008,19.68,0.24045677,0.18733256792958286,0.24894756984309224,0.14925373134328357,0.6182548794489093,,True
SZ003009,47.73,1.5896331,0.3876769996172981,0.12648296976655185,0.2937236892460773,0.3075009567546881,,True
SZ003010,28.46,2.5237114,0.40221967087638727,0.40604668962877916,0.581132797550708,0.16685801760428626,,True
SZ003011,19.82,0.39646217,0.4301569077688481,0.4347493302717183,0.6230386528893992,0.5880214313050134,,True
SZ003012,4.6600003,0.37868285,0.6035208572522005,0.4054726368159204,0.6035208572522005,0.4458476846536548,,True
SZ003013,16.84,2.0256908,0.7786069651741293,0.8398392652123995,0.6199770378874856,0.6808266360505166,量能波动,False
SZ003015,12.57,0.48192012,0.1827401454267126,0.1584385763490241,0.573096058170685,0.7939150401836969,,True
SZ003016,7.4900007,0.35728344,0.34309223115193266,0.4529276693455798,0.30424799081515497,0.8342900880214313,量能比,False
SZ003017,23.02,0.3502292,0.18312284730195177,0.25889781859931116,0.5373134328358209,0.5091848450057406,,True
SZ003018,49.88,10.020102,0.7789896670493686,0.21067738231917335,0.4223115193264447,0.13279755070799848,,True
SZ003019,28.24,1.1820263,0.5719479525449674,0.6502104860313815,0.7259854573287409,0.39705319556065827,,True
SZ003020,17.57,0.7003729,0.3004209720627631,0.5109070034443168,0.7233065442020666,0.5214313050133945,,True
SZ003021,72.1,2.3330028,0.7095292766934558,0.7611940298507462,0.9301569077688481,0.6117489475698431,量能动量,False
SZ003022,19.41,1.3309951,0.5059318790662074,0.4841178721775737,0.7215843857634903,0.8708381171067738,量能比,False
SZ003023,25.970001,0.8118652,0.4531190202831994,0.18140068886337543,0.24952162265595101,0.013777267508610792,,True
SZ003025,12.23,0.3246236,0.08189820130118637,0.15614236509758897,0.5021048603138155,0.2906620742441638,,True
SZ003026,35.66,4.453892,0.6678147722923843,0.960390355912744,0.8019517795637199,0.9986605434366629,量能波动;量能动量;量能比,False
SZ003027,16.58,0.2565975,0.3463451970914658,0.16092613853807883,0.27076157673172596,0.42039800995024873,,True
SZ003028,23.85,0.28589913,0.1379640260237275,0.25143513203214696,0.05147340221967087,0.8009950248756219,量能比,False
SZ003029,18.050001,1.1447195,0.5832376578645235,0.6630309988518944,0.12533486414083428,0.7694221201683888,,True
SZ003030,27.56,0.91609126,0.47378492154611557,0.6618828932261768,0.894374282433984,0.2399540757749713,量能动量,False
SZ003031,133.65999,13.587292,0.5088021431305013,0.7439724454649828,0.378300803673938,0.8478760045924225,量能比,False
SZ003032,9.96,5.3600664,0.9670876387294298,0.9762724837351703,0.9517795637198623,0.23134328358208955,量能水平;量能波动;量能动量,False
SZ003033,89.3,1.5935224,0.4020283199387677,0.491963260619977,0.7043628013777268,0.9280520474550326,量能比,False
SZ003035,5.4800005,2.9448023,0.5809414466130884,0.3538078836586299,0.09089169536930732,0.4313050133945656,,True
SZ003036,54.719997,4.45312,0.39667049368541907,0.34270952927669346,0.678339073861462,0.6115575966322235,,True
SZ003037,5.81,0.25539237,0.22349789513968618,0.07328740910830463,0.2596632223497895,0.24071947952544967,,True
SZ003038,10.88,0.33662793,0.28166858017604285,0.13585916570991197,0.33180252583237657,0.4598163030998852,,True
SZ003039,12.81,1.8319298,0.6042862610026789,0.36299272866437043,0.030998851894374284,0.07386146192116341,,True
SZ003040,17.679998,16.908571,0.9598163030998852,0.9711060084194413,0.846727898966705,0.33562954458476846,量能水平;量能波动;量能动量,False
SZ003041,43.960003,0.8878347,0.20455415231534635,0.6804439341752775,0.7516264829697665,0.9647914274779946,量能比,False
SZ003042,14.52,0.8555761,0.6781477229238423,0.33639494833524686,0.07520091848450057,0.008610792192881744,,True
SZ003043,63.849995,3.9492016,0.6117489475698431,0.5243015690776884,0.5036356678147723,0.3840413318025258,,True
SZ003816,4.2,5.1904845,0.9094910065059318,0.338691159586682,0.4996172981247608,0.26119402985074625,量能水平,False
SZ300001,34.39,3.8756063,0.4450822809031764,0.6930730960581707,0.898584003061615,0.6232300038270188,量能动量,False
SZ300002,8.26,2.567501,0.7929582854955989,0.8249138920780712,0.6932644469957903,0.6259089169536931,量能波动,False
SZ300003,11.610001,1.5643662,0.7564102564102564,0.7120168388825105,0.6477229238423269,0.6203597397627248,,True
SZ300004,8.13,2.2550862,0.8482587064676617,0.6569077688480673,0.36069651741293535,0.038270187523918864,量能水平,False
SZ300005,11.09,4.543239,0.7466513585916571,0.8515116724071948,0.8719862227324914,0.852851128970532,量能波动;量能动量;量能比,False
SZ300006,5.5600004,2.0255744,0.7412935323383084,0.7133562954458477,0.7587064676616916,0.12342135476463835,,True
SZ300007,32.64,2.3929133,0.5331037122081899,0.7345962495216226,0.6756601607347876,0.9022196708763873,量能比,False
SZ300008,6.4700003,4.32439,0.8733256792958285,0.6061997703788748,0.3953310371220819,0.44450822809031765,量能水平,False
SZ300009,8.52,2.5431707,0.45158821278224265,0.6655185610409491,0.9663222349789514,0.208955223880597,量能动量,False
SZ300010,5.3199997,7.03901,0.9887102946804439,0.886337543053961,0.2512437810945274,0.29123612705702256,量能水平;量能波动,False
SZ300011,5.89,0.26585203,0.20742441637964026,0.26157673172598545,0.2133562954458477,0.5283199387677,,True
SZ300012,14.73,3.2995057,0.3170685036356678,0.038270187523918864,0.24339839265212398,0.2334481438959051,,True
SZ300013,4.3799996,0.8963471,0.6974741676234214,0.48679678530424797,0.3075009567546881,0.2432070417145044,,True
SZ300014,50.550003,15.348219,0.4393417527745886,0.7449292001530807,0.735361653272101,0.9123612705702258,量能比,False
SZ300015,8.07,3.7767854,0.1995790279372369,0.17661691542288557,0.5855338691159586,0.2765021048603138,,True
SZ300016,9.52,2.6825006,0.6903941829314963,0.9412552621507846,0.9923459624952162,0.7307692307692307,量能波动;量能动量,False
SZ300017,15.919998,21.505478,0.8350554917719096,0.8809797168006124,0.8404133180252583,0.3513203214695752,量能水平;量能波动;量能动量,False
SZ300018,11.990001,1.160411,0.4967470340604669,0.6615001913509376,0.46383467278989665,0.5755836203597398,,True
SZ300019,14.29,0.4668423,0.06218905472636816,0.22866437045541524,0.5053578262533487,0.6982395713738997,,True
SZ300020,3.8500001,0.72222406,0.5707998469192499,0.6469575200918485,0.02812858783008037,0.23383084577114427,,True
SZ300021,3.93,1.2331973,0.5099502487562189,0.23746651358591658,0.06946039035591274,0.05683122847301952,,True
SZ300022,7.94,0.7674656,0.5,0.4896670493685419,0.5993111366245695,0.11213164944508228,,True
SZ300024,13.25,2.6433015,0.38289322617680827,0.25832376578645233,0.35744355147340223,0.4978951396861845,,True
SZ300025,5.9600005,0.90035903,0.5227707615767317,0.5524301569077689,0.6590126291618829,0.410830463069269,,True
SZ300026,3.3400002,1.6224713,0.585342518178339,0.7876004592422503,0.8396479142747799,0.5373134328358209,量能动量,False
SZ300027,1.7199999,1.0540574,0.8547646383467279,0.9764638346727899,0.13605051664753157,0.9653654802908535,量能水平;量能波动;量能比,False
SZ300030,6.92,0.38646612,0.28492154611557596,0.29965556831228474,0.2793723689246077,0.661308840413318,,True
SZ300031,21.369999,2.2594461,0.5363566781477229,0.36031381553769615,0.24110218140068887,0.2755453501722158,,True
SZ300032,3.92,0.61307573,0.5893608878683505,0.5474550325296594,0.3073096058170685,0.653272101033295,,True
SZ300033,210.37,25.267622,0.3869115958668197,0.06601607347876004,0.6905855338691159,0.3425181783390739,,True
SZ300034,16.050001,1.5463418,0.2675086107921929,0.2736318407960199,0.567929582854956,0.2864523536165327,,True
SZ300035,12.549999,1.3725264,0.3608878683505549,0.39150401836969,0.2026406429391504,0.31343283582089554,,True
SZ300036,10.4,0.97456586,0.3526597780329124,0.023153463451970915,0.43321852277076156,0.20110983543819363,,True
SZ300037,70.75,9.585482,0.5265977803291236,0.4158055874473785,0.040566398775354,0.3530424799081516,,True
SZ300039,5.3,1.4558375,0.563719862227325,0.5774971297359357,0.6982395713738997,0.14274779946421737,,True
SZ300040,5.84,1.8930763,0.8002296211251435,0.8073096058170685,0.03463451970914658,0.6106008419441256,量能水平;量能波动,False
SZ300041,11.13,1.9805106,0.5790279372368925,0.4048985840030616,0.06371986222732491,0.6586299272866437,,True
SZ300042,40.09,3.2612262,0.6760428626100268,0.604668962877918,0.8141982395713739,0.8099885189437428,量能动量;量能比,False
SZ300043,4.5099998,1.4518322,0.46153846153846156,0.4699579027937237,0.6291618828932262,0.2675086107921929,,True
SZ300044,6.24,1.1827465,0.4651741293532338,0.6741293532338308,0.6106008419441256,0.37734404898584,,True
SZ300045,12.06,1.4248798,0.35533869115958666,0.4058553386911596,0.7550707998469193,0.5696517412935324,,True
SZ300046,24.950003,1.1184996,0.3319938767699962,0.5744355147340222,0.75468809797168,0.8761959433601225,量能比,False
SZ300047,9.32,1.2216625,0.529276693455798,0.5099502487562189,0.7187141216991964,0.8283582089552238,量能比,False
SZ300048,4.8700004,0.42535833,0.25602755453501724,0.12973593570608496,0.2837734404898584,0.2223497895139686,,True
SZ300049,48.719997,3.3831193,0.4458476846536548,0.40470723306544204,0.011481056257175661,0.2793723689246077,,True
SZ300050,7.5200005,2.4149678,0.9425947187141217,0.8065442020665902,0.5457328740910831,0.46460007654037505,量能水平;量能波动,False
SZ300051,8.38,1.2462122,0.5308075009567547,0.6012246460007654,0.09701492537313433,0.7958285495598928,,True
SZ300052,10.599999,1.4304043,0.7397627248373517,0.5382701875239189,0.49521622655951014,0.10543436662839648,,True
SZ300053,12.36,1.469028,0.31228473019517794,0.38882510524301567,0.7642556448526597,0.9087256027554536,量能比,False
SZ300054,71.07,14.497244,0.3312284730195178,0.3643321852277076,0.4050899349406812,0.8197474167623421,量能比,False
SZ300055,5.9300003,1.0099539,0.7426329889016456,0.6245694603903559,0.351894374282434,0.3811710677382319,,True
SZ300056,7.73,0.66368026,0.3172598545732874,0.41523153463451973,0.3168771526980482,0.3040566398775354,,True
SZ300057,6.61,1.5045941,0.7619594336012246,0.4623038652889399,0.14982778415614237,0.2807118254879449,,True
SZ300058,14.049999,36.95402,0.9221201683888252,0.9691924990432453,0.9519709146574818,0.3463451970914658,量能水平;量能波动;量能动量,False
SZ300059,18.77,34.514015,0.6569077688480673,0.4902411021814007,0.845771144278607,0.41140451588212784,量能动量,False
SZ300061,7.1,3.3547606,0.8562954458476847,0.8507462686567164,0.5239188672024493,0.6969001148105626,量能水平;量能波动,False
SZ300062,6.3500004,1.6580597,0.6653272101033295,0.7242632988901646,0.04783773440489859,0.6412169919632607,,True
SZ300063,9.05,3.960057,0.8088404133180253,0.8750478377344049,0.8817451205510907,0.16666666666666666,量能水平;量能波动;量能动量,False
SZ300065,15.83,4.539561,0.7753539992345962,0.4630692690394183,0.4619211634137007,0.4996172981247608,,True
SZ300066,4.7599998,0.4887645,0.23249138920780713,0.2229238423268274,0.5591274397244547,0.46039035591274396,,True
SZ300067,5.52,2.1996796,0.6852277076157673,0.7389973210868733,0.6519326444699579,0.30424799081515497,,True
SZ300068,4.28,1.8592712,0.9758897818599311,0.903750478377344,0.03922694221201684,0.5709911978568695,量能水平;量能波动,False
SZ300069,25.58,1.4318037,0.5681209337925756,0.32510524301569077,0.5493685419058554,0.4429774205893609,,True
SZ300070,3.4099998,0.9825917,0.8199387676999618,0.7248373517030233,0.5581706850363567,0.5558744737849215,量能水平,False
SZ300071,4.3300004,3.0418322,0.8593570608495982,0.8647148871029467,0.8218522770761577,0.11021814006888633,量能水平;量能波动;量能动量,False
SZ300072,3.61,1.0639944,0.4835438193647149,0.5327210103329506,0.2095292766934558,0.10275545350172216,,True
SZ300073,38.43,3.9773753,0.701875239188672,0.6718331419823957,0.07156525066972828,0.3920780711825488,,True
SZ300074,3.9600003,0.6235568,0.6454267125908917,0.8478760045924225,0.8151549942594719,0.8333333333333334,量能波动;量能动量;量能比,False
SZ300075,10.54,0.94624096,0.44125526215078453,0.35572139303482586,0.5082280903176426,0.25468809797168007,,True
SZ300076,4.33,0.2099712,0.22426329889016455,0.3413700727133563,0.7801377726750861,0.3004209720627631,,True
SZ300077,22.700003,7.488419,0.9902411021814007,0.9980864906238041,0.7887485648679678,0.9167623421354765,量能水平;量能波动;量能比,False
SZ300078,2.81,0.82666993,0.697665518561041,0.663222349789514,0.5105243015690777,0.3199387676999617,,True
SZ300079,4.91,2.0041919,0.784921546115576,0.5652506697282816,0.7049368541905855,0.02104860313815538,,True
SZ300080,3.72,0.5779142,0.8369690011481056,0.816494450822809,0.5487944890929966,0.6647531572904707,量能水平;量能波动,False
SZ300081,3.4600003,0.3214047,0.4569460390355913,0.2960199004975124,0.022962112514351322,0.10486031381553769,,True
SZ300083,12.42,8.186477,0.851894374282434,0.5799846919249905,0.6402602372751627,0.1513585916570991,量能水平,False
SZ300084,10.5,0.899618,0.439150401836969,0.41676234213547647,0.3482587064676617,0.16991963260619977,,True
SZ300085,31.710001,15.374644,0.6802525832376579,0.5040183696900115,0.6236127057022579,0.2881745120551091,,True
SZ300086,5.7799997,1.1376579,0.7994642173746651,0.9883275928052048,0.9877535399923459,0.9822043628013777,量能波动;量能动量;量能比,False
SZ300087,5.72,1.3653263,0.31171067738231917,0.24148488327592804,0.2468427095292767,0.027937236892460773,,True
SZ300088,7.26,6.96566,0.7812858783008036,0.717948717948718,0.6318407960199005,0.7860696517412935,,True
SZ300092,11.32,0.33418185,0.07347876004592423,0.012437810945273632,0.2663605051664753,0.2889399158055874,,True
SZ300093,21.71,1.449492,0.4217374665135859,0.39303482587064675,0.7269422120168388,0.3086490623804057,,True
SZ300094,3.0300002,2.8360941,0.9525449674703406,0.7738231917336394,0.10753922694221202,0.16570991197856869,量能水平,False
SZ300095,9.01,0.7869668,0.48048220436280137,0.33620359739762723,0.7721010332950632,0.9261385380788366,量能比,False
SZ300096,9.21,0.35524628,0.09050899349406812,0.30922311519326445,0.1586299272866437,0.3587830080367394,,True
SZ300097,11.03,1.936576,0.7106773823191733,0.8884424033677765,0.6704936854190585,0.7575583620359739,量能波动,False
SZ300098,4.3999996,1.3953568,0.49885189437428246,0.4115958668197474,0.6791044776119403,0.344814389590509,,True
SZ300099,6.33,1.0505351,0.49559892843474934,0.4014542671259089,0.0880214313050134,0.3388825105243016,,True
SZ300100,20.58,1.0145978,0.19670876387294298,0.1725985457328741,0.515116724071948,0.5690776884806735,,True
SZ300101,14.190001,0.8228326,0.30463069269039417,0.3476846536548029,0.7929582854955989,0.5786452353616532,,True
SZ300102,16.960001,2.9642806,0.8396479142747799,0.6969001148105626,0.8323765786452354,0.6536548029085343,量能水平;量能动量,False
SZ300103,7.99,0.7541614,0.5013394565633371,0.5901262916188289,0.3872942977420589,0.35036356678147723,,True
SZ300105,7.35,0.9579092,0.7152698048220436,0.4309223115193264,0.16035208572522006,0.09720627631075392,,True
SZ300106,10.96,1.3554301,0.8298890164561806,0.35323383084577115,0.31668580176042865,0.09184845005740529,量能水平,False
SZ300107,6.7099996,0.82179624,0.41657099119785684,0.06391121316494451,0.3920780711825488,0.023918867202449293,,True
SZ300109,13.4,2.1547863,0.6226559510141599,0.39054726368159204,0.4192499043245312,0.1653272101033295,,True
SZ300110,3.95,1.5615982,0.7675086107921929,0.9946421737466513,0.9982778415614236,0.9969383849980865,量能波动;量能动量;量能比,False
SZ300111,3.1200001,0.91174847,0.8903559127439724,0.9062380405663988,0.661308840413318,0.6383467278989667,量能水平;量能波动,False
SZ300112,11.63,4.7443023,0.8706467661691543,0.8517030233448144,0.20818982013011864,0.8490241102181401,量能水平;量能波动;量能比,False
SZ300113,17.35,2.7471423,0.5621890547263682,0.8962877918101799,0.978760045924225,0.7085725220053578,量能波动;量能动量,False
SZ300115,24.26,7.7905707,0.7062763107539227,0.858017604286261,0.6115575966322235,0.5939533103712208,量能波动,False
SZ300118,9.23,1.7984492,0.8897818599311137,0.8432835820895522,0.4492920015308075,0.5717566016073479,量能水平;量能波动,False
SZ300119,17.22,0.863535,0.38308457711442784,0.44412552621507845,0.49732108687332566,0.4701492537313433,,True
SZ300120,7.53,3.2293818,0.8880597014925373,0.9425947187141217,0.9448909299655568,0.5568312284730195,量能水平;量能波动;量能动量,False
SZ300121,9.789999,1.1196651,0.32051282051282054,0.39686184462303864,0.0744355147340222,0.668388825105243,,True
SZ300122,13.350001,5.784887,0.8371603520857253,0.8017604286261003,0.8696900114810563,0.10524301569077689,量能水平;量能波动;量能动量,False
SZ300123,4.5499997,1.4603341,0.7451205510907003,0.6953693073096058,0.15059318790662074,0.3310371220818982,,True
SZ300124,54.05,13.969857,0.5424799081515499,0.5818982013011864,0.13030998851894374,0.8897818599311137,量能比,False
SZ300125,9.02,0.8322524,0.6088786835055492,0.22789896670493687,0.28951396861844625,0.27745885954841176,,True
SZ300126,6.64,0.25930774,0.2133562954458477,0.10715652506697283,0.23823191733639495,0.500956754688098,,True
SZ300127,24.56,0.7894817,0.1553769613471106,0.3545732874091083,0.9158055874473785,0.42441637964026024,量能动量,False
SZ300128,5.0699997,1.5614507,0.620742441637964,0.20512820512820512,0.38882510524301567,0.15977803291236128,,True
SZ300129,7.56,1.5810905,0.6947952544967471,0.7933409873708381,0.056639877535399924,0.9554152315346345,量能比,False
SZ300130,18.44,2.4734993,0.4862227324913892,0.2734404898584003,0.3147722923842327,0.09931113662456946,,True
SZ300131,15.580001,10.265834,0.7112514351320322,0.59433601224646,0.5088021431305013,0.5367393800229621,,True
SZ300132,6.32,0.8982476,0.44756984309223113,0.39092996555683124,0.22158438576349024,0.3945656333716035,,True
SZ300133,7.55,6.192974,0.900497512437811,0.8620359739762725,0.6450440107156525,0.1283964791427478,量能水平;量能波动,False
SZ300134,8.589999,0.8621685,0.6410256410256411,0.35993111366245695,0.42116341370072713,0.23727516264829698,,True
SZ300135,3.52,1.0568007,0.5604668962877918,0.37409108304630695,0.07367011098354381,0.1350937619594336,,True
SZ300136,59.18,19.201456,0.6523153463451971,0.6063911213164944,0.6582472254114046,0.7412935323383084,,True
SZ300137,11.490001,2.118711,0.6821660926138539,0.8208955223880597,0.5822809031764256,0.9640260237275162,量能波动;量能比,False
SZ300138,11.57,0.8632045,0.3224263298890165,0.2743972445464983,0.6289705319556066,0.19115958668197475,,True
SZ300139,47.2,18.97662,0.9607730577879832,0.8960964408725602,0.36241867585151166,0.17795637198622274,量能水平;量能波动,False
SZ300140,5.3999996,0.5185042,0.6067738231917337,0.20149253731343283,0.25870646766169153,0.4246077305778798,,True
SZ300141,10.03,0.51074255,0.411787217757367,0.3099885189437428,0.5973976272483735,0.6504018369690011,,True
SZ300142,14.02,15.257208,0.9890929965556832,0.9845005740528129,0.9077688480673556,0.19670876387294298,量能水平;量能波动;量能动量,False
SZ300143,7.79,0.5898348,0.41408342900880213,0.8394565633371603,0.9624952162265595,0.893417527745886,量能波动;量能动量;量能比,False
SZ300144,5.8199997,2.105128,0.6796785304247991,0.2621507845388442,0.23421354764638347,0.08170685036356679,,True
SZ300145,5.1499996,5.0855355,0.8120933792575583,0.8145809414466131,0.22732491389207807,0.44412552621507845,量能水平;量能波动,False
SZ300146,9.429999,1.0515347,0.28530424799081516,0.3312284730195178,0.616532721010333,0.3350554917719097,,True
SZ300147,6.56,0.6127128,0.44029850746268656,0.3340987370838117,0.5367393800229621,0.34691924990432454,,True
SZ300148,3.6699998,1.0339719,0.7407194795254497,0.7851128970531955,0.7596632223497896,0.5606582472254114,,True
SZ300149,9.9800005,2.0486598,0.6863758132414849,0.9031764255644853,0.9634519709146575,0.9058553386911596,量能波动;量能动量;量能比,False
SZ300150,4.25,0.27286494,0.4890929965556831,0.2541140451588213,0.15250669728281668,0.6511672407194795,,True
SZ300151,21.199999,3.4903936,0.5706084959816303,0.7164179104477612,0.134902411021814,0.9466130884041332,量能比,False
SZ300152,1.69,0.2772104,0.632988901645618,0.5991197856869499,0.15709911978568694,0.19402985074626866,,True
SZ300153,27.609999,4.133061,0.7068503635667814,0.8323765786452354,0.6368159203980099,0.8733256792958285,量能波动;量能比,False
SZ300154,13.65,1.9853923,0.5868733256792958,0.4573287409108305,0.14274779946421737,0.2833907386146192,,True
SZ300155,4.52,0.4927166,0.39686184462303864,0.42786069651741293,0.7680826636050516,0.384424033677765,,True
SZ300157,3.83,1.4116422,0.9217374665135859,0.6923076923076923,0.09892843474933027,0.06333716035208573,量能水平,False
SZ300158,5.39,1.283771,0.7259854573287409,0.9024110218140069,0.8308457711442786,0.8030998851894374,量能波动;量能动量;量能比,False
SZ300159,2.93,1.039949,0.7430156907768848,0.5807500956754688,0.6720244929200153,0.18293149636433217,,True
SZ300160,4.43,0.27374592,0.12265595101415996,0.0845771144278607,0.18331419823957137,0.3953310371220819,,True
SZ300161,27.5,0.8175212,0.3482587064676617,0.7143130501339456,0.9358974358974359,0.9360887868350555,量能动量;量能比,False
SZ300162,7.87,1.4376333,0.7022579410639113,0.8626100267891312,0.7564102564102564,0.9393417527745886,量能波动;量能比,False
SZ300163,8.13,3.6652915,0.8096058170685037,0.7789896670493686,0.7809031764255645,0.6102181400688863,量能水平,False
SZ300164,9.47,11.277901,0.9896670493685419,0.9299655568312285,0.11902028319938768,0.22215843857634904,量能水平;量能波动,False
SZ300165,5.08,0.6613471,0.5792192881745121,0.49100650593187906,0.3727516264829698,0.5468809797168006,,True
SZ300166,12.58,3.7691207,0.47722923842326825,0.6634137007271336,0.9058553386911596,0.5985457328740911,量能动量,False
SZ300168,4.87,0.77000093,0.2877918101798699,0.3798316111748948,0.769804822043628,0.5807500956754688,,True
SZ300169,5.55,0.52597207,0.6345197091465749,0.20378874856486798,0.2298124760811328,0.060084194412552624,,True
SZ300170,16.2,8.234533,0.7701875239188672,0.845771144278607,0.8176425564485266,0.43455797933409873,量能波动;量能动量,False
SZ300171,15.81,2.6173737,0.7378492154611558,0.8893991580558744,0.9026023727516265,0.8903559127439724,量能波动;量能动量;量能比,False
SZ300172,4.5200005,0.4069822,0.17833907386146192,0.14351320321469574,0.5086107921928817,0.40011481056257175,,True
SZ300174,18.689999,2.4154449,0.5057405281285878,0.050899349406812094,0.4062380405663988,0.45790279372368925,,True
SZ300175,5.54,0.39165565,0.16724071947952546,0.2399540757749713,0.2763107539226942,0.41044776119402987,,True
SZ300176,4.43,0.58651894,0.34978951396861846,0.24550325296593953,0.23268274014542673,0.15939533103712208,,True
SZ300177,6.21,0.59782773,0.2669345579793341,0.18867202449292,0.33314198239571374,0.4496747034060467,,True
SZ300179,42.16,21.63774,0.8360122464600076,0.45866819747416765,0.3817451205510907,0.664179104477612,量能水平,False
SZ300180,4.5699997,2.3437948,0.6913509376195943,0.7500956754688098,0.8450057405281286,0.14982778415614237,量能动量,False
SZ300181,13.429999,1.3822767,0.182548794489093,0.2608113279755071,0.7918101798698813,0.21450440107156524,,True
SZ300182,5.14,7.00921,0.8717948717948718,0.748564867967853,0.6880979716800613,0.08495981630309989,量能水平,False
SZ300183,11.08,0.7422049,0.36069651741293535,0.44450822809031765,0.05032529659395331,0.8145809414466131,量能比,False
SZ300184,12.14,4.669742,0.6027554535017221,0.5005740528128588,0.7717183314198239,0.7835820895522388,,True
SZ300185,2.75,1.8303432,0.7608113279755071,0.765595101415997,0.07864523536165327,0.8080750095675469,量能比,False
SZ300187,4.62,0.32960755,0.17853042479908152,0.10313815537696135,0.19479525449674703,0.3149636433218523,,True
SZ300188,10.749999,1.0171553,0.20761576731725986,0.30577879831611177,0.20455415231534635,0.6469575200918485,,True
SZ300189,6.7,20.059856,0.9923459624952162,0.9596249521622656,0.23918867202449293,0.28549559892843474,量能水平;量能波动,False
SZ300190,3.85,0.6561656,0.5516647531572905,0.34194412552621506,0.09720627631075392,0.10830463069269039,,True
SZ300191,31.929998,5.297609,0.7252200535782626,0.4161882893226177,0.10907003444316878,0.03233830845771144,,True
SZ300192,19.62,3.8192172,0.6096440872560276,0.6215078453884424,0.8430922311519327,0.3522770761576732,量能动量,False
SZ300193,7.95,0.35199097,0.18407960199004975,0.20283199387677,0.2606199770378875,0.06582472254114045,,True
SZ300194,3.99,0.6397448,0.5614236509758898,0.8029085342518179,0.7548794489092997,0.633945656333716,量能波动,False
SZ300195,6.25,0.723491,0.6578645235361653,0.6100267891312667,0.08821278224263299,0.08974358974358974,,True
SZ300196,19.64,4.22135,0.6494450822809031,0.7196708763872943,0.04975124378109453,0.9313050133945656,量能比,False
SZ300197,1.97,1.8858408,0.8163030998851895,0.3337160352085725,0.07500956754688098,0.05510907003444317,量能水平,False
SZ300199,23.850002,8.350306,0.648105625717566,0.6236127057022579,0.7724837351703023,0.7902793723689246,,True
SZ300200,8.53,0.64375067,0.2162265595101416,0.13260619977037888,0.16437045541523154,0.37696134711060086,,True
SZ300201,13.65,3.741895,0.37619594336012246,0.40355912743972444,0.2818599311136625,0.7345962495216226,,True
SZ300203,13.6,0.86400664,0.6691542288557214,0.937236892460773,0.9691924990432453,0.9628779181017987,量能波动;量能动量;量能比,False
SZ300204,20.650002,2.913134,0.5311902028319939,0.6915422885572139,0.8871029468044394,0.7432070417145044,量能动量,False
SZ300206,11.7,0.6238711,0.12705702257941065,0.2430156907768848,0.13069269039418294,0.5602755453501722,,True
SZ300207,19.28,11.602363,0.7667432070417145,0.9207807118254879,0.535399923459625,0.9701492537313433,量能波动;量能比,False
SZ300209,38.149998,25.036951,0.9548411787217758,0.947187141216992,0.3442403367776502,0.6660926138538079,量能水平;量能波动,False
SZ300210,7.39,0.5567683,0.16762342135476463,0.3750478377344049,0.4217374665135859,0.6699196326061998,,True
SZ300212,8.099999,0.85462755,0.18293149636433217,0.30290853425181785,0.023344814389590508,0.3918867202449292,,True
SZ300213,6.6500006,0.61981213,0.14542671259089168,0.23115193264446995,0.3851894374282434,0.6725985457328741,,True
SZ300214,10.28,3.597629,0.7801377726750861,0.5796019900497512,0.28281668580176045,0.03406046689628779,,True
SZ300215,6.4900002,1.0187802,0.42365097588978184,0.4860313815537696,0.8086490623804057,0.1385380788365863,量能动量,False
SZ300217,4.09,0.67067957,0.2024492920015308,0.15442020665901263,0.4900497512437811,0.2131649445082281,,True
SZ300218,12.6,0.23167972,0.03578262533486414,0.0440107156525067,0.39628779181017987,0.5308075009567547,,True
SZ300219,6.93,0.8884257,0.24894756984309224,0.03960964408725603,0.7280903176425565,0.6798698813624187,,True
SZ300220,11.24,0.27286416,0.07156525066972828,0.02162265595101416,0.19862227324913892,0.5889781859931114,,True
SZ300221,14.17,2.909842,0.5199004975124378,0.7074244163796403,0.04649827784156142,0.9096823574435515,量能比,False
SZ300222,10.22,1.4514117,0.43742824339839265,0.2874091083046307,0.7206276310753923,0.5323383084577115,,True
SZ300223,146.1,29.030254,0.8964791427477995,0.9085342518178339,0.8427095292766934,0.8440489858400306,量能水平;量能波动;量能动量;量能比,False
SZ300224,12.18,1.8007967,0.45331037122081896,0.6814006888633755,0.9460390355912744,0.43742824339839265,量能动量,False
SZ300225,8.370001,1.6836897,0.44776119402985076,0.4393417527745886,0.5878300803673938,0.6486796785304249,,True
SZ300226,17.710001,1.3512828,0.09165709911978569,0.38212782242632987,0.9450822809031765,0.7351703023344814,量能动量,False
SZ300227,10.84,3.7964928,0.5348258706467661,0.7041714504401072,0.0013394565633371603,0.546689628779181,,True
SZ300228,6.8199997,0.79321754,0.31840796019900497,0.13968618446230385,0.4458476846536548,0.11748947569843092,,True
SZ300229,13.73,3.0469258,0.4443168771526981,0.597206276310754,0.730195177956372,0.283964791427478,,True
SZ300230,4.36,0.31689367,0.030042097206276312,0.040566398775354,0.5290853425181783,0.42652123995407576,,True
SZ300231,8.370001,0.7022038,0.06639877535399924,0.04228855721393035,0.41312667432070416,0.3872942977420589,,True
SZ300232,5.48,0.68794006,0.08075009567546881,0.05472636815920398,0.7694221201683888,0.39973210868733255,,True
SZ300233,13.780001,1.1204151,0.4527363184079602,0.6515499425947188,0.7510524301569078,0.716035208572522,,True
SZ300234,12.04,1.5767227,0.20302334481438958,0.6251435132032147,0.858017604286261,0.9651741293532339,量能动量;量能比,False
SZ300235,12.53,0.71300954,0.16130884041331803,0.2931496364332185,0.8534251817833908,0.8643321852277076,量能动量;量能比,False
SZ300236,89.3,5.3233695,0.21412169919632607,0.3371603520857252,0.4150401836969001,0.8585916570991198,量能比,False
SZ300237,2.31,0.610844,0.30577879831611177,0.3172598545732874,0.003827018752391887,0.10179869881362419,,True
SZ300238,12.04,0.510139,0.2969766551856104,0.6810179869881362,0.9246077305778798,0.8371603520857253,量能动量;量能比,False
SZ300239,5.29,0.3577344,0.18484500574052812,0.5742441637964026,0.8928434749330272,0.8520857252200535,量能动量;量能比,False
SZ300240,6.2000003,0.39368108,0.3616532721010333,0.1484883275928052,0.5987370838117106,0.7049368541905855,,True
SZ300241,5.9399996,0.84271926,0.4161882893226177,0.26482969766551856,0.5420972062763108,0.6605434366628397,,True
SZ300242,4.0299997,0.5978527,0.2805204745503253,0.4389590508993494,0.7032146957520092,0.5539609644087256,,True
SZ300243,22.27,4.83439,0.7014925373134329,0.9016456180635285,0.6417910447761194,0.980673555300421,量能波动;量能比,False
SZ300244,21.18,4.9611745,0.586299272866437,0.7774588595484118,0.7765021048603138,0.885380788365863,量能比,False
SZ300245,6.2400002,0.5383355,0.38251052430156907,0.5095675468809797,0.013777267508610792,0.7910447761194029,,True
SZ300246,16.099998,1.3277969,0.40298507462686567,0.5371220818982013,0.3960964408725603,0.46172981247608114,,True
SZ300247,3.78,0.39046967,0.26119402985074625,0.5229621125143513,0.8029085342518179,0.6431305013394566,量能动量,False
SZ300248,8.41,0.6827953,0.1796785304247991,0.24760811327975507,0.7502870264064294,0.30501339456563337,,True
SZ300249,13.51,2.0526989,0.5773057787983161,0.3717948717948718,0.6104094910065059,0.3848067355530042,,True
SZ300250,15.699999,1.0382283,0.44144661308840416,0.6603520857252201,0.8312284730195177,0.5040183696900115,量能动量,False
SZ300251,11.23,4.8669243,0.6218905472636815,0.28951396861844625,0.5277458859548412,0.07960199004975124,,True
SZ300252,12.72,5.2409225,0.7996555683122847,0.6716417910447762,0.2705702257941064,0.47340221967087637,,True
SZ300253,7.1499996,2.937719,0.3208955223880597,0.5464982778415615,0.8777267508610792,0.5147340221967087,量能动量,False
SZ300254,9.11,0.89064527,0.6128970531955606,0.5482204362801377,0.7051282051282052,0.27076157673172596,,True
SZ300255,23.99,4.15997,0.4351320321469575,0.5964408725602756,0.7541140451588213,0.7263681592039801,,True
SZ300256,2.75,0.9154749,0.7527745885954841,0.7330654420206659,0.8451970914657482,0.09414466130884042,量能动量,False
SZ300257,19.289999,2.4207191,0.7158438576349024,0.7793723689246077,0.4693838499808649,0.4070034443168771,,True
SZ300258,8.9,0.5281065,0.27994642173746653,0.15690776884806737,0.4975124378109453,0.5855338691159586,,True
SZ300259,4.14,1.3398585,0.36241867585151166,0.7261768082663606,0.6676234213547646,0.801377726750861,量能比,False
SZ300260,63.339996,8.036121,0.5499425947187141,0.48813624186758514,0.6961347110600842,0.9284347493302717,量能比,False
SZ300261,4.93,0.84971666,0.2937236892460773,0.3147722923842327,0.06716417910447761,0.050899349406812094,,True
SZ300263,10.61,3.6136677,0.6731725985457329,0.46172981247608114,0.3748564867967853,0.5158821278224264,,True
SZ300264,6.1800003,0.8987228,0.4070034443168771,0.5177956371986223,0.5767317259854573,0.5516647531572905,,True
SZ300265,13.849999,2.8506489,0.6909682357443552,0.6268656716417911,0.6911595866819747,0.8092231151932644,量能比,False
SZ300266,1.8999999,0.4829367,0.22541140451588212,0.15422885572139303,0.236318407960199,0.4280520474550325,,True
SZ300267,3.38,1.0317663,0.44737849215461156,0.5583620359739763,0.8453884424033677,0.7081898201301187,量能动量,False
SZ300268,12.0,0.45370752,0.08840413318025259,0.10294680443934175,0.530233448143896,0.3453884424033678,,True
SZ300269,4.7,0.60023636,0.41006505931879067,0.19804822043628015,0.3459624952162266,0.5309988518943742,,True
SZ300270,10.570001,0.96821666,0.37256027554535015,0.18369690011481057,0.3319938767699962,0.5474550325296594,,True
SZ300271,5.9700003,0.9179364,0.4347493302717183,0.76884806735553,0.7998469192499044,0.837734404898584,量能比,False
SZ300272,5.87,0.3566473,0.10275545350172216,0.1752774588595484,0.49598163030998854,0.42384232682740147,,True
SZ300274,88.2,48.17629,0.7721010332950632,0.7024492920015308,0.697665518561041,0.4714887102946804,,True
SZ300275,9.19,0.4083843,0.22522005357826252,0.41370072713356293,0.13738997321086874,0.782051282051282,,True
SZ300276,6.02,1.0372092,0.20359739762724838,0.2539226942212017,0.6829314963643321,0.5818982013011864,,True
SZ300277,13.190001,2.7520094,0.644852659778033,0.6586299272866437,0.7885572139303483,0.5625717566016073,,True
SZ300278,3.6299999,0.5727026,0.37409108304630695,0.6345197091465749,0.7874091083046307,0.7795637198622273,,True
SZ300279,5.99,0.8132852,0.22502870264064295,0.5885954841178722,0.016647531572904706,0.9626865671641791,量能比,False
SZ300281,7.07,0.52163,0.11519326444699579,0.49138920780711826,0.5924225028702641,0.869307309605817,量能比,False
SZ300283,14.2699995,4.9082866,0.7298124760811328,0.6184462303865289,0.2885572139303483,0.9129353233830846,量能比,False
SZ300284,5.16,0.53066325,0.16838882510524303,0.11366245694603903,0.2558362035973976,0.3241484883275928,,True
SZ300285,66.2,50.884377,0.7324913892078071,0.5380788365862993,0.21220818982013012,0.6498277841561424,,True
SZ300286,19.45,0.6840508,0.05109070034443169,0.13337160352085725,0.6695369307309605,0.6917336394948336,,True
SZ300287,3.7,1.0133744,0.19211634137007272,0.4496747034060467,0.7455032529659396,0.616532721010333,,True
SZ300288,10.0,0.3590958,0.1046689628779181,0.2537313432835821,0.47761194029850745,0.6519326444699579,,True
SZ300289,6.0200005,0.35902837,0.22388059701492538,0.4502487562189055,0.6863758132414849,0.6236127057022579,,True
SZ300290,7.7299995,2.9422455,0.6201683888251053,0.5928052047455032,0.20972062763107538,0.8291236127057022,量能比,False
SZ300291,5.9300003,2.722033,0.8993494068120934,0.9642173746651359,0.9014542671259089,0.7240719479525449,量能水平;量能波动;量能动量,False
SZ300292,4.6400003,2.6369104,0.6465748182166092,0.7076157673172598,0.19632606199770378,0.8274014542671259,量能比,False
SZ300293,14.77,0.52619284,0.10237275162648297,0.2941063911213165,0.2261768082663605,0.7233065442020666,,True
SZ300294,14.86,0.7038652,0.21660926138538078,0.43149636433218524,0.6923076923076923,0.6494450822809031,,True
SZ300295,12.249999,0.2899472,0.20991197856869498,0.42403367776502104,0.9190585533869116,0.7682740145426713,量能动量,False
SZ300296,4.96,1.7887229,0.2673172598545733,0.33141982395713737,0.40221967087638727,0.45828549559892845,,True
SZ300298,16.34,0.5416371,0.061040949100650596,0.31209337925755837,0.8161117489475699,0.856104094910065,量能动量;量能比,False
SZ300299,5.57,1.0468668,0.3379257558362036,0.16991963260619977,0.48086490623804057,0.22177573670110984,,True
SZ300300,9.450001,8.431552,0.8918867202449292,0.8228090317642557,0.46134711060084194,0.8700727133562954,量能水平;量能波动;量能比,False
SZ300301,3.4499998,0.30751213,0.1823574435514734,0.07730577879831611,0.16628396479142749,0.16379640260237274,,True
SZ300302,28.85,5.755719,0.48009950248756217,0.4404898584003062,0.7864523536165328,0.5162648296976655,,True
SZ300303,6.98,2.1958206,0.3304630692690394,0.34577114427860695,0.6167240719479525,0.6951779563719862,,True
SZ300304,11.870001,2.0256617,0.2770761576731726,0.41733639494833524,0.6634137007271336,0.30597014925373134,,True
SZ300305,6.45,0.64886373,0.5277458859548412,0.5124378109452736,0.09433601224646,0.8004209720627631,量能比,False
SZ300306,10.43,0.23178676,0.06257175660160735,0.03980099502487562,0.3982013011863758,0.4619211634137007,,True
SZ300307,7.3500004,1.0673605,0.778798316111749,0.7954458476846537,0.7889399158055874,0.5924225028702641,,True
SZ300308,927.72003,223.97003,0.5091848450057406,0.33314198239571374,0.5736701109835438,0.5530042097206276,,True
SZ300310,4.44,0.7709089,0.2696134711060084,0.399540757749713,0.8557213930348259,0.6171067738231917,量能动量,False
SZ300311,6.12,3.391743,0.6463834672789897,0.5551090700344432,0.11347110600841945,0.8398392652123995,量能比,False
SZ300313,13.719999,4.9243803,0.8494068120933792,0.6505931879066208,0.42652123995407576,0.4433601224646001,量能水平,False
SZ300314,13.01,0.9128359,0.36356678147722926,0.7013011863758133,0.9690011481056258,0.8402219670876387,量能动量;量能比,False
SZ300315,4.1,3.6355982,0.746268656716418,0.620742441637964,0.6383467278989667,0.1354764638346728,,True
SZ300316,41.39,3.689127,0.1655185610409491,0.23172598545732875,0.48182166092613854,0.6823574435514734,,True
SZ300317,4.17,2.1376889,0.831611174894757,0.810371220818982,0.038461538461538464,0.5172215843857635,量能水平;量能波动,False
SZ300318,5.2000003,0.41041088,0.09950248756218906,0.3176425564485266,0.8645235361653272,0.68867202449292,量能动量,False
SZ300319,21.269999,25.518856,0.8411787217757367,0.7529659395331038,0.11079219288174512,0.6211251435132032,量能水平,False
SZ300320,8.440001,0.42233765,0.02104860313815538,0.323574435514734,0.3239571373899732,0.9267125908916953,量能比,False
SZ300321,34.6,1.0820618,0.2022579410639112,0.2897053195560658,0.5870646766169154,0.7112514351320322,,True
SZ300322,18.82,4.512009,0.4833524684270953,0.7236892460773058,0.8287409108304631,0.7923842326827402,量能动量,False
SZ300323,11.84,6.4919953,0.8959050899349407,0.8342900880214313,0.8293149636433218,0.720244929200153,量能水平;量能波动;量能动量,False
SZ300324,4.14,1.4691187,0.2357443551473402,0.9173363949483353,0.9954075774971297,0.9829697665518561,量能波动;量能动量;量能比,False
SZ300326,6.28,0.3294067,0.08381171067738231,0.07941063911213166,0.44202066590126293,0.28836586299272865,,True
SZ300327,26.14,2.3537526,0.2087638729429774,0.29831611174894757,0.716035208572522,0.6666666666666666,,True
SZ300328,13.23,7.3367014,0.6423650975889782,0.49885189437428246,0.6245694603903559,0.029276693455797934,,True
SZ300329,12.289999,0.269555,0.021814006888633754,0.07290470723306544,0.5252583237657864,0.6624569460390356,,True
SZ300331,49.76,4.852145,0.42078071182548793,0.3421354764638347,0.6213164944508228,0.5319556065824722,,True
SZ300332,4.97,1.3271501,0.6735553004209721,0.4829697665518561,0.17680826636050517,0.29085342518178336,,True
SZ300333,11.610001,5.1812944,0.8922694221201684,0.6800612323000382,0.06678147722923843,0.1310753922694221,量能水平,False
SZ300334,8.51,0.7348801,0.6467661691542289,0.4778032912361271,0.2797550707998469,0.2874091083046307,,True
SZ300335,5.56,0.7862378,0.49904324531190203,0.29257558362035974,0.04209720627631076,0.15288939915805588,,True
SZ300337,9.32,1.3018394,0.31668580176042865,0.10237275162648297,0.6454267125908917,0.31553769613471105,,True
SZ300338,3.05,0.21385255,0.23555300420972064,0.4506314580941447,0.5311902028319939,0.4961729812476081,,True
SZ300339,35.14,5.5841146,0.3760045924225029,0.4094910065059319,0.7317259854573287,0.38365862992728667,,True
SZ300340,8.839999,0.42329192,0.5551090700344432,0.7053195560658247,0.7183314198239571,0.7078071182548794,,True
SZ300341,13.12,0.47223923,0.022579410639112132,0.1997703788748565,0.8289322617680827,0.7225411404515882,量能动量,False
SZ300342,31.99,2.9378154,0.17087638729429774,0.09892843474933027,0.650019135093762,0.6385380788365863,,True
SZ300343,5.4700003,0.7624913,0.17164179104477612,0.10753922694221202,0.667432070417145,0.3649062380405664,,True
SZ300345,7.81,3.6011424,0.7571756601607348,0.8392652123995408,0.6936471488710295,0.8555300420972063,量能波动;量能比,False
SZ300346,55.21,15.191003,0.7460773057787983,0.821660926138538,0.6192116341370073,0.9309223115193265,量能波动;量能比,False
SZ300347,57.84,7.864521,0.35706084959816303,0.18484500574052812,0.4427860696517413,0.6387294297742059,,True
SZ300348,9.719999,1.8905584,0.21814006888633755,0.18407960199004975,0.5323383084577115,0.11576731725985458,,True
SZ300349,10.27,0.45529747,0.08668197474167623,0.03463451970914658,0.40336777650210487,0.36337543053960963,,True
SZ300350,4.7,0.5367963,0.2931496364332185,0.6680061232300039,0.9297742058936089,0.8982013011863759,量能动量;量能比,False
SZ300351,14.17,0.953685,0.23708381171067738,0.05874473784921546,0.5279372368924607,0.24110218140068887,,True
SZ300352,2.96,1.1882081,0.4425947187141217,0.4831611174894757,0.015116724071947953,0.4992345962495216,,True
SZ300353,16.43,1.7455546,0.3689246077305779,0.3551473402219671,0.6081132797550708,0.5694603903559128,,True
SZ300354,27.56,0.4016241,0.02468427095292767,0.05453501722158439,0.465556831228473,0.5231534634519709,,True
SZ300355,2.82,0.71837455,0.34194412552621506,0.1285878300803674,0.2833907386146192,0.10753922694221202,,True
SZ300357,20.189999,2.1217341,0.32682740145426714,0.4228855721393035,0.8283582089552238,0.32300038270187525,量能动量,False
SZ300358,9.26,2.1868043,0.852851128970532,0.9649827784156142,0.9755070799846919,0.8639494833524685,量能水平;量能波动;量能动量;量能比,False
SZ300359,4.2200003,0.5911188,0.46460007654037505,0.44106391121316496,0.743398392652124,0.5032529659395331,,True
SZ300360,11.24,0.45968315,0.20168388825105243,0.008036739380022962,0.7106773823191733,0.5464982778415615,,True
SZ300363,24.04,4.7985497,0.7893226176808267,0.3920780711825488,0.7288557213930348,0.5945273631840796,,True
SZ300364,25.79,20.942234,0.7296211251435132,0.6831228473019518,0.8210868733256793,0.20359739762724838,量能动量,False
SZ300365,4.63,0.42543173,0.3216609261385381,0.3379257558362036,0.28530424799081516,0.7472254114045159,,True
SZ300366,5.49,0.3641433,0.14370455415231534,0.3849980864906238,0.09395331037122082,0.4856486796785304,,True
SZ300368,9.58,5.333103,0.7736318407960199,0.6670493685419059,0.6222732491389208,0.21201683888251052,,True
SZ300369,9.900001,5.4105234,0.9414466130884042,0.9663222349789514,0.36414083429008803,0.8321852277076157,量能水平;量能波动;量能比,False
SZ300370,2.22,0.5240002,0.4596249521622656,0.836777650210486,0.7977420589360887,0.9163796402602373,量能波动;量能比,False
SZ300371,10.13,0.3151704,0.21010332950631458,0.12743972445464982,0.17049368541905854,0.42403367776502104,,True
SZ300373,91.759995,10.283579,0.3683505549177191,0.3706467661691542,0.6517412935323383,0.8052047455032529,量能比,False
SZ300374,10.08,0.43411127,0.19230769230769232,0.6838882510524301,0.8124760811327976,0.9230769230769231,量能动量;量能比,False
SZ300375,4.1200004,0.37585413,0.21239954075774972,0.17833907386146192,0.2554535017221584,0.22522005357826252,,True
SZ300376,4.2599998,0.74016863,0.06544202066590127,0.10179869881362419,0.6153846153846154,0.6042862610026789,,True
SZ300377,14.360001,5.6378584,0.597206276310754,0.44374282433983925,0.5076540375047838,0.14791427477994643,,True
SZ300378,39.17,7.381218,0.8409873708381171,0.8815537696134711,0.7081898201301187,0.4711060084194413,量能水平;量能波动,False
SZ300380,28.95,1.0238268,0.351894374282434,0.21010332950631458,0.5066972828166858,0.11423650975889782,,True
SZ300381,5.78,0.7520618,0.48392652123995405,0.39647914274779944,0.12916188289322617,0.16475315729047071,,True
SZ300382,16.07,4.566123,0.6228473019517795,0.48851894374282434,0.17145044010715652,0.28587830080367393,,True
SZ300383,11.46,4.26219,0.5648679678530425,0.44489092996555685,0.729238423268274,0.5306161500191351,,True
SZ300384,11.91,0.26301682,0.042671259089169536,0.029468044393417527,0.6138538078836586,0.39647914274779944,,True
SZ300385,13.259999,0.84405094,0.18522770761576732,0.3484500574052813,0.5912743972445464,0.2872177573670111,,True
SZ300386,11.3,1.7608762,0.7154611557596632,0.5665901262916189,0.10524301569077689,0.020857252200535782,,True
SZ300387,7.48,0.90159726,0.4869881362418676,0.13872942977420588,0.0742441637964026,0.03291236127057023,,True
SZ300388,6.75,0.35614255,0.035208572522005356,0.01856104094910065,0.08170685036356679,0.12667432070417145,,True
SZ300389,13.240001,0.5675881,0.09892843474933027,0.5359739762724838,0.9389590508993494,0.9092996555683123,量能动量;量能比,False
SZ300390,54.23,14.20046,0.16781477229238423,0.20034443168771526,0.44125526215078453,0.5470723306544202,,True
SZ300393,6.23,1.0322231,0.39647914274779944,0.5663987753539992,0.7041714504401072,0.6980482204362801,,True
SZ300394,275.84,101.75774,0.5154994259471871,0.46249521622655954,0.28243398392652125,0.6509758897818599,,True
SZ300395,97.079994,24.036129,0.5635285112897053,0.47761194029850745,0.5564485265977803,0.5269804822043628,,True
SZ300397,11.48,1.6332465,0.6892460773057788,0.9083429008802143,0.9309223115193265,0.5713738997321087,量能波动;量能动量,False
SZ300398,37.92,11.333315,0.6993876769996173,0.7273249138920781,0.29085342518178336,0.9016456180635285,量能比,False
SZ300399,19.970001,1.7353243,0.34959816303099883,0.1450440107156525,0.5681209337925756,0.016456180635285114,,True
SZ300400,35.54,4.8326044,0.2766934557979334,0.2129735935706085,0.15021048603138154,0.378300803673938,,True
SZ300401,16.39,3.933291,0.29621125143513205,0.5003827018752391,0.8784921546115576,0.8300803673938002,量能动量;量能比,False
SZ300402,14.910001,0.35305172,0.03444316877152698,0.09337925755836203,0.5744355147340222,0.4253731343283582,,True
SZ300403,8.74,0.56358945,0.13643321852277077,0.3882510524301569,0.5776884806735553,0.7920015308075009,,True
SZ300404,14.86,5.4263725,0.7256027554535017,0.837734404898584,0.945273631840796,0.8823191733639495,量能波动;量能动量;量能比,False
SZ300405,5.82,0.4353194,0.2833907386146192,0.3541905855338691,0.4563719862227325,0.7204362801377727,,True
SZ300406,11.790001,0.47253555,0.051856104094910066,0.22847301951779564,0.892460773057788,0.5929965556831228,量能动量,False
SZ300407,10.799999,0.6703467,0.2684653654802909,0.520283199387677,0.479716800612323,0.5059318790662074,,True
SZ300408,129.48001,56.909813,0.9368541905855339,0.8534251817833908,0.36318407960199006,0.6291618828932262,量能水平;量能波动,False
SZ300409,17.220001,2.1838624,0.32548794489092997,0.31381553769613474,0.4351320321469575,0.6741293532338308,,True
SZ300410,8.7699995,1.7872264,0.42020665901262916,0.5091848450057406,0.11174894756984309,0.8413700727133563,量能比,False
SZ300411,8.26,0.9987707,0.37791810179869884,0.3358208955223881,0.02736318407960199,0.09548411787217757,,True
SZ300412,4.5699997,0.38594893,0.07233065442020666,0.08649062380405664,0.41771909682357444,0.6180635285112897,,True
SZ300413,19.320002,23.585457,0.9845005740528129,0.9699579027937237,0.4732108687332568,0.35667814772292383,量能水平;量能波动,False
SZ300414,11.530001,1.2469287,0.3784921546115576,0.2939150401836969,0.06544202066590127,0.4014542671259089,,True
SZ300415,18.89,0.72893614,0.04802908534251818,0.045924225028702644,0.459433601224646,0.30807500956754685,,True
SZ300416,14.23,1.3180088,0.08495981630309989,0.03329506314580941,0.6410256410256411,0.5876387294297742,,True
SZ300417,11.91,0.38288403,0.0776884806735553,0.07405281285878301,0.3716035208572522,0.7824339839265212,,True
SZ300418,44.73,28.77037,0.9418293149636433,0.9112131649445082,0.762724837351703,0.27171833141982393,量能水平;量能波动,False
SZ300419,7.5400004,0.6539875,0.2430156907768848,0.6743207041714504,0.1894374282433984,0.8926521239954076,量能比,False
SZ300420,7.96,7.089965,0.6033295063145809,0.6006505931879066,0.8168771526980482,0.13375430539609645,量能动量,False
SZ300421,17.48,0.8058436,0.09701492537313433,0.20072713356295446,0.755644852659778,0.90566398775354,量能比,False
SZ300422,4.13,0.44155815,0.1511672407194795,0.033486414083429006,0.101415996938385,0.23210868733256793,,True
SZ300423,5.59,0.4032673,0.15786452353616534,0.2087638729429774,0.6616915422885572,0.5815154994259472,,True
SZ300424,14.05,2.0057006,0.654228855721393,0.8813624186758515,0.9869881362418675,0.9862227324913893,量能波动;量能动量;量能比,False
SZ300425,4.04,0.30288294,0.06352851128970533,0.02774588595484118,0.09873708381171067,0.3111366245694604,,True
SZ300426,8.45,1.9898381,0.7510524301569078,0.9557979334098737,0.9778032912361271,0.7931496364332186,量能波动;量能动量,False
SZ300427,6.88,2.2122817,0.7005357826253349,0.7437810945273632,0.16130884041331803,0.7941063911213165,,True
SZ300428,19.62,1.3342185,0.195752009184845,0.12801377726750862,0.155185610409491,0.07041714504401071,,True
SZ300429,11.620001,2.0574791,0.4297742058936089,0.31955606582472257,0.3237657864523536,0.8471106008419441,量能比,False
SZ300430,4.79,0.670408,0.5526215078453884,0.6984309223115194,0.024492920015308076,0.9175277458859549,量能比,False
SZ300432,13.44,4.929494,0.3848067355530042,0.6119402985074627,0.6109835438193647,0.6458094144661309,,True
SZ300433,34.440002,29.453918,0.9349406812093379,0.9468044393417527,0.9083429008802143,0.6615001913509376,量能水平;量能波动;量能动量,False
SZ300434,12.66,2.627836,0.5327210103329506,0.9035591274397244,0.983926521239954,0.9894756984309223,量能波动;量能动量;量能比,False
SZ300435,16.75,1.0659486,0.23918867202449293,0.19766551856104095,0.5218140068886338,0.5007654037504784,,True
SZ300436,87.76,2.8525894,0.2944890929965557,0.3463451970914658,0.5539609644087256,0.43360122464600076,,True
SZ300437,11.12,0.9695641,0.2613853807883659,0.3679678530424799,0.6301186375813241,0.25220053578262536,,True
SZ300438,51.670002,8.333044,0.4376195943360123,0.28798316111748945,0.5267891312667432,0.43321852277076156,,True
SZ300439,10.08,0.33510506,0.2562189054726368,0.5168388825105243,0.6061997703788748,0.8268274014542671,量能比,False
SZ300440,17.84,2.2029247,0.5101415996938385,0.5413318025258324,0.27152698048220436,0.7525832376578645,,True
SZ300441,7.06,0.32032767,0.008993494068120934,0.010332950631458095,0.406620742441638,0.1482969766551856,,True
SZ300442,66.73,11.686226,0.8511289705319556,0.9573287409108304,0.9334098737083811,0.8647148871029467,量能水平;量能波动;量能动量;量能比,False
SZ300443,19.65,1.2608926,0.4309223115193264,0.6435132032146957,0.022196708763872943,0.9636433218522771,量能比,False
SZ300444,9.04,2.426811,0.6113662456946038,0.3777267508610792,0.48928434749330274,0.19632606199770378,,True
SZ300445,18.81,0.5423306,0.040949100650593186,0.06276310753922694,0.0505166475315729,0.4018369690011481,,True
SZ300446,13.0,0.7899868,0.08170685036356679,0.17164179104477612,0.21814006888633755,0.447187141216992,,True
SZ300447,14.31,0.537343,0.07481821660926138,0.07558362035973976,0.40375047837734407,0.5612323000382702,,True
SZ300448,5.6699996,0.8185058,0.24110218140068887,0.17393800229621126,0.3794489092996556,0.17623421354764637,,True
SZ300449,6.73,0.5297899,0.3342900880214313,0.3790662074244164,0.1620742441637964,0.5535782625334864,,True
SZ300450,32.3,9.442432,0.25870646766169153,0.43494068120933793,0.015499425947187142,0.823574435514734,量能比,False
SZ300451,3.5600002,0.71070546,0.0947187141216992,0.4364714887102947,0.931113662456946,0.6926903941829315,量能动量,False
SZ300452,13.2,0.5230216,0.038270187523918864,0.2022579410639112,0.7275162648296977,0.53769613471106,,True
SZ300453,9.110001,0.5989566,0.04707233065442021,0.0677382319173364,0.1888633754305396,0.06946039035591274,,True
SZ300454,151.12999,20.720669,0.9703406046689629,0.952353616532721,0.3170685036356678,0.5287026406429391,量能水平;量能波动,False
SZ300455,17.2,0.76785433,0.02123995407577497,0.027554535017221583,0.4774205893608879,0.723115193264447,,True
SZ300456,38.42,16.741621,0.7114427860696517,0.6865671641791045,0.8945656333716036,0.5434366628396479,量能动量,False
SZ300457,21.15,2.1973991,0.1624569460390356,0.3582089552238806,0.46766169154228854,0.7267508610792193,,True
SZ300458,33.63,12.357431,0.605625717566016,0.8119020283199387,0.950440107156525,0.755644852659778,量能波动;量能动量,False
SZ300459,3.67,3.3682292,0.4644087256027555,0.43360122464600076,0.8159203980099502,0.20972062763107538,量能动量,False
SZ300460,8.96,0.24553452,0.06142365097588978,0.1586299272866437,0.3243398392652124,0.5803673938002296,,True
SZ300461,35.38,2.2225745,0.25526215078453884,0.5181783390738615,0.7361270570225794,0.8404133180252583,量能比,False
SZ300463,9.450001,0.39833733,0.32988901645618063,0.5996938384998086,0.8239571373899732,0.7106773823191733,量能动量,False
SZ300464,12.22,2.419325,0.6953693073096058,0.835820895522388,0.723115193264447,0.9910065059318791,量能波动;量能比,False
SZ300465,11.62,1.6945904,0.43991580558744736,0.25277458859548413,0.5954841178721776,0.047455032529659394,,True
SZ300466,7.19,0.35140684,0.02736318407960199,0.03654802908534252,0.28511289705319554,0.36624569460390355,,True
SZ300467,33.370003,1.0496372,0.2125908916953693,0.32625334864140837,0.2935323383084577,0.2931496364332185,,True
SZ300468,22.76,13.095259,0.8708381171067738,0.8595484117872177,0.6184462303865289,0.08993494068120934,量能水平;量能波动,False
SZ300469,51.399998,2.7033277,0.10486031381553769,0.20972062763107538,0.8340987370838117,0.27860696517412936,量能动量,False
SZ300470,27.86,0.39388776,0.05223880597014925,0.27497129735935705,0.912743972445465,0.6762342135476463,量能动量,False
SZ300471,10.09,0.5188841,0.4900497512437811,0.5855338691159586,0.7426329889016456,0.5115767317259855,,True
SZ300473,34.97,2.562987,0.9001148105625718,0.9755070799846919,0.9150401836969001,0.8813624186758515,量能水平;量能波动;量能动量;量能比,False
SZ300474,52.73,2.938753,0.21737466513585915,0.44737849215461156,0.9106391121316495,0.9502487562189055,量能动量;量能比,False
SZ300475,181.2,47.543896,0.7123995407577497,0.7456946039035591,0.647148871029468,0.5765403750478377,,True
SZ300476,242.1,70.84756,0.6768082663605052,0.8266360505166476,0.8559127439724454,0.8689246077305779,量能波动;量能动量;量能比,False
SZ300477,2.62,0.55968165,0.3071182548794489,0.25602755453501724,0.0028702640642939152,0.2805204745503253,,True
SZ300478,36.32,1.2923974,0.26482969766551856,0.41025641025641024,0.5296593953310371,0.813241484883276,量能比,False
SZ300479,15.059999,0.5219165,0.1316494450822809,0.017412935323383085,0.43819364714887105,0.3656716417910448,,True
SZ300480,32.379997,3.6814075,0.20072713356295446,0.07539226942212017,0.22483735170302335,0.539609644087256,,True
SZ300481,14.17,0.9360519,0.10600841944125526,0.18714121699196326,0.521239954075775,0.8354381936471489,量能比,False
SZ300482,16.56,0.69982904,0.06792958285495598,0.23268274014542673,0.5815154994259472,0.5951014159969383,,True
SZ300483,23.82,3.3037524,0.6368159203980099,0.48143895905089934,0.582089552238806,0.23823191733639495,,True
SZ300484,13.1,0.31465065,0.04075774971297359,0.19651741293532338,0.8605051664753157,0.7854955989284348,量能动量,False
SZ300485,8.78,0.47308537,0.43781094527363185,0.5512820512820513,0.8044393417527745,0.4793340987370838,量能动量,False
SZ300486,18.11,1.8323197,0.35017221584385766,0.26559510141599696,0.044393417527745886,0.07654037504783773,,True
SZ300487,69.26,3.1108263,0.04994259471871412,0.17489475698430923,0.15786452353616534,0.6890547263681592,,True
SZ300488,38.36,2.1656098,0.40049751243781095,0.30520474550325294,0.849980864906238,0.8717948717948718,量能动量;量能比,False
SZ300489,249.01,27.81429,0.5855338691159586,0.5706084959816303,0.8553386911595867,0.8421354764638347,量能动量;量能比,False
SZ300490,10.94,1.3389944,0.4802908534251818,0.40298507462686567,0.14791427477994643,0.5838117106773824,,True
SZ300491,36.59,4.237123,0.5780711825487945,0.7016838882510524,0.7686567164179104,0.6735553004209721,,True
SZ300492,22.85,0.89958733,0.01722158438576349,0.04247990815154994,0.7468427095292767,0.12476081132797551,,True
SZ300493,13.35,1.3533052,0.12629161882893225,0.30176042862610025,0.8356295445847685,0.7960199004975125,量能动量,False
SZ300494,8.200001,0.74250066,0.3989667049368542,0.3224263298890165,0.6354764638346728,0.062380405663987754,,True
SZ300496,56.6,5.3817177,0.4820130118637581,0.34290088021431303,0.8363949483352469,0.41274397244546496,量能动量,False
SZ300497,20.52,7.134837,0.6595866819747417,0.6836969001148105,0.25947187141216993,0.9221201683888252,量能比,False
SZ300498,14.9,6.942313,0.9919632606199771,0.9223115193264447,0.06926903941829315,0.11442786069651742,量能水平;量能波动,False
SZ300499,36.300003,13.702513,0.8000382701875239,0.519326444699579,0.1314580941446613,0.4085342518178339,量能水平,False
SZ300500,9.49,0.33591872,0.2194795254496747,0.14944508228090317,0.4380022962112514,0.32261768082663606,,True
SZ300501,9.57,0.33786595,0.0945273631840796,0.07826253348641408,0.4860313815537696,0.32931496364332186,,True
SZ300502,454.99997,144.1562,0.406620742441638,0.18465365480290855,0.6316494450822809,0.6970914657481821,,True
SZ300503,65.32,5.83934,0.22158438576349024,0.09203980099502487,0.7284730195177956,0.573096058170685,,True
SZ300504,19.5,1.6351837,0.7342135476463835,0.7977420589360887,0.8874856486796785,0.7324913892078071,量能动量,False
SZ300505,19.599998,5.3925157,0.7621507845388442,0.3101798698813624,0.15748182166092614,0.07520091848450057,,True
SZ300506,4.71,0.76161826,0.15040183696900114,0.11213164944508228,0.3664370455415232,0.31285878300803677,,True
SZ300507,6.49,0.4876449,0.10734787600459242,0.1924990432453119,0.4297742058936089,0.712782242632989,,True
SZ300508,38.98,0.93634367,0.18867202449292,0.23899732108687333,0.4364714887102947,0.5030616150019135,,True
SZ300509,8.9,0.43537256,0.0778798316111749,0.02812858783008037,0.44068120933792576,0.32510524301569077,,True
SZ300510,3.4699998,0.6476918,0.33524684270952926,0.33275928052047454,0.33352468427095294,0.7093379257558362,,True
SZ300511,5.1,2.5345786,0.9135093761959434,0.621699196326062,0.12246460007654038,0.0438193647148871,量能水平,False
SZ300512,7.48,0.29059693,0.19077688480673555,0.1314580941446613,0.4158055874473785,0.5382701875239189,,True
SZ300513,7.57,0.35111207,0.12763107539226942,0.4569460390355913,0.8185993111366245,0.8637581324148488,量能动量;量能比,False
SZ300514,10.38,0.2669979,0.03750478377344049,0.02200535782625335,0.07213930348258707,0.5380788365862993,,True
SZ300515,16.41,0.497694,0.05204745503252966,0.24167623421354764,0.9096823574435515,0.6553769613471107,量能动量,False
SZ300516,36.62,2.138238,0.53769613471106,0.505166475315729,0.7883658629927287,0.5022962112514351,,True
SZ300517,12.27,0.82856,0.3505549177190968,0.5133945656333716,0.13337160352085725,0.6415996938384998,,True
SZ300518,27.08,2.1768887,0.6848450057405281,0.8149636433218522,0.9125526215078454,0.6276310753922695,量能波动;量能动量,False
SZ300519,14.8,0.522877,0.11079219288174512,0.2026406429391504,0.8342900880214313,0.2927669345579793,量能动量,False
SZ300520,22.930002,1.366868,0.21890547263681592,0.2818599311136625,0.29621125143513205,0.5593187906620742,,True
SZ300521,25.49,0.76956177,0.13260619977037888,0.1823574435514734,0.4010715652506697,0.4368541905855339,,True
SZ300522,15.16,2.6996045,0.5612323000382702,0.6819747416762342,0.763681592039801,0.9734022196708764,量能比,False
SZ300523,21.59,0.65926003,0.20512820512820512,0.223115193264447,0.12055109070034443,0.1827401454267126,,True
SZ300525,8.04,0.91872686,0.07596632223497896,0.20531955606582472,0.7349789513968619,0.43398392652123996,,True
SZ300527,8.17,0.75182873,0.2569843092231152,0.6519326444699579,0.20053578262533486,0.6879066207424417,,True
SZ300528,14.07,2.48274,0.6836969001148105,0.5135859165709912,0.39341752774588595,0.09950248756218906,,True
SZ300529,15.27,0.6334236,0.1421737466513586,0.16494450822809031,0.7747799464217374,0.5221967087638729,,True
SZ300530,19.68,1.1857852,0.24741676234213547,0.2898966704936854,0.2680826636050517,0.19135093761959435,,True
SZ300531,15.549999,1.5948496,0.3287409108304631,0.22388059701492538,0.48890164561806354,0.12035973976272483,,True
SZ300532,7.44,0.5997678,0.10658247225411405,0.3878683505549177,0.7705702257941064,0.41982395713738996,,True
SZ300533,14.57,1.2275782,0.614619211634137,0.4820130118637581,0.7219670876387294,0.18503635667814772,,True
SZ300534,14.43,7.48855,0.8737083811710677,0.9123612705702258,0.8476846536548029,0.7717183314198239,量能水平;量能波动;量能动量,False
SZ300535,15.700001,0.3500706,0.17355530042097206,0.1012246460007654,0.3097971680061232,0.5109070034443168,,True
SZ300536,8.49,0.6032736,0.13203214695752008,0.08304630692690394,0.309414466130884,0.24741676234213547,,True
SZ300537,21.4,1.8761095,0.4510141599693839,0.7734404898584003,0.04860313815537696,0.9699579027937237,量能比,False
SZ300538,15.240001,0.6731199,0.20704171450440106,0.4292001530807501,0.8926521239954076,0.5579793340987371,量能动量,False
SZ300539,17.6,1.0058638,0.08247225411404516,0.5174129353233831,0.6006505931879066,0.9489092996555684,量能比,False
SZ300540,26.960001,2.3406968,0.5639112131649445,0.48258706467661694,0.6850363566781478,0.7091465748182166,,True
SZ300541,9.7,0.58300287,0.13088404133180254,0.0912743972445465,0.5725220053578263,0.4161882893226177,,True
SZ300542,12.7,1.4731116,0.23115193264446995,0.23478760045924224,0.55185610409491,0.012246460007654038,,True
SZ300543,7.8400006,0.33744743,0.15212399540757748,0.1955606582472254,0.4284347493302717,0.618828932261768,,True
SZ300545,27.800001,2.499175,0.49177190968235746,0.5503252965939534,0.9221201683888252,0.15346345197091465,量能动量,False
SZ300546,17.31,1.6987606,0.506123230003827,0.3097971680061232,0.560849598163031,0.011672407194795254,,True
SZ300547,25.600002,2.0282314,0.35112897053195563,0.5392269422120168,0.9089169536930731,0.34730195177956374,量能动量,False
SZ300548,236.19998,29.184656,0.4969383849980865,0.5306161500191351,0.4510141599693839,0.7210103329506314,,True
SZ300549,14.7,0.26038176,0.05893608878683505,0.005549177190968236,0.33945656333716034,0.6127057022579411,,True
SZ300550,14.000001,1.0666316,0.3065442020665901,0.39341752774588595,0.838691159586682,0.27497129735935705,量能动量,False
SZ300551,11.7699995,1.7668774,0.4242250287026406,0.15996938384998086,0.6111748947569843,0.03616532721010333,,True
SZ300552,20.840002,1.2278153,0.331611174894757,0.054917719096823574,0.4006888633754305,0.029468044393417527,,True
SZ300553,66.3,3.529521,0.4657481821660926,0.653272101033295,0.5225794106391122,0.7550707998469193,,True
SZ300554,22.91,0.6900781,0.21469575200918484,0.5889781859931114,0.8876769996172982,0.9292001530807501,量能动量;量能比,False
SZ300556,16.26,0.9753856,0.2763107539226942,0.21756601607347875,0.4500574052812859,0.19900497512437812,,True
SZ300557,26.15,0.68728507,0.08974358974358974,0.11251435132032148,0.7964026023727516,0.4931113662456946,,True
SZ300558,50.72,5.071447,0.846727898966705,0.916953693073096,0.9483352468427095,0.7818599311136625,量能水平;量能波动;量能动量,False
SZ300559,13.1,1.0618591,0.21354764638346727,0.43034825870646765,0.34347493302717186,0.5551090700344432,,True
SZ300560,18.660002,1.9988784,0.36949866054343666,0.43857634902411025,0.8069269039418293,0.6461921163413701,量能动量,False
SZ300561,15.8099985,3.555987,0.667432070417145,0.32950631458094143,0.17087638729429774,0.15690776884806737,,True
SZ300562,17.57,3.2572486,0.6371986222732492,0.44202066590126293,0.10237275162648297,0.2569843092231152,,True
SZ300563,27.260002,2.9318476,0.4387676999617298,0.3855721393034826,0.05166475315729047,0.7973593570608496,,True
SZ300564,12.280001,0.34257588,0.27152698048220436,0.24531190202831993,0.2766934557979334,0.4024110218140069,,True
SZ300565,10.03,0.7757124,0.46134711060084194,0.37734404898584,0.07941063911213166,0.7055109070034443,,True
SZ300566,26.32,4.720731,0.6475315729047072,0.7623421354764638,0.8067355530042097,0.6812093379257559,量能动量,False
SZ300567,212.27,12.650501,0.3593570608495982,0.5398009950248757,0.5562571756601608,0.8088404133180253,量能比,False
SZ300568,15.96,8.918703,0.8438576349024111,0.8178339073861461,0.06563337160352085,0.5604668962877918,量能水平;量能波动,False
SZ300569,4.95,1.0592995,0.6924990432453119,0.8490241102181401,0.010715652506697282,0.9519709146574818,量能波动;量能比,False
SZ300570,227.46,37.32332,0.8505549177190969,0.7690394182931496,0.6557596632223498,0.8526597780329124,量能水平;量能比,False
SZ300571,29.720001,1.7266939,0.17699961729812477,0.28166858017604285,0.8562954458476847,0.7663605051664754,量能动量,False
SZ300572,24.21,1.4144914,0.23727516264829698,0.14255644852659777,0.036930730960581706,0.13987753539992345,,True
SZ300573,37.16,1.7354542,0.0057405281285878304,0.05319556065824722,0.8346727898966705,0.48813624186758514,量能动量,False
SZ300575,6.38,0.93828326,0.4492920015308075,0.8182166092613854,0.9571373899732109,0.9667049368541906,量能波动;量能动量;量能比,False
SZ300576,29.619999,3.5348032,0.16283964791427477,0.35399923459624955,0.47876004592422505,0.8983926521239954,量能比,False
SZ300577,20.25,0.763206,0.15958668197474168,0.13662456946039037,0.8057787983161118,0.250478377344049,量能动量,False
SZ300578,15.749999,0.7071518,0.17738231917336394,0.056639877535399924,0.5449674703406047,0.14542671259089168,,True
SZ300579,24.19,1.4998091,0.19843092231151932,0.30252583237657865,0.053386911595866816,0.7005357826253349,,True
SZ300580,18.52,1.268864,0.2223497895139686,0.38672024492920015,0.7699961729812476,0.7422502870264064,,True
SZ300581,10.32,1.7490525,0.2967853042479908,0.1111748947569843,0.3505549177190968,0.022579410639112132,,True
SZ300582,10.839999,1.1823016,0.547646383467279,0.1352851128970532,0.291044776119403,0.02430156907768848,,True
SZ300583,13.91,0.7776492,0.7810945273631841,0.6492537313432836,0.7544967470340604,0.13872942977420588,,True
SZ300584,31.34,0.7634387,0.11002678913126675,0.07347876004592423,0.39647914274779944,0.5671641791044776,,True
SZ300586,9.39,1.7040629,0.22139303482587064,0.38978185993111364,0.28836586299272865,0.9012629161882894,量能比,False
SZ300587,4.9700003,1.2174768,0.3742824339839265,0.6253348641408343,0.9085342518178339,0.5463069269039418,量能动量,False
SZ300588,21.98,1.2666245,0.10619977037887486,0.08553386911595867,0.35782625334864143,0.06352851128970533,,True
SZ300589,14.059999,3.5639882,0.3649062380405664,0.24799081515499427,0.33639494833524686,0.2602372751626483,,True
SZ300590,11.580001,1.4522239,0.5319556065824722,0.31553769613471105,0.5461155759663222,0.8166858017604286,量能比,False
SZ300591,6.69,1.2248245,0.36318407960199006,0.4439341752774589,0.7428243398392652,0.6140451588212782,,True
SZ300592,20.289999,2.6029701,0.447187141216992,0.46000765403750477,0.23708381171067738,0.8067355530042097,量能比,False
SZ300593,33.420002,6.897485,0.29295828549559894,0.2809031764255645,0.7577497129735936,0.20321469575200918,,True
SZ300594,14.9,0.2527525,0.2709529276693456,0.49387676999617297,0.6151932644469957,0.3409873708381171,,True
SZ300595,10.22,0.78420144,0.06965174129353234,0.07520091848450057,0.49138920780711826,0.27956371986222733,,True
SZ300596,41.140003,1.0181391,0.11270570225794106,0.21086873325679295,0.8836586299272866,0.34347493302717186,量能动量,False
SZ300597,7.9900002,0.3104471,0.1582472254114045,0.12323000382701875,0.16838882510524303,0.4753157290470723,,True
SZ300598,31.25,3.1852896,0.2952544967470341,0.11538461538461539,0.22426329889016455,0.045732874091083044,,True
SZ300599,12.690001,0.99630296,0.4730195177956372,0.7941063911213165,0.9303482587064676,0.9318790662074244,量能动量;量能比,False
SZ300600,10.62,1.2118138,0.46249521622655954,0.05281285878300804,0.12284730195177956,0.3459624952162266,,True
SZ300601,13.08,2.8183653,0.24225028702640644,0.5966322234978951,0.9590508993494068,0.6084959816303099,量能动量,False
SZ300602,38.88,11.200711,0.6320321469575201,0.26942212016838885,0.6655185610409491,0.11978568694986605,,True
SZ300603,8.2699995,0.95553297,0.15327210103329506,0.3065442020665901,0.34730195177956374,0.6035208572522005,,True
SZ300604,272.85,45.811092,0.18828932261768083,0.2227324913892078,0.4862227324913892,0.802334481438959,量能比,False
SZ300605,10.339999,0.55740184,0.20818982013011864,0.07864523536165327,0.19670876387294298,0.18867202449292,,True
SZ300606,37.29,2.868781,0.3809797168006123,0.7296211251435132,0.9232682740145427,0.8319938767699961,量能动量;量能比,False
SZ300607,32.890003,12.628561,0.7596632223497896,0.3520857252200536,0.3002296211251435,0.07252200535782626,,True
SZ300608,10.13,0.74809355,0.27611940298507465,0.6639877535399924,0.8291236127057022,0.7680826636050516,量能动量,False
SZ300609,24.68,0.67774767,0.1557596632223498,0.1731725985457329,0.7024492920015308,0.38078836586299275,,True
SZ300610,10.46,0.36563677,0.08534251817833907,0.040949100650593186,0.29889016456180634,0.3717948717948718,,True
SZ300611,28.14,1.1089336,0.18694986605434366,0.25947187141216993,0.73115193264447,0.43034825870646765,,True
SZ300612,12.700001,0.6972676,0.3652889399158056,0.5577879831611174,0.7732491389207807,0.7529659395331038,,True
SZ300613,83.740005,10.35695,0.8017604286261003,0.3513203214695752,0.812284730195178,0.8474933027171833,量能水平;量能动量;量能比,False
SZ300614,10.42,0.27119577,0.5445847684653655,0.309414466130884,0.11519326444699579,0.7728664370455415,,True
SZ300615,14.990001,2.468505,0.6936471488710295,0.4864140834290088,0.7133562954458477,0.13203214695752008,,True
SZ300616,11.11,0.49776447,0.7489475698430922,0.9349406812093379,0.9196326061997704,0.8323765786452354,量能波动;量能动量;量能比,False
SZ300617,36.27,1.3768101,0.385380788365863,0.264638346727899,0.38308457711442784,0.19058553386911595,,True
SZ300618,32.32,1.302656,0.1517412935323383,0.10887868350554918,0.4936854190585534,0.20398009950248755,,True
SZ300619,26.28,1.5171963,0.23670110983543818,0.22598545732874092,0.1626482969766552,0.39265212399540755,,True
SZ300620,292.0,33.378933,0.4898584003061615,0.4326444699579028,0.7227324913892078,0.7803291236127057,,True
SZ300621,7.09,0.31072146,0.18962877918101798,0.10505166475315729,0.35916570991197855,0.6345197091465749,,True
SZ300622,15.650001,1.3977684,0.15346345197091465,0.49732108687332566,0.9774205893608878,0.7619594336012246,量能动量,False
SZ300623,34.519997,6.691785,0.6272483735170302,0.7219670876387294,0.8698813624186759,0.9535017221584385,量能动量;量能比,False
SZ300624,52.75,6.2352676,0.6406429391504018,0.7493302717183314,0.885380788365863,0.1685801760428626,量能动量,False
SZ300625,10.12,0.20883046,0.25813241484883276,0.22751626482969767,0.07654037504783773,0.8652889399158056,量能比,False
SZ300626,29.51,1.6131778,0.18982013011863758,0.2269422120168389,0.16073478760045926,0.31305013394565634,,True
SZ300627,26.83,1.7501626,0.06888633754305395,0.039418293149636435,0.15269804822043628,0.2535399923459625,,True
SZ300628,41.74,3.708045,0.3480673555300421,0.1213164944508228,0.42097206276310756,0.28874856486796785,,True
SZ300629,18.12,1.0065104,0.11595866819747416,0.13318025258323765,0.21488710294680444,0.2870264064293915,,True
SZ300631,21.400002,0.32232383,0.039992345962495214,0.05510907003444317,0.38002296211251435,0.5267891312667432,,True
SZ300632,19.25,2.6940265,0.4427860696517413,0.358974358974359,0.7671259089169536,0.8390738614619212,量能比,False
SZ300633,19.849998,0.82753646,0.15671641791044777,0.1010332950631458,0.3515116724071948,0.6318407960199005,,True
SZ300634,22.279999,2.2221665,0.5981630309988519,0.9060466896287792,0.9749330271718332,0.933027171833142,量能波动;量能动量;量能比,False
SZ300635,11.929999,0.41938612,0.22043628013777267,0.25105243015690776,0.2973593570608496,0.6601607347876005,,True
SZ300636,7.0299997,0.33894673,0.12035973976272483,0.3348641408342901,0.7807118254879449,0.7845388442403368,,True
SZ300637,9.469999,0.3838408,0.1482969766551856,0.05032529659395331,0.4538844240336778,0.19862227324913892,,True
SZ300638,20.750002,2.580069,0.09242250287026406,0.3608878683505549,0.9402985074626866,0.91982395713739,量能动量;量能比,False
SZ300639,6.1700006,0.5959538,0.2095292766934558,0.5066972828166858,0.8939915805587447,0.818407960199005,量能动量;量能比,False
SZ300640,6.67,0.6819179,0.2843474933027172,0.2535399923459625,0.5304247990815155,0.7189054726368159,,True
SZ300641,13.7,0.623192,0.20149253731343283,0.08591657099119786,0.5554917719096824,0.2539226942212017,,True
SZ300642,21.02,5.3075023,0.9512055109070034,0.9758897818599311,0.9290088021431305,0.5512820512820513,量能水平;量能波动;量能动量,False
SZ300643,18.26,0.90939015,0.14561806352851128,0.17699961729812477,0.34653654802908535,0.4531190202831994,,True
SZ300644,20.98,0.41829517,0.14638346727898965,0.5677382319173364,0.8786835055491772,0.8603138155376961,量能动量;量能比,False
SZ300645,14.37,0.49906853,0.1760428626100268,0.4756984309223115,0.8838499808649063,0.8021431305013395,量能动量;量能比,False
SZ300647,8.49,4.981019,0.8767699961729812,0.6370072713356295,0.1379640260237275,0.07405281285878301,量能水平,False
SZ300648,41.01,0.7817665,0.08706467661691543,0.26521239954075776,0.832567929582855,0.7692307692307693,量能动量,False
SZ300649,28.990002,1.4818985,0.1858017604286261,0.40719479525449676,0.8191733639494834,0.6199770378874856,量能动量,False
SZ300650,12.559999,0.81660074,0.26655185610409493,0.2803291236127057,0.44374282433983925,0.4529276693455798,,True
SZ300651,16.500002,1.0157384,0.41274397244546496,0.40317642556448524,0.7120168388825105,0.12743972445464982,,True
SZ300652,27.840002,0.5666585,0.17336394948335246,0.6620742441637965,0.9722541140451588,0.9774205893608878,量能动量;量能比,False
SZ300653,15.499999,0.288523,0.024110218140068886,0.11442786069651742,0.7543053960964409,0.46536548029085345,,True
SZ300654,9.870001,0.9572928,0.15633371603520857,0.2797550707998469,0.7684653654802909,0.4778032912361271,,True
SZ300655,13.23,4.244038,0.18752391886720246,0.2470340604668963,0.48469192499043245,0.8771526980482205,量能比,False
SZ300656,29.76,1.7037834,0.31936471488710294,0.6410256410256411,0.8379257558362035,0.984883275928052,量能动量;量能比,False
SZ300657,37.960003,9.776878,0.5231534634519709,0.4293915040183697,0.3065442020665901,0.7393800229621125,,True
SZ300658,10.929999,0.8113965,0.46077305778798316,0.4182931496364332,0.3214695752009185,0.588212782242633,,True
SZ300659,11.179999,1.1005851,0.45445847684653656,0.5623804056639877,0.07386146192116341,0.9686184462303865,量能比,False
SZ300660,23.699999,1.0443158,0.29965556831228474,0.3243398392652124,0.676425564485266,0.5124378109452736,,True
SZ300661,121.68,10.977984,0.24875621890547264,0.5331037122081899,0.6997703788748565,0.8938002296211252,量能比,False
SZ300662,21.21,0.98445165,0.24512055109070036,0.16322234978951397,0.7719096823574435,0.05644852659778033,,True
SZ300663,7.9800005,2.348577,0.5166475315729047,0.42824339839265213,0.4967470340604669,0.0440107156525067,,True
SZ300664,4.6499996,0.28364894,0.27956371986222733,0.15040183696900114,0.2198622273249139,0.17508610792192883,,True
SZ300665,8.969999,0.62083256,0.2539226942212017,0.16073478760045926,0.30539609644087257,0.21086873325679295,,True
SZ300666,249.61,25.630482,0.43532338308457713,0.4711060084194413,0.1511672407194795,0.7533486414083429,,True
SZ300667,15.099999,0.8100636,0.20340604668962878,0.15920398009950248,0.09816303099885189,0.7047455032529659,,True
SZ300668,32.79,0.97804046,0.18063528511289706,0.21239954075774972,0.7476081132797551,0.5577879831611174,,True
SZ300669,24.480001,0.45552015,0.0371220818982013,0.38959050899349407,0.9510141599693839,0.886337543053961,量能动量;量能比,False
SZ300670,7.47,0.8326166,0.4225028702640643,0.7171833141982396,0.9521622655951014,0.845771144278607,量能动量;量能比,False
SZ300671,60.16,6.786186,0.4756984309223115,0.6335629544584769,0.8735170302334482,0.9720627631075393,量能动量;量能比,False
SZ300672,203.18,16.09906,0.42384232682740147,0.5924225028702641,0.870264064293915,0.7640642939150402,量能动量,False
SZ300673,15.2300005,0.6062131,0.29238423268274016,0.3210868733256793,0.6716417910447762,0.7567929582854956,,True
SZ300674,16.839998,3.9131322,0.7233065442020666,0.6572904707233066,0.7730577879831612,0.07309605817068504,,True
SZ300675,13.04,0.27365687,0.016647531572904706,0.002104860313815538,0.18407960199004975,0.4538844240336778,,True
SZ300676,43.809998,3.5263486,0.7416762342135477,0.9489092996555684,0.9862227324913893,0.9582854955989284,量能波动;量能动量;量能比,False
SZ300677,50.9,5.178062,0.2935323383084577,0.4690011481056257,0.05204745503252966,0.5442020665901263,,True
SZ300678,21.94,0.8626631,0.045732874091083044,0.021814006888633754,0.5074626865671642,0.4012629161882893,,True
SZ300679,45.329998,8.983518,0.9483352468427095,0.803291236127057,0.6239954075774972,0.5583620359739763,量能水平;量能波动,False
SZ300680,20.699999,1.1112846,0.07500956754688098,0.24435514734022196,0.6394948335246843,0.7659778032912361,,True
SZ300681,22.560001,1.9328235,0.4856486796785304,0.7520091848450058,0.9651741293532339,0.7437810945273632,量能动量,False
SZ300682,9.11,1.1651115,0.3851894374282434,0.4184845005740528,0.6079219288174512,0.5644852659778032,,True
SZ300683,26.300001,1.2287267,0.817451205510907,0.9630692690394183,0.9538844240336778,0.9615384615384616,量能水平;量能波动;量能动量;量能比,False
SZ300684,111.759995,22.445524,0.4978951396861845,0.5884041331802525,0.8088404133180253,0.29238423268274016,量能动量,False
SZ300685,19.929998,1.3656569,0.14676616915422885,0.7093379257558362,0.9969383849980865,0.9678530424799081,量能动量;量能比,False
SZ300686,14.800001,0.89147705,0.31285878300803677,0.12437810945273632,0.39303482587064675,0.2462686567164179,,True
SZ300687,30.7,4.470607,0.6092613853807883,0.6599693838499808,0.8618446230386528,0.5419058553386912,量能动量,False
SZ300688,36.78,3.329471,0.45828549559892845,0.4931113662456946,0.3308457711442786,0.879257558362036,量能比,False
SZ300689,66.02,2.20118,0.2621507845388442,0.439150401836969,0.13375430539609645,0.9223115193264447,量能比,False
SZ300690,23.87,1.7520995,0.6362418675851512,0.7227324913892078,0.1180635285112897,0.850937619594336,量能比,False
SZ300691,19.300001,1.1734173,0.3710294680443934,0.9510141599693839,0.9992345962495216,0.9950248756218906,量能波动;量能动量;量能比,False
SZ300692,9.5,1.3705033,0.40681209337925756,0.7210103329506314,0.7893226176808267,0.8264446995790279,量能比,False
SZ300693,38.26,3.45396,0.30845771144278605,0.3342900880214313,0.628779181017987,0.35017221584385766,,True
SZ300694,10.65,0.4374876,0.35667814772292383,0.43073096058170685,0.045158821278224265,0.5484117872177574,,True
SZ300695,52.91,0.5750946,0.41025641025641024,0.5223880597014925,0.1760428626100268,0.8849980864906238,量能比,False
SZ300696,21.39,1.1618767,0.25507079984691927,0.53769613471106,0.6488710294680444,0.5084194412552622,,True
SZ300697,15.539999,2.981318,0.42996555683122845,0.08323765786452354,0.40566398775354,0.0505166475315729,,True
SZ300698,28.730001,0.74379504,0.10160734787600459,0.3572522005357826,0.9165709911978569,0.7248373517030233,量能动量,False
SZ300699,23.68,1.9005384,0.3228090317642556,0.17355530042097206,0.614619211634137,0.2914274779946422,,True
SZ300700,17.13,1.6111999,0.2229238423268274,0.2847301951779564,0.9494833524684271,0.7669345579793341,量能动量,False
SZ300701,10.0,0.32716167,0.0505166475315729,0.007845388442403367,0.3601224646000765,0.24148488327592804,,True
SZ300702,21.74,0.46697745,0.12016838882510525,0.4372368924607731,0.8279755070799847,0.9401071565250669,量能动量;量能比,False
SZ300703,14.199999,0.95525646,0.4701492537313433,0.2464600076540375,0.38978185993111364,0.7342135476463835,,True
SZ300705,11.110001,0.62105846,0.06946039035591274,0.2625334864140834,0.8432835820895522,0.5200918484500574,量能动量,False
SZ300706,50.410004,3.2656524,0.32644469957902794,0.3880597014925373,0.23765786452353616,0.8057787983161118,量能比,False
SZ300707,12.13,0.32278582,0.13968618446230385,0.16303099885189437,0.43991580558744736,0.619785686949866,,True
SZ300708,9.42,2.2624729,0.2328740910830463,0.4933027171833142,0.42728664370455416,0.9334098737083811,量能比,False
SZ300709,39.13,7.0041294,0.9420206659012629,0.3203214695752009,0.29181017986988134,0.004018369690011481,量能水平,False
SZ300710,31.280003,1.0398711,0.3030998851894374,0.21373899732108687,0.5838117106773824,0.07347876004592423,,True
SZ300711,18.83,2.212574,0.4722541140451588,0.3827018752391887,0.05970149253731343,0.2977420589360888,,True
SZ300712,20.86,0.31486323,0.07194795254496747,0.21928817451205512,0.04994259471871412,0.8065442020665902,量能比,False
SZ300713,13.91,0.33300284,0.29927286643704554,0.7246460007654038,0.8277841561423651,0.9249904324531191,量能动量;量能比,False
SZ300715,14.570001,1.2511995,0.23478760045924224,0.3802143130501339,0.585342518178339,0.7895139686184462,,True
SZ300716,18.16,0.37687096,0.09644087256027555,0.16475315729047071,0.12380405663987754,0.2994642173746651,,True
SZ300717,19.05,0.426371,0.13030998851894374,0.5843857634902411,0.9272866437045542,0.9050899349406812,量能动量;量能比,False
SZ300718,53.160004,2.3041043,0.16972828166858017,0.1555683122847302,0.698622273249139,0.5080367393800229,,True
SZ300719,12.16,0.48868823,0.2558362035973976,0.050133945656333716,0.2064676616915423,0.21737466513585915,,True
SZ300720,63.699997,7.224696,0.38384998086490624,0.34328358208955223,0.8687332567929583,0.3794489092996556,量能动量,False
SZ300721,22.56,1.9224519,0.5876387294297742,0.8777267508610792,0.0338691159586682,0.959433601224646,量能波动;量能比,False
SZ300722,21.95,1.0246984,0.045924225028702644,0.012629161882893225,0.03482587064676617,0.040949100650593186,,True
SZ300723,34.58,2.3668463,0.373134328358209,0.42766934557979336,0.8117106773823192,0.2742058936088787,量能动量,False
SZ300724,54.449997,3.7451932,0.6603520857252201,0.6209337925755836,0.6544202066590127,0.5973976272483735,,True
SZ300725,53.500004,9.01216,0.6385380788365863,0.6414083429008802,0.8628013777267508,0.8878683505549178,量能动量;量能比,False
SZ300726,58.719997,7.142292,0.7747799464217374,0.5369307309605817,0.4014542671259089,0.8727516264829698,量能比,False
SZ300727,34.8,1.7769606,0.216035208572522,0.3279755070799847,0.2843474933027172,0.5227707615767317,,True
SZ300729,11.599999,0.3613099,0.11251435132032148,0.44776119402985076,0.9804822043628014,0.972636815920398,量能动量;量能比,False
SZ300730,11.86,0.4544607,0.06123230003827019,0.2763107539226942,0.8790662074244164,0.4630692690394183,量能动量,False
SZ300731,50.820004,4.4568534,0.532529659395331,0.6096440872560276,0.5116724071947952,0.6898201301186376,,True
SZ300732,5.85,0.3167338,0.4094910065059319,0.13892078071182548,0.1289705319556066,0.4898584003061615,,True
SZ300733,14.14,0.6652218,0.25200918484500573,0.6745120551090701,0.9378109452736318,0.9718714121699197,量能动量;量能比,False
SZ300735,18.939999,2.473244,0.5321469575200919,0.529276693455798,0.8737083811710677,0.5078453884424033,量能动量,False
SZ300736,34.25,1.6582829,0.36739380022962115,0.484883275928052,0.5723306544202067,0.4010715652506697,,True
SZ300737,4.91,1.1584044,0.7464600076540375,0.9473784921546116,0.9024110218140069,0.8388825105243015,量能波动;量能动量;量能比,False
SZ300738,20.05,5.6864033,0.39016456180635284,0.39762724837351704,0.8897818599311137,0.605625717566016,量能动量,False
SZ300739,31.03,5.446255,0.8417527745885954,0.8451970914657482,0.10007654037504783,0.880214313050134,量能水平;量能波动;量能比,False
SZ300740,23.27,5.5814667,0.8756218905472637,0.927860696517413,0.7910447761194029,0.8635667814772292,量能水平;量能波动;量能比,False
SZ300741,29.49,3.579213,0.965556831228473,0.9852659778032913,0.8576349024110218,0.9831611174894757,量能水平;量能波动;量能动量;量能比,False
SZ300743,14.53,0.34660876,0.07577497129735936,0.15977803291236128,0.6601607347876005,0.6570991197856869,,True
SZ300745,27.9,1.736259,0.5815154994259472,0.23842326827401455,0.3027171833141982,0.10428626100267892,,True
SZ300746,14.860001,0.7182385,0.21373899732108687,0.3266360505166475,0.5778798316111748,0.6299272866437046,,True
SZ300747,40.5,9.148786,0.8673938002296211,0.7095292766934558,0.3450057405281286,0.5082280903176426,量能水平,False
SZ300748,25.84,3.5545225,0.22407194795254498,0.149062380405664,0.6848450057405281,0.49980864906238043,,True
SZ300749,25.170002,1.0094459,0.21871412169919632,0.344814389590509,0.8710294680443934,0.7667432070417145,量能动量,False
SZ300750,304.63,113.566124,0.9668962877918101,0.9827784156142365,0.34366628396479143,0.9171450440107156,量能水平;量能波动;量能比,False
SZ300751,203.51001,12.709505,0.5891695369307309,0.5265977803291236,0.4753157290470723,0.6157673172598546,,True
SZ300752,13.46,1.1192586,0.4628779181017987,0.681592039800995,0.04247990815154994,0.9255644852659778,量能比,False
SZ300753,21.730001,1.0957769,0.4496747034060467,0.6084959816303099,0.22502870264064295,0.7763107539226942,,True
SZ300755,11.6,0.57026803,0.37657864523536166,0.6113662456946038,0.867011098354382,0.8916953693073096,量能动量;量能比,False
SZ300756,34.8,1.6685923,0.49138920780711826,0.7359357060849598,0.7816685801760429,0.9345579793340988,量能比,False
SZ300757,605.88,36.24148,0.5813241484883276,0.3949483352468427,0.31515499425947185,0.2703788748564868,,True
SZ300758,11.5,1.1468674,0.553769613471106,0.16417910447761194,0.440107156525067,0.02659778032912361,,True
SZ300759,44.46,21.064478,0.821660926138538,0.7060849598163031,0.6452353616532721,0.7937236892460773,量能水平,False
SZ300760,156.68,12.953365,0.945273631840796,0.7648296976655186,0.6387294297742059,0.13643321852277077,量能水平,False
SZ300761,20.87,1.7090274,0.74531190202832,0.6377726750861079,0.38346727898966704,0.23191733639494833,,True
SZ300762,27.26,3.9594817,0.49502487562189057,0.32682740145426714,0.8231917336394948,0.6354764638346728,量能动量,False
SZ300763,55.97,5.31816,0.4728281668580176,0.44814389590508996,0.5931879066207424,0.424990432453119,,True
SZ300765,47.86,9.243655,0.6333716035208573,0.6567164179104478,0.8021431305013395,0.45445847684653656,量能动量,False
SZ300766,22.74,4.2901883,0.9060466896287792,0.8622273249138921,0.6670493685419059,0.16073478760045926,量能水平;量能波动,False
SZ300767,21.349998,1.6175491,0.4623038652889399,0.6970914657481821,0.19211634137007272,0.8742824339839265,量能比,False
SZ300768,15.25,0.90352863,0.4016456180635285,0.44661308840413316,0.14006888633754305,0.7969766551856104,,True
SZ300769,41.53,3.6993434,0.568886337543054,0.48124760811327977,0.19364714887102946,0.4228855721393035,,True
SZ300770,35.12,0.83767194,0.33141982395713737,0.4267125908916954,0.7466513585916571,0.4573287409108305,,True
SZ300771,11.4800005,0.43878832,0.38882510524301567,0.3400306161500191,0.5774971297359357,0.6814006888633755,,True
SZ300772,9.39,1.623203,0.5158821278224264,0.5120551090700345,0.05797933409873708,0.5457328740910831,,True
SZ300773,15.35,8.786476,0.979716800612323,0.9450822809031765,0.6884806735553004,0.08036739380022963,量能水平;量能波动,False
SZ300774,10.169999,1.2015631,0.7638729429774206,0.3916953693073096,0.09376195943360123,0.07673172598545733,,True
SZ300775,21.28,2.8754535,0.5977803291236127,0.48086490623804057,0.41025641025641024,0.17642556448526597,,True
SZ300776,124.02,7.8465543,0.6660926138538079,0.7382319173363949,0.7020665901262916,0.8909299655568312,量能比,False
SZ300777,21.349998,1.2380472,0.2904707233065442,0.1452353616532721,0.2814772292384233,0.28243398392652125,,True
SZ300778,10.870001,0.5036076,0.4902411021814007,0.2914274779946422,0.39150401836969,0.11519326444699579,,True
SZ300779,54.100002,3.7461305,0.399540757749713,0.3048220436280138,0.6205510907003444,0.4362801377726751,,True
SZ300780,20.28,1.0725162,0.5225794106391122,0.5430539609644087,0.6718331419823957,0.6597780329123613,,True
SZ300781,28.38,1.4920013,0.40336777650210487,0.5792192881745121,0.8867202449292002,0.5149253731343284,量能动量,False
SZ300782,74.75,6.9233823,0.534443168771527,0.6151932644469957,0.7277076157673172,0.7596632223497896,,True
SZ300783,16.980001,0.9529507,0.6039035591274398,0.3618446230386529,0.3038652889399158,0.1312667432070417,,True
SZ300784,42.670002,0.20958325,0.39705319556065827,0.25487944890929964,0.703788748564868,0.5304247990815155,,True
SZ300785,37.67,3.2971606,0.5973976272483735,0.9156142365097589,0.9835438193647149,0.6083046306926904,量能波动;量能动量,False
SZ300786,15.11,1.1128105,0.5533869115958668,0.8429008802143131,0.9182931496364333,0.9441255262150785,量能波动;量能动量;量能比,False
SZ300787,11.9,0.5868548,0.30807500956754685,0.7887485648679678,0.9332185227707616,0.9682357443551474,量能动量;量能比,False
SZ300788,34.79,3.9118667,0.8352468427095293,0.6230386528893992,0.27458859548411785,0.931113662456946,量能水平;量能比,False
SZ300789,16.499998,0.53178835,0.31381553769613474,0.5164561806352851,0.9186758515116724,0.33983926521239954,量能动量,False
SZ300790,19.89,4.723561,0.7284730195177956,0.6584385763490241,0.6915422885572139,0.6456180635285113,,True
SZ300791,17.849998,0.31474555,0.17642556448526597,0.2772675086107922,0.30520474550325294,0.15231534634519708,,True
SZ300792,25.86,2.5534084,0.7862610026789131,0.9050899349406812,0.9636433218522771,0.38251052430156907,量能波动;量能动量,False
SZ300793,12.19,0.6238377,0.3939915805587447,0.7747799464217374,0.9584768465365481,0.9228855721393034,量能动量;量能比,False
SZ300795,14.15,2.9580607,0.6833141982395714,0.8606965174129353,0.9716800612323,0.36452353616532723,量能波动;量能动量,False
SZ300796,6.8899994,0.29791573,0.18388825105243015,0.045732874091083044,0.4295828549559893,0.4295828549559893,,True
SZ300797,13.299999,0.54705095,0.052430156907768845,0.13088404133180254,0.5388442403367777,0.39762724837351704,,True
SZ300798,9.030001,3.657078,0.8966704936854191,0.8819364714887103,0.6794871794871795,0.10983543819364715,量能水平;量能波动,False
SZ300800,10.51,0.30826086,0.42709529276693453,0.46383467278989665,0.47474167623421354,0.8584003061615002,量能比,False
SZ300801,22.039999,0.69347054,0.43494068120933793,0.2942977420589361,0.4115958668197474,0.5501339456563337,,True
SZ300802,27.699999,2.786596,0.6590126291618829,0.8117106773823192,0.6117489475698431,0.8796402602372752,量能波动;量能比,False
SZ300803,57.86,16.234606,0.6318407960199005,0.5208572522005358,0.7615767317259855,0.23861461921163413,,True
SZ300804,44.809998,0.5394355,0.28243398392652125,0.6232300038270188,0.392460773057788,0.8760045924225028,量能比,False
SZ300805,8.67,0.6918924,0.6285878300803674,0.6239954075774972,0.7696134711060084,0.3639494833524684,,True
SZ300806,55.550003,15.35051,0.5482204362801377,0.5317642556448526,0.017986988136241867,0.6255262150784539,,True
SZ300807,37.100002,0.37425843,0.11308840413318025,0.18733256792958286,0.43034825870646765,0.5665901262916189,,True
SZ300808,21.470001,1.155673,0.5015308075009568,0.6785304247990815,0.13222349789513968,0.8350554917719096,量能比,False
SZ300809,24.7,0.84876907,0.3601224646000765,0.22579410639112132,0.7921928817451206,0.7558362035973977,,True
SZ300810,25.85,1.0177102,0.5403750478377344,0.23918867202449293,0.11710677382319173,0.22713356295445847,,True
SZ300811,86.45,10.301093,0.458476846536548,0.36949866054343666,0.45484117872177576,0.5271718331419823,,True
SZ300812,20.34,1.0189747,0.3960964408725603,0.47091465748182165,0.9010715652506698,0.8941829314963643,量能动量;量能比,False
SZ300813,23.150002,0.61206645,0.19479525449674703,0.5373134328358209,0.7853042479908151,0.925947187141217,量能比,False
SZ300814,143.25,8.75792,0.7772675086107922,0.568886337543054,0.6132797550707998,0.6737466513585917,,True
SZ300815,15.900001,0.7027102,0.3813624186758515,0.8034825870646766,0.9119785686949866,0.9272866437045542,量能波动;量能动量;量能比,False
SZ300816,66.1,3.4810836,0.720244929200153,0.46536548029085345,0.5030616150019135,0.1727898966704937,,True
SZ300817,16.49,0.4919933,0.1377726750861079,0.03788748564867968,0.31132797550707997,0.009567546880979716,,True
SZ300818,16.679998,0.48589435,0.14753157290470723,0.6174894756984309,0.98584003061615,0.8484500574052812,量能动量;量能比,False
SZ300819,49.159996,1.9096875,0.33926521239954077,0.4636433218522771,0.12935323383084577,0.8980099502487562,量能比,False
SZ300820,72.68,3.9194067,0.5172215843857635,0.7284730195177956,0.3333333333333333,0.9492920015308075,量能比,False
SZ300821,15.57,7.2935967,0.9307309605817069,0.9387676999617298,0.549559892843475,0.6955606582472255,量能水平;量能波动,False
SZ300822,11.710001,0.51790833,0.29716800612323,0.11385380788365863,0.7244546498277842,0.055874473784921545,,True
SZ300823,14.559999,0.45281917,0.2747799464217375,0.23383084577114427,0.31802525832376577,0.275928052047455,,True
SZ300824,7.8900003,0.3268668,0.07979334098737084,0.05702257941063911,0.1796785304247991,0.3675851511672407,,True
SZ300825,12.820001,3.2051578,0.7087638729429774,0.49215461155759666,0.38461538461538464,0.3375430539609644,,True
SZ300826,15.780001,0.76220256,0.4190585533869116,0.553769613471106,0.09280520474550326,0.4446995790279372,,True
SZ300827,25.640001,2.2539225,0.25220053578262536,0.5797933409873708,0.5763490241102182,0.6936471488710295,,True
SZ300828,17.23,1.0845159,0.4052812858783008,0.32567929582854954,0.35246842709529275,0.07883658629927287,,True
SZ300829,27.6,2.8475225,0.8584003061615002,0.9609644087256027,0.9316877152698049,0.9906238040566399,量能水平;量能波动;量能动量;量能比,False
SZ300830,8.32,2.1652482,0.7047455032529659,0.6327975507079985,0.15365480290853425,0.14370455415231534,,True
SZ300831,14.260001,0.5957703,0.09261385380788366,0.04496747034060467,0.18369690011481057,0.3304630692690394,,True
SZ300832,49.47,2.289133,0.5698430922311519,0.38461538461538464,0.22464600076540375,0.1888633754305396,,True
SZ300833,41.089996,0.46108773,0.3105625717566016,0.26540375047837733,0.46460007654037505,0.14580941446613088,,True
SZ300834,40.050003,0.6197228,0.44087256027554533,0.3291236127057023,0.6475315729047072,0.13241484883275928,,True
SZ300835,193.22,5.742809,0.3404133180252583,0.4724454649827784,0.5378874856486797,0.756601607347876,,True
SZ300836,60.850002,1.53492,0.3794489092996556,0.7958285495598928,0.8526597780329124,0.9567546880979717,量能动量;量能比,False
SZ300837,22.880001,0.40513492,0.2500956754688098,0.23402219670876387,0.06046689628779181,0.3354381936471489,,True
SZ300838,14.31,0.41689968,0.2470340604668963,0.09089169536930732,0.19154228855721392,0.09969383849980865,,True
SZ300839,13.400001,1.9462613,0.6995790279372369,0.26234213547646384,0.3132414848832759,0.04477611940298507,,True
SZ300840,19.96,2.1247022,0.5415231534634519,0.6697282816685802,0.8136241867585151,0.5403750478377344,量能动量,False
SZ300841,54.460003,1.7665967,0.6865671641791045,0.7592805204745503,0.8915040183696901,0.51415996938385,量能动量,False
SZ300842,63.74,3.2948294,0.49827784156142363,0.5642939150401837,0.31898201301186374,0.4389590508993494,,True
SZ300843,136.49998,8.178791,0.5200918484500574,0.41484883275928053,0.7016838882510524,0.6729812476081133,,True
SZ300844,24.57,0.340454,0.372177573670111,0.23804056639877536,0.37256027554535015,0.5893608878683505,,True
SZ300845,14.610001,0.8526268,0.417910447761194,0.5989284347493302,0.776884806735553,0.35399923459624955,,True
SZ300846,20.460001,4.396233,0.6012246460007654,0.5654420206659012,0.6946039035591275,0.7024492920015308,,True
SZ300847,14.280001,0.5239723,0.101415996938385,0.2631075392269422,0.5755836203597398,0.323574435514734,,True
SZ300848,11.23,0.3539071,0.07864523536165327,0.04458476846536548,0.1213164944508228,0.15001913509376197,,True
SZ300849,22.349998,0.6210122,0.21507845388442404,0.14293915040183697,0.3463451970914658,0.3999234596249522,,True
SZ300850,28.610003,4.651836,0.7267508610792193,0.7996555683122847,0.006888633754305396,0.696708763872943,,True
SZ300851,24.3,0.25637096,0.23459624952162267,0.0013394565633371603,0.09835438193647149,0.4561806352851129,,True
SZ300852,73.68,7.5553293,0.8182166092613854,0.500956754688098,0.13260619977037888,0.6978568694986605,量能水平,False
SZ300853,31.65,1.116296,0.5371220818982013,0.8541905855338691,0.8000382701875239,0.9290088021431305,量能波动;量能动量;量能比,False
SZ300854,15.81,0.8780336,0.6570991197856869,0.41408342900880213,0.3876769996172981,0.04247990815154994,,True
SZ300855,34.980003,1.9037691,0.23765786452353616,0.4091083046306927,0.5007654037504784,0.3520857252200536,,True
SZ300856,10.52,0.3752195,0.18178339073861463,0.07386146192116341,0.30635285112897054,0.06505931879066207,,True
SZ300857,273.35,44.678,0.6209337925755836,0.42479908151549944,0.6856104094910065,0.40968235744355147,,True
SZ300858,15.68,0.4662232,0.2154611557596632,0.7479908151549942,0.9672789896670494,0.8744737849215461,量能动量;量能比,False
SZ300859,24.44,2.1275477,0.4799081515499426,0.30597014925373134,0.0947187141216992,0.2200535782625335,,True
SZ300860,30.56,1.0388707,0.838691159586682,0.9219288174512055,0.7659778032912361,0.788174512055109,量能水平;量能波动,False
SZ300861,16.09,1.312887,0.8872942977420589,0.6852277076157673,0.6274397244546498,0.3593570608495982,量能水平,False
SZ300862,57.91,12.023874,0.9900497512437811,0.9793340987370838,0.6921163413700727,0.8157290470723306,量能水平;量能波动;量能比,False
SZ300863,42.87,2.6438618,0.8256792958285496,0.9437428243398392,0.5914657481821661,0.8262533486414083,量能水平;量能波动;量能比,False
SZ300864,26.42,1.583755,0.8478760045924225,0.8379257558362035,0.7958285495598928,0.07156525066972828,量能水平;量能波动,False
SZ300865,34.109997,1.5190657,0.8840413318025259,0.8574435514734022,0.4280520474550325,0.5977803291236127,量能水平;量能波动,False
SZ300866,123.90001,5.113489,0.9242250287026407,0.8582089552238806,0.7047455032529659,0.24358974358974358,量能水平;量能波动,False
SZ300867,17.85,1.0029236,0.8450057405281286,0.6458094144661309,0.23038652889399158,0.32472254114045157,量能水平,False
SZ300868,89.08,3.04222,0.8474933027171833,0.9018369690011481,0.03157290470723306,0.8430922311519327,量能水平;量能波动;量能比,False
SZ300869,11.459999,0.3339213,0.8974358974358975,0.9659395331037122,0.8794489092996556,0.8230003827018753,量能水平;量能波动;量能动量;量能比,False
SZ300870,212.0,12.552964,0.90566398775354,0.8120933792575583,0.5285112897053196,0.4651741293532338,量能水平;量能波动,False
SZ300871,21.7,0.8560657,0.6942212016838882,0.5298507462686567,0.7376578645235362,0.22809031764255644,,True
SZ300872,15.860001,1.6921843,0.937236892460773,0.9393417527745886,0.8744737849215461,0.4372368924607731,量能水平;量能波动;量能动量,False
SZ300873,16.65,1.8963792,0.8681592039800995,0.9615384615384616,0.6812093379257559,0.8593570608495982,量能水平;量能波动;量能比,False
SZ300875,32.91,1.8580974,0.9630692690394183,0.7562189054726368,0.1961347110600842,0.032529659395331034,量能水平,False
SZ300876,14.959999,0.5150263,0.6789131266743207,0.35782625334864143,0.4257558362035974,0.04994259471871412,,True
SZ300877,27.749998,0.68980986,0.68867202449292,0.5390355912743973,0.10696517412935323,0.5843857634902411,,True
SZ300878,31.080002,0.9202215,0.6312667432070417,0.6509758897818599,0.500956754688098,0.40566398775354,,True
SZ300879,18.19,0.9744014,0.9161882893226176,0.9921546115575967,0.9422120168388826,0.9644087256027555,量能水平;量能波动;量能动量;量能比,False
SZ300880,20.11,0.7313938,0.7544967470340604,0.7022579410639113,0.7923842326827402,0.34232682740145426,,True
SZ300881,30.470001,0.2874342,0.3882510524301569,0.41063911213164944,0.4246077305778798,0.45369307309605816,,True
SZ300882,13.5199995,0.24007556,0.18159203980099503,0.1356678147722924,0.3337160352085725,0.5991197856869499,,True
SZ300883,6.47,0.5377932,0.765595101415997,0.7803291236127057,0.02659778032912361,0.3071182548794489,,True
SZ300884,12.2300005,0.7156408,0.7738231917336394,0.5805587447378492,0.3987753539992346,0.18369690011481057,,True
SZ300885,18.93,0.5423388,0.2742058936088787,0.039992345962495214,0.4668962877918102,0.4799081515499426,,True
SZ300886,24.54,0.45496604,0.6689628779181018,0.751435132032147,0.2432070417145044,0.8911213164944508,量能比,False
SZ300887,7.04,0.66129327,0.7305778798316112,0.6525066972828167,0.2502870264064294,0.4626865671641791,,True
SZ300888,29.52,0.75812745,0.7944890929965557,0.8199387676999618,0.6739380022962113,0.4200153080750096,量能波动,False
SZ300889,22.87,2.311255,0.933027171833142,0.8871029468044394,0.6017986988136241,0.4521622655951014,量能水平;量能波动,False
SZ300890,26.53,1.2615021,0.8654802908534251,0.8344814389590509,0.02640642939150402,0.2133562954458477,量能水平;量能波动,False
SZ300891,7.7499995,0.45977575,0.6733639494833524,0.7326827401454267,0.41714504401071567,0.8029085342518179,量能比,False
SZ300892,23.080002,0.59597546,0.7761194029850746,0.4795254496747034,0.4429774205893609,0.24473784921546116,,True
SZ300893,14.08,0.49743843,0.16609261385380789,0.5197091465748183,0.1215078453884424,0.6747034060466897,,True
SZ300894,10.34,0.8042053,0.8978185993111366,0.9087256027554536,0.1618828932261768,0.3212782242632989,量能水平;量能波动,False
SZ300895,59.010002,2.9219182,0.8415614236509759,0.8916953693073096,0.9001148105625718,0.7162265595101416,量能水平;量能波动;量能动量,False
SZ300896,93.350006,1.984929,0.8578262533486414,0.9584768465365481,0.9123612705702258,0.7298124760811328,量能水平;量能波动;量能动量,False
SZ300897,16.41,0.3292469,0.21756601607347875,0.23210868733256793,0.42824339839265213,0.303291236127057,,True
SZ300898,20.249998,0.6156002,0.7422502870264064,0.34730195177956374,0.49808649062380406,0.17719096823574434,,True
SZ300899,30.060001,0.26068193,0.3932261768082664,0.31917336394948337,0.49827784156142363,0.3407960199004975,,True
SZ300900,23.24,2.599783,0.9577114427860697,0.7736318407960199,0.7952544967470341,0.38959050899349407,量能水平,False
SZ300901,18.539999,1.8437493,0.9167623421354765,0.6991963260619977,0.21086873325679295,0.13471106008419442,量能水平,False
SZ300902,18.02,0.9220379,0.8279755070799847,0.6637964026023727,0.07137389973210868,0.4062380405663988,量能水平,False
SZ300903,109.32,24.77135,0.9810562571756601,0.9397244546498278,0.10868733256792958,0.5279372368924607,量能水平;量能波动,False
SZ300904,43.260002,0.5751173,0.7439724454649828,0.8664370455415231,0.06276310753922694,0.98584003061615,量能波动;量能比,False
SZ300905,39.09,2.7236362,0.8970531955606582,0.9529276693455798,0.062380405663987754,0.9760811327975507,量能水平;量能波动;量能比,False
SZ300906,28.97,0.4018247,0.49521622655951014,0.18675851511672406,0.1997703788748565,0.05281285878300804,,True
SZ300907,58.87,1.8012589,0.7692307692307693,0.8189820130118638,0.8892078071182549,0.851894374282434,量能波动;量能动量;量能比,False
SZ300908,17.09,0.35777247,0.5818982013011864,0.4489092996555683,0.26865671641791045,0.1285878300803674,,True
SZ300909,65.28,2.3565462,0.8233830845771144,0.9636433218522771,0.8059701492537313,0.8729429774205893,量能水平;量能波动;量能动量;量能比,False
SZ300910,28.22,2.0374045,0.8520857252200535,0.5256410256410257,0.620742441637964,0.09299655568312284,量能水平,False
SZ300911,32.32,5.007709,0.9632606199770379,0.8572522005357827,0.3886337543053961,0.32854955989284346,量能水平;量能波动,False
SZ300912,20.34,0.68591064,0.8044393417527745,0.5568312284730195,0.2967853042479908,0.4020283199387677,量能水平,False
SZ300913,41.89,7.754364,0.8813624186758515,0.7755453501722158,0.0878300803673938,0.8279755070799847,量能水平;量能比,False
SZ300915,22.359999,0.38525423,0.6343283582089553,0.7435897435897436,0.44833524684270953,0.6463834672789897,,True
SZ300916,27.86,1.1013057,0.787217757367011,0.7780329123612706,0.8536165327210103,0.290088021431305,量能动量,False
SZ300917,31.430002,4.053868,0.9115958668197475,0.9494833524684271,0.9703406046689629,0.5761576731725986,量能水平;量能波动;量能动量,False
SZ300918,10.96,0.5829915,0.5346345197091465,0.6756601607347876,0.6930730960581707,0.595292766934558,,True
SZ300919,38.28,3.260351,0.9429774205893608,0.8761959433601225,0.4690011481056257,0.3608878683505549,量能水平;量能波动,False
SZ300920,34.399998,0.5940324,0.35399923459624955,0.29219288174512054,0.2535399923459625,0.520283199387677,,True
SZ300921,16.64,1.2109569,0.6469575200918485,0.6079219288174512,0.2022579410639112,0.8964791427477995,量能比,False
SZ300922,17.970001,2.819942,0.911787217757367,0.6077305778798316,0.060849598163030996,0.015116724071947953,量能水平,False
SZ300923,23.99,0.34527257,0.40642939150401836,0.46804439341752774,0.041714504401071564,0.44029850746268656,,True
SZ300925,14.320001,0.8796448,0.6019900497512438,0.6073478760045924,0.8080750095675469,0.3710294680443934,量能动量,False
SZ300926,16.599998,0.5101534,0.1863758132414849,0.15365480290853425,0.7104860313815538,0.46498277841561425,,True
SZ300927,28.500002,5.3873568,0.9181017986988136,0.8191733639494834,0.7539226942212017,0.02640642939150402,量能水平;量能波动,False
SZ300928,25.02,0.44204447,0.7145044010715652,0.9347493302717184,0.93398392652124,0.8406046689628779,量能波动;量能动量;量能比,False
SZ300929,16.22,0.7533416,0.6636050516647531,0.3549559892843475,0.37083811710677383,0.00975889781859931,,True
SZ300930,26.1,0.3053935,0.25487944890929964,0.28300803673938,0.7942977420589361,0.7956371986222732,,True
SZ300931,16.009998,1.1001348,0.6029468044393418,0.7192881745120551,0.7334481438959051,0.9194412552621508,量能比,False
SZ300932,11.199999,1.1996799,0.7122081898201301,0.5510907003444316,0.5797933409873708,0.21680061232300038,,True
SZ300933,6.73,0.8571157,0.730195177956372,0.7763107539226942,0.5357826253348641,0.5891695369307309,,True
SZ300935,29.11,0.5768523,0.8170685036356679,0.7874091083046307,0.6741293532338308,0.5964408725602756,量能水平,False
SZ300936,81.44001,3.5497396,0.866054343666284,0.7950631458094145,0.18044393417527746,0.40757749712973596,量能水平,False
SZ300937,24.939999,0.91766006,0.6930730960581707,0.7357443551473403,0.837734404898584,0.6687715269804823,量能动量,False
SZ300938,32.230003,3.1235085,0.6308840413318025,0.8243398392652124,0.5991197856869499,0.9343666283964791,量能波动;量能比,False
SZ300939,99.64,3.730264,0.7598545732874091,0.8752391886720245,0.9152315346345197,0.969766551856104,量能波动;量能动量;量能比,False
SZ300940,14.04,0.46461833,0.8117106773823192,0.7307692307692307,0.4795254496747034,0.5038270187523919,量能水平,False
SZ300941,15.47,0.79755855,0.7853042479908151,0.6676234213547646,0.6119402985074627,0.11174894756984309,,True
SZ300942,6.67,0.42937145,0.8224263298890164,0.9152315346345197,0.5623804056639877,0.5797933409873708,量能水平;量能波动,False
SZ300943,34.01,4.2681804,0.8698813624186759,0.6050516647531573,0.4739762724837352,0.3681592039800995,量能水平,False
SZ300945,11.920001,2.354528,0.9152315346345197,0.6035208572522005,0.15308075009567546,0.0019135093761959434,量能水平,False
SZ300946,36.640003,0.4928733,0.4739762724837352,0.5235361653272101,0.3015690776884807,0.4647914274779946,,True
SZ300947,15.54,0.6840332,0.6794871794871795,0.8168771526980482,0.8384998086490624,0.3274014542671259,量能波动;量能动量,False
SZ300948,19.900002,0.57796067,0.6687715269804823,0.823574435514734,0.9060466896287792,0.47588978185993114,量能波动;量能动量,False
SZ300949,23.630001,0.31935865,0.5836203597397627,0.33945656333716034,0.3413700727133563,0.06544202066590127,,True
SZ300950,21.400002,0.87099856,0.7573670110983544,0.9238423268274014,0.8138155376961347,0.8786835055491772,量能波动;量能动量;量能比,False
SZ300951,93.26001,4.2919617,0.8716035208572522,0.5361653272101033,0.09299655568312284,0.3344814389590509,量能水平,False
SZ300952,17.1,0.63358134,0.7552621507845388,0.8140068886337543,0.5652506697282816,0.8562954458476847,量能波动;量能比,False
SZ300953,95.18,5.3708677,0.8675851511672407,0.9364714887102947,0.6626482969766552,0.9559892843474933,量能水平;量能波动;量能比,False
SZ300955,30.26,0.3859073,0.5109070034443168,0.31592039800995025,0.4456563337160352,0.3798316111748948,,True
SZ300956,11.469999,0.42430517,0.6121316494450822,0.3283582089552239,0.23230003827018753,0.35916570991197855,,True
SZ300957,32.57,2.0053542,0.9877535399923459,0.9825870646766169,0.789131266743207,0.5120551090700345,量能水平;量能波动,False
SZ300958,12.29,0.33024073,0.7177573670110984,0.5419058553386912,0.2294297742058936,0.3170685036356678,,True
SZ300959,99.75,2.0860343,0.8461538461538461,0.8982013011863759,0.81132797550708,0.7062763107539227,量能水平;量能波动;量能动量,False
SZ300960,17.939999,0.35363308,0.3411787217757367,0.7673172598545733,0.9557979334098737,0.9491006505931879,量能动量;量能比,False
SZ300961,12.249999,1.7098969,0.9680443934175278,0.7893226176808267,0.05300420972062763,0.020474550325296593,量能水平,False
SZ300962,13.169999,0.28941163,0.43857634902411025,0.32223497895139686,0.34194412552621506,0.35323383084577115,,True
SZ300963,11.2300005,0.6871227,0.4707233065442021,0.23938002296211253,0.5120551090700345,0.17680826636050517,,True
SZ300964,77.25,5.199189,0.9106391121316495,0.8233830845771144,0.2676999617298125,0.7757367011098354,量能水平;量能波动,False
SZ300965,42.93,0.28515387,0.5019135093761959,0.15595101415996937,0.491963260619977,0.5153080750095675,,True
SZ300966,25.92,0.5921899,0.6823574435514734,0.831611174894757,0.5926138538078837,0.721201683888251,量能波动,False
SZ300967,16.69,1.1335732,0.7759280520474551,0.2776502104860314,0.44489092996555685,0.09624952162265595,,True
SZ300968,10.1,0.9773233,0.7818599311136625,0.42365097588978184,0.6241867585151167,0.06276310753922694,,True
SZ300969,80.02,2.1304324,0.465556831228473,0.3857634902411022,0.6561423650975889,0.22847301951779564,,True
SZ300970,18.71,4.5797195,0.9741676234213548,0.9094910065059318,0.5166475315729047,0.09758897818599312,量能水平;量能波动,False
SZ300971,17.76,0.3666533,0.39380022962112515,0.11615001913509376,0.2994642173746651,0.6144278606965174,,True
SZ300972,163.80002,3.4006495,0.3136241867585151,0.5438193647148871,0.8723689246077305,0.7699961729812476,量能动量,False
SZ300973,25.800001,0.64713484,0.8304630692690395,0.7518178339073861,0.7847301951779564,0.22349789513968618,量能水平,False
SZ300975,26.61,10.594467,0.980673555300421,0.9267125908916953,0.21871412169919632,0.7765021048603138,量能水平;量能波动,False
SZ300976,64.159996,3.5280244,0.9073861461921163,0.8050133945656334,0.11615001913509376,0.41312667432070416,量能水平;量能波动,False
SZ300977,18.76,0.613124,0.5600841944125526,0.4427860696517413,0.5884041331802525,0.20818982013011864,,True
SZ300978,8.780001,0.29966512,0.5336777650210486,0.8363949483352469,0.856104094910065,0.966513585916571,量能波动;量能动量;量能比,False
SZ300979,33.65,0.68400234,0.7523918867202449,0.729238423268274,0.6044776119402985,0.763681592039801,,True
SZ300980,23.980001,0.8085948,0.6337543053960965,0.5671641791044776,0.7579410639112132,0.5285112897053196,,True
SZ300981,18.800001,2.8695874,0.9699579027937237,0.9860313815537696,0.9016456180635285,0.7721010332950632,量能水平;量能波动;量能动量,False
SZ300982,14.39,0.28899994,0.3459624952162266,0.23421354764638347,0.1549942594718714,0.5949100650593188,,True
SZ300983,38.46,0.42204523,0.4012629161882893,0.5434366628396479,0.5262150784538844,0.9358974358974359,量能比,False
SZ300984,31.720001,1.0243666,0.3647148871029468,0.27841561423650973,0.19747416762342135,0.6507845388442404,,True
SZ300985,40.64,1.0836396,0.5369307309605817,0.513203214695752,0.5916570991197857,0.4217374665135859,,True
SZ300986,11.79,3.1706426,0.878300803673938,0.8790662074244164,0.7776502104860313,0.2770761576731726,量能水平;量能波动,False
SZ300987,15.200001,1.3130107,0.8987753539992346,0.9741676234213548,0.7761194029850746,0.9634519709146575,量能水平;量能波动;量能比,False
SZ300988,16.35,0.5009518,0.46804439341752774,0.5110983543819365,0.6282051282051282,0.6427477994642173,,True
SZ300989,15.630001,0.7296108,0.5903176425564485,0.8009950248756219,0.7986988136241867,0.8541905855338691,量能波动;量能比,False
SZ300990,106.27,9.702526,0.881171067738232,0.8293149636433218,0.5430539609644087,0.6599693838499808,量能水平;量能波动,False
SZ300991,30.869999,1.6934806,0.7588978185993112,0.8474933027171833,0.019135093761959432,0.8608878683505549,量能波动;量能比,False
SZ300992,28.58,1.0033637,0.7558362035973977,0.9435514734022197,0.9586681974741676,0.9942594718714122,量能波动;量能动量;量能比,False
SZ300993,9.900001,0.23807251,0.17451205510907003,0.302334481438959,0.5560658247225412,0.43857634902411025,,True
SZ300994,11.28,0.2246709,0.30252583237657865,0.4890929965556831,0.574052812858783,0.7807118254879449,,True
SZ300995,26.279999,0.4338932,0.4659395331037122,0.1381553769613471,0.2359357060849598,0.2696134711060084,,True
SZ300996,13.31,3.559633,0.916953693073096,0.9177190968235744,0.8752391886720245,0.29468044393417525,量能水平;量能波动;量能动量,False
SZ300997,16.2,2.04475,0.9024110218140069,0.8495981630309989,0.587256027554535,0.3044393417527746,量能水平;量能波动,False
SZ300998,32.68,1.3493135,0.7837734404898584,0.7116341370072713,0.519326444699579,0.6134711060084195,,True
SZ300999,25.12,3.7413652,0.9793340987370838,0.8465365480290853,0.36452353616532723,0.17738231917336394,量能水平;量能波动,False
SZ301000,24.64,0.72251445,0.3492154611557597,0.7288557213930348,0.804247990815155,0.9410639112131649,量能动量;量能比,False
SZ301001,25.91,0.35120797,0.5021048603138155,0.4718714121699196,0.6699196326061998,0.44756984309223113,,True
SZ301002,27.95,1.0603961,0.8696900114810563,0.566972828166858,0.4644087256027555,0.3208955223880597,量能水平,False
SZ301003,59.11,1.7350631,0.5996938384998086,0.8011863758132415,0.41561423650975887,0.8515116724071948,量能波动;量能比,False
SZ301004,34.6,0.2052516,0.022962112514351322,0.1729812476081133,0.6710677382319173,0.5840030616150019,,True
SZ301005,62.03,3.4360993,0.5375047837734405,0.1819747416762342,0.5024875621890548,0.4764638346727899,,True
SZ301006,13.81,0.23504765,0.3099885189437428,0.26655185610409493,0.13930348258706468,0.6569077688480673,,True
SZ301007,32.7,0.8773647,0.49808649062380406,0.1316494450822809,0.128779181017987,0.16092613853807883,,True
SZ301008,53.670002,5.061049,0.9399158055874474,0.9841178721775736,0.9274779946421737,0.7407194795254497,量能水平;量能波动;量能动量,False
SZ301009,9.2699995,0.25149688,0.43455797933409873,0.4081515499425947,0.298124760811328,0.6010332950631458,,True
SZ301010,18.91,0.38087955,0.3928434749330272,0.6999617298124761,0.7950631458094145,0.9783773440489858,量能比,False
SZ301011,16.33,0.5436884,0.6442786069651741,0.9251817833907386,0.918867202449292,0.9611557596632223,量能波动;量能动量;量能比,False
SZ301012,23.619999,1.5250965,0.7288557213930348,0.8231917336394948,0.9364714887102947,0.4923459624952162,量能波动;量能动量,False
SZ301013,38.68,6.4396763,0.9148488327592805,0.6473402219670876,0.27210103329506313,0.7137389973210869,量能水平,False
SZ301015,26.43,1.6386553,0.892460773057788,0.970723306544202,0.879257558362036,0.895331037122082,量能水平;量能波动;量能动量;量能比,False
SZ301016,15.68,0.75905335,0.49464217374665137,0.44795254496747033,0.6909682357443552,0.5133945656333716,,True
SZ301017,12.95,0.6439676,0.6926903941829315,0.8130501339456563,0.5172215843857635,0.6639877535399924,量能波动,False
SZ301018,102.22,18.674448,0.9043245311902028,0.8825105243015691,0.5417145044010716,0.5616150019135093,量能水平;量能波动,False
SZ301019,15.67,0.21675149,0.14274779946421737,0.4253731343283582,0.506123230003827,0.8140068886337543,量能比,False
SZ301020,22.25,0.6184514,0.5359739762724838,0.47799464217374665,0.3622273249138921,0.3760045924225029,,True
SZ301021,88.43,8.698254,0.9435514734022197,0.8593570608495982,0.4228855721393035,0.8212782242632989,量能水平;量能波动;量能比,False
SZ301022,22.68,0.32326925,0.3817451205510907,0.3614619211634137,0.6605434366628397,0.2969766551856104,,True
SZ301023,28.740002,0.31710863,0.24091083046306927,0.3252965939533104,0.8517030233448144,0.678339073861462,量能动量,False
SZ301024,33.579998,0.30028403,0.2608113279755071,0.3006123230003827,0.6370072713356295,0.4510141599693839,,True
SZ301025,10.5199995,1.8499703,0.959433601224646,0.7877918101798699,0.34978951396861846,0.5,量能水平,False
SZ301026,19.699999,1.0372889,0.8319938767699961,0.5191350937619594,0.2129735935706085,0.05376961347110601,量能水平,False
SZ301027,19.7,1.1320611,0.7282816685801761,0.8918867202449292,0.8639494833524685,0.6404515882127823,量能波动;量能动量,False
SZ301028,13.53,0.5183432,0.378300803673938,0.46919249904324534,0.8654802908534251,0.5489858400306161,量能动量,False
SZ301029,25.15,1.7418654,0.9464217374665136,0.7051282051282052,0.5415231534634519,0.15709911978568694,量能水平,False
SZ301030,5.7400002,0.73034793,0.7845388442403368,0.939150401836969,0.8717948717948718,0.9033677765021049,量能波动;量能动量;量能比,False
SZ301031,96.509995,2.295787,0.6787217757367011,0.37332567929582855,0.04955989284347493,0.2430156907768848,,True
SZ301032,10.22,0.33219054,0.2726750861079219,0.2020665901262916,0.3809797168006123,0.7101033295063146,,True
SZ301033,56.25,0.47499168,0.37964026023727515,0.6909682357443552,0.8999234596249521,0.8620359739762725,量能动量;量能比,False
SZ301035,50.01,1.013386,0.29793340987370837,0.6578645235361653,0.9502487562189055,0.6517412935323383,量能动量,False
SZ301036,22.42,0.20253249,0.25277458859548413,0.2967853042479908,0.504209720627631,0.7732491389207807,,True
SZ301037,12.879999,0.27038103,0.250478377344049,0.24492920015308076,0.2734404898584003,0.6526980482204363,,True
SZ301038,16.970001,0.54544586,0.2592805204745503,0.19900497512437812,0.5508993494068121,0.11691542288557213,,True
SZ301039,7.34,0.8910152,0.7131649445082281,0.7185227707615768,0.08553386911595867,0.553769613471106,,True
SZ301040,26.43,0.5409548,0.533486414083429,0.549559892843475,0.23670110983543818,0.2847301951779564,,True
SZ301041,37.45,2.5254707,0.8714121699196326,0.8599311136624569,0.5246842709529277,0.9601990049751243,量能水平;量能波动;量能比,False
SZ301042,31.37,0.97956073,0.6461921163413701,0.48220436280137774,0.49177190968235746,0.5794106391121316,,True
SZ301043,49.57,0.61937714,0.275928052047455,0.11634137007271336,0.3371603520857252,0.26578645235361653,,True
SZ301045,70.33,2.3790646,0.6779563719862227,0.5539609644087256,0.7058936088786835,0.8930348258706468,量能比,False
SZ301046,34.62,2.084572,0.9010715652506698,0.6802525832376579,0.5813241484883276,0.3572522005357826,量能水平,False
SZ301047,136.22002,8.310237,0.9959816303099885,0.9986605434366629,0.9207807118254879,0.9140834290088021,量能水平;量能波动;量能动量;量能比,False
SZ301048,9.03,0.33890897,0.40566398775354,0.21660926138538078,0.29850746268656714,0.11615001913509376,,True
SZ301049,20.6,0.21498784,0.26540375047837733,0.25507079984691927,0.3161117489475698,0.44814389590508996,,True
SZ301050,28.25,0.8216178,0.8905472636815921,0.7826253348641409,0.14026023727516265,0.5553004209720628,量能水平,False
SZ301051,19.130001,1.5787663,0.8980099502487562,0.857060849598163,0.8189820130118638,0.3492154611557597,量能水平;量能波动;量能动量,False
SZ301052,24.900002,1.3794599,0.7294297742058936,0.4925373134328358,0.6144278606965174,0.2395713738997321,,True
SZ301053,35.41,1.2310407,0.5179869881362419,0.3756218905472637,0.01894374282433984,0.04286261002678913,,True
SZ301055,32.940002,1.4593326,0.7208189820130119,0.6134711060084195,0.3545732874091083,0.26865671641791045,,True
SZ301056,13.86,0.79661816,0.45713738997321085,0.49464217374665137,0.31840796019900497,0.17125908916953694,,True
SZ301057,25.01,0.6292169,0.42058936088786836,0.7925755836203597,0.9720627631075393,0.8384998086490624,量能动量;量能比,False
SZ301058,8.76,1.2500877,0.7550707998469193,0.5727133562954458,0.41408342900880213,0.06965174129353234,,True
SZ301059,12.950001,0.35744137,0.2533486414083429,0.3214695752009185,0.7053195560658247,0.331611174894757,,True
SZ301060,11.940001,1.9156214,0.8763872942977421,0.8319938767699961,0.9039418293149637,0.8622273249138921,量能水平;量能波动;量能动量;量能比,False
SZ301061,43.86,1.5761607,0.5332950631458094,0.5089934940681209,0.05376961347110601,0.9045158821278224,量能比,False
SZ301062,7.0399995,0.45391592,0.6800612323000382,0.49904324531190203,0.11748947569843092,0.4657481821660926,,True
SZ301063,17.890001,0.25616685,0.44814389590508996,0.2755453501722158,0.418867202449292,0.7068503635667814,,True
SZ301065,19.939999,0.31008673,0.4866054343666284,0.26827401454267125,0.22789896670493687,0.33658629927286643,,True
SZ301066,12.720001,0.6467696,0.4502487562189055,0.5685036356678148,0.5112897053195561,0.5903176425564485,,True
SZ301067,33.7,1.034363,0.6572904707233066,0.5709911978568695,0.7464600076540375,0.5614236509758898,,True
SZ301068,26.890001,0.46402365,0.2093379257558362,0.5891695369307309,0.013585916570991197,0.8517030233448144,量能比,False
SZ301069,16.08,0.7055206,0.6850363566781478,0.6882893226176808,0.35074626865671643,0.48163030998851897,,True
SZ301070,67.96,1.5267075,0.3442403367776502,0.49559892843474934,0.5499425947187141,0.8214695752009185,量能比,False
SZ301071,68.5,14.102504,0.9952162265595101,0.9779946421737467,0.23440489858400307,0.7730577879831612,量能水平;量能波动,False
SZ301072,50.480003,1.1676096,0.38327592805204747,0.8224263298890164,0.9795254496747035,0.952353616532721,量能波动;量能动量;量能比,False
SZ301073,18.18,1.893658,0.6360505166475315,0.3239571373899732,0.17221584385763491,0.11232300038270188,,True
SZ301075,67.259995,0.81197137,0.37007271335629544,0.5338691159586682,0.6859931113662457,0.7916188289322618,,True
SZ301076,21.57,1.1584437,0.5028702640642939,0.25162648296976653,0.4313050133945656,0.16111748947569843,,True
SZ301077,21.980001,0.46908665,0.28568694986605436,0.1928817451205511,0.4288174512055109,0.6636050516647531,,True
SZ301078,7.07,1.6570843,0.9519709146574818,0.7644469957902794,0.4791427477994642,0.06678147722923843,量能水平,False
SZ301079,27.22,0.86463463,0.4632606199770379,0.0813241484883276,0.40968235744355147,0.13605051664753157,,True
SZ301080,118.8,12.827701,0.9892843474933027,0.9879448909299655,0.830654420206659,0.8469192499043245,量能水平;量能波动;量能动量;量能比,False
SZ301081,16.970001,1.1575314,0.606582472254114,0.613662456946039,0.7290470723306545,0.8053960964408725,量能比,False
SZ301082,9.950001,0.7622652,0.5884041331802525,0.33256792958285497,0.410830463069269,0.12303865288939916,,True
SZ301083,14.42,0.21492013,0.11634137007271336,0.3654802908534252,0.8203214695752009,0.7026406429391504,量能动量,False
SZ301085,85.62,4.3473873,0.8004209720627631,0.8339073861461921,0.8375430539609644,0.5371220818982013,量能水平;量能波动;量能动量,False
SZ301086,174.0,9.252018,0.8851894374282434,0.7696134711060084,0.2462686567164179,0.4087256027554535,量能水平,False
SZ301087,55.38,1.4122889,0.7219670876387294,0.6624569460390356,0.4439341752774589,0.4831611174894757,,True
SZ301088,13.58,0.2463488,0.27784156142365096,0.4196326061997704,0.42020665901262916,0.3239571373899732,,True
SZ301089,24.16,0.46890503,0.36375813241484883,0.6750861079219288,0.9238423268274014,0.9060466896287792,量能动量;量能比,False
SZ301090,7.1499996,0.6206367,0.7365097588978186,0.720244929200153,0.45713738997321085,0.3689246077305779,,True
SZ301091,20.0,1.1876618,0.38959050899349407,0.5199004975124378,0.8360122464600076,0.5359739762724838,量能动量,False
SZ301092,45.329998,1.1362443,0.5340604668962878,0.5145426712590891,0.7690394182931496,0.37083811710677383,,True
SZ301093,73.149994,3.864707,0.7399540757749713,0.8915040183696901,0.9535017221584385,0.8626100267891312,量能波动;量能动量;量能比,False
SZ301095,77.270004,3.9087405,0.9774205893608878,0.9314963643321852,0.48163030998851897,0.5451588212782242,量能水平;量能波动,False
SZ301096,50.199997,1.6594809,0.8999234596249521,0.8543819364714887,0.49158055874473783,0.7257941063911213,量能水平;量能波动,False
SZ301097,34.829998,0.23052388,0.15078453884424034,0.17221584385763491,0.5489858400306161,0.29831611174894757,,True
SZ301098,8.87,0.62377906,0.7074244163796403,0.41446613088404133,0.1519326444699579,0.2541140451588213,,True
SZ301099,52.58,3.546169,0.7807118254879449,0.7177573670110984,0.51415996938385,0.8675851511672407,量能比,False
SZ301101,30.86,0.581733,0.5038270187523919,0.5572139303482587,0.9424033677765021,0.6283964791427478,量能动量,False
SZ301102,9.62,0.21347402,0.20398009950248755,0.5415231534634519,0.9115958668197475,0.48469192499043245,量能动量,False
SZ301103,16.55,0.25850186,0.3513203214695752,0.4175277458859548,0.6389207807118255,0.6720244929200153,,True
SZ301105,50.29,0.3288813,0.10581706850363566,0.049177190968235744,0.15040183696900114,0.10045924225028703,,True
SZ301106,19.720001,1.0593586,0.6150019135093762,0.3605051664753157,0.6190202831993876,0.10332950631458095,,True
SZ301107,25.02,0.692413,0.48813624186758514,0.7615767317259855,0.9181017986988136,0.8872942977420589,量能动量;量能比,False
SZ301108,48.7,0.7449921,0.5686949866054344,0.8327592805204745,0.9244163796402602,0.8737083811710677,量能波动;量能动量;量能比,False
SZ301109,12.88,0.48554248,0.2765021048603138,0.3207041714504401,0.1792958285495599,0.4454649827784156,,True
SZ301110,37.940002,1.3357251,0.683505549177191,0.8434749330271718,0.9454649827784156,0.6130884041331802,量能波动;量能动量,False
SZ301111,23.25,1.482724,0.804247990815155,0.276884806735553,0.04037504783773441,0.11327975507079985,量能水平,False
SZ301112,30.829998,0.257821,0.2956371986222732,0.15269804822043628,0.12208189820130119,0.18714121699196326,,True
SZ301113,17.730001,0.22367232,0.2876004592422503,0.2699961729812476,0.350937619594336,0.7483735170302335,,True
SZ301115,35.61,1.7515758,0.753731343283582,0.8222349789513969,0.8683505549177191,0.8549559892843475,量能波动;量能动量;量能比,False
SZ301116,9.2,0.51622117,0.7740145426712591,0.39265212399540755,0.25985457328740913,0.20378874856486798,,True
SZ301117,13.55,1.4113171,0.9303482587064676,0.7420589360887868,0.15403750478377343,0.02564102564102564,量能水平,False
SZ301118,23.94,0.73814297,0.7583237657864523,0.4996172981247608,0.5742441637964026,0.14121699196326062,,True
SZ301119,26.449999,1.1131868,0.6280137772675086,0.5778798316111748,0.38289322617680827,0.13662456946039037,,True
SZ301120,15.05,0.9189037,0.49100650593187906,0.42078071182548793,0.6058170685036357,0.32625334864140837,,True
SZ301121,35.85,0.42125067,0.4592422502870264,0.29085342518178336,0.31228473019517794,0.3308457711442786,,True
SZ301122,59.31,2.4352326,0.8662456946039035,0.9010715652506698,0.8411787217757367,0.5472636815920398,量能水平;量能波动;量能动量,False
SZ301123,79.3,7.3095584,0.93398392652124,0.9079601990049752,0.324531190202832,0.538652889399158,量能水平;量能波动,False
SZ301125,14.0199995,0.47443947,0.25162648296976653,0.47053195560658245,0.8788748564867968,0.5556831228473019,量能动量,False
SZ301126,10.459999,0.30425107,0.4288174512055109,0.3237657864523536,0.24760811327975507,0.4500574052812859,,True
SZ301127,17.93,4.421445,0.9213547646383468,0.8760045924225028,0.8673938002296211,0.20780711825487944,量能水平;量能波动;量能动量,False
SZ301128,121.560005,9.988075,0.8168771526980482,0.8340987370838117,0.770761576731726,0.6421737466513586,量能水平;量能波动,False
SZ301129,24.289999,0.60801286,0.5304247990815155,0.5570225794106392,0.5265977803291236,0.2709529276693456,,True
SZ301130,29.67,2.3526757,0.9301569077688481,0.9385763490241102,0.9385763490241102,0.30252583237657865,量能水平;量能波动;量能动量,False
SZ301131,33.23,0.25793046,0.36452353616532723,0.2267508610792193,0.1926903941829315,0.4435514734022197,,True
SZ301132,68.329994,5.5804524,0.9326444699579028,0.8945656333716036,0.3040566398775354,0.9529276693455798,量能水平;量能波动;量能比,False
SZ301133,27.63,0.971318,0.770761576731726,0.7474167623421355,0.4965556831228473,0.4190585533869116,,True
SZ301135,18.090002,0.28145602,0.23383084577114427,0.41657099119785684,0.8075009567546881,0.6748947569843092,量能动量,False
SZ301136,12.04,1.015,0.7864523536165328,0.7123995407577497,0.42690394182931496,0.49158055874473783,,True
SZ301137,31.67,1.1702342,0.5120551090700345,0.07462686567164178,0.4869881362418676,0.0707998469192499,,True
SZ301138,30.1,0.3722766,0.5575966322234979,0.8193647148871029,0.9031764255644853,0.5420972062763108,量能波动;量能动量,False
SZ301141,38.88,0.6701445,0.3266360505166475,0.465556831228473,0.9257558362035974,0.40432453119020284,量能动量,False
SZ301148,58.13,0.6836154,0.23038652889399158,0.3157290470723307,0.14332185227707617,0.7418675851511672,,True
SZ301149,9.01,1.1048661,0.8214695752009185,0.784921546115576,0.7330654420206659,0.3455797933409874,量能水平,False
SZ301150,41.0,6.709358,0.9276693455797933,0.9253731343283582,0.27879831611174893,0.8251052430156908,量能水平;量能波动;量能比,False
SZ301151,22.710001,1.4570664,0.7512437810945274,0.4961729812476081,0.22541140451588212,0.0744355147340222,,True
SZ301152,21.57,1.7209299,0.953310371220819,0.9045158821278224,0.2939150401836969,0.08228090317642557,量能水平;量能波动,False
SZ301153,17.59,0.69449127,0.38346727898966704,0.1859931113662457,0.5935706084959816,0.20838117106773824,,True
SZ301155,43.239998,2.3096356,0.9862227324913893,0.9908151549942594,0.026215078453884422,0.9485265977803291,量能水平;量能波动;量能比,False
SZ301156,11.870001,0.7938515,0.527363184079602,0.11959433601224646,0.3446230386528894,0.0338691159586682,,True
SZ301157,66.310005,0.51567537,0.43379257558362033,0.583046306926904,0.8434749330271718,0.7300038270187524,量能动量,False
SZ301158,14.630001,1.2215152,0.716035208572522,0.1760428626100268,0.07328740910830463,0.028511289705319555,,True
SZ301159,33.48,0.6100842,0.6172981247608114,0.6398775353999234,0.7734404898584003,0.38633754305396095,,True
SZ301160,40.87,1.8564254,0.55185610409491,0.586299272866437,0.8390738614619212,0.3957137389973211,量能动量,False
SZ301161,30.98,1.0191579,0.5568312284730195,0.45331037122081896,0.6337543053960965,0.7016838882510524,,True
SZ301162,38.219997,0.5664476,0.2334481438959051,0.3817451205510907,0.7652123995407577,0.6802525832376579,,True
SZ301163,23.04,0.27515337,0.22789896670493687,0.2952544967470341,0.46785304247990817,0.6190202831993876,,True
SZ301165,113.53,17.456253,0.8620359739762725,0.8446230386528893,0.6802525832376579,0.6938384998086491,量能水平;量能波动,False
SZ301166,32.170002,0.5744693,0.7757367011098354,0.9006888633754305,0.932070417145044,0.8455797933409873,量能波动;量能动量;量能比,False
SZ301167,13.370001,0.32630798,0.42039800995024873,0.3004209720627631,0.5197091465748183,0.6450440107156525,,True
SZ301168,39.97,0.3025188,0.27229238423268276,0.2500956754688098,0.38997321086873327,0.18982013011863758,,True
SZ301169,55.29,0.98752606,0.5093761959433601,0.49521622655951014,0.5001913509376196,0.7294297742058936,,True
SZ301171,36.68,25.740736,0.9950248756218906,0.9906238040566399,0.7793723689246077,0.2818599311136625,量能水平;量能波动,False
SZ301172,18.82,1.172549,0.7011098354381936,0.6381553769613472,0.5895522388059702,0.3750478377344049,,True
SZ301175,5.62,0.7291816,0.5539609644087256,0.3451970914657482,0.6027554535017221,0.33008036739380026,,True
SZ301176,63.11,6.343018,0.8429008802143131,0.9292001530807501,0.5579793340987371,0.8880597014925373,量能水平;量能波动;量能比,False
SZ301177,23.369999,0.9658079,0.9579027937236892,0.6557596632223498,0.3618446230386529,0.0009567546880979717,量能水平,False
SZ301178,38.52,1.0358436,0.6186375813241485,0.6301186375813241,0.41006505931879067,0.8444316877152698,量能比,False
SZ301179,20.609999,1.0924691,0.5619977037887486,0.492920015308075,0.14542671259089168,0.385380788365863,,True
SZ301180,11.93,0.5287787,0.7374665135859165,0.5287026406429391,0.6944125526215078,0.1113662456946039,,True
SZ301181,26.319998,0.54784197,0.3446230386528894,0.7701875239188672,0.9489092996555684,0.8666283964791427,量能动量;量能比,False
SZ301182,73.47,2.704438,0.7654037504783774,0.7831993876769996,0.6955606582472255,0.6990049751243781,,True
SZ301183,306.23,11.857919,0.7774588595484118,0.7912361270570226,0.35533869115958666,0.8486414083429009,量能比,False
SZ301185,17.339998,0.3006799,0.32950631458094143,0.08017604286261003,0.38365862992728667,0.269804822043628,,True
SZ301186,38.11,0.6363594,0.452353616532721,0.721201683888251,0.8823191733639495,0.8568694986605434,量能动量;量能比,False
SZ301187,15.73,0.4617416,0.34940681209337926,0.7728664370455415,0.7412935323383084,0.9869881362418675,量能比,False
SZ301188,35.29,4.6525154,0.9052812858783008,0.9337925755836204,0.9043245311902028,0.8951396861844623,量能水平;量能波动;量能动量;量能比,False
SZ301189,74.25,4.333159,0.8710294680443934,0.6940298507462687,0.7229238423268274,0.7380405663987754,量能水平,False
SZ301190,20.46,1.4475435,0.856104094910065,0.8511289705319556,0.5748182166092614,0.24990432453119021,量能水平;量能波动,False
SZ301191,86.520004,3.3554058,0.7682740145426713,0.7426329889016456,0.06199770378874857,0.5554917719096824,,True
SZ301192,19.53,0.27013266,0.2898966704936854,0.2200535782625335,0.04152315346345197,0.484883275928052,,True
SZ301193,22.92,1.2235259,0.7043628013777268,0.8763872942977421,0.965556831228473,0.7139303482587065,量能波动;量能动量,False
SZ301195,27.260002,0.26275322,0.2468427095292767,0.35667814772292383,0.9041331802525833,0.9217374665135859,量能动量;量能比,False
SZ301196,90.54,5.7850776,0.8589743589743589,0.7156525066972829,0.6563337160352086,0.5166475315729047,量能水平,False
SZ301197,28.41,0.7395586,0.5845771144278606,0.8938002296211252,0.9873708381171068,0.7466513585916571,量能波动;量能动量,False
SZ301198,14.800001,0.51001626,0.6511672407194795,0.9293915040183697,0.9728281668580177,0.8710294680443934,量能波动;量能动量;量能比,False
SZ301199,18.19,0.26702267,0.25468809797168007,0.365097588978186,0.31917336394948337,0.3157290470723307,,True
SZ301200,258.93002,6.9785557,0.7263681592039801,0.7267508610792193,0.563719862227325,0.8375430539609644,量能比,False
SZ301201,37.09,1.8800799,0.9270952927669346,0.9020283199387678,0.8601224646000766,0.735361653272101,量能水平;量能波动;量能动量,False
SZ301202,39.760002,0.5788771,0.4083429008802143,0.6025641025641025,0.8446230386528893,0.7208189820130119,量能动量,False
SZ301205,327.5,21.180899,0.7751626482969767,0.7506697282816686,0.6515499425947188,0.632988901645618,,True
SZ301206,23.88,1.3688506,0.9209720627631075,0.6808266360505166,0.08495981630309989,0.19001148105625718,量能水平,False
SZ301207,19.310001,1.4220742,0.8939915805587447,0.8781094527363185,0.6999617298124761,0.8228090317642557,量能水平;量能波动;量能比,False
SZ301208,30.949999,0.44571844,0.2632988901645618,0.12418675851511672,0.6090700344431688,0.2397627248373517,,True
SZ301209,63.32,1.2501665,0.24129353233830847,0.3534251817833907,0.33390738614619214,0.6565250669728282,,True
SZ301210,30.810001,1.2646548,0.6314580941446614,0.7405281285878301,0.3626100267891313,0.9445082280903176,量能比,False
SZ301211,12.68,1.4792191,0.8342900880214313,0.8404133180252583,0.8415614236509759,0.6251435132032147,量能水平;量能波动;量能动量,False
SZ301212,27.0,0.44707176,0.41350937619594336,0.35533869115958666,0.634902411021814,0.08610792192881746,,True
SZ301213,47.8,0.77701473,0.4626865671641791,0.9272866437045542,0.9950248756218906,0.9546498277841562,量能波动;量能动量;量能比,False
SZ301215,5.35,0.4343652,0.5233448143895905,0.3216609261385381,0.3044393417527746,0.26884806735553,,True
SZ301216,17.57,5.9146214,0.9661308840413318,0.7162265595101416,0.14810562571756603,0.03138155376961347,量能水平,False
SZ301217,114.53999,34.9673,0.969766551856104,0.8610792192881745,0.2629161882893226,0.6081132797550708,量能水平;量能波动,False
SZ301218,47.79,6.9563084,0.9580941446613088,0.8677765021048603,0.6528893991580559,0.10256410256410256,量能水平;量能波动,False
SZ301219,41.609997,2.412837,0.8798316111748947,0.6911595866819747,0.6063911213164944,0.3474933027171833,量能水平,False
SZ301220,33.45,0.7353479,0.5149253731343284,0.39973210868733255,0.10926138538078836,0.8442403367776502,量能比,False
SZ301221,27.710001,0.46276376,0.5849598163030999,0.6787217757367011,0.9102564102564102,0.45044010715652505,量能动量,False
SZ301222,27.15,0.47470912,0.46000765403750477,0.7669345579793341,0.799081515499426,0.8360122464600076,量能比,False
SZ301223,18.19,0.2050103,0.12590891695369308,0.18790662074244163,0.34998086490623803,0.13030998851894374,,True
SZ301225,61.45,2.0241208,0.6106008419441256,0.7590891695369307,0.12112514351320322,0.8293149636433218,量能比,False
SZ301226,33.859997,0.71290386,0.4150401836969001,0.6842709529276694,0.9171450440107156,0.6167240719479525,量能动量,False
SZ301227,34.8,0.93962735,0.38997321086873327,0.4730195177956372,0.46172981247608114,0.7451205510907003,,True
SZ301228,57.289997,1.8386618,0.59433601224646,0.30845771144278605,0.3034825870646766,0.23708381171067738,,True
SZ301229,11.89,0.33531743,0.5413318025258324,0.13241484883275928,0.28166858017604285,0.6754688097971681,,True
SZ301230,39.600002,5.543904,0.9033677765021049,0.9768465365480291,0.972636815920398,0.9621125143513203,量能水平;量能波动;量能动量;量能比,False
SZ301231,30.579998,2.0751047,0.8178339073861461,0.8656716417910447,0.9261385380788366,0.36701109835438195,量能水平;量能波动;量能动量,False
SZ301232,91.87,3.2458405,0.6243781094527363,0.27076157673172596,0.3455797933409874,0.4827784156142365,,True
SZ301233,34.04,0.31939885,0.22062763107539227,0.5826636050516647,0.9567546880979717,0.804247990815155,量能动量;量能比,False
SZ301234,139.74,2.097737,0.5116724071947952,0.8308457711442786,0.9446995790279372,0.8513203214695751,量能波动;量能动量;量能比,False
SZ301235,48.14,4.0981684,0.9249904324531191,0.8840413318025259,0.7200535782625335,0.5788365862992728,量能水平;量能波动,False
SZ301236,37.82,5.9104786,0.9282433983926521,0.8765786452353617,0.34443168771526983,0.6247608113279755,量能水平;量能波动,False
SZ301237,39.499996,0.7808841,0.45790279372368925,0.23765786452353616,0.1724071947952545,0.4050899349406812,,True
SZ301238,16.119999,1.2022276,0.8476846536548029,0.8151549942594719,0.2621507845388442,0.4730195177956372,量能水平;量能波动,False
SZ301239,32.010002,0.66988325,0.588212782242633,0.6507845388442404,0.9114045158821278,0.42020665901262916,量能动量,False
SZ301246,18.03,1.327722,0.8742824339839265,0.8136241867585151,0.6727898966704937,0.3038652889399158,量能水平;量能波动,False
SZ301248,59.0,1.9320971,0.552812858783008,0.5824722541140451,0.8989667049368542,0.6452353616532721,量能动量,False
SZ301251,86.0,6.7605605,0.9468044393417527,0.9601990049751243,0.4502487562189055,0.9395331037122082,量能水平;量能波动;量能比,False
SZ301252,40.39,1.2678851,0.5725220053578263,0.7217757367011098,0.9247990815154994,0.7761194029850746,量能动量,False
SZ301255,19.279999,0.26168257,0.09146574818216609,0.1890547263681592,0.45579793340987373,0.803291236127057,量能比,False
SZ301256,10.129999,0.82896423,0.601415996938385,0.6389207807118255,0.4931113662456946,0.15403750478377343,,True
SZ301257,41.719997,1.6554424,0.8285495598928435,0.8295063145809415,0.8429008802143131,0.743398392652124,量能水平;量能波动;量能动量,False
SZ301258,27.109999,0.21129212,0.3237657864523536,0.6310753922694221,0.8754305396096441,0.8168771526980482,量能动量;量能比,False
SZ301259,20.359999,1.017778,0.446230386528894,0.6681974741676234,0.3520857252200536,0.7583237657864523,,True
SZ301260,11.9,0.3101756,0.5667814772292384,0.5616150019135093,0.45120551090700345,0.18809797168006123,,True
SZ301261,55.929996,1.1608866,0.5024875621890548,0.480673555300421,0.5545350172215844,0.4427860696517413,,True
SZ301262,20.769999,2.4814825,0.9257558362035974,0.8999234596249521,0.753731343283582,0.20857252200535784,量能水平;量能波动,False
SZ301263,21.25,0.7643967,0.3664370455415232,0.7428243398392652,0.6460007654037505,0.8936088786835056,量能比,False
SZ301265,21.86,2.0684948,0.7290470723306545,0.7244546498277842,0.07022579410639113,0.7745885954841178,,True
SZ301267,15.13,0.57403886,0.7531572904707233,0.712782242632989,0.7123995407577497,0.41771909682357444,,True
SZ301268,12.249999,0.36536336,0.5189437428243399,0.6907768848067356,0.8714121699196326,0.5246842709529277,量能动量,False
SZ301269,89.63,5.1720204,0.9290088021431305,0.7686567164179104,0.41389207807118256,0.5445847684653655,量能水平,False
SZ301270,33.039997,0.8192796,0.567929582854956,0.4963643321852277,0.15652506697282817,0.6092613853807883,,True
SZ301272,35.36,0.24564213,0.37122081898201303,0.5625717566016073,0.5834290088021431,0.79716800612323,,True
SZ301273,36.94,0.79533035,0.3752391886720245,0.20130118637581323,0.3476846536548029,0.39054726368159204,,True
SZ301275,40.600002,1.7587633,0.865097588978186,0.7740145426712591,0.5686949866054344,0.4221201683888251,量能水平,False
SZ301276,17.63,0.519235,0.45120551090700345,0.23057787983161118,0.2738231917336395,0.20570225794106392,,True
SZ301277,10.42,0.30172467,0.21450440107156524,0.6128970531955606,0.9144661308840414,0.776884806735553,量能动量,False
SZ301278,29.470001,0.3608984,0.6387294297742059,0.7719096823574435,0.7648296976655186,0.799081515499426,,True
SZ301279,24.100002,0.5523093,0.31305013394565634,0.5049751243781094,0.08476846536548029,0.27573670110983545,,True
SZ301280,42.079998,0.7666899,0.1620742441637964,0.5047837734404899,0.9249904324531191,0.8201301186375813,量能动量;量能比,False
SZ301281,50.73,1.3423291,0.46421737466513585,0.41982395713738996,0.2831993876769996,0.8161117489475699,量能比,False
SZ301282,46.329998,6.9592485,0.9416379640260237,0.8901645618063528,0.23153463451970915,0.5110983543819365,量能水平;量能波动,False
SZ301283,26.129997,0.27714187,0.16666666666666666,0.20187523918867203,0.2642556448526598,0.6123230003827018,,True
SZ301285,103.07,2.554453,0.3855721393034826,0.5526215078453884,0.8727516264829698,0.7774588595484118,量能动量,False
SZ301286,47.84,0.86372006,0.338691159586682,0.5595101415996938,0.642939150401837,0.6368159203980099,,True
SZ301287,40.940002,0.37062564,0.2508610792192882,0.08936088786835056,0.3656716417910448,0.2290470723306544,,True
SZ301288,17.08,0.22456615,0.3111366245694604,0.4789513968618446,0.6942212016838882,0.71699196326062,,True
SZ301289,44.37,0.45464733,0.20474550325296595,0.008610792192881744,0.3706467661691542,0.013585916570991197,,True
SZ301290,29.199999,0.38297737,0.4213547646383467,0.6528893991580559,0.8400306161500192,0.6523153463451971,量能动量,False
SZ301291,34.6,2.051764,0.7705702257941064,0.6884806735553004,0.45044010715652505,0.5522388059701493,,True
SZ301292,60.29,3.7148724,0.7560275545350172,0.7254114045158822,0.3555300420972063,0.5047837734404899,,True
SZ301293,51.21,2.225436,0.7539226942212017,0.8210868733256793,0.6238040566398775,0.6366245694603904,量能波动,False
SZ301295,37.769997,0.60638624,0.31094527363184077,0.3319938767699962,0.4927286643704554,0.24531190202831993,,True
SZ301296,6.4399996,0.20911095,0.3949483352468427,0.34864140834290086,0.25449674703406044,0.4632606199770379,,True
SZ301297,46.440002,10.329535,0.9058553386911596,0.7594718714121699,0.2969766551856104,0.6350937619594336,量能水平,False
SZ301298,12.67,0.23525017,0.2893226176808266,0.1318407960199005,0.2860696517412935,0.7355530042097206,,True
SZ301299,47.91,0.7882523,0.46096440872560274,0.5698430922311519,0.7355530042097206,0.8591657099119786,量能比,False
SZ301300,35.22,0.50589687,0.47168006123230005,0.6356678147722924,0.9940681209337926,0.9967470340604669,量能动量;量能比,False
SZ301301,8.22,1.1245917,0.6484883275928052,0.7918101798698813,0.7824339839265212,0.480673555300421,,True
SZ301302,22.220001,0.9914492,0.7904707233065442,0.9690011481056258,0.9676616915422885,0.8767699961729812,量能波动;量能动量;量能比,False
SZ301303,13.920001,0.38113603,0.39131266743207044,0.830654420206659,0.7152698048220436,0.9531190202831994,量能波动;量能比,False
SZ301305,27.54,1.7734499,0.7053195560658247,0.7374665135859165,0.8065442020665902,0.912743972445465,量能动量;量能比,False
SZ301306,96.38,2.518377,0.6921163413700727,0.2395713738997321,0.39667049368541907,0.25908916953693073,,True
SZ301307,59.08,5.840156,0.8786835055491772,0.6685801760428626,0.4133180252583238,0.36873325679295826,量能水平,False
SZ301308,348.27,32.939693,0.9854573287409109,0.9795254496747035,0.8252965939533103,0.7143130501339456,量能水平;量能波动;量能动量,False
SZ301309,30.580002,0.42762983,0.2604286261002679,0.43781094527363185,0.8539992345962495,0.19020283199387678,量能动量,False
SZ301310,55.6,3.101997,0.7657864523536165,0.7969766551856104,0.7634902411021814,0.3141982395713739,,True
SZ301311,15.4,0.5531929,0.4760811327975507,0.9475698430922311,0.992920015308075,0.9314963643321852,量能波动;量能动量;量能比,False
SZ301312,86.91,5.2896605,0.6662839647914275,0.5937619594336012,0.8097971680061232,0.5036356678147723,量能动量,False
SZ301313,31.39,1.6367329,0.6955606582472255,0.41389207807118256,0.615575966322235,0.18694986605434366,,True
SZ301314,47.550003,0.44827268,0.4003061615001913,0.596249521622656,0.8166858017604286,0.6611174894756985,量能动量,False
SZ301315,44.14,1.0094892,0.6817833907386146,0.9249904324531191,0.9808649062380406,0.7975507079984692,量能波动;量能动量,False
SZ301316,40.2,3.7740889,0.8526597780329124,0.9448909299655568,0.9657481821660926,0.844814389590509,量能水平;量能波动;量能动量;量能比,False
SZ301317,50.63,1.8704693,0.5840030616150019,0.560849598163031,0.4225028702640643,0.1930730960581707,,True
SZ301319,97.96001,8.177399,0.6859931113662457,0.48507462686567165,0.3951396861844623,0.8298890164561806,量能比,False
SZ301320,14.24,0.22806203,0.24933027171833141,0.17106773823191734,0.2747799464217375,0.7066590126291619,,True
SZ301321,51.430004,3.0844457,0.7187141216991964,0.548603138155377,0.47435897435897434,0.5365480290853425,,True
SZ301322,43.989998,1.7047538,0.8260619977037887,0.7315346345197091,0.34022196708763874,0.3545732874091083,量能水平,False
SZ301323,77.09,0.9432205,0.4318790662074244,0.5264064293915041,0.013394565633371604,0.6513585916570991,,True
SZ301325,31.61,0.6458712,0.723115193264447,0.884424033677765,0.01951779563719862,0.9592422502870264,量能波动;量能比,False
SZ301326,108.45999,2.0652802,0.5562571756601608,0.5809414466130884,0.3675851511672407,0.45082280903176425,,True
SZ301327,42.29,0.51077354,0.6727898966704937,0.6921163413700727,0.7074244163796403,0.6444699579027937,,True
SZ301328,51.670002,1.3199145,0.5704171450440108,0.3228090317642556,0.4443168771526981,0.4659395331037122,,True
SZ301329,21.0,0.77979696,0.5897435897435898,0.7183314198239571,0.016838882510524303,0.8423268274014543,量能比,False
SZ301330,25.9,0.897328,0.6255262150784539,0.27611940298507465,0.19096823574435515,0.2726750861079219,,True
SZ301331,21.929998,0.2697802,0.18140068886337543,0.18752391886720246,0.4699579027937237,0.5631458094144661,,True
SZ301332,7.6799994,0.23689938,0.24550325296593953,0.44163796402602373,0.8038652889399158,0.5135859165709912,量能动量,False
SZ301333,65.99,1.9173208,0.7613853807883658,0.515116724071948,0.5204745503252965,0.5095675468809797,,True
SZ301335,25.759998,0.69557774,0.5223880597014925,0.7705702257941064,0.9619211634137007,0.8672024492920015,量能动量;量能比,False
SZ301336,43.91,0.5331352,0.5598928434749331,0.7129735935706085,0.47378492154611557,0.5663987753539992,,True
SZ301337,29.749998,0.5074328,0.540566398775354,0.8706467661691543,0.9776119402985075,0.8425181783390738,量能波动;量能动量;量能比,False
SZ301338,102.45,4.853512,0.7826253348641409,0.5403750478377344,0.6965174129353234,0.7814772292384232,,True
SZ301339,11.88,0.607894,0.46919249904324534,0.7489475698430922,0.8955223880597015,0.6630309988518944,量能动量,False
SZ301345,240.99,2.0807905,0.2885572139303483,0.4668962877918102,0.005357826253348641,0.2202449292001531,,True
SZ301348,22.4,1.4391091,0.8828932261768083,0.8201301186375813,0.26234213547646384,0.8289322617680827,量能水平;量能波动;量能比,False
SZ301349,47.78,1.7120711,0.8694986605434366,0.8955223880597015,0.42384232682740147,0.8832759280520475,量能水平;量能波动;量能比,False
SZ301353,19.95,0.23936716,0.17432070417145043,0.13643321852277077,0.47206276310753925,0.6859931113662457,,True
SZ301355,12.11,0.72177464,0.6695369307309605,0.5227707615767317,0.2428243398392652,0.3480673555300421,,True
SZ301356,20.71,0.32605153,0.3036739380022962,0.5296593953310371,0.928817451205511,0.4592422502870264,量能动量,False
SZ301357,99.10999,6.1278715,0.8495981630309989,0.5422885572139303,0.08668197474167623,0.16035208572522006,量能水平,False
SZ301358,53.05,7.7558436,0.9722541140451588,0.9203980099502488,0.6672407194795255,0.3886337543053961,量能水平;量能波动,False
SZ301359,19.39,0.34645432,0.21852277076157672,0.29200153080750096,0.7676999617298125,0.3735170302334481,,True
SZ301360,70.5,1.4884646,0.6477229238423269,0.687715269804822,0.8807883658629927,0.8704554152315346,量能动量;量能比,False
SZ301361,27.13,0.23047522,0.1312667432070417,0.43398392652123996,0.5616150019135093,0.7592805204745503,,True
SZ301362,117.44,3.3863983,0.5933792575583621,0.26789131266743205,0.12667432070417145,0.7791810179869881,,True
SZ301363,17.35,1.2962124,0.6972828166858017,0.9672789896670494,0.993876769996173,0.9473784921546116,量能波动;量能动量;量能比,False
SZ301365,36.559998,1.1204536,0.37676999617298124,0.5442020665901263,0.49502487562189057,0.6169154228855721,,True
SZ301366,72.16,8.368168,0.880214313050134,0.8094144661308841,0.3415614236509759,0.9397244546498278,量能水平;量能波动;量能比,False
SZ301367,46.19,0.9605106,0.8769613471106008,0.8675851511672407,0.6879066207424417,0.256601607347876,量能水平;量能波动,False
SZ301368,38.71,0.52100724,0.2091465748182166,0.3107539226942212,0.7558362035973977,0.7456946039035591,,True
SZ301369,137.23,2.570779,0.6261002678913127,0.6387294297742059,0.686758515116724,0.81132797550708,量能比,False
SZ301370,8.66,0.23412798,0.4251817833907386,0.31132797550707997,0.649062380405664,0.3143895905089935,,True
SZ301371,21.249998,0.6743021,0.7198622273249139,0.7617680826636051,0.8413700727133563,0.4309223115193264,量能动量,False
SZ301372,34.1,0.4595095,0.678339073861462,0.7361270570225794,0.06391121316494451,0.7286643704554152,,True
SZ301373,119.759995,9.274399,0.9008802143130501,0.9070034443168772,0.0910830463069269,0.8673938002296211,量能水平;量能波动;量能比,False
SZ301376,22.66,1.2598532,0.6873325679295829,0.5910830463069269,0.07615767317259854,0.06697282816685801,,True
SZ301377,398.0,10.794856,0.5258323765786452,0.4376195943360123,0.5321469575200919,0.689628779181018,,True
SZ301378,26.019999,0.5629175,0.6262916188289323,0.8000382701875239,0.8622273249138921,0.8304630692690395,量能波动;量能动量;量能比,False
SZ301379,21.82,2.1492112,0.6140451588212782,0.3354381936471489,0.1821660926138538,0.4672789896670494,,True
SZ301380,34.29,1.1106312,0.5838117106773824,0.4297742058936089,0.49215461155759666,0.5543436662839648,,True
SZ301381,24.980001,1.4285232,0.8451970914657482,0.8704554152315346,0.7828166858017604,0.9276693455797933,量能水平;量能波动;量能比,False
SZ301382,38.0,3.4971223,0.8339073861461921,0.8488327592805205,0.7384232682740145,0.700918484500574,量能水平;量能波动,False
SZ301383,25.02,0.376973,0.32261768082663606,0.6002678913126674,0.865097588978186,0.815537696134711,量能动量;量能比,False
SZ301386,21.09,0.25799012,0.16628396479142749,0.7455032529659396,0.9477611940298507,0.9500574052812859,量能动量;量能比,False
SZ301387,56.89,1.0818801,0.43034825870646765,0.4521622655951014,0.3342900880214313,0.5210486031381554,,True
SZ301388,25.16,0.345173,0.2642556448526598,0.19364714887102946,0.5671641791044776,0.42996555683122845,,True
SZ301389,59.619995,6.274319,0.79716800612323,0.6444699579027937,0.07634902411021814,0.5053578262533487,,True
SZ301391,45.999996,0.61534506,0.49425947187141217,0.27152698048220436,0.5491771909682357,0.49349406812093377,,True
SZ301392,169.33,7.409134,0.9341752774588595,0.8716035208572522,0.3344814389590509,0.3224263298890165,量能水平;量能波动,False
SZ301393,65.68,1.6345942,0.8649062380405664,0.9167623421354765,0.8738997321086873,0.8945656333716036,量能水平;量能波动;量能动量;量能比,False
SZ301395,12.48,0.45635545,0.32854955989284346,0.30137772675086105,0.6814006888633755,0.3283582089552239,,True
SZ301396,194.99,19.983576,0.8272101033295063,0.9351320321469575,0.9598163030998852,0.872177573670111,量能水平;量能波动;量能动量;量能比,False
SZ301397,23.330002,0.8178072,0.4429774205893609,0.4077688480673555,0.4963643321852277,0.2558362035973976,,True
SZ301398,40.05,0.8073895,0.4024110218140069,0.4079601990049751,0.4305396096440873,0.25105243015690776,,True
SZ301399,22.339998,1.9696982,0.7472254114045159,0.6846536548029085,0.7196708763872943,0.12246460007654038,,True
SZ301408,15.559999,1.5029918,0.8402219670876387,0.9871794871794872,0.9908151549942594,0.9785686949866055,量能水平;量能波动;量能动量;量能比,False
SZ301413,56.73,1.5826567,0.7020665901262916,0.6211251435132032,0.5706084959816303,0.6303099885189437,,True
SZ301418,35.16,0.3644462,0.5864906238040566,0.350937619594336,0.36739380022962115,0.5011481056257175,,True
SZ301419,48.48,3.5735753,0.8794489092996556,0.904707233065442,0.4431687715269805,0.8312284730195177,量能水平;量能波动;量能比,False
SZ301421,80.42,2.4279163,0.7317259854573287,0.7122081898201301,0.5227707615767317,0.7623421354764638,,True
SZ301428,28.28,0.6519454,0.5937619594336012,0.8578262533486414,0.9387676999617298,0.767891312667432,量能波动;量能动量,False
SZ301429,17.380001,0.23953304,0.25449674703406044,0.32854955989284346,0.3668197474167623,0.7416762342135477,,True
SZ301439,14.400001,1.2029142,0.7696134711060084,0.3488327592805205,0.15901262916188288,0.08247225411404516,,True
SZ301446,41.68,0.33234274,0.12610026789131268,0.5864906238040566,0.9550325296593953,0.8809797168006124,量能动量;量能比,False
SZ301448,51.010002,0.7180401,0.2801377726750861,0.5782625334864141,0.9760811327975507,0.8681592039800995,量能动量;量能比,False
SZ301449,40.82,0.8201966,0.6722158438576349,0.6875239188672024,0.3480673555300421,0.1446613088404133,,True
SZ301456,24.57,0.59087133,0.6327975507079985,0.7939150401836969,0.04324531190202832,0.9688097971680061,量能比,False
SZ301458,39.02,2.6574562,0.8423268274014543,0.7937236892460773,0.04802908534251818,0.6620742441637965,量能水平,False
SZ301459,32.260002,0.28562573,0.23153463451970915,0.1482969766551856,0.425947187141217,0.33639494833524686,,True
SZ301468,32.84,1.3841771,0.6513585916570991,0.7057022579410639,0.5929965556831228,0.604668962877918,,True
SZ301469,29.089998,0.33898428,0.4372368924607731,0.3982013011863758,0.3409873708381171,0.2592805204745503,,True
SZ301479,53.93,1.222738,0.7816685801760429,0.9234596249521623,0.8966704936854191,0.9427860696517413,量能波动;量能动量;量能比,False
SZ301486,218.87,14.042546,0.9370455415231534,0.9515882127822426,0.7416762342135477,0.8438576349024111,量能水平;量能波动;量能比,False
SZ301487,15.96,1.8392166,0.9908151549942594,0.9831611174894757,0.1863758132414849,0.6743207041714504,量能水平;量能波动,False
SZ301488,92.96,1.0836803,0.5723306544202067,0.40757749712973596,0.35610409491006506,0.21182548794489092,,True
SZ301489,128.8,10.093772,0.8658629927286644,0.7286643704554152,0.7602372751626483,0.41657099119785684,量能水平,False
SZ301491,37.820004,0.24835595,0.33620359739762723,0.574052812858783,0.8677765021048603,0.6842709529276694,量能动量,False
SZ301498,41.4,1.5437288,0.8153463451970915,0.9693838499808649,0.9265212399540758,0.8731343283582089,量能水平;量能波动;量能动量;量能比,False
SZ301499,26.079998,0.3731237,0.32185227707615766,0.7998469192499044,0.9498660543436663,0.9464217374665136,量能动量;量能比,False
SZ301500,29.100002,4.1305785,0.9171450440107156,0.866054343666284,0.39934940681209335,0.3216609261385381,量能水平;量能波动,False
SZ301501,28.0,0.2552747,0.26884806735553,0.3492154611557597,0.4525449674703406,0.24492920015308076,,True
SZ301502,52.950005,0.4721941,0.3413700727133563,0.31247608113279757,0.47837734404898585,0.5981630309988519,,True
SZ301503,22.069998,0.29204416,0.21699196326061998,0.07634902411021814,0.4521622655951014,0.1012246460007654,,True
SZ301505,18.560001,0.664904,0.5926138538078837,0.43666283964791425,0.03884424033677765,0.12610026789131268,,True
SZ301507,13.329999,0.5047892,0.6507845388442404,0.9433601224646001,0.9764638346727899,0.9106391121316495,量能波动;量能动量;量能比,False
SZ301508,24.14,0.2383723,0.28415614236509756,0.1549942594718714,0.4672789896670494,0.27918101798698813,,True
SZ301509,31.25,0.9757845,0.7328740910830464,0.7447378492154612,0.9062380405663988,0.7617680826636051,量能动量,False
SZ301510,28.35,2.173742,0.9544584768465365,0.9014542671259089,0.7520091848450058,0.3813624186758515,量能水平;量能波动,False
SZ301511,111.1,35.632675,0.9904324531190203,0.8895905089934941,0.14408725602755454,0.3742824339839265,量能水平;量能波动,False
SZ301512,31.83,0.3137707,0.3790662074244164,0.17719096823574434,0.5625717566016073,0.4289131266743207,,True
SZ301513,45.43,0.51208663,0.6234213547646383,0.7659778032912361,0.01282051282051282,0.8836586299272866,量能比,False
SZ301515,20.410002,0.23303246,0.29831611174894757,0.5107156525066973,0.5928052047455032,0.6567164179104478,,True
SZ301516,19.730001,2.9107778,0.9334098737083811,0.9131266743207042,0.3989667049368542,0.3534251817833907,量能水平;量能波动,False
SZ301517,38.61,0.8520745,0.6293532338308457,0.8966704936854191,0.9779946421737467,0.899540757749713,量能波动;量能动量;量能比,False
SZ301518,25.7,0.7224674,0.5702257941063911,0.8817451205510907,0.9112131649445082,0.7562189054726368,量能波动;量能动量,False
SZ301519,12.0,0.25469175,0.4446995790279372,0.4561806352851129,0.4234596249521623,0.5258323765786452,,True
SZ301520,82.38,9.047497,0.9711060084194413,0.8044393417527745,0.4450822809031764,0.8719862227324914,量能水平;量能波动;量能比,False
SZ301522,23.550001,0.6979951,0.8302717183314198,0.6938384998086491,0.49387676999617297,0.6921163413700727,量能水平,False
SZ301525,39.6,0.5412637,0.6396861844623039,0.796211251435132,0.11308840413318025,0.8566781477229238,量能比,False
SZ301526,31.0,45.778942,0.9889016456180635,0.9682357443551474,0.11442786069651742,0.7389973210868733,量能水平;量能波动,False
SZ301528,75.159996,1.3214403,0.7518178339073861,0.7104860313815538,0.006505931879066207,0.8597397627248373,量能比,False
SZ301529,135.34,3.8988876,0.6965174129353234,0.7256027554535017,0.48832759280520477,0.8888251052430157,量能比,False
SZ301531,52.84,1.5070938,0.871220818982013,0.8987753539992346,0.07309605817068504,0.9234596249521623,量能水平;量能波动;量能比,False
SZ301533,29.18,1.0132284,0.8375430539609644,0.6590126291618829,0.16609261385380789,0.0070799846919249905,量能水平,False
SZ301535,13.86,0.3732139,0.3999234596249522,0.3136241867585151,0.006314580941446613,0.44106391121316496,,True
SZ301536,133.08,16.57473,0.9676616915422885,0.9668962877918101,0.8909299655568312,0.6414083429008802,量能水平;量能波动;量能动量,False
SZ301538,41.23,0.78845936,0.4588595484117872,0.36624569460390355,0.5832376578645235,0.3819364714887103,,True
SZ301539,15.320001,0.31096193,0.4500574052812859,0.12342135476463835,0.12629161882893225,0.16972828166858017,,True
SZ301548,57.51,0.8697884,0.5036356678147723,0.7102946804439342,0.9104477611940298,0.6769996172981247,量能动量,False
SZ301550,95.33,8.83442,0.7470340604668962,0.6873325679295829,0.6259089169536931,0.74531190202832,,True
SZ301551,23.28,1.825033,0.8869115958668198,0.9686184462303865,0.9739762724837352,0.904707233065442,量能水平;量能波动;量能动量;量能比,False
SZ301552,24.580002,0.40069795,0.3572522005357826,0.022770761576731725,0.5530042097206276,0.006123230003827019,,True
SZ301555,36.79,0.7020066,0.6725985457328741,0.40336777650210487,0.7692307692307693,0.28664370455415233,,True
SZ301556,63.190002,1.71503,0.9012629161882894,0.6859931113662457,0.3421354764638347,0.07921928817451206,量能水平,False
SZ301557,85.15,0.5198614,0.2225411404515882,0.2726750861079219,0.5558744737849215,0.8002296211251435,量能比,False
SZ301558,6.8100004,0.51555175,0.6961347110600842,0.7137389973210869,0.8302717183314198,0.8396479142747799,量能动量;量能比,False
SZ301559,12.809999,0.20164032,0.17508610792192883,0.13930348258706468,0.4357060849598163,0.26616915422885573,,True
SZ301560,24.6,0.5031926,0.5610409491006506,0.3149636433218523,0.4969383849980865,0.36280137772675086,,True
SZ301563,114.45,1.5411192,0.6283964791427478,0.5493685419058554,0.682548794489093,0.7502870264064294,,True
SZ301565,19.9,0.8847638,0.7567929582854956,0.5315729047072331,0.25277458859548413,0.5413318025258324,,True
SZ301566,26.960001,5.656524,0.9657481821660926,0.9783773440489858,0.6000765403750479,0.8790662074244164,量能水平;量能波动;量能比,False
SZ301567,38.239998,0.4577237,0.48143895905089934,0.5118637581324148,0.5359739762724838,0.4464217374665136,,True
SZ301568,74.18,2.114689,0.7784156142365097,0.5225794106391122,0.4446995790279372,0.46919249904324534,,True
SZ301571,75.0,3.320893,0.7393800229621125,0.801377726750861,0.8913126674320704,0.8172598545732874,量能波动;量能动量;量能比,False
SZ301575,26.179998,1.10596,0.8373517030233448,0.898584003061615,0.045732874091083044,0.8970531955606582,量能水平;量能波动;量能比,False
SZ301577,60.21,0.63912046,0.46115575966322236,0.4978951396861845,0.49980864906238043,0.8327592805204745,量能比,False
SZ301578,23.61,0.23476297,0.19441255262150783,0.18120933792575583,0.13968618446230385,0.27229238423268276,,True
SZ301580,56.370003,3.2118864,0.8222349789513969,0.8520857252200535,0.12361270570225794,0.8419441255262151,量能水平;量能波动;量能比,False
SZ301581,37.43,0.22345628,0.24952162265595101,0.5916570991197857,0.9318790662074244,0.9433601224646001,量能动量;量能比,False
SZ301584,20.13,0.32482907,0.35916570991197855,0.5631458094144661,0.8442403367776502,0.7378492154611558,量能动量,False
SZ301585,28.69,0.24873985,0.3034825870646766,0.331611174894757,0.358974358974359,0.42058936088786836,,True
SZ301586,29.85,0.3525322,0.4464217374665136,0.22713356295445847,0.2600459242250287,0.14293915040183697,,True
SZ301587,21.449999,0.42414045,0.4601990049751244,0.28415614236509756,0.3999234596249522,0.6098354381936472,,True
SZ301588,27.79,0.799734,0.5857252200535783,0.2671259089169537,0.8195560658247225,0.25487944890929964,量能动量,False
SZ301589,158.79,1.1245954,0.717948717948718,0.5765403750478377,0.6458094144661309,0.9425947187141217,量能比,False
SZ301590,69.25,0.5755362,0.5177956371986223,0.4443168771526981,0.30252583237657865,0.23038652889399158,,True
SZ301591,44.9,7.0823884,0.9783773440489858,0.8566781477229238,0.0644852659778033,0.07826253348641408,量能水平;量能波动,False
SZ301592,117.310005,1.3647456,0.8038652889399158,0.8492154611557596,0.3488327592805205,0.8649062380405664,量能水平;量能波动;量能比,False
SZ301595,44.809998,0.7935433,0.5767317259854573,0.8027171833141983,0.6211251435132032,0.8151549942594719,量能波动;量能比,False
SZ301596,46.999996,0.6341721,0.28587830080367393,0.2330654420206659,0.7066590126291619,0.4443168771526981,,True
SZ301598,51.199997,0.3850148,0.3777267508610792,0.11729812476081133,0.5553004209720628,0.06046689628779181,,True
SZ301599,33.16,1.0993537,0.7983161117489476,0.8779181017986988,0.0977803291236127,0.7227324913892078,量能波动,False
SZ301600,76.8,0.59067595,0.14810562571756603,0.10868733256792958,0.35572139303482586,0.33256792958285497,,True
SZ301601,16.22,0.3938128,0.6251435132032147,0.9029850746268657,0.9194412552621508,0.8840413318025259,量能波动;量能动量;量能比,False
SZ301602,16.33,0.54698575,0.5954841178721776,0.7298124760811328,0.8228090317642557,0.5792192881745121,量能动量,False
SZ301603,125.05001,2.651451,0.607539226942212,0.18427095292766935,0.5233448143895905,0.2529659395331037,,True
SZ301606,57.149998,3.087342,0.8425181783390738,0.777841561423651,0.7300038270187524,0.5164561806352851,量能水平,False
SZ301607,43.629997,4.208441,0.8635667814772292,0.7208189820130119,0.684462303865289,0.4052812858783008,量能水平,False
SZ301608,49.659996,0.99402857,0.6601607347876005,0.8291236127057022,0.053578262533486416,0.9659395331037122,量能波动;量能比,False
SZ301609,31.949999,0.62533426,0.6538461538461539,0.5507079984691925,0.09529276693455797,0.5065059318790662,,True
SZ301611,96.689995,6.9990497,0.8633754305396096,0.8256792958285496,0.2158438576349024,0.8128587830080367,量能水平;量能波动;量能比,False
SZ301613,35.7,0.25991216,0.3515116724071948,0.650019135093762,0.886337543053961,0.715078453884424,量能动量,False
SZ301616,35.320004,0.21142614,0.15652506697282817,0.2024492920015308,0.24416379640260238,0.3601224646000765,,True
SZ301617,52.73,0.8864748,0.49215461155759666,0.34902411021814006,0.19039418293149638,0.7156525066972829,,True
SZ301618,31.27,0.30692077,0.7728664370455415,0.6733639494833524,0.42747799464217373,0.5277458859548412,,True
SZ301622,37.86,0.48517892,0.6515499425947188,0.41427477994642176,0.3111366245694604,0.4552238805970149,,True
SZ301626,331.99,6.9014206,0.8637581324148488,0.5449674703406047,0.7430156907768848,0.884424033677765,量能水平;量能比,False
SZ301628,119.86,4.6237726,0.9552238805970149,0.9073861461921163,0.31955606582472257,0.7168006123230004,量能水平;量能波动,False
SZ301629,282.3,3.8077543,0.7967853042479908,0.6433218522770762,0.4686184462303865,0.3090317642556448,,True
SZ301630,202.07,4.4322596,0.8842326827401454,0.8166858017604286,0.07233065442020666,0.33926521239954077,量能水平;量能波动,False
SZ301631,63.1,1.768092,0.8727516264829698,0.7770761576731726,0.36701109835438195,0.18446230386528895,量能水平,False
SZ301632,13.35,0.5197086,0.6609261385380788,0.8746651358591657,0.9091083046306927,0.7430156907768848,量能波动;量能动量,False
SZ301633,60.170002,1.1146256,0.8419441255262151,0.8886337543053962,0.7189054726368159,0.5639112131649445,量能水平;量能波动,False
SZ301636,42.070004,0.46730688,0.47493302717183317,0.81132797550708,0.9527363184079602,0.7964026023727516,量能波动;量能动量,False
SZ301638,21.81,1.5679666,0.662265595101416,0.5598928434749331,0.7409108304630693,0.6205510907003444,,True
SZ301656,14.5,0.5454604,0.6180635285112897,0.7045541523153463,0.40642939150401836,0.5499425947187141,,True
SZ301658,22.58,0.707308,0.6479142747799465,0.6341370072713356,0.3756218905472637,0.3312284730195178,,True
SZ301662,66.979996,3.0739193,0.801377726750861,0.8775353999234596,0.001148105625717566,0.4242250287026406,量能水平;量能波动,False
SZ301665,22.45,0.576135,0.5520474550325296,0.11423650975889782,0.22598545732874092,0.04133180252583238,,True
SZ301666,401.0,12.095441,0.972636815920398,0.9670876387294298,0.7753539992345962,0.7411021814006888,量能水平;量能波动,False
SZ301667,58.13,0.82991546,0.7300038270187524,0.756601607347876,0.35686949866054346,0.5223880597014925,,True
SZ301668,32.4,0.41512263,0.4605817068503636,0.5767317259854573,0.5133945656333716,0.4565633371603521,,True
SZ301669,26.220001,1.1485418,0.8124760811327976,0.9114045158821278,0.34328358208955223,0.8249138920780712,量能水平;量能波动;量能比,False
SZ301678,51.8,1.4784921,0.6544202066590127,0.9163796402602373,0.9913892078071183,0.9917719096823574,量能波动;量能动量;量能比,False
SZ301680,105.34001,1.4202548,0.7587064676616916,0.812284730195178,0.08649062380405664,0.6406429391504018,量能波动,False
SZ301682,115.78001,1.9367924,0.812284730195178,0.895331037122082,0.6479142747799465,0.9225028702640643,量能水平;量能波动;量能比,False
SZ301683,99.630005,0.54016155,0.4362801377726751,0.5723306544202067,0.5505166475315729,0.7759280520474551,,True
SZ301687,54.12,1.7752692,0.8394565633371603,0.8197474167623421,0.45445847684653656,0.7014925373134329,量能水平;量能波动,False
SZ301696,94.600006,1.3839693,0.6680061232300039,0.6553769613471107,0.4954075774971297,0.7367011098354382,,True
SZ302132,59.95,6.206256,0.6130884041331802,0.37122081898201303,0.32625334864140837,0.07175660160734787,,True
